dim1,dim2,true_label,operational_label
1.009987735748291016e+01,8.484616088867187500e+01,0.000000000000000000e+00,0.000000000000000000e+00
1.148726749420166016e+01,8.642391967773437500e+01,0.000000000000000000e+00,0.000000000000000000e+00
7.511065959930419922e+00,8.313698577880859375e+01,0.000000000000000000e+00,0.000000000000000000e+00
9.517455101013183594e+00,8.444854736328125000e+01,0.000000000000000000e+00,0.000000000000000000e+00
-3.437881708145141602e+00,7.863060760498046875e+01,0.000000000000000000e+00,0.000000000000000000e+00
1.136192417144775391e+01,8.576181793212890625e+01,0.000000000000000000e+00,0.000000000000000000e+00
-5.408541202545166016e+00,7.848783874511718750e+01,0.000000000000000000e+00,0.000000000000000000e+00
-1.676890373229980469e+01,8.217577362060546875e+01,0.000000000000000000e+00,0.000000000000000000e+00
-1.335481739044189453e+01,8.059274291992187500e+01,0.000000000000000000e+00,0.000000000000000000e+00
9.283930659294128418e-01,7.974669647216796875e+01,0.000000000000000000e+00,0.000000000000000000e+00
1.116529178619384766e+01,8.559189605712890625e+01,0.000000000000000000e+00,0.000000000000000000e+00
4.994895935058593750e+00,8.164125061035156250e+01,0.000000000000000000e+00,0.000000000000000000e+00
1.018480682373046875e+01,8.490307617187500000e+01,0.000000000000000000e+00,0.000000000000000000e+00
1.023111462593078613e+00,7.977742004394531250e+01,0.000000000000000000e+00,0.000000000000000000e+00
-5.938802719116210938e+00,7.854065704345703125e+01,0.000000000000000000e+00,0.000000000000000000e+00
6.660426139831542969e+00,8.260765838623046875e+01,0.000000000000000000e+00,0.000000000000000000e+00
-1.700855064392089844e+01,8.216470336914062500e+01,0.000000000000000000e+00,0.000000000000000000e+00
-1.392639827728271484e+01,8.082282257080078125e+01,0.000000000000000000e+00,0.000000000000000000e+00
-1.669140243530273438e+01,8.200468444824218750e+01,0.000000000000000000e+00,0.000000000000000000e+00
-1.580601406097412109e+01,8.162979888916015625e+01,0.000000000000000000e+00,0.000000000000000000e+00
6.916923046112060547e+00,8.276508331298828125e+01,0.000000000000000000e+00,0.000000000000000000e+00
-1.278658580780029297e+01,8.037349700927734375e+01,0.000000000000000000e+00,0.000000000000000000e+00
-5.574604034423828125e+00,7.849648284912109375e+01,0.000000000000000000e+00,0.000000000000000000e+00
6.893770217895507812e+00,8.275148773193359375e+01,0.000000000000000000e+00,0.000000000000000000e+00
8.540296554565429688e-01,7.972232055664062500e+01,0.000000000000000000e+00,0.000000000000000000e+00
-1.374114704132080078e+01,8.074668121337890625e+01,0.000000000000000000e+00,0.000000000000000000e+00
-9.628701210021972656e+00,7.930677032470703125e+01,0.000000000000000000e+00,0.000000000000000000e+00
-7.258656501770019531e+00,7.877487182617187500e+01,0.000000000000000000e+00,0.000000000000000000e+00
-1.034501075744628906e+01,7.952294158935546875e+01,0.000000000000000000e+00,0.000000000000000000e+00
-1.294334030151367188e+01,8.043476867675781250e+01,0.000000000000000000e+00,0.000000000000000000e+00
9.806777954101562500e+00,8.463873291015625000e+01,0.000000000000000000e+00,0.000000000000000000e+00
7.273405551910400391e+00,8.298590850830078125e+01,0.000000000000000000e+00,0.000000000000000000e+00
-1.489434242248535156e+01,8.122505950927734375e+01,0.000000000000000000e+00,0.000000000000000000e+00
2.088957309722900391e+00,8.019046783447265625e+01,0.000000000000000000e+00,0.000000000000000000e+00
-1.687766456604003906e+01,8.200864410400390625e+01,0.000000000000000000e+00,0.000000000000000000e+00
1.190785408020019531e+01,8.603680419921875000e+01,0.000000000000000000e+00,0.000000000000000000e+00
1.004757881164550781e+01,8.480698394775390625e+01,0.000000000000000000e+00,0.000000000000000000e+00
-3.520294904708862305e+00,7.861562347412109375e+01,0.000000000000000000e+00,0.000000000000000000e+00
6.717279434204101562e+00,8.264464569091796875e+01,0.000000000000000000e+00,0.000000000000000000e+00
-9.089550971984863281e+00,7.916082763671875000e+01,0.000000000000000000e+00,0.000000000000000000e+00
-8.553570747375488281e+00,7.903234863281250000e+01,0.000000000000000000e+00,0.000000000000000000e+00
4.392138481140136719e+00,8.131486511230468750e+01,0.000000000000000000e+00,0.000000000000000000e+00
1.119130611419677734e+01,8.560806274414062500e+01,0.000000000000000000e+00,0.000000000000000000e+00
-1.268662738800048828e+01,8.033589935302734375e+01,0.000000000000000000e+00,0.000000000000000000e+00
-1.094682502746582031e+01,7.971244812011718750e+01,0.000000000000000000e+00,0.000000000000000000e+00
-5.999546527862548828e+00,7.854939270019531250e+01,0.000000000000000000e+00,0.000000000000000000e+00
-1.422374916076660156e+01,8.095057678222656250e+01,0.000000000000000000e+00,0.000000000000000000e+00
-1.135306453704833984e+01,7.984842681884765625e+01,0.000000000000000000e+00,0.000000000000000000e+00
1.150904273986816406e+01,8.574051666259765625e+01,0.000000000000000000e+00,0.000000000000000000e+00
-1.222545909881591797e+01,8.016296386718750000e+01,0.000000000000000000e+00,0.000000000000000000e+00
-1.703460121154785156e+01,8.218048095703125000e+01,0.000000000000000000e+00,0.000000000000000000e+00
-1.682158851623535156e+01,8.195224761962890625e+01,0.000000000000000000e+00,0.000000000000000000e+00
-8.232615470886230469e+00,7.896457672119140625e+01,0.000000000000000000e+00,0.000000000000000000e+00
4.237158775329589844e+00,8.122992706298828125e+01,0.000000000000000000e+00,0.000000000000000000e+00
-1.163118457794189453e+01,7.994583129882812500e+01,0.000000000000000000e+00,0.000000000000000000e+00
7.055186748504638672e+00,8.284938812255859375e+01,0.000000000000000000e+00,0.000000000000000000e+00
-9.088521003723144531e+00,7.916049194335937500e+01,0.000000000000000000e+00,0.000000000000000000e+00
1.751665830612182617e+00,8.004972076416015625e+01,0.000000000000000000e+00,0.000000000000000000e+00
1.025574684143066406e+01,8.494866180419921875e+01,0.000000000000000000e+00,0.000000000000000000e+00
1.159295749664306641e+01,8.575553894042968750e+01,0.000000000000000000e+00,0.000000000000000000e+00
1.076095581054687500e+00,7.979724884033203125e+01,0.000000000000000000e+00,0.000000000000000000e+00
-6.238902091979980469e+00,7.858665466308593750e+01,0.000000000000000000e+00,0.000000000000000000e+00
2.952420711517333984e+00,8.058806610107421875e+01,0.000000000000000000e+00,0.000000000000000000e+00
5.829678177833557129e-01,7.963555145263671875e+01,0.000000000000000000e+00,0.000000000000000000e+00
-8.773976325988769531e+00,7.908279418945312500e+01,0.000000000000000000e+00,0.000000000000000000e+00
1.118367004394531250e+01,8.559493255615234375e+01,0.000000000000000000e+00,0.000000000000000000e+00
9.880894660949707031e+00,8.469361114501953125e+01,0.000000000000000000e+00,0.000000000000000000e+00
-3.932322740554809570e+00,7.854772186279296875e+01,0.000000000000000000e+00,0.000000000000000000e+00
-1.682897567749023438e+01,8.196267700195312500e+01,0.000000000000000000e+00,0.000000000000000000e+00
7.379113197326660156e+00,8.305218505859375000e+01,0.000000000000000000e+00,0.000000000000000000e+00
-1.700652503967285156e+01,8.219242858886718750e+01,0.000000000000000000e+00,0.000000000000000000e+00
-1.592667198181152344e+01,8.167897033691406250e+01,0.000000000000000000e+00,0.000000000000000000e+00
1.264971345663070679e-01,7.950736999511718750e+01,0.000000000000000000e+00,0.000000000000000000e+00
-5.433007240295410156e+00,7.848939514160156250e+01,0.000000000000000000e+00,0.000000000000000000e+00
5.906946182250976562e+00,8.216130065917968750e+01,0.000000000000000000e+00,0.000000000000000000e+00
1.109602546691894531e+01,8.554423522949218750e+01,0.000000000000000000e+00,0.000000000000000000e+00
4.311770439147949219e+00,8.127437591552734375e+01,0.000000000000000000e+00,0.000000000000000000e+00
8.212830543518066406e+00,8.358896636962890625e+01,0.000000000000000000e+00,0.000000000000000000e+00
-1.116809844970703125e+01,7.978545379638671875e+01,0.000000000000000000e+00,0.000000000000000000e+00
-1.165487098693847656e+01,7.995665740966796875e+01,0.000000000000000000e+00,0.000000000000000000e+00
7.967990398406982422e+00,8.342934417724609375e+01,0.000000000000000000e+00,0.000000000000000000e+00
-4.413502693176269531e+00,7.849568176269531250e+01,0.000000000000000000e+00,0.000000000000000000e+00
1.157801342010498047e+01,8.587158966064453125e+01,0.000000000000000000e+00,0.000000000000000000e+00
5.670022010803222656e+00,8.202714538574218750e+01,0.000000000000000000e+00,0.000000000000000000e+00
-1.670427322387695312e+01,8.214466094970703125e+01,0.000000000000000000e+00,0.000000000000000000e+00
-4.208950996398925781e+00,7.851560211181640625e+01,0.000000000000000000e+00,0.000000000000000000e+00
-1.391993045806884766e+01,8.082014465332031250e+01,0.000000000000000000e+00,0.000000000000000000e+00
2.679972410202026367e+00,8.045884704589843750e+01,0.000000000000000000e+00,0.000000000000000000e+00
-1.075075721740722656e+01,7.964885711669921875e+01,0.000000000000000000e+00,0.000000000000000000e+00
-6.230383396148681641e+00,7.858499908447265625e+01,0.000000000000000000e+00,0.000000000000000000e+00
-9.174698829650878906e+00,7.918265533447265625e+01,0.000000000000000000e+00,0.000000000000000000e+00
2.322351932525634766e+00,8.029257965087890625e+01,0.000000000000000000e+00,0.000000000000000000e+00
3.500661849975585938e+00,8.085638427734375000e+01,0.000000000000000000e+00,0.000000000000000000e+00
-6.211286544799804688e+00,7.858181762695312500e+01,0.000000000000000000e+00,0.000000000000000000e+00
1.190712928771972656e+01,8.602606201171875000e+01,0.000000000000000000e+00,0.000000000000000000e+00
-9.093332290649414062e+00,7.916176605224609375e+01,0.000000000000000000e+00,0.000000000000000000e+00
-5.078900337219238281e+00,7.847306060791015625e+01,0.000000000000000000e+00,0.000000000000000000e+00
1.140853881835937500e+01,8.578020477294921875e+01,0.000000000000000000e+00,0.000000000000000000e+00
-1.666923332214355469e+01,8.201169586181640625e+01,0.000000000000000000e+00,0.000000000000000000e+00
9.509610176086425781e+00,8.444323730468750000e+01,0.000000000000000000e+00,0.000000000000000000e+00
5.364252567291259766e+00,8.184613800048828125e+01,0.000000000000000000e+00,0.000000000000000000e+00
-1.483126926422119141e+01,8.120160675048828125e+01,0.000000000000000000e+00,0.000000000000000000e+00
-5.285138130187988281e+00,7.848001861572265625e+01,0.000000000000000000e+00,0.000000000000000000e+00
1.995115160942077637e+00,8.014994049072265625e+01,0.000000000000000000e+00,0.000000000000000000e+00
3.059100151062011719e+00,8.064558410644531250e+01,0.000000000000000000e+00,0.000000000000000000e+00
-1.102951431274414062e+01,7.973986816406250000e+01,0.000000000000000000e+00,0.000000000000000000e+00
-1.123349475860595703e+01,7.980759429931640625e+01,0.000000000000000000e+00,0.000000000000000000e+00
4.923384666442871094e+00,8.160236358642578125e+01,0.000000000000000000e+00,0.000000000000000000e+00
1.020458698272705078e+01,8.491812896728515625e+01,0.000000000000000000e+00,0.000000000000000000e+00
-1.344792366027832031e+01,8.062972259521484375e+01,0.000000000000000000e+00,0.000000000000000000e+00
8.623373985290527344e+00,8.385575866699218750e+01,0.000000000000000000e+00,0.000000000000000000e+00
-5.755772590637207031e+00,7.851599884033203125e+01,0.000000000000000000e+00,0.000000000000000000e+00
1.014946842193603516e+01,8.487816619873046875e+01,0.000000000000000000e+00,0.000000000000000000e+00
-1.411295700073242188e+01,8.090359497070312500e+01,0.000000000000000000e+00,0.000000000000000000e+00
-1.702287483215332031e+01,8.217958068847656250e+01,0.000000000000000000e+00,0.000000000000000000e+00
-5.236269950866699219e+00,7.847681427001953125e+01,0.000000000000000000e+00,0.000000000000000000e+00
-9.717459678649902344e+00,7.933370208740234375e+01,0.000000000000000000e+00,0.000000000000000000e+00
-9.060783386230468750e+00,7.915263366699218750e+01,0.000000000000000000e+00,0.000000000000000000e+00
-1.416228866577148438e+01,8.092096710205078125e+01,0.000000000000000000e+00,0.000000000000000000e+00
1.080966663360595703e+01,8.533694458007812500e+01,0.000000000000000000e+00,0.000000000000000000e+00
-4.759306430816650391e+00,7.847759246826171875e+01,0.000000000000000000e+00,0.000000000000000000e+00
-1.566115379333496094e+01,8.155954742431640625e+01,0.000000000000000000e+00,0.000000000000000000e+00
1.550819516181945801e+00,7.996952819824218750e+01,0.000000000000000000e+00,0.000000000000000000e+00
-4.591747760772705078e+00,7.848393249511718750e+01,0.000000000000000000e+00,0.000000000000000000e+00
-1.124448680877685547e+01,7.981133270263671875e+01,0.000000000000000000e+00,0.000000000000000000e+00
6.148477077484130859e+00,8.230430603027343750e+01,0.000000000000000000e+00,0.000000000000000000e+00
9.201519966125488281e+00,8.423741149902343750e+01,0.000000000000000000e+00,0.000000000000000000e+00
2.524420022964477539e+00,8.038260650634765625e+01,0.000000000000000000e+00,0.000000000000000000e+00
1.143873882293701172e+01,8.590073394775390625e+01,0.000000000000000000e+00,0.000000000000000000e+00
1.174465370178222656e+01,8.593474578857421875e+01,0.000000000000000000e+00,0.000000000000000000e+00
-1.654395866394042969e+01,8.194987487792968750e+01,0.000000000000000000e+00,0.000000000000000000e+00
1.168937397003173828e+01,8.590784454345703125e+01,0.000000000000000000e+00,0.000000000000000000e+00
4.395309925079345703e+00,8.131875610351562500e+01,0.000000000000000000e+00,0.000000000000000000e+00
6.410327434539794922e+00,8.246108245849609375e+01,0.000000000000000000e+00,0.000000000000000000e+00
1.705750346183776855e+00,8.002992248535156250e+01,0.000000000000000000e+00,0.000000000000000000e+00
8.631013870239257812e+00,8.386038970947265625e+01,0.000000000000000000e+00,0.000000000000000000e+00
-5.555617809295654297e+00,7.849435424804687500e+01,0.000000000000000000e+00,0.000000000000000000e+00
2.595269441604614258e+00,8.041542053222656250e+01,0.000000000000000000e+00,0.000000000000000000e+00
-1.554638385772705078e+01,8.150794219970703125e+01,0.000000000000000000e+00,0.000000000000000000e+00
8.154004096984863281e+00,8.355020904541015625e+01,0.000000000000000000e+00,0.000000000000000000e+00
-1.642940330505371094e+01,8.188941192626953125e+01,0.000000000000000000e+00,0.000000000000000000e+00
-8.358301162719726562e+00,7.899085235595703125e+01,0.000000000000000000e+00,0.000000000000000000e+00
2.885561704635620117e+00,8.055380249023437500e+01,0.000000000000000000e+00,0.000000000000000000e+00
4.666892051696777344e+00,8.145909118652343750e+01,0.000000000000000000e+00,0.000000000000000000e+00
1.090626335144042969e+01,8.540869140625000000e+01,0.000000000000000000e+00,0.000000000000000000e+00
-1.357649803161621094e+01,8.067958831787109375e+01,0.000000000000000000e+00,0.000000000000000000e+00
6.362910270690917969e+00,8.243240356445312500e+01,0.000000000000000000e+00,0.000000000000000000e+00
-4.111574649810791016e+00,7.852416992187500000e+01,0.000000000000000000e+00,0.000000000000000000e+00
-1.449441909790039062e+01,8.106235504150390625e+01,0.000000000000000000e+00,0.000000000000000000e+00
2.942477226257324219e+00,8.058329772949218750e+01,0.000000000000000000e+00,0.000000000000000000e+00
-1.073042011260986328e+01,7.964092254638671875e+01,0.000000000000000000e+00,0.000000000000000000e+00
-5.773926734924316406e+00,7.851824951171875000e+01,0.000000000000000000e+00,0.000000000000000000e+00
1.183607578277587891e+01,8.598341369628906250e+01,0.000000000000000000e+00,0.000000000000000000e+00
-1.594132900238037109e+01,8.168686676025390625e+01,0.000000000000000000e+00,0.000000000000000000e+00
-1.345882987976074219e+01,8.063513946533203125e+01,0.000000000000000000e+00,0.000000000000000000e+00
9.412922859191894531e-01,7.975099945068359375e+01,0.000000000000000000e+00,0.000000000000000000e+00
5.349324703216552734e+00,8.183908843994140625e+01,0.000000000000000000e+00,0.000000000000000000e+00
-1.647608184814453125e+01,8.192525482177734375e+01,0.000000000000000000e+00,0.000000000000000000e+00
-1.518818664550781250e+01,8.135415649414062500e+01,0.000000000000000000e+00,0.000000000000000000e+00
-8.032974243164062500e+00,7.892427825927734375e+01,0.000000000000000000e+00,0.000000000000000000e+00
4.435197830200195312e+00,8.133885955810546875e+01,0.000000000000000000e+00,0.000000000000000000e+00
-1.677556800842285156e+01,8.217272186279296875e+01,0.000000000000000000e+00,0.000000000000000000e+00
7.958767414093017578e+00,8.342297363281250000e+01,0.000000000000000000e+00,0.000000000000000000e+00
1.357778787612915039e+00,7.989694213867187500e+01,0.000000000000000000e+00,0.000000000000000000e+00
1.939253926277160645e+00,8.012374114990234375e+01,0.000000000000000000e+00,0.000000000000000000e+00
9.526865005493164062e+00,8.445623016357421875e+01,0.000000000000000000e+00,0.000000000000000000e+00
1.791796565055847168e+00,8.006601715087890625e+01,0.000000000000000000e+00,0.000000000000000000e+00
1.077558612823486328e+01,8.531194305419921875e+01,0.000000000000000000e+00,0.000000000000000000e+00
-1.569290542602539062e+01,8.158090209960937500e+01,0.000000000000000000e+00,0.000000000000000000e+00
3.445251464843750000e+00,8.082852935791015625e+01,0.000000000000000000e+00,0.000000000000000000e+00
-9.390784263610839844e+00,7.923963928222656250e+01,0.000000000000000000e+00,0.000000000000000000e+00
-2.742435216903686523e+00,7.877742004394531250e+01,0.000000000000000000e+00,0.000000000000000000e+00
4.945835113525390625e+00,8.161589050292968750e+01,0.000000000000000000e+00,0.000000000000000000e+00
-1.591741466522216797e+01,8.167466735839843750e+01,0.000000000000000000e+00,0.000000000000000000e+00
-6.022326469421386719e+00,7.855266571044921875e+01,0.000000000000000000e+00,0.000000000000000000e+00
1.967185258865356445e+00,8.013813018798828125e+01,0.000000000000000000e+00,0.000000000000000000e+00
4.242877960205078125e+00,8.123271942138671875e+01,0.000000000000000000e+00,0.000000000000000000e+00
-1.499427986145019531e+01,8.127341461181640625e+01,0.000000000000000000e+00,0.000000000000000000e+00
1.153252220153808594e+01,8.577120208740234375e+01,0.000000000000000000e+00,0.000000000000000000e+00
-4.485910892486572266e+00,7.849053192138671875e+01,0.000000000000000000e+00,0.000000000000000000e+00
2.628150463104248047e+00,8.043145751953125000e+01,0.000000000000000000e+00,0.000000000000000000e+00
-2.817485809326171875e+00,7.876003265380859375e+01,0.000000000000000000e+00,0.000000000000000000e+00
5.068572521209716797e+00,8.168188476562500000e+01,0.000000000000000000e+00,0.000000000000000000e+00
-3.900097131729125977e+00,7.855259704589843750e+01,0.000000000000000000e+00,0.000000000000000000e+00
-5.723397254943847656e+00,7.851203155517578125e+01,0.000000000000000000e+00,0.000000000000000000e+00
-1.289776039123535156e+01,8.041770172119140625e+01,0.000000000000000000e+00,0.000000000000000000e+00
1.137968444824218750e+01,8.567549133300781250e+01,0.000000000000000000e+00,0.000000000000000000e+00
-3.753124713897705078e+00,7.857561492919921875e+01,0.000000000000000000e+00,0.000000000000000000e+00
-8.448501586914062500e+00,7.901005554199218750e+01,0.000000000000000000e+00,0.000000000000000000e+00
-1.292129993438720703e+01,8.042633819580078125e+01,0.000000000000000000e+00,0.000000000000000000e+00
-4.872188091278076172e+00,7.847457122802734375e+01,0.000000000000000000e+00,0.000000000000000000e+00
-1.768047928810119629e+00,7.901779937744140625e+01,0.000000000000000000e+00,0.000000000000000000e+00
1.171812438964843750e+01,8.592955017089843750e+01,0.000000000000000000e+00,0.000000000000000000e+00
-1.326737594604492188e+01,8.055815124511718750e+01,0.000000000000000000e+00,0.000000000000000000e+00
-4.902674674987792969e+00,7.847402954101562500e+01,0.000000000000000000e+00,0.000000000000000000e+00
-9.765040397644042969e+00,7.934999084472656250e+01,0.000000000000000000e+00,0.000000000000000000e+00
-9.349106788635253906e+00,7.922982025146484375e+01,0.000000000000000000e+00,0.000000000000000000e+00
-1.405405521392822266e+01,8.087459564208984375e+01,0.000000000000000000e+00,0.000000000000000000e+00
-1.654793930053710938e+01,8.196028137207031250e+01,0.000000000000000000e+00,0.000000000000000000e+00
-5.238371372222900391e+00,7.847692108154296875e+01,0.000000000000000000e+00,0.000000000000000000e+00
4.852123260498046875e+00,8.156290435791015625e+01,0.000000000000000000e+00,0.000000000000000000e+00
6.799812316894531250e-01,7.966708374023437500e+01,0.000000000000000000e+00,0.000000000000000000e+00
2.544753313064575195e+00,8.039527893066406250e+01,0.000000000000000000e+00,0.000000000000000000e+00
7.517849922180175781e+00,8.313915252685546875e+01,0.000000000000000000e+00,0.000000000000000000e+00
-1.145348167419433594e+01,7.988047790527343750e+01,0.000000000000000000e+00,0.000000000000000000e+00
1.009601593017578125e+01,8.483887481689453125e+01,0.000000000000000000e+00,0.000000000000000000e+00
6.883485794067382812e+00,8.274504089355468750e+01,0.000000000000000000e+00,0.000000000000000000e+00
-1.702185058593750000e+01,8.217893981933593750e+01,0.000000000000000000e+00,0.000000000000000000e+00
5.546513557434082031e+00,8.195734405517578125e+01,0.000000000000000000e+00,0.000000000000000000e+00
9.211640357971191406e+00,8.424245452880859375e+01,0.000000000000000000e+00,0.000000000000000000e+00
8.140659332275390625e+01,1.115093326568603516e+01,1.000000000000000000e+00,1.000000000000000000e+00
8.101343536376953125e+01,7.232292175292968750e+00,1.000000000000000000e+00,1.000000000000000000e+00
8.491899871826171875e+01,-4.907739162445068359e+00,1.000000000000000000e+00,1.000000000000000000e+00
8.597024536132812500e+01,-6.827258586883544922e+00,1.000000000000000000e+00,1.000000000000000000e+00
8.313153076171875000e+01,1.930977249145507812e+01,1.000000000000000000e+00,1.000000000000000000e+00
8.110871124267578125e+01,8.548424720764160156e+00,1.000000000000000000e+00,1.000000000000000000e+00
8.176603698730468750e+01,1.301079463958740234e+01,1.000000000000000000e+00,1.000000000000000000e+00
8.168112182617187500e+01,1.260851097106933594e+01,1.000000000000000000e+00,1.000000000000000000e+00
8.187630462646484375e+01,2.290894985198974609e+00,1.000000000000000000e+00,1.000000000000000000e+00
8.227324676513671875e+01,8.364502191543579102e-01,1.000000000000000000e+00,1.000000000000000000e+00
8.378074645996093750e+01,-2.637182235717773438e+00,1.000000000000000000e+00,1.000000000000000000e+00
8.143738555908203125e+01,4.292555332183837891e+00,1.000000000000000000e+00,1.000000000000000000e+00
8.627568054199218750e+01,-7.367058277130126953e+00,1.000000000000000000e+00,1.000000000000000000e+00
8.719133758544921875e+01,-9.382206916809082031e+00,1.000000000000000000e+00,1.000000000000000000e+00
8.120517730712890625e+01,9.693006515502929688e+00,1.000000000000000000e+00,1.000000000000000000e+00
8.306126403808593750e+01,1.918471908569335938e+01,1.000000000000000000e+00,1.000000000000000000e+00
8.233809661865234375e+01,1.550462150573730469e+01,1.000000000000000000e+00,1.000000000000000000e+00
8.165281677246093750e+01,3.261357545852661133e+00,1.000000000000000000e+00,1.000000000000000000e+00
8.700138092041015625e+01,-8.701240539550781250e+00,1.000000000000000000e+00,1.000000000000000000e+00
8.162419891357421875e+01,1.230636405944824219e+01,1.000000000000000000e+00,1.000000000000000000e+00
8.248008728027343750e+01,2.731833159923553467e-01,1.000000000000000000e+00,1.000000000000000000e+00
8.743682861328125000e+01,-9.449918746948242188e+00,1.000000000000000000e+00,1.000000000000000000e+00
8.529163360595703125e+01,-5.594290733337402344e+00,1.000000000000000000e+00,1.000000000000000000e+00
8.455813598632812500e+01,-4.214731216430664062e+00,1.000000000000000000e+00,1.000000000000000000e+00
8.319228363037109375e+01,1.934156608581542969e+01,1.000000000000000000e+00,1.000000000000000000e+00
8.231069183349609375e+01,7.398496270179748535e-01,1.000000000000000000e+00,1.000000000000000000e+00
8.107449340820312500e+01,6.861171722412109375e+00,1.000000000000000000e+00,1.000000000000000000e+00
8.318254089355468750e+01,1.875632667541503906e+01,1.000000000000000000e+00,1.000000000000000000e+00
8.340612030029296875e+01,1.937532234191894531e+01,1.000000000000000000e+00,1.000000000000000000e+00
8.180505371093750000e+01,1.319433212280273438e+01,1.000000000000000000e+00,1.000000000000000000e+00
8.312995147705078125e+01,1.930818748474121094e+01,1.000000000000000000e+00,1.000000000000000000e+00
8.246871948242187500e+01,3.086769580841064453e-01,1.000000000000000000e+00,1.000000000000000000e+00
8.745138549804687500e+01,-9.352454185485839844e+00,1.000000000000000000e+00,1.000000000000000000e+00
8.684980773925781250e+01,-8.409298896789550781e+00,1.000000000000000000e+00,1.000000000000000000e+00
8.714162445068359375e+01,-8.971535682678222656e+00,1.000000000000000000e+00,1.000000000000000000e+00
8.334963226318359375e+01,1.940676116943359375e+01,1.000000000000000000e+00,1.000000000000000000e+00
8.117099761962890625e+01,5.837086677551269531e+00,1.000000000000000000e+00,1.000000000000000000e+00
8.112890625000000000e+01,6.159781932830810547e+00,1.000000000000000000e+00,1.000000000000000000e+00
8.114389801025390625e+01,6.031400203704833984e+00,1.000000000000000000e+00,1.000000000000000000e+00
8.708539581298828125e+01,-8.872759819030761719e+00,1.000000000000000000e+00,1.000000000000000000e+00
8.245307922363281250e+01,3.516629636287689209e-01,1.000000000000000000e+00,1.000000000000000000e+00
8.658863067626953125e+01,-7.942722797393798828e+00,1.000000000000000000e+00,1.000000000000000000e+00
8.185733795166015625e+01,2.368764162063598633e+00,1.000000000000000000e+00,1.000000000000000000e+00
8.211223602294921875e+01,1.391204476356506348e+00,1.000000000000000000e+00,1.000000000000000000e+00
8.109837341308593750e+01,8.404223442077636719e+00,1.000000000000000000e+00,1.000000000000000000e+00
8.269261932373046875e+01,-2.563331723213195801e-01,1.000000000000000000e+00,1.000000000000000000e+00
8.345797729492187500e+01,-1.958096742630004883e+00,1.000000000000000000e+00,1.000000000000000000e+00
8.185993957519531250e+01,1.342295074462890625e+01,1.000000000000000000e+00,1.000000000000000000e+00
8.131695556640625000e+01,1.058963108062744141e+01,1.000000000000000000e+00,1.000000000000000000e+00
8.236752319335937500e+01,5.723540186882019043e-01,1.000000000000000000e+00,1.000000000000000000e+00
8.154684448242187500e+01,3.742233037948608398e+00,1.000000000000000000e+00,1.000000000000000000e+00
8.624665832519531250e+01,-7.316370010375976562e+00,1.000000000000000000e+00,1.000000000000000000e+00
8.166717529296875000e+01,1.253862285614013672e+01,1.000000000000000000e+00,1.000000000000000000e+00
8.239540863037109375e+01,1.574129581451416016e+01,1.000000000000000000e+00,1.000000000000000000e+00
8.323126220703125000e+01,1.881189727783203125e+01,1.000000000000000000e+00,1.000000000000000000e+00
8.606337738037109375e+01,-7.000992298126220703e+00,1.000000000000000000e+00,1.000000000000000000e+00
8.255116271972656250e+01,1.636172866821289062e+01,1.000000000000000000e+00,1.000000000000000000e+00
8.290135955810546875e+01,1.775329589843750000e+01,1.000000000000000000e+00,1.000000000000000000e+00
8.200988006591796875e+01,1.410006999969482422e+01,1.000000000000000000e+00,1.000000000000000000e+00
8.106778717041015625e+01,7.229826927185058594e+00,1.000000000000000000e+00,1.000000000000000000e+00
8.321102142333984375e+01,1.880190849304199219e+01,1.000000000000000000e+00,1.000000000000000000e+00
8.215849304199218750e+01,1.473623561859130859e+01,1.000000000000000000e+00,1.000000000000000000e+00
8.107295227050781250e+01,6.877832889556884766e+00,1.000000000000000000e+00,1.000000000000000000e+00
8.107258605957031250e+01,6.916911602020263672e+00,1.000000000000000000e+00,1.000000000000000000e+00
8.134901428222656250e+01,1.081471347808837891e+01,1.000000000000000000e+00,1.000000000000000000e+00
8.106564331054687500e+01,7.510998725891113281e+00,1.000000000000000000e+00,1.000000000000000000e+00
8.182022094726562500e+01,1.325566959381103516e+01,1.000000000000000000e+00,1.000000000000000000e+00
8.690293121337890625e+01,-8.522463798522949219e+00,1.000000000000000000e+00,1.000000000000000000e+00
8.133933258056640625e+01,1.073380851745605469e+01,1.000000000000000000e+00,1.000000000000000000e+00
8.113649749755859375e+01,6.090175151824951172e+00,1.000000000000000000e+00,1.000000000000000000e+00
8.591004180908203125e+01,-6.715080261230468750e+00,1.000000000000000000e+00,1.000000000000000000e+00
8.738029479980468750e+01,-9.172190666198730469e+00,1.000000000000000000e+00,1.000000000000000000e+00
8.106781768798828125e+01,7.671009063720703125e+00,1.000000000000000000e+00,1.000000000000000000e+00
8.279889678955078125e+01,1.732985305786132812e+01,1.000000000000000000e+00,1.000000000000000000e+00
8.106800079345703125e+01,7.336905956268310547e+00,1.000000000000000000e+00,1.000000000000000000e+00
8.248825836181640625e+01,2.518153488636016846e-01,1.000000000000000000e+00,1.000000000000000000e+00
8.263890075683593750e+01,1.670013618469238281e+01,1.000000000000000000e+00,1.000000000000000000e+00
8.186982727050781250e+01,1.348642826080322266e+01,1.000000000000000000e+00,1.000000000000000000e+00
8.214334106445312500e+01,1.467730522155761719e+01,1.000000000000000000e+00,1.000000000000000000e+00
8.215272521972656250e+01,1.248737573623657227e+00,1.000000000000000000e+00,1.000000000000000000e+00
8.679907989501953125e+01,-8.307703971862792969e+00,1.000000000000000000e+00,1.000000000000000000e+00
8.106808471679687500e+01,7.278371810913085938e+00,1.000000000000000000e+00,1.000000000000000000e+00
8.117857360839843750e+01,5.786150932312011719e+00,1.000000000000000000e+00,1.000000000000000000e+00
8.480596160888671875e+01,-4.693936347961425781e+00,1.000000000000000000e+00,1.000000000000000000e+00
8.318598937988281250e+01,1.876364898681640625e+01,1.000000000000000000e+00,1.000000000000000000e+00
8.301303100585937500e+01,1.815717887878417969e+01,1.000000000000000000e+00,1.000000000000000000e+00
8.109022521972656250e+01,6.541542053222656250e+00,1.000000000000000000e+00,1.000000000000000000e+00
8.363414764404296875e+01,-2.335515499114990234e+00,1.000000000000000000e+00,1.000000000000000000e+00
8.342789459228515625e+01,-1.890671133995056152e+00,1.000000000000000000e+00,1.000000000000000000e+00
8.144509124755859375e+01,4.254914760589599609e+00,1.000000000000000000e+00,1.000000000000000000e+00
8.743090057373046875e+01,-9.195628166198730469e+00,1.000000000000000000e+00,1.000000000000000000e+00
8.319179534912109375e+01,-1.370638847351074219e+00,1.000000000000000000e+00,1.000000000000000000e+00
8.463212585449218750e+01,-4.356704711914062500e+00,1.000000000000000000e+00,1.000000000000000000e+00
8.270587921142578125e+01,1.695868110656738281e+01,1.000000000000000000e+00,1.000000000000000000e+00
8.126713562011718750e+01,1.024196147918701172e+01,1.000000000000000000e+00,1.000000000000000000e+00
8.204203033447265625e+01,1.636987209320068359e+00,1.000000000000000000e+00,1.000000000000000000e+00
8.234584045410156250e+01,6.534548997879028320e-01,1.000000000000000000e+00,1.000000000000000000e+00
8.613066101074218750e+01,-7.109899997711181641e+00,1.000000000000000000e+00,1.000000000000000000e+00
8.672668457031250000e+01,-8.178581237792968750e+00,1.000000000000000000e+00,1.000000000000000000e+00
8.636209869384765625e+01,-7.523730754852294922e+00,1.000000000000000000e+00,1.000000000000000000e+00
8.341796875000000000e+01,1.890846061706542969e+01,1.000000000000000000e+00,1.000000000000000000e+00
8.247275543212890625e+01,2.920788824558258057e-01,1.000000000000000000e+00,1.000000000000000000e+00
8.137844848632812500e+01,1.098794841766357422e+01,1.000000000000000000e+00,1.000000000000000000e+00
8.364688873291015625e+01,-2.362339973449707031e+00,1.000000000000000000e+00,1.000000000000000000e+00
8.316884613037109375e+01,1.880817031860351562e+01,1.000000000000000000e+00,1.000000000000000000e+00
8.305020141601562500e+01,1.912045097351074219e+01,1.000000000000000000e+00,1.000000000000000000e+00
8.270681762695312500e+01,1.696061515808105469e+01,1.000000000000000000e+00,1.000000000000000000e+00
8.157057189941406250e+01,1.202460098266601562e+01,1.000000000000000000e+00,1.000000000000000000e+00
8.138809204101562500e+01,1.104728603363037109e+01,1.000000000000000000e+00,1.000000000000000000e+00
8.213983154296875000e+01,1.467161846160888672e+01,1.000000000000000000e+00,1.000000000000000000e+00
8.115850067138671875e+01,5.925737857818603516e+00,1.000000000000000000e+00,1.000000000000000000e+00
8.295220184326171875e+01,1.788813209533691406e+01,1.000000000000000000e+00,1.000000000000000000e+00
8.574154663085937500e+01,-6.410867214202880859e+00,1.000000000000000000e+00,1.000000000000000000e+00
8.735030364990234375e+01,-9.138504028320312500e+00,1.000000000000000000e+00,1.000000000000000000e+00
8.107035064697265625e+01,7.009030342102050781e+00,1.000000000000000000e+00,1.000000000000000000e+00
8.190215301513671875e+01,1.363186740875244141e+01,1.000000000000000000e+00,1.000000000000000000e+00
8.175380706787109375e+01,1.296478462219238281e+01,1.000000000000000000e+00,1.000000000000000000e+00
8.709179687500000000e+01,-9.057611465454101562e+00,1.000000000000000000e+00,1.000000000000000000e+00
8.716714477539062500e+01,-9.130549430847167969e+00,1.000000000000000000e+00,1.000000000000000000e+00
8.106972503662109375e+01,7.741822719573974609e+00,1.000000000000000000e+00,1.000000000000000000e+00
8.317371368408203125e+01,1.873111915588378906e+01,1.000000000000000000e+00,1.000000000000000000e+00
8.311241912841796875e+01,1.928409576416015625e+01,1.000000000000000000e+00,1.000000000000000000e+00
8.120796203613281250e+01,9.720477104187011719e+00,1.000000000000000000e+00,1.000000000000000000e+00
8.182077026367187500e+01,1.326196098327636719e+01,1.000000000000000000e+00,1.000000000000000000e+00
8.754421997070312500e+01,-9.810608863830566406e+00,1.000000000000000000e+00,1.000000000000000000e+00
8.195727539062500000e+01,1.386659431457519531e+01,1.000000000000000000e+00,1.000000000000000000e+00
8.247610473632812500e+01,2.840676605701446533e-01,1.000000000000000000e+00,1.000000000000000000e+00
8.650998687744140625e+01,-7.786959648132324219e+00,1.000000000000000000e+00,1.000000000000000000e+00
8.209774780273437500e+01,1.452600717544555664e+00,1.000000000000000000e+00,1.000000000000000000e+00
8.108858489990234375e+01,8.217235565185546875e+00,1.000000000000000000e+00,1.000000000000000000e+00
8.252198791503906250e+01,1.624340248107910156e+01,1.000000000000000000e+00,1.000000000000000000e+00
8.155261993408203125e+01,3.718377590179443359e+00,1.000000000000000000e+00,1.000000000000000000e+00
8.684226989746093750e+01,-9.355115890502929688e+00,1.000000000000000000e+00,1.000000000000000000e+00
8.756246948242187500e+01,-9.885921478271484375e+00,1.000000000000000000e+00,1.000000000000000000e+00
8.443845367431640625e+01,-3.976193189620971680e+00,1.000000000000000000e+00,1.000000000000000000e+00
8.276600646972656250e+01,1.720333290100097656e+01,1.000000000000000000e+00,1.000000000000000000e+00
8.710285949707031250e+01,-8.844740867614746094e+00,1.000000000000000000e+00,1.000000000000000000e+00
8.647543334960937500e+01,-7.726622104644775391e+00,1.000000000000000000e+00,1.000000000000000000e+00
8.197108459472656250e+01,1.911810874938964844e+00,1.000000000000000000e+00,1.000000000000000000e+00
8.107183074951171875e+01,6.876664161682128906e+00,1.000000000000000000e+00,1.000000000000000000e+00
8.246972656250000000e+01,3.006593883037567139e-01,1.000000000000000000e+00,1.000000000000000000e+00
8.760635375976562500e+01,-9.982961654663085938e+00,1.000000000000000000e+00,1.000000000000000000e+00
8.227231597900390625e+01,8.376738429069519043e-01,1.000000000000000000e+00,1.000000000000000000e+00
8.274983215332031250e+01,-3.779282271862030029e-01,1.000000000000000000e+00,1.000000000000000000e+00
8.130520629882812500e+01,1.051379776000976562e+01,1.000000000000000000e+00,1.000000000000000000e+00
8.465435028076171875e+01,-4.398341655731201172e+00,1.000000000000000000e+00,1.000000000000000000e+00
8.355520629882812500e+01,-2.168555259704589844e+00,1.000000000000000000e+00,1.000000000000000000e+00
8.744520568847656250e+01,-9.246889114379882812e+00,1.000000000000000000e+00,1.000000000000000000e+00
8.478001403808593750e+01,-4.650515556335449219e+00,1.000000000000000000e+00,1.000000000000000000e+00
8.474367523193359375e+01,-4.575262546539306641e+00,1.000000000000000000e+00,1.000000000000000000e+00
8.400033569335937500e+01,-3.093196392059326172e+00,1.000000000000000000e+00,1.000000000000000000e+00
8.353635406494140625e+01,-2.125630855560302734e+00,1.000000000000000000e+00,1.000000000000000000e+00
8.336733245849609375e+01,1.944968605041503906e+01,1.000000000000000000e+00,1.000000000000000000e+00
8.360046386718750000e+01,-2.264966011047363281e+00,1.000000000000000000e+00,1.000000000000000000e+00
8.308626556396484375e+01,1.837284278869628906e+01,1.000000000000000000e+00,1.000000000000000000e+00
8.387410736083984375e+01,-2.829543590545654297e+00,1.000000000000000000e+00,1.000000000000000000e+00
8.182370758056640625e+01,1.327777099609375000e+01,1.000000000000000000e+00,1.000000000000000000e+00
8.113835144042968750e+01,8.942973136901855469e+00,1.000000000000000000e+00,1.000000000000000000e+00
8.108304595947265625e+01,8.120900154113769531e+00,1.000000000000000000e+00,1.000000000000000000e+00
8.144968414306640625e+01,4.231872081756591797e+00,1.000000000000000000e+00,1.000000000000000000e+00
8.188130950927734375e+01,1.353804397583007812e+01,1.000000000000000000e+00,1.000000000000000000e+00
8.125449371337890625e+01,1.014043140411376953e+01,1.000000000000000000e+00,1.000000000000000000e+00
8.623601531982421875e+01,-7.298914432525634766e+00,1.000000000000000000e+00,1.000000000000000000e+00
8.272962188720703125e+01,1.705601501464843750e+01,1.000000000000000000e+00,1.000000000000000000e+00
8.496491241455078125e+01,-4.993526458740234375e+00,1.000000000000000000e+00,1.000000000000000000e+00
8.212531280517578125e+01,1.459808349609375000e+01,1.000000000000000000e+00,1.000000000000000000e+00
8.184114074707031250e+01,2.436138629913330078e+00,1.000000000000000000e+00,1.000000000000000000e+00
8.121595001220703125e+01,9.796347618103027344e+00,1.000000000000000000e+00,1.000000000000000000e+00
8.112582397460937500e+01,8.785481452941894531e+00,1.000000000000000000e+00,1.000000000000000000e+00
8.349150848388671875e+01,1.926560974121093750e+01,1.000000000000000000e+00,1.000000000000000000e+00
8.235588073730468750e+01,1.557760143280029297e+01,1.000000000000000000e+00,1.000000000000000000e+00
8.466040802001953125e+01,-4.413168430328369141e+00,1.000000000000000000e+00,1.000000000000000000e+00
8.721639251708984375e+01,-9.367753982543945312e+00,1.000000000000000000e+00,1.000000000000000000e+00
8.287871551513671875e+01,1.762957954406738281e+01,1.000000000000000000e+00,1.000000000000000000e+00
8.499938201904296875e+01,-5.057940483093261719e+00,1.000000000000000000e+00,1.000000000000000000e+00
8.113809204101562500e+01,6.079071521759033203e+00,1.000000000000000000e+00,1.000000000000000000e+00
8.216151428222656250e+01,1.233392357826232910e+00,1.000000000000000000e+00,1.000000000000000000e+00
8.736607360839843750e+01,-9.510205268859863281e+00,1.000000000000000000e+00,1.000000000000000000e+00
8.109274291992187500e+01,6.513309478759765625e+00,1.000000000000000000e+00,1.000000000000000000e+00
8.155443572998046875e+01,3.709834575653076172e+00,1.000000000000000000e+00,1.000000000000000000e+00
8.269778442382812500e+01,-2.651988863945007324e-01,1.000000000000000000e+00,1.000000000000000000e+00
8.350862121582031250e+01,1.923609542846679688e+01,1.000000000000000000e+00,1.000000000000000000e+00
8.108563232421875000e+01,6.607648372650146484e+00,1.000000000000000000e+00,1.000000000000000000e+00
8.138751220703125000e+01,1.104337024688720703e+01,1.000000000000000000e+00,1.000000000000000000e+00
8.132196044921875000e+01,4.913361549377441406e+00,1.000000000000000000e+00,1.000000000000000000e+00
8.198520660400390625e+01,1.853011369705200195e+00,1.000000000000000000e+00,1.000000000000000000e+00
8.351134490966796875e+01,1.920786857604980469e+01,1.000000000000000000e+00,1.000000000000000000e+00
8.738879394531250000e+01,-9.592937469482421875e+00,1.000000000000000000e+00,1.000000000000000000e+00
8.127416229248046875e+01,5.186455726623535156e+00,1.000000000000000000e+00,1.000000000000000000e+00
8.237405395507812500e+01,5.582527518272399902e-01,1.000000000000000000e+00,1.000000000000000000e+00
8.671519470214843750e+01,-8.156845092773437500e+00,1.000000000000000000e+00,1.000000000000000000e+00
8.351152038574218750e+01,1.909419250488281250e+01,1.000000000000000000e+00,1.000000000000000000e+00
8.640306091308593750e+01,-7.598080635070800781e+00,1.000000000000000000e+00,1.000000000000000000e+00
8.125511932373046875e+01,1.014574718475341797e+01,1.000000000000000000e+00,1.000000000000000000e+00
8.266719818115234375e+01,1.682143020629882812e+01,1.000000000000000000e+00,1.000000000000000000e+00
8.351220703125000000e+01,1.910007667541503906e+01,1.000000000000000000e+00,1.000000000000000000e+00
8.219386291503906250e+01,1.109258055686950684e+00,1.000000000000000000e+00,1.000000000000000000e+00
8.736539459228515625e+01,-9.184382438659667969e+00,1.000000000000000000e+00,1.000000000000000000e+00
8.481694030761718750e+01,-4.716784000396728516e+00,1.000000000000000000e+00,1.000000000000000000e+00
8.199784851074218750e+01,1.404927253723144531e+01,1.000000000000000000e+00,1.000000000000000000e+00
8.232430267333984375e+01,7.017496228218078613e-01,1.000000000000000000e+00,1.000000000000000000e+00
8.302751922607421875e+01,1.820273017883300781e+01,1.000000000000000000e+00,1.000000000000000000e+00
8.227445983886718750e+01,8.320476412773132324e-01,1.000000000000000000e+00,1.000000000000000000e+00
8.698415374755859375e+01,-8.662106513977050781e+00,1.000000000000000000e+00,1.000000000000000000e+00
8.120231628417968750e+01,5.639194488525390625e+00,1.000000000000000000e+00,1.000000000000000000e+00
8.334485626220703125e+01,-1.709407448768615723e+00,1.000000000000000000e+00,1.000000000000000000e+00
8.129972076416015625e+01,1.047605133056640625e+01,1.000000000000000000e+00,1.000000000000000000e+00
8.153964233398437500e+01,1.186815261840820312e+01,1.000000000000000000e+00,1.000000000000000000e+00
8.286706542968750000e+01,-6.454381942749023438e-01,1.000000000000000000e+00,1.000000000000000000e+00
8.353662109375000000e+01,-2.125316381454467773e+00,1.000000000000000000e+00,1.000000000000000000e+00
-3.347903442382812500e+01,-3.554919433593750000e+01,2.000000000000000000e+00,2.000000000000000000e+00
-3.384387207031250000e+01,-3.523094558715820312e+01,2.000000000000000000e+00,2.000000000000000000e+00
-3.447587966918945312e+01,-3.468674087524414062e+01,2.000000000000000000e+00,2.000000000000000000e+00
-3.916147613525390625e+01,-3.038391113281250000e+01,2.000000000000000000e+00,2.000000000000000000e+00
-4.381240081787109375e+01,-2.554152488708496094e+01,2.000000000000000000e+00,2.000000000000000000e+00
9.501197814941406250e+00,-5.033750534057617188e+01,2.000000000000000000e+00,2.000000000000000000e+00
6.599007606506347656e+00,-5.085606002807617188e+01,2.000000000000000000e+00,2.000000000000000000e+00
-3.803398513793945312e+01,-3.141330146789550781e+01,2.000000000000000000e+00,2.000000000000000000e+00
-4.416677093505859375e+01,-2.548283576965332031e+01,2.000000000000000000e+00,2.000000000000000000e+00
-3.862001037597656250e+01,-3.088023376464843750e+01,2.000000000000000000e+00,2.000000000000000000e+00
1.284867382049560547e+01,-4.957443618774414062e+01,2.000000000000000000e+00,2.000000000000000000e+00
-4.298856735229492188e+01,-2.650637435913085938e+01,2.000000000000000000e+00,2.000000000000000000e+00
-3.795335006713867188e+01,-3.148786354064941406e+01,2.000000000000000000e+00,2.000000000000000000e+00
-4.154444503784179688e+01,-2.810408782958984375e+01,2.000000000000000000e+00,2.000000000000000000e+00
6.035036563873291016e+00,-5.093736648559570312e+01,2.000000000000000000e+00,2.000000000000000000e+00
-3.404642868041992188e+01,-3.507185363769531250e+01,2.000000000000000000e+00,2.000000000000000000e+00
-4.386196136474609375e+01,-2.548782539367675781e+01,2.000000000000000000e+00,2.000000000000000000e+00
-3.679270935058593750e+01,-3.254825592041015625e+01,2.000000000000000000e+00,2.000000000000000000e+00
-3.310552215576171875e+01,-3.584970855712890625e+01,2.000000000000000000e+00,2.000000000000000000e+00
1.041590404510498047e+01,-5.014064788818359375e+01,2.000000000000000000e+00,2.000000000000000000e+00
1.180708408355712891e+01,-4.982015228271484375e+01,2.000000000000000000e+00,2.000000000000000000e+00
-4.394977569580078125e+01,-2.559355926513671875e+01,2.000000000000000000e+00,2.000000000000000000e+00
1.022276401519775391e+01,-5.018407440185546875e+01,2.000000000000000000e+00,2.000000000000000000e+00
-3.972367477416992188e+01,-2.986398124694824219e+01,2.000000000000000000e+00,2.000000000000000000e+00
-4.425056076049804688e+01,-2.532131195068359375e+01,2.000000000000000000e+00,2.000000000000000000e+00
1.160597133636474609e+01,-4.986766052246093750e+01,2.000000000000000000e+00,2.000000000000000000e+00
-3.896129989624023438e+01,-3.056617355346679688e+01,2.000000000000000000e+00,2.000000000000000000e+00
-4.427095794677734375e+01,-2.505825614929199219e+01,2.000000000000000000e+00,2.000000000000000000e+00
9.744927406311035156e+00,-5.028777694702148438e+01,2.000000000000000000e+00,2.000000000000000000e+00
-4.331922912597656250e+01,-2.613593864440917969e+01,2.000000000000000000e+00,2.000000000000000000e+00
1.047288417816162109e+01,-5.012804412841796875e+01,2.000000000000000000e+00,2.000000000000000000e+00
-4.386014175415039062e+01,-2.525740432739257812e+01,2.000000000000000000e+00,2.000000000000000000e+00
-3.911540222167968750e+01,-3.042504501342773438e+01,2.000000000000000000e+00,2.000000000000000000e+00
-3.907440185546875000e+01,-3.046212577819824219e+01,2.000000000000000000e+00,2.000000000000000000e+00
4.572059631347656250e+00,-5.111786270141601562e+01,2.000000000000000000e+00,2.000000000000000000e+00
-3.318774795532226562e+01,-3.578855895996093750e+01,2.000000000000000000e+00,2.000000000000000000e+00
2.755383253097534180e+00,-5.124990844726562500e+01,2.000000000000000000e+00,2.000000000000000000e+00
-4.381311416625976562e+01,-2.549329757690429688e+01,2.000000000000000000e+00,2.000000000000000000e+00
6.563994884490966797e+00,-5.086133575439453125e+01,2.000000000000000000e+00,2.000000000000000000e+00
1.102289390563964844e+01,-5.000552749633789062e+01,2.000000000000000000e+00,2.000000000000000000e+00
7.116557598114013672e+00,-5.077461242675781250e+01,2.000000000000000000e+00,2.000000000000000000e+00
3.965633153915405273e+00,-5.118388748168945312e+01,2.000000000000000000e+00,2.000000000000000000e+00
-4.413428115844726562e+01,-2.502536201477050781e+01,2.000000000000000000e+00,2.000000000000000000e+00
-4.191275787353515625e+01,-2.771484184265136719e+01,2.000000000000000000e+00,2.000000000000000000e+00
-4.197186660766601562e+01,-2.764884376525878906e+01,2.000000000000000000e+00,2.000000000000000000e+00
-3.956979370117187500e+01,-3.000723838806152344e+01,2.000000000000000000e+00,2.000000000000000000e+00
-4.302257919311523438e+01,-2.647001075744628906e+01,2.000000000000000000e+00,2.000000000000000000e+00
1.598042583465576172e+01,6.420357513427734375e+01,2.000000000000000000e+00,2.000000000000000000e+00
8.416081428527832031e+00,-5.054602050781250000e+01,2.000000000000000000e+00,2.000000000000000000e+00
8.964459419250488281e+00,-5.044418716430664062e+01,2.000000000000000000e+00,2.000000000000000000e+00
1.013625621795654297e+01,-5.020278167724609375e+01,2.000000000000000000e+00,2.000000000000000000e+00
8.825057983398437500e+00,-5.047128677368164062e+01,2.000000000000000000e+00,2.000000000000000000e+00
1.189455795288085938e+01,-4.980252456665039062e+01,2.000000000000000000e+00,2.000000000000000000e+00
-3.565385437011718750e+01,-3.360657882690429688e+01,2.000000000000000000e+00,2.000000000000000000e+00
1.158651828765869141e+01,-4.987070083618164062e+01,2.000000000000000000e+00,2.000000000000000000e+00
-3.902162170410156250e+01,-3.051094055175781250e+01,2.000000000000000000e+00,2.000000000000000000e+00
-3.630661773681640625e+01,-3.299702453613281250e+01,2.000000000000000000e+00,2.000000000000000000e+00
9.082975387573242188e+00,-5.042152023315429688e+01,2.000000000000000000e+00,2.000000000000000000e+00
-3.879188919067382812e+01,-3.072192001342773438e+01,2.000000000000000000e+00,2.000000000000000000e+00
4.968354701995849609e+00,-5.106921768188476562e+01,2.000000000000000000e+00,2.000000000000000000e+00
-3.249834823608398438e+01,-3.629561233520507812e+01,2.000000000000000000e+00,2.000000000000000000e+00
8.847022056579589844e+00,-5.046870040893554688e+01,2.000000000000000000e+00,2.000000000000000000e+00
-3.309645843505859375e+01,-3.586177825927734375e+01,2.000000000000000000e+00,2.000000000000000000e+00
-3.593984603881835938e+01,-3.333927154541015625e+01,2.000000000000000000e+00,2.000000000000000000e+00
1.082635211944580078e+01,-5.005099105834960938e+01,2.000000000000000000e+00,2.000000000000000000e+00
1.203180789947509766e+01,-4.977108383178710938e+01,2.000000000000000000e+00,2.000000000000000000e+00
-3.906153488159179688e+01,-3.047510147094726562e+01,2.000000000000000000e+00,2.000000000000000000e+00
-3.657315063476562500e+01,-3.275025939941406250e+01,2.000000000000000000e+00,2.000000000000000000e+00
-3.366092300415039062e+01,-3.532146453857421875e+01,2.000000000000000000e+00,2.000000000000000000e+00
-4.419599914550781250e+01,-2.501889228820800781e+01,2.000000000000000000e+00,2.000000000000000000e+00
-4.410114288330078125e+01,-2.554024505615234375e+01,2.000000000000000000e+00,2.000000000000000000e+00
-3.247249603271484375e+01,-3.631295394897460938e+01,2.000000000000000000e+00,2.000000000000000000e+00
-3.366539382934570312e+01,-3.543205642700195312e+01,2.000000000000000000e+00,2.000000000000000000e+00
-3.379981231689453125e+01,-3.530729293823242188e+01,2.000000000000000000e+00,2.000000000000000000e+00
6.785101890563964844e+00,-5.082837295532226562e+01,2.000000000000000000e+00,2.000000000000000000e+00
-3.991065597534179688e+01,-2.968493461608886719e+01,2.000000000000000000e+00,2.000000000000000000e+00
-3.511433410644531250e+01,-3.410743331909179688e+01,2.000000000000000000e+00,2.000000000000000000e+00
-4.315932083129882812e+01,-2.631819725036621094e+01,2.000000000000000000e+00,2.000000000000000000e+00
-3.351351928710937500e+01,-3.553437805175781250e+01,2.000000000000000000e+00,2.000000000000000000e+00
1.370613384246826172e+01,-4.938773345947265625e+01,2.000000000000000000e+00,2.000000000000000000e+00
4.063347339630126953e+00,-5.117491912841796875e+01,2.000000000000000000e+00,2.000000000000000000e+00
8.235764503479003906e+00,-5.058230972290039062e+01,2.000000000000000000e+00,2.000000000000000000e+00
1.292677021026611328e+01,-4.954669189453125000e+01,2.000000000000000000e+00,2.000000000000000000e+00
-4.176533889770507812e+01,-2.787306022644042969e+01,2.000000000000000000e+00,2.000000000000000000e+00
-3.321954345703125000e+01,-3.575652694702148438e+01,2.000000000000000000e+00,2.000000000000000000e+00
9.828151702880859375e+00,-5.027079010009765625e+01,2.000000000000000000e+00,2.000000000000000000e+00
1.344694900512695312e+01,-4.938193511962890625e+01,2.000000000000000000e+00,2.000000000000000000e+00
2.806189298629760742e+00,-5.124963378906250000e+01,2.000000000000000000e+00,2.000000000000000000e+00
-4.193361282348632812e+01,-2.769065093994140625e+01,2.000000000000000000e+00,2.000000000000000000e+00
-3.800204086303710938e+01,-3.144157791137695312e+01,2.000000000000000000e+00,2.000000000000000000e+00
1.300193309783935547e+01,-4.953774261474609375e+01,2.000000000000000000e+00,2.000000000000000000e+00
3.908973932266235352e+00,-5.118974304199218750e+01,2.000000000000000000e+00,2.000000000000000000e+00
-3.720086669921875000e+01,-3.217213058471679688e+01,2.000000000000000000e+00,2.000000000000000000e+00
-4.161219406127929688e+01,-2.803473091125488281e+01,2.000000000000000000e+00,2.000000000000000000e+00
-4.169438552856445312e+01,-2.794848442077636719e+01,2.000000000000000000e+00,2.000000000000000000e+00
6.770783424377441406e+00,-5.083001708984375000e+01,2.000000000000000000e+00,2.000000000000000000e+00
8.212254524230957031e+00,-5.058723831176757812e+01,2.000000000000000000e+00,2.000000000000000000e+00
9.686634063720703125e+00,-5.029965972900390625e+01,2.000000000000000000e+00,2.000000000000000000e+00
3.248530864715576172e+00,-5.123616409301757812e+01,2.000000000000000000e+00,2.000000000000000000e+00
2.670274972915649414e+00,-5.124946594238281250e+01,2.000000000000000000e+00,2.000000000000000000e+00
1.330876350402832031e+01,-4.957516098022460938e+01,2.000000000000000000e+00,2.000000000000000000e+00
-4.023852539062500000e+01,-2.938199043273925781e+01,2.000000000000000000e+00,2.000000000000000000e+00
6.339404582977294922e+00,-5.089390563964843750e+01,2.000000000000000000e+00,2.000000000000000000e+00
-4.387044143676757812e+01,-2.522955703735351562e+01,2.000000000000000000e+00,2.000000000000000000e+00
-4.186708450317382812e+01,-2.776429367065429688e+01,2.000000000000000000e+00,2.000000000000000000e+00
-4.420753479003906250e+01,-2.542780303955078125e+01,2.000000000000000000e+00,2.000000000000000000e+00
4.321034908294677734e+00,-5.114794158935546875e+01,2.000000000000000000e+00,2.000000000000000000e+00
5.976041793823242188e+00,-5.094292831420898438e+01,2.000000000000000000e+00,2.000000000000000000e+00
-4.350024795532226562e+01,-2.592490959167480469e+01,2.000000000000000000e+00,2.000000000000000000e+00
1.132461643218994141e+01,-4.993714141845703125e+01,2.000000000000000000e+00,2.000000000000000000e+00
3.597539663314819336e+00,-5.121577453613281250e+01,2.000000000000000000e+00,2.000000000000000000e+00
1.237479686737060547e+01,-4.967825698852539062e+01,2.000000000000000000e+00,2.000000000000000000e+00
-4.364752197265625000e+01,-2.575327873229980469e+01,2.000000000000000000e+00,2.000000000000000000e+00
3.511217355728149414e+00,-5.122189331054687500e+01,2.000000000000000000e+00,2.000000000000000000e+00
7.412341594696044922e+00,-5.072673034667968750e+01,2.000000000000000000e+00,2.000000000000000000e+00
3.686019182205200195e+00,-5.120859909057617188e+01,2.000000000000000000e+00,2.000000000000000000e+00
1.330466079711914062e+01,-4.937736511230468750e+01,2.000000000000000000e+00,2.000000000000000000e+00
-4.028406906127929688e+01,-2.933769035339355469e+01,2.000000000000000000e+00,2.000000000000000000e+00
-4.238327407836914062e+01,-2.719063186645507812e+01,2.000000000000000000e+00,2.000000000000000000e+00
-4.112007904052734375e+01,-2.852924537658691406e+01,2.000000000000000000e+00,2.000000000000000000e+00
5.287228584289550781e+00,-5.103023910522460938e+01,2.000000000000000000e+00,2.000000000000000000e+00
-4.064486312866210938e+01,-2.899496841430664062e+01,2.000000000000000000e+00,2.000000000000000000e+00
3.714254140853881836e+00,-5.120607376098632812e+01,2.000000000000000000e+00,2.000000000000000000e+00
-4.433477401733398438e+01,-2.506188583374023438e+01,2.000000000000000000e+00,2.000000000000000000e+00
1.367295646667480469e+01,-4.939143753051757812e+01,2.000000000000000000e+00,2.000000000000000000e+00
1.322025489807128906e+01,-4.957315826416015625e+01,2.000000000000000000e+00,2.000000000000000000e+00
-4.246719741821289062e+01,-2.709722328186035156e+01,2.000000000000000000e+00,2.000000000000000000e+00
3.838861465454101562e+00,-5.119655227661132812e+01,2.000000000000000000e+00,2.000000000000000000e+00
-3.520714950561523438e+01,-3.401866912841796875e+01,2.000000000000000000e+00,2.000000000000000000e+00
-3.323572540283203125e+01,-3.573744201660156250e+01,2.000000000000000000e+00,2.000000000000000000e+00
1.253877353668212891e+01,-4.964884948730468750e+01,2.000000000000000000e+00,2.000000000000000000e+00
-3.466707229614257812e+01,-3.450964736938476562e+01,2.000000000000000000e+00,2.000000000000000000e+00
3.789738893508911133e+00,-5.120077133178710938e+01,2.000000000000000000e+00,2.000000000000000000e+00
-3.269660949707031250e+01,-3.615892410278320312e+01,2.000000000000000000e+00,2.000000000000000000e+00
-3.574438095092773438e+01,-3.351977920532226562e+01,2.000000000000000000e+00,2.000000000000000000e+00
1.224012756347656250e+01,-4.971900177001953125e+01,2.000000000000000000e+00,2.000000000000000000e+00
-3.533865356445312500e+01,-3.389596939086914062e+01,2.000000000000000000e+00,2.000000000000000000e+00
3.479234695434570312e+00,-5.122449111938476562e+01,2.000000000000000000e+00,2.000000000000000000e+00
-4.433730316162109375e+01,-2.505969429016113281e+01,2.000000000000000000e+00,2.000000000000000000e+00
-4.011394882202148438e+01,-2.949875640869140625e+01,2.000000000000000000e+00,2.000000000000000000e+00
7.048572540283203125e+00,-5.078555297851562500e+01,2.000000000000000000e+00,2.000000000000000000e+00
-4.350236511230468750e+01,-2.592251396179199219e+01,2.000000000000000000e+00,2.000000000000000000e+00
-3.641695404052734375e+01,-3.289650344848632812e+01,2.000000000000000000e+00,2.000000000000000000e+00
-3.417079544067382812e+01,-3.496151351928710938e+01,2.000000000000000000e+00,2.000000000000000000e+00
-3.300207138061523438e+01,-3.592781448364257812e+01,2.000000000000000000e+00,2.000000000000000000e+00
6.516808032989501953e+00,-5.086845779418945312e+01,2.000000000000000000e+00,2.000000000000000000e+00
-3.384807205200195312e+01,-3.522479248046875000e+01,2.000000000000000000e+00,2.000000000000000000e+00
1.363613128662109375e+01,-4.940269088745117188e+01,2.000000000000000000e+00,2.000000000000000000e+00
-3.341506195068359375e+01,-3.563261795043945312e+01,2.000000000000000000e+00,2.000000000000000000e+00
1.280289363861083984e+01,-4.959097671508789062e+01,2.000000000000000000e+00,2.000000000000000000e+00
2.795392990112304688e+00,-5.124971771240234375e+01,2.000000000000000000e+00,2.000000000000000000e+00
1.296241283416748047e+01,-4.954936599731445312e+01,2.000000000000000000e+00,2.000000000000000000e+00
6.019159317016601562e+00,-5.093745803833007812e+01,2.000000000000000000e+00,2.000000000000000000e+00
3.158107280731201172e+00,-5.124066925048828125e+01,2.000000000000000000e+00,2.000000000000000000e+00
2.803289175033569336e+00,-5.124965286254882812e+01,2.000000000000000000e+00,2.000000000000000000e+00
-3.509646987915039062e+01,-3.412390899658203125e+01,2.000000000000000000e+00,2.000000000000000000e+00
7.940555095672607422e+00,-5.063353347778320312e+01,2.000000000000000000e+00,2.000000000000000000e+00
-4.436333847045898438e+01,-2.527524566650390625e+01,2.000000000000000000e+00,2.000000000000000000e+00
-3.530909729003906250e+01,-3.392147827148437500e+01,2.000000000000000000e+00,2.000000000000000000e+00
1.303513908386230469e+01,-4.947770690917968750e+01,2.000000000000000000e+00,2.000000000000000000e+00
-4.307598495483398438e+01,-2.640911483764648438e+01,2.000000000000000000e+00,2.000000000000000000e+00
1.124583244323730469e+01,-4.995358276367187500e+01,2.000000000000000000e+00,2.000000000000000000e+00
3.077358722686767578e+00,-5.124468994140625000e+01,2.000000000000000000e+00,2.000000000000000000e+00
4.027022838592529297e+00,-5.117896270751953125e+01,2.000000000000000000e+00,2.000000000000000000e+00
1.208140087127685547e+01,-4.975976943969726562e+01,2.000000000000000000e+00,2.000000000000000000e+00
-4.051307678222656250e+01,-2.912214851379394531e+01,2.000000000000000000e+00,2.000000000000000000e+00
1.351973152160644531e+01,-4.945091629028320312e+01,2.000000000000000000e+00,2.000000000000000000e+00
-3.767499160766601562e+01,-3.173566436767578125e+01,2.000000000000000000e+00,2.000000000000000000e+00
-3.473447036743164062e+01,-3.444732666015625000e+01,2.000000000000000000e+00,2.000000000000000000e+00
-4.159521102905273438e+01,-2.805285072326660156e+01,2.000000000000000000e+00,2.000000000000000000e+00
-4.096277618408203125e+01,-2.868410301208496094e+01,2.000000000000000000e+00,2.000000000000000000e+00
1.345717906951904297e+01,-4.949961090087890625e+01,2.000000000000000000e+00,2.000000000000000000e+00
1.336861801147460938e+01,-4.936436843872070312e+01,2.000000000000000000e+00,2.000000000000000000e+00
-4.273416900634765625e+01,-2.679369163513183594e+01,2.000000000000000000e+00,2.000000000000000000e+00
-4.298839569091796875e+01,-2.650653076171875000e+01,2.000000000000000000e+00,2.000000000000000000e+00
-4.367751693725585938e+01,-2.573374557495117188e+01,2.000000000000000000e+00,2.000000000000000000e+00
1.389532375335693359e+01,-4.930349349975585938e+01,2.000000000000000000e+00,2.000000000000000000e+00
-4.050202178955078125e+01,-2.913189506530761719e+01,2.000000000000000000e+00,2.000000000000000000e+00
-3.668104171752929688e+01,-3.265030288696289062e+01,2.000000000000000000e+00,2.000000000000000000e+00
9.139689445495605469e+00,-5.040984344482421875e+01,2.000000000000000000e+00,2.000000000000000000e+00
1.303368282318115234e+01,-4.955286407470703125e+01,2.000000000000000000e+00,2.000000000000000000e+00
1.346159553527832031e+01,-4.949779129028320312e+01,2.000000000000000000e+00,2.000000000000000000e+00
-4.133384323120117188e+01,-2.831604003906250000e+01,2.000000000000000000e+00,2.000000000000000000e+00
-3.308170700073242188e+01,-3.587152481079101562e+01,2.000000000000000000e+00,2.000000000000000000e+00
3.438168764114379883e+00,-5.122676467895507812e+01,2.000000000000000000e+00,2.000000000000000000e+00
-3.890617370605468750e+01,-3.061703109741210938e+01,2.000000000000000000e+00,2.000000000000000000e+00
1.124904823303222656e+01,-4.995442199707031250e+01,2.000000000000000000e+00,2.000000000000000000e+00
-4.068317794799804688e+01,-2.895620918273925781e+01,2.000000000000000000e+00,2.000000000000000000e+00
8.105936050415039062e+00,-5.060616683959960938e+01,2.000000000000000000e+00,2.000000000000000000e+00
6.544015884399414062e+00,-5.086441421508789062e+01,2.000000000000000000e+00,2.000000000000000000e+00
-3.334347534179687500e+01,-3.564692687988281250e+01,2.000000000000000000e+00,2.000000000000000000e+00
-3.410752868652343750e+01,-3.501533508300781250e+01,2.000000000000000000e+00,2.000000000000000000e+00
-4.205877685546875000e+01,-2.755089759826660156e+01,2.000000000000000000e+00,2.000000000000000000e+00
7.932332992553710938e+00,-5.063479232788085938e+01,2.000000000000000000e+00,2.000000000000000000e+00
-3.399866867065429688e+01,-3.511048889160156250e+01,2.000000000000000000e+00,2.000000000000000000e+00
-3.391880416870117188e+01,-3.517424011230468750e+01,2.000000000000000000e+00,2.000000000000000000e+00
-3.677904891967773438e+01,-3.256088256835937500e+01,2.000000000000000000e+00,2.000000000000000000e+00
-4.399109268188476562e+01,-2.507778167724609375e+01,2.000000000000000000e+00,2.000000000000000000e+00
-4.315651321411132812e+01,-2.632184600830078125e+01,2.000000000000000000e+00,2.000000000000000000e+00
-3.539738082885742188e+01,-3.384315872192382812e+01,2.000000000000000000e+00,2.000000000000000000e+00
-3.374489974975585938e+01,-3.535449218750000000e+01,2.000000000000000000e+00,2.000000000000000000e+00
-4.250801849365234375e+01,-2.705072593688964844e+01,2.000000000000000000e+00,2.000000000000000000e+00
6.690557479858398438e+00,-5.084126281738281250e+01,2.000000000000000000e+00,2.000000000000000000e+00
-3.497507476806640625e+01,-3.423380661010742188e+01,2.000000000000000000e+00,2.000000000000000000e+00
8.098983764648437500e+00,-5.060792541503906250e+01,2.000000000000000000e+00,2.000000000000000000e+00
-4.365073394775390625e+01,-2.575068283081054688e+01,2.000000000000000000e+00,2.000000000000000000e+00
-3.320576858520507812e+01,-3.577467727661132812e+01,2.000000000000000000e+00,2.000000000000000000e+00
-4.420804977416992188e+01,-2.503936386108398438e+01,2.000000000000000000e+00,2.000000000000000000e+00
-3.381879806518554688e+01,-3.525302886962890625e+01,2.000000000000000000e+00,2.000000000000000000e+00
-3.874919891357421875e+01,-3.076115417480468750e+01,2.000000000000000000e+00,2.000000000000000000e+00
-8.296129608154296875e+01,-4.882113456726074219e+00,3.000000000000000000e+00,3.000000000000000000e+00
-8.021673583984375000e+01,-5.681353434920310974e-02,3.000000000000000000e+00,3.000000000000000000e+00
-8.581762695312500000e+01,-7.731482028961181641e+00,3.000000000000000000e+00,3.000000000000000000e+00
-7.783873748779296875e+01,4.666703224182128906e+00,3.000000000000000000e+00,3.000000000000000000e+00
-8.542140960693359375e+01,-7.609322547912597656e+00,3.000000000000000000e+00,3.000000000000000000e+00
-7.755761718750000000e+01,3.458483457565307617e+00,3.000000000000000000e+00,3.000000000000000000e+00
-7.766289520263671875e+01,1.646020889282226562e+01,3.000000000000000000e+00,3.000000000000000000e+00
-7.763024902343750000e+01,5.650332927703857422e+00,3.000000000000000000e+00,3.000000000000000000e+00
-8.354779815673828125e+01,-3.782479286193847656e+00,3.000000000000000000e+00,3.000000000000000000e+00
-8.451891326904296875e+01,-6.364533901214599609e+00,3.000000000000000000e+00,3.000000000000000000e+00
-7.733555603027343750e+01,3.671674251556396484e+00,3.000000000000000000e+00,3.000000000000000000e+00
-7.844628906250000000e+01,1.542329311370849609e+00,3.000000000000000000e+00,3.000000000000000000e+00
-7.746367645263671875e+01,1.046022224426269531e+01,3.000000000000000000e+00,3.000000000000000000e+00
-7.751673889160156250e+01,1.133246421813964844e+01,3.000000000000000000e+00,3.000000000000000000e+00
-7.842037963867187500e+01,-6.125918030738830566e-01,3.000000000000000000e+00,3.000000000000000000e+00
-7.754496765136718750e+01,1.206947803497314453e+01,3.000000000000000000e+00,3.000000000000000000e+00
-7.716593170166015625e+01,7.322198867797851562e+00,3.000000000000000000e+00,3.000000000000000000e+00
-7.757096862792968750e+01,1.165387153625488281e+01,3.000000000000000000e+00,3.000000000000000000e+00
-7.735003662109375000e+01,1.691578674316406250e+01,3.000000000000000000e+00,3.000000000000000000e+00
-7.939604187011718750e+01,1.553040981292724609e+00,3.000000000000000000e+00,3.000000000000000000e+00
-7.770140075683593750e+01,5.189386367797851562e+00,3.000000000000000000e+00,3.000000000000000000e+00
-7.768936157226562500e+01,1.597644329071044922e+01,3.000000000000000000e+00,3.000000000000000000e+00
-7.749969482421875000e+01,7.570851802825927734e+00,3.000000000000000000e+00,3.000000000000000000e+00
-8.294480133056640625e+01,-5.470451831817626953e+00,3.000000000000000000e+00,3.000000000000000000e+00
-7.751548004150390625e+01,7.055984497070312500e+00,3.000000000000000000e+00,3.000000000000000000e+00
-7.984788513183593750e+01,6.254552602767944336e-01,3.000000000000000000e+00,3.000000000000000000e+00
-7.747074890136718750e+01,8.091187477111816406e+00,3.000000000000000000e+00,3.000000000000000000e+00
-7.750582885742187500e+01,4.223636150360107422e+00,3.000000000000000000e+00,3.000000000000000000e+00
-7.847497558593750000e+01,2.868916988372802734e+00,3.000000000000000000e+00,3.000000000000000000e+00
-8.392419433593750000e+01,-4.862842082977294922e+00,3.000000000000000000e+00,3.000000000000000000e+00
-7.759188079833984375e+01,1.660255622863769531e+01,3.000000000000000000e+00,3.000000000000000000e+00
-8.252580261230468750e+01,-5.189695835113525391e+00,3.000000000000000000e+00,3.000000000000000000e+00
-8.169229125976562500e+01,-3.608244180679321289e+00,3.000000000000000000e+00,3.000000000000000000e+00
-7.757303619384765625e+01,1.242066955566406250e+01,3.000000000000000000e+00,3.000000000000000000e+00
-7.768379211425781250e+01,1.623981285095214844e+01,3.000000000000000000e+00,3.000000000000000000e+00
-8.044934082031250000e+01,-3.429129719734191895e-01,3.000000000000000000e+00,3.000000000000000000e+00
-7.761710357666015625e+01,1.159544754028320312e+01,3.000000000000000000e+00,3.000000000000000000e+00
-7.762836456298828125e+01,1.398184871673583984e+01,3.000000000000000000e+00,3.000000000000000000e+00
-8.027481079101562500e+01,-4.558684229850769043e-01,3.000000000000000000e+00,3.000000000000000000e+00
-8.016346740722656250e+01,-5.162344574928283691e-01,3.000000000000000000e+00,3.000000000000000000e+00
-7.745822143554687500e+01,1.119856834411621094e+01,3.000000000000000000e+00,3.000000000000000000e+00
-7.738497924804687500e+01,1.051888656616210938e+01,3.000000000000000000e+00,3.000000000000000000e+00
-8.472540283203125000e+01,-6.384537220001220703e+00,3.000000000000000000e+00,3.000000000000000000e+00
-7.759418487548828125e+01,1.269082927703857422e+01,3.000000000000000000e+00,3.000000000000000000e+00
-7.731864166259765625e+01,9.979896545410156250e+00,3.000000000000000000e+00,3.000000000000000000e+00
-7.811720275878906250e+01,-7.418759465217590332e-01,3.000000000000000000e+00,3.000000000000000000e+00
-7.758440399169921875e+01,1.069779205322265625e+01,3.000000000000000000e+00,3.000000000000000000e+00
-7.768874359130859375e+01,5.426398754119873047e+00,3.000000000000000000e+00,3.000000000000000000e+00
-7.554717254638671875e+01,8.726417541503906250e+00,3.000000000000000000e+00,3.000000000000000000e+00
-7.767524719238281250e+01,1.616115188598632812e+01,3.000000000000000000e+00,3.000000000000000000e+00
-7.763802337646484375e+01,1.385229301452636719e+01,3.000000000000000000e+00,3.000000000000000000e+00
-7.987656402587890625e+01,7.989686131477355957e-01,3.000000000000000000e+00,3.000000000000000000e+00
-7.758206939697265625e+01,1.228603172302246094e+01,3.000000000000000000e+00,3.000000000000000000e+00
-7.743660736083984375e+01,8.526889801025390625e+00,3.000000000000000000e+00,3.000000000000000000e+00
-7.957258605957031250e+01,1.121203184127807617e+00,3.000000000000000000e+00,3.000000000000000000e+00
-8.407613372802734375e+01,-6.790380477905273438e+00,3.000000000000000000e+00,3.000000000000000000e+00
-8.334209442138671875e+01,-4.435819149017333984e+00,3.000000000000000000e+00,3.000000000000000000e+00
-7.748836517333984375e+01,7.728190422058105469e+00,3.000000000000000000e+00,3.000000000000000000e+00
-8.002754974365234375e+01,-1.116178393363952637e+00,3.000000000000000000e+00,3.000000000000000000e+00
-7.761581420898437500e+01,1.124413585662841797e+01,3.000000000000000000e+00,3.000000000000000000e+00
-7.745743560791015625e+01,7.762126922607421875e+00,3.000000000000000000e+00,3.000000000000000000e+00
-8.466524505615234375e+01,-7.206572532653808594e+00,3.000000000000000000e+00,3.000000000000000000e+00
-7.716310119628906250e+01,7.061289787292480469e+00,3.000000000000000000e+00,3.000000000000000000e+00
-7.994705200195312500e+01,6.548325419425964355e-01,3.000000000000000000e+00,3.000000000000000000e+00
-7.658273315429687500e+01,1.127109909057617188e+01,3.000000000000000000e+00,3.000000000000000000e+00
-8.327145385742187500e+01,-4.408045768737792969e+00,3.000000000000000000e+00,3.000000000000000000e+00
-7.988573455810546875e+01,3.934016823768615723e-01,3.000000000000000000e+00,3.000000000000000000e+00
-7.744802093505859375e+01,1.123340320587158203e+01,3.000000000000000000e+00,3.000000000000000000e+00
-8.372680664062500000e+01,-5.507672309875488281e+00,3.000000000000000000e+00,3.000000000000000000e+00
-8.219765472412109375e+01,-3.076569795608520508e+00,3.000000000000000000e+00,3.000000000000000000e+00
-7.884730529785156250e+01,2.390708684921264648e+00,3.000000000000000000e+00,3.000000000000000000e+00
-7.931689453125000000e+01,1.559475898742675781e+00,3.000000000000000000e+00,3.000000000000000000e+00
-7.748133087158203125e+01,1.678829574584960938e+01,3.000000000000000000e+00,3.000000000000000000e+00
-7.770818328857421875e+01,1.544009399414062500e+01,3.000000000000000000e+00,3.000000000000000000e+00
-7.753839111328125000e+01,1.669814682006835938e+01,3.000000000000000000e+00,3.000000000000000000e+00
-7.765624237060546875e+01,1.634827995300292969e+01,3.000000000000000000e+00,3.000000000000000000e+00
-7.892260742187500000e+01,2.322488546371459961e+00,3.000000000000000000e+00,3.000000000000000000e+00
-8.348855590820312500e+01,-4.254345417022705078e+00,3.000000000000000000e+00,3.000000000000000000e+00
-7.798096466064453125e+01,4.272816181182861328e+00,3.000000000000000000e+00,3.000000000000000000e+00
-7.753961944580078125e+01,6.398335456848144531e+00,3.000000000000000000e+00,3.000000000000000000e+00
-8.590975189208984375e+01,-7.826009273529052734e+00,3.000000000000000000e+00,3.000000000000000000e+00
-8.227416229248046875e+01,-3.962956905364990234e+00,3.000000000000000000e+00,3.000000000000000000e+00
-7.757295989990234375e+01,1.654564857482910156e+01,3.000000000000000000e+00,3.000000000000000000e+00
-7.765238952636718750e+01,2.872378349304199219e+00,3.000000000000000000e+00,3.000000000000000000e+00
-7.558991241455078125e+01,1.615558052062988281e+01,3.000000000000000000e+00,3.000000000000000000e+00
-8.039871215820312500e+01,-1.509964466094970703e+00,3.000000000000000000e+00,3.000000000000000000e+00
-7.805469512939453125e+01,4.128864765167236328e+00,3.000000000000000000e+00,3.000000000000000000e+00
-7.759381103515625000e+01,1.258513259887695312e+01,3.000000000000000000e+00,3.000000000000000000e+00
-7.766209411621093750e+01,1.641213417053222656e+01,3.000000000000000000e+00,3.000000000000000000e+00
-8.263945770263671875e+01,-3.640265226364135742e+00,3.000000000000000000e+00,3.000000000000000000e+00
-8.339697265625000000e+01,-3.778955698013305664e+00,3.000000000000000000e+00,3.000000000000000000e+00
-8.216845703125000000e+01,-4.018290519714355469e+00,3.000000000000000000e+00,3.000000000000000000e+00
-8.535577392578125000e+01,-7.002859592437744141e+00,3.000000000000000000e+00,3.000000000000000000e+00
-8.556394958496093750e+01,-7.132458686828613281e+00,3.000000000000000000e+00,3.000000000000000000e+00
-7.752979278564453125e+01,1.067464733123779297e+01,3.000000000000000000e+00,3.000000000000000000e+00
-7.762563323974609375e+01,1.386752796173095703e+01,3.000000000000000000e+00,3.000000000000000000e+00
-8.424401855468750000e+01,-6.718391418457031250e+00,3.000000000000000000e+00,3.000000000000000000e+00
-7.768144226074218750e+01,1.541616630554199219e+01,3.000000000000000000e+00,3.000000000000000000e+00
-7.772341918945312500e+01,5.183670997619628906e+00,3.000000000000000000e+00,3.000000000000000000e+00
-7.770307922363281250e+01,1.543215179443359375e+01,3.000000000000000000e+00,3.000000000000000000e+00
-7.551709747314453125e+01,1.602038002014160156e+01,3.000000000000000000e+00,3.000000000000000000e+00
-8.515112304687500000e+01,-6.669126987457275391e+00,3.000000000000000000e+00,3.000000000000000000e+00
-7.748396301269531250e+01,8.707999229431152344e+00,3.000000000000000000e+00,3.000000000000000000e+00
-8.297524261474609375e+01,-5.330338954925537109e+00,3.000000000000000000e+00,3.000000000000000000e+00
-7.561624145507812500e+01,1.603247261047363281e+01,3.000000000000000000e+00,3.000000000000000000e+00
-7.794376373291015625e+01,3.958934068679809570e+00,3.000000000000000000e+00,3.000000000000000000e+00
-7.923807525634765625e+01,1.042300462722778320e+00,3.000000000000000000e+00,3.000000000000000000e+00
-7.747190093994140625e+01,8.186244010925292969e+00,3.000000000000000000e+00,3.000000000000000000e+00
-7.744483947753906250e+01,1.658345603942871094e+01,3.000000000000000000e+00,3.000000000000000000e+00
-7.825154876708984375e+01,3.797552824020385742e+00,3.000000000000000000e+00,3.000000000000000000e+00
-7.762722015380859375e+01,1.351891517639160156e+01,3.000000000000000000e+00,3.000000000000000000e+00
-7.767036437988281250e+01,1.499038219451904297e+01,3.000000000000000000e+00,3.000000000000000000e+00
-8.084358978271484375e+01,-8.448886871337890625e-01,3.000000000000000000e+00,3.000000000000000000e+00
-7.568162536621093750e+01,8.501794815063476562e+00,3.000000000000000000e+00,3.000000000000000000e+00
-7.979786682128906250e+01,4.758780300617218018e-01,3.000000000000000000e+00,3.000000000000000000e+00
-8.528823852539062500e+01,-7.107216358184814453e+00,3.000000000000000000e+00,3.000000000000000000e+00
-8.327133178710937500e+01,-5.520238876342773438e+00,3.000000000000000000e+00,3.000000000000000000e+00
-7.750935363769531250e+01,1.040515422821044922e+01,3.000000000000000000e+00,3.000000000000000000e+00
-8.332713317871093750e+01,-4.268721580505371094e+00,3.000000000000000000e+00,3.000000000000000000e+00
-7.746694946289062500e+01,8.217478752136230469e+00,3.000000000000000000e+00,3.000000000000000000e+00
-8.578028106689453125e+01,-7.383504390716552734e+00,3.000000000000000000e+00,3.000000000000000000e+00
-8.012615203857421875e+01,4.114173650741577148e-01,3.000000000000000000e+00,3.000000000000000000e+00
-7.999417877197265625e+01,4.477372467517852783e-01,3.000000000000000000e+00,3.000000000000000000e+00
-7.730142211914062500e+01,9.815892219543457031e+00,3.000000000000000000e+00,3.000000000000000000e+00
-7.756463623046875000e+01,1.308076858520507812e+01,3.000000000000000000e+00,3.000000000000000000e+00
-8.562330627441406250e+01,-7.287350654602050781e+00,3.000000000000000000e+00,3.000000000000000000e+00
-8.361768341064453125e+01,-3.813119888305664062e+00,3.000000000000000000e+00,3.000000000000000000e+00
-7.761470794677734375e+01,1.337284088134765625e+01,3.000000000000000000e+00,3.000000000000000000e+00
-8.448159790039062500e+01,-5.854075431823730469e+00,3.000000000000000000e+00,3.000000000000000000e+00
-7.762720489501953125e+01,1.361960220336914062e+01,3.000000000000000000e+00,3.000000000000000000e+00
-7.995159912109375000e+01,5.546838045120239258e-01,3.000000000000000000e+00,3.000000000000000000e+00
-8.324805450439453125e+01,-5.417201042175292969e+00,3.000000000000000000e+00,3.000000000000000000e+00
-8.115460205078125000e+01,-5.082653522491455078e+00,3.000000000000000000e+00,3.000000000000000000e+00
-7.813182830810546875e+01,3.650971174240112305e+00,3.000000000000000000e+00,3.000000000000000000e+00
-8.470270538330078125e+01,-6.406130313873291016e+00,3.000000000000000000e+00,3.000000000000000000e+00
-8.517723846435546875e+01,-6.419570922851562500e+00,3.000000000000000000e+00,3.000000000000000000e+00
-7.759642791748046875e+01,5.915515899658203125e+00,3.000000000000000000e+00,3.000000000000000000e+00
-7.746855926513671875e+01,1.665331077575683594e+01,3.000000000000000000e+00,3.000000000000000000e+00
-8.126386260986328125e+01,-5.330616474151611328e+00,3.000000000000000000e+00,3.000000000000000000e+00
-7.847095489501953125e+01,4.618787765502929688e-01,3.000000000000000000e+00,3.000000000000000000e+00
-8.580603790283203125e+01,-7.701257705688476562e+00,3.000000000000000000e+00,3.000000000000000000e+00
-7.749139404296875000e+01,9.461848258972167969e+00,3.000000000000000000e+00,3.000000000000000000e+00
-7.747203826904296875e+01,8.936453819274902344e+00,3.000000000000000000e+00,3.000000000000000000e+00
-7.962750244140625000e+01,-1.085702419281005859e+00,3.000000000000000000e+00,3.000000000000000000e+00
-8.585457611083984375e+01,-7.667048454284667969e+00,3.000000000000000000e+00,3.000000000000000000e+00
-7.752169799804687500e+01,1.656755828857421875e+01,3.000000000000000000e+00,3.000000000000000000e+00
-7.758848571777343750e+01,1.641883659362792969e+01,3.000000000000000000e+00,3.000000000000000000e+00
-8.369104766845703125e+01,-5.885838985443115234e+00,3.000000000000000000e+00,3.000000000000000000e+00
-8.079039001464843750e+01,-1.304916501045227051e+00,3.000000000000000000e+00,3.000000000000000000e+00
-8.554777526855468750e+01,-7.394811153411865234e+00,3.000000000000000000e+00,3.000000000000000000e+00
-8.115730285644531250e+01,-2.544331073760986328e+00,3.000000000000000000e+00,3.000000000000000000e+00
-8.103373718261718750e+01,-9.752485156059265137e-01,3.000000000000000000e+00,3.000000000000000000e+00
-7.844367218017578125e+01,3.308046102523803711e+00,3.000000000000000000e+00,3.000000000000000000e+00
-8.565449523925781250e+01,-7.185180664062500000e+00,3.000000000000000000e+00,3.000000000000000000e+00
-8.068056488037109375e+01,-1.953729510307312012e+00,3.000000000000000000e+00,3.000000000000000000e+00
-7.762381744384765625e+01,1.613578414916992188e+01,3.000000000000000000e+00,3.000000000000000000e+00
-7.746260070800781250e+01,7.695687770843505859e+00,3.000000000000000000e+00,3.000000000000000000e+00
-7.740903472900390625e+01,1.110992431640625000e+01,3.000000000000000000e+00,3.000000000000000000e+00
-7.831426239013671875e+01,3.662936449050903320e+00,3.000000000000000000e+00,3.000000000000000000e+00
-7.846195983886718750e+01,2.836672306060791016e+00,3.000000000000000000e+00,3.000000000000000000e+00
-7.754280853271484375e+01,6.598796367645263672e+00,3.000000000000000000e+00,3.000000000000000000e+00
-7.848625946044921875e+01,2.775388240814208984e+00,3.000000000000000000e+00,3.000000000000000000e+00
-7.752970886230468750e+01,1.077624511718750000e+01,3.000000000000000000e+00,3.000000000000000000e+00
-8.581926727294921875e+01,-7.370090961456298828e+00,3.000000000000000000e+00,3.000000000000000000e+00
-8.044389343261718750e+01,-2.990108430385589600e-01,3.000000000000000000e+00,3.000000000000000000e+00
-7.669029235839843750e+01,1.696980476379394531e+01,3.000000000000000000e+00,3.000000000000000000e+00
-8.534469604492187500e+01,-7.353623390197753906e+00,3.000000000000000000e+00,3.000000000000000000e+00
-8.290171813964843750e+01,-4.010440826416015625e+00,3.000000000000000000e+00,3.000000000000000000e+00
-8.306097412109375000e+01,-4.302097320556640625e+00,3.000000000000000000e+00,3.000000000000000000e+00
-7.747177124023437500e+01,7.959087848663330078e+00,3.000000000000000000e+00,3.000000000000000000e+00
-7.892440795898437500e+01,-7.904712557792663574e-01,3.000000000000000000e+00,3.000000000000000000e+00
-7.768151855468750000e+01,1.492271709442138672e+01,3.000000000000000000e+00,3.000000000000000000e+00
-7.851422882080078125e+01,4.596132412552833557e-02,3.000000000000000000e+00,3.000000000000000000e+00
-8.390933227539062500e+01,-4.957879066467285156e+00,3.000000000000000000e+00,3.000000000000000000e+00
-8.517993164062500000e+01,-6.323231220245361328e+00,3.000000000000000000e+00,3.000000000000000000e+00
-8.370852661132812500e+01,-4.285387992858886719e+00,3.000000000000000000e+00,3.000000000000000000e+00
-8.198351287841796875e+01,-3.964544296264648438e+00,3.000000000000000000e+00,3.000000000000000000e+00
-7.836373138427734375e+01,3.512094497680664062e+00,3.000000000000000000e+00,3.000000000000000000e+00
-8.590807342529296875e+01,-7.789428234100341797e+00,3.000000000000000000e+00,3.000000000000000000e+00
-8.052218627929687500e+01,-1.665208816528320312e+00,3.000000000000000000e+00,3.000000000000000000e+00
-7.742240905761718750e+01,1.217864227294921875e+01,3.000000000000000000e+00,3.000000000000000000e+00
-7.834928131103515625e+01,2.293535947799682617e+00,3.000000000000000000e+00,3.000000000000000000e+00
-7.719944000244140625e+01,1.102673339843750000e+01,3.000000000000000000e+00,3.000000000000000000e+00
-8.577689361572265625e+01,-7.704288959503173828e+00,3.000000000000000000e+00,3.000000000000000000e+00
-8.360510253906250000e+01,-5.106462478637695312e+00,3.000000000000000000e+00,3.000000000000000000e+00
-8.070483398437500000e+01,-1.912097096443176270e+00,3.000000000000000000e+00,3.000000000000000000e+00
-7.747480773925781250e+01,2.479424953460693359e+00,3.000000000000000000e+00,3.000000000000000000e+00
-7.758090209960937500e+01,1.214154148101806641e+01,3.000000000000000000e+00,3.000000000000000000e+00
-8.127738952636718750e+01,-5.353248596191406250e+00,3.000000000000000000e+00,3.000000000000000000e+00
-7.765034484863281250e+01,1.418245983123779297e+01,3.000000000000000000e+00,3.000000000000000000e+00
-8.577530670166015625e+01,-7.784482955932617188e+00,3.000000000000000000e+00,3.000000000000000000e+00
-7.764079284667968750e+01,5.644294261932373047e+00,3.000000000000000000e+00,3.000000000000000000e+00
-7.798300170898437500e+01,3.816683053970336914e+00,3.000000000000000000e+00,3.000000000000000000e+00
-8.059790802001953125e+01,-3.562236428260803223e-01,3.000000000000000000e+00,3.000000000000000000e+00
-8.248934173583984375e+01,-4.097932815551757812e+00,3.000000000000000000e+00,3.000000000000000000e+00
-7.850382995605468750e+01,2.305590867996215820e+00,3.000000000000000000e+00,3.000000000000000000e+00
-7.901939392089843750e+01,2.184744358062744141e+00,3.000000000000000000e+00,3.000000000000000000e+00
-7.750586700439453125e+01,6.834545612335205078e+00,3.000000000000000000e+00,3.000000000000000000e+00
-8.385688781738281250e+01,-4.178712844848632812e+00,3.000000000000000000e+00,3.000000000000000000e+00
-8.073206329345703125e+01,-1.959805965423583984e+00,3.000000000000000000e+00,3.000000000000000000e+00
-7.749016571044921875e+01,1.218436431884765625e+01,3.000000000000000000e+00,3.000000000000000000e+00
-8.492076110839843750e+01,-6.508404731750488281e+00,3.000000000000000000e+00,3.000000000000000000e+00
-7.569454193115234375e+01,1.613133430480957031e+01,3.000000000000000000e+00,3.000000000000000000e+00
-7.730284881591796875e+01,1.031532764434814453e+01,3.000000000000000000e+00,3.000000000000000000e+00
-7.761178588867187500e+01,1.630955696105957031e+01,3.000000000000000000e+00,3.000000000000000000e+00
-8.457130432128906250e+01,-5.837494850158691406e+00,3.000000000000000000e+00,3.000000000000000000e+00
-7.760604095458984375e+01,1.100993728637695312e+01,3.000000000000000000e+00,3.000000000000000000e+00
-8.060738372802734375e+01,-8.269270062446594238e-01,3.000000000000000000e+00,3.000000000000000000e+00
-7.759019470214843750e+01,1.250442409515380859e+01,3.000000000000000000e+00,3.000000000000000000e+00
-7.760289764404296875e+01,1.238373661041259766e+01,3.000000000000000000e+00,3.000000000000000000e+00
4.507110118865966797e+00,-7.609239196777343750e+01,4.000000000000000000e+00,4.000000000000000000e+00
9.535465240478515625e+00,-7.504104614257812500e+01,4.000000000000000000e+00,4.000000000000000000e+00
4.230422973632812500e+00,-6.920517730712890625e+01,4.000000000000000000e+00,4.000000000000000000e+00
3.780086278915405273e+00,-7.987976837158203125e+01,4.000000000000000000e+00,4.000000000000000000e+00
3.756947517395019531e+00,-8.004995727539062500e+01,4.000000000000000000e+00,4.000000000000000000e+00
5.319961547851562500e+00,-8.714129638671875000e+01,4.000000000000000000e+00,4.000000000000000000e+00
5.230746269226074219e+00,-8.359174346923828125e+01,4.000000000000000000e+00,4.000000000000000000e+00
5.336603164672851562e+00,-8.726876068115234375e+01,4.000000000000000000e+00,4.000000000000000000e+00
9.686402320861816406e+00,-7.574666595458984375e+01,4.000000000000000000e+00,4.000000000000000000e+00
8.691038131713867188e+00,-6.877854919433593750e+01,4.000000000000000000e+00,4.000000000000000000e+00
5.320100307464599609e+00,-8.354132080078125000e+01,4.000000000000000000e+00,4.000000000000000000e+00
8.731486320495605469e+00,-6.871088409423828125e+01,4.000000000000000000e+00,4.000000000000000000e+00
5.645399570465087891e+00,-8.236932373046875000e+01,4.000000000000000000e+00,4.000000000000000000e+00
8.703370094299316406e+00,-7.333962249755859375e+01,4.000000000000000000e+00,4.000000000000000000e+00
8.476655006408691406e+00,-7.224996185302734375e+01,4.000000000000000000e+00,4.000000000000000000e+00
3.926266193389892578e+00,-7.945428466796875000e+01,4.000000000000000000e+00,4.000000000000000000e+00
3.786218643188476562e+00,-7.947843933105468750e+01,4.000000000000000000e+00,4.000000000000000000e+00
5.342574119567871094e+00,-8.811521148681640625e+01,4.000000000000000000e+00,4.000000000000000000e+00
4.032996177673339844e+00,-7.105415344238281250e+01,4.000000000000000000e+00,4.000000000000000000e+00
5.737475395202636719e+00,-6.792996978759765625e+01,4.000000000000000000e+00,4.000000000000000000e+00
5.114614486694335938e+00,-7.046850585937500000e+01,4.000000000000000000e+00,4.000000000000000000e+00
7.168485164642333984e+00,-7.601488494873046875e+01,4.000000000000000000e+00,4.000000000000000000e+00
5.071611881256103516e+00,-7.321438598632812500e+01,4.000000000000000000e+00,4.000000000000000000e+00
3.516169309616088867e+00,-7.153741455078125000e+01,4.000000000000000000e+00,4.000000000000000000e+00
4.353510856628417969e+00,-6.933737945556640625e+01,4.000000000000000000e+00,4.000000000000000000e+00
5.414449214935302734e+00,-8.298394775390625000e+01,4.000000000000000000e+00,4.000000000000000000e+00
5.300863742828369141e+00,-8.724422454833984375e+01,4.000000000000000000e+00,4.000000000000000000e+00
9.708834648132324219e+00,-7.502645111083984375e+01,4.000000000000000000e+00,4.000000000000000000e+00
4.661766052246093750e+00,-7.408835601806640625e+01,4.000000000000000000e+00,4.000000000000000000e+00
8.802969932556152344e+00,-6.889764404296875000e+01,4.000000000000000000e+00,4.000000000000000000e+00
4.109927177429199219e+00,-7.215924835205078125e+01,4.000000000000000000e+00,4.000000000000000000e+00
7.372790336608886719e+00,-7.654065704345703125e+01,4.000000000000000000e+00,4.000000000000000000e+00
3.752515792846679688e+00,-8.019664764404296875e+01,4.000000000000000000e+00,4.000000000000000000e+00
4.418180942535400391e+00,-7.350838470458984375e+01,4.000000000000000000e+00,4.000000000000000000e+00
4.692350387573242188e+00,-7.445714569091796875e+01,4.000000000000000000e+00,4.000000000000000000e+00
8.759477615356445312e+00,-6.884276580810546875e+01,4.000000000000000000e+00,4.000000000000000000e+00
6.140318870544433594e+00,-8.111604309082031250e+01,4.000000000000000000e+00,4.000000000000000000e+00
5.259292125701904297e+00,-8.732747650146484375e+01,4.000000000000000000e+00,4.000000000000000000e+00
5.359473705291748047e+00,-8.791007232666015625e+01,4.000000000000000000e+00,4.000000000000000000e+00
5.442551136016845703e+00,-7.298667907714843750e+01,4.000000000000000000e+00,4.000000000000000000e+00
3.962436914443969727e+00,-8.025436401367187500e+01,4.000000000000000000e+00,4.000000000000000000e+00
8.720559120178222656e+00,-6.886638641357421875e+01,4.000000000000000000e+00,4.000000000000000000e+00
5.261210918426513672e+00,-8.725134277343750000e+01,4.000000000000000000e+00,4.000000000000000000e+00
5.345628738403320312e+00,-8.723497772216796875e+01,4.000000000000000000e+00,4.000000000000000000e+00
5.472802639007568359e+00,-7.318374633789062500e+01,4.000000000000000000e+00,4.000000000000000000e+00
3.725911140441894531e+00,-8.035318756103515625e+01,4.000000000000000000e+00,4.000000000000000000e+00
6.624410152435302734e+00,-8.021398162841796875e+01,4.000000000000000000e+00,4.000000000000000000e+00
7.190875530242919922e+00,-7.726349639892578125e+01,4.000000000000000000e+00,4.000000000000000000e+00
4.037524223327636719e+00,-7.170130157470703125e+01,4.000000000000000000e+00,4.000000000000000000e+00
4.409173011779785156e+00,-8.319496917724609375e+01,4.000000000000000000e+00,4.000000000000000000e+00
6.210536956787109375e+00,-7.339210510253906250e+01,4.000000000000000000e+00,4.000000000000000000e+00
4.195543289184570312e+00,-7.487271118164062500e+01,4.000000000000000000e+00,4.000000000000000000e+00
4.752606868743896484e+00,-8.309843444824218750e+01,4.000000000000000000e+00,4.000000000000000000e+00
7.567574501037597656e+00,-7.694208526611328125e+01,4.000000000000000000e+00,4.000000000000000000e+00
8.289058685302734375e+00,-7.243202209472656250e+01,4.000000000000000000e+00,4.000000000000000000e+00
5.878300189971923828e+00,-7.110643005371093750e+01,4.000000000000000000e+00,4.000000000000000000e+00
4.696438312530517578e+00,-8.006059265136718750e+01,4.000000000000000000e+00,4.000000000000000000e+00
7.464828491210937500e+00,-7.596124267578125000e+01,4.000000000000000000e+00,4.000000000000000000e+00
4.539691448211669922e+00,-7.164361572265625000e+01,4.000000000000000000e+00,4.000000000000000000e+00
7.575953960418701172e+00,-7.260965728759765625e+01,4.000000000000000000e+00,4.000000000000000000e+00
4.358537197113037109e+00,-7.252532196044921875e+01,4.000000000000000000e+00,4.000000000000000000e+00
6.851435184478759766e+00,-7.062002563476562500e+01,4.000000000000000000e+00,4.000000000000000000e+00
8.403846740722656250e+00,-6.945392608642578125e+01,4.000000000000000000e+00,4.000000000000000000e+00
4.527079582214355469e+00,-7.599820709228515625e+01,4.000000000000000000e+00,4.000000000000000000e+00
6.064674377441406250e+00,-6.745931243896484375e+01,4.000000000000000000e+00,4.000000000000000000e+00
8.787582397460937500e+00,-7.318939208984375000e+01,4.000000000000000000e+00,4.000000000000000000e+00
4.899292469024658203e+00,-8.809348297119140625e+01,4.000000000000000000e+00,4.000000000000000000e+00
8.572587013244628906e+00,-7.937834930419921875e+01,4.000000000000000000e+00,4.000000000000000000e+00
8.881721496582031250e+00,-7.333415222167968750e+01,4.000000000000000000e+00,4.000000000000000000e+00
4.504785060882568359e+00,-7.623212432861328125e+01,4.000000000000000000e+00,4.000000000000000000e+00
6.390859603881835938e+00,-6.824417877197265625e+01,4.000000000000000000e+00,4.000000000000000000e+00
5.835044384002685547e+00,-7.030021667480468750e+01,4.000000000000000000e+00,4.000000000000000000e+00
3.496879100799560547e+00,-7.150969696044921875e+01,4.000000000000000000e+00,4.000000000000000000e+00
4.641307353973388672e+00,-8.256032562255859375e+01,4.000000000000000000e+00,4.000000000000000000e+00
7.188213348388671875e+00,-7.791552734375000000e+01,4.000000000000000000e+00,4.000000000000000000e+00
9.821067810058593750e+00,-7.411242675781250000e+01,4.000000000000000000e+00,4.000000000000000000e+00
6.468290805816650391e+00,-7.836105346679687500e+01,4.000000000000000000e+00,4.000000000000000000e+00
5.190126895904541016e+00,-8.353292846679687500e+01,4.000000000000000000e+00,4.000000000000000000e+00
7.611683845520019531e+00,-7.093629455566406250e+01,4.000000000000000000e+00,4.000000000000000000e+00
8.642222404479980469e+00,-6.860175323486328125e+01,4.000000000000000000e+00,4.000000000000000000e+00
4.279944896697998047e+00,-7.234332275390625000e+01,4.000000000000000000e+00,4.000000000000000000e+00
3.524697065353393555e+00,-7.138709259033203125e+01,4.000000000000000000e+00,4.000000000000000000e+00
5.195599079132080078e+00,-8.738448333740234375e+01,4.000000000000000000e+00,4.000000000000000000e+00
5.654535770416259766e+00,-6.759550476074218750e+01,4.000000000000000000e+00,4.000000000000000000e+00
7.231136322021484375e+00,-7.855960083007812500e+01,4.000000000000000000e+00,4.000000000000000000e+00
8.714488983154296875e+00,-6.901289367675781250e+01,4.000000000000000000e+00,4.000000000000000000e+00
7.242327213287353516e+00,-7.868881225585937500e+01,4.000000000000000000e+00,4.000000000000000000e+00
9.759595870971679688e+00,-7.554273223876953125e+01,4.000000000000000000e+00,4.000000000000000000e+00
5.309147357940673828e+00,-8.710608673095703125e+01,4.000000000000000000e+00,4.000000000000000000e+00
4.307969093322753906e+00,-8.252207946777343750e+01,4.000000000000000000e+00,4.000000000000000000e+00
4.036431312561035156e+00,-7.936671447753906250e+01,4.000000000000000000e+00,4.000000000000000000e+00
9.620486259460449219e+00,-7.386399078369140625e+01,4.000000000000000000e+00,4.000000000000000000e+00
5.322449684143066406e+00,-8.713178253173828125e+01,4.000000000000000000e+00,4.000000000000000000e+00
5.857138633728027344e+00,-6.816069793701171875e+01,4.000000000000000000e+00,4.000000000000000000e+00
5.317962169647216797e+00,-8.814786529541015625e+01,4.000000000000000000e+00,4.000000000000000000e+00
6.570687294006347656e+00,-7.113007354736328125e+01,4.000000000000000000e+00,4.000000000000000000e+00
8.686488151550292969e+00,-6.919837951660156250e+01,4.000000000000000000e+00,4.000000000000000000e+00
3.858510017395019531e+00,-7.961863708496093750e+01,4.000000000000000000e+00,4.000000000000000000e+00
3.797510623931884766e+00,-6.968908691406250000e+01,4.000000000000000000e+00,4.000000000000000000e+00
4.760706901550292969e+00,-7.048853302001953125e+01,4.000000000000000000e+00,4.000000000000000000e+00
9.852103233337402344e+00,-7.514277648925781250e+01,4.000000000000000000e+00,4.000000000000000000e+00
5.096651077270507812e+00,-6.836684417724609375e+01,4.000000000000000000e+00,4.000000000000000000e+00
4.149248123168945312e+00,-6.957092285156250000e+01,4.000000000000000000e+00,4.000000000000000000e+00
6.074661254882812500e+00,-8.118321228027343750e+01,4.000000000000000000e+00,4.000000000000000000e+00
9.555626869201660156e+00,-7.402256774902343750e+01,4.000000000000000000e+00,4.000000000000000000e+00
5.882453918457031250e+00,-6.882830047607421875e+01,4.000000000000000000e+00,4.000000000000000000e+00
5.478167057037353516e+00,-6.790937805175781250e+01,4.000000000000000000e+00,4.000000000000000000e+00
4.761775016784667969e+00,-7.391553497314453125e+01,4.000000000000000000e+00,4.000000000000000000e+00
6.491161823272705078e+00,-8.038529205322265625e+01,4.000000000000000000e+00,4.000000000000000000e+00
9.576229095458984375e+00,-7.443583679199218750e+01,4.000000000000000000e+00,4.000000000000000000e+00
4.742518901824951172e+00,-7.442661285400390625e+01,4.000000000000000000e+00,4.000000000000000000e+00
5.316926479339599609e+00,-8.721971893310546875e+01,4.000000000000000000e+00,4.000000000000000000e+00
4.140736579895019531e+00,-7.745209503173828125e+01,4.000000000000000000e+00,4.000000000000000000e+00
5.354677200317382812e+00,-8.696987915039062500e+01,4.000000000000000000e+00,4.000000000000000000e+00
8.769909858703613281e+00,-6.872808074951171875e+01,4.000000000000000000e+00,4.000000000000000000e+00
8.064089775085449219e+00,-7.093741607666015625e+01,4.000000000000000000e+00,4.000000000000000000e+00
4.677339076995849609e+00,-6.981021118164062500e+01,4.000000000000000000e+00,4.000000000000000000e+00
4.609088420867919922e+00,-8.261271667480468750e+01,4.000000000000000000e+00,4.000000000000000000e+00
6.148686408996582031e+00,-6.908621978759765625e+01,4.000000000000000000e+00,4.000000000000000000e+00
6.136821269989013672e+00,-6.789663696289062500e+01,4.000000000000000000e+00,4.000000000000000000e+00
6.041368961334228516e+00,-6.790918731689453125e+01,4.000000000000000000e+00,4.000000000000000000e+00
4.771921157836914062e+00,-7.958341979980468750e+01,4.000000000000000000e+00,4.000000000000000000e+00
5.401267051696777344e+00,-8.768171691894531250e+01,4.000000000000000000e+00,4.000000000000000000e+00
4.491883277893066406e+00,-6.932135772705078125e+01,4.000000000000000000e+00,4.000000000000000000e+00
7.564175605773925781e+00,-7.780688476562500000e+01,4.000000000000000000e+00,4.000000000000000000e+00
5.560859680175781250e+00,-8.317351531982421875e+01,4.000000000000000000e+00,4.000000000000000000e+00
4.160892963409423828e+00,-8.236964416503906250e+01,4.000000000000000000e+00,4.000000000000000000e+00
4.879187583923339844e+00,-7.041384124755859375e+01,4.000000000000000000e+00,4.000000000000000000e+00
4.198075294494628906e+00,-7.585974121093750000e+01,4.000000000000000000e+00,4.000000000000000000e+00
6.921299457550048828e+00,-7.714858245849609375e+01,4.000000000000000000e+00,4.000000000000000000e+00
3.793334007263183594e+00,-7.990740966796875000e+01,4.000000000000000000e+00,4.000000000000000000e+00
6.963356971740722656e+00,-7.798988342285156250e+01,4.000000000000000000e+00,4.000000000000000000e+00
4.515481948852539062e+00,-6.956122589111328125e+01,4.000000000000000000e+00,4.000000000000000000e+00
7.273978710174560547e+00,-7.921383666992187500e+01,4.000000000000000000e+00,4.000000000000000000e+00
4.981760978698730469e+00,-7.301804351806640625e+01,4.000000000000000000e+00,4.000000000000000000e+00
9.875738143920898438e+00,-7.483641052246093750e+01,4.000000000000000000e+00,4.000000000000000000e+00
4.602630615234375000e+00,-6.865618896484375000e+01,4.000000000000000000e+00,4.000000000000000000e+00
5.820581436157226562e+00,-6.765812683105468750e+01,4.000000000000000000e+00,4.000000000000000000e+00
7.365985393524169922e+00,-7.888582611083984375e+01,4.000000000000000000e+00,4.000000000000000000e+00
4.003789901733398438e+00,-7.902248382568359375e+01,4.000000000000000000e+00,4.000000000000000000e+00
4.065966129302978516e+00,-8.001057434082031250e+01,4.000000000000000000e+00,4.000000000000000000e+00
4.442048072814941406e+00,-8.260308074951171875e+01,4.000000000000000000e+00,4.000000000000000000e+00
3.932878017425537109e+00,-7.196844482421875000e+01,4.000000000000000000e+00,4.000000000000000000e+00
5.172866344451904297e+00,-8.757966613769531250e+01,4.000000000000000000e+00,4.000000000000000000e+00
4.918368816375732422e+00,-7.086135101318359375e+01,4.000000000000000000e+00,4.000000000000000000e+00
7.945589065551757812e+00,-6.906983947753906250e+01,4.000000000000000000e+00,4.000000000000000000e+00
8.780996322631835938e+00,-7.946435546875000000e+01,4.000000000000000000e+00,4.000000000000000000e+00
4.378652572631835938e+00,-7.285940551757812500e+01,4.000000000000000000e+00,4.000000000000000000e+00
5.308966636657714844e+00,-7.420197296142578125e+01,4.000000000000000000e+00,4.000000000000000000e+00
8.218958854675292969e+00,-7.166211700439453125e+01,4.000000000000000000e+00,4.000000000000000000e+00
8.706544876098632812e+00,-6.885764312744140625e+01,4.000000000000000000e+00,4.000000000000000000e+00
6.517082691192626953e+00,-7.795286560058593750e+01,4.000000000000000000e+00,4.000000000000000000e+00
6.752295494079589844e+00,-7.859066772460937500e+01,4.000000000000000000e+00,4.000000000000000000e+00
7.207882404327392578e+00,-7.810900878906250000e+01,4.000000000000000000e+00,4.000000000000000000e+00
8.231780052185058594e+00,-7.216542816162109375e+01,4.000000000000000000e+00,4.000000000000000000e+00
7.232544898986816406e+00,-7.817970275878906250e+01,4.000000000000000000e+00,4.000000000000000000e+00
5.866803169250488281e+00,-7.074823760986328125e+01,4.000000000000000000e+00,4.000000000000000000e+00
4.524004459381103516e+00,-7.274477386474609375e+01,4.000000000000000000e+00,4.000000000000000000e+00
5.948790073394775391e+00,-6.815650177001953125e+01,4.000000000000000000e+00,4.000000000000000000e+00
5.669107913970947266e+00,-7.070572662353515625e+01,4.000000000000000000e+00,4.000000000000000000e+00
5.361043930053710938e+00,-8.778614044189453125e+01,4.000000000000000000e+00,4.000000000000000000e+00
5.380177021026611328e+00,-8.832261657714843750e+01,4.000000000000000000e+00,4.000000000000000000e+00
4.655997753143310547e+00,-7.033127593994140625e+01,4.000000000000000000e+00,4.000000000000000000e+00
3.780901193618774414e+00,-8.029182434082031250e+01,4.000000000000000000e+00,4.000000000000000000e+00
7.903461456298828125e+00,-6.854821777343750000e+01,4.000000000000000000e+00,4.000000000000000000e+00
8.593417167663574219e+00,-6.919764709472656250e+01,4.000000000000000000e+00,4.000000000000000000e+00
3.963073015213012695e+00,-7.868464660644531250e+01,4.000000000000000000e+00,4.000000000000000000e+00
3.596335172653198242e+00,-7.102478027343750000e+01,4.000000000000000000e+00,4.000000000000000000e+00
4.111503601074218750e+00,-7.957515716552734375e+01,4.000000000000000000e+00,4.000000000000000000e+00
6.253052711486816406e+00,-8.093962860107421875e+01,4.000000000000000000e+00,4.000000000000000000e+00
4.216071128845214844e+00,-7.349932098388671875e+01,4.000000000000000000e+00,4.000000000000000000e+00
5.395570278167724609e+00,-8.824707031250000000e+01,4.000000000000000000e+00,4.000000000000000000e+00
9.435255050659179688e+00,-7.383083343505859375e+01,4.000000000000000000e+00,4.000000000000000000e+00
4.123246669769287109e+00,-6.985412597656250000e+01,4.000000000000000000e+00,4.000000000000000000e+00
4.117115497589111328e+00,-8.280281829833984375e+01,4.000000000000000000e+00,4.000000000000000000e+00
3.820675611495971680e+00,-7.987876892089843750e+01,4.000000000000000000e+00,4.000000000000000000e+00
5.850576877593994141e+00,-7.713390350341796875e+01,4.000000000000000000e+00,4.000000000000000000e+00
5.364777565002441406e+00,-7.014986419677734375e+01,4.000000000000000000e+00,4.000000000000000000e+00
3.769214630126953125e+00,-8.002523803710937500e+01,4.000000000000000000e+00,4.000000000000000000e+00
9.359458923339843750e+00,-7.367571258544921875e+01,4.000000000000000000e+00,4.000000000000000000e+00
4.130358219146728516e+00,-7.304913330078125000e+01,4.000000000000000000e+00,4.000000000000000000e+00
9.600083351135253906e+00,-7.482431030273437500e+01,4.000000000000000000e+00,4.000000000000000000e+00
9.930784225463867188e+00,-7.489058685302734375e+01,4.000000000000000000e+00,4.000000000000000000e+00
9.880480766296386719e+00,-7.487541961669921875e+01,4.000000000000000000e+00,4.000000000000000000e+00
3.885051965713500977e+00,-6.978575897216796875e+01,4.000000000000000000e+00,4.000000000000000000e+00
9.768917083740234375e+00,-7.510430908203125000e+01,4.000000000000000000e+00,4.000000000000000000e+00
5.031888484954833984e+00,-8.326471710205078125e+01,4.000000000000000000e+00,4.000000000000000000e+00
8.481024742126464844e+00,-6.893032836914062500e+01,4.000000000000000000e+00,4.000000000000000000e+00
6.898039817810058594e+00,-6.896076965332031250e+01,4.000000000000000000e+00,4.000000000000000000e+00
6.679053306579589844e+00,-7.223358154296875000e+01,4.000000000000000000e+00,4.000000000000000000e+00
7.302253246307373047e+00,-7.840930175781250000e+01,4.000000000000000000e+00,4.000000000000000000e+00
8.768768310546875000e+00,-6.889370727539062500e+01,4.000000000000000000e+00,4.000000000000000000e+00
4.199769496917724609e+00,-7.782643890380859375e+01,4.000000000000000000e+00,4.000000000000000000e+00
6.883417606353759766e+00,-7.660130310058593750e+01,4.000000000000000000e+00,4.000000000000000000e+00
4.770700931549072266e+00,-6.850530242919921875e+01,4.000000000000000000e+00,4.000000000000000000e+00
4.523046016693115234e+00,-6.977790069580078125e+01,4.000000000000000000e+00,4.000000000000000000e+00
4.786014556884765625e+00,-8.697928619384765625e+01,4.000000000000000000e+00,4.000000000000000000e+00
4.413107872009277344e+00,-8.258054351806640625e+01,4.000000000000000000e+00,4.000000000000000000e+00
7.661377906799316406e+00,-7.593579864501953125e+01,4.000000000000000000e+00,4.000000000000000000e+00
9.874569892883300781e+00,-7.512321472167968750e+01,4.000000000000000000e+00,4.000000000000000000e+00
6.192322731018066406e+00,-8.071162414550781250e+01,4.000000000000000000e+00,4.000000000000000000e+00
7.108925342559814453e+00,-7.911476135253906250e+01,4.000000000000000000e+00,4.000000000000000000e+00
5.273870944976806641e+00,-8.722961425781250000e+01,4.000000000000000000e+00,4.000000000000000000e+00
8.275622367858886719e+00,-7.152610015869140625e+01,4.000000000000000000e+00,4.000000000000000000e+00
5.249443531036376953e+00,-6.810474395751953125e+01,4.000000000000000000e+00,4.000000000000000000e+00
6.858624458312988281e+00,-7.711980438232421875e+01,4.000000000000000000e+00,4.000000000000000000e+00
5.327721595764160156e+00,-8.348024749755859375e+01,4.000000000000000000e+00,4.000000000000000000e+00
6.637343406677246094e+00,-8.010236358642578125e+01,4.000000000000000000e+00,4.000000000000000000e+00
4.073327064514160156e+00,-7.890605926513671875e+01,4.000000000000000000e+00,4.000000000000000000e+00
8.207655906677246094e+00,-6.972267150878906250e+01,4.000000000000000000e+00,4.000000000000000000e+00
-2.825831985473632812e+01,3.943561935424804688e+01,5.000000000000000000e+00,5.000000000000000000e+00
-3.095471954345703125e+01,3.595637130737304688e+01,5.000000000000000000e+00,5.000000000000000000e+00
-2.717041778564453125e+01,4.085534286499023438e+01,5.000000000000000000e+00,5.000000000000000000e+00
-2.589000320434570312e+01,4.244588851928710938e+01,5.000000000000000000e+00,5.000000000000000000e+00
-1.406745338439941406e+01,5.595816421508789062e+01,5.000000000000000000e+00,5.000000000000000000e+00
-3.315657043457031250e+01,3.350679397583007812e+01,5.000000000000000000e+00,5.000000000000000000e+00
-1.762841033935546875e+01,5.166905593872070312e+01,5.000000000000000000e+00,5.000000000000000000e+00
-3.317555618286132812e+01,3.347428131103515625e+01,5.000000000000000000e+00,5.000000000000000000e+00
-1.363998413085937500e+01,5.654313659667968750e+01,5.000000000000000000e+00,5.000000000000000000e+00
-2.852783966064453125e+01,3.907215118408203125e+01,5.000000000000000000e+00,5.000000000000000000e+00
-1.373093414306640625e+01,5.652173614501953125e+01,5.000000000000000000e+00,5.000000000000000000e+00
-1.448983955383300781e+01,5.546886062622070312e+01,5.000000000000000000e+00,5.000000000000000000e+00
-1.363811397552490234e+01,5.655636596679687500e+01,5.000000000000000000e+00,5.000000000000000000e+00
-3.298169326782226562e+01,3.388096618652343750e+01,5.000000000000000000e+00,5.000000000000000000e+00
-1.392945671081542969e+01,5.639656066894531250e+01,5.000000000000000000e+00,5.000000000000000000e+00
-1.395201873779296875e+01,5.615855407714843750e+01,5.000000000000000000e+00,5.000000000000000000e+00
-2.567647743225097656e+01,4.271526718139648438e+01,5.000000000000000000e+00,5.000000000000000000e+00
-3.303453063964843750e+01,3.383391952514648438e+01,5.000000000000000000e+00,5.000000000000000000e+00
-1.375634479522705078e+01,5.650460815429687500e+01,5.000000000000000000e+00,5.000000000000000000e+00
-2.272653198242187500e+01,4.603994369506835938e+01,5.000000000000000000e+00,5.000000000000000000e+00
-2.056676483154296875e+01,4.835458755493164062e+01,5.000000000000000000e+00,5.000000000000000000e+00
-2.352701950073242188e+01,4.515346527099609375e+01,5.000000000000000000e+00,5.000000000000000000e+00
-2.286943626403808594e+01,4.586218261718750000e+01,5.000000000000000000e+00,5.000000000000000000e+00
-1.396077632904052734e+01,5.611902999877929688e+01,5.000000000000000000e+00,5.000000000000000000e+00
-2.874047851562500000e+01,3.877705383300781250e+01,5.000000000000000000e+00,5.000000000000000000e+00
-1.844187736511230469e+01,5.072042846679687500e+01,5.000000000000000000e+00,5.000000000000000000e+00
-3.086504936218261719e+01,3.606164932250976562e+01,5.000000000000000000e+00,5.000000000000000000e+00
-2.269422340393066406e+01,4.607602691650390625e+01,5.000000000000000000e+00,5.000000000000000000e+00
-2.412727737426757812e+01,4.448914337158203125e+01,5.000000000000000000e+00,5.000000000000000000e+00
-2.196518707275390625e+01,4.685866928100585938e+01,5.000000000000000000e+00,5.000000000000000000e+00
-3.038250541687011719e+01,3.665202713012695312e+01,5.000000000000000000e+00,5.000000000000000000e+00
-1.543253231048583984e+01,5.430459594726562500e+01,5.000000000000000000e+00,5.000000000000000000e+00
-1.493167686462402344e+01,5.492267227172851562e+01,5.000000000000000000e+00,5.000000000000000000e+00
-1.738723373413085938e+01,5.195059585571289062e+01,5.000000000000000000e+00,5.000000000000000000e+00
-2.722978401184082031e+01,4.077838516235351562e+01,5.000000000000000000e+00,5.000000000000000000e+00
-2.315891265869140625e+01,4.555566406250000000e+01,5.000000000000000000e+00,5.000000000000000000e+00
-2.838191795349121094e+01,3.926852035522460938e+01,5.000000000000000000e+00,5.000000000000000000e+00
-2.512461471557617188e+01,4.338087844848632812e+01,5.000000000000000000e+00,5.000000000000000000e+00
-1.590547180175781250e+01,5.373585128784179688e+01,5.000000000000000000e+00,5.000000000000000000e+00
-2.859105110168457031e+01,3.898451614379882812e+01,5.000000000000000000e+00,5.000000000000000000e+00
-1.366497421264648438e+01,5.652706527709960938e+01,5.000000000000000000e+00,5.000000000000000000e+00
-2.495991134643554688e+01,4.356890106201171875e+01,5.000000000000000000e+00,5.000000000000000000e+00
-2.801862525939941406e+01,3.974646759033203125e+01,5.000000000000000000e+00,5.000000000000000000e+00
-2.606995773315429688e+01,4.222178268432617188e+01,5.000000000000000000e+00,5.000000000000000000e+00
-1.397724056243896484e+01,5.630170059204101562e+01,5.000000000000000000e+00,5.000000000000000000e+00
-2.712920188903808594e+01,4.090586853027343750e+01,5.000000000000000000e+00,5.000000000000000000e+00
-3.056545257568359375e+01,3.641558837890625000e+01,5.000000000000000000e+00,5.000000000000000000e+00
-1.769819450378417969e+01,5.158910751342773438e+01,5.000000000000000000e+00,5.000000000000000000e+00
-2.431815528869628906e+01,4.428285598754882812e+01,5.000000000000000000e+00,5.000000000000000000e+00
-1.665699005126953125e+01,5.283296966552734375e+01,5.000000000000000000e+00,5.000000000000000000e+00
-1.512731552124023438e+01,5.467707824707031250e+01,5.000000000000000000e+00,5.000000000000000000e+00
-3.263950347900390625e+01,3.404430770874023438e+01,5.000000000000000000e+00,5.000000000000000000e+00
-3.293989181518554688e+01,3.351222229003906250e+01,5.000000000000000000e+00,5.000000000000000000e+00
-2.844126892089843750e+01,3.917914199829101562e+01,5.000000000000000000e+00,5.000000000000000000e+00
-1.397950553894042969e+01,5.605043411254882812e+01,5.000000000000000000e+00,5.000000000000000000e+00
-1.590068912506103516e+01,5.374294281005859375e+01,5.000000000000000000e+00,5.000000000000000000e+00
-3.181420898437500000e+01,3.493785095214843750e+01,5.000000000000000000e+00,5.000000000000000000e+00
-3.262114715576171875e+01,3.406339263916015625e+01,5.000000000000000000e+00,5.000000000000000000e+00
-1.806589508056640625e+01,5.115156555175781250e+01,5.000000000000000000e+00,5.000000000000000000e+00
-1.574135780334472656e+01,5.393078231811523438e+01,5.000000000000000000e+00,5.000000000000000000e+00
-1.377226829528808594e+01,5.620761871337890625e+01,5.000000000000000000e+00,5.000000000000000000e+00
-3.273106002807617188e+01,3.373944854736328125e+01,5.000000000000000000e+00,5.000000000000000000e+00
-2.942349815368652344e+01,3.788322830200195312e+01,5.000000000000000000e+00,5.000000000000000000e+00
-3.301581954956054688e+01,3.347389221191406250e+01,5.000000000000000000e+00,5.000000000000000000e+00
-3.016647720336914062e+01,3.692493820190429688e+01,5.000000000000000000e+00,5.000000000000000000e+00
-3.117731285095214844e+01,3.566312789916992188e+01,5.000000000000000000e+00,5.000000000000000000e+00
-1.535347557067871094e+01,5.440557479858398438e+01,5.000000000000000000e+00,5.000000000000000000e+00
-1.397319984436035156e+01,5.612260055541992188e+01,5.000000000000000000e+00,5.000000000000000000e+00
-1.692885780334472656e+01,5.250143051147460938e+01,5.000000000000000000e+00,5.000000000000000000e+00
-3.233895111083984375e+01,3.435614013671875000e+01,5.000000000000000000e+00,5.000000000000000000e+00
-2.611068725585937500e+01,4.216909027099609375e+01,5.000000000000000000e+00,5.000000000000000000e+00
-3.150086402893066406e+01,3.529684066772460938e+01,5.000000000000000000e+00,5.000000000000000000e+00
-1.829091453552246094e+01,5.090449905395507812e+01,5.000000000000000000e+00,5.000000000000000000e+00
-2.227589797973632812e+01,4.649995422363281250e+01,5.000000000000000000e+00,5.000000000000000000e+00
-1.374301719665527344e+01,5.622011566162109375e+01,5.000000000000000000e+00,5.000000000000000000e+00
-2.608976554870605469e+01,4.219942092895507812e+01,5.000000000000000000e+00,5.000000000000000000e+00
-3.045738410949707031e+01,3.655651855468750000e+01,5.000000000000000000e+00,5.000000000000000000e+00
-1.811072921752929688e+01,5.109450912475585938e+01,5.000000000000000000e+00,5.000000000000000000e+00
-2.783046150207519531e+01,3.999456787109375000e+01,5.000000000000000000e+00,5.000000000000000000e+00
-1.600032043457031250e+01,5.361598968505859375e+01,5.000000000000000000e+00,5.000000000000000000e+00
-2.280066871643066406e+01,4.595240020751953125e+01,5.000000000000000000e+00,5.000000000000000000e+00
-1.809867477416992188e+01,5.111066436767578125e+01,5.000000000000000000e+00,5.000000000000000000e+00
-3.274663925170898438e+01,3.368557739257812500e+01,5.000000000000000000e+00,5.000000000000000000e+00
-3.216573715209960938e+01,3.453603744506835938e+01,5.000000000000000000e+00,5.000000000000000000e+00
-1.357560443878173828e+01,5.654634094238281250e+01,5.000000000000000000e+00,5.000000000000000000e+00
-1.934571075439453125e+01,4.969071197509765625e+01,5.000000000000000000e+00,5.000000000000000000e+00
-2.216268920898437500e+01,4.664122772216796875e+01,5.000000000000000000e+00,5.000000000000000000e+00
-3.254216766357421875e+01,3.412576675415039062e+01,5.000000000000000000e+00,5.000000000000000000e+00
-2.936101913452148438e+01,3.796084213256835938e+01,5.000000000000000000e+00,5.000000000000000000e+00
-2.167862510681152344e+01,4.715270996093750000e+01,5.000000000000000000e+00,5.000000000000000000e+00
-2.807869529724121094e+01,3.966569137573242188e+01,5.000000000000000000e+00,5.000000000000000000e+00
-3.095231628417968750e+01,3.595957946777343750e+01,5.000000000000000000e+00,5.000000000000000000e+00
-2.726510620117187500e+01,4.073210906982421875e+01,5.000000000000000000e+00,5.000000000000000000e+00
-2.251756095886230469e+01,4.625985336303710938e+01,5.000000000000000000e+00,5.000000000000000000e+00
-3.243292236328125000e+01,3.383954620361328125e+01,5.000000000000000000e+00,5.000000000000000000e+00
-3.040306472778320312e+01,3.662647247314453125e+01,5.000000000000000000e+00,5.000000000000000000e+00
-3.299980163574218750e+01,3.347800445556640625e+01,5.000000000000000000e+00,5.000000000000000000e+00
-1.571578693389892578e+01,5.395690536499023438e+01,5.000000000000000000e+00,5.000000000000000000e+00
-2.759167098999023438e+01,4.030905532836914062e+01,5.000000000000000000e+00,5.000000000000000000e+00
-1.583722877502441406e+01,5.381837463378906250e+01,5.000000000000000000e+00,5.000000000000000000e+00
-3.275121688842773438e+01,3.388790512084960938e+01,5.000000000000000000e+00,5.000000000000000000e+00
-2.845757293701171875e+01,3.916377258300781250e+01,5.000000000000000000e+00,5.000000000000000000e+00
-2.078093910217285156e+01,4.813426208496093750e+01,5.000000000000000000e+00,5.000000000000000000e+00
-1.887765502929687500e+01,5.022638320922851562e+01,5.000000000000000000e+00,5.000000000000000000e+00
-2.487131500244140625e+01,4.367226028442382812e+01,5.000000000000000000e+00,5.000000000000000000e+00
-1.977422332763671875e+01,4.922336578369140625e+01,5.000000000000000000e+00,5.000000000000000000e+00
-2.509219551086425781e+01,4.341579055786132812e+01,5.000000000000000000e+00,5.000000000000000000e+00
-1.729187965393066406e+01,5.206531143188476562e+01,5.000000000000000000e+00,5.000000000000000000e+00
-3.192128372192382812e+01,3.481990051269531250e+01,5.000000000000000000e+00,5.000000000000000000e+00
-2.021676635742187500e+01,4.873460769653320312e+01,5.000000000000000000e+00,5.000000000000000000e+00
-3.212652587890625000e+01,3.458864974975585938e+01,5.000000000000000000e+00,5.000000000000000000e+00
-1.921840095520019531e+01,4.982802200317382812e+01,5.000000000000000000e+00,5.000000000000000000e+00
-3.161449432373046875e+01,3.516717147827148438e+01,5.000000000000000000e+00,5.000000000000000000e+00
-2.406347846984863281e+01,4.455322265625000000e+01,5.000000000000000000e+00,5.000000000000000000e+00
-2.314063835144042969e+01,4.557323837280273438e+01,5.000000000000000000e+00,5.000000000000000000e+00
-1.413896465301513672e+01,5.587222290039062500e+01,5.000000000000000000e+00,5.000000000000000000e+00
-1.707849121093750000e+01,5.233195495605468750e+01,5.000000000000000000e+00,5.000000000000000000e+00
-2.378894424438476562e+01,4.485688781738281250e+01,5.000000000000000000e+00,5.000000000000000000e+00
-1.645384216308593750e+01,5.307426452636718750e+01,5.000000000000000000e+00,5.000000000000000000e+00
-2.233196449279785156e+01,4.643902206420898438e+01,5.000000000000000000e+00,5.000000000000000000e+00
-1.694107627868652344e+01,5.248671722412109375e+01,5.000000000000000000e+00,5.000000000000000000e+00
-2.969442367553710938e+01,3.753078079223632812e+01,5.000000000000000000e+00,5.000000000000000000e+00
-2.387803459167480469e+01,4.476408004760742188e+01,5.000000000000000000e+00,5.000000000000000000e+00
-2.317396736145019531e+01,4.554221343994140625e+01,5.000000000000000000e+00,5.000000000000000000e+00
-1.778220558166503906e+01,5.148914718627929688e+01,5.000000000000000000e+00,5.000000000000000000e+00
-2.378332138061523438e+01,4.486501693725585938e+01,5.000000000000000000e+00,5.000000000000000000e+00
-2.824853897094726562e+01,3.944881057739257812e+01,5.000000000000000000e+00,5.000000000000000000e+00
-2.464530754089355469e+01,4.391828536987304688e+01,5.000000000000000000e+00,5.000000000000000000e+00
-1.629440498352050781e+01,5.325393676757812500e+01,5.000000000000000000e+00,5.000000000000000000e+00
-2.516092300415039062e+01,4.333979034423828125e+01,5.000000000000000000e+00,5.000000000000000000e+00
-2.270850372314453125e+01,4.606010437011718750e+01,5.000000000000000000e+00,5.000000000000000000e+00
-2.372729873657226562e+01,4.493735504150390625e+01,5.000000000000000000e+00,5.000000000000000000e+00
-2.859786605834960938e+01,3.897746658325195312e+01,5.000000000000000000e+00,5.000000000000000000e+00
-3.310534286499023438e+01,3.371151733398437500e+01,5.000000000000000000e+00,5.000000000000000000e+00
-3.106163406372070312e+01,3.581957244873046875e+01,5.000000000000000000e+00,5.000000000000000000e+00
-2.867230796813964844e+01,3.888152694702148438e+01,5.000000000000000000e+00,5.000000000000000000e+00
-3.117561340332031250e+01,3.568176269531250000e+01,5.000000000000000000e+00,5.000000000000000000e+00
-2.076274681091308594e+01,4.815354156494140625e+01,5.000000000000000000e+00,5.000000000000000000e+00
-1.988686943054199219e+01,4.909047698974609375e+01,5.000000000000000000e+00,5.000000000000000000e+00
-3.049503707885742188e+01,3.651169204711914062e+01,5.000000000000000000e+00,5.000000000000000000e+00
-2.779289245605468750e+01,4.004912567138671875e+01,5.000000000000000000e+00,5.000000000000000000e+00
-2.052424621582031250e+01,4.839745712280273438e+01,5.000000000000000000e+00,5.000000000000000000e+00
-1.441152572631835938e+01,5.557073974609375000e+01,5.000000000000000000e+00,5.000000000000000000e+00
-2.033384704589843750e+01,4.860304641723632812e+01,5.000000000000000000e+00,5.000000000000000000e+00
-2.752934074401855469e+01,4.038751220703125000e+01,5.000000000000000000e+00,5.000000000000000000e+00
-2.909844779968261719e+01,3.830547714233398438e+01,5.000000000000000000e+00,5.000000000000000000e+00
-1.950325584411621094e+01,4.952927780151367188e+01,5.000000000000000000e+00,5.000000000000000000e+00
-2.725465011596679688e+01,4.074566268920898438e+01,5.000000000000000000e+00,5.000000000000000000e+00
-1.550801277160644531e+01,5.421693420410156250e+01,5.000000000000000000e+00,5.000000000000000000e+00
-1.915546607971191406e+01,4.990135192871093750e+01,5.000000000000000000e+00,5.000000000000000000e+00
-2.215017509460449219e+01,4.665047073364257812e+01,5.000000000000000000e+00,5.000000000000000000e+00
-2.280961608886718750e+01,4.594555664062500000e+01,5.000000000000000000e+00,5.000000000000000000e+00
-1.509996414184570312e+01,5.471340560913085938e+01,5.000000000000000000e+00,5.000000000000000000e+00
-2.988299179077148438e+01,3.728561019897460938e+01,5.000000000000000000e+00,5.000000000000000000e+00
-3.259708786010742188e+01,3.407575225830078125e+01,5.000000000000000000e+00,5.000000000000000000e+00
-1.763005828857421875e+01,5.166450119018554688e+01,5.000000000000000000e+00,5.000000000000000000e+00
-3.302292633056640625e+01,3.382744216918945312e+01,5.000000000000000000e+00,5.000000000000000000e+00
-2.490003967285156250e+01,4.363985061645507812e+01,5.000000000000000000e+00,5.000000000000000000e+00
-2.297529602050781250e+01,4.575048065185546875e+01,5.000000000000000000e+00,5.000000000000000000e+00
-3.314701843261718750e+01,3.350413513183593750e+01,5.000000000000000000e+00,5.000000000000000000e+00
-1.435669803619384766e+01,5.564641571044921875e+01,5.000000000000000000e+00,5.000000000000000000e+00
-1.456758117675781250e+01,5.537104415893554688e+01,5.000000000000000000e+00,5.000000000000000000e+00
-2.501806259155273438e+01,4.350256729125976562e+01,5.000000000000000000e+00,5.000000000000000000e+00
-2.952639579772949219e+01,3.774975204467773438e+01,5.000000000000000000e+00,5.000000000000000000e+00
-3.315639495849609375e+01,3.349886703491210938e+01,5.000000000000000000e+00,5.000000000000000000e+00
-1.959960937500000000e+01,4.941588592529296875e+01,5.000000000000000000e+00,5.000000000000000000e+00
-1.946382713317871094e+01,4.957749557495117188e+01,5.000000000000000000e+00,5.000000000000000000e+00
-2.935306930541992188e+01,3.797094726562500000e+01,5.000000000000000000e+00,5.000000000000000000e+00
-3.287692642211914062e+01,3.392653274536132812e+01,5.000000000000000000e+00,5.000000000000000000e+00
-2.031212234497070312e+01,4.863398361206054688e+01,5.000000000000000000e+00,5.000000000000000000e+00
-2.157477188110351562e+01,4.726841735839843750e+01,5.000000000000000000e+00,5.000000000000000000e+00
-1.688023376464843750e+01,5.255916976928710938e+01,5.000000000000000000e+00,5.000000000000000000e+00
-2.004601860046386719e+01,4.892327880859375000e+01,5.000000000000000000e+00,5.000000000000000000e+00
-1.680904579162597656e+01,5.264413452148437500e+01,5.000000000000000000e+00,5.000000000000000000e+00
-2.052568244934082031e+01,4.839327621459960938e+01,5.000000000000000000e+00,5.000000000000000000e+00
-1.616296195983886719e+01,5.341571426391601562e+01,5.000000000000000000e+00,5.000000000000000000e+00
-1.755432701110839844e+01,5.175955200195312500e+01,5.000000000000000000e+00,5.000000000000000000e+00
-1.462315368652343750e+01,5.529196166992187500e+01,5.000000000000000000e+00,5.000000000000000000e+00
-1.843458747863769531e+01,5.073367309570312500e+01,5.000000000000000000e+00,5.000000000000000000e+00
-1.955846786499023438e+01,4.945971298217773438e+01,5.000000000000000000e+00,5.000000000000000000e+00
-2.908078384399414062e+01,3.833020782470703125e+01,5.000000000000000000e+00,5.000000000000000000e+00
-1.853186607360839844e+01,5.061548233032226562e+01,5.000000000000000000e+00,5.000000000000000000e+00
-1.445403003692626953e+01,5.551064300537109375e+01,5.000000000000000000e+00,5.000000000000000000e+00
-2.245083999633789062e+01,4.631145095825195312e+01,5.000000000000000000e+00,5.000000000000000000e+00
-3.068973922729492188e+01,3.626764297485351562e+01,5.000000000000000000e+00,5.000000000000000000e+00
-1.374427986145019531e+01,5.622095489501953125e+01,5.000000000000000000e+00,5.000000000000000000e+00
-2.603894042968750000e+01,4.226387023925781250e+01,5.000000000000000000e+00,5.000000000000000000e+00
-2.179433822631835938e+01,4.703547668457031250e+01,5.000000000000000000e+00,5.000000000000000000e+00
-2.449848556518554688e+01,4.406886291503906250e+01,5.000000000000000000e+00,5.000000000000000000e+00
-3.080368232727050781e+01,3.612948608398437500e+01,5.000000000000000000e+00,5.000000000000000000e+00
-1.908938789367675781e+01,4.998432159423828125e+01,5.000000000000000000e+00,5.000000000000000000e+00
-3.253903198242187500e+01,3.414205932617187500e+01,5.000000000000000000e+00,5.000000000000000000e+00
-1.356538677215576172e+01,5.655622482299804688e+01,5.000000000000000000e+00,5.000000000000000000e+00
-2.522294998168945312e+01,4.326370239257812500e+01,5.000000000000000000e+00,5.000000000000000000e+00
-2.210729026794433594e+01,4.668506240844726562e+01,5.000000000000000000e+00,5.000000000000000000e+00
-2.991188812255859375e+01,3.724933624267578125e+01,5.000000000000000000e+00,5.000000000000000000e+00
-3.010970306396484375e+01,3.699489212036132812e+01,5.000000000000000000e+00,5.000000000000000000e+00
-3.099952697753906250e+01,3.590051651000976562e+01,5.000000000000000000e+00,5.000000000000000000e+00
-2.355080986022949219e+01,4.511908340454101562e+01,5.000000000000000000e+00,5.000000000000000000e+00
-2.251412963867187500e+01,4.626276397705078125e+01,5.000000000000000000e+00,5.000000000000000000e+00
-3.192189216613769531e+01,3.481806182861328125e+01,5.000000000000000000e+00,5.000000000000000000e+00
-2.392117118835449219e+01,4.470722579956054688e+01,5.000000000000000000e+00,5.000000000000000000e+00
-1.656784820556640625e+01,5.293392181396484375e+01,5.000000000000000000e+00,5.000000000000000000e+00
-1.801167488098144531e+01,5.121567916870117188e+01,5.000000000000000000e+00,5.000000000000000000e+00
-1.655126380920410156e+01,5.295469665527343750e+01,5.000000000000000000e+00,5.000000000000000000e+00
-2.928820419311523438e+01,3.805981445312500000e+01,5.000000000000000000e+00,5.000000000000000000e+00
-2.013187980651855469e+01,4.882957458496093750e+01,5.000000000000000000e+00,5.000000000000000000e+00
-2.267322731018066406e+01,4.609499740600585938e+01,5.000000000000000000e+00,5.000000000000000000e+00
-1.455705356597900391e+01,5.538372421264648438e+01,5.000000000000000000e+00,5.000000000000000000e+00
-2.171288681030273438e+01,4.711867523193359375e+01,5.000000000000000000e+00,5.000000000000000000e+00
1.526578903198242188e+00,-1.233574271202087402e+00,6.000000000000000000e+00,6.000000000000000000e+00
1.002830624580383301e+00,-1.620039463043212891e+00,6.000000000000000000e+00,6.000000000000000000e+00
-3.306918382644653320e+00,-3.159528732299804688e+00,6.000000000000000000e+00,6.000000000000000000e+00
-1.012672424316406250e+00,-7.185773849487304688e+00,6.000000000000000000e+00,6.000000000000000000e+00
-1.345268011093139648e+00,-1.258850288391113281e+01,6.000000000000000000e+00,6.000000000000000000e+00
-3.588797807693481445e+00,-1.214993858337402344e+01,6.000000000000000000e+00,6.000000000000000000e+00
1.377186894416809082e+00,-8.675852775573730469e+00,6.000000000000000000e+00,6.000000000000000000e+00
2.188825607299804688e+00,-3.689157962799072266e+00,6.000000000000000000e+00,6.000000000000000000e+00
7.658638000488281250e+00,-6.964542269706726074e-01,6.000000000000000000e+00,6.000000000000000000e+00
-1.406324863433837891e+00,-7.423704147338867188e+00,6.000000000000000000e+00,6.000000000000000000e+00
-2.277635097503662109e+00,-9.980413436889648438e+00,6.000000000000000000e+00,6.000000000000000000e+00
-5.183696746826171875e+00,-8.905748367309570312e+00,6.000000000000000000e+00,6.000000000000000000e+00
3.450538158416748047e+00,-1.555067777633666992e+00,6.000000000000000000e+00,6.000000000000000000e+00
-1.690438151359558105e+00,-1.027407360076904297e+01,6.000000000000000000e+00,6.000000000000000000e+00
-4.053981304168701172e+00,-6.505813598632812500e+00,6.000000000000000000e+00,6.000000000000000000e+00
-2.020750284194946289e+00,-2.333257198333740234e+00,6.000000000000000000e+00,6.000000000000000000e+00
-3.104088783264160156e+00,-3.591907501220703125e+00,6.000000000000000000e+00,6.000000000000000000e+00
-3.448116302490234375e+00,-3.882808923721313477e+00,6.000000000000000000e+00,6.000000000000000000e+00
-2.863069057464599609e+00,-3.406980514526367188e+00,6.000000000000000000e+00,6.000000000000000000e+00
-3.883807182312011719e+00,-1.138125991821289062e+01,6.000000000000000000e+00,6.000000000000000000e+00
8.458463549613952637e-01,-1.106765365600585938e+01,6.000000000000000000e+00,6.000000000000000000e+00
-5.233585357666015625e+00,-8.429505348205566406e+00,6.000000000000000000e+00,6.000000000000000000e+00
-4.226739883422851562e+00,-1.101329231262207031e+01,6.000000000000000000e+00,6.000000000000000000e+00
-2.154518663883209229e-01,-1.220659923553466797e+01,6.000000000000000000e+00,6.000000000000000000e+00
-3.226491451263427734e+00,-9.660485267639160156e+00,6.000000000000000000e+00,6.000000000000000000e+00
2.227602720260620117e+00,-4.562909126281738281e+00,6.000000000000000000e+00,6.000000000000000000e+00
4.853792667388916016e+00,-4.326487332582473755e-02,6.000000000000000000e+00,6.000000000000000000e+00
-4.081873416900634766e+00,-1.167767524719238281e+01,6.000000000000000000e+00,6.000000000000000000e+00
-1.331237554550170898e+00,-1.126736450195312500e+01,6.000000000000000000e+00,6.000000000000000000e+00
1.389070868492126465e+00,-1.044561672210693359e+01,6.000000000000000000e+00,6.000000000000000000e+00
-1.989278316497802734e+00,-1.247199249267578125e+01,6.000000000000000000e+00,6.000000000000000000e+00
-1.859328627586364746e+00,-7.516288757324218750e+00,6.000000000000000000e+00,6.000000000000000000e+00
-3.709382057189941406e+00,-1.210813045501708984e+01,6.000000000000000000e+00,6.000000000000000000e+00
7.550055384635925293e-01,-1.150384044647216797e+01,6.000000000000000000e+00,6.000000000000000000e+00
7.449707984924316406e+00,-6.062849164009094238e-01,6.000000000000000000e+00,6.000000000000000000e+00
-1.204129338264465332e+00,-2.173878669738769531e+00,6.000000000000000000e+00,6.000000000000000000e+00
-2.261215209960937500e+00,-3.436931610107421875e+00,6.000000000000000000e+00,6.000000000000000000e+00
2.225047945976257324e-01,-9.360878944396972656e+00,6.000000000000000000e+00,6.000000000000000000e+00
4.564005851745605469e+00,-1.993972063064575195e+00,6.000000000000000000e+00,6.000000000000000000e+00
6.762604713439941406e-01,-6.852767467498779297e+00,6.000000000000000000e+00,6.000000000000000000e+00
5.035465240478515625e+00,-2.333535626530647278e-02,6.000000000000000000e+00,6.000000000000000000e+00
4.225669860839843750e+00,-2.977996110916137695e+00,6.000000000000000000e+00,6.000000000000000000e+00
4.386732578277587891e+00,-7.508122920989990234e-01,6.000000000000000000e+00,6.000000000000000000e+00
-5.303082942962646484e+00,-8.752856254577636719e+00,6.000000000000000000e+00,6.000000000000000000e+00
-2.456188440322875977e+00,-2.586351871490478516e+00,6.000000000000000000e+00,6.000000000000000000e+00
-4.021238327026367188e+00,-4.967035770416259766e+00,6.000000000000000000e+00,6.000000000000000000e+00
-3.184698581695556641e+00,-1.219808578491210938e+01,6.000000000000000000e+00,6.000000000000000000e+00
-2.156663656234741211e+00,-2.382942199707031250e+00,6.000000000000000000e+00,6.000000000000000000e+00
-4.044001579284667969e+00,-1.172843647003173828e+01,6.000000000000000000e+00,6.000000000000000000e+00
-3.879925727844238281e+00,-1.170773220062255859e+01,6.000000000000000000e+00,6.000000000000000000e+00
3.832548141479492188e+00,-1.338715434074401855e+00,6.000000000000000000e+00,6.000000000000000000e+00
2.132857322692871094e+00,-4.785458564758300781e+00,6.000000000000000000e+00,6.000000000000000000e+00
-2.718972444534301758e+00,-2.762922048568725586e+00,6.000000000000000000e+00,6.000000000000000000e+00
3.897788286209106445e+00,-6.214404106140136719e-01,6.000000000000000000e+00,6.000000000000000000e+00
-5.467026233673095703e-01,-1.177376842498779297e+01,6.000000000000000000e+00,6.000000000000000000e+00
5.052443504333496094e+00,-7.962926477193832397e-02,6.000000000000000000e+00,6.000000000000000000e+00
-2.509018898010253906e+00,-2.627505064010620117e+00,6.000000000000000000e+00,6.000000000000000000e+00
-1.600515604019165039e+00,-1.247024059295654297e+01,6.000000000000000000e+00,6.000000000000000000e+00
8.252013921737670898e-01,-6.189894676208496094e+00,6.000000000000000000e+00,6.000000000000000000e+00
2.970637321472167969e+00,-1.937615394592285156e+00,6.000000000000000000e+00,6.000000000000000000e+00
-2.337306261062622070e+00,-9.926939010620117188e+00,6.000000000000000000e+00,6.000000000000000000e+00
-8.230770230293273926e-01,-1.263002014160156250e+01,6.000000000000000000e+00,6.000000000000000000e+00
-3.260064601898193359e+00,-3.461616039276123047e+00,6.000000000000000000e+00,6.000000000000000000e+00
5.332894802093505859e+00,4.398059472441673279e-02,6.000000000000000000e+00,6.000000000000000000e+00
5.303930640220642090e-01,-1.173967456817626953e+01,6.000000000000000000e+00,6.000000000000000000e+00
6.591162085533142090e-01,-8.291936874389648438e+00,6.000000000000000000e+00,6.000000000000000000e+00
-3.273314714431762695e+00,-3.663435935974121094e+00,6.000000000000000000e+00,6.000000000000000000e+00
1.484248638153076172e+00,-1.616971731185913086e+00,6.000000000000000000e+00,6.000000000000000000e+00
-1.025076985359191895e+00,-7.151850700378417969e+00,6.000000000000000000e+00,6.000000000000000000e+00
5.516185283660888672e+00,1.152985021471977234e-01,6.000000000000000000e+00,6.000000000000000000e+00
-2.494329690933227539e+00,-9.969133377075195312e+00,6.000000000000000000e+00,6.000000000000000000e+00
-5.199446678161621094e+00,-8.971467971801757812e+00,6.000000000000000000e+00,6.000000000000000000e+00
-2.040812730789184570e+00,-1.247839069366455078e+01,6.000000000000000000e+00,6.000000000000000000e+00
-4.913998603820800781e+00,-7.153331279754638672e+00,6.000000000000000000e+00,6.000000000000000000e+00
-1.153117537498474121e+00,-3.830553770065307617e+00,6.000000000000000000e+00,6.000000000000000000e+00
-5.135641574859619141e+00,-7.975459575653076172e+00,6.000000000000000000e+00,6.000000000000000000e+00
-5.220763683319091797e+00,-8.067620277404785156e+00,6.000000000000000000e+00,6.000000000000000000e+00
-4.938979819416999817e-02,-7.893952369689941406e+00,6.000000000000000000e+00,6.000000000000000000e+00
-1.689616560935974121e+00,-2.602371931076049805e+00,6.000000000000000000e+00,6.000000000000000000e+00
4.994510650634765625e+00,1.388844490051269531e+00,6.000000000000000000e+00,6.000000000000000000e+00
6.055158972740173340e-01,-1.118239021301269531e+01,6.000000000000000000e+00,6.000000000000000000e+00
-1.819547295570373535e+00,-7.585440158843994141e+00,6.000000000000000000e+00,6.000000000000000000e+00
-5.269463539123535156e+00,-8.266395568847656250e+00,6.000000000000000000e+00,6.000000000000000000e+00
-1.158339262008666992e+00,-1.269159221649169922e+01,6.000000000000000000e+00,6.000000000000000000e+00
5.605988025665283203e+00,1.895584315061569214e-01,6.000000000000000000e+00,6.000000000000000000e+00
4.093407154083251953e+00,-3.356064796447753906e+00,6.000000000000000000e+00,6.000000000000000000e+00
4.509658217430114746e-01,-1.602949738502502441e+00,6.000000000000000000e+00,6.000000000000000000e+00
5.297381877899169922e+00,2.917310455814003944e-03,6.000000000000000000e+00,6.000000000000000000e+00
2.870589971542358398e+00,-2.254008769989013672e+00,6.000000000000000000e+00,6.000000000000000000e+00
-4.060683250427246094e+00,-5.236736297607421875e+00,6.000000000000000000e+00,6.000000000000000000e+00
-2.808841466903686523e+00,-4.603752136230468750e+00,6.000000000000000000e+00,6.000000000000000000e+00
3.481860160827636719e+00,-7.363985180854797363e-01,6.000000000000000000e+00,6.000000000000000000e+00
-3.542538642883300781e+00,-3.420684337615966797e+00,6.000000000000000000e+00,6.000000000000000000e+00
-1.706803917884826660e+00,-9.960376739501953125e+00,6.000000000000000000e+00,6.000000000000000000e+00
6.206677556037902832e-01,-9.564613342285156250e+00,6.000000000000000000e+00,6.000000000000000000e+00
-5.281146049499511719e+00,-8.549059867858886719e+00,6.000000000000000000e+00,6.000000000000000000e+00
-6.991750001907348633e-01,-1.148779392242431641e+01,6.000000000000000000e+00,6.000000000000000000e+00
3.726935863494873047e+00,-9.793717265129089355e-01,6.000000000000000000e+00,6.000000000000000000e+00
7.780396938323974609e-01,-8.586905479431152344e+00,6.000000000000000000e+00,6.000000000000000000e+00
-2.954847812652587891e+00,-1.029103279113769531e+01,6.000000000000000000e+00,6.000000000000000000e+00
-3.371977329254150391e+00,-3.935063123703002930e+00,6.000000000000000000e+00,6.000000000000000000e+00
-4.209114074707031250e+00,-1.092101287841796875e+01,6.000000000000000000e+00,6.000000000000000000e+00
-5.115459918975830078e+00,-9.298160552978515625e+00,6.000000000000000000e+00,6.000000000000000000e+00
5.185394763946533203e+00,-3.854718059301376343e-02,6.000000000000000000e+00,6.000000000000000000e+00
2.010124921798706055e+00,-1.099199771881103516e+01,6.000000000000000000e+00,6.000000000000000000e+00
-3.641021013259887695e+00,-1.211632061004638672e+01,6.000000000000000000e+00,6.000000000000000000e+00
-4.108161926269531250e-01,-1.132639026641845703e+01,6.000000000000000000e+00,6.000000000000000000e+00
8.461241722106933594e-01,-7.337236404418945312e+00,6.000000000000000000e+00,6.000000000000000000e+00
-3.797999143600463867e+00,-1.069002246856689453e+01,6.000000000000000000e+00,6.000000000000000000e+00
-1.446474671363830566e+00,-7.254112243652343750e+00,6.000000000000000000e+00,6.000000000000000000e+00
-1.266799330711364746e+00,-7.158765792846679688e+00,6.000000000000000000e+00,6.000000000000000000e+00
4.859371662139892578e+00,-6.304618120193481445e-01,6.000000000000000000e+00,6.000000000000000000e+00
-2.874251842498779297e+00,-2.866509914398193359e+00,6.000000000000000000e+00,6.000000000000000000e+00
2.854391336441040039e+00,-2.472922325134277344e+00,6.000000000000000000e+00,6.000000000000000000e+00
-8.637210726737976074e-01,-1.068632030487060547e+01,6.000000000000000000e+00,6.000000000000000000e+00
-3.406032800674438477e+00,-3.780567407608032227e+00,6.000000000000000000e+00,6.000000000000000000e+00
-4.499579906463623047e+00,-6.372648715972900391e+00,6.000000000000000000e+00,6.000000000000000000e+00
-5.276653289794921875e+00,-8.529628753662109375e+00,6.000000000000000000e+00,6.000000000000000000e+00
4.346644878387451172e+00,-7.610312104225158691e-01,6.000000000000000000e+00,6.000000000000000000e+00
-4.896700382232666016e+00,-9.325058937072753906e+00,6.000000000000000000e+00,6.000000000000000000e+00
3.191819429397583008e+00,7.311005145311355591e-02,6.000000000000000000e+00,6.000000000000000000e+00
3.767281472682952881e-01,-7.892380237579345703e+00,6.000000000000000000e+00,6.000000000000000000e+00
1.688572168350219727e+00,-1.195211648941040039e+00,6.000000000000000000e+00,6.000000000000000000e+00
2.663290262222290039e+00,-3.319374799728393555e+00,6.000000000000000000e+00,6.000000000000000000e+00
-5.310295820236206055e-01,-1.069472217559814453e+01,6.000000000000000000e+00,6.000000000000000000e+00
7.640200138092041016e+00,-7.191912531852722168e-01,6.000000000000000000e+00,6.000000000000000000e+00
4.945155084133148193e-01,-1.146160316467285156e+01,6.000000000000000000e+00,6.000000000000000000e+00
5.329764366149902344e+00,-2.567317008972167969e+00,6.000000000000000000e+00,6.000000000000000000e+00
-3.792657256126403809e-01,-1.203046321868896484e+01,6.000000000000000000e+00,6.000000000000000000e+00
-2.193391472101211548e-01,-2.430628538131713867e+00,6.000000000000000000e+00,6.000000000000000000e+00
-4.253426194190979004e-01,-1.121025753021240234e+01,6.000000000000000000e+00,6.000000000000000000e+00
1.217888236045837402e+00,-1.074849987030029297e+01,6.000000000000000000e+00,6.000000000000000000e+00
5.992611646652221680e-01,-7.810642242431640625e+00,6.000000000000000000e+00,6.000000000000000000e+00
4.719098091125488281e+00,-2.370234966278076172e+00,6.000000000000000000e+00,6.000000000000000000e+00
-3.899806976318359375e+00,-1.154457950592041016e+01,6.000000000000000000e+00,6.000000000000000000e+00
1.279551625251770020e+00,-8.301687240600585938e+00,6.000000000000000000e+00,6.000000000000000000e+00
1.011833310127258301e+00,-1.422367215156555176e+00,6.000000000000000000e+00,6.000000000000000000e+00
-3.872250080108642578e+00,-1.114600563049316406e+01,6.000000000000000000e+00,6.000000000000000000e+00
-5.110906600952148438e+00,-8.729837417602539062e+00,6.000000000000000000e+00,6.000000000000000000e+00
-5.218265056610107422e+00,-7.890354633331298828e+00,6.000000000000000000e+00,6.000000000000000000e+00
7.430002689361572266e+00,-5.838752985000610352e-01,6.000000000000000000e+00,6.000000000000000000e+00
-3.613133907318115234e+00,-1.062679100036621094e+01,6.000000000000000000e+00,6.000000000000000000e+00
3.280946254730224609e+00,-1.499025583267211914e+00,6.000000000000000000e+00,6.000000000000000000e+00
-2.679644227027893066e-01,-1.183701133728027344e+01,6.000000000000000000e+00,6.000000000000000000e+00
8.453747630119323730e-01,-9.040496826171875000e+00,6.000000000000000000e+00,6.000000000000000000e+00
5.194560050964355469e+00,9.098857641220092773e-01,6.000000000000000000e+00,6.000000000000000000e+00
-3.923873662948608398e+00,-6.058722972869873047e+00,6.000000000000000000e+00,6.000000000000000000e+00
-6.912984848022460938e-01,-3.740904092788696289e+00,6.000000000000000000e+00,6.000000000000000000e+00
4.911173343658447266e+00,-2.157851219177246094e+00,6.000000000000000000e+00,6.000000000000000000e+00
-2.451739788055419922e+00,-2.625437259674072266e+00,6.000000000000000000e+00,6.000000000000000000e+00
-4.317391872406005859e+00,-6.727746963500976562e+00,6.000000000000000000e+00,6.000000000000000000e+00
3.151305019855499268e-01,-1.197282409667968750e+01,6.000000000000000000e+00,6.000000000000000000e+00
6.006742715835571289e-01,-1.102314758300781250e+01,6.000000000000000000e+00,6.000000000000000000e+00
-4.608369350433349609e+00,-1.033197689056396484e+01,6.000000000000000000e+00,6.000000000000000000e+00
-5.365618467330932617e-01,-3.307513236999511719e+00,6.000000000000000000e+00,6.000000000000000000e+00
1.542153716087341309e+00,-9.875846862792968750e+00,6.000000000000000000e+00,6.000000000000000000e+00
-3.455208063125610352e+00,-1.058966350555419922e+01,6.000000000000000000e+00,6.000000000000000000e+00
-3.934947013854980469e+00,-4.959782123565673828e+00,6.000000000000000000e+00,6.000000000000000000e+00
-2.155250549316406250e+00,-2.427060365676879883e+00,6.000000000000000000e+00,6.000000000000000000e+00
1.170740127563476562e+00,-8.706022262573242188e+00,6.000000000000000000e+00,6.000000000000000000e+00
3.201700687408447266e+00,-1.985894083976745605e+00,6.000000000000000000e+00,6.000000000000000000e+00
-2.068972826004028320e+00,-2.763011932373046875e+00,6.000000000000000000e+00,6.000000000000000000e+00
-5.630044341087341309e-01,-1.226108264923095703e+01,6.000000000000000000e+00,6.000000000000000000e+00
6.236557483673095703e+00,3.244141116738319397e-02,6.000000000000000000e+00,6.000000000000000000e+00
1.074191451072692871e+00,-1.408769726753234863e+00,6.000000000000000000e+00,6.000000000000000000e+00
-2.511074542999267578e+00,-9.663032531738281250e+00,6.000000000000000000e+00,6.000000000000000000e+00
-4.115516662597656250e+00,-5.591032981872558594e+00,6.000000000000000000e+00,6.000000000000000000e+00
-1.307243227958679199e+00,-3.927491188049316406e+00,6.000000000000000000e+00,6.000000000000000000e+00
-3.306625843048095703e+00,-3.755740165710449219e+00,6.000000000000000000e+00,6.000000000000000000e+00
-9.507943391799926758e-01,-2.585191011428833008e+00,6.000000000000000000e+00,6.000000000000000000e+00
3.516341209411621094e+00,-9.765683412551879883e-01,6.000000000000000000e+00,6.000000000000000000e+00
-9.463850259780883789e-01,-1.268083286285400391e+01,6.000000000000000000e+00,6.000000000000000000e+00
-9.085571169853210449e-01,-1.213822269439697266e+01,6.000000000000000000e+00,6.000000000000000000e+00
-3.710989475250244141e+00,-1.166007232666015625e+01,6.000000000000000000e+00,6.000000000000000000e+00
4.386808395385742188e+00,-1.014243960380554199e+00,6.000000000000000000e+00,6.000000000000000000e+00
4.986228466033935547e+00,-1.697601795196533203e+00,6.000000000000000000e+00,6.000000000000000000e+00
5.025800228118896484e+00,3.664305806159973145e-02,6.000000000000000000e+00,6.000000000000000000e+00
1.366887331008911133e+00,-8.326388359069824219e+00,6.000000000000000000e+00,6.000000000000000000e+00
-3.032260179519653320e+00,-3.336020469665527344e+00,6.000000000000000000e+00,6.000000000000000000e+00
-2.747743844985961914e+00,-3.907751798629760742e+00,6.000000000000000000e+00,6.000000000000000000e+00
5.491572380065917969e+00,5.454311519861221313e-02,6.000000000000000000e+00,6.000000000000000000e+00
3.434629201889038086e+00,-1.129525542259216309e+00,6.000000000000000000e+00,6.000000000000000000e+00
-2.639489173889160156e+00,-2.720466136932373047e+00,6.000000000000000000e+00,6.000000000000000000e+00
-2.526048421859741211e+00,-3.438411712646484375e+00,6.000000000000000000e+00,6.000000000000000000e+00
4.687320709228515625e+00,-5.553521513938903809e-01,6.000000000000000000e+00,6.000000000000000000e+00
6.252524852752685547e-01,-1.025083923339843750e+01,6.000000000000000000e+00,6.000000000000000000e+00
4.188898086547851562e+00,-3.449452161788940430e+00,6.000000000000000000e+00,6.000000000000000000e+00
-6.697943806648254395e-01,-2.382296800613403320e+00,6.000000000000000000e+00,6.000000000000000000e+00
-4.155685901641845703e+00,-1.021902561187744141e+01,6.000000000000000000e+00,6.000000000000000000e+00
-5.230487823486328125e+00,-8.719711303710937500e+00,6.000000000000000000e+00,6.000000000000000000e+00
-4.892965316772460938e+00,-7.033185482025146484e+00,6.000000000000000000e+00,6.000000000000000000e+00
8.629753589630126953e-01,-7.232893466949462891e+00,6.000000000000000000e+00,6.000000000000000000e+00
1.364654302597045898e+00,-1.049424934387207031e+01,6.000000000000000000e+00,6.000000000000000000e+00
6.945384502410888672e+00,-2.741414308547973633e-01,6.000000000000000000e+00,6.000000000000000000e+00
-5.096093654632568359e+00,-7.684823513031005859e+00,6.000000000000000000e+00,6.000000000000000000e+00
-4.437803268432617188e+00,-1.071064567565917969e+01,6.000000000000000000e+00,6.000000000000000000e+00
3.132562637329101562e+00,-6.764495372772216797e-01,6.000000000000000000e+00,6.000000000000000000e+00
7.448557853698730469e+00,-6.013677120208740234e-01,6.000000000000000000e+00,6.000000000000000000e+00
-2.429334402084350586e+00,-3.982735872268676758e+00,6.000000000000000000e+00,6.000000000000000000e+00
-5.213475227355957031e+00,-8.692019462585449219e+00,6.000000000000000000e+00,6.000000000000000000e+00
-2.507462501525878906e+00,-2.662016630172729492e+00,6.000000000000000000e+00,6.000000000000000000e+00
2.961664915084838867e+00,-1.675292253494262695e+00,6.000000000000000000e+00,6.000000000000000000e+00
3.537131309509277344e+00,-1.289838671684265137e+00,6.000000000000000000e+00,6.000000000000000000e+00
6.269144058227539062e+00,2.456061355769634247e-02,6.000000000000000000e+00,6.000000000000000000e+00
2.897986412048339844e+00,-9.987945556640625000e-01,6.000000000000000000e+00,6.000000000000000000e+00
3.630649328231811523e+00,-1.370276808738708496e+00,6.000000000000000000e+00,6.000000000000000000e+00
5.109151840209960938e+00,-3.474187254905700684e-01,6.000000000000000000e+00,6.000000000000000000e+00
4.963127613067626953e+00,-4.297823011875152588e-01,6.000000000000000000e+00,6.000000000000000000e+00
6.662173271179199219e-01,-1.601485610008239746e+00,6.000000000000000000e+00,6.000000000000000000e+00
5.071288108825683594e+00,-1.201871857047080994e-01,6.000000000000000000e+00,6.000000000000000000e+00
-9.127303123474121094e+00,-5.248032379150390625e+01,7.000000000000000000e+00,7.000000000000000000e+00
-1.131622123718261719e+01,-5.839326095581054688e+01,7.000000000000000000e+00,7.000000000000000000e+00
-1.654026222229003906e+01,-6.986208343505859375e+01,7.000000000000000000e+00,7.000000000000000000e+00
-1.098229408264160156e+01,-5.756979370117187500e+01,7.000000000000000000e+00,7.000000000000000000e+00
-1.279594993591308594e+01,-6.182490158081054688e+01,7.000000000000000000e+00,7.000000000000000000e+00
-1.768376541137695312e+01,-7.234935760498046875e+01,7.000000000000000000e+00,7.000000000000000000e+00
-1.653060150146484375e+01,-6.983657836914062500e+01,7.000000000000000000e+00,7.000000000000000000e+00
-1.100234508514404297e+01,-5.761198806762695312e+01,7.000000000000000000e+00,7.000000000000000000e+00
-7.635236740112304688e+00,-4.712257003784179688e+01,7.000000000000000000e+00,7.000000000000000000e+00
-1.529339504241943359e+01,-6.718518066406250000e+01,7.000000000000000000e+00,7.000000000000000000e+00
-7.549162387847900391e+00,-4.679459381103515625e+01,7.000000000000000000e+00,7.000000000000000000e+00
-8.287801742553710938e+00,-4.960079574584960938e+01,7.000000000000000000e+00,7.000000000000000000e+00
-1.282133865356445312e+01,-6.188290786743164062e+01,7.000000000000000000e+00,7.000000000000000000e+00
-8.803613662719726562e+00,-5.136317443847656250e+01,7.000000000000000000e+00,7.000000000000000000e+00
-9.515006065368652344e+00,-5.364992904663085938e+01,7.000000000000000000e+00,7.000000000000000000e+00
-1.587591171264648438e+01,-6.843366241455078125e+01,7.000000000000000000e+00,7.000000000000000000e+00
-1.633129310607910156e+01,-6.940764617919921875e+01,7.000000000000000000e+00,7.000000000000000000e+00
-1.800820159912109375e+01,-7.303126525878906250e+01,7.000000000000000000e+00,7.000000000000000000e+00
-7.348023891448974609e+00,-4.601802444458007812e+01,7.000000000000000000e+00,7.000000000000000000e+00
-1.264997005462646484e+01,-6.151458358764648438e+01,7.000000000000000000e+00,7.000000000000000000e+00
-9.504258155822753906e+00,-5.361971282958984375e+01,7.000000000000000000e+00,7.000000000000000000e+00
-1.674306678771972656e+01,-7.029675292968750000e+01,7.000000000000000000e+00,7.000000000000000000e+00
-1.243539810180664062e+01,-6.103116607666015625e+01,7.000000000000000000e+00,7.000000000000000000e+00
-8.161972045898437500e+00,-4.912484741210937500e+01,7.000000000000000000e+00,7.000000000000000000e+00
-7.849067211151123047e+00,-4.794340896606445312e+01,7.000000000000000000e+00,7.000000000000000000e+00
-1.074707221984863281e+01,-5.697430038452148438e+01,7.000000000000000000e+00,7.000000000000000000e+00
-1.229911327362060547e+01,-6.072442626953125000e+01,7.000000000000000000e+00,7.000000000000000000e+00
-1.693536949157714844e+01,-7.072000122070312500e+01,7.000000000000000000e+00,7.000000000000000000e+00
-1.763538360595703125e+01,-7.224021911621093750e+01,7.000000000000000000e+00,7.000000000000000000e+00
-1.743534469604492188e+01,-7.179236602783203125e+01,7.000000000000000000e+00,7.000000000000000000e+00
-9.767977714538574219e+00,-5.437839508056640625e+01,7.000000000000000000e+00,7.000000000000000000e+00
-1.111580467224121094e+01,-5.789795303344726562e+01,7.000000000000000000e+00,7.000000000000000000e+00
-1.223180389404296875e+01,-6.057128524780273438e+01,7.000000000000000000e+00,7.000000000000000000e+00
-1.385154628753662109e+01,-6.411359405517578125e+01,7.000000000000000000e+00,7.000000000000000000e+00
-1.253692626953125000e+01,-6.125687789916992188e+01,7.000000000000000000e+00,7.000000000000000000e+00
-1.016414356231689453e+01,-5.545953369140625000e+01,7.000000000000000000e+00,7.000000000000000000e+00
-1.267790508270263672e+01,-6.156711196899414062e+01,7.000000000000000000e+00,7.000000000000000000e+00
-1.257668399810791016e+01,-6.134519195556640625e+01,7.000000000000000000e+00,7.000000000000000000e+00
-1.570267009735107422e+01,-6.805971527099609375e+01,7.000000000000000000e+00,7.000000000000000000e+00
-1.699012756347656250e+01,-7.083515167236328125e+01,7.000000000000000000e+00,7.000000000000000000e+00
-1.011894607543945312e+01,-5.534241104125976562e+01,7.000000000000000000e+00,7.000000000000000000e+00
-7.305177211761474609e+00,-4.585268783569335938e+01,7.000000000000000000e+00,7.000000000000000000e+00
-1.048122024536132812e+01,-5.629259872436523438e+01,7.000000000000000000e+00,7.000000000000000000e+00
-7.273562908172607422e+00,-4.572420501708984375e+01,7.000000000000000000e+00,7.000000000000000000e+00
-1.529027748107910156e+01,-6.717887878417968750e+01,7.000000000000000000e+00,7.000000000000000000e+00
-1.581149101257324219e+01,-6.829443359375000000e+01,7.000000000000000000e+00,7.000000000000000000e+00
-1.015795135498046875e+01,-5.544309616088867188e+01,7.000000000000000000e+00,7.000000000000000000e+00
-8.956212997436523438e+00,-5.194686508178710938e+01,7.000000000000000000e+00,7.000000000000000000e+00
-1.077364921569824219e+01,-5.703850555419921875e+01,7.000000000000000000e+00,7.000000000000000000e+00
-8.921483993530273438e+00,-5.177780151367187500e+01,7.000000000000000000e+00,7.000000000000000000e+00
-1.177927207946777344e+01,-5.951823043823242188e+01,7.000000000000000000e+00,7.000000000000000000e+00
-1.419492340087890625e+01,-6.485335540771484375e+01,7.000000000000000000e+00,7.000000000000000000e+00
-1.064395618438720703e+01,-5.670940017700195312e+01,7.000000000000000000e+00,7.000000000000000000e+00
-1.797111129760742188e+01,-7.285061645507812500e+01,7.000000000000000000e+00,7.000000000000000000e+00
-1.089435672760009766e+01,-5.734766387939453125e+01,7.000000000000000000e+00,7.000000000000000000e+00
-1.769355583190917969e+01,-7.264898681640625000e+01,7.000000000000000000e+00,7.000000000000000000e+00
-1.172286033630371094e+01,-5.938380813598632812e+01,7.000000000000000000e+00,7.000000000000000000e+00
-1.277542400360107422e+01,-6.178139114379882812e+01,7.000000000000000000e+00,7.000000000000000000e+00
-1.203836345672607422e+01,-6.012169647216796875e+01,7.000000000000000000e+00,7.000000000000000000e+00
-8.212529182434082031e+00,-4.931686019897460938e+01,7.000000000000000000e+00,7.000000000000000000e+00
-1.100605010986328125e+01,-5.762136840820312500e+01,7.000000000000000000e+00,7.000000000000000000e+00
-1.550796127319335938e+01,-6.764198303222656250e+01,7.000000000000000000e+00,7.000000000000000000e+00
-1.712463569641113281e+01,-7.113067626953125000e+01,7.000000000000000000e+00,7.000000000000000000e+00
-7.658125877380371094e+00,-4.721580505371093750e+01,7.000000000000000000e+00,7.000000000000000000e+00
-9.461287498474121094e+00,-5.349087905883789062e+01,7.000000000000000000e+00,7.000000000000000000e+00
-7.174750328063964844e+00,-4.534637451171875000e+01,7.000000000000000000e+00,7.000000000000000000e+00
-1.281955432891845703e+01,-6.188227081298828125e+01,7.000000000000000000e+00,7.000000000000000000e+00
-1.673578834533691406e+01,-7.028304290771484375e+01,7.000000000000000000e+00,7.000000000000000000e+00
-1.521758747100830078e+01,-6.701998138427734375e+01,7.000000000000000000e+00,7.000000000000000000e+00
-1.783152580261230469e+01,-7.285916137695312500e+01,7.000000000000000000e+00,7.000000000000000000e+00
-8.123668670654296875e+00,-4.899011230468750000e+01,7.000000000000000000e+00,7.000000000000000000e+00
-1.769774436950683594e+01,-7.260128784179687500e+01,7.000000000000000000e+00,7.000000000000000000e+00
-7.238265991210937500e+00,-4.559342575073242188e+01,7.000000000000000000e+00,7.000000000000000000e+00
-9.565842628479003906e+00,-5.380846023559570312e+01,7.000000000000000000e+00,7.000000000000000000e+00
-1.678670501708984375e+01,-7.039666748046875000e+01,7.000000000000000000e+00,7.000000000000000000e+00
-1.163197612762451172e+01,-5.916284561157226562e+01,7.000000000000000000e+00,7.000000000000000000e+00
-1.500867080688476562e+01,-6.658252716064453125e+01,7.000000000000000000e+00,7.000000000000000000e+00
-1.798754310607910156e+01,-7.271775054931640625e+01,7.000000000000000000e+00,7.000000000000000000e+00
-8.190372467041015625e+00,-4.924014663696289062e+01,7.000000000000000000e+00,7.000000000000000000e+00
-8.478384971618652344e+00,-5.027973556518554688e+01,7.000000000000000000e+00,7.000000000000000000e+00
-1.133017158508300781e+01,-5.843104171752929688e+01,7.000000000000000000e+00,7.000000000000000000e+00
-1.529788589477539062e+01,-6.719668579101562500e+01,7.000000000000000000e+00,7.000000000000000000e+00
-7.881170272827148438e+00,-4.806539535522460938e+01,7.000000000000000000e+00,7.000000000000000000e+00
-9.587939262390136719e+00,-5.387533187866210938e+01,7.000000000000000000e+00,7.000000000000000000e+00
-7.218769073486328125e+00,-4.552128982543945312e+01,7.000000000000000000e+00,7.000000000000000000e+00
-1.275502872467041016e+01,-6.173856353759765625e+01,7.000000000000000000e+00,7.000000000000000000e+00
-8.746116638183593750e+00,-5.117098236083984375e+01,7.000000000000000000e+00,7.000000000000000000e+00
-1.801334571838378906e+01,-7.312683868408203125e+01,7.000000000000000000e+00,7.000000000000000000e+00
-1.795944213867187500e+01,-7.286761474609375000e+01,7.000000000000000000e+00,7.000000000000000000e+00
-8.925443649291992188e+00,-5.184012222290039062e+01,7.000000000000000000e+00,7.000000000000000000e+00
-1.454399871826171875e+01,-6.559128570556640625e+01,7.000000000000000000e+00,7.000000000000000000e+00
-1.443509387969970703e+01,-6.536156463623046875e+01,7.000000000000000000e+00,7.000000000000000000e+00
-1.384005165100097656e+01,-6.409407043457031250e+01,7.000000000000000000e+00,7.000000000000000000e+00
-1.464874935150146484e+01,-6.581319427490234375e+01,7.000000000000000000e+00,7.000000000000000000e+00
-8.766531944274902344e+00,-5.123445892333984375e+01,7.000000000000000000e+00,7.000000000000000000e+00
-1.178939151763916016e+01,-5.954455566406250000e+01,7.000000000000000000e+00,7.000000000000000000e+00
-1.733589363098144531e+01,-7.158354187011718750e+01,7.000000000000000000e+00,7.000000000000000000e+00
-9.830054283142089844e+00,-5.456293106079101562e+01,7.000000000000000000e+00,7.000000000000000000e+00
-1.138224983215332031e+01,-5.855645751953125000e+01,7.000000000000000000e+00,7.000000000000000000e+00
-7.043819904327392578e+00,-4.481046676635742188e+01,7.000000000000000000e+00,7.000000000000000000e+00
-1.160783100128173828e+01,-5.910734558105468750e+01,7.000000000000000000e+00,7.000000000000000000e+00
-1.737600517272949219e+01,-7.166790771484375000e+01,7.000000000000000000e+00,7.000000000000000000e+00
-7.067054271697998047e+00,-4.492380905151367188e+01,7.000000000000000000e+00,7.000000000000000000e+00
-1.688542938232421875e+01,-7.060672760009765625e+01,7.000000000000000000e+00,7.000000000000000000e+00
-1.699210166931152344e+01,-7.083957672119140625e+01,7.000000000000000000e+00,7.000000000000000000e+00
-8.817618370056152344e+00,-5.140426635742187500e+01,7.000000000000000000e+00,7.000000000000000000e+00
-1.423288536071777344e+01,-6.493373107910156250e+01,7.000000000000000000e+00,7.000000000000000000e+00
-7.132068157196044922e+00,-4.517977142333984375e+01,7.000000000000000000e+00,7.000000000000000000e+00
-1.077927017211914062e+01,-5.705358123779296875e+01,7.000000000000000000e+00,7.000000000000000000e+00
-1.140593433380126953e+01,-5.861359405517578125e+01,7.000000000000000000e+00,7.000000000000000000e+00
-8.522622108459472656e+00,-5.149720764160156250e+01,7.000000000000000000e+00,7.000000000000000000e+00
-7.414370536804199219e+00,-4.627924346923828125e+01,7.000000000000000000e+00,7.000000000000000000e+00
-7.176212787628173828e+00,-4.535029602050781250e+01,7.000000000000000000e+00,7.000000000000000000e+00
-7.088647842407226562e+00,-4.500817108154296875e+01,7.000000000000000000e+00,7.000000000000000000e+00
-1.189205265045166016e+01,-5.978178405761718750e+01,7.000000000000000000e+00,7.000000000000000000e+00
-9.540904998779296875e+00,-5.373772811889648438e+01,7.000000000000000000e+00,7.000000000000000000e+00
-1.002463912963867188e+01,-5.509099197387695312e+01,7.000000000000000000e+00,7.000000000000000000e+00
-8.792027473449707031e+00,-5.135850524902343750e+01,7.000000000000000000e+00,7.000000000000000000e+00
-1.370306873321533203e+01,-6.379972076416015625e+01,7.000000000000000000e+00,7.000000000000000000e+00
-1.770978164672851562e+01,-7.240735626220703125e+01,7.000000000000000000e+00,7.000000000000000000e+00
-1.128638648986816406e+01,-5.831816864013671875e+01,7.000000000000000000e+00,7.000000000000000000e+00
-1.423137092590332031e+01,-6.493077087402343750e+01,7.000000000000000000e+00,7.000000000000000000e+00
-1.776048278808593750e+01,-7.248805999755859375e+01,7.000000000000000000e+00,7.000000000000000000e+00
-7.974881172180175781e+00,-4.842424392700195312e+01,7.000000000000000000e+00,7.000000000000000000e+00
-1.392917346954345703e+01,-6.428370666503906250e+01,7.000000000000000000e+00,7.000000000000000000e+00
-8.297396659851074219e+00,-4.962930679321289062e+01,7.000000000000000000e+00,7.000000000000000000e+00
-9.545042037963867188e+00,-5.375275802612304688e+01,7.000000000000000000e+00,7.000000000000000000e+00
-1.595346641540527344e+01,-6.859819793701171875e+01,7.000000000000000000e+00,7.000000000000000000e+00
-1.197408103942871094e+01,-5.997157287597656250e+01,7.000000000000000000e+00,7.000000000000000000e+00
-9.319120407104492188e+00,-5.307809829711914062e+01,7.000000000000000000e+00,7.000000000000000000e+00
-7.094296932220458984e+00,-4.502251434326171875e+01,7.000000000000000000e+00,7.000000000000000000e+00
-1.062541961669921875e+01,-5.666242599487304688e+01,7.000000000000000000e+00,7.000000000000000000e+00
-1.773255538940429688e+01,-7.243485260009765625e+01,7.000000000000000000e+00,7.000000000000000000e+00
-9.996555328369140625e+00,-5.501966094970703125e+01,7.000000000000000000e+00,7.000000000000000000e+00
-1.320180606842041016e+01,-6.270922088623046875e+01,7.000000000000000000e+00,7.000000000000000000e+00
-8.038954734802246094e+00,-4.866455078125000000e+01,7.000000000000000000e+00,7.000000000000000000e+00
-1.674714469909667969e+01,-7.030580902099609375e+01,7.000000000000000000e+00,7.000000000000000000e+00
-7.083149909973144531e+00,-4.498597335815429688e+01,7.000000000000000000e+00,7.000000000000000000e+00
-1.005006694793701172e+01,-5.516028594970703125e+01,7.000000000000000000e+00,7.000000000000000000e+00
-1.441508579254150391e+01,-6.532335662841796875e+01,7.000000000000000000e+00,7.000000000000000000e+00
-1.191854095458984375e+01,-5.984719467163085938e+01,7.000000000000000000e+00,7.000000000000000000e+00
-1.336640739440917969e+01,-6.306415939331054688e+01,7.000000000000000000e+00,7.000000000000000000e+00
-1.592595386505126953e+01,-6.854093933105468750e+01,7.000000000000000000e+00,7.000000000000000000e+00
-1.608413314819335938e+01,-6.888230895996093750e+01,7.000000000000000000e+00,7.000000000000000000e+00
-7.522868156433105469e+00,-4.669218063354492188e+01,7.000000000000000000e+00,7.000000000000000000e+00
-1.194694137573242188e+01,-5.991442489624023438e+01,7.000000000000000000e+00,7.000000000000000000e+00
-1.689787864685058594e+01,-7.063714599609375000e+01,7.000000000000000000e+00,7.000000000000000000e+00
-1.091921997070312500e+01,-5.741276931762695312e+01,7.000000000000000000e+00,7.000000000000000000e+00
-1.243320846557617188e+01,-6.102593994140625000e+01,7.000000000000000000e+00,7.000000000000000000e+00
-7.676938056945800781e+00,-4.728387069702148438e+01,7.000000000000000000e+00,7.000000000000000000e+00
-1.498011207580566406e+01,-6.651991271972656250e+01,7.000000000000000000e+00,7.000000000000000000e+00
-1.008329963684082031e+01,-5.524811553955078125e+01,7.000000000000000000e+00,7.000000000000000000e+00
-1.700312995910644531e+01,-7.086801910400390625e+01,7.000000000000000000e+00,7.000000000000000000e+00
-9.940505981445312500e+00,-5.485834884643554688e+01,7.000000000000000000e+00,7.000000000000000000e+00
-1.791844177246093750e+01,-7.254885864257812500e+01,7.000000000000000000e+00,7.000000000000000000e+00
-1.413695144653320312e+01,-6.473751068115234375e+01,7.000000000000000000e+00,7.000000000000000000e+00
-8.231808662414550781e+00,-4.938114547729492188e+01,7.000000000000000000e+00,7.000000000000000000e+00
-7.700851917266845703e+00,-4.737580490112304688e+01,7.000000000000000000e+00,7.000000000000000000e+00
-8.453131675720214844e+00,-5.017575454711914062e+01,7.000000000000000000e+00,7.000000000000000000e+00
-9.734731674194335938e+00,-5.428571319580078125e+01,7.000000000000000000e+00,7.000000000000000000e+00
-1.180584812164306641e+01,-5.958242416381835938e+01,7.000000000000000000e+00,7.000000000000000000e+00
-1.175492858886718750e+01,-5.946284484863281250e+01,7.000000000000000000e+00,7.000000000000000000e+00
-1.584523200988769531e+01,-6.836637878417968750e+01,7.000000000000000000e+00,7.000000000000000000e+00
-1.142052745819091797e+01,-5.864723205566406250e+01,7.000000000000000000e+00,7.000000000000000000e+00
-1.560587406158447266e+01,-6.785066986083984375e+01,7.000000000000000000e+00,7.000000000000000000e+00
-7.093858242034912109e+00,-4.502575302124023438e+01,7.000000000000000000e+00,7.000000000000000000e+00
-7.714713096618652344e+00,-4.743025588989257812e+01,7.000000000000000000e+00,7.000000000000000000e+00
-1.796940040588378906e+01,-7.265898132324218750e+01,7.000000000000000000e+00,7.000000000000000000e+00
-7.823946475982666016e+00,-4.784813690185546875e+01,7.000000000000000000e+00,7.000000000000000000e+00
-1.186785507202148438e+01,-5.972639083862304688e+01,7.000000000000000000e+00,7.000000000000000000e+00
-1.748814582824707031e+01,-7.190844726562500000e+01,7.000000000000000000e+00,7.000000000000000000e+00
-7.088045597076416016e+00,-4.499927902221679688e+01,7.000000000000000000e+00,7.000000000000000000e+00
-8.938873291015625000e+00,-5.193677139282226562e+01,7.000000000000000000e+00,7.000000000000000000e+00
-1.483658027648925781e+01,-6.621509552001953125e+01,7.000000000000000000e+00,7.000000000000000000e+00
-8.137487411499023438e+00,-4.903526687622070312e+01,7.000000000000000000e+00,7.000000000000000000e+00
-1.066414451599121094e+01,-5.676096343994140625e+01,7.000000000000000000e+00,7.000000000000000000e+00
-1.663635826110839844e+01,-7.006352996826171875e+01,7.000000000000000000e+00,7.000000000000000000e+00
-8.011603355407714844e+00,-4.856072235107421875e+01,7.000000000000000000e+00,7.000000000000000000e+00
-7.835856914520263672e+00,-4.789538955688476562e+01,7.000000000000000000e+00,7.000000000000000000e+00
-1.671008300781250000e+01,-7.022788238525390625e+01,7.000000000000000000e+00,7.000000000000000000e+00
-7.777081966400146484e+00,-4.766730117797851562e+01,7.000000000000000000e+00,7.000000000000000000e+00
-9.780185699462890625e+00,-5.441769409179687500e+01,7.000000000000000000e+00,7.000000000000000000e+00
-1.540923309326171875e+01,-6.743237304687500000e+01,7.000000000000000000e+00,7.000000000000000000e+00
-7.379572391510009766e+00,-4.613719558715820312e+01,7.000000000000000000e+00,7.000000000000000000e+00
-1.787469863891601562e+01,-7.253276062011718750e+01,7.000000000000000000e+00,7.000000000000000000e+00
-1.545766353607177734e+01,-6.753430175781250000e+01,7.000000000000000000e+00,7.000000000000000000e+00
-7.435768604278564453e+00,-4.635847473144531250e+01,7.000000000000000000e+00,7.000000000000000000e+00
-7.170108795166015625e+00,-4.533197784423828125e+01,7.000000000000000000e+00,7.000000000000000000e+00
-1.778680229187011719e+01,-7.284590911865234375e+01,7.000000000000000000e+00,7.000000000000000000e+00
-7.233890056610107422e+00,-4.558134841918945312e+01,7.000000000000000000e+00,7.000000000000000000e+00
-1.636532211303710938e+01,-6.948161315917968750e+01,7.000000000000000000e+00,7.000000000000000000e+00
-8.496766090393066406e+00,-5.035507965087890625e+01,7.000000000000000000e+00,7.000000000000000000e+00
-1.666836929321289062e+01,-7.013615417480468750e+01,7.000000000000000000e+00,7.000000000000000000e+00
-8.946416854858398438e+00,-5.187290191650390625e+01,7.000000000000000000e+00,7.000000000000000000e+00
-9.013491630554199219e+00,-5.210922241210937500e+01,7.000000000000000000e+00,7.000000000000000000e+00
-1.407028865814208984e+01,-6.458900451660156250e+01,7.000000000000000000e+00,7.000000000000000000e+00
-7.955953598022460938e+00,-4.835277557373046875e+01,7.000000000000000000e+00,7.000000000000000000e+00
-1.509457683563232422e+01,-6.676407623291015625e+01,7.000000000000000000e+00,7.000000000000000000e+00
-1.331172561645507812e+01,-6.294540786743164062e+01,7.000000000000000000e+00,7.000000000000000000e+00
-1.431867408752441406e+01,-6.512054443359375000e+01,7.000000000000000000e+00,7.000000000000000000e+00
-8.995834350585937500e+00,-5.209326934814453125e+01,7.000000000000000000e+00,7.000000000000000000e+00
-8.827764511108398438e+00,-5.149753570556640625e+01,7.000000000000000000e+00,7.000000000000000000e+00
-1.042237091064453125e+01,-5.613518905639648438e+01,7.000000000000000000e+00,7.000000000000000000e+00
-1.773767089843750000e+01,-7.276921081542968750e+01,7.000000000000000000e+00,7.000000000000000000e+00
-7.158376216888427734e+00,-4.529595184326171875e+01,7.000000000000000000e+00,7.000000000000000000e+00
-1.508943176269531250e+01,-6.675514221191406250e+01,7.000000000000000000e+00,7.000000000000000000e+00
-1.196499156951904297e+01,-5.995634460449218750e+01,7.000000000000000000e+00,7.000000000000000000e+00
-1.799004745483398438e+01,-7.296307373046875000e+01,7.000000000000000000e+00,7.000000000000000000e+00
-9.069269180297851562e+00,-5.229746627807617188e+01,7.000000000000000000e+00,7.000000000000000000e+00
-8.967154502868652344e+00,-5.194804000854492188e+01,7.000000000000000000e+00,7.000000000000000000e+00
-4.740029525756835938e+01,-6.292761230468750000e+01,8.000000000000000000e+00,8.000000000000000000e+00
-5.251865768432617188e+01,-4.780625152587890625e+01,8.000000000000000000e+00,8.000000000000000000e+00
-5.134794998168945312e+01,-5.094178771972656250e+01,8.000000000000000000e+00,8.000000000000000000e+00
-5.693720245361328125e+01,-3.755230331420898438e+01,8.000000000000000000e+00,8.000000000000000000e+00
-4.811596679687500000e+01,-6.126612854003906250e+01,8.000000000000000000e+00,8.000000000000000000e+00
-5.900014877319335938e+01,-3.733049392700195312e+01,8.000000000000000000e+00,8.000000000000000000e+00
-5.440436172485351562e+01,-4.359469223022460938e+01,8.000000000000000000e+00,8.000000000000000000e+00
-4.904262924194335938e+01,-5.889896774291992188e+01,8.000000000000000000e+00,8.000000000000000000e+00
-5.834949111938476562e+01,-3.703608703613281250e+01,8.000000000000000000e+00,8.000000000000000000e+00
-4.697685623168945312e+01,-6.353333282470703125e+01,8.000000000000000000e+00,8.000000000000000000e+00
-5.098891067504882812e+01,-5.151492691040039062e+01,8.000000000000000000e+00,8.000000000000000000e+00
-4.928448867797851562e+01,-5.817739105224609375e+01,8.000000000000000000e+00,8.000000000000000000e+00
-5.104467773437500000e+01,-5.145035171508789062e+01,8.000000000000000000e+00,8.000000000000000000e+00
-5.755155181884765625e+01,-3.929996490478515625e+01,8.000000000000000000e+00,8.000000000000000000e+00
-5.187754440307617188e+01,-4.936291122436523438e+01,8.000000000000000000e+00,8.000000000000000000e+00
-5.015300369262695312e+01,-5.543763732910156250e+01,8.000000000000000000e+00,8.000000000000000000e+00
-5.446684265136718750e+01,-3.923743820190429688e+01,8.000000000000000000e+00,8.000000000000000000e+00
-4.751702880859375000e+01,-6.283169174194335938e+01,8.000000000000000000e+00,8.000000000000000000e+00
-5.225657653808593750e+01,-4.843813705444335938e+01,8.000000000000000000e+00,8.000000000000000000e+00
-4.830173492431640625e+01,-6.081503677368164062e+01,8.000000000000000000e+00,8.000000000000000000e+00
-5.706317901611328125e+01,-3.692658615112304688e+01,8.000000000000000000e+00,8.000000000000000000e+00
-5.132407760620117188e+01,-5.097984313964843750e+01,8.000000000000000000e+00,8.000000000000000000e+00
-5.683239746093750000e+01,-4.004117202758789062e+01,8.000000000000000000e+00,8.000000000000000000e+00
-5.434722137451171875e+01,-4.373418426513671875e+01,8.000000000000000000e+00,8.000000000000000000e+00
-5.641334533691406250e+01,-4.050057983398437500e+01,8.000000000000000000e+00,8.000000000000000000e+00
-4.711821746826171875e+01,-6.377050399780273438e+01,8.000000000000000000e+00,8.000000000000000000e+00
-5.748349761962890625e+01,-3.750932693481445312e+01,8.000000000000000000e+00,8.000000000000000000e+00
-5.637685394287109375e+01,-4.050214767456054688e+01,8.000000000000000000e+00,8.000000000000000000e+00
-5.270617675781250000e+01,-4.735297012329101562e+01,8.000000000000000000e+00,8.000000000000000000e+00
-4.972189331054687500e+01,-5.683720016479492188e+01,8.000000000000000000e+00,8.000000000000000000e+00
-5.118347549438476562e+01,-5.104720306396484375e+01,8.000000000000000000e+00,8.000000000000000000e+00
-5.662552261352539062e+01,-4.028210449218750000e+01,8.000000000000000000e+00,8.000000000000000000e+00
-5.114910507202148438e+01,-5.154404067993164062e+01,8.000000000000000000e+00,8.000000000000000000e+00
-5.190011596679687500e+01,-4.931864929199218750e+01,8.000000000000000000e+00,8.000000000000000000e+00
-5.022082519531250000e+01,-5.139674377441406250e+01,8.000000000000000000e+00,8.000000000000000000e+00
-5.738122558593750000e+01,-3.875478744506835938e+01,8.000000000000000000e+00,8.000000000000000000e+00
-5.898758697509765625e+01,-3.715546798706054688e+01,8.000000000000000000e+00,8.000000000000000000e+00
-5.619031143188476562e+01,-4.079662322998046875e+01,8.000000000000000000e+00,8.000000000000000000e+00
-5.720886611938476562e+01,-3.882375335693359375e+01,8.000000000000000000e+00,8.000000000000000000e+00
-5.013647460937500000e+01,-5.549826812744140625e+01,8.000000000000000000e+00,8.000000000000000000e+00
-4.856459426879882812e+01,-6.015924072265625000e+01,8.000000000000000000e+00,8.000000000000000000e+00
-5.128717803955078125e+01,-5.084653854370117188e+01,8.000000000000000000e+00,8.000000000000000000e+00
-5.037541961669921875e+01,-5.450058364868164062e+01,8.000000000000000000e+00,8.000000000000000000e+00
-4.715595245361328125e+01,-6.276513290405273438e+01,8.000000000000000000e+00,8.000000000000000000e+00
-5.516217041015625000e+01,-4.229907608032226562e+01,8.000000000000000000e+00,8.000000000000000000e+00
-5.593211364746093750e+01,-3.971191787719726562e+01,8.000000000000000000e+00,8.000000000000000000e+00
-4.747306442260742188e+01,-6.343744277954101562e+01,8.000000000000000000e+00,8.000000000000000000e+00
-4.955200958251953125e+01,-5.736711883544921875e+01,8.000000000000000000e+00,8.000000000000000000e+00
-5.146498489379882812e+01,-5.041001129150390625e+01,8.000000000000000000e+00,8.000000000000000000e+00
-4.754284667968750000e+01,-6.313629150390625000e+01,8.000000000000000000e+00,8.000000000000000000e+00
-5.897374725341796875e+01,-3.739097976684570312e+01,8.000000000000000000e+00,8.000000000000000000e+00
-5.579592514038085938e+01,-3.952722167968750000e+01,8.000000000000000000e+00,8.000000000000000000e+00
-5.394022750854492188e+01,-4.448731613159179688e+01,8.000000000000000000e+00,8.000000000000000000e+00
-5.430445861816406250e+01,-4.380770111083984375e+01,8.000000000000000000e+00,8.000000000000000000e+00
-5.182968902587890625e+01,-4.950584411621093750e+01,8.000000000000000000e+00,8.000000000000000000e+00
-4.998502349853515625e+01,-5.601415252685546875e+01,8.000000000000000000e+00,8.000000000000000000e+00
-5.733847808837890625e+01,-3.940867996215820312e+01,8.000000000000000000e+00,8.000000000000000000e+00
-5.073271942138671875e+01,-5.276102066040039062e+01,8.000000000000000000e+00,8.000000000000000000e+00
-5.725195693969726562e+01,-3.757138061523437500e+01,8.000000000000000000e+00,8.000000000000000000e+00
-4.737347793579101562e+01,-6.359061431884765625e+01,8.000000000000000000e+00,8.000000000000000000e+00
-5.070883560180664062e+01,-5.298828506469726562e+01,8.000000000000000000e+00,8.000000000000000000e+00
-4.701105117797851562e+01,-6.336500549316406250e+01,8.000000000000000000e+00,8.000000000000000000e+00
-5.365594482421875000e+01,-4.468773651123046875e+01,8.000000000000000000e+00,8.000000000000000000e+00
-5.019221496582031250e+01,-5.129296875000000000e+01,8.000000000000000000e+00,8.000000000000000000e+00
-5.860943984985351562e+01,-3.695264816284179688e+01,8.000000000000000000e+00,8.000000000000000000e+00
-5.609480667114257812e+01,-4.089149856567382812e+01,8.000000000000000000e+00,8.000000000000000000e+00
-5.893517303466796875e+01,-3.707011413574218750e+01,8.000000000000000000e+00,8.000000000000000000e+00
-5.149417495727539062e+01,-5.032371520996093750e+01,8.000000000000000000e+00,8.000000000000000000e+00
-4.765907287597656250e+01,-6.239730072021484375e+01,8.000000000000000000e+00,8.000000000000000000e+00
-5.868250656127929688e+01,-3.723593139648437500e+01,8.000000000000000000e+00,8.000000000000000000e+00
-5.248701095581054688e+01,-4.788250350952148438e+01,8.000000000000000000e+00,8.000000000000000000e+00
-4.755040740966796875e+01,-6.302756500244140625e+01,8.000000000000000000e+00,8.000000000000000000e+00
-4.703668975830078125e+01,-6.325162124633789062e+01,8.000000000000000000e+00,8.000000000000000000e+00
-5.880596542358398438e+01,-3.725210952758789062e+01,8.000000000000000000e+00,8.000000000000000000e+00
-5.864459609985351562e+01,-3.811558151245117188e+01,8.000000000000000000e+00,8.000000000000000000e+00
-5.401900100708007812e+01,-4.338318252563476562e+01,8.000000000000000000e+00,8.000000000000000000e+00
-5.135189437866210938e+01,-5.066889190673828125e+01,8.000000000000000000e+00,8.000000000000000000e+00
-5.206009292602539062e+01,-4.891029739379882812e+01,8.000000000000000000e+00,8.000000000000000000e+00
-5.457442474365234375e+01,-4.322806549072265625e+01,8.000000000000000000e+00,8.000000000000000000e+00
-5.015381622314453125e+01,-5.543576049804687500e+01,8.000000000000000000e+00,8.000000000000000000e+00
-4.826239013671875000e+01,-6.091075134277343750e+01,8.000000000000000000e+00,8.000000000000000000e+00
-5.201660156250000000e+01,-4.903797912597656250e+01,8.000000000000000000e+00,8.000000000000000000e+00
-5.259763717651367188e+01,-4.762048721313476562e+01,8.000000000000000000e+00,8.000000000000000000e+00
-5.714114761352539062e+01,-3.790598678588867188e+01,8.000000000000000000e+00,8.000000000000000000e+00
-5.443549728393554688e+01,-3.936634063720703125e+01,8.000000000000000000e+00,8.000000000000000000e+00
-5.239087295532226562e+01,-4.811122894287109375e+01,8.000000000000000000e+00,8.000000000000000000e+00
-5.437836837768554688e+01,-4.357867431640625000e+01,8.000000000000000000e+00,8.000000000000000000e+00
-5.012162017822265625e+01,-5.555444335937500000e+01,8.000000000000000000e+00,8.000000000000000000e+00
-5.031248092651367188e+01,-5.477181243896484375e+01,8.000000000000000000e+00,8.000000000000000000e+00
-4.698162841796875000e+01,-6.366628646850585938e+01,8.000000000000000000e+00,8.000000000000000000e+00
-5.282098388671875000e+01,-4.707419204711914062e+01,8.000000000000000000e+00,8.000000000000000000e+00
-5.695418930053710938e+01,-3.809724807739257812e+01,8.000000000000000000e+00,8.000000000000000000e+00
-5.446696853637695312e+01,-3.925159072875976562e+01,8.000000000000000000e+00,8.000000000000000000e+00
-5.461552810668945312e+01,-4.317862701416015625e+01,8.000000000000000000e+00,8.000000000000000000e+00
-5.006703567504882812e+01,-5.573839187622070312e+01,8.000000000000000000e+00,8.000000000000000000e+00
-5.572525787353515625e+01,-4.142729949951171875e+01,8.000000000000000000e+00,8.000000000000000000e+00
-5.053436660766601562e+01,-5.191355514526367188e+01,8.000000000000000000e+00,8.000000000000000000e+00
-5.415544509887695312e+01,-4.409402465820312500e+01,8.000000000000000000e+00,8.000000000000000000e+00
-5.271875762939453125e+01,-4.732114028930664062e+01,8.000000000000000000e+00,8.000000000000000000e+00
-4.966772842407226562e+01,-5.701464080810546875e+01,8.000000000000000000e+00,8.000000000000000000e+00
-5.026663589477539062e+01,-5.144337463378906250e+01,8.000000000000000000e+00,8.000000000000000000e+00
-5.860121917724609375e+01,-3.723488235473632812e+01,8.000000000000000000e+00,8.000000000000000000e+00
-5.071176528930664062e+01,-5.303125000000000000e+01,8.000000000000000000e+00,8.000000000000000000e+00
-5.015644073486328125e+01,-5.542627716064453125e+01,8.000000000000000000e+00,8.000000000000000000e+00
-5.709718704223632812e+01,-3.783278274536132812e+01,8.000000000000000000e+00,8.000000000000000000e+00
-5.716329574584960938e+01,-3.874654006958007812e+01,8.000000000000000000e+00,8.000000000000000000e+00
-5.224639892578125000e+01,-4.846599578857421875e+01,8.000000000000000000e+00,8.000000000000000000e+00
-5.065020751953125000e+01,-5.332433700561523438e+01,8.000000000000000000e+00,8.000000000000000000e+00
-5.445336532592773438e+01,-3.924133300781250000e+01,8.000000000000000000e+00,8.000000000000000000e+00
-5.243052291870117188e+01,-4.802031326293945312e+01,8.000000000000000000e+00,8.000000000000000000e+00
-5.725028610229492188e+01,-3.759528732299804688e+01,8.000000000000000000e+00,8.000000000000000000e+00
-5.299063491821289062e+01,-4.663556289672851562e+01,8.000000000000000000e+00,8.000000000000000000e+00
-5.397119903564453125e+01,-4.449606323242187500e+01,8.000000000000000000e+00,8.000000000000000000e+00
-5.636135101318359375e+01,-4.016797256469726562e+01,8.000000000000000000e+00,8.000000000000000000e+00
-4.906503295898437500e+01,-5.883396911621093750e+01,8.000000000000000000e+00,8.000000000000000000e+00
-5.424174499511718750e+01,-4.386768722534179688e+01,8.000000000000000000e+00,8.000000000000000000e+00
-4.791734695434570312e+01,-6.172232818603515625e+01,8.000000000000000000e+00,8.000000000000000000e+00
-5.544558715820312500e+01,-4.184496307373046875e+01,8.000000000000000000e+00,8.000000000000000000e+00
-5.857636260986328125e+01,-3.755757904052734375e+01,8.000000000000000000e+00,8.000000000000000000e+00
-5.115442657470703125e+01,-5.155730819702148438e+01,8.000000000000000000e+00,8.000000000000000000e+00
-5.451361846923828125e+01,-4.338539505004882812e+01,8.000000000000000000e+00,8.000000000000000000e+00
-4.852088165283203125e+01,-6.026051712036132812e+01,8.000000000000000000e+00,8.000000000000000000e+00
-5.408945465087890625e+01,-4.396440124511718750e+01,8.000000000000000000e+00,8.000000000000000000e+00
-5.125585174560546875e+01,-5.096657180786132812e+01,8.000000000000000000e+00,8.000000000000000000e+00
-4.832996749877929688e+01,-6.074530410766601562e+01,8.000000000000000000e+00,8.000000000000000000e+00
-4.884352111816406250e+01,-5.944283294677734375e+01,8.000000000000000000e+00,8.000000000000000000e+00
-5.524441909790039062e+01,-4.217267990112304688e+01,8.000000000000000000e+00,8.000000000000000000e+00
-5.289957809448242188e+01,-4.689487457275390625e+01,8.000000000000000000e+00,8.000000000000000000e+00
-5.425228118896484375e+01,-4.386716842651367188e+01,8.000000000000000000e+00,8.000000000000000000e+00
-4.835050201416015625e+01,-6.069090652465820312e+01,8.000000000000000000e+00,8.000000000000000000e+00
-4.736854934692382812e+01,-6.362628936767578125e+01,8.000000000000000000e+00,8.000000000000000000e+00
-4.807161331176757812e+01,-6.137393569946289062e+01,8.000000000000000000e+00,8.000000000000000000e+00
-5.296813201904296875e+01,-4.674129867553710938e+01,8.000000000000000000e+00,8.000000000000000000e+00
-5.272762680053710938e+01,-4.730366134643554688e+01,8.000000000000000000e+00,8.000000000000000000e+00
-5.278419113159179688e+01,-4.717105484008789062e+01,8.000000000000000000e+00,8.000000000000000000e+00
-5.143703460693359375e+01,-5.056549453735351562e+01,8.000000000000000000e+00,8.000000000000000000e+00
-4.888290786743164062e+01,-5.934007644653320312e+01,8.000000000000000000e+00,8.000000000000000000e+00
-4.722305679321289062e+01,-6.291770553588867188e+01,8.000000000000000000e+00,8.000000000000000000e+00
-4.948181533813476562e+01,-5.758082962036132812e+01,8.000000000000000000e+00,8.000000000000000000e+00
-4.747808837890625000e+01,-6.325651550292968750e+01,8.000000000000000000e+00,8.000000000000000000e+00
-5.680046081542968750e+01,-3.815522003173828125e+01,8.000000000000000000e+00,8.000000000000000000e+00
-5.831312561035156250e+01,-3.827862167358398438e+01,8.000000000000000000e+00,8.000000000000000000e+00
-5.110090637207031250e+01,-5.171700286865234375e+01,8.000000000000000000e+00,8.000000000000000000e+00
-5.552158737182617188e+01,-4.175708389282226562e+01,8.000000000000000000e+00,8.000000000000000000e+00
-5.907921600341796875e+01,-3.695955276489257812e+01,8.000000000000000000e+00,8.000000000000000000e+00
-4.761758041381835938e+01,-6.251611709594726562e+01,8.000000000000000000e+00,8.000000000000000000e+00
-5.131459426879882812e+01,-5.086584854125976562e+01,8.000000000000000000e+00,8.000000000000000000e+00
-5.884312057495117188e+01,-3.781149291992187500e+01,8.000000000000000000e+00,8.000000000000000000e+00
-5.235271835327148438e+01,-4.821271133422851562e+01,8.000000000000000000e+00,8.000000000000000000e+00
-5.838964462280273438e+01,-3.778355407714843750e+01,8.000000000000000000e+00,8.000000000000000000e+00
-5.509806060791015625e+01,-4.239551925659179688e+01,8.000000000000000000e+00,8.000000000000000000e+00
-5.470981979370117188e+01,-4.302425384521484375e+01,8.000000000000000000e+00,8.000000000000000000e+00
-5.878911972045898438e+01,-3.786960220336914062e+01,8.000000000000000000e+00,8.000000000000000000e+00
-4.741557693481445312e+01,-6.263558959960937500e+01,8.000000000000000000e+00,8.000000000000000000e+00
-4.773238372802734375e+01,-6.216384887695312500e+01,8.000000000000000000e+00,8.000000000000000000e+00
-4.994377517700195312e+01,-5.613842391967773438e+01,8.000000000000000000e+00,8.000000000000000000e+00
-5.659066390991210938e+01,-3.962412643432617188e+01,8.000000000000000000e+00,8.000000000000000000e+00
-4.745871734619140625e+01,-6.347765350341796875e+01,8.000000000000000000e+00,8.000000000000000000e+00
-5.457030868530273438e+01,-4.326037979125976562e+01,8.000000000000000000e+00,8.000000000000000000e+00
-5.896189880371093750e+01,-3.740995025634765625e+01,8.000000000000000000e+00,8.000000000000000000e+00
-5.598622131347656250e+01,-4.106331634521484375e+01,8.000000000000000000e+00,8.000000000000000000e+00
-4.704293441772460938e+01,-6.373324203491210938e+01,8.000000000000000000e+00,8.000000000000000000e+00
-4.716500854492187500e+01,-6.376803207397460938e+01,8.000000000000000000e+00,8.000000000000000000e+00
-4.897768402099609375e+01,-5.907900619506835938e+01,8.000000000000000000e+00,8.000000000000000000e+00
-5.445855331420898438e+01,-4.353171157836914062e+01,8.000000000000000000e+00,8.000000000000000000e+00
-5.796991729736328125e+01,-3.874208831787109375e+01,8.000000000000000000e+00,8.000000000000000000e+00
-5.634710311889648438e+01,-3.927823638916015625e+01,8.000000000000000000e+00,8.000000000000000000e+00
-5.835998153686523438e+01,-3.786426162719726562e+01,8.000000000000000000e+00,8.000000000000000000e+00
-5.015124893188476562e+01,-5.544709396362304688e+01,8.000000000000000000e+00,8.000000000000000000e+00
-5.808637237548828125e+01,-3.730897903442382812e+01,8.000000000000000000e+00,8.000000000000000000e+00
-5.070968627929687500e+01,-5.299559020996093750e+01,8.000000000000000000e+00,8.000000000000000000e+00
-4.892057418823242188e+01,-5.924157333374023438e+01,8.000000000000000000e+00,8.000000000000000000e+00
-5.455772399902343750e+01,-4.319606399536132812e+01,8.000000000000000000e+00,8.000000000000000000e+00
-5.699722290039062500e+01,-3.756329727172851562e+01,8.000000000000000000e+00,8.000000000000000000e+00
-5.380217742919921875e+01,-4.485316085815429688e+01,8.000000000000000000e+00,8.000000000000000000e+00
-5.232494735717773438e+01,-4.828693008422851562e+01,8.000000000000000000e+00,8.000000000000000000e+00
-5.003613281250000000e+01,-5.584502029418945312e+01,8.000000000000000000e+00,8.000000000000000000e+00
-5.065813827514648438e+01,-5.326463699340820312e+01,8.000000000000000000e+00,8.000000000000000000e+00
-4.772882080078125000e+01,-6.213092803955078125e+01,8.000000000000000000e+00,8.000000000000000000e+00
-5.111639785766601562e+01,-5.164307785034179688e+01,8.000000000000000000e+00,8.000000000000000000e+00
-5.419317245483398438e+01,-4.404822158813476562e+01,8.000000000000000000e+00,8.000000000000000000e+00
-5.405350494384765625e+01,-4.431154632568359375e+01,8.000000000000000000e+00,8.000000000000000000e+00
-5.065227127075195312e+01,-5.332861709594726562e+01,8.000000000000000000e+00,8.000000000000000000e+00
-4.728282928466796875e+01,-6.372308731079101562e+01,8.000000000000000000e+00,8.000000000000000000e+00
-4.775694656372070312e+01,-6.208831787109375000e+01,8.000000000000000000e+00,8.000000000000000000e+00
-4.714480590820312500e+01,-6.310622787475585938e+01,8.000000000000000000e+00,8.000000000000000000e+00
-5.070609664916992188e+01,-5.304679489135742188e+01,8.000000000000000000e+00,8.000000000000000000e+00
-4.736863327026367188e+01,-6.281554412841796875e+01,8.000000000000000000e+00,8.000000000000000000e+00
-5.673683547973632812e+01,-4.013595581054687500e+01,8.000000000000000000e+00,8.000000000000000000e+00
-5.228947830200195312e+01,-4.836372375488281250e+01,8.000000000000000000e+00,8.000000000000000000e+00
-5.203702163696289062e+01,-4.897415924072265625e+01,8.000000000000000000e+00,8.000000000000000000e+00
-5.667561721801757812e+01,-3.989271545410156250e+01,8.000000000000000000e+00,8.000000000000000000e+00
-5.129892730712890625e+01,-5.087342834472656250e+01,8.000000000000000000e+00,8.000000000000000000e+00
-5.253253936767578125e+01,-4.777199554443359375e+01,8.000000000000000000e+00,8.000000000000000000e+00
-4.701258087158203125e+01,-6.362099456787109375e+01,8.000000000000000000e+00,8.000000000000000000e+00
-5.259091186523437500e+01,-4.763208007812500000e+01,8.000000000000000000e+00,8.000000000000000000e+00
-5.017436599731445312e+01,-5.535623931884765625e+01,8.000000000000000000e+00,8.000000000000000000e+00
-4.752009201049804688e+01,-6.293779373168945312e+01,8.000000000000000000e+00,8.000000000000000000e+00
-5.152624130249023438e+01,-5.030300140380859375e+01,8.000000000000000000e+00,8.000000000000000000e+00
-5.330043411254882812e+01,-4.597505950927734375e+01,8.000000000000000000e+00,8.000000000000000000e+00
-5.528799819946289062e+01,-3.867699432373046875e+01,8.000000000000000000e+00,8.000000000000000000e+00
-4.749875640869140625e+01,-6.274966049194335938e+01,8.000000000000000000e+00,8.000000000000000000e+00
-5.190314865112304688e+01,-4.929430389404296875e+01,8.000000000000000000e+00,8.000000000000000000e+00
-4.884754180908203125e+01,-5.943199157714843750e+01,8.000000000000000000e+00,8.000000000000000000e+00
-5.069809722900390625e+01,-5.304372787475585938e+01,8.000000000000000000e+00,8.000000000000000000e+00
-4.965222549438476562e+01,-5.705606460571289062e+01,8.000000000000000000e+00,8.000000000000000000e+00
-5.828187179565429688e+01,-3.792614746093750000e+01,8.000000000000000000e+00,8.000000000000000000e+00
-4.777594375610351562e+01,-6.203873825073242188e+01,8.000000000000000000e+00,8.000000000000000000e+00
-4.877360916137695312e+01,-5.962754821777343750e+01,8.000000000000000000e+00,8.000000000000000000e+00
-5.887487411499023438e+01,-3.712799835205078125e+01,8.000000000000000000e+00,8.000000000000000000e+00
2.925103759765625000e+01,7.001964569091796875e+01,9.000000000000000000e+00,9.000000000000000000e+00
3.546423339843750000e+01,7.130968475341796875e+01,9.000000000000000000e+00,9.000000000000000000e+00
4.200542449951171875e+01,7.148447418212890625e+01,9.000000000000000000e+00,9.000000000000000000e+00
1.679286193847656250e+01,6.458950042724609375e+01,9.000000000000000000e+00,9.000000000000000000e+00
3.608797073364257812e+01,7.135769653320312500e+01,9.000000000000000000e+00,9.000000000000000000e+00
1.631668853759765625e+01,6.437062835693359375e+01,9.000000000000000000e+00,9.000000000000000000e+00
2.855920982360839844e+01,6.979084777832031250e+01,9.000000000000000000e+00,9.000000000000000000e+00
3.529071044921875000e+01,7.129098510742187500e+01,9.000000000000000000e+00,9.000000000000000000e+00
3.975819396972656250e+01,7.146624755859375000e+01,9.000000000000000000e+00,9.000000000000000000e+00
3.411486816406250000e+01,7.112599182128906250e+01,9.000000000000000000e+00,9.000000000000000000e+00
1.324705600738525391e+01,6.295100021362304688e+01,9.000000000000000000e+00,9.000000000000000000e+00
4.073172378540039062e+01,7.146927642822265625e+01,9.000000000000000000e+00,9.000000000000000000e+00
3.835623168945312500e+01,7.144313812255859375e+01,9.000000000000000000e+00,9.000000000000000000e+00
2.092108917236328125e+01,6.652172851562500000e+01,9.000000000000000000e+00,9.000000000000000000e+00
4.028082656860351562e+01,7.147103118896484375e+01,9.000000000000000000e+00,9.000000000000000000e+00
2.119591140747070312e+01,6.664795684814453125e+01,9.000000000000000000e+00,9.000000000000000000e+00
2.894926834106445312e+01,6.992338562011718750e+01,9.000000000000000000e+00,9.000000000000000000e+00
2.038818550109863281e+01,6.626811218261718750e+01,9.000000000000000000e+00,9.000000000000000000e+00
3.473224639892578125e+01,7.122345733642578125e+01,9.000000000000000000e+00,9.000000000000000000e+00
1.407139110565185547e+01,6.332176208496093750e+01,9.000000000000000000e+00,9.000000000000000000e+00
4.184511947631835938e+01,7.149822998046875000e+01,9.000000000000000000e+00,9.000000000000000000e+00
2.037203788757324219e+01,6.626840972900390625e+01,9.000000000000000000e+00,9.000000000000000000e+00
3.072656631469726562e+01,7.042314910888671875e+01,9.000000000000000000e+00,9.000000000000000000e+00
2.289764976501464844e+01,6.743881988525390625e+01,9.000000000000000000e+00,9.000000000000000000e+00
2.664542007446289062e+01,6.907887268066406250e+01,9.000000000000000000e+00,9.000000000000000000e+00
2.163984489440917969e+01,6.684732055664062500e+01,9.000000000000000000e+00,9.000000000000000000e+00
1.699337005615234375e+01,6.468510437011718750e+01,9.000000000000000000e+00,9.000000000000000000e+00
2.996199798583984375e+01,7.022753143310546875e+01,9.000000000000000000e+00,9.000000000000000000e+00
1.496460914611816406e+01,6.372788619995117188e+01,9.000000000000000000e+00,9.000000000000000000e+00
1.554062747955322266e+01,6.399727249145507812e+01,9.000000000000000000e+00,9.000000000000000000e+00
2.880518722534179688e+01,6.987564849853515625e+01,9.000000000000000000e+00,9.000000000000000000e+00
2.015060424804687500e+01,6.615670013427734375e+01,9.000000000000000000e+00,9.000000000000000000e+00
2.294357681274414062e+01,6.745864105224609375e+01,9.000000000000000000e+00,9.000000000000000000e+00
2.564663887023925781e+01,6.866556549072265625e+01,9.000000000000000000e+00,9.000000000000000000e+00
3.068570327758789062e+01,7.041329193115234375e+01,9.000000000000000000e+00,9.000000000000000000e+00
1.333234214782714844e+01,6.299304962158203125e+01,9.000000000000000000e+00,9.000000000000000000e+00
4.124250030517578125e+01,7.146851348876953125e+01,9.000000000000000000e+00,9.000000000000000000e+00
1.663423728942871094e+01,6.451176452636718750e+01,9.000000000000000000e+00,9.000000000000000000e+00
4.204576492309570312e+01,7.144690704345703125e+01,9.000000000000000000e+00,9.000000000000000000e+00
3.910089874267578125e+01,7.145845031738281250e+01,9.000000000000000000e+00,9.000000000000000000e+00
1.776163482666015625e+01,6.504582214355468750e+01,9.000000000000000000e+00,9.000000000000000000e+00
4.169608688354492188e+01,7.137036895751953125e+01,9.000000000000000000e+00,9.000000000000000000e+00
3.566653060913085938e+01,7.132644653320312500e+01,9.000000000000000000e+00,9.000000000000000000e+00
4.176743698120117188e+01,7.166248321533203125e+01,9.000000000000000000e+00,9.000000000000000000e+00
2.615434646606445312e+01,6.887968444824218750e+01,9.000000000000000000e+00,9.000000000000000000e+00
3.781600189208984375e+01,7.142839813232421875e+01,9.000000000000000000e+00,9.000000000000000000e+00
4.195286560058593750e+01,7.148642730712890625e+01,9.000000000000000000e+00,9.000000000000000000e+00
2.932018089294433594e+01,7.004203796386718750e+01,9.000000000000000000e+00,9.000000000000000000e+00
3.629262924194335938e+01,7.136960601806640625e+01,9.000000000000000000e+00,9.000000000000000000e+00
4.128881072998046875e+01,7.147538757324218750e+01,9.000000000000000000e+00,9.000000000000000000e+00
3.132806396484375000e+01,7.055841827392578125e+01,9.000000000000000000e+00,9.000000000000000000e+00
3.528736495971679688e+01,7.129084777832031250e+01,9.000000000000000000e+00,9.000000000000000000e+00
4.153923797607421875e+01,7.165182495117187500e+01,9.000000000000000000e+00,9.000000000000000000e+00
1.474060535430908203e+01,6.362499618530273438e+01,9.000000000000000000e+00,9.000000000000000000e+00
1.986086463928222656e+01,6.601921081542968750e+01,9.000000000000000000e+00,9.000000000000000000e+00
1.344986534118652344e+01,6.304814910888671875e+01,9.000000000000000000e+00,9.000000000000000000e+00
2.434821319580078125e+01,6.810288238525390625e+01,9.000000000000000000e+00,9.000000000000000000e+00
3.435433959960937500e+01,7.116551971435546875e+01,9.000000000000000000e+00,9.000000000000000000e+00
4.022611236572265625e+01,7.146984863281250000e+01,9.000000000000000000e+00,9.000000000000000000e+00
2.501050758361816406e+01,6.838646697998046875e+01,9.000000000000000000e+00,9.000000000000000000e+00
1.798332214355468750e+01,6.514688873291015625e+01,9.000000000000000000e+00,9.000000000000000000e+00
4.155698776245117188e+01,7.136428833007812500e+01,9.000000000000000000e+00,9.000000000000000000e+00
2.489531135559082031e+01,6.834780120849609375e+01,9.000000000000000000e+00,9.000000000000000000e+00
2.340753746032714844e+01,6.767118072509765625e+01,9.000000000000000000e+00,9.000000000000000000e+00
3.926852416992187500e+01,7.146076965332031250e+01,9.000000000000000000e+00,9.000000000000000000e+00
3.538441085815429688e+01,7.130091094970703125e+01,9.000000000000000000e+00,9.000000000000000000e+00
2.719565391540527344e+01,6.929447937011718750e+01,9.000000000000000000e+00,9.000000000000000000e+00
1.835540199279785156e+01,6.532377624511718750e+01,9.000000000000000000e+00,9.000000000000000000e+00
2.695781707763671875e+01,6.920369720458984375e+01,9.000000000000000000e+00,9.000000000000000000e+00
1.621547889709472656e+01,6.431121063232421875e+01,9.000000000000000000e+00,9.000000000000000000e+00
2.099784851074218750e+01,6.655760192871093750e+01,9.000000000000000000e+00,9.000000000000000000e+00
2.545897102355957031e+01,6.858583831787109375e+01,9.000000000000000000e+00,9.000000000000000000e+00
4.068449401855468750e+01,7.146903228759765625e+01,9.000000000000000000e+00,9.000000000000000000e+00
3.645871353149414062e+01,7.137837982177734375e+01,9.000000000000000000e+00,9.000000000000000000e+00
1.809855651855468750e+01,6.519603729248046875e+01,9.000000000000000000e+00,9.000000000000000000e+00
2.708173179626464844e+01,6.925002288818359375e+01,9.000000000000000000e+00,9.000000000000000000e+00
4.144717788696289062e+01,7.152552032470703125e+01,9.000000000000000000e+00,9.000000000000000000e+00
4.167899322509765625e+01,7.135923004150390625e+01,9.000000000000000000e+00,9.000000000000000000e+00
1.326644802093505859e+01,6.296540832519531250e+01,9.000000000000000000e+00,9.000000000000000000e+00
4.125452804565429688e+01,7.147383880615234375e+01,9.000000000000000000e+00,9.000000000000000000e+00
3.062528610229492188e+01,7.039855194091796875e+01,9.000000000000000000e+00,9.000000000000000000e+00
2.115540885925292969e+01,6.663004302978515625e+01,9.000000000000000000e+00,9.000000000000000000e+00
2.660548591613769531e+01,6.905950164794921875e+01,9.000000000000000000e+00,9.000000000000000000e+00
4.175356674194335938e+01,7.138404846191406250e+01,9.000000000000000000e+00,9.000000000000000000e+00
2.902349853515625000e+01,6.994422149658203125e+01,9.000000000000000000e+00,9.000000000000000000e+00
1.699954986572265625e+01,6.468610382080078125e+01,9.000000000000000000e+00,9.000000000000000000e+00
2.051322174072265625e+01,6.633037567138671875e+01,9.000000000000000000e+00,9.000000000000000000e+00
1.982399177551269531e+01,6.600334167480468750e+01,9.000000000000000000e+00,9.000000000000000000e+00
1.956939506530761719e+01,6.588658142089843750e+01,9.000000000000000000e+00,9.000000000000000000e+00
3.415696334838867188e+01,7.113386535644531250e+01,9.000000000000000000e+00,9.000000000000000000e+00
2.087482261657714844e+01,6.649683380126953125e+01,9.000000000000000000e+00,9.000000000000000000e+00
4.128802871704101562e+01,7.147440338134765625e+01,9.000000000000000000e+00,9.000000000000000000e+00
1.736650085449218750e+01,6.486689758300781250e+01,9.000000000000000000e+00,9.000000000000000000e+00
3.381335449218750000e+01,7.107173156738281250e+01,9.000000000000000000e+00,9.000000000000000000e+00
3.525877380371093750e+01,7.128753662109375000e+01,9.000000000000000000e+00,9.000000000000000000e+00
3.596928405761718750e+01,7.135009765625000000e+01,9.000000000000000000e+00,9.000000000000000000e+00
1.965462493896484375e+01,6.592273712158203125e+01,9.000000000000000000e+00,9.000000000000000000e+00
2.313271903991699219e+01,6.755352020263671875e+01,9.000000000000000000e+00,9.000000000000000000e+00
3.058994483947753906e+01,7.038947296142578125e+01,9.000000000000000000e+00,9.000000000000000000e+00
4.026775360107421875e+01,7.147073364257812500e+01,9.000000000000000000e+00,9.000000000000000000e+00
1.396567726135253906e+01,6.327489089965820312e+01,9.000000000000000000e+00,9.000000000000000000e+00
3.100394439697265625e+01,7.048783874511718750e+01,9.000000000000000000e+00,9.000000000000000000e+00
3.555344390869140625e+01,7.131656646728515625e+01,9.000000000000000000e+00,9.000000000000000000e+00
1.265231227874755859e+01,6.269705200195312500e+01,9.000000000000000000e+00,9.000000000000000000e+00
2.398253059387207031e+01,6.793737030029296875e+01,9.000000000000000000e+00,9.000000000000000000e+00
3.839947891235351562e+01,7.144435882568359375e+01,9.000000000000000000e+00,9.000000000000000000e+00
1.319498729705810547e+01,6.293743515014648438e+01,9.000000000000000000e+00,9.000000000000000000e+00
2.714851951599121094e+01,6.927867126464843750e+01,9.000000000000000000e+00,9.000000000000000000e+00
3.432733154296875000e+01,7.116326141357421875e+01,9.000000000000000000e+00,9.000000000000000000e+00
2.014206886291503906e+01,6.615322875976562500e+01,9.000000000000000000e+00,9.000000000000000000e+00
2.248131942749023438e+01,6.724866485595703125e+01,9.000000000000000000e+00,9.000000000000000000e+00
2.710691642761230469e+01,6.925850677490234375e+01,9.000000000000000000e+00,9.000000000000000000e+00
1.578135490417480469e+01,6.411019897460937500e+01,9.000000000000000000e+00,9.000000000000000000e+00
1.261259078979492188e+01,6.266812896728515625e+01,9.000000000000000000e+00,9.000000000000000000e+00
1.745385360717773438e+01,6.490207672119140625e+01,9.000000000000000000e+00,9.000000000000000000e+00
2.548284339904785156e+01,6.859487152099609375e+01,9.000000000000000000e+00,9.000000000000000000e+00
1.248303318023681641e+01,6.261701965332031250e+01,9.000000000000000000e+00,9.000000000000000000e+00
2.398389434814453125e+01,6.793799591064453125e+01,9.000000000000000000e+00,9.000000000000000000e+00
1.909122085571289062e+01,6.566524505615234375e+01,9.000000000000000000e+00,9.000000000000000000e+00
2.421584892272949219e+01,6.804631042480468750e+01,9.000000000000000000e+00,9.000000000000000000e+00
1.747493934631347656e+01,6.491777038574218750e+01,9.000000000000000000e+00,9.000000000000000000e+00
1.608040046691894531e+01,6.425304412841796875e+01,9.000000000000000000e+00,9.000000000000000000e+00
3.419161224365234375e+01,7.114049530029296875e+01,9.000000000000000000e+00,9.000000000000000000e+00
3.913516616821289062e+01,7.145887756347656250e+01,9.000000000000000000e+00,9.000000000000000000e+00
1.538607978820800781e+01,6.392324066162109375e+01,9.000000000000000000e+00,9.000000000000000000e+00
3.948539733886718750e+01,7.146380615234375000e+01,9.000000000000000000e+00,9.000000000000000000e+00
3.914434432983398438e+01,7.145900726318359375e+01,9.000000000000000000e+00,9.000000000000000000e+00
2.714735603332519531e+01,6.927722167968750000e+01,9.000000000000000000e+00,9.000000000000000000e+00
1.259638118743896484e+01,6.266612625122070312e+01,9.000000000000000000e+00,9.000000000000000000e+00
2.950814628601074219e+01,7.009780883789062500e+01,9.000000000000000000e+00,9.000000000000000000e+00
3.038716125488281250e+01,7.033469390869140625e+01,9.000000000000000000e+00,9.000000000000000000e+00
1.770093154907226562e+01,6.501687622070312500e+01,9.000000000000000000e+00,9.000000000000000000e+00
3.890620422363281250e+01,7.145533752441406250e+01,9.000000000000000000e+00,9.000000000000000000e+00
2.635048866271972656e+01,6.896321105957031250e+01,9.000000000000000000e+00,9.000000000000000000e+00
2.552113533020019531e+01,6.860907745361328125e+01,9.000000000000000000e+00,9.000000000000000000e+00
3.772143936157226562e+01,7.142542266845703125e+01,9.000000000000000000e+00,9.000000000000000000e+00
3.620154571533203125e+01,7.136398315429687500e+01,9.000000000000000000e+00,9.000000000000000000e+00
4.140977859497070312e+01,7.146351623535156250e+01,9.000000000000000000e+00,9.000000000000000000e+00
2.181424713134765625e+01,6.693429565429687500e+01,9.000000000000000000e+00,9.000000000000000000e+00
4.189973831176757812e+01,7.148116302490234375e+01,9.000000000000000000e+00,9.000000000000000000e+00
2.141032409667968750e+01,6.674858093261718750e+01,9.000000000000000000e+00,9.000000000000000000e+00
4.177879714965820312e+01,7.159745025634765625e+01,9.000000000000000000e+00,9.000000000000000000e+00
2.960916519165039062e+01,7.013253784179687500e+01,9.000000000000000000e+00,9.000000000000000000e+00
2.499952697753906250e+01,6.838157653808593750e+01,9.000000000000000000e+00,9.000000000000000000e+00
1.672379302978515625e+01,6.456008911132812500e+01,9.000000000000000000e+00,9.000000000000000000e+00
4.055095672607421875e+01,7.147108459472656250e+01,9.000000000000000000e+00,9.000000000000000000e+00
1.253335571289062500e+01,6.265354156494140625e+01,9.000000000000000000e+00,9.000000000000000000e+00
2.826028251647949219e+01,6.968341064453125000e+01,9.000000000000000000e+00,9.000000000000000000e+00
2.404044151306152344e+01,6.795932769775390625e+01,9.000000000000000000e+00,9.000000000000000000e+00
1.304612541198730469e+01,6.287343978881835938e+01,9.000000000000000000e+00,9.000000000000000000e+00
1.962490272521972656e+01,6.591121673583984375e+01,9.000000000000000000e+00,9.000000000000000000e+00
1.363703823089599609e+01,6.313141250610351562e+01,9.000000000000000000e+00,9.000000000000000000e+00
1.810222816467285156e+01,6.519777679443359375e+01,9.000000000000000000e+00,9.000000000000000000e+00
1.262365150451660156e+01,6.266873931884765625e+01,9.000000000000000000e+00,9.000000000000000000e+00
3.637507247924804688e+01,7.137439727783203125e+01,9.000000000000000000e+00,9.000000000000000000e+00
2.549428367614746094e+01,6.859971618652343750e+01,9.000000000000000000e+00,9.000000000000000000e+00
2.925720024108886719e+01,7.002161407470703125e+01,9.000000000000000000e+00,9.000000000000000000e+00
1.258635234832763672e+01,6.266885757446289062e+01,9.000000000000000000e+00,9.000000000000000000e+00
1.598678970336914062e+01,6.420490264892578125e+01,9.000000000000000000e+00,9.000000000000000000e+00
4.113804244995117188e+01,7.145641326904296875e+01,9.000000000000000000e+00,9.000000000000000000e+00
3.071994018554687500e+01,7.042164611816406250e+01,9.000000000000000000e+00,9.000000000000000000e+00
1.304896068572998047e+01,6.287473678588867188e+01,9.000000000000000000e+00,9.000000000000000000e+00
3.680210113525390625e+01,7.139352416992187500e+01,9.000000000000000000e+00,9.000000000000000000e+00
3.549982833862304688e+01,7.131445312500000000e+01,9.000000000000000000e+00,9.000000000000000000e+00
3.978990936279296875e+01,7.146645355224609375e+01,9.000000000000000000e+00,9.000000000000000000e+00
1.640298843383789062e+01,6.440493011474609375e+01,9.000000000000000000e+00,9.000000000000000000e+00
3.402472305297851562e+01,7.111038208007812500e+01,9.000000000000000000e+00,9.000000000000000000e+00
1.667642211914062500e+01,6.453491973876953125e+01,9.000000000000000000e+00,9.000000000000000000e+00
1.416545391082763672e+01,6.336471176147460938e+01,9.000000000000000000e+00,9.000000000000000000e+00
2.552510261535644531e+01,6.861225891113281250e+01,9.000000000000000000e+00,9.000000000000000000e+00
3.703066635131835938e+01,7.140272521972656250e+01,9.000000000000000000e+00,9.000000000000000000e+00
3.038020324707031250e+01,7.033271026611328125e+01,9.000000000000000000e+00,9.000000000000000000e+00
3.981456375122070312e+01,7.146611022949218750e+01,9.000000000000000000e+00,9.000000000000000000e+00
2.113961219787597656e+01,6.662254333496093750e+01,9.000000000000000000e+00,9.000000000000000000e+00
2.116657829284667969e+01,6.663572692871093750e+01,9.000000000000000000e+00,9.000000000000000000e+00
2.556741905212402344e+01,6.862860870361328125e+01,9.000000000000000000e+00,9.000000000000000000e+00
2.543942832946777344e+01,6.857594299316406250e+01,9.000000000000000000e+00,9.000000000000000000e+00
2.616854858398437500e+01,6.888545989990234375e+01,9.000000000000000000e+00,9.000000000000000000e+00
3.569187164306640625e+01,7.132933044433593750e+01,9.000000000000000000e+00,9.000000000000000000e+00
3.092812156677246094e+01,7.047062683105468750e+01,9.000000000000000000e+00,9.000000000000000000e+00
1.270605754852294922e+01,6.271699523925781250e+01,9.000000000000000000e+00,9.000000000000000000e+00
1.828101539611816406e+01,6.528979492187500000e+01,9.000000000000000000e+00,9.000000000000000000e+00
3.941135406494140625e+01,7.146302032470703125e+01,9.000000000000000000e+00,9.000000000000000000e+00
3.479310607910156250e+01,7.123217010498046875e+01,9.000000000000000000e+00,9.000000000000000000e+00
2.316168785095214844e+01,6.756609344482421875e+01,9.000000000000000000e+00,9.000000000000000000e+00
2.937551307678222656e+01,7.005583190917968750e+01,9.000000000000000000e+00,9.000000000000000000e+00
2.989435005187988281e+01,7.020698547363281250e+01,9.000000000000000000e+00,9.000000000000000000e+00
1.447672271728515625e+01,6.350225830078125000e+01,9.000000000000000000e+00,9.000000000000000000e+00
2.914985656738281250e+01,6.998982238769531250e+01,9.000000000000000000e+00,9.000000000000000000e+00
1.428865528106689453e+01,6.341996002197265625e+01,9.000000000000000000e+00,9.000000000000000000e+00
1.989869308471679688e+01,6.603882598876953125e+01,9.000000000000000000e+00,9.000000000000000000e+00
2.453476524353027344e+01,6.818392944335937500e+01,9.000000000000000000e+00,9.000000000000000000e+00
3.503195571899414062e+01,7.126212310791015625e+01,9.000000000000000000e+00,9.000000000000000000e+00
2.870744323730468750e+01,6.984301757812500000e+01,9.000000000000000000e+00,9.000000000000000000e+00
1.271526813507080078e+01,6.272093200683593750e+01,9.000000000000000000e+00,9.000000000000000000e+00
2.959840393066406250e+01,7.013124847412109375e+01,9.000000000000000000e+00,9.000000000000000000e+00
1.269941711425781250e+01,6.271653366088867188e+01,9.000000000000000000e+00,9.000000000000000000e+00
2.203059959411621094e+01,6.703878021240234375e+01,9.000000000000000000e+00,9.000000000000000000e+00
3.484389877319335938e+01,7.123911285400390625e+01,9.000000000000000000e+00,9.000000000000000000e+00
2.685362434387207031e+01,6.916375732421875000e+01,9.000000000000000000e+00,9.000000000000000000e+00
1.602430534362792969e+01,6.422579193115234375e+01,9.000000000000000000e+00,9.000000000000000000e+00
1.479922103881835938e+01,6.365282821655273438e+01,9.000000000000000000e+00,9.000000000000000000e+00
1.812030982971191406e+01,6.520845031738281250e+01,9.000000000000000000e+00,9.000000000000000000e+00
1.652223777770996094e+01,6.446206665039062500e+01,9.000000000000000000e+00,9.000000000000000000e+00
1.352043247222900391e+01,6.307968902587890625e+01,9.000000000000000000e+00,9.000000000000000000e+00
1.239182090759277344e+01,6.257443618774414062e+01,9.000000000000000000e+00,9.000000000000000000e+00
2.529530334472656250e+01,6.851225280761718750e+01,9.000000000000000000e+00,9.000000000000000000e+00
2.085811233520507812e+01,6.648785400390625000e+01,9.000000000000000000e+00,9.000000000000000000e+00
1.874162101745605469e+01,6.550106811523437500e+01,9.000000000000000000e+00,9.000000000000000000e+00
2.875706291198730469e+01,6.986002349853515625e+01,9.000000000000000000e+00,9.000000000000000000e+00
-2.301883316040039062e+01,-4.304621505737304688e+01,1.000000000000000000e+01,1.100000000000000000e+01
-2.820456123352050781e+01,-5.151198196411132812e+01,1.000000000000000000e+01,1.100000000000000000e+01
-2.038769531250000000e+01,-3.737538528442382812e+01,1.000000000000000000e+01,1.100000000000000000e+01
-2.322048187255859375e+01,-4.343658447265625000e+01,1.000000000000000000e+01,1.100000000000000000e+01
-2.836416435241699219e+01,-5.178634643554687500e+01,1.000000000000000000e+01,1.100000000000000000e+01
-2.864969635009765625e+01,-5.230081558227539062e+01,1.000000000000000000e+01,1.100000000000000000e+01
-3.141030883789062500e+01,-5.770752334594726562e+01,1.000000000000000000e+01,1.100000000000000000e+01
-2.434391403198242188e+01,-4.533277893066406250e+01,1.000000000000000000e+01,1.100000000000000000e+01
-2.021798706054687500e+01,-3.670983505249023438e+01,1.000000000000000000e+01,1.100000000000000000e+01
-2.731521034240722656e+01,-5.001876068115234375e+01,1.000000000000000000e+01,1.100000000000000000e+01
-2.474994659423828125e+01,-4.638263702392578125e+01,1.000000000000000000e+01,1.100000000000000000e+01
-1.920586967468261719e+01,-3.127183341979980469e+01,1.000000000000000000e+01,1.100000000000000000e+01
-2.063389205932617188e+01,-3.822385787963867188e+01,1.000000000000000000e+01,1.100000000000000000e+01
-2.869236373901367188e+01,-5.237699890136718750e+01,1.000000000000000000e+01,1.100000000000000000e+01
-2.613938713073730469e+01,-4.816961288452148438e+01,1.000000000000000000e+01,1.100000000000000000e+01
-2.491973876953125000e+01,-4.596384811401367188e+01,1.000000000000000000e+01,1.100000000000000000e+01
-2.492647933959960938e+01,-4.615814971923828125e+01,1.000000000000000000e+01,1.100000000000000000e+01
-2.080816078186035156e+01,-3.875237274169921875e+01,1.000000000000000000e+01,1.100000000000000000e+01
-2.038533210754394531e+01,-3.736521148681640625e+01,1.000000000000000000e+01,1.100000000000000000e+01
-2.227383041381835938e+01,-4.219673538208007812e+01,1.000000000000000000e+01,1.100000000000000000e+01
-2.606310653686523438e+01,-4.807849502563476562e+01,1.000000000000000000e+01,1.100000000000000000e+01
-2.077706336975097656e+01,-3.866536712646484375e+01,1.000000000000000000e+01,1.100000000000000000e+01
-2.078532791137695312e+01,-3.868063354492187500e+01,1.000000000000000000e+01,1.100000000000000000e+01
-2.491228675842285156e+01,-4.614368438720703125e+01,1.000000000000000000e+01,1.100000000000000000e+01
-2.507140159606933594e+01,-4.666452026367187500e+01,1.000000000000000000e+01,1.100000000000000000e+01
-1.963537025451660156e+01,-3.062376976013183594e+01,1.000000000000000000e+01,1.100000000000000000e+01
-1.925264358520507812e+01,-3.099772262573242188e+01,1.000000000000000000e+01,1.100000000000000000e+01
-2.074539947509765625e+01,-3.857184219360351562e+01,1.000000000000000000e+01,1.100000000000000000e+01
-2.887756538391113281e+01,-5.272777557373046875e+01,1.000000000000000000e+01,1.100000000000000000e+01
-2.546645545959472656e+01,-4.607286834716796875e+01,1.000000000000000000e+01,1.100000000000000000e+01
-2.979988479614257812e+01,-5.458568572998046875e+01,1.000000000000000000e+01,1.100000000000000000e+01
-2.238295364379882812e+01,-4.206088638305664062e+01,1.000000000000000000e+01,1.100000000000000000e+01
-1.976260948181152344e+01,-3.432406234741210938e+01,1.000000000000000000e+01,1.100000000000000000e+01
-3.095733642578125000e+01,-5.733439254760742188e+01,1.000000000000000000e+01,1.100000000000000000e+01
-2.821800231933593750e+01,-5.152905273437500000e+01,1.000000000000000000e+01,1.100000000000000000e+01
-2.036693763732910156e+01,-3.730141448974609375e+01,1.000000000000000000e+01,1.100000000000000000e+01
-2.115038299560546875e+01,-3.993937683105468750e+01,1.000000000000000000e+01,1.100000000000000000e+01
-2.850495338439941406e+01,-5.203874588012695312e+01,1.000000000000000000e+01,1.100000000000000000e+01
-2.152563858032226562e+01,-4.044739913940429688e+01,1.000000000000000000e+01,1.100000000000000000e+01
-2.728843116760253906e+01,-4.997412490844726562e+01,1.000000000000000000e+01,1.100000000000000000e+01
-1.972974777221679688e+01,-3.144614219665527344e+01,1.000000000000000000e+01,1.100000000000000000e+01
-1.964846229553222656e+01,-3.081097412109375000e+01,1.000000000000000000e+01,1.100000000000000000e+01
-3.029870223999023438e+01,-5.569643402099609375e+01,1.000000000000000000e+01,1.100000000000000000e+01
-2.254020690917968750e+01,-4.233199691772460938e+01,1.000000000000000000e+01,1.100000000000000000e+01
-1.933044242858886719e+01,-3.164935111999511719e+01,1.000000000000000000e+01,1.100000000000000000e+01
-2.051026916503906250e+01,-3.781201934814453125e+01,1.000000000000000000e+01,1.100000000000000000e+01
-2.077307891845703125e+01,-3.864034271240234375e+01,1.000000000000000000e+01,1.100000000000000000e+01
-2.972099876403808594e+01,-5.441775894165039062e+01,1.000000000000000000e+01,1.100000000000000000e+01
-3.120370292663574219e+01,-5.793776321411132812e+01,1.000000000000000000e+01,1.100000000000000000e+01
-3.139853286743164062e+01,-5.751320266723632812e+01,1.000000000000000000e+01,1.100000000000000000e+01
-2.420443916320800781e+01,-4.527404022216796875e+01,1.000000000000000000e+01,1.100000000000000000e+01
-2.137648582458496094e+01,-4.010382080078125000e+01,1.000000000000000000e+01,1.100000000000000000e+01
-2.802462768554687500e+01,-5.120566940307617188e+01,1.000000000000000000e+01,1.100000000000000000e+01
-1.920729827880859375e+01,-3.125949859619140625e+01,1.000000000000000000e+01,1.100000000000000000e+01
-3.128693580627441406e+01,-5.787105178833007812e+01,1.000000000000000000e+01,1.100000000000000000e+01
-1.958300018310546875e+01,-3.270220565795898438e+01,1.000000000000000000e+01,1.100000000000000000e+01
-2.471054267883300781e+01,-4.568217468261718750e+01,1.000000000000000000e+01,1.100000000000000000e+01
-1.980878257751464844e+01,-3.047483062744140625e+01,1.000000000000000000e+01,1.100000000000000000e+01
-2.094536018371582031e+01,-3.909840011596679688e+01,1.000000000000000000e+01,1.100000000000000000e+01
-2.071767616271972656e+01,-3.848040771484375000e+01,1.000000000000000000e+01,1.100000000000000000e+01
-2.934676933288574219e+01,-5.365302658081054688e+01,1.000000000000000000e+01,1.100000000000000000e+01
-2.892568588256835938e+01,-5.281929016113281250e+01,1.000000000000000000e+01,1.100000000000000000e+01
-2.915835952758789062e+01,-5.327925872802734375e+01,1.000000000000000000e+01,1.100000000000000000e+01
-3.013514137268066406e+01,-5.534978103637695312e+01,1.000000000000000000e+01,1.100000000000000000e+01
-1.923401260375976562e+01,-3.109354400634765625e+01,1.000000000000000000e+01,1.100000000000000000e+01
-2.415328979492187500e+01,-4.633425140380859375e+01,1.000000000000000000e+01,1.100000000000000000e+01
-1.955298042297363281e+01,-3.183851623535156250e+01,1.000000000000000000e+01,1.100000000000000000e+01
-3.048842048645019531e+01,-5.614094924926757812e+01,1.000000000000000000e+01,1.100000000000000000e+01
-2.418528366088867188e+01,-4.504945373535156250e+01,1.000000000000000000e+01,1.100000000000000000e+01
-1.946487998962402344e+01,-3.506560516357421875e+01,1.000000000000000000e+01,1.100000000000000000e+01
-2.889752388000488281e+01,-5.276267623901367188e+01,1.000000000000000000e+01,1.100000000000000000e+01
-3.104747962951660156e+01,-5.787267684936523438e+01,1.000000000000000000e+01,1.100000000000000000e+01
-2.319620132446289062e+01,-4.365125656127929688e+01,1.000000000000000000e+01,1.100000000000000000e+01
-3.120983123779296875e+01,-5.791131591796875000e+01,1.000000000000000000e+01,1.100000000000000000e+01
-2.547751998901367188e+01,-4.724337005615234375e+01,1.000000000000000000e+01,1.100000000000000000e+01
-2.489909553527832031e+01,-4.618849182128906250e+01,1.000000000000000000e+01,1.100000000000000000e+01
-2.409847259521484375e+01,-4.485377502441406250e+01,1.000000000000000000e+01,1.100000000000000000e+01
-3.059466934204101562e+01,-5.639273834228515625e+01,1.000000000000000000e+01,1.100000000000000000e+01
-3.049247932434082031e+01,-5.614740371704101562e+01,1.000000000000000000e+01,1.100000000000000000e+01
-1.976265144348144531e+01,-3.427782440185546875e+01,1.000000000000000000e+01,1.100000000000000000e+01
-2.565346527099609375e+01,-4.745973205566406250e+01,1.000000000000000000e+01,1.100000000000000000e+01
-3.127450370788574219e+01,-5.757289886474609375e+01,1.000000000000000000e+01,1.100000000000000000e+01
1.639691925048828125e+01,-1.577813148498535156e+01,1.000000000000000000e+01,1.300000000000000000e+01
-1.986450576782226562e+01,-3.492935180664062500e+01,1.000000000000000000e+01,1.100000000000000000e+01
-2.050780868530273438e+01,-3.780287551879882812e+01,1.000000000000000000e+01,1.100000000000000000e+01
-2.481326103210449219e+01,-4.624388122558593750e+01,1.000000000000000000e+01,1.100000000000000000e+01
-3.045071220397949219e+01,-5.597552108764648438e+01,1.000000000000000000e+01,1.100000000000000000e+01
-2.573161315917968750e+01,-4.715484237670898438e+01,1.000000000000000000e+01,1.100000000000000000e+01
-2.682307815551757812e+01,-4.922984313964843750e+01,1.000000000000000000e+01,1.100000000000000000e+01
-2.339129447937011719e+01,-4.363539505004882812e+01,1.000000000000000000e+01,1.100000000000000000e+01
-2.244449996948242188e+01,-4.219517135620117188e+01,1.000000000000000000e+01,1.100000000000000000e+01
-2.595650863647460938e+01,-4.790325927734375000e+01,1.000000000000000000e+01,1.100000000000000000e+01
-2.536956787109375000e+01,-4.695223236083984375e+01,1.000000000000000000e+01,1.100000000000000000e+01
-2.893750381469726562e+01,-5.284241485595703125e+01,1.000000000000000000e+01,1.100000000000000000e+01
-2.473287963867187500e+01,-4.596044158935546875e+01,1.000000000000000000e+01,1.100000000000000000e+01
-2.179796409606933594e+01,-4.097000503540039062e+01,1.000000000000000000e+01,1.100000000000000000e+01
-2.961731910705566406e+01,-5.420562744140625000e+01,1.000000000000000000e+01,1.100000000000000000e+01
-1.960579299926757812e+01,-3.214038467407226562e+01,1.000000000000000000e+01,1.100000000000000000e+01
-1.927182960510253906e+01,-3.134267234802246094e+01,1.000000000000000000e+01,1.100000000000000000e+01
-1.974685096740722656e+01,-3.415662765502929688e+01,1.000000000000000000e+01,1.100000000000000000e+01
-2.719185256958007812e+01,-4.981955337524414062e+01,1.000000000000000000e+01,1.100000000000000000e+01
-1.965978431701660156e+01,-3.122675132751464844e+01,1.000000000000000000e+01,1.100000000000000000e+01
-2.389239692687988281e+01,-4.473217391967773438e+01,1.000000000000000000e+01,1.100000000000000000e+01
-2.499779891967773438e+01,-4.636104583740234375e+01,1.000000000000000000e+01,1.100000000000000000e+01
-2.027577781677246094e+01,-3.693922805786132812e+01,1.000000000000000000e+01,1.100000000000000000e+01
-1.917205238342285156e+01,-3.128760910034179688e+01,1.000000000000000000e+01,1.100000000000000000e+01
-3.098710441589355469e+01,-5.736143493652343750e+01,1.000000000000000000e+01,1.100000000000000000e+01
-3.061359786987304688e+01,-5.642999649047851562e+01,1.000000000000000000e+01,1.100000000000000000e+01
-2.312120246887207031e+01,-4.361442565917968750e+01,1.000000000000000000e+01,1.100000000000000000e+01
-2.490824317932128906e+01,-4.600888824462890625e+01,1.000000000000000000e+01,1.100000000000000000e+01
-2.270529174804687500e+01,-4.272913742065429688e+01,1.000000000000000000e+01,1.100000000000000000e+01
-2.114821624755859375e+01,-3.960160827636718750e+01,1.000000000000000000e+01,1.100000000000000000e+01
-2.212172317504882812e+01,-4.171190261840820312e+01,1.000000000000000000e+01,1.100000000000000000e+01
-1.995552444458007812e+01,-3.548793792724609375e+01,1.000000000000000000e+01,1.100000000000000000e+01
-2.009930610656738281e+01,-3.619828414916992188e+01,1.000000000000000000e+01,1.100000000000000000e+01
-1.985920143127441406e+01,-3.118337440490722656e+01,1.000000000000000000e+01,1.100000000000000000e+01
-3.088697624206542969e+01,-5.728041839599609375e+01,1.000000000000000000e+01,1.100000000000000000e+01
-2.088558959960937500e+01,-3.894543457031250000e+01,1.000000000000000000e+01,1.100000000000000000e+01
-3.106008148193359375e+01,-5.787769317626953125e+01,1.000000000000000000e+01,1.100000000000000000e+01
-2.459067916870117188e+01,-4.629341125488281250e+01,1.000000000000000000e+01,1.100000000000000000e+01
-1.950205421447753906e+01,-3.203039169311523438e+01,1.000000000000000000e+01,1.100000000000000000e+01
-2.397315788269042969e+01,-4.463760757446289062e+01,1.000000000000000000e+01,1.100000000000000000e+01
-3.126601982116699219e+01,-5.754200744628906250e+01,1.000000000000000000e+01,1.100000000000000000e+01
-2.630922508239746094e+01,-4.843143463134765625e+01,1.000000000000000000e+01,1.100000000000000000e+01
-1.939894104003906250e+01,-3.164646720886230469e+01,1.000000000000000000e+01,1.100000000000000000e+01
-2.860700607299804688e+01,-5.221986389160156250e+01,1.000000000000000000e+01,1.100000000000000000e+01
-2.971222877502441406e+01,-5.438449096679687500e+01,1.000000000000000000e+01,1.100000000000000000e+01
-1.961382484436035156e+01,-3.094183349609375000e+01,1.000000000000000000e+01,1.100000000000000000e+01
-2.074910545349121094e+01,-3.858211135864257812e+01,1.000000000000000000e+01,1.100000000000000000e+01
-3.092366409301757812e+01,-5.719030761718750000e+01,1.000000000000000000e+01,1.100000000000000000e+01
-3.060745811462402344e+01,-5.642505645751953125e+01,1.000000000000000000e+01,1.100000000000000000e+01
-2.330792427062988281e+01,-4.445687866210937500e+01,1.000000000000000000e+01,1.100000000000000000e+01
-1.968949699401855469e+01,-3.053433418273925781e+01,1.000000000000000000e+01,1.100000000000000000e+01
-2.365115356445312500e+01,-4.434196090698242188e+01,1.000000000000000000e+01,1.100000000000000000e+01
-2.537510299682617188e+01,-4.711800384521484375e+01,1.000000000000000000e+01,1.100000000000000000e+01
-3.087987136840820312e+01,-5.763073730468750000e+01,1.000000000000000000e+01,1.100000000000000000e+01
-2.312043762207031250e+01,-4.419349670410156250e+01,1.000000000000000000e+01,1.100000000000000000e+01
-2.366783142089843750e+01,-4.411857223510742188e+01,1.000000000000000000e+01,1.100000000000000000e+01
-1.992041015625000000e+01,-3.126675415039062500e+01,1.000000000000000000e+01,1.100000000000000000e+01
-1.930536842346191406e+01,-3.163678932189941406e+01,1.000000000000000000e+01,1.100000000000000000e+01
-2.248371124267578125e+01,-4.222229766845703125e+01,1.000000000000000000e+01,1.100000000000000000e+01
-2.974279403686523438e+01,-5.445692825317382812e+01,1.000000000000000000e+01,1.100000000000000000e+01
-2.727798271179199219e+01,-4.995793533325195312e+01,1.000000000000000000e+01,1.100000000000000000e+01
-2.581280136108398438e+01,-4.739197158813476562e+01,1.000000000000000000e+01,1.100000000000000000e+01
-2.801400184631347656e+01,-5.118444442749023438e+01,1.000000000000000000e+01,1.100000000000000000e+01
-1.985569572448730469e+01,-3.507966232299804688e+01,1.000000000000000000e+01,1.100000000000000000e+01
-1.999010276794433594e+01,-3.569258117675781250e+01,1.000000000000000000e+01,1.100000000000000000e+01
-2.138923072814941406e+01,-4.014649963378906250e+01,1.000000000000000000e+01,1.100000000000000000e+01
-2.789420127868652344e+01,-5.097486495971679688e+01,1.000000000000000000e+01,1.100000000000000000e+01
-2.993952178955078125e+01,-5.482120513916015625e+01,1.000000000000000000e+01,1.100000000000000000e+01
-2.019746589660644531e+01,-3.662588119506835938e+01,1.000000000000000000e+01,1.100000000000000000e+01
-3.097716712951660156e+01,-5.778852844238281250e+01,1.000000000000000000e+01,1.100000000000000000e+01
-3.117908668518066406e+01,-5.734879302978515625e+01,1.000000000000000000e+01,1.100000000000000000e+01
-2.169696807861328125e+01,-4.080530548095703125e+01,1.000000000000000000e+01,1.100000000000000000e+01
-1.991200828552246094e+01,-3.522054672241210938e+01,1.000000000000000000e+01,1.100000000000000000e+01
-1.954290580749511719e+01,-3.112354087829589844e+01,1.000000000000000000e+01,1.100000000000000000e+01
-2.595452690124511719e+01,-4.790809631347656250e+01,1.000000000000000000e+01,1.100000000000000000e+01
-1.916396141052246094e+01,-3.130151557922363281e+01,1.000000000000000000e+01,1.100000000000000000e+01
-2.068391799926757812e+01,-3.837942886352539062e+01,1.000000000000000000e+01,1.100000000000000000e+01
-2.447899436950683594e+01,-4.555725097656250000e+01,1.000000000000000000e+01,1.100000000000000000e+01
-1.985829544067382812e+01,-3.508159255981445312e+01,1.000000000000000000e+01,1.100000000000000000e+01
-1.971060180664062500e+01,-3.054442787170410156e+01,1.000000000000000000e+01,1.100000000000000000e+01
-2.858801841735839844e+01,-5.218973922729492188e+01,1.000000000000000000e+01,1.100000000000000000e+01
-2.196782875061035156e+01,-4.132690429687500000e+01,1.000000000000000000e+01,1.100000000000000000e+01
-2.029362487792968750e+01,-3.701663208007812500e+01,1.000000000000000000e+01,1.100000000000000000e+01
-1.993855094909667969e+01,-3.550373840332031250e+01,1.000000000000000000e+01,1.100000000000000000e+01
-3.071609497070312500e+01,-5.668179321289062500e+01,1.000000000000000000e+01,1.100000000000000000e+01
-2.724318695068359375e+01,-4.990293121337890625e+01,1.000000000000000000e+01,1.100000000000000000e+01
-1.930345535278320312e+01,-3.111020469665527344e+01,1.000000000000000000e+01,1.100000000000000000e+01
-3.093445587158203125e+01,-5.762177658081054688e+01,1.000000000000000000e+01,1.100000000000000000e+01
-1.980782508850097656e+01,-3.468985748291015625e+01,1.000000000000000000e+01,1.100000000000000000e+01
-2.292619895935058594e+01,-4.330054473876953125e+01,1.000000000000000000e+01,1.100000000000000000e+01
-2.339824485778808594e+01,-4.393343734741210938e+01,1.000000000000000000e+01,1.100000000000000000e+01
-2.989846611022949219e+01,-5.484184646606445312e+01,1.000000000000000000e+01,1.100000000000000000e+01
-2.509058189392089844e+01,-4.647146606445312500e+01,1.000000000000000000e+01,1.100000000000000000e+01
-2.315863418579101562e+01,-4.371860885620117188e+01,1.000000000000000000e+01,1.100000000000000000e+01
-3.057212448120117188e+01,-5.633686447143554688e+01,1.000000000000000000e+01,1.100000000000000000e+01
-3.094087600708007812e+01,-5.725061035156250000e+01,1.000000000000000000e+01,1.100000000000000000e+01
-2.442482948303222656e+01,-4.563103485107421875e+01,1.000000000000000000e+01,1.100000000000000000e+01
-3.041122245788574219e+01,-5.595281982421875000e+01,1.000000000000000000e+01,1.100000000000000000e+01
-2.975578308105468750e+01,-5.445601272583007812e+01,1.000000000000000000e+01,1.100000000000000000e+01
-2.455293846130371094e+01,-4.563004302978515625e+01,1.000000000000000000e+01,1.100000000000000000e+01
-2.027277374267578125e+01,-3.693205261230468750e+01,1.000000000000000000e+01,1.100000000000000000e+01
-2.133748435974121094e+01,-3.997539901733398438e+01,1.000000000000000000e+01,1.100000000000000000e+01
-2.587987709045410156e+01,-4.781437683105468750e+01,1.000000000000000000e+01,1.100000000000000000e+01
-1.952082061767578125e+01,-3.207984542846679688e+01,1.000000000000000000e+01,1.100000000000000000e+01
-2.270556449890136719e+01,-4.310876083374023438e+01,1.000000000000000000e+01,1.100000000000000000e+01
-1.950414657592773438e+01,-3.227949523925781250e+01,1.000000000000000000e+01,1.100000000000000000e+01
-2.107113647460937500e+01,-3.943803024291992188e+01,1.000000000000000000e+01,1.100000000000000000e+01
-2.014143753051757812e+01,-3.642458343505859375e+01,1.000000000000000000e+01,1.100000000000000000e+01
-2.277327537536621094e+01,-4.310519790649414062e+01,1.000000000000000000e+01,1.100000000000000000e+01
-2.169715690612792969e+01,-4.081262969970703125e+01,1.000000000000000000e+01,1.100000000000000000e+01
-2.776040267944335938e+01,-5.076062011718750000e+01,1.000000000000000000e+01,1.100000000000000000e+01
-3.035873603820800781e+01,-5.584576034545898438e+01,1.000000000000000000e+01,1.100000000000000000e+01
-2.009300804138183594e+01,-3.616395950317382812e+01,1.000000000000000000e+01,1.100000000000000000e+01
-3.101261520385742188e+01,-5.779402160644531250e+01,1.000000000000000000e+01,1.100000000000000000e+01
-1.982483863830566406e+01,-3.469108581542968750e+01,1.000000000000000000e+01,1.100000000000000000e+01
-1.947024154663085938e+01,-3.141106414794921875e+01,1.000000000000000000e+01,1.100000000000000000e+01
-2.135764122009277344e+01,-4.006055068969726562e+01,1.000000000000000000e+01,1.100000000000000000e+01
-2.071481895446777344e+01,-3.847831726074218750e+01,1.000000000000000000e+01,1.100000000000000000e+01
-2.967128944396972656e+01,-5.431681060791015625e+01,1.000000000000000000e+01,1.100000000000000000e+01
-2.924451828002929688e+01,-5.344507598876953125e+01,1.000000000000000000e+01,1.100000000000000000e+01
-2.332596778869628906e+01,-4.362232971191406250e+01,1.000000000000000000e+01,1.100000000000000000e+01
-1.961904716491699219e+01,-3.306879043579101562e+01,1.000000000000000000e+01,1.100000000000000000e+01
-3.101567077636718750e+01,-5.780740356445312500e+01,1.000000000000000000e+01,1.100000000000000000e+01
-2.939587783813476562e+01,-5.372020721435546875e+01,1.000000000000000000e+01,1.100000000000000000e+01
-3.136671638488769531e+01,-5.776770019531250000e+01,1.000000000000000000e+01,1.100000000000000000e+01
-2.873062515258789062e+01,-5.244926452636718750e+01,1.000000000000000000e+01,1.100000000000000000e+01
-1.979854774475097656e+01,-3.469893264770507812e+01,1.000000000000000000e+01,1.100000000000000000e+01
-2.702249717712402344e+01,-4.954970550537109375e+01,1.000000000000000000e+01,1.100000000000000000e+01
8.050643205642700195e-01,-3.378062820434570312e+01,1.100000000000000000e+01,1.200000000000000000e+01
-1.057591342926025391e+01,-2.491730308532714844e+01,1.100000000000000000e+01,1.200000000000000000e+01
-9.105875968933105469e+00,-2.684474563598632812e+01,1.100000000000000000e+01,1.200000000000000000e+01
4.908347129821777344e+00,-3.531299209594726562e+01,1.100000000000000000e+01,1.200000000000000000e+01
4.407503128051757812e+00,-3.505840682983398438e+01,1.100000000000000000e+01,1.200000000000000000e+01
-8.263916969299316406e+00,-2.789899253845214844e+01,1.100000000000000000e+01,1.200000000000000000e+01
-7.186308860778808594e+00,-2.918892288208007812e+01,1.100000000000000000e+01,1.200000000000000000e+01
-8.985909461975097656e+00,-2.541715621948242188e+01,1.100000000000000000e+01,1.200000000000000000e+01
-8.988214492797851562e+00,-2.439081764221191406e+01,1.100000000000000000e+01,1.200000000000000000e+01
-1.242618846893310547e+01,-2.123272132873535156e+01,1.100000000000000000e+01,1.200000000000000000e+01
-5.642643737792968750e+01,3.819913864135742188e+01,1.100000000000000000e+01,1.000000000000000000e+01
-1.184685325622558594e+01,-2.257972335815429688e+01,1.100000000000000000e+01,1.200000000000000000e+01
-1.335106563568115234e+01,-1.997584533691406250e+01,1.100000000000000000e+01,1.200000000000000000e+01
2.296879291534423828e+00,-3.430628585815429688e+01,1.100000000000000000e+01,1.200000000000000000e+01
-8.111145973205566406e+00,-2.809770202636718750e+01,1.100000000000000000e+01,1.200000000000000000e+01
5.145423412322998047e+00,-3.472093200683593750e+01,1.100000000000000000e+01,1.200000000000000000e+01
7.799397468566894531e+00,-2.677019691467285156e+01,1.100000000000000000e+01,1.200000000000000000e+01
-7.132450342178344727e-01,-3.333453750610351562e+01,1.100000000000000000e+01,1.200000000000000000e+01
4.385625362396240234e+00,-3.509163284301757812e+01,1.100000000000000000e+01,1.200000000000000000e+01
-9.110015869140625000e+00,-2.670369148254394531e+01,1.100000000000000000e+01,1.200000000000000000e+01
-1.227973461151123047e+01,-2.038454818725585938e+01,1.100000000000000000e+01,1.200000000000000000e+01
-7.846374988555908203e+00,-2.842068099975585938e+01,1.100000000000000000e+01,1.200000000000000000e+01
-1.298215961456298828e+01,-1.999929428100585938e+01,1.100000000000000000e+01,1.200000000000000000e+01
-5.660584259033203125e+01,3.821341705322265625e+01,1.100000000000000000e+01,1.000000000000000000e+01
8.188236236572265625e+00,-2.626543998718261719e+01,1.100000000000000000e+01,1.200000000000000000e+01
7.606965065002441406e+00,-2.697921943664550781e+01,1.100000000000000000e+01,1.200000000000000000e+01
-8.688618659973144531e+00,-2.726486206054687500e+01,1.100000000000000000e+01,1.200000000000000000e+01
8.097788810729980469e+00,-2.671268653869628906e+01,1.100000000000000000e+01,1.200000000000000000e+01
4.967220306396484375e+00,-3.488443374633789062e+01,1.100000000000000000e+01,1.200000000000000000e+01
-3.857631385326385498e-01,-3.343532943725585938e+01,1.100000000000000000e+01,1.200000000000000000e+01
-1.184672546386718750e+01,-2.177210044860839844e+01,1.100000000000000000e+01,1.200000000000000000e+01
-9.675352096557617188e+00,-2.614391326904296875e+01,1.100000000000000000e+01,1.200000000000000000e+01
4.536190509796142578e+00,-3.350876235961914062e+01,1.100000000000000000e+01,1.200000000000000000e+01
8.194303512573242188e+00,-2.669185638427734375e+01,1.100000000000000000e+01,1.200000000000000000e+01
-9.320652008056640625e+00,-2.654707145690917969e+01,1.100000000000000000e+01,1.200000000000000000e+01
-1.070959186553955078e+01,-2.134931945800781250e+01,1.100000000000000000e+01,1.200000000000000000e+01
-7.158216953277587891e+00,-2.921639633178710938e+01,1.100000000000000000e+01,1.200000000000000000e+01
-1.036660194396972656e+01,-2.499439430236816406e+01,1.100000000000000000e+01,1.200000000000000000e+01
8.230215072631835938e+00,-2.666754150390625000e+01,1.100000000000000000e+01,1.200000000000000000e+01
-1.327193450927734375e+01,-2.028277397155761719e+01,1.100000000000000000e+01,1.200000000000000000e+01
-1.291823863983154297e+01,-2.114857101440429688e+01,1.100000000000000000e+01,1.200000000000000000e+01
-7.696439743041992188e+00,-2.860126876831054688e+01,1.100000000000000000e+01,1.200000000000000000e+01
1.718161106109619141e+00,-3.410437393188476562e+01,1.100000000000000000e+01,1.200000000000000000e+01
-8.281087875366210938e+00,-2.785948371887207031e+01,1.100000000000000000e+01,1.200000000000000000e+01
4.715704441070556641e+00,-3.205794143676757812e+01,1.100000000000000000e+01,1.200000000000000000e+01
-5.221679210662841797e+00,-3.092478942871093750e+01,1.100000000000000000e+01,1.200000000000000000e+01
-7.064996719360351562e+00,-2.931117820739746094e+01,1.100000000000000000e+01,1.200000000000000000e+01
-1.274767494201660156e+01,-2.017408943176269531e+01,1.100000000000000000e+01,1.200000000000000000e+01
-1.259384822845458984e+01,-2.141181564331054688e+01,1.100000000000000000e+01,1.200000000000000000e+01
-5.608445358276367188e+01,3.817372512817382812e+01,1.100000000000000000e+01,1.000000000000000000e+01
-5.294400691986083984e+00,-3.087088584899902344e+01,1.100000000000000000e+01,1.200000000000000000e+01
-1.326957607269287109e+01,-2.000124549865722656e+01,1.100000000000000000e+01,1.200000000000000000e+01
1.667155504226684570e+00,-3.406333541870117188e+01,1.100000000000000000e+01,1.200000000000000000e+01
-1.046744155883789062e+01,-2.505742073059082031e+01,1.100000000000000000e+01,1.200000000000000000e+01
3.888483524322509766e+00,-3.265123367309570312e+01,1.100000000000000000e+01,1.200000000000000000e+01
-1.277043342590332031e+01,-1.982782745361328125e+01,1.100000000000000000e+01,1.200000000000000000e+01
8.148620605468750000e+00,-2.624368095397949219e+01,1.100000000000000000e+01,1.200000000000000000e+01
7.946013927459716797e+00,-2.660081100463867188e+01,1.100000000000000000e+01,1.200000000000000000e+01
-1.276599216461181641e+01,-2.119966316223144531e+01,1.100000000000000000e+01,1.200000000000000000e+01
-1.306671524047851562e+01,-1.983478927612304688e+01,1.100000000000000000e+01,1.200000000000000000e+01
7.467657327651977539e-02,-3.360935211181640625e+01,1.100000000000000000e+01,1.200000000000000000e+01
7.944791793823242188e+00,-2.648882484436035156e+01,1.100000000000000000e+01,1.200000000000000000e+01
4.675552368164062500e+00,-3.472851943969726562e+01,1.100000000000000000e+01,1.200000000000000000e+01
2.457058668136596680e+00,-3.435334396362304688e+01,1.100000000000000000e+01,1.200000000000000000e+01
-1.292633056640625000e+01,-2.081898117065429688e+01,1.100000000000000000e+01,1.200000000000000000e+01
4.941667556762695312e+00,-3.513662719726562500e+01,1.100000000000000000e+01,1.200000000000000000e+01
3.157217264175415039e+00,-3.457941818237304688e+01,1.100000000000000000e+01,1.200000000000000000e+01
-1.093814754486083984e+01,-2.430370140075683594e+01,1.100000000000000000e+01,1.200000000000000000e+01
-5.309629440307617188e+00,-3.085969924926757812e+01,1.100000000000000000e+01,1.200000000000000000e+01
-1.092195606231689453e+01,-2.120670700073242188e+01,1.100000000000000000e+01,1.200000000000000000e+01
4.281120300292968750e+00,-3.513715744018554688e+01,1.100000000000000000e+01,1.200000000000000000e+01
-1.065139007568359375e+01,-2.476833915710449219e+01,1.100000000000000000e+01,1.200000000000000000e+01
5.631643772125244141e+00,-3.421299743652343750e+01,1.100000000000000000e+01,1.200000000000000000e+01
-9.086652755737304688e+00,-2.686920356750488281e+01,1.100000000000000000e+01,1.200000000000000000e+01
-1.274335384368896484e+01,-2.024648284912109375e+01,1.100000000000000000e+01,1.200000000000000000e+01
-5.668762588500976562e+01,3.821957778930664062e+01,1.100000000000000000e+01,1.000000000000000000e+01
-1.307150650024414062e+01,-2.030971908569335938e+01,1.100000000000000000e+01,1.200000000000000000e+01
-1.588591694831848145e+00,-3.303210067749023438e+01,1.100000000000000000e+01,1.200000000000000000e+01
-1.315230655670166016e+01,-2.034689521789550781e+01,1.100000000000000000e+01,1.200000000000000000e+01
5.455848217010498047e+00,-3.482777023315429688e+01,1.100000000000000000e+01,1.200000000000000000e+01
-7.543977737426757812e+00,-2.878497314453125000e+01,1.100000000000000000e+01,1.200000000000000000e+01
4.630014419555664062e+00,-3.518950271606445312e+01,1.100000000000000000e+01,1.200000000000000000e+01
-9.717685699462890625e+00,-2.608466339111328125e+01,1.100000000000000000e+01,1.200000000000000000e+01
-1.279767227172851562e+01,-1.998561096191406250e+01,1.100000000000000000e+01,1.200000000000000000e+01
-1.074992275238037109e+01,-2.463101387023925781e+01,1.100000000000000000e+01,1.200000000000000000e+01
-6.988389492034912109e+00,-2.939113807678222656e+01,1.100000000000000000e+01,1.200000000000000000e+01
8.201289176940917969e+00,-2.665997695922851562e+01,1.100000000000000000e+01,1.200000000000000000e+01
-7.074963569641113281e+00,-2.930125045776367188e+01,1.100000000000000000e+01,1.200000000000000000e+01
-9.057667732238769531e+00,-2.678305435180664062e+01,1.100000000000000000e+01,1.200000000000000000e+01
1.380134820938110352e+00,-3.402235794067382812e+01,1.100000000000000000e+01,1.200000000000000000e+01
-1.258467078208923340e+00,-3.318084716796875000e+01,1.100000000000000000e+01,1.200000000000000000e+01
-1.540362369269132614e-02,-3.264847946166992188e+01,1.100000000000000000e+01,1.200000000000000000e+01
-1.195970058441162109e+00,-3.320294952392578125e+01,1.100000000000000000e+01,1.200000000000000000e+01
-5.630751800537109375e+01,3.818900299072265625e+01,1.100000000000000000e+01,1.000000000000000000e+01
-5.302247047424316406e+00,-3.086527061462402344e+01,1.100000000000000000e+01,1.200000000000000000e+01
-5.233658790588378906e+00,-3.091615104675292969e+01,1.100000000000000000e+01,1.200000000000000000e+01
2.028983354568481445e+00,-3.417561340332031250e+01,1.100000000000000000e+01,1.200000000000000000e+01
-1.084427356719970703e+01,-2.445742797851562500e+01,1.100000000000000000e+01,1.200000000000000000e+01
-1.219360256195068359e+01,-2.128434562683105469e+01,1.100000000000000000e+01,1.200000000000000000e+01
-1.258557701110839844e+01,-2.112246894836425781e+01,1.100000000000000000e+01,1.200000000000000000e+01
-5.281139373779296875e+00,-3.088074684143066406e+01,1.100000000000000000e+01,1.200000000000000000e+01
-1.160098266601562500e+01,-2.157416534423828125e+01,1.100000000000000000e+01,1.200000000000000000e+01
3.634081125259399414e+00,-3.519676971435546875e+01,1.100000000000000000e+01,1.200000000000000000e+01
7.842612743377685547e+00,-2.678280639648437500e+01,1.100000000000000000e+01,1.200000000000000000e+01
-1.099936008453369141e+01,-2.117366790771484375e+01,1.100000000000000000e+01,1.200000000000000000e+01
-7.375753879547119141e+00,-2.897316360473632812e+01,1.100000000000000000e+01,1.200000000000000000e+01
-9.478604793548583984e-01,-3.328950119018554688e+01,1.100000000000000000e+01,1.200000000000000000e+01
8.154561042785644531e+00,-2.666433525085449219e+01,1.100000000000000000e+01,1.200000000000000000e+01
-1.276666355133056641e+01,-2.075281906127929688e+01,1.100000000000000000e+01,1.200000000000000000e+01
5.177090644836425781e+00,-3.434508514404296875e+01,1.100000000000000000e+01,1.200000000000000000e+01
-8.965063095092773438e+00,-2.694446372985839844e+01,1.100000000000000000e+01,1.200000000000000000e+01
6.886667013168334961e-01,-3.371540069580078125e+01,1.100000000000000000e+01,1.200000000000000000e+01
-5.043637752532958984e+00,-3.104689979553222656e+01,1.100000000000000000e+01,1.200000000000000000e+01
-1.336460113525390625e+01,-2.022004127502441406e+01,1.100000000000000000e+01,1.200000000000000000e+01
-1.060691833496093750e+01,-2.471158790588378906e+01,1.100000000000000000e+01,1.200000000000000000e+01
-5.612570571899414062e+01,3.817629623413085938e+01,1.100000000000000000e+01,1.000000000000000000e+01
3.979902267456054688e+00,-3.278151702880859375e+01,1.100000000000000000e+01,1.200000000000000000e+01
-1.286378765106201172e+01,-2.086804580688476562e+01,1.100000000000000000e+01,1.200000000000000000e+01
4.703813552856445312e+00,-3.206350326538085938e+01,1.100000000000000000e+01,1.200000000000000000e+01
-8.663089752197265625e+00,-2.733805084228515625e+01,1.100000000000000000e+01,1.200000000000000000e+01
8.220732688903808594e+00,-2.661791038513183594e+01,1.100000000000000000e+01,1.200000000000000000e+01
5.123864173889160156e+00,-3.476501083374023438e+01,1.100000000000000000e+01,1.200000000000000000e+01
-5.523643016815185547e+00,-3.069068717956542969e+01,1.100000000000000000e+01,1.200000000000000000e+01
-7.957595348358154297e+00,-2.828576087951660156e+01,1.100000000000000000e+01,1.200000000000000000e+01
-8.893125534057617188e+00,-2.707574081420898438e+01,1.100000000000000000e+01,1.200000000000000000e+01
7.562300205230712891e+00,-2.704006004333496094e+01,1.100000000000000000e+01,1.200000000000000000e+01
8.214383125305175781e+00,-2.617148590087890625e+01,1.100000000000000000e+01,1.200000000000000000e+01
-7.972698688507080078e+00,-2.826042938232421875e+01,1.100000000000000000e+01,1.200000000000000000e+01
-8.605093955993652344e+00,-2.738101196289062500e+01,1.100000000000000000e+01,1.200000000000000000e+01
-9.134785652160644531e+00,-2.674441337585449219e+01,1.100000000000000000e+01,1.200000000000000000e+01
-8.772372245788574219e+00,-2.716889572143554688e+01,1.100000000000000000e+01,1.200000000000000000e+01
-5.641572189331054688e+01,3.819794464111328125e+01,1.100000000000000000e+01,1.000000000000000000e+01
2.060685157775878906e+00,-3.427505111694335938e+01,1.100000000000000000e+01,1.200000000000000000e+01
4.898032188415527344e+00,-3.520307540893554688e+01,1.100000000000000000e+01,1.200000000000000000e+01
1.800343632698059082e+00,-3.357412719726562500e+01,1.100000000000000000e+01,1.200000000000000000e+01
4.981736660003662109e+00,-3.511255645751953125e+01,1.100000000000000000e+01,1.200000000000000000e+01
-5.649083328247070312e+01,3.820505905151367188e+01,1.100000000000000000e+01,1.000000000000000000e+01
-1.272633457183837891e+01,-2.132393836975097656e+01,1.100000000000000000e+01,1.200000000000000000e+01
-5.552378654479980469e+00,-3.066656303405761719e+01,1.100000000000000000e+01,1.200000000000000000e+01
-6.804160594940185547e+00,-2.956216239929199219e+01,1.100000000000000000e+01,1.200000000000000000e+01
7.737478733062744141e+00,-2.687108421325683594e+01,1.100000000000000000e+01,1.200000000000000000e+01
5.081600189208984375e+00,-3.454823303222656250e+01,1.100000000000000000e+01,1.200000000000000000e+01
-1.013757324218750000e+01,-2.545021438598632812e+01,1.100000000000000000e+01,1.200000000000000000e+01
7.957085609436035156e+00,-2.657887077331542969e+01,1.100000000000000000e+01,1.200000000000000000e+01
9.136299043893814087e-02,-3.361477279663085938e+01,1.100000000000000000e+01,1.200000000000000000e+01
4.931809425354003906e+00,-3.525629806518554688e+01,1.100000000000000000e+01,1.200000000000000000e+01
-1.058713912963867188e+00,-3.325169372558593750e+01,1.100000000000000000e+01,1.200000000000000000e+01
3.738227367401123047e+00,-3.485171890258789062e+01,1.100000000000000000e+01,1.200000000000000000e+01
-8.586436271667480469e+00,-2.745732879638671875e+01,1.100000000000000000e+01,1.200000000000000000e+01
3.591613054275512695e+00,-3.469519042968750000e+01,1.100000000000000000e+01,1.200000000000000000e+01
7.923675060272216797e+00,-2.631002235412597656e+01,1.100000000000000000e+01,1.200000000000000000e+01
3.772802591323852539e+00,-3.485106658935546875e+01,1.100000000000000000e+01,1.200000000000000000e+01
4.729101657867431641e+00,-3.521247863769531250e+01,1.100000000000000000e+01,1.200000000000000000e+01
3.749446392059326172e+00,-3.468527984619140625e+01,1.100000000000000000e+01,1.200000000000000000e+01
4.771968841552734375e+00,-3.535007476806640625e+01,1.100000000000000000e+01,1.200000000000000000e+01
-1.326839542388916016e+01,-2.023866844177246094e+01,1.100000000000000000e+01,1.200000000000000000e+01
-8.749923706054687500e+00,-2.728109169006347656e+01,1.100000000000000000e+01,1.200000000000000000e+01
7.599059581756591797e+00,-2.693615913391113281e+01,1.100000000000000000e+01,1.200000000000000000e+01
1.873788595199584961e+00,-3.399386215209960938e+01,1.100000000000000000e+01,1.200000000000000000e+01
4.263209402561187744e-01,-3.370019149780273438e+01,1.100000000000000000e+01,1.200000000000000000e+01
-5.617444992065429688e+01,3.817920684814453125e+01,1.100000000000000000e+01,1.000000000000000000e+01
-8.520400047302246094e+00,-2.754834938049316406e+01,1.100000000000000000e+01,1.200000000000000000e+01
-1.036536598205566406e+01,-2.499972152709960938e+01,1.100000000000000000e+01,1.200000000000000000e+01
8.042072296142578125e+00,-2.646909141540527344e+01,1.100000000000000000e+01,1.200000000000000000e+01
1.197001934051513672e+00,-3.392744445800781250e+01,1.100000000000000000e+01,1.200000000000000000e+01
-1.233067131042480469e+01,-2.107095527648925781e+01,1.100000000000000000e+01,1.200000000000000000e+01
-2.871379628777503967e-02,-3.355975341796875000e+01,1.100000000000000000e+01,1.200000000000000000e+01
-1.266382598876953125e+01,-2.026865768432617188e+01,1.100000000000000000e+01,1.200000000000000000e+01
4.368326663970947266e+00,-3.506805038452148438e+01,1.100000000000000000e+01,1.200000000000000000e+01
-9.861898422241210938e+00,-2.590220642089843750e+01,1.100000000000000000e+01,1.200000000000000000e+01
1.370619297027587891e+00,-3.396223831176757812e+01,1.100000000000000000e+01,1.200000000000000000e+01
4.706693649291992188e+00,-3.204546356201171875e+01,1.100000000000000000e+01,1.200000000000000000e+01
-1.288982200622558594e+01,-1.984553146362304688e+01,1.100000000000000000e+01,1.200000000000000000e+01
-9.341616630554199219e+00,-2.653919601440429688e+01,1.100000000000000000e+01,1.200000000000000000e+01
-8.493011474609375000e+00,-2.756849861145019531e+01,1.100000000000000000e+01,1.200000000000000000e+01
4.611839294433593750e+00,-3.216147994995117188e+01,1.100000000000000000e+01,1.200000000000000000e+01
1.512083053588867188e+00,-3.402165603637695312e+01,1.100000000000000000e+01,1.200000000000000000e+01
-8.352948188781738281e+00,-2.777335739135742188e+01,1.100000000000000000e+01,1.200000000000000000e+01
4.991335391998291016e+00,-3.466434478759765625e+01,1.100000000000000000e+01,1.200000000000000000e+01
-5.616508865356445312e+01,3.817858123779296875e+01,1.100000000000000000e+01,1.000000000000000000e+01
-2.101431638002395630e-01,-3.350564575195312500e+01,1.100000000000000000e+01,1.200000000000000000e+01
1.214142918586730957e+00,-3.389657974243164062e+01,1.100000000000000000e+01,1.200000000000000000e+01
-1.303979969024658203e+01,-2.006330680847167969e+01,1.100000000000000000e+01,1.200000000000000000e+01
-5.379987716674804688e+00,-3.080564117431640625e+01,1.100000000000000000e+01,1.200000000000000000e+01
-1.286986064910888672e+01,-2.018811607360839844e+01,1.100000000000000000e+01,1.200000000000000000e+01
1.214665293693542480e+00,-3.395517349243164062e+01,1.100000000000000000e+01,1.200000000000000000e+01
-1.183063387870788574e+00,-3.319642639160156250e+01,1.100000000000000000e+01,1.200000000000000000e+01
4.334485530853271484e+00,-3.519347381591796875e+01,1.100000000000000000e+01,1.200000000000000000e+01
1.440766572952270508e+00,-3.403039550781250000e+01,1.100000000000000000e+01,1.200000000000000000e+01
-1.131634235382080078e+00,-3.322793960571289062e+01,1.100000000000000000e+01,1.200000000000000000e+01
-6.876166820526123047e+00,-2.949504852294921875e+01,1.100000000000000000e+01,1.200000000000000000e+01
-1.073366928100585938e+01,-2.467838287353515625e+01,1.100000000000000000e+01,1.200000000000000000e+01
-7.557573318481445312e+00,-2.876732444763183594e+01,1.100000000000000000e+01,1.200000000000000000e+01
8.122492790222167969e+00,-2.668216323852539062e+01,1.100000000000000000e+01,1.200000000000000000e+01
-7.965258598327636719e+00,-2.827163887023925781e+01,1.100000000000000000e+01,1.200000000000000000e+01
-1.080869483947753906e+01,-2.455470848083496094e+01,1.100000000000000000e+01,1.200000000000000000e+01
4.639017581939697266e+00,-3.499775314331054688e+01,1.100000000000000000e+01,1.200000000000000000e+01
2.121819257736206055e-01,-3.364074325561523438e+01,1.100000000000000000e+01,1.200000000000000000e+01
-7.502133369445800781e+00,-2.883294677734375000e+01,1.100000000000000000e+01,1.200000000000000000e+01
-4.926603317260742188e+00,-3.112138938903808594e+01,1.100000000000000000e+01,1.200000000000000000e+01
-5.987495899200439453e+00,-3.029497528076171875e+01,1.100000000000000000e+01,1.200000000000000000e+01
8.244492530822753906e+00,-2.655636215209960938e+01,1.100000000000000000e+01,1.200000000000000000e+01
-1.483773231506347656e+00,-3.308380508422851562e+01,1.100000000000000000e+01,1.200000000000000000e+01
-1.208283710479736328e+01,-2.153281211853027344e+01,1.100000000000000000e+01,1.200000000000000000e+01
-5.614410018920898438e+01,3.817723846435546875e+01,1.100000000000000000e+01,1.000000000000000000e+01
-1.063621425628662109e+01,-2.482094573974609375e+01,1.100000000000000000e+01,1.200000000000000000e+01
-5.602667617797851562e+01,3.817014312744140625e+01,1.100000000000000000e+01,1.000000000000000000e+01
-8.901631355285644531e+00,-2.620650482177734375e+01,1.100000000000000000e+01,1.200000000000000000e+01
7.743044853210449219e+00,-2.646423912048339844e+01,1.100000000000000000e+01,1.200000000000000000e+01
-1.287041854858398438e+01,-2.000103378295898438e+01,1.100000000000000000e+01,1.200000000000000000e+01
7.633779144287109375e+01,-3.129715919494628906e+01,1.200000000000000000e+01,1.400000000000000000e+01
6.251564788818359375e+01,-1.744963645935058594e+01,1.200000000000000000e+01,1.400000000000000000e+01
6.780952453613281250e+01,-2.043333816528320312e+01,1.200000000000000000e+01,1.400000000000000000e+01
6.756757354736328125e+01,-2.024115943908691406e+01,1.200000000000000000e+01,1.400000000000000000e+01
7.521066284179687500e+01,-2.922229194641113281e+01,1.200000000000000000e+01,1.400000000000000000e+01
7.658193969726562500e+01,-3.174707221984863281e+01,1.200000000000000000e+01,1.400000000000000000e+01
7.663405609130859375e+01,-3.188839149475097656e+01,1.200000000000000000e+01,1.400000000000000000e+01
7.174421691894531250e+01,-2.428187179565429688e+01,1.200000000000000000e+01,1.400000000000000000e+01
7.727957153320312500e+01,-3.323160934448242188e+01,1.200000000000000000e+01,1.400000000000000000e+01
7.230765533447265625e+01,-2.494598579406738281e+01,1.200000000000000000e+01,1.400000000000000000e+01
5.422360229492187500e+01,-1.557780170440673828e+01,1.200000000000000000e+01,1.400000000000000000e+01
6.453015899658203125e+01,-1.826913070678710938e+01,1.200000000000000000e+01,1.400000000000000000e+01
7.709002685546875000e+01,-3.324893569946289062e+01,1.200000000000000000e+01,1.400000000000000000e+01
7.689021301269531250e+01,-3.230559921264648438e+01,1.200000000000000000e+01,1.400000000000000000e+01
7.502164459228515625e+01,-2.889311599731445312e+01,1.200000000000000000e+01,1.400000000000000000e+01
7.737624359130859375e+01,-3.321134948730468750e+01,1.200000000000000000e+01,1.400000000000000000e+01
7.743141174316406250e+01,-3.330834960937500000e+01,1.200000000000000000e+01,1.400000000000000000e+01
5.532917785644531250e+01,-1.568987941741943359e+01,1.200000000000000000e+01,1.400000000000000000e+01
6.443169403076171875e+01,-1.824217605590820312e+01,1.200000000000000000e+01,1.400000000000000000e+01
5.837740707397460938e+01,-1.631937026977539062e+01,1.200000000000000000e+01,1.400000000000000000e+01
7.372159576416015625e+01,-2.676398468017578125e+01,1.200000000000000000e+01,1.400000000000000000e+01
7.056748962402343750e+01,-2.299136352539062500e+01,1.200000000000000000e+01,1.400000000000000000e+01
5.831069183349609375e+01,-1.630387496948242188e+01,1.200000000000000000e+01,1.400000000000000000e+01
5.924424362182617188e+01,-1.645866203308105469e+01,1.200000000000000000e+01,1.400000000000000000e+01
7.226268005371093750e+01,-2.489473533630371094e+01,1.200000000000000000e+01,1.400000000000000000e+01
6.879141998291015625e+01,-2.126531791687011719e+01,1.200000000000000000e+01,1.400000000000000000e+01
5.419961547851562500e+01,-1.560151958465576172e+01,1.200000000000000000e+01,1.400000000000000000e+01
7.070793151855468750e+01,-2.313829803466796875e+01,1.200000000000000000e+01,1.400000000000000000e+01
7.488214874267578125e+01,-2.865320777893066406e+01,1.200000000000000000e+01,1.400000000000000000e+01
5.424557876586914062e+01,-1.542787933349609375e+01,1.200000000000000000e+01,1.400000000000000000e+01
7.105428314208984375e+01,-2.351419067382812500e+01,1.200000000000000000e+01,1.400000000000000000e+01
7.176908874511718750e+01,-2.431426048278808594e+01,1.200000000000000000e+01,1.400000000000000000e+01
6.731172180175781250e+01,-2.003683280944824219e+01,1.200000000000000000e+01,1.400000000000000000e+01
6.661254882812500000e+01,-1.952538871765136719e+01,1.200000000000000000e+01,1.400000000000000000e+01
5.806978225708007812e+01,-1.558303833007812500e+01,1.200000000000000000e+01,1.400000000000000000e+01
6.425638580322265625e+01,-1.815626525878906250e+01,1.200000000000000000e+01,1.400000000000000000e+01
7.416121673583984375e+01,-2.745344924926757812e+01,1.200000000000000000e+01,1.400000000000000000e+01
5.427981567382812500e+01,-1.460564613342285156e+01,1.200000000000000000e+01,1.400000000000000000e+01
6.863567352294921875e+01,-2.112330055236816406e+01,1.200000000000000000e+01,1.400000000000000000e+01
6.842916107177734375e+01,-2.094399261474609375e+01,1.200000000000000000e+01,1.400000000000000000e+01
7.256207275390625000e+01,-2.525182342529296875e+01,1.200000000000000000e+01,1.400000000000000000e+01
7.535812377929687500e+01,-2.947997665405273438e+01,1.200000000000000000e+01,1.400000000000000000e+01
6.224631881713867188e+01,-1.735274505615234375e+01,1.200000000000000000e+01,1.400000000000000000e+01
7.155554962158203125e+01,-2.406275558471679688e+01,1.200000000000000000e+01,1.400000000000000000e+01
7.176946258544921875e+01,-2.431904029846191406e+01,1.200000000000000000e+01,1.400000000000000000e+01
7.364503479003906250e+01,-2.665877914428710938e+01,1.200000000000000000e+01,1.400000000000000000e+01
6.435474395751953125e+01,-1.820129394531250000e+01,1.200000000000000000e+01,1.400000000000000000e+01
7.356979370117187500e+01,-2.656897163391113281e+01,1.200000000000000000e+01,1.400000000000000000e+01
6.404473876953125000e+01,-1.806167411804199219e+01,1.200000000000000000e+01,1.400000000000000000e+01
6.912390899658203125e+01,-2.156640815734863281e+01,1.200000000000000000e+01,1.400000000000000000e+01
5.791583633422851562e+01,-1.622566604614257812e+01,1.200000000000000000e+01,1.400000000000000000e+01
6.433138275146484375e+01,-1.819082641601562500e+01,1.200000000000000000e+01,1.400000000000000000e+01
6.882949066162109375e+01,-2.130228996276855469e+01,1.200000000000000000e+01,1.400000000000000000e+01
7.420186614990234375e+01,-2.751970863342285156e+01,1.200000000000000000e+01,1.400000000000000000e+01
5.742354583740234375e+01,-1.607934951782226562e+01,1.200000000000000000e+01,1.400000000000000000e+01
6.442977905273437500e+01,-1.823155593872070312e+01,1.200000000000000000e+01,1.400000000000000000e+01
6.648628234863281250e+01,-1.946250343322753906e+01,1.200000000000000000e+01,1.400000000000000000e+01
7.317436218261718750e+01,-2.602063179016113281e+01,1.200000000000000000e+01,1.400000000000000000e+01
7.212641906738281250e+01,-2.473819923400878906e+01,1.200000000000000000e+01,1.400000000000000000e+01
5.408536148071289062e+01,-1.562585926055908203e+01,1.200000000000000000e+01,1.400000000000000000e+01
6.240595245361328125e+01,-1.740926361083984375e+01,1.200000000000000000e+01,1.400000000000000000e+01
7.304367065429687500e+01,-2.584977722167968750e+01,1.200000000000000000e+01,1.400000000000000000e+01
6.982353973388671875e+01,-2.224160194396972656e+01,1.200000000000000000e+01,1.400000000000000000e+01
7.606013488769531250e+01,-3.077949333190917969e+01,1.200000000000000000e+01,1.400000000000000000e+01
6.886761474609375000e+01,-2.133543205261230469e+01,1.200000000000000000e+01,1.400000000000000000e+01
7.636180877685546875e+01,-3.134301376342773438e+01,1.200000000000000000e+01,1.400000000000000000e+01
7.016381072998046875e+01,-2.258141708374023438e+01,1.200000000000000000e+01,1.400000000000000000e+01
7.716500854492187500e+01,-3.267202377319335938e+01,1.200000000000000000e+01,1.400000000000000000e+01
6.525687408447265625e+01,-1.867432975769042969e+01,1.200000000000000000e+01,1.400000000000000000e+01
6.221873855590820312e+01,-1.734259605407714844e+01,1.200000000000000000e+01,1.400000000000000000e+01
5.463365554809570312e+01,-1.530889320373535156e+01,1.200000000000000000e+01,1.400000000000000000e+01
6.958366394042968750e+01,-2.199923706054687500e+01,1.200000000000000000e+01,1.400000000000000000e+01
7.272253417968750000e+01,-2.545241355895996094e+01,1.200000000000000000e+01,1.400000000000000000e+01
5.650417709350585938e+01,-1.593962574005126953e+01,1.200000000000000000e+01,1.400000000000000000e+01
7.098750305175781250e+01,-2.343964576721191406e+01,1.200000000000000000e+01,1.400000000000000000e+01
7.626963806152343750e+01,-3.117096900939941406e+01,1.200000000000000000e+01,1.400000000000000000e+01
6.403016662597656250e+01,-1.805616760253906250e+01,1.200000000000000000e+01,1.400000000000000000e+01
7.667935943603515625e+01,-3.193365287780761719e+01,1.200000000000000000e+01,1.400000000000000000e+01
6.292467117309570312e+01,-1.760771560668945312e+01,1.200000000000000000e+01,1.400000000000000000e+01
6.494950103759765625e+01,-1.850503540039062500e+01,1.200000000000000000e+01,1.400000000000000000e+01
5.692379379272460938e+01,-1.596111488342285156e+01,1.200000000000000000e+01,1.400000000000000000e+01
5.765405654907226562e+01,-1.618245697021484375e+01,1.200000000000000000e+01,1.400000000000000000e+01
6.501406860351562500e+01,-1.853824234008789062e+01,1.200000000000000000e+01,1.400000000000000000e+01
5.699056625366210938e+01,-1.601068305969238281e+01,1.200000000000000000e+01,1.400000000000000000e+01
5.419866943359375000e+01,-1.547326087951660156e+01,1.200000000000000000e+01,1.400000000000000000e+01
6.605374908447265625e+01,-1.916908073425292969e+01,1.200000000000000000e+01,1.400000000000000000e+01
6.708442687988281250e+01,-1.986016082763671875e+01,1.200000000000000000e+01,1.400000000000000000e+01
5.612128829956054688e+01,-1.584330940246582031e+01,1.200000000000000000e+01,1.400000000000000000e+01
7.519650268554687500e+01,-2.919676208496093750e+01,1.200000000000000000e+01,1.400000000000000000e+01
6.644019317626953125e+01,-1.943254089355468750e+01,1.200000000000000000e+01,1.400000000000000000e+01
7.379349517822265625e+01,-2.687175941467285156e+01,1.200000000000000000e+01,1.400000000000000000e+01
5.824140930175781250e+01,-1.606522941589355469e+01,1.200000000000000000e+01,1.400000000000000000e+01
7.484205627441406250e+01,-2.859094238281250000e+01,1.200000000000000000e+01,1.400000000000000000e+01
7.694289398193359375e+01,-3.240711593627929688e+01,1.200000000000000000e+01,1.400000000000000000e+01
6.594813537597656250e+01,-1.908811187744140625e+01,1.200000000000000000e+01,1.400000000000000000e+01
6.817144012451171875e+01,-2.072660827636718750e+01,1.200000000000000000e+01,1.400000000000000000e+01
6.509165954589843750e+01,-1.857946014404296875e+01,1.200000000000000000e+01,1.400000000000000000e+01
5.651486206054687500e+01,-1.594803714752197266e+01,1.200000000000000000e+01,1.400000000000000000e+01
6.527975463867187500e+01,-1.868709945678710938e+01,1.200000000000000000e+01,1.400000000000000000e+01
7.329896545410156250e+01,-2.617632102966308594e+01,1.200000000000000000e+01,1.400000000000000000e+01
5.801604461669921875e+01,-1.622553253173828125e+01,1.200000000000000000e+01,1.400000000000000000e+01
6.486985778808593750e+01,-1.846149063110351562e+01,1.200000000000000000e+01,1.400000000000000000e+01
7.685125732421875000e+01,-3.225994491577148438e+01,1.200000000000000000e+01,1.400000000000000000e+01
6.946601104736328125e+01,-2.189136505126953125e+01,1.200000000000000000e+01,1.400000000000000000e+01
7.339577484130859375e+01,-2.631891250610351562e+01,1.200000000000000000e+01,1.400000000000000000e+01
7.076158142089843750e+01,-2.319433593750000000e+01,1.200000000000000000e+01,1.400000000000000000e+01
5.626285552978515625e+01,-1.577646350860595703e+01,1.200000000000000000e+01,1.400000000000000000e+01
7.738450622558593750e+01,-3.329434585571289062e+01,1.200000000000000000e+01,1.400000000000000000e+01
7.211586761474609375e+01,-2.472386169433593750e+01,1.200000000000000000e+01,1.400000000000000000e+01
5.425473403930664062e+01,-1.559250736236572266e+01,1.200000000000000000e+01,1.400000000000000000e+01
7.510222625732421875e+01,-2.903119277954101562e+01,1.200000000000000000e+01,1.400000000000000000e+01
6.262398147583007812e+01,-1.748990821838378906e+01,1.200000000000000000e+01,1.400000000000000000e+01
5.731002807617187500e+01,-1.609584045410156250e+01,1.200000000000000000e+01,1.400000000000000000e+01
7.629265594482421875e+01,-3.122547340393066406e+01,1.200000000000000000e+01,1.400000000000000000e+01
7.700473785400390625e+01,-3.268323898315429688e+01,1.200000000000000000e+01,1.400000000000000000e+01
5.821189117431640625e+01,-1.612741470336914062e+01,1.200000000000000000e+01,1.400000000000000000e+01
6.565895080566406250e+01,-1.889301109313964844e+01,1.200000000000000000e+01,1.400000000000000000e+01
7.324871826171875000e+01,-2.612454414367675781e+01,1.200000000000000000e+01,1.400000000000000000e+01
5.828028488159179688e+01,-1.613769912719726562e+01,1.200000000000000000e+01,1.400000000000000000e+01
7.502687835693359375e+01,-2.890228080749511719e+01,1.200000000000000000e+01,1.400000000000000000e+01
7.605875396728515625e+01,-3.077691650390625000e+01,1.200000000000000000e+01,1.400000000000000000e+01
5.892303466796875000e+01,-1.637042045593261719e+01,1.200000000000000000e+01,1.400000000000000000e+01
5.406980514526367188e+01,-1.559767532348632812e+01,1.200000000000000000e+01,1.400000000000000000e+01
6.988658142089843750e+01,-2.230738258361816406e+01,1.200000000000000000e+01,1.400000000000000000e+01
6.569977569580078125e+01,-1.892556953430175781e+01,1.200000000000000000e+01,1.400000000000000000e+01
7.363034057617187500e+01,-2.664288330078125000e+01,1.200000000000000000e+01,1.400000000000000000e+01
7.406444549560546875e+01,-2.728849411010742188e+01,1.200000000000000000e+01,1.400000000000000000e+01
7.712107086181640625e+01,-3.306618118286132812e+01,1.200000000000000000e+01,1.400000000000000000e+01
5.433025741577148438e+01,-1.535639572143554688e+01,1.200000000000000000e+01,1.400000000000000000e+01
5.900384902954101562e+01,-1.639736366271972656e+01,1.200000000000000000e+01,1.400000000000000000e+01
7.655703735351562500e+01,-3.170102310180664062e+01,1.200000000000000000e+01,1.400000000000000000e+01
5.832458114624023438e+01,-1.628614997863769531e+01,1.200000000000000000e+01,1.400000000000000000e+01
7.544994354248046875e+01,-2.967055130004882812e+01,1.200000000000000000e+01,1.400000000000000000e+01
6.177231216430664062e+01,-1.720080566406250000e+01,1.200000000000000000e+01,1.400000000000000000e+01
7.740203857421875000e+01,-3.322747802734375000e+01,1.200000000000000000e+01,1.400000000000000000e+01
7.164373779296875000e+01,-2.417370986938476562e+01,1.200000000000000000e+01,1.400000000000000000e+01
7.276995849609375000e+01,-2.552067756652832031e+01,1.200000000000000000e+01,1.400000000000000000e+01
5.877920913696289062e+01,-1.629255294799804688e+01,1.200000000000000000e+01,1.400000000000000000e+01
7.109294891357421875e+01,-2.355340766906738281e+01,1.200000000000000000e+01,1.400000000000000000e+01
7.143997955322265625e+01,-2.394504547119140625e+01,1.200000000000000000e+01,1.400000000000000000e+01
7.696023559570312500e+01,-3.241181945800781250e+01,1.200000000000000000e+01,1.400000000000000000e+01
7.626522827148437500e+01,-3.116398620605468750e+01,1.200000000000000000e+01,1.400000000000000000e+01
5.434088134765625000e+01,-1.544788742065429688e+01,1.200000000000000000e+01,1.400000000000000000e+01
7.718187713623046875e+01,-3.265550994873046875e+01,1.200000000000000000e+01,1.400000000000000000e+01
6.860186767578125000e+01,-2.109218406677246094e+01,1.200000000000000000e+01,1.400000000000000000e+01
7.372888183593750000e+01,-2.678351020812988281e+01,1.200000000000000000e+01,1.400000000000000000e+01
6.888647460937500000e+01,-2.134809303283691406e+01,1.200000000000000000e+01,1.400000000000000000e+01
5.682191467285156250e+01,-1.599791812896728516e+01,1.200000000000000000e+01,1.400000000000000000e+01
6.745360565185546875e+01,-2.013918304443359375e+01,1.200000000000000000e+01,1.400000000000000000e+01
7.331829833984375000e+01,-2.619999122619628906e+01,1.200000000000000000e+01,1.400000000000000000e+01
7.050396728515625000e+01,-2.292861366271972656e+01,1.200000000000000000e+01,1.400000000000000000e+01
5.726801300048828125e+01,-1.608463668823242188e+01,1.200000000000000000e+01,1.400000000000000000e+01
6.842784118652343750e+01,-2.094333648681640625e+01,1.200000000000000000e+01,1.400000000000000000e+01
7.103089141845703125e+01,-2.348343658447265625e+01,1.200000000000000000e+01,1.400000000000000000e+01
6.663227844238281250e+01,-1.916894149780273438e+01,1.200000000000000000e+01,1.400000000000000000e+01
5.697243118286132812e+01,-1.602074241638183594e+01,1.200000000000000000e+01,1.400000000000000000e+01
6.710643005371093750e+01,-1.988018417358398438e+01,1.200000000000000000e+01,1.400000000000000000e+01
5.430859756469726562e+01,-1.479565525054931641e+01,1.200000000000000000e+01,1.400000000000000000e+01
7.369137573242187500e+01,-2.672613906860351562e+01,1.200000000000000000e+01,1.400000000000000000e+01
7.704871368408203125e+01,-3.261155319213867188e+01,1.200000000000000000e+01,1.400000000000000000e+01
7.705123138427734375e+01,-3.275996017456054688e+01,1.200000000000000000e+01,1.400000000000000000e+01
6.660492706298828125e+01,-1.953419685363769531e+01,1.200000000000000000e+01,1.400000000000000000e+01
5.447180938720703125e+01,-1.540370655059814453e+01,1.200000000000000000e+01,1.400000000000000000e+01
6.348110961914062500e+01,-1.782963752746582031e+01,1.200000000000000000e+01,1.400000000000000000e+01
5.657499694824218750e+01,-1.589648818969726562e+01,1.200000000000000000e+01,1.400000000000000000e+01
7.736483764648437500e+01,-3.300341033935546875e+01,1.200000000000000000e+01,1.400000000000000000e+01
5.738788223266601562e+01,-1.609446144104003906e+01,1.200000000000000000e+01,1.400000000000000000e+01
7.412654876708984375e+01,-2.739197158813476562e+01,1.200000000000000000e+01,1.400000000000000000e+01
7.735361480712890625e+01,-3.296199035644531250e+01,1.200000000000000000e+01,1.400000000000000000e+01
7.671826171875000000e+01,-3.198846817016601562e+01,1.200000000000000000e+01,1.400000000000000000e+01
7.731237792968750000e+01,-3.280497741699218750e+01,1.200000000000000000e+01,1.400000000000000000e+01
5.813219451904296875e+01,-1.573248863220214844e+01,1.200000000000000000e+01,1.400000000000000000e+01
7.393403625488281250e+01,-2.709011268615722656e+01,1.200000000000000000e+01,1.400000000000000000e+01
6.927697753906250000e+01,-2.171091842651367188e+01,1.200000000000000000e+01,1.400000000000000000e+01
6.669724273681640625e+01,-1.959324645996093750e+01,1.200000000000000000e+01,1.400000000000000000e+01
6.664536285400390625e+01,-1.955265235900878906e+01,1.200000000000000000e+01,1.400000000000000000e+01
6.027528381347656250e+01,-1.675674057006835938e+01,1.200000000000000000e+01,1.400000000000000000e+01
7.669378662109375000e+01,-3.196409416198730469e+01,1.200000000000000000e+01,1.400000000000000000e+01
7.254726409912109375e+01,-2.523429679870605469e+01,1.200000000000000000e+01,1.400000000000000000e+01
5.401784515380859375e+01,-1.559162616729736328e+01,1.200000000000000000e+01,1.400000000000000000e+01
6.213254547119140625e+01,-1.731700897216796875e+01,1.200000000000000000e+01,1.400000000000000000e+01
7.310951232910156250e+01,-2.593710327148437500e+01,1.200000000000000000e+01,1.400000000000000000e+01
7.322849273681640625e+01,-2.609435272216796875e+01,1.200000000000000000e+01,1.400000000000000000e+01
6.228427124023437500e+01,-1.736828994750976562e+01,1.200000000000000000e+01,1.400000000000000000e+01
6.400061798095703125e+01,-1.804132080078125000e+01,1.200000000000000000e+01,1.400000000000000000e+01
7.707707214355468750e+01,-3.281488037109375000e+01,1.200000000000000000e+01,1.400000000000000000e+01
6.572326660156250000e+01,-1.894574356079101562e+01,1.200000000000000000e+01,1.400000000000000000e+01
5.453043746948242188e+01,-1.550800800323486328e+01,1.200000000000000000e+01,1.400000000000000000e+01
6.941936492919921875e+01,-2.183604049682617188e+01,1.200000000000000000e+01,1.400000000000000000e+01
5.912329483032226562e+01,-1.642465400695800781e+01,1.200000000000000000e+01,1.400000000000000000e+01
5.416711807250976562e+01,-1.552721500396728516e+01,1.200000000000000000e+01,1.400000000000000000e+01
6.915133666992187500e+01,-2.159081077575683594e+01,1.200000000000000000e+01,1.400000000000000000e+01
7.387308502197265625e+01,-2.699176979064941406e+01,1.200000000000000000e+01,1.400000000000000000e+01
6.744309997558593750e+01,-2.013438606262207031e+01,1.200000000000000000e+01,1.400000000000000000e+01
5.661233520507812500e+01,-1.596478939056396484e+01,1.200000000000000000e+01,1.400000000000000000e+01
7.518394470214843750e+01,-2.918659019470214844e+01,1.200000000000000000e+01,1.400000000000000000e+01
5.818934249877929688e+01,-1.628349494934082031e+01,1.200000000000000000e+01,1.400000000000000000e+01
5.746942901611328125e+01,-1.613227462768554688e+01,1.200000000000000000e+01,1.400000000000000000e+01
4.046954214572906494e-03,-3.358143997192382812e+01,1.200000000000000000e+01,1.200000000000000000e+01
5.421384811401367188e+01,-1.551243305206298828e+01,1.200000000000000000e+01,1.400000000000000000e+01
5.554932403564453125e+01,-1.567422199249267578e+01,1.200000000000000000e+01,1.400000000000000000e+01
6.734571838378906250e+01,-2.004267120361328125e+01,1.200000000000000000e+01,1.400000000000000000e+01
5.429860305786132812e+01,-1.534716701507568359e+01,1.200000000000000000e+01,1.400000000000000000e+01
6.497540283203125000e+01,-1.851325607299804688e+01,1.200000000000000000e+01,1.400000000000000000e+01
5.474762344360351562e+01,-1.481440258026123047e+01,1.200000000000000000e+01,1.400000000000000000e+01
7.372811889648437500e+01,-2.678665161132812500e+01,1.200000000000000000e+01,1.400000000000000000e+01
7.695333862304687500e+01,-3.239810943603515625e+01,1.200000000000000000e+01,1.400000000000000000e+01
6.258841705322265625e+01,-1.747621917724609375e+01,1.200000000000000000e+01,1.400000000000000000e+01
6.998300933837890625e+01,-2.238852119445800781e+01,1.200000000000000000e+01,1.400000000000000000e+01
6.813389587402343750e+01,-2.069683265686035156e+01,1.200000000000000000e+01,1.400000000000000000e+01
3.035364913940429688e+01,2.927075576782226562e+01,1.300000000000000000e+01,1.700000000000000000e+01
3.551321792602539062e+01,2.899577140808105469e+01,1.300000000000000000e+01,1.700000000000000000e+01
3.727520370483398438e+01,4.008462142944335938e+01,1.300000000000000000e+01,1.700000000000000000e+01
2.831754684448242188e+01,2.855422973632812500e+01,1.300000000000000000e+01,1.700000000000000000e+01
3.844584274291992188e+01,3.970437622070312500e+01,1.300000000000000000e+01,1.700000000000000000e+01
2.872478103637695312e+01,2.867274093627929688e+01,1.300000000000000000e+01,1.700000000000000000e+01
3.836283493041992188e+01,3.683716201782226562e+01,1.300000000000000000e+01,1.700000000000000000e+01
3.789638900756835938e+01,3.270790863037109375e+01,1.300000000000000000e+01,1.700000000000000000e+01
3.502258682250976562e+01,3.676958847045898438e+01,1.300000000000000000e+01,1.700000000000000000e+01
2.637219047546386719e+01,2.818014144897460938e+01,1.300000000000000000e+01,1.700000000000000000e+01
2.989871597290039062e+01,2.903593826293945312e+01,1.300000000000000000e+01,1.700000000000000000e+01
3.815260314941406250e+01,4.189281463623046875e+01,1.300000000000000000e+01,1.700000000000000000e+01
2.829627990722656250e+01,2.851962471008300781e+01,1.300000000000000000e+01,1.700000000000000000e+01
3.468238067626953125e+01,3.770230102539062500e+01,1.300000000000000000e+01,1.700000000000000000e+01
3.865314102172851562e+01,3.729909896850585938e+01,1.300000000000000000e+01,1.700000000000000000e+01
3.864799499511718750e+01,3.665428543090820312e+01,1.300000000000000000e+01,1.700000000000000000e+01
2.823484039306640625e+01,2.848269081115722656e+01,1.300000000000000000e+01,1.700000000000000000e+01
3.619360351562500000e+01,4.115307998657226562e+01,1.300000000000000000e+01,1.700000000000000000e+01
3.675809860229492188e+01,3.037970924377441406e+01,1.300000000000000000e+01,1.700000000000000000e+01
3.567432022094726562e+01,4.033199310302734375e+01,1.300000000000000000e+01,1.700000000000000000e+01
3.749437713623046875e+01,4.283445358276367188e+01,1.300000000000000000e+01,1.700000000000000000e+01
3.251816558837890625e+01,2.932648849487304688e+01,1.300000000000000000e+01,1.700000000000000000e+01
2.755127525329589844e+01,2.835898590087890625e+01,1.300000000000000000e+01,1.700000000000000000e+01
3.596414566040039062e+01,2.923539924621582031e+01,1.300000000000000000e+01,1.700000000000000000e+01
3.546121215820312500e+01,2.729968452453613281e+01,1.300000000000000000e+01,1.700000000000000000e+01
3.788826751708984375e+01,4.013212585449218750e+01,1.300000000000000000e+01,1.700000000000000000e+01
3.714803314208984375e+01,4.198300933837890625e+01,1.300000000000000000e+01,1.700000000000000000e+01
3.861999893188476562e+01,3.728564834594726562e+01,1.300000000000000000e+01,1.700000000000000000e+01
3.768373870849609375e+01,3.181788253784179688e+01,1.300000000000000000e+01,1.700000000000000000e+01
3.776383209228515625e+01,3.358033752441406250e+01,1.300000000000000000e+01,1.700000000000000000e+01
3.512327575683593750e+01,2.812323379516601562e+01,1.300000000000000000e+01,1.700000000000000000e+01
3.701404571533203125e+01,4.269886398315429688e+01,1.300000000000000000e+01,1.700000000000000000e+01
3.798927688598632812e+01,3.329217910766601562e+01,1.300000000000000000e+01,1.700000000000000000e+01
3.636835861206054688e+01,3.748453521728515625e+01,1.300000000000000000e+01,1.700000000000000000e+01
3.547138214111328125e+01,2.887807655334472656e+01,1.300000000000000000e+01,1.700000000000000000e+01
3.663090515136718750e+01,4.252834701538085938e+01,1.300000000000000000e+01,1.700000000000000000e+01
3.561687469482421875e+01,3.953692626953125000e+01,1.300000000000000000e+01,1.700000000000000000e+01
3.782958221435546875e+01,3.176332092285156250e+01,1.300000000000000000e+01,1.700000000000000000e+01
3.524020767211914062e+01,3.993225860595703125e+01,1.300000000000000000e+01,1.700000000000000000e+01
2.894158363342285156e+01,2.868785285949707031e+01,1.300000000000000000e+01,1.700000000000000000e+01
3.795994567871093750e+01,4.048873138427734375e+01,1.300000000000000000e+01,1.700000000000000000e+01
3.768408584594726562e+01,3.390862655639648438e+01,1.300000000000000000e+01,1.700000000000000000e+01
3.539268112182617188e+01,3.021282005310058594e+01,1.300000000000000000e+01,1.700000000000000000e+01
3.757881546020507812e+01,4.239940643310546875e+01,1.300000000000000000e+01,1.700000000000000000e+01
3.013209915161132812e+01,2.915178680419921875e+01,1.300000000000000000e+01,1.700000000000000000e+01
3.628394317626953125e+01,4.160525131225585938e+01,1.300000000000000000e+01,1.700000000000000000e+01
3.696288299560546875e+01,4.307217025756835938e+01,1.300000000000000000e+01,1.700000000000000000e+01
3.680037307739257812e+01,4.068229293823242188e+01,1.300000000000000000e+01,1.700000000000000000e+01
3.555197143554687500e+01,3.910181427001953125e+01,1.300000000000000000e+01,1.700000000000000000e+01
3.104195976257324219e+01,2.932331466674804688e+01,1.300000000000000000e+01,1.700000000000000000e+01
3.384077453613281250e+01,3.512983322143554688e+01,1.300000000000000000e+01,1.700000000000000000e+01
3.690918350219726562e+01,3.026514244079589844e+01,1.300000000000000000e+01,1.700000000000000000e+01
3.634369277954101562e+01,2.944246673583984375e+01,1.300000000000000000e+01,1.700000000000000000e+01
2.836838150024414062e+01,2.853994178771972656e+01,1.300000000000000000e+01,1.700000000000000000e+01
3.678090286254882812e+01,3.134621047973632812e+01,1.300000000000000000e+01,1.700000000000000000e+01
3.820180892944335938e+01,4.141415786743164062e+01,1.300000000000000000e+01,1.700000000000000000e+01
3.590175247192382812e+01,3.878141021728515625e+01,1.300000000000000000e+01,1.700000000000000000e+01
3.214068222045898438e+01,2.993314933776855469e+01,1.300000000000000000e+01,1.700000000000000000e+01
3.790745925903320312e+01,3.393236923217773438e+01,1.300000000000000000e+01,1.700000000000000000e+01
3.767031860351562500e+01,4.254158782958984375e+01,1.300000000000000000e+01,1.700000000000000000e+01
3.673505401611328125e+01,4.153831481933593750e+01,1.300000000000000000e+01,1.700000000000000000e+01
3.511633682250976562e+01,3.954501724243164062e+01,1.300000000000000000e+01,1.700000000000000000e+01
3.624843215942382812e+01,3.734854888916015625e+01,1.300000000000000000e+01,1.700000000000000000e+01
3.574121856689453125e+01,3.870139312744140625e+01,1.300000000000000000e+01,1.700000000000000000e+01
3.489136123657226562e+01,3.829446792602539062e+01,1.300000000000000000e+01,1.700000000000000000e+01
3.574034881591796875e+01,3.498243331909179688e+01,1.300000000000000000e+01,1.700000000000000000e+01
3.850219726562500000e+01,3.706878662109375000e+01,1.300000000000000000e+01,1.700000000000000000e+01
3.009129714965820312e+01,2.784408569335937500e+01,1.300000000000000000e+01,1.700000000000000000e+01
3.773834609985351562e+01,4.181947708129882812e+01,1.300000000000000000e+01,1.700000000000000000e+01
3.681050491333007812e+01,3.123142623901367188e+01,1.300000000000000000e+01,1.700000000000000000e+01
3.196480178833007812e+01,2.987464904785156250e+01,1.300000000000000000e+01,1.700000000000000000e+01
3.013833427429199219e+01,2.910393333435058594e+01,1.300000000000000000e+01,1.700000000000000000e+01
3.539982604980468750e+01,2.756467247009277344e+01,1.300000000000000000e+01,1.700000000000000000e+01
3.805031204223632812e+01,4.241115570068359375e+01,1.300000000000000000e+01,1.700000000000000000e+01
3.487475585937500000e+01,3.761722946166992188e+01,1.300000000000000000e+01,1.700000000000000000e+01
3.455655288696289062e+01,3.663454437255859375e+01,1.300000000000000000e+01,1.700000000000000000e+01
3.817446136474609375e+01,3.796982955932617188e+01,1.300000000000000000e+01,1.700000000000000000e+01
2.800248527526855469e+01,2.843678474426269531e+01,1.300000000000000000e+01,1.700000000000000000e+01
3.579596328735351562e+01,2.874050521850585938e+01,1.300000000000000000e+01,1.700000000000000000e+01
2.921763038635253906e+01,2.875238990783691406e+01,1.300000000000000000e+01,1.700000000000000000e+01
3.607250595092773438e+01,4.047012329101562500e+01,1.300000000000000000e+01,1.700000000000000000e+01
3.844653701782226562e+01,3.336204528808593750e+01,1.300000000000000000e+01,1.700000000000000000e+01
3.183634948730468750e+01,2.994737625122070312e+01,1.300000000000000000e+01,1.700000000000000000e+01
3.541020965576171875e+01,2.726305007934570312e+01,1.300000000000000000e+01,1.700000000000000000e+01
3.781720352172851562e+01,3.241656875610351562e+01,1.300000000000000000e+01,1.700000000000000000e+01
3.021608161926269531e+01,2.891564178466796875e+01,1.300000000000000000e+01,1.700000000000000000e+01
3.786646270751953125e+01,3.306691741943359375e+01,1.300000000000000000e+01,1.700000000000000000e+01
3.461063766479492188e+01,3.760923385620117188e+01,1.300000000000000000e+01,1.700000000000000000e+01
2.875802421569824219e+01,2.863724708557128906e+01,1.300000000000000000e+01,1.700000000000000000e+01
3.713739013671875000e+01,3.107493591308593750e+01,1.300000000000000000e+01,1.700000000000000000e+01
3.618032836914062500e+01,4.135141754150390625e+01,1.300000000000000000e+01,1.700000000000000000e+01
3.140133476257324219e+01,2.952898788452148438e+01,1.300000000000000000e+01,1.700000000000000000e+01
3.672340011596679688e+01,4.082018280029296875e+01,1.300000000000000000e+01,1.700000000000000000e+01
3.706558609008789062e+01,4.295864486694335938e+01,1.300000000000000000e+01,1.700000000000000000e+01
3.844948577880859375e+01,3.786913681030273438e+01,1.300000000000000000e+01,1.700000000000000000e+01
3.456756973266601562e+01,3.543013000488281250e+01,1.300000000000000000e+01,1.700000000000000000e+01
3.642625427246093750e+01,2.961171531677246094e+01,1.300000000000000000e+01,1.700000000000000000e+01
3.527218627929687500e+01,3.053856658935546875e+01,1.300000000000000000e+01,1.700000000000000000e+01
3.541852188110351562e+01,4.021609115600585938e+01,1.300000000000000000e+01,1.700000000000000000e+01
2.780095291137695312e+01,2.834141159057617188e+01,1.300000000000000000e+01,1.700000000000000000e+01
2.809400749206542969e+01,2.848919296264648438e+01,1.300000000000000000e+01,1.700000000000000000e+01
3.785154342651367188e+01,4.262939453125000000e+01,1.300000000000000000e+01,1.700000000000000000e+01
3.561207199096679688e+01,3.870235061645507812e+01,1.300000000000000000e+01,1.700000000000000000e+01
3.569063186645507812e+01,2.739102554321289062e+01,1.300000000000000000e+01,1.700000000000000000e+01
3.590127944946289062e+01,2.879317092895507812e+01,1.300000000000000000e+01,1.700000000000000000e+01
3.090536880493164062e+01,2.954421615600585938e+01,1.300000000000000000e+01,1.700000000000000000e+01
3.841975021362304688e+01,4.073093795776367188e+01,1.300000000000000000e+01,1.700000000000000000e+01
3.767015075683593750e+01,4.273363494873046875e+01,1.300000000000000000e+01,1.700000000000000000e+01
3.520048904418945312e+01,2.705745887756347656e+01,1.300000000000000000e+01,1.700000000000000000e+01
3.751633834838867188e+01,3.161898994445800781e+01,1.300000000000000000e+01,1.700000000000000000e+01
3.215155410766601562e+01,3.001031875610351562e+01,1.300000000000000000e+01,1.700000000000000000e+01
3.861756515502929688e+01,3.769548416137695312e+01,1.300000000000000000e+01,1.700000000000000000e+01
3.823617935180664062e+01,3.788512039184570312e+01,1.300000000000000000e+01,1.700000000000000000e+01
3.749370193481445312e+01,3.111633110046386719e+01,1.300000000000000000e+01,1.700000000000000000e+01
3.808802795410156250e+01,3.343755722045898438e+01,1.300000000000000000e+01,1.700000000000000000e+01
3.588025665283203125e+01,2.850471115112304688e+01,1.300000000000000000e+01,1.700000000000000000e+01
2.959050750732421875e+01,2.886777687072753906e+01,1.300000000000000000e+01,1.700000000000000000e+01
3.511460876464843750e+01,3.789839935302734375e+01,1.300000000000000000e+01,1.700000000000000000e+01
3.554822158813476562e+01,2.708542633056640625e+01,1.300000000000000000e+01,1.700000000000000000e+01
3.357063293457031250e+01,3.043757247924804688e+01,1.300000000000000000e+01,1.700000000000000000e+01
3.626920700073242188e+01,2.943271446228027344e+01,1.300000000000000000e+01,1.700000000000000000e+01
3.563596343994140625e+01,3.118345832824707031e+01,1.300000000000000000e+01,1.700000000000000000e+01
3.813547897338867188e+01,4.157669448852539062e+01,1.300000000000000000e+01,1.700000000000000000e+01
3.821929931640625000e+01,3.283087921142578125e+01,1.300000000000000000e+01,1.700000000000000000e+01
3.473139953613281250e+01,3.784543609619140625e+01,1.300000000000000000e+01,1.700000000000000000e+01
3.439550399780273438e+01,3.681215667724609375e+01,1.300000000000000000e+01,1.700000000000000000e+01
3.733654785156250000e+01,3.326171493530273438e+01,1.300000000000000000e+01,1.700000000000000000e+01
2.860955810546875000e+01,2.851955795288085938e+01,1.300000000000000000e+01,1.700000000000000000e+01
3.569200897216796875e+01,4.092249298095703125e+01,1.300000000000000000e+01,1.700000000000000000e+01
3.539756011962890625e+01,2.712962150573730469e+01,1.300000000000000000e+01,1.700000000000000000e+01
3.670463180541992188e+01,3.024354553222656250e+01,1.300000000000000000e+01,1.700000000000000000e+01
3.854713439941406250e+01,3.730292129516601562e+01,1.300000000000000000e+01,1.700000000000000000e+01
2.783576774597167969e+01,2.839743995666503906e+01,1.300000000000000000e+01,1.700000000000000000e+01
3.752655792236328125e+01,3.184252166748046875e+01,1.300000000000000000e+01,1.700000000000000000e+01
3.703856277465820312e+01,4.021998977661132812e+01,1.300000000000000000e+01,1.700000000000000000e+01
2.086141777038574219e+01,3.221161270141601562e+01,1.300000000000000000e+01,1.700000000000000000e+01
3.795274353027343750e+01,3.436735153198242188e+01,1.300000000000000000e+01,1.700000000000000000e+01
2.638111495971679688e+01,2.831273651123046875e+01,1.300000000000000000e+01,1.700000000000000000e+01
3.688800811767578125e+01,4.300202178955078125e+01,1.300000000000000000e+01,1.700000000000000000e+01
3.505528640747070312e+01,2.759577369689941406e+01,1.300000000000000000e+01,1.700000000000000000e+01
3.321232604980468750e+01,2.948558044433593750e+01,1.300000000000000000e+01,1.700000000000000000e+01
3.859419250488281250e+01,3.807578277587890625e+01,1.300000000000000000e+01,1.700000000000000000e+01
2.816497611999511719e+01,2.842852973937988281e+01,1.300000000000000000e+01,1.700000000000000000e+01
3.460425949096679688e+01,3.618009567260742188e+01,1.300000000000000000e+01,1.700000000000000000e+01
3.765674972534179688e+01,4.106929779052734375e+01,1.300000000000000000e+01,1.700000000000000000e+01
3.445425796508789062e+01,3.687142944335937500e+01,1.300000000000000000e+01,1.700000000000000000e+01
3.040999031066894531e+01,2.919541931152343750e+01,1.300000000000000000e+01,1.700000000000000000e+01
2.655281639099121094e+01,2.834503173828125000e+01,1.300000000000000000e+01,1.700000000000000000e+01
3.845092010498046875e+01,3.658892440795898438e+01,1.300000000000000000e+01,1.700000000000000000e+01
3.303291320800781250e+01,2.979221916198730469e+01,1.300000000000000000e+01,1.700000000000000000e+01
3.763954544067382812e+01,4.281259536743164062e+01,1.300000000000000000e+01,1.700000000000000000e+01
1.903912353515625000e+01,2.400202560424804688e+01,1.300000000000000000e+01,1.800000000000000000e+01
3.810284042358398438e+01,3.508409881591796875e+01,1.300000000000000000e+01,1.700000000000000000e+01
3.207533645629882812e+01,2.971747016906738281e+01,1.300000000000000000e+01,1.700000000000000000e+01
3.542234039306640625e+01,3.437863922119140625e+01,1.300000000000000000e+01,1.700000000000000000e+01
3.764026260375976562e+01,4.259675598144531250e+01,1.300000000000000000e+01,1.700000000000000000e+01
3.546870040893554688e+01,2.715890884399414062e+01,1.300000000000000000e+01,1.700000000000000000e+01
3.488656234741210938e+01,3.695206451416015625e+01,1.300000000000000000e+01,1.700000000000000000e+01
3.784254074096679688e+01,4.246290588378906250e+01,1.300000000000000000e+01,1.700000000000000000e+01
3.497382354736328125e+01,2.783267974853515625e+01,1.300000000000000000e+01,1.700000000000000000e+01
2.681162643432617188e+01,2.830022048950195312e+01,1.300000000000000000e+01,1.700000000000000000e+01
3.225645065307617188e+01,2.989610862731933594e+01,1.300000000000000000e+01,1.700000000000000000e+01
2.798266029357910156e+01,2.841535758972167969e+01,1.300000000000000000e+01,1.700000000000000000e+01
3.732767105102539062e+01,3.897816848754882812e+01,1.300000000000000000e+01,1.700000000000000000e+01
3.764232635498046875e+01,3.159792900085449219e+01,1.300000000000000000e+01,1.700000000000000000e+01
3.775230026245117188e+01,4.166889190673828125e+01,1.300000000000000000e+01,1.700000000000000000e+01
3.436660385131835938e+01,3.530174255371093750e+01,1.300000000000000000e+01,1.700000000000000000e+01
2.857899093627929688e+01,2.846490478515625000e+01,1.300000000000000000e+01,1.700000000000000000e+01
3.550767135620117188e+01,2.854315185546875000e+01,1.300000000000000000e+01,1.700000000000000000e+01
3.767947387695312500e+01,3.171399497985839844e+01,1.300000000000000000e+01,1.700000000000000000e+01
3.569048690795898438e+01,4.118827056884765625e+01,1.300000000000000000e+01,1.700000000000000000e+01
3.863617324829101562e+01,3.645029830932617188e+01,1.300000000000000000e+01,1.700000000000000000e+01
3.733302307128906250e+01,3.260166549682617188e+01,1.300000000000000000e+01,1.700000000000000000e+01
3.527379608154296875e+01,2.830560302734375000e+01,1.300000000000000000e+01,1.700000000000000000e+01
3.771927642822265625e+01,3.218988418579101562e+01,1.300000000000000000e+01,1.700000000000000000e+01
3.750939178466796875e+01,3.698883819580078125e+01,1.300000000000000000e+01,1.700000000000000000e+01
3.512291717529296875e+01,2.749639892578125000e+01,1.300000000000000000e+01,1.700000000000000000e+01
1.921673011779785156e+01,2.416405487060546875e+01,1.300000000000000000e+01,1.800000000000000000e+01
2.681336402893066406e+01,2.812697601318359375e+01,1.300000000000000000e+01,1.700000000000000000e+01
2.908209991455078125e+01,2.867700576782226562e+01,1.300000000000000000e+01,1.700000000000000000e+01
3.557018661499023438e+01,2.712717056274414062e+01,1.300000000000000000e+01,1.700000000000000000e+01
3.773735046386718750e+01,3.083929634094238281e+01,1.300000000000000000e+01,1.700000000000000000e+01
3.694516372680664062e+01,4.316357803344726562e+01,1.300000000000000000e+01,1.700000000000000000e+01
2.650579643249511719e+01,2.830434417724609375e+01,1.300000000000000000e+01,1.700000000000000000e+01
3.776759338378906250e+01,3.338301086425781250e+01,1.300000000000000000e+01,1.700000000000000000e+01
3.829074478149414062e+01,3.941093063354492188e+01,1.300000000000000000e+01,1.700000000000000000e+01
3.692040252685546875e+01,3.055531883239746094e+01,1.300000000000000000e+01,1.700000000000000000e+01
3.502194595336914062e+01,3.921951293945312500e+01,1.300000000000000000e+01,1.700000000000000000e+01
3.793455886840820312e+01,3.360918807983398438e+01,1.300000000000000000e+01,1.700000000000000000e+01
3.466818237304687500e+01,3.535447692871093750e+01,1.300000000000000000e+01,1.700000000000000000e+01
3.857032775878906250e+01,3.693289947509765625e+01,1.300000000000000000e+01,1.700000000000000000e+01
3.782671737670898438e+01,4.214297103881835938e+01,1.300000000000000000e+01,1.700000000000000000e+01
3.779860687255859375e+01,4.258855056762695312e+01,1.300000000000000000e+01,1.700000000000000000e+01
3.624596023559570312e+01,3.026047134399414062e+01,1.300000000000000000e+01,1.700000000000000000e+01
3.429534149169921875e+01,2.801006317138671875e+01,1.300000000000000000e+01,1.700000000000000000e+01
2.715953063964843750e+01,2.830623054504394531e+01,1.300000000000000000e+01,1.700000000000000000e+01
3.666570663452148438e+01,3.098689842224121094e+01,1.300000000000000000e+01,1.700000000000000000e+01
3.649345397949218750e+01,3.060392189025878906e+01,1.300000000000000000e+01,1.700000000000000000e+01
2.629008483886718750e+01,2.831274414062500000e+01,1.300000000000000000e+01,1.700000000000000000e+01
3.136646080017089844e+01,2.945939064025878906e+01,1.300000000000000000e+01,1.700000000000000000e+01
3.848764419555664062e+01,3.684953308105468750e+01,1.300000000000000000e+01,1.700000000000000000e+01
1.860821151733398438e+01,2.433720779418945312e+01,1.300000000000000000e+01,1.800000000000000000e+01
3.587849426269531250e+01,3.095859146118164062e+01,1.300000000000000000e+01,1.700000000000000000e+01
2.944452667236328125e+01,2.885215568542480469e+01,1.300000000000000000e+01,1.700000000000000000e+01
3.721923446655273438e+01,4.294584274291992188e+01,1.300000000000000000e+01,1.700000000000000000e+01
3.769040679931640625e+01,3.174206733703613281e+01,1.300000000000000000e+01,1.700000000000000000e+01
3.006982231140136719e+01,2.868018913269042969e+01,1.300000000000000000e+01,1.700000000000000000e+01
3.445359802246093750e+01,3.640573120117187500e+01,1.300000000000000000e+01,1.700000000000000000e+01
3.470108413696289062e+01,3.811722564697265625e+01,1.300000000000000000e+01,1.700000000000000000e+01
3.668927764892578125e+01,4.082074356079101562e+01,1.300000000000000000e+01,1.700000000000000000e+01
-1.900772333145141602e+00,3.991069412231445312e+01,1.400000000000000000e+01,1.500000000000000000e+01
-4.203391969203948975e-01,4.983914566040039062e+01,1.400000000000000000e+01,1.500000000000000000e+01
-1.570944190025329590e+00,4.217316818237304688e+01,1.400000000000000000e+01,1.500000000000000000e+01
-1.437500238418579102e+00,4.637824249267578125e+01,1.400000000000000000e+01,1.500000000000000000e+01
-1.562117195129394531e+01,3.393366241455078125e+01,1.400000000000000000e+01,1.900000000000000000e+01
-5.891549587249755859e+00,3.695418548583984375e+01,1.400000000000000000e+01,1.500000000000000000e+01
6.117417477071285248e-03,4.963436126708984375e+01,1.400000000000000000e+01,1.500000000000000000e+01
2.461085081100463867e+00,4.727063751220703125e+01,1.400000000000000000e+01,1.500000000000000000e+01
1.588126087188720703e+01,-1.501137256622314453e+01,1.400000000000000000e+01,1.300000000000000000e+01
-1.844936251640319824e+00,4.686721801757812500e+01,1.400000000000000000e+01,1.500000000000000000e+01
-3.503327369689941406e-01,4.558421325683593750e+01,1.400000000000000000e+01,1.500000000000000000e+01
-1.917653203010559082e+00,4.670372009277343750e+01,1.400000000000000000e+01,1.500000000000000000e+01
-1.832771873474121094e+01,3.515294265747070312e+01,1.400000000000000000e+01,1.900000000000000000e+01
-1.667003631591796875e+01,3.436043930053710938e+01,1.400000000000000000e+01,1.900000000000000000e+01
-8.684238791465759277e-02,4.677571105957031250e+01,1.400000000000000000e+01,1.500000000000000000e+01
-1.391532301902770996e+00,4.942768096923828125e+01,1.400000000000000000e+01,1.500000000000000000e+01
-2.046985387802124023e+00,3.704868698120117188e+01,1.400000000000000000e+01,1.500000000000000000e+01
-1.286280393600463867e+00,4.491090393066406250e+01,1.400000000000000000e+01,1.500000000000000000e+01
-1.728718727827072144e-01,4.189369201660156250e+01,1.400000000000000000e+01,1.100000000000000000e+01
-5.661298751831054688e+00,3.590922164916992188e+01,1.400000000000000000e+01,1.500000000000000000e+01
-3.190790891647338867e+00,4.225093460083007812e+01,1.400000000000000000e+01,1.500000000000000000e+01
-3.084994077682495117e+00,4.275849533081054688e+01,1.400000000000000000e+01,1.500000000000000000e+01
-9.026850700378417969e+00,3.061278343200683594e+01,1.400000000000000000e+01,1.900000000000000000e+01
-1.849280166625976562e+01,3.517555999755859375e+01,1.400000000000000000e+01,1.900000000000000000e+01
-2.688925981521606445e+00,3.805132675170898438e+01,1.400000000000000000e+01,1.500000000000000000e+01
-8.367797851562500000e+00,3.562356948852539062e+01,1.400000000000000000e+01,1.900000000000000000e+01
-1.701649475097656250e+01,3.449737930297851562e+01,1.400000000000000000e+01,1.900000000000000000e+01
-1.658138751983642578e+00,4.444235610961914062e+01,1.400000000000000000e+01,1.500000000000000000e+01
-6.899394392967224121e-01,4.641162109375000000e+01,1.400000000000000000e+01,1.500000000000000000e+01
-1.590375900268554688e+00,3.273157882690429688e+01,1.400000000000000000e+01,1.900000000000000000e+01
-1.924135327339172363e+00,4.680302047729492188e+01,1.400000000000000000e+01,1.500000000000000000e+01
-1.176005244255065918e+00,4.509856796264648438e+01,1.400000000000000000e+01,1.500000000000000000e+01
1.518334746360778809e+00,4.850646591186523438e+01,1.400000000000000000e+01,1.500000000000000000e+01
-1.504515051841735840e+00,4.895494842529296875e+01,1.400000000000000000e+01,1.500000000000000000e+01
1.784754943847656250e+01,3.150980758666992188e+01,1.400000000000000000e+01,1.800000000000000000e+01
-2.968447685241699219e+00,4.582984542846679688e+01,1.400000000000000000e+01,1.500000000000000000e+01
1.746118545532226562e+01,3.210864257812500000e+01,1.400000000000000000e+01,1.800000000000000000e+01
-2.278128862380981445e+00,3.818932342529296875e+01,1.400000000000000000e+01,1.500000000000000000e+01
-1.845650911331176758e+00,4.863089752197265625e+01,1.400000000000000000e+01,1.500000000000000000e+01
1.420014262199401855e+00,4.850621032714843750e+01,1.400000000000000000e+01,1.500000000000000000e+01
-1.636714744567871094e+01,3.424012374877929688e+01,1.400000000000000000e+01,1.900000000000000000e+01
-3.251286983489990234e+00,3.154772567749023438e+01,1.400000000000000000e+01,1.900000000000000000e+01
-1.269113421440124512e+00,4.947685241699218750e+01,1.400000000000000000e+01,1.500000000000000000e+01
-2.429771661758422852e+00,4.325718688964843750e+01,1.400000000000000000e+01,1.500000000000000000e+01
-1.858957672119140625e+01,3.490580368041992188e+01,1.400000000000000000e+01,1.900000000000000000e+01
-2.133906364440917969e+01,-4.011580657958984375e+01,1.400000000000000000e+01,1.100000000000000000e+01
2.706046819686889648e+00,4.711024475097656250e+01,1.400000000000000000e+01,1.400000000000000000e+01
-1.561655402183532715e+00,4.639454650878906250e+01,1.400000000000000000e+01,1.500000000000000000e+01
-1.455836176872253418e+00,4.953476333618164062e+01,1.400000000000000000e+01,1.500000000000000000e+01
-1.948131918907165527e+00,4.847644042968750000e+01,1.400000000000000000e+01,1.500000000000000000e+01
-2.224982261657714844e+00,4.078230285644531250e+01,1.400000000000000000e+01,1.500000000000000000e+01
1.864571762084960938e+01,2.196879196166992188e+01,1.400000000000000000e+01,1.600000000000000000e+01
1.615947914123535156e+01,2.819974899291992188e+01,1.400000000000000000e+01,1.800000000000000000e+01
1.002404332160949707e+00,4.905642700195312500e+01,1.400000000000000000e+01,1.500000000000000000e+01
-2.626053988933563232e-01,4.659539794921875000e+01,1.400000000000000000e+01,1.500000000000000000e+01
-1.233106374740600586e+00,4.506473159790039062e+01,1.400000000000000000e+01,1.500000000000000000e+01
-1.859504508972167969e+01,3.491366577148437500e+01,1.400000000000000000e+01,1.900000000000000000e+01
-5.107330799102783203e+00,3.537503814697265625e+01,1.400000000000000000e+01,1.500000000000000000e+01
-1.575596237182617188e+01,3.399703979492187500e+01,1.400000000000000000e+01,1.900000000000000000e+01
-2.369219064712524414e+00,3.903187561035156250e+01,1.400000000000000000e+01,1.500000000000000000e+01
-2.992243766784667969e+00,4.269247055053710938e+01,1.400000000000000000e+01,1.500000000000000000e+01
1.475651621818542480e+00,4.862191772460937500e+01,1.400000000000000000e+01,1.500000000000000000e+01
-1.805940055847167969e+01,3.486973953247070312e+01,1.400000000000000000e+01,1.900000000000000000e+01
-1.540289306640625000e+01,3.382670593261718750e+01,1.400000000000000000e+01,1.900000000000000000e+01
-1.952016115188598633e+00,4.018349456787109375e+01,1.400000000000000000e+01,1.500000000000000000e+01
-1.346439075469970703e+01,3.325265884399414062e+01,1.400000000000000000e+01,1.900000000000000000e+01
-1.956874608993530273e+00,3.972444534301757812e+01,1.400000000000000000e+01,1.500000000000000000e+01
-4.585185527801513672e+00,3.475937271118164062e+01,1.400000000000000000e+01,1.900000000000000000e+01
-6.485878825187683105e-01,4.585879516601562500e+01,1.400000000000000000e+01,1.500000000000000000e+01
-2.068440198898315430e+00,3.848326110839843750e+01,1.400000000000000000e+01,1.500000000000000000e+01
-2.235228538513183594e+00,4.729392242431640625e+01,1.400000000000000000e+01,1.500000000000000000e+01
-1.954206943511962891e+00,3.787163543701171875e+01,1.400000000000000000e+01,1.500000000000000000e+01
-5.736286163330078125e+00,3.591094207763671875e+01,1.400000000000000000e+01,1.500000000000000000e+01
-5.746153831481933594e+00,3.650743103027343750e+01,1.400000000000000000e+01,1.500000000000000000e+01
-1.848547935485839844e+01,3.518020248413085938e+01,1.400000000000000000e+01,1.900000000000000000e+01
5.514821624755859375e+01,-1.422731208801269531e+01,1.400000000000000000e+01,1.400000000000000000e+01
-1.786924600601196289e+00,4.496646499633789062e+01,1.400000000000000000e+01,1.500000000000000000e+01
1.639017105102539062e+01,2.885346603393554688e+01,1.400000000000000000e+01,1.800000000000000000e+01
-1.753254699707031250e+01,3.467842483520507812e+01,1.400000000000000000e+01,1.900000000000000000e+01
-1.627485990524291992e+00,4.215491867065429688e+01,1.400000000000000000e+01,1.500000000000000000e+01
-1.416292071342468262e+00,4.927367401123046875e+01,1.400000000000000000e+01,1.500000000000000000e+01
-1.891252636909484863e+00,4.090988540649414062e+01,1.400000000000000000e+01,1.500000000000000000e+01
-6.319762420654296875e+01,-1.654194641113281250e+01,1.400000000000000000e+01,1.600000000000000000e+01
-2.031310319900512695e+00,4.449258804321289062e+01,1.400000000000000000e+01,1.500000000000000000e+01
-1.378972530364990234e+00,4.938585662841796875e+01,1.400000000000000000e+01,1.500000000000000000e+01
-1.740444946289062500e+01,3.463409423828125000e+01,1.400000000000000000e+01,1.900000000000000000e+01
2.136721134185791016e+00,4.783539962768554688e+01,1.400000000000000000e+01,1.500000000000000000e+01
-1.970259428024291992e+00,4.409408187866210938e+01,1.400000000000000000e+01,1.500000000000000000e+01
-2.320235729217529297e+00,4.333266830444335938e+01,1.400000000000000000e+01,1.500000000000000000e+01
-8.702720642089843750e+00,3.074861907958984375e+01,1.400000000000000000e+01,1.900000000000000000e+01
-2.862213373184204102e+00,4.236093902587890625e+01,1.400000000000000000e+01,1.500000000000000000e+01
-2.795884370803833008e+00,4.662083816528320312e+01,1.400000000000000000e+01,1.500000000000000000e+01
-1.710415077209472656e+01,3.453424453735351562e+01,1.400000000000000000e+01,1.900000000000000000e+01
-1.751388549804687500e+01,3.467213821411132812e+01,1.400000000000000000e+01,1.900000000000000000e+01
-8.445391654968261719e-01,4.976680755615234375e+01,1.400000000000000000e+01,1.500000000000000000e+01
-1.787475228309631348e+00,4.525307464599609375e+01,1.400000000000000000e+01,1.500000000000000000e+01
-1.024622797966003418e+00,4.977416229248046875e+01,1.400000000000000000e+01,1.500000000000000000e+01
-5.559856414794921875e+00,3.712158203125000000e+01,1.400000000000000000e+01,1.500000000000000000e+01
-1.858559608459472656e+01,3.512712860107421875e+01,1.400000000000000000e+01,1.900000000000000000e+01
-2.194688558578491211e+00,4.489882659912109375e+01,1.400000000000000000e+01,1.500000000000000000e+01
-1.409954547882080078e+00,4.959990310668945312e+01,1.400000000000000000e+01,1.500000000000000000e+01
-1.221944904327392578e+01,3.145798110961914062e+01,1.400000000000000000e+01,1.900000000000000000e+01
-1.298562407493591309e+00,4.941413879394531250e+01,1.400000000000000000e+01,1.500000000000000000e+01
-6.350210309028625488e-01,4.978272628784179688e+01,1.400000000000000000e+01,1.500000000000000000e+01
9.405567646026611328e-01,4.897635269165039062e+01,1.400000000000000000e+01,1.500000000000000000e+01
-1.539812564849853516e+00,4.926097869873046875e+01,1.400000000000000000e+01,1.500000000000000000e+01
-1.057209134101867676e+00,4.524292755126953125e+01,1.400000000000000000e+01,1.500000000000000000e+01
-2.101305246353149414e+00,3.059561538696289062e+01,1.400000000000000000e+01,1.900000000000000000e+01
-2.716895580291748047e+00,4.169588470458984375e+01,1.400000000000000000e+01,1.500000000000000000e+01
1.141990303993225098e+00,4.894211196899414062e+01,1.400000000000000000e+01,1.500000000000000000e+01
1.626678276062011719e+01,2.570042800903320312e+01,1.400000000000000000e+01,1.800000000000000000e+01
5.796964168548583984e-01,4.937506103515625000e+01,1.400000000000000000e+01,1.500000000000000000e+01
-2.842144072055816650e-01,4.606235122680664062e+01,1.400000000000000000e+01,1.500000000000000000e+01
-2.401267051696777344e+00,4.117923736572265625e+01,1.400000000000000000e+01,1.500000000000000000e+01
-1.848894691467285156e+01,3.517357635498046875e+01,1.400000000000000000e+01,1.900000000000000000e+01
-6.293970489501953125e+01,-1.547363376617431641e+01,1.400000000000000000e+01,1.600000000000000000e+01
-1.860990142822265625e+01,3.495185852050781250e+01,1.400000000000000000e+01,1.900000000000000000e+01
-4.880318641662597656e+00,3.406253814697265625e+01,1.400000000000000000e+01,1.900000000000000000e+01
-6.553015899658203125e+01,-2.135296821594238281e+01,1.400000000000000000e+01,1.600000000000000000e+01
-2.105113029479980469e+00,4.020273971557617188e+01,1.400000000000000000e+01,1.500000000000000000e+01
-4.094958603382110596e-01,4.975742340087890625e+01,1.400000000000000000e+01,1.500000000000000000e+01
-2.193072557449340820e+00,3.647421264648437500e+01,1.400000000000000000e+01,1.500000000000000000e+01
1.605498552322387695e+00,4.841981506347656250e+01,1.400000000000000000e+01,1.500000000000000000e+01
-1.128023982048034668e+00,4.548564910888671875e+01,1.400000000000000000e+01,1.500000000000000000e+01
5.082832574844360352e-01,4.940434265136718750e+01,1.400000000000000000e+01,1.500000000000000000e+01
-2.892885923385620117e+00,4.294744110107421875e+01,1.400000000000000000e+01,1.500000000000000000e+01
-3.186606168746948242e+00,4.060823440551757812e+01,1.400000000000000000e+01,1.500000000000000000e+01
-1.809029388427734375e+01,3.488432693481445312e+01,1.400000000000000000e+01,1.900000000000000000e+01
-1.745479226112365723e+00,4.903234100341796875e+01,1.400000000000000000e+01,1.500000000000000000e+01
-7.715637683868408203e+00,3.578716278076171875e+01,1.400000000000000000e+01,1.500000000000000000e+01
-3.857948541641235352e+00,3.233142852783203125e+01,1.400000000000000000e+01,1.900000000000000000e+01
-2.238000392913818359e+00,3.844116592407226562e+01,1.400000000000000000e+01,1.500000000000000000e+01
-2.648373126983642578e+00,4.300500106811523438e+01,1.400000000000000000e+01,1.500000000000000000e+01
-1.205127716064453125e+00,4.508790588378906250e+01,1.400000000000000000e+01,1.500000000000000000e+01
-3.846930503845214844e+00,3.523911285400390625e+01,1.400000000000000000e+01,1.500000000000000000e+01
-3.021672487258911133e+00,3.613278961181640625e+01,1.400000000000000000e+01,1.500000000000000000e+01
-3.242951631546020508e+00,4.114494705200195312e+01,1.400000000000000000e+01,1.500000000000000000e+01
-8.584804534912109375e-01,4.987814712524414062e+01,1.400000000000000000e+01,1.500000000000000000e+01
-9.080745697021484375e+00,3.069946289062500000e+01,1.400000000000000000e+01,1.900000000000000000e+01
-1.820142745971679688e+00,4.623592758178710938e+01,1.400000000000000000e+01,1.500000000000000000e+01
-1.802564620971679688e+01,3.486146926879882812e+01,1.400000000000000000e+01,1.900000000000000000e+01
-2.153556346893310547e+00,3.799671936035156250e+01,1.400000000000000000e+01,1.500000000000000000e+01
-6.539411163330078125e+01,-2.112438201904296875e+01,1.400000000000000000e+01,1.600000000000000000e+01
-1.686996650695800781e+01,3.443911743164062500e+01,1.400000000000000000e+01,1.900000000000000000e+01
-1.673989677429199219e+01,3.438726425170898438e+01,1.400000000000000000e+01,1.900000000000000000e+01
-7.533455371856689453e+00,3.580685806274414062e+01,1.400000000000000000e+01,1.500000000000000000e+01
-5.490072250366210938e+00,3.636494827270507812e+01,1.400000000000000000e+01,1.500000000000000000e+01
-1.859665298461914062e+01,3.492029571533203125e+01,1.400000000000000000e+01,1.900000000000000000e+01
1.772455596923828125e+01,3.163183784484863281e+01,1.400000000000000000e+01,1.800000000000000000e+01
-7.782558917999267578e+00,3.601649856567382812e+01,1.400000000000000000e+01,1.500000000000000000e+01
8.975302577018737793e-01,4.916721725463867188e+01,1.400000000000000000e+01,1.500000000000000000e+01
-2.954645633697509766e+00,4.606630706787109375e+01,1.400000000000000000e+01,1.500000000000000000e+01
-1.716189861297607422e+00,3.208640289306640625e+01,1.400000000000000000e+01,1.900000000000000000e+01
-2.551003456115722656e+00,3.594801712036132812e+01,1.400000000000000000e+01,1.500000000000000000e+01
-1.925389289855957031e+00,3.950455474853515625e+01,1.400000000000000000e+01,1.500000000000000000e+01
2.366696357727050781e+00,4.748628616333007812e+01,1.400000000000000000e+01,1.500000000000000000e+01
2.072856426239013672e+00,4.797414779663085938e+01,1.400000000000000000e+01,1.500000000000000000e+01
-1.560759067535400391e+01,3.393367385864257812e+01,1.400000000000000000e+01,1.900000000000000000e+01
-2.017286300659179688e+00,3.971660995483398438e+01,1.400000000000000000e+01,1.500000000000000000e+01
5.585256814956665039e-01,4.921051406860351562e+01,1.400000000000000000e+01,1.500000000000000000e+01
-1.458529949188232422e+00,4.616608047485351562e+01,1.400000000000000000e+01,1.500000000000000000e+01
-1.859540367126464844e+01,3.489777374267578125e+01,1.400000000000000000e+01,1.900000000000000000e+01
-5.906781673431396484e+00,3.755139160156250000e+01,1.400000000000000000e+01,1.500000000000000000e+01
-2.124849319458007812e+00,4.364813232421875000e+01,1.400000000000000000e+01,1.500000000000000000e+01
-7.082437276840209961e-01,4.996485137939453125e+01,1.400000000000000000e+01,1.500000000000000000e+01
-1.918048501014709473e+00,3.910698699951171875e+01,1.400000000000000000e+01,1.500000000000000000e+01
-1.846553230285644531e+01,3.482155990600585938e+01,1.400000000000000000e+01,1.900000000000000000e+01
-1.835604310035705566e+00,4.041546630859375000e+01,1.400000000000000000e+01,1.500000000000000000e+01
-8.100287914276123047e-01,4.948002624511718750e+01,1.400000000000000000e+01,1.500000000000000000e+01
-1.812444877624511719e+01,3.489606094360351562e+01,1.400000000000000000e+01,1.900000000000000000e+01
1.632345795631408691e+00,4.837403488159179688e+01,1.400000000000000000e+01,1.500000000000000000e+01
-1.658203887939453125e+01,3.432487869262695312e+01,1.400000000000000000e+01,1.900000000000000000e+01
-1.925369143486022949e+00,3.895329666137695312e+01,1.400000000000000000e+01,1.500000000000000000e+01
-1.860917854309082031e+01,3.495045852661132812e+01,1.400000000000000000e+01,1.900000000000000000e+01
-3.136981964111328125e+00,4.237526702880859375e+01,1.400000000000000000e+01,1.500000000000000000e+01
-2.771113872528076172e+00,4.674327850341796875e+01,1.400000000000000000e+01,1.500000000000000000e+01
-2.040183067321777344e+00,3.762477874755859375e+01,1.400000000000000000e+01,1.500000000000000000e+01
-2.099736690521240234e+00,3.882354736328125000e+01,1.400000000000000000e+01,1.500000000000000000e+01
-8.222196578979492188e+00,3.570716094970703125e+01,1.400000000000000000e+01,1.900000000000000000e+01
-1.771398353576660156e+01,3.474659729003906250e+01,1.400000000000000000e+01,1.900000000000000000e+01
-1.848530578613281250e+01,3.518025588989257812e+01,1.400000000000000000e+01,1.900000000000000000e+01
-2.125303268432617188e+00,3.858422088623046875e+01,1.400000000000000000e+01,1.500000000000000000e+01
-2.011546611785888672e+00,3.832517242431640625e+01,1.400000000000000000e+01,1.500000000000000000e+01
-2.854449510574340820e+00,4.208286666870117188e+01,1.400000000000000000e+01,1.500000000000000000e+01
-3.048347282409667969e+01,-5.472643661499023438e+01,1.400000000000000000e+01,1.100000000000000000e+01
1.938401937484741211e+00,4.801263427734375000e+01,1.400000000000000000e+01,1.500000000000000000e+01
-1.485510587692260742e+00,4.237353897094726562e+01,1.400000000000000000e+01,1.500000000000000000e+01
-1.848796463012695312e+01,3.518209075927734375e+01,1.400000000000000000e+01,1.900000000000000000e+01
-1.258637547492980957e+00,4.637882232666015625e+01,1.400000000000000000e+01,1.500000000000000000e+01
-8.340913057327270508e-01,4.561407470703125000e+01,1.400000000000000000e+01,1.500000000000000000e+01
-1.013989448547363281e+01,2.918671417236328125e+01,1.400000000000000000e+01,1.900000000000000000e+01
-2.737588882446289062e+00,3.194677162170410156e+01,1.400000000000000000e+01,1.900000000000000000e+01
-1.102075672149658203e+01,3.063591575622558594e+01,1.400000000000000000e+01,1.900000000000000000e+01
-1.508556008338928223e+00,4.925819778442382812e+01,1.400000000000000000e+01,1.500000000000000000e+01
-1.803988265991210938e+01,3.486700057983398438e+01,1.400000000000000000e+01,1.900000000000000000e+01
-1.646343231201171875e+01,3.427983856201171875e+01,1.400000000000000000e+01,1.900000000000000000e+01
-1.352707767486572266e+01,3.298709869384765625e+01,1.400000000000000000e+01,1.900000000000000000e+01
-1.347169208526611328e+01,3.268770599365234375e+01,1.400000000000000000e+01,1.900000000000000000e+01
-1.415129280090332031e+01,3.339260864257812500e+01,1.400000000000000000e+01,1.900000000000000000e+01
-4.500343322753906250e+00,2.563796997070312500e+01,1.400000000000000000e+01,1.900000000000000000e+01
-5.264170646667480469e+00,3.509975814819335938e+01,1.400000000000000000e+01,1.900000000000000000e+01
-7.998136997222900391e+00,3.401000976562500000e+01,1.400000000000000000e+01,1.900000000000000000e+01
-2.857178115844726562e+01,-5.214618301391601562e+01,1.400000000000000000e+01,1.100000000000000000e+01
-1.431837201118469238e+00,3.071154594421386719e+01,1.400000000000000000e+01,1.900000000000000000e+01
-7.658579826354980469e+00,3.605129623413085938e+01,1.400000000000000000e+01,1.500000000000000000e+01
-3.064332723617553711e+00,4.558507156372070312e+01,1.400000000000000000e+01,1.500000000000000000e+01
-1.082474231719970703e+00,4.974878311157226562e+01,1.400000000000000000e+01,1.500000000000000000e+01
1.316803216934204102e+00,4.858108520507812500e+01,1.400000000000000000e+01,1.500000000000000000e+01
-3.658016443252563477e+00,3.682732391357421875e+01,1.400000000000000000e+01,1.500000000000000000e+01
1.733805465698242188e+01,3.174127197265625000e+01,1.400000000000000000e+01,1.800000000000000000e+01
-1.119252395629882812e+01,3.063402938842773438e+01,1.500000000000000000e+01,1.900000000000000000e+01
7.651999592781066895e-02,2.680832862854003906e+01,1.500000000000000000e+01,1.900000000000000000e+01
-2.350888997316360474e-01,2.567683601379394531e+01,1.500000000000000000e+01,1.900000000000000000e+01
2.730451226234436035e-01,2.821903610229492188e+01,1.500000000000000000e+01,1.900000000000000000e+01
-8.952033042907714844e+00,2.584208488464355469e+01,1.500000000000000000e+01,1.900000000000000000e+01
-2.822551488876342773e+00,2.264364624023437500e+01,1.500000000000000000e+01,1.900000000000000000e+01
-1.068086051940917969e+01,2.928409004211425781e+01,1.500000000000000000e+01,1.900000000000000000e+01
-7.837255477905273438e+00,2.415481567382812500e+01,1.500000000000000000e+01,1.900000000000000000e+01
-2.448778390884399414e+00,2.297954750061035156e+01,1.500000000000000000e+01,1.900000000000000000e+01
-2.687000513076782227e+00,2.294663619995117188e+01,1.500000000000000000e+01,1.900000000000000000e+01
-5.114552974700927734e+00,2.256020164489746094e+01,1.500000000000000000e+01,1.900000000000000000e+01
-3.360660791397094727e+00,3.145956802368164062e+01,1.500000000000000000e+01,1.900000000000000000e+01
-5.173852920532226562e+00,3.389334487915039062e+01,1.500000000000000000e+01,1.900000000000000000e+01
-1.195246815681457520e+00,3.150660324096679688e+01,1.500000000000000000e+01,1.900000000000000000e+01
4.863708913326263428e-01,2.616998863220214844e+01,1.500000000000000000e+01,1.900000000000000000e+01
-2.337884664535522461e+00,2.816884803771972656e+01,1.500000000000000000e+01,1.900000000000000000e+01
-5.626201152801513672e+00,2.342970657348632812e+01,1.500000000000000000e+01,1.900000000000000000e+01
-6.516504287719726562e-01,2.412988090515136719e+01,1.500000000000000000e+01,1.900000000000000000e+01
-5.510320663452148438e+00,2.692802810668945312e+01,1.500000000000000000e+01,1.900000000000000000e+01
-4.724866390228271484e+00,2.530147361755371094e+01,1.500000000000000000e+01,1.900000000000000000e+01
3.634555339813232422e-01,2.822130393981933594e+01,1.500000000000000000e+01,1.900000000000000000e+01
-1.714646458625793457e+00,3.382284545898437500e+01,1.500000000000000000e+01,1.900000000000000000e+01
-1.205528640747070312e+01,3.084609985351562500e+01,1.500000000000000000e+01,1.900000000000000000e+01
-5.563429355621337891e+00,2.680283737182617188e+01,1.500000000000000000e+01,1.900000000000000000e+01
-2.710698604583740234e+00,3.191477775573730469e+01,1.500000000000000000e+01,1.900000000000000000e+01
-4.998918533325195312e+00,2.281281661987304688e+01,1.500000000000000000e+01,1.900000000000000000e+01
-4.995055198669433594e+00,2.422898674011230469e+01,1.500000000000000000e+01,1.900000000000000000e+01
-2.328457117080688477e+00,2.281979560852050781e+01,1.500000000000000000e+01,1.900000000000000000e+01
-1.234385222196578979e-01,2.545106887817382812e+01,1.500000000000000000e+01,1.900000000000000000e+01
-1.654800176620483398e+00,2.319007492065429688e+01,1.500000000000000000e+01,1.900000000000000000e+01
-7.289514064788818359e+00,2.458283996582031250e+01,1.500000000000000000e+01,1.900000000000000000e+01
-2.990080509334802628e-03,2.657400131225585938e+01,1.500000000000000000e+01,1.900000000000000000e+01
-7.727380275726318359e+00,2.587437248229980469e+01,1.500000000000000000e+01,1.900000000000000000e+01
-1.551098155975341797e+01,3.387851333618164062e+01,1.500000000000000000e+01,1.900000000000000000e+01
-2.079560279846191406e+00,3.143211555480957031e+01,1.500000000000000000e+01,1.900000000000000000e+01
4.441784024238586426e-01,2.620418548583984375e+01,1.500000000000000000e+01,1.900000000000000000e+01
-1.440128684043884277e+00,3.202702331542968750e+01,1.500000000000000000e+01,1.900000000000000000e+01
3.335479199886322021e-01,2.826584434509277344e+01,1.500000000000000000e+01,1.900000000000000000e+01
1.798784285783767700e-01,2.611757659912109375e+01,1.500000000000000000e+01,1.900000000000000000e+01
-6.972105503082275391e+00,2.355949783325195312e+01,1.500000000000000000e+01,1.900000000000000000e+01
-2.878022193908691406e+00,2.869743347167968750e+01,1.500000000000000000e+01,1.900000000000000000e+01
-5.083650112152099609e+00,3.515893554687500000e+01,1.500000000000000000e+01,1.900000000000000000e+01
2.764069437980651855e-01,2.841058731079101562e+01,1.500000000000000000e+01,1.900000000000000000e+01
-8.426214218139648438e+00,2.551758956909179688e+01,1.500000000000000000e+01,1.900000000000000000e+01
-7.433221817016601562e+00,2.530861473083496094e+01,1.500000000000000000e+01,1.900000000000000000e+01
-1.977415919303894043e+00,3.536890792846679688e+01,1.500000000000000000e+01,1.500000000000000000e+01
-2.748108863830566406e+00,3.466267776489257812e+01,1.500000000000000000e+01,1.900000000000000000e+01
-4.447106122970581055e-01,2.540675735473632812e+01,1.500000000000000000e+01,1.900000000000000000e+01
-8.997287750244140625e+00,2.529194450378417969e+01,1.500000000000000000e+01,1.900000000000000000e+01
-4.529422760009765625e+00,3.457067489624023438e+01,1.500000000000000000e+01,1.900000000000000000e+01
-2.587083339691162109e+00,2.270090484619140625e+01,1.500000000000000000e+01,1.900000000000000000e+01
-5.649567604064941406e+00,2.290995788574218750e+01,1.500000000000000000e+01,1.900000000000000000e+01
-2.796182870864868164e+00,3.133820152282714844e+01,1.500000000000000000e+01,1.900000000000000000e+01
-1.172029018402099609e+01,3.050878715515136719e+01,1.500000000000000000e+01,1.900000000000000000e+01
-1.180802822113037109e+00,2.523790740966796875e+01,1.500000000000000000e+01,1.900000000000000000e+01
-1.625161051750183105e+00,2.614496231079101562e+01,1.500000000000000000e+01,1.900000000000000000e+01
-1.318277168273925781e+01,3.222233581542968750e+01,1.500000000000000000e+01,1.900000000000000000e+01
3.207269310951232910e-01,2.825684356689453125e+01,1.500000000000000000e+01,1.900000000000000000e+01
-1.301425361633300781e+01,3.210889434814453125e+01,1.500000000000000000e+01,1.900000000000000000e+01
-8.614273071289062500e+00,2.496951293945312500e+01,1.500000000000000000e+01,1.900000000000000000e+01
-1.186188125610351562e+01,3.044821929931640625e+01,1.500000000000000000e+01,1.900000000000000000e+01
-1.056557464599609375e+01,3.072538375854492188e+01,1.500000000000000000e+01,1.900000000000000000e+01
-3.868901252746582031e+00,2.248958969116210938e+01,1.500000000000000000e+01,1.900000000000000000e+01
-1.274995326995849609e+01,3.176294326782226562e+01,1.500000000000000000e+01,1.900000000000000000e+01
-1.169857978820800781e+01,3.027980995178222656e+01,1.500000000000000000e+01,1.900000000000000000e+01
-1.889941930770874023e+00,2.313050460815429688e+01,1.500000000000000000e+01,1.900000000000000000e+01
-1.118643569946289062e+01,2.987571716308593750e+01,1.500000000000000000e+01,1.900000000000000000e+01
-9.478617668151855469e+00,2.624192428588867188e+01,1.500000000000000000e+01,1.900000000000000000e+01
-5.869996547698974609e+00,2.310795211791992188e+01,1.500000000000000000e+01,1.900000000000000000e+01
-1.272990036010742188e+01,3.170178031921386719e+01,1.500000000000000000e+01,1.900000000000000000e+01
-1.312374782562255859e+01,3.223419189453125000e+01,1.500000000000000000e+01,1.900000000000000000e+01
4.083663225173950195e-01,2.764133644104003906e+01,1.500000000000000000e+01,1.900000000000000000e+01
-8.908112525939941406e+00,2.574326705932617188e+01,1.500000000000000000e+01,1.900000000000000000e+01
-1.327881431579589844e+01,3.248316192626953125e+01,1.500000000000000000e+01,1.900000000000000000e+01
-6.164173126220703125e+00,2.316910743713378906e+01,1.500000000000000000e+01,1.900000000000000000e+01
-3.202321529388427734e+00,2.251507186889648438e+01,1.500000000000000000e+01,1.900000000000000000e+01
-5.591743946075439453e+00,2.284481430053710938e+01,1.500000000000000000e+01,1.900000000000000000e+01
-1.714274883270263672e+00,2.318515586853027344e+01,1.500000000000000000e+01,1.900000000000000000e+01
4.588484466075897217e-01,2.624112319946289062e+01,1.500000000000000000e+01,1.900000000000000000e+01
-9.549691528081893921e-02,2.480294799804687500e+01,1.500000000000000000e+01,1.900000000000000000e+01
-2.308635473251342773e+00,2.828440666198730469e+01,1.500000000000000000e+01,1.900000000000000000e+01
-1.013624858856201172e+01,2.767915916442871094e+01,1.500000000000000000e+01,1.900000000000000000e+01
2.740269899368286133e-01,2.657888031005859375e+01,1.500000000000000000e+01,1.900000000000000000e+01
-5.666375160217285156e+00,2.637050056457519531e+01,1.500000000000000000e+01,1.900000000000000000e+01
-4.736991882324218750e+00,3.468997955322265625e+01,1.500000000000000000e+01,1.900000000000000000e+01
-1.423952102661132812e+00,3.207435989379882812e+01,1.500000000000000000e+01,1.900000000000000000e+01
-8.673707008361816406e+00,2.487857055664062500e+01,1.500000000000000000e+01,1.900000000000000000e+01
2.155158072710037231e-01,2.812193298339843750e+01,1.500000000000000000e+01,1.900000000000000000e+01
-6.412343025207519531e+00,2.358380126953125000e+01,1.500000000000000000e+01,1.900000000000000000e+01
-1.419039845466613770e+00,3.212024307250976562e+01,1.500000000000000000e+01,1.900000000000000000e+01
-1.100021743774414062e+01,2.949131774902343750e+01,1.500000000000000000e+01,1.900000000000000000e+01
-6.269530296325683594e+00,2.328942108154296875e+01,1.500000000000000000e+01,1.900000000000000000e+01
-1.284871101379394531e+01,3.201020050048828125e+01,1.500000000000000000e+01,1.900000000000000000e+01
-3.854014635086059570e+00,3.383696365356445312e+01,1.500000000000000000e+01,1.900000000000000000e+01
-8.993590474128723145e-01,2.399203681945800781e+01,1.500000000000000000e+01,1.900000000000000000e+01
-1.259263134002685547e+01,3.168589401245117188e+01,1.500000000000000000e+01,1.900000000000000000e+01
-8.931209564208984375e+00,2.528556060791015625e+01,1.500000000000000000e+01,1.900000000000000000e+01
-1.165744185447692871e+00,2.598802947998046875e+01,1.500000000000000000e+01,1.900000000000000000e+01
-2.007326841354370117e+00,3.563051986694335938e+01,1.500000000000000000e+01,1.500000000000000000e+01
-3.016164302825927734e-01,2.810932731628417969e+01,1.500000000000000000e+01,1.900000000000000000e+01
-7.814240455627441406e+00,3.329447174072265625e+01,1.500000000000000000e+01,1.900000000000000000e+01
-1.188072204589843750e+01,3.073834419250488281e+01,1.500000000000000000e+01,1.900000000000000000e+01
3.914696872234344482e-01,2.719918441772460938e+01,1.500000000000000000e+01,1.900000000000000000e+01
-7.582235336303710938e+00,2.439000511169433594e+01,1.500000000000000000e+01,1.900000000000000000e+01
4.121562242507934570e-01,2.585188102722167969e+01,1.500000000000000000e+01,1.900000000000000000e+01
-4.947758674621582031e+00,2.260761070251464844e+01,1.500000000000000000e+01,1.900000000000000000e+01
-1.977151632308959961e+00,3.541719436645507812e+01,1.500000000000000000e+01,1.500000000000000000e+01
-1.180917453765869141e+01,3.061539077758789062e+01,1.500000000000000000e+01,1.900000000000000000e+01
-4.043706953525543213e-01,2.501208877563476562e+01,1.500000000000000000e+01,1.900000000000000000e+01
-7.653384685516357422e+00,3.400864410400390625e+01,1.500000000000000000e+01,1.900000000000000000e+01
-8.768404960632324219e+00,2.499544334411621094e+01,1.500000000000000000e+01,1.900000000000000000e+01
-2.167723894119262695e+00,2.516743087768554688e+01,1.500000000000000000e+01,1.900000000000000000e+01
-1.539552450180053711e+00,2.622343826293945312e+01,1.500000000000000000e+01,1.900000000000000000e+01
-9.610394477844238281e+00,2.656266593933105469e+01,1.500000000000000000e+01,1.900000000000000000e+01
-7.633334636688232422e+00,2.424602127075195312e+01,1.500000000000000000e+01,1.900000000000000000e+01
-7.660192012786865234e+00,2.450474739074707031e+01,1.500000000000000000e+01,1.900000000000000000e+01
-2.913740634918212891e+00,2.268245506286621094e+01,1.500000000000000000e+01,1.900000000000000000e+01
-1.635226011276245117e+00,2.591810989379882812e+01,1.500000000000000000e+01,1.900000000000000000e+01
-9.557719230651855469e+00,3.095012092590332031e+01,1.500000000000000000e+01,1.900000000000000000e+01
-5.846668243408203125e+00,2.289262199401855469e+01,1.500000000000000000e+01,1.900000000000000000e+01
-1.236622333526611328e+00,2.539291381835937500e+01,1.500000000000000000e+01,1.900000000000000000e+01
-4.671782970428466797e+00,2.611510848999023438e+01,1.500000000000000000e+01,1.900000000000000000e+01
-4.702576637268066406e+00,2.254465484619140625e+01,1.500000000000000000e+01,1.900000000000000000e+01
-8.827411651611328125e+00,2.518442153930664062e+01,1.500000000000000000e+01,1.900000000000000000e+01
-3.960986435413360596e-02,2.714685440063476562e+01,1.500000000000000000e+01,1.900000000000000000e+01
-5.893363356590270996e-01,2.573574256896972656e+01,1.500000000000000000e+01,1.900000000000000000e+01
-4.097645282745361328e+00,2.239833068847656250e+01,1.500000000000000000e+01,1.900000000000000000e+01
-2.687338590621948242e-01,2.507022476196289062e+01,1.500000000000000000e+01,1.900000000000000000e+01
-7.882959246635437012e-01,2.402713012695312500e+01,1.500000000000000000e+01,1.900000000000000000e+01
-4.117583274841308594e+00,3.191203880310058594e+01,1.500000000000000000e+01,1.900000000000000000e+01
-9.222050666809082031e+00,2.569346618652343750e+01,1.500000000000000000e+01,1.900000000000000000e+01
-9.465392112731933594e+00,2.640427589416503906e+01,1.500000000000000000e+01,1.900000000000000000e+01
5.077534317970275879e-01,2.730300331115722656e+01,1.500000000000000000e+01,1.900000000000000000e+01
-9.991525650024414062e+00,3.085951995849609375e+01,1.500000000000000000e+01,1.900000000000000000e+01
-1.401037454605102539e+00,2.535405349731445312e+01,1.500000000000000000e+01,1.900000000000000000e+01
-2.492342948913574219e+00,2.800032043457031250e+01,1.500000000000000000e+01,1.900000000000000000e+01
-1.019014644622802734e+01,3.094964408874511719e+01,1.500000000000000000e+01,1.900000000000000000e+01
-2.061229944229125977e+00,3.638410949707031250e+01,1.500000000000000000e+01,1.500000000000000000e+01
-4.059503555297851562e+00,2.242190551757812500e+01,1.500000000000000000e+01,1.900000000000000000e+01
-1.011828899383544922e+01,2.765043067932128906e+01,1.500000000000000000e+01,1.900000000000000000e+01
-4.431739807128906250e+00,3.462273788452148438e+01,1.500000000000000000e+01,1.900000000000000000e+01
-4.038042068481445312e+00,3.153437614440917969e+01,1.500000000000000000e+01,1.900000000000000000e+01
-8.070136070251464844e+00,3.381324386596679688e+01,1.500000000000000000e+01,1.900000000000000000e+01
-1.174352455139160156e+01,3.075182151794433594e+01,1.500000000000000000e+01,1.900000000000000000e+01
-4.888249874114990234e+00,2.537832069396972656e+01,1.500000000000000000e+01,1.900000000000000000e+01
-1.347131729125976562e+01,3.250099182128906250e+01,1.500000000000000000e+01,1.900000000000000000e+01
-4.863214015960693359e+00,2.254275512695312500e+01,1.500000000000000000e+01,1.900000000000000000e+01
-9.674808502197265625e+00,3.023761367797851562e+01,1.500000000000000000e+01,1.900000000000000000e+01
-5.823366641998291016e+00,3.560540390014648438e+01,1.500000000000000000e+01,1.500000000000000000e+01
-1.164036083221435547e+01,3.125891876220703125e+01,1.500000000000000000e+01,1.900000000000000000e+01
-1.081080245971679688e+01,3.103094100952148438e+01,1.500000000000000000e+01,1.900000000000000000e+01
-6.868910217285156250e+01,-1.996577072143554688e+01,1.500000000000000000e+01,1.600000000000000000e+01
-1.060733509063720703e+01,2.904759979248046875e+01,1.500000000000000000e+01,1.900000000000000000e+01
-3.085867166519165039e+00,2.855146598815917969e+01,1.500000000000000000e+01,1.900000000000000000e+01
-1.100335025787353516e+01,2.937067604064941406e+01,1.500000000000000000e+01,1.900000000000000000e+01
1.326399743556976318e-01,2.528496742248535156e+01,1.500000000000000000e+01,1.900000000000000000e+01
-3.676091670989990234e+00,3.154681587219238281e+01,1.500000000000000000e+01,1.900000000000000000e+01
-4.278233051300048828e+00,2.245468521118164062e+01,1.500000000000000000e+01,1.900000000000000000e+01
-1.180628299713134766e+01,3.037157058715820312e+01,1.500000000000000000e+01,1.900000000000000000e+01
-5.606391906738281250e+00,2.281646347045898438e+01,1.500000000000000000e+01,1.900000000000000000e+01
-8.161515235900878906e+00,2.481409645080566406e+01,1.500000000000000000e+01,1.900000000000000000e+01
-1.687899351119995117e+00,2.325968742370605469e+01,1.500000000000000000e+01,1.900000000000000000e+01
-9.451251983642578125e+00,2.620700836181640625e+01,1.500000000000000000e+01,1.900000000000000000e+01
-1.216519260406494141e+01,3.123511505126953125e+01,1.500000000000000000e+01,1.900000000000000000e+01
-1.076339530944824219e+01,2.918775177001953125e+01,1.500000000000000000e+01,1.900000000000000000e+01
-1.081734466552734375e+01,2.922315788269042969e+01,1.500000000000000000e+01,1.900000000000000000e+01
-1.510551214218139648e+00,3.225402450561523438e+01,1.500000000000000000e+01,1.900000000000000000e+01
-5.885261058807373047e+00,2.326265716552734375e+01,1.500000000000000000e+01,1.900000000000000000e+01
-1.988528251647949219e+00,3.551988601684570312e+01,1.500000000000000000e+01,1.500000000000000000e+01
-1.635681509971618652e+00,3.338952636718750000e+01,1.500000000000000000e+01,1.900000000000000000e+01
-7.485327243804931641e+00,2.404592895507812500e+01,1.500000000000000000e+01,1.900000000000000000e+01
5.076864361763000488e-01,2.599054336547851562e+01,1.500000000000000000e+01,1.900000000000000000e+01
-8.832534790039062500e+00,2.528979682922363281e+01,1.500000000000000000e+01,1.900000000000000000e+01
-1.349065065383911133e+00,2.347983169555664062e+01,1.500000000000000000e+01,1.900000000000000000e+01
-9.275543212890625000e+00,2.602620697021484375e+01,1.500000000000000000e+01,1.900000000000000000e+01
-2.463854551315307617e+00,3.584501266479492188e+01,1.500000000000000000e+01,1.500000000000000000e+01
-2.100520372390747070e+00,3.573197174072265625e+01,1.500000000000000000e+01,1.500000000000000000e+01
-2.012746334075927734e+00,3.539570236206054688e+01,1.500000000000000000e+01,1.500000000000000000e+01
-6.836535930633544922e+00,2.430213546752929688e+01,1.500000000000000000e+01,1.900000000000000000e+01
-4.575243473052978516e+00,2.816724395751953125e+01,1.500000000000000000e+01,1.900000000000000000e+01
-6.281652450561523438e+00,3.598523330688476562e+01,1.500000000000000000e+01,1.500000000000000000e+01
-7.512882709503173828e+00,2.547928047180175781e+01,1.500000000000000000e+01,1.900000000000000000e+01
-5.844786167144775391e+00,3.725152587890625000e+01,1.500000000000000000e+01,1.500000000000000000e+01
-5.512622833251953125e+00,2.605414390563964844e+01,1.500000000000000000e+01,1.900000000000000000e+01
3.904011249542236328e-01,2.514597320556640625e+01,1.500000000000000000e+01,1.900000000000000000e+01
-1.224889564514160156e+01,3.153750991821289062e+01,1.500000000000000000e+01,1.900000000000000000e+01
-1.600480794906616211e+00,3.070931434631347656e+01,1.500000000000000000e+01,1.900000000000000000e+01
-3.877302408218383789e+00,2.250342369079589844e+01,1.500000000000000000e+01,1.900000000000000000e+01
-3.679171562194824219e+00,2.840149307250976562e+01,1.500000000000000000e+01,1.900000000000000000e+01
-8.157463073730468750e+00,2.440162849426269531e+01,1.500000000000000000e+01,1.900000000000000000e+01
-7.953623294830322266e+00,3.356629180908203125e+01,1.500000000000000000e+01,1.900000000000000000e+01
-3.002477884292602539e+00,2.864804267883300781e+01,1.500000000000000000e+01,1.900000000000000000e+01
-1.477019906044006348e+00,3.203314208984375000e+01,1.500000000000000000e+01,1.900000000000000000e+01
-9.085138320922851562e+00,2.564221191406250000e+01,1.500000000000000000e+01,1.900000000000000000e+01
-1.099109077453613281e+01,2.959720420837402344e+01,1.500000000000000000e+01,1.900000000000000000e+01
2.404174208641052246e-01,2.778942298889160156e+01,1.500000000000000000e+01,1.900000000000000000e+01
-7.924783706665039062e+00,3.326950836181640625e+01,1.500000000000000000e+01,1.900000000000000000e+01
-7.896360874176025391e+00,3.383035278320312500e+01,1.500000000000000000e+01,1.900000000000000000e+01
-7.631435394287109375e+00,3.063950729370117188e+01,1.500000000000000000e+01,1.900000000000000000e+01
-4.206723213195800781e+00,2.241948318481445312e+01,1.500000000000000000e+01,1.900000000000000000e+01
1.927230209112167358e-01,2.585970687866210938e+01,1.500000000000000000e+01,1.900000000000000000e+01
-9.955208778381347656e+00,2.985433959960937500e+01,1.500000000000000000e+01,1.900000000000000000e+01
-1.237427711486816406e+01,3.185406303405761719e+01,1.500000000000000000e+01,1.900000000000000000e+01
-3.685878515243530273e+00,3.167304611206054688e+01,1.500000000000000000e+01,1.900000000000000000e+01
5.004829764366149902e-01,2.718369674682617188e+01,1.500000000000000000e+01,1.900000000000000000e+01
-1.399596977233886719e+01,3.324036026000976562e+01,1.500000000000000000e+01,1.900000000000000000e+01
-3.594967603683471680e+00,2.258389282226562500e+01,1.500000000000000000e+01,1.900000000000000000e+01
-7.531991958618164062e+00,3.134025382995605469e+01,1.500000000000000000e+01,1.900000000000000000e+01
5.440672039985656738e-01,2.674930381774902344e+01,1.500000000000000000e+01,1.900000000000000000e+01
-1.255774879455566406e+01,3.139714241027832031e+01,1.500000000000000000e+01,1.900000000000000000e+01
-3.977300643920898438e+01,5.166518020629882812e+01,1.600000000000000000e+01,1.000000000000000000e+01
-4.100896453857421875e+01,4.998556900024414062e+01,1.600000000000000000e+01,1.000000000000000000e+01
-4.424131393432617188e+01,4.583034133911132812e+01,1.600000000000000000e+01,1.000000000000000000e+01
-4.126802062988281250e+01,4.966207122802734375e+01,1.600000000000000000e+01,1.000000000000000000e+01
-3.707269668579101562e+01,5.543577575683593750e+01,1.600000000000000000e+01,1.000000000000000000e+01
-4.045992660522460938e+01,5.073888015747070312e+01,1.600000000000000000e+01,1.000000000000000000e+01
-3.469497299194335938e+01,5.903803634643554688e+01,1.600000000000000000e+01,1.000000000000000000e+01
-3.398386764526367188e+01,5.987321472167968750e+01,1.600000000000000000e+01,1.000000000000000000e+01
-5.330393218994140625e+01,3.846253204345703125e+01,1.600000000000000000e+01,1.000000000000000000e+01
-5.229300308227539062e+01,3.847278976440429688e+01,1.600000000000000000e+01,1.000000000000000000e+01
-4.443318939208984375e+01,4.561684799194335938e+01,1.600000000000000000e+01,1.000000000000000000e+01
-4.890724945068359375e+01,4.116975021362304688e+01,1.600000000000000000e+01,1.000000000000000000e+01
-5.026601409912109375e+01,4.004685974121093750e+01,1.600000000000000000e+01,1.000000000000000000e+01
-4.375296401977539062e+01,4.642902755737304688e+01,1.600000000000000000e+01,1.000000000000000000e+01
-5.421665573120117188e+01,3.813269424438476562e+01,1.600000000000000000e+01,1.000000000000000000e+01
-3.410164642333984375e+01,5.972335052490234375e+01,1.600000000000000000e+01,1.000000000000000000e+01
-4.045371627807617188e+01,5.074341201782226562e+01,1.600000000000000000e+01,1.000000000000000000e+01
-4.147517776489257812e+01,4.938239288330078125e+01,1.600000000000000000e+01,1.000000000000000000e+01
-3.614749908447265625e+01,5.681526565551757812e+01,1.600000000000000000e+01,1.000000000000000000e+01
-3.843515777587890625e+01,5.351249694824218750e+01,1.600000000000000000e+01,1.000000000000000000e+01
-4.239273071289062500e+01,4.817577362060546875e+01,1.600000000000000000e+01,1.000000000000000000e+01
-4.706730270385742188e+01,4.279324340820312500e+01,1.600000000000000000e+01,1.000000000000000000e+01
-5.460751724243164062e+01,3.811857986450195312e+01,1.600000000000000000e+01,1.000000000000000000e+01
-5.231168365478515625e+01,3.895628356933593750e+01,1.600000000000000000e+01,1.000000000000000000e+01
-4.105408096313476562e+01,4.994551849365234375e+01,1.600000000000000000e+01,1.000000000000000000e+01
-3.784983444213867188e+01,5.433723449707031250e+01,1.600000000000000000e+01,1.000000000000000000e+01
-5.401592254638671875e+01,3.815569686889648438e+01,1.600000000000000000e+01,1.000000000000000000e+01
-4.669343185424804688e+01,4.315501022338867188e+01,1.600000000000000000e+01,1.000000000000000000e+01
-4.588757705688476562e+01,4.397974014282226562e+01,1.600000000000000000e+01,1.000000000000000000e+01
-4.926620864868164062e+01,4.086780548095703125e+01,1.600000000000000000e+01,1.000000000000000000e+01
-5.114754486083984375e+01,3.948940277099609375e+01,1.600000000000000000e+01,1.000000000000000000e+01
-3.672741317749023438e+01,5.595559310913085938e+01,1.600000000000000000e+01,1.000000000000000000e+01
-5.267207717895507812e+01,3.835433197021484375e+01,1.600000000000000000e+01,1.000000000000000000e+01
-3.765710449218750000e+01,5.460794830322265625e+01,1.600000000000000000e+01,1.000000000000000000e+01
-4.151781082153320312e+01,4.931340408325195312e+01,1.600000000000000000e+01,1.000000000000000000e+01
-5.192972564697265625e+01,3.871765899658203125e+01,1.600000000000000000e+01,1.000000000000000000e+01
-4.119938659667968750e+01,4.974971008300781250e+01,1.600000000000000000e+01,1.000000000000000000e+01
-3.959233474731445312e+01,5.190530014038085938e+01,1.600000000000000000e+01,1.000000000000000000e+01
-3.762197494506835938e+01,5.466073989868164062e+01,1.600000000000000000e+01,1.000000000000000000e+01
-3.936494064331054688e+01,5.221613311767578125e+01,1.600000000000000000e+01,1.000000000000000000e+01
-4.489170837402343750e+01,4.508670806884765625e+01,1.600000000000000000e+01,1.000000000000000000e+01
-3.798995208740234375e+01,5.413859939575195312e+01,1.600000000000000000e+01,1.000000000000000000e+01
-4.550867843627929688e+01,4.437704849243164062e+01,1.600000000000000000e+01,1.000000000000000000e+01
-3.954987716674804688e+01,5.196259689331054688e+01,1.600000000000000000e+01,1.000000000000000000e+01
-4.078466796875000000e+01,5.030630111694335938e+01,1.600000000000000000e+01,1.000000000000000000e+01
-3.522919845581054688e+01,5.818974304199218750e+01,1.600000000000000000e+01,1.000000000000000000e+01
-4.638226318359375000e+01,4.345630645751953125e+01,1.600000000000000000e+01,1.000000000000000000e+01
-4.935062408447265625e+01,4.079470825195312500e+01,1.600000000000000000e+01,1.000000000000000000e+01
-4.853229904174804688e+01,4.149212646484375000e+01,1.600000000000000000e+01,1.000000000000000000e+01
-5.158476257324218750e+01,3.894594955444335938e+01,1.600000000000000000e+01,1.000000000000000000e+01
-4.090711593627929688e+01,5.014293289184570312e+01,1.600000000000000000e+01,1.000000000000000000e+01
-3.761330032348632812e+01,5.467393875122070312e+01,1.600000000000000000e+01,1.000000000000000000e+01
-5.303070068359375000e+01,3.828041458129882812e+01,1.600000000000000000e+01,1.000000000000000000e+01
-4.097917175292968750e+01,5.002572250366210938e+01,1.600000000000000000e+01,1.000000000000000000e+01
-4.569036865234375000e+01,4.418154525756835938e+01,1.600000000000000000e+01,1.000000000000000000e+01
-4.438571166992187500e+01,4.567393875122070312e+01,1.600000000000000000e+01,1.000000000000000000e+01
-3.537617874145507812e+01,5.797618103027343750e+01,1.600000000000000000e+01,1.000000000000000000e+01
-3.721904754638671875e+01,5.523617553710937500e+01,1.600000000000000000e+01,1.000000000000000000e+01
-5.187240600585937500e+01,3.870624542236328125e+01,1.600000000000000000e+01,1.000000000000000000e+01
-4.133245849609375000e+01,4.953058242797851562e+01,1.600000000000000000e+01,1.000000000000000000e+01
-5.253352737426757812e+01,3.839177703857421875e+01,1.600000000000000000e+01,1.000000000000000000e+01
1.635656929016113281e+01,-1.003197193145751953e+01,1.600000000000000000e+01,1.300000000000000000e+01
-3.491900634765625000e+01,5.866502761840820312e+01,1.600000000000000000e+01,1.000000000000000000e+01
-4.061290740966796875e+01,5.053253936767578125e+01,1.600000000000000000e+01,1.000000000000000000e+01
-3.429316711425781250e+01,5.966685867309570312e+01,1.600000000000000000e+01,1.000000000000000000e+01
-4.723217391967773438e+01,4.264798355102539062e+01,1.600000000000000000e+01,1.000000000000000000e+01
-4.887020874023437500e+01,4.120184707641601562e+01,1.600000000000000000e+01,1.000000000000000000e+01
-4.022600555419921875e+01,5.104844665527343750e+01,1.600000000000000000e+01,1.000000000000000000e+01
-3.768469238281250000e+01,5.456966018676757812e+01,1.600000000000000000e+01,1.000000000000000000e+01
-4.105728912353515625e+01,4.994160079956054688e+01,1.600000000000000000e+01,1.000000000000000000e+01
-4.589264678955078125e+01,4.397321319580078125e+01,1.600000000000000000e+01,1.000000000000000000e+01
-4.327394866943359375e+01,4.703341674804687500e+01,1.600000000000000000e+01,1.000000000000000000e+01
-4.630158233642578125e+01,4.353295898437500000e+01,1.600000000000000000e+01,1.000000000000000000e+01
-5.314746856689453125e+01,3.830921936035156250e+01,1.600000000000000000e+01,1.000000000000000000e+01
-3.526168823242187500e+01,5.815290069580078125e+01,1.600000000000000000e+01,1.000000000000000000e+01
-4.601008605957031250e+01,4.382184219360351562e+01,1.600000000000000000e+01,1.000000000000000000e+01
-4.593902587890625000e+01,4.390158843994140625e+01,1.600000000000000000e+01,1.000000000000000000e+01
-4.135844802856445312e+01,4.950050735473632812e+01,1.600000000000000000e+01,1.000000000000000000e+01
-5.096688842773437500e+01,3.944213867187500000e+01,1.600000000000000000e+01,1.000000000000000000e+01
-4.183453750610351562e+01,4.888790893554687500e+01,1.600000000000000000e+01,1.000000000000000000e+01
-3.752118682861328125e+01,5.479586410522460938e+01,1.600000000000000000e+01,1.000000000000000000e+01
-4.160892486572265625e+01,4.920295715332031250e+01,1.600000000000000000e+01,1.000000000000000000e+01
-5.015402221679687500e+01,4.013798522949218750e+01,1.600000000000000000e+01,1.000000000000000000e+01
-4.355751800537109375e+01,4.667213058471679688e+01,1.600000000000000000e+01,1.000000000000000000e+01
-4.701348876953125000e+01,4.285083007812500000e+01,1.600000000000000000e+01,1.000000000000000000e+01
-3.703247833251953125e+01,5.549975967407226562e+01,1.600000000000000000e+01,1.000000000000000000e+01
-3.507475662231445312e+01,5.844054794311523438e+01,1.600000000000000000e+01,1.000000000000000000e+01
-3.423296737670898438e+01,6.011934661865234375e+01,1.600000000000000000e+01,1.000000000000000000e+01
-4.991584014892578125e+01,4.031918334960937500e+01,1.600000000000000000e+01,1.000000000000000000e+01
-3.403926849365234375e+01,6.015454483032226562e+01,1.600000000000000000e+01,1.000000000000000000e+01
-4.437248229980468750e+01,4.568859863281250000e+01,1.600000000000000000e+01,1.000000000000000000e+01
-4.482456588745117188e+01,4.516367340087890625e+01,1.600000000000000000e+01,1.000000000000000000e+01
-4.448326492309570312e+01,4.555833816528320312e+01,1.600000000000000000e+01,1.000000000000000000e+01
-5.146300888061523438e+01,3.901816177368164062e+01,1.600000000000000000e+01,1.000000000000000000e+01
-4.530582427978515625e+01,4.461091613769531250e+01,1.600000000000000000e+01,1.000000000000000000e+01
-4.885883712768554688e+01,4.121050262451171875e+01,1.600000000000000000e+01,1.000000000000000000e+01
-4.752839279174804688e+01,4.237637710571289062e+01,1.600000000000000000e+01,1.000000000000000000e+01
-3.738577651977539062e+01,5.497377777099609375e+01,1.600000000000000000e+01,1.000000000000000000e+01
-4.348809814453125000e+01,4.675968933105468750e+01,1.600000000000000000e+01,1.000000000000000000e+01
-4.856428527832031250e+01,4.146136474609375000e+01,1.600000000000000000e+01,1.000000000000000000e+01
-3.890749740600585938e+01,5.283712005615234375e+01,1.600000000000000000e+01,1.000000000000000000e+01
-4.650043106079101562e+01,4.334238815307617188e+01,1.600000000000000000e+01,1.000000000000000000e+01
-3.878273773193359375e+01,5.302926254272460938e+01,1.600000000000000000e+01,1.000000000000000000e+01
-4.603723907470703125e+01,4.380085754394531250e+01,1.600000000000000000e+01,1.000000000000000000e+01
-4.152031326293945312e+01,4.930920410156250000e+01,1.600000000000000000e+01,1.000000000000000000e+01
-5.103439712524414062e+01,3.945853805541992188e+01,1.600000000000000000e+01,1.000000000000000000e+01
-3.404965591430664062e+01,6.018207168579101562e+01,1.600000000000000000e+01,1.000000000000000000e+01
-4.450072097778320312e+01,4.553841018676757812e+01,1.600000000000000000e+01,1.000000000000000000e+01
-5.085787963867187500e+01,3.958152770996093750e+01,1.600000000000000000e+01,1.000000000000000000e+01
-4.769961547851562500e+01,4.222452163696289062e+01,1.600000000000000000e+01,1.000000000000000000e+01
-4.085750579833984375e+01,5.021610641479492188e+01,1.600000000000000000e+01,1.000000000000000000e+01
-3.403253936767578125e+01,6.013818359375000000e+01,1.600000000000000000e+01,1.000000000000000000e+01
-4.730113601684570312e+01,4.258095932006835938e+01,1.600000000000000000e+01,1.000000000000000000e+01
-5.217696380615234375e+01,3.947753906250000000e+01,1.600000000000000000e+01,1.000000000000000000e+01
-5.176140975952148438e+01,3.881133270263671875e+01,1.600000000000000000e+01,1.000000000000000000e+01
-4.611378097534179688e+01,4.372724533081054688e+01,1.600000000000000000e+01,1.000000000000000000e+01
-3.811964035034179688e+01,5.394823837280273438e+01,1.600000000000000000e+01,1.000000000000000000e+01
-4.802376937866210938e+01,4.193718338012695312e+01,1.600000000000000000e+01,1.000000000000000000e+01
-3.406662368774414062e+01,5.976517105102539062e+01,1.600000000000000000e+01,1.000000000000000000e+01
-4.256344223022460938e+01,4.795061874389648438e+01,1.600000000000000000e+01,1.000000000000000000e+01
-3.775831604003906250e+01,5.446387100219726562e+01,1.600000000000000000e+01,1.000000000000000000e+01
-3.431760787963867188e+01,5.998081970214843750e+01,1.600000000000000000e+01,1.000000000000000000e+01
-4.061040496826171875e+01,5.053435516357421875e+01,1.600000000000000000e+01,1.000000000000000000e+01
-4.012249374389648438e+01,5.118587875366210938e+01,1.600000000000000000e+01,1.000000000000000000e+01
-5.445478820800781250e+01,3.812047576904296875e+01,1.600000000000000000e+01,1.000000000000000000e+01
-5.195377349853515625e+01,3.878183746337890625e+01,1.600000000000000000e+01,1.000000000000000000e+01
-5.278621673583984375e+01,3.832149124145507812e+01,1.600000000000000000e+01,1.000000000000000000e+01
-4.314889526367187500e+01,4.719519805908203125e+01,1.600000000000000000e+01,1.000000000000000000e+01
-4.559619903564453125e+01,4.427716827392578125e+01,1.600000000000000000e+01,1.000000000000000000e+01
-4.281560897827148438e+01,4.762463378906250000e+01,1.600000000000000000e+01,1.000000000000000000e+01
-3.423416137695312500e+01,6.011495590209960938e+01,1.600000000000000000e+01,1.000000000000000000e+01
-4.706866836547851562e+01,4.278932571411132812e+01,1.600000000000000000e+01,1.000000000000000000e+01
-4.932481002807617188e+01,4.081563186645507812e+01,1.600000000000000000e+01,1.000000000000000000e+01
-5.006124496459960938e+01,4.020256042480468750e+01,1.600000000000000000e+01,1.000000000000000000e+01
-3.642799377441406250e+01,5.639838409423828125e+01,1.600000000000000000e+01,1.000000000000000000e+01
-5.243244552612304688e+01,3.876616668701171875e+01,1.600000000000000000e+01,1.000000000000000000e+01
-5.357728195190429688e+01,3.820640182495117188e+01,1.600000000000000000e+01,1.000000000000000000e+01
-3.672736358642578125e+01,5.594554901123046875e+01,1.600000000000000000e+01,1.000000000000000000e+01
-3.631433868408203125e+01,5.656315612792968750e+01,1.600000000000000000e+01,1.000000000000000000e+01
-3.475484848022460938e+01,5.894688415527343750e+01,1.600000000000000000e+01,1.000000000000000000e+01
-4.083594894409179688e+01,5.024285125732421875e+01,1.600000000000000000e+01,1.000000000000000000e+01
-3.531896972656250000e+01,5.806292724609375000e+01,1.600000000000000000e+01,1.000000000000000000e+01
-4.327012634277343750e+01,4.703820037841796875e+01,1.600000000000000000e+01,1.000000000000000000e+01
-3.445632171630859375e+01,5.940037536621093750e+01,1.600000000000000000e+01,1.000000000000000000e+01
-4.592729187011718750e+01,4.393619155883789062e+01,1.600000000000000000e+01,1.000000000000000000e+01
-4.438869094848632812e+01,4.567038726806640625e+01,1.600000000000000000e+01,1.000000000000000000e+01
-3.845228576660156250e+01,5.348818969726562500e+01,1.600000000000000000e+01,1.000000000000000000e+01
-3.397483062744140625e+01,6.009753036499023438e+01,1.600000000000000000e+01,1.000000000000000000e+01
-5.217883300781250000e+01,3.865396499633789062e+01,1.600000000000000000e+01,1.000000000000000000e+01
-4.553048706054687500e+01,4.435221099853515625e+01,1.600000000000000000e+01,1.000000000000000000e+01
-3.449666595458984375e+01,5.934278869628906250e+01,1.600000000000000000e+01,1.000000000000000000e+01
-3.451837921142578125e+01,5.931312942504882812e+01,1.600000000000000000e+01,1.000000000000000000e+01
-3.548794937133789062e+01,5.780465698242187500e+01,1.600000000000000000e+01,1.000000000000000000e+01
-3.894696807861328125e+01,5.279304122924804688e+01,1.600000000000000000e+01,1.000000000000000000e+01
-3.433035278320312500e+01,5.985000228881835938e+01,1.600000000000000000e+01,1.000000000000000000e+01
-4.085890960693359375e+01,5.021557617187500000e+01,1.600000000000000000e+01,1.000000000000000000e+01
-3.462336730957031250e+01,5.914234924316406250e+01,1.600000000000000000e+01,1.000000000000000000e+01
-3.629829025268554688e+01,5.657603454589843750e+01,1.600000000000000000e+01,1.000000000000000000e+01
-4.695434188842773438e+01,4.290782165527343750e+01,1.600000000000000000e+01,1.000000000000000000e+01
-5.400396347045898438e+01,3.815117645263671875e+01,1.600000000000000000e+01,1.000000000000000000e+01
-3.465242004394531250e+01,5.910860443115234375e+01,1.600000000000000000e+01,1.000000000000000000e+01
-3.436601257324218750e+01,5.960152435302734375e+01,1.600000000000000000e+01,1.000000000000000000e+01
-3.802864074707031250e+01,5.408802795410156250e+01,1.600000000000000000e+01,1.000000000000000000e+01
-5.107009124755859375e+01,3.939005279541015625e+01,1.600000000000000000e+01,1.000000000000000000e+01
-3.468711471557617188e+01,5.906081771850585938e+01,1.600000000000000000e+01,1.000000000000000000e+01
-4.579734802246093750e+01,4.406674957275390625e+01,1.600000000000000000e+01,1.000000000000000000e+01
-5.065801239013671875e+01,3.976843261718750000e+01,1.600000000000000000e+01,1.000000000000000000e+01
-3.600949478149414062e+01,5.701634597778320312e+01,1.600000000000000000e+01,1.000000000000000000e+01
-5.269954299926757812e+01,3.836888122558593750e+01,1.600000000000000000e+01,1.000000000000000000e+01
-4.967512512207031250e+01,4.052529144287109375e+01,1.600000000000000000e+01,1.000000000000000000e+01
-3.938250350952148438e+01,5.218914794921875000e+01,1.600000000000000000e+01,1.000000000000000000e+01
-5.302689743041992188e+01,3.827232360839843750e+01,1.600000000000000000e+01,1.000000000000000000e+01
-5.424345397949218750e+01,3.813353347778320312e+01,1.600000000000000000e+01,1.000000000000000000e+01
-4.776668167114257812e+01,4.216185760498046875e+01,1.600000000000000000e+01,1.000000000000000000e+01
-3.635441207885742188e+01,5.650349044799804688e+01,1.600000000000000000e+01,1.000000000000000000e+01
-3.611234664916992188e+01,5.686903762817382812e+01,1.600000000000000000e+01,1.000000000000000000e+01
-3.697174453735351562e+01,5.558649826049804688e+01,1.600000000000000000e+01,1.000000000000000000e+01
-5.125815582275390625e+01,3.927154159545898438e+01,1.600000000000000000e+01,1.000000000000000000e+01
-4.175505447387695312e+01,4.900242233276367188e+01,1.600000000000000000e+01,1.000000000000000000e+01
-5.298263931274414062e+01,3.844588088989257812e+01,1.600000000000000000e+01,1.000000000000000000e+01
-3.675996398925781250e+01,5.590550613403320312e+01,1.600000000000000000e+01,1.000000000000000000e+01
-4.411434555053710938e+01,4.598580551147460938e+01,1.600000000000000000e+01,1.000000000000000000e+01
-3.657571029663085938e+01,5.617895126342773438e+01,1.600000000000000000e+01,1.000000000000000000e+01
-3.814952087402343750e+01,5.390698242187500000e+01,1.600000000000000000e+01,1.000000000000000000e+01
-5.464286041259765625e+01,3.811189651489257812e+01,1.600000000000000000e+01,1.000000000000000000e+01
-4.762850189208984375e+01,4.228786087036132812e+01,1.600000000000000000e+01,1.000000000000000000e+01
-4.060946273803710938e+01,5.053823471069335938e+01,1.600000000000000000e+01,1.000000000000000000e+01
-5.181464767456054688e+01,3.872287750244140625e+01,1.600000000000000000e+01,1.000000000000000000e+01
-5.393901443481445312e+01,3.817016983032226562e+01,1.600000000000000000e+01,1.000000000000000000e+01
-4.434554672241210938e+01,4.572236633300781250e+01,1.600000000000000000e+01,1.000000000000000000e+01
-3.405558776855468750e+01,6.010492324829101562e+01,1.600000000000000000e+01,1.000000000000000000e+01
-3.396555328369140625e+01,5.992008209228515625e+01,1.600000000000000000e+01,1.000000000000000000e+01
-3.407717132568359375e+01,6.013299179077148438e+01,1.600000000000000000e+01,1.000000000000000000e+01
-5.245023727416992188e+01,3.928365325927734375e+01,1.600000000000000000e+01,1.000000000000000000e+01
-3.449613571166992188e+01,5.934354782104492188e+01,1.600000000000000000e+01,1.000000000000000000e+01
-3.542063140869140625e+01,5.791109466552734375e+01,1.600000000000000000e+01,1.000000000000000000e+01
-4.404650878906250000e+01,4.606963729858398438e+01,1.600000000000000000e+01,1.000000000000000000e+01
-3.769323348999023438e+01,5.455276107788085938e+01,1.600000000000000000e+01,1.000000000000000000e+01
-3.687374496459960938e+01,5.573347091674804688e+01,1.600000000000000000e+01,1.000000000000000000e+01
-3.606798553466796875e+01,5.693510055541992188e+01,1.600000000000000000e+01,1.000000000000000000e+01
-5.289832687377929688e+01,3.882934951782226562e+01,1.600000000000000000e+01,1.000000000000000000e+01
-3.660934829711914062e+01,5.612432479858398438e+01,1.600000000000000000e+01,1.000000000000000000e+01
-3.992874526977539062e+01,5.144784164428710938e+01,1.600000000000000000e+01,1.000000000000000000e+01
-3.961502838134765625e+01,5.187377166748046875e+01,1.600000000000000000e+01,1.000000000000000000e+01
-4.620716857910156250e+01,4.363817596435546875e+01,1.600000000000000000e+01,1.000000000000000000e+01
-5.117080307006835938e+01,3.945227050781250000e+01,1.600000000000000000e+01,1.000000000000000000e+01
-5.173350906372070312e+01,3.878440856933593750e+01,1.600000000000000000e+01,1.000000000000000000e+01
-4.666811752319335938e+01,4.318466949462890625e+01,1.600000000000000000e+01,1.000000000000000000e+01
-4.588313674926757812e+01,4.398458099365234375e+01,1.600000000000000000e+01,1.000000000000000000e+01
-4.011823654174804688e+01,5.119357299804687500e+01,1.600000000000000000e+01,1.000000000000000000e+01
1.803363800048828125e+01,-8.153697967529296875e+00,1.700000000000000000e+01,1.300000000000000000e+01
2.644886589050292969e+01,-2.383278608322143555e+00,1.700000000000000000e+01,1.300000000000000000e+01
1.319954204559326172e+01,-1.252558422088623047e+01,1.700000000000000000e+01,1.300000000000000000e+01
1.144883537292480469e+01,-1.256114292144775391e+01,1.700000000000000000e+01,1.300000000000000000e+01
1.886875724792480469e+01,-7.385230541229248047e+00,1.700000000000000000e+01,1.300000000000000000e+01
1.089229488372802734e+01,-1.272918510437011719e+01,1.700000000000000000e+01,1.300000000000000000e+01
1.158393955230712891e+01,-1.395854854583740234e+01,1.700000000000000000e+01,1.300000000000000000e+01
1.070216464996337891e+01,-1.367976379394531250e+01,1.700000000000000000e+01,1.300000000000000000e+01
3.001730155944824219e+01,-7.134349346160888672e-01,1.700000000000000000e+01,1.300000000000000000e+01
1.769921302795410156e+01,-8.530768394470214844e+00,1.700000000000000000e+01,1.300000000000000000e+01
1.459266471862792969e+01,-1.594441032409667969e+01,1.700000000000000000e+01,1.300000000000000000e+01
1.571063423156738281e+01,-1.050028896331787109e+01,1.700000000000000000e+01,1.300000000000000000e+01
1.641136932373046875e+01,-1.070660972595214844e+01,1.700000000000000000e+01,1.300000000000000000e+01
2.986684608459472656e+01,1.552503407001495361e-01,1.700000000000000000e+01,1.300000000000000000e+01
2.049186134338378906e+01,-5.748609066009521484e+00,1.700000000000000000e+01,1.300000000000000000e+01
3.032109260559082031e+01,7.267706990242004395e-01,1.700000000000000000e+01,1.300000000000000000e+01
1.678255462646484375e+01,-9.573079109191894531e+00,1.700000000000000000e+01,1.300000000000000000e+01
2.724108505249023438e+01,1.261481344699859619e-01,1.700000000000000000e+01,1.300000000000000000e+01
2.398177719116210938e+01,-3.502514839172363281e+00,1.700000000000000000e+01,1.300000000000000000e+01
1.766173362731933594e+01,-8.555077552795410156e+00,1.700000000000000000e+01,1.300000000000000000e+01
2.779651260375976562e+01,-1.206622004508972168e+00,1.700000000000000000e+01,1.300000000000000000e+01
2.335979080200195312e+01,-3.385526418685913086e+00,1.700000000000000000e+01,1.300000000000000000e+01
2.487524795532226562e+01,-1.525061964988708496e+00,1.700000000000000000e+01,1.300000000000000000e+01
3.065289497375488281e+01,2.184126991778612137e-03,1.700000000000000000e+01,1.300000000000000000e+01
1.120222377777099609e+01,-1.243462753295898438e+01,1.700000000000000000e+01,1.300000000000000000e+01
1.808991241455078125e+01,-8.156263351440429688e+00,1.700000000000000000e+01,1.300000000000000000e+01
2.147531318664550781e+01,-4.965158462524414062e+00,1.700000000000000000e+01,1.300000000000000000e+01
1.980728721618652344e+01,-6.331029415130615234e+00,1.700000000000000000e+01,1.300000000000000000e+01
1.114875698089599609e+01,-1.410266017913818359e+01,1.700000000000000000e+01,1.300000000000000000e+01
1.659490585327148438e+01,-1.078272056579589844e+01,1.700000000000000000e+01,1.300000000000000000e+01
2.214959526062011719e+01,-4.491024971008300781e+00,1.700000000000000000e+01,1.300000000000000000e+01
2.744751930236816406e+01,7.188130915164947510e-02,1.700000000000000000e+01,1.300000000000000000e+01
1.410193920135498047e+01,-1.571262836456298828e+01,1.700000000000000000e+01,1.300000000000000000e+01
2.821627235412597656e+01,-2.221989259123802185e-02,1.700000000000000000e+01,1.300000000000000000e+01
1.873682403564453125e+01,-7.287131309509277344e+00,1.700000000000000000e+01,1.300000000000000000e+01
1.644100570678710938e+01,-9.956329345703125000e+00,1.700000000000000000e+01,1.300000000000000000e+01
2.373775482177734375e+01,-2.843331813812255859e+00,1.700000000000000000e+01,1.300000000000000000e+01
1.940801429748535156e+01,-6.683875560760498047e+00,1.700000000000000000e+01,1.300000000000000000e+01
2.293234634399414062e+01,-3.828303813934326172e+00,1.700000000000000000e+01,1.300000000000000000e+01
1.971204757690429688e+01,-7.010184764862060547e+00,1.700000000000000000e+01,1.300000000000000000e+01
1.166420650482177734e+01,-1.291926097869873047e+01,1.700000000000000000e+01,1.300000000000000000e+01
3.076407814025878906e+01,1.476471573114395142e-01,1.700000000000000000e+01,1.300000000000000000e+01
2.620132064819335938e+01,-1.305838584899902344e+00,1.700000000000000000e+01,1.300000000000000000e+01
1.120743942260742188e+01,-1.272685718536376953e+01,1.700000000000000000e+01,1.300000000000000000e+01
2.296287727355957031e+01,-3.959443092346191406e+00,1.700000000000000000e+01,1.300000000000000000e+01
1.267991542816162109e+01,-1.235230731964111328e+01,1.700000000000000000e+01,1.300000000000000000e+01
2.685825538635253906e+01,-1.100248336791992188e+00,1.700000000000000000e+01,1.300000000000000000e+01
1.882692337036132812e+01,-7.246421813964843750e+00,1.700000000000000000e+01,1.300000000000000000e+01
1.049820709228515625e+01,-1.345456886291503906e+01,1.700000000000000000e+01,1.300000000000000000e+01
1.566666221618652344e+01,-1.363209819793701172e+01,1.700000000000000000e+01,1.300000000000000000e+01
2.937651252746582031e+01,-8.838240504264831543e-01,1.700000000000000000e+01,1.300000000000000000e+01
1.969088172912597656e+01,-6.416688919067382812e+00,1.700000000000000000e+01,1.300000000000000000e+01
1.095882034301757812e+01,-1.289408397674560547e+01,1.700000000000000000e+01,1.300000000000000000e+01
3.017030334472656250e+01,-6.074758768081665039e-01,1.700000000000000000e+01,1.300000000000000000e+01
1.498860740661621094e+01,-1.633722686767578125e+01,1.700000000000000000e+01,1.300000000000000000e+01
2.961700820922851562e+01,7.648023962974548340e-01,1.700000000000000000e+01,1.300000000000000000e+01
1.146888923645019531e+01,-1.268379974365234375e+01,1.700000000000000000e+01,1.300000000000000000e+01
1.876291465759277344e+01,-7.353693962097167969e+00,1.700000000000000000e+01,1.300000000000000000e+01
2.850945663452148438e+01,-5.936093926429748535e-01,1.700000000000000000e+01,1.300000000000000000e+01
3.009190368652343750e+01,-6.096952557563781738e-01,1.700000000000000000e+01,1.300000000000000000e+01
1.241232585906982422e+01,-1.505163764953613281e+01,1.700000000000000000e+01,1.300000000000000000e+01
1.338838005065917969e+01,-1.558005619049072266e+01,1.700000000000000000e+01,1.300000000000000000e+01
2.987951469421386719e+01,2.238090038299560547e-01,1.700000000000000000e+01,1.300000000000000000e+01
2.381665229797363281e+01,-3.550068140029907227e+00,1.700000000000000000e+01,1.300000000000000000e+01
1.909223556518554688e+01,-7.123238563537597656e+00,1.700000000000000000e+01,1.300000000000000000e+01
1.115048503875732422e+01,-1.277767753601074219e+01,1.700000000000000000e+01,1.300000000000000000e+01
3.099547004699707031e+01,3.872496783733367920e-01,1.700000000000000000e+01,1.300000000000000000e+01
1.850786399841308594e+01,-7.587134361267089844e+00,1.700000000000000000e+01,1.300000000000000000e+01
1.459371089935302734e+01,-1.608710670471191406e+01,1.700000000000000000e+01,1.300000000000000000e+01
2.642641258239746094e+01,-9.862540364265441895e-01,1.700000000000000000e+01,1.300000000000000000e+01
2.507360076904296875e+01,-1.337484836578369141e+00,1.700000000000000000e+01,1.300000000000000000e+01
2.378651809692382812e+01,-3.558688163757324219e+00,1.700000000000000000e+01,1.300000000000000000e+01
1.146135234832763672e+01,-1.230854225158691406e+01,1.700000000000000000e+01,1.300000000000000000e+01
2.769507026672363281e+01,-1.432710409164428711e+00,1.700000000000000000e+01,1.300000000000000000e+01
2.305345153808593750e+01,-3.966022968292236328e+00,1.700000000000000000e+01,1.300000000000000000e+01
2.671151733398437500e+01,-1.888359546661376953e+00,1.700000000000000000e+01,1.300000000000000000e+01
1.105994033813476562e+01,-1.379165172576904297e+01,1.700000000000000000e+01,1.300000000000000000e+01
1.243899822235107422e+01,-1.206089115142822266e+01,1.700000000000000000e+01,1.300000000000000000e+01
1.487097167968750000e+01,-1.110467720031738281e+01,1.700000000000000000e+01,1.300000000000000000e+01
2.541089820861816406e+01,-2.937789201736450195e+00,1.700000000000000000e+01,1.300000000000000000e+01
1.502747344970703125e+01,-1.593369007110595703e+01,1.700000000000000000e+01,1.300000000000000000e+01
1.178727531433105469e+01,-1.257320022583007812e+01,1.700000000000000000e+01,1.300000000000000000e+01
2.659943389892578125e+01,-1.268965721130371094e+00,1.700000000000000000e+01,1.300000000000000000e+01
2.952401161193847656e+01,-9.826450347900390625e-01,1.700000000000000000e+01,1.300000000000000000e+01
2.309382820129394531e+01,-3.817295312881469727e+00,1.700000000000000000e+01,1.300000000000000000e+01
3.006134986877441406e+01,5.569981932640075684e-01,1.700000000000000000e+01,1.300000000000000000e+01
2.396537017822265625e+01,-3.534842252731323242e+00,1.700000000000000000e+01,1.300000000000000000e+01
3.056742286682128906e+01,2.499224990606307983e-01,1.700000000000000000e+01,1.300000000000000000e+01
1.993134498596191406e+01,-6.237765312194824219e+00,1.700000000000000000e+01,1.300000000000000000e+01
3.053689384460449219e+01,3.983212709426879883e-01,1.700000000000000000e+01,1.300000000000000000e+01
2.393960762023925781e+01,-2.741055488586425781e+00,1.700000000000000000e+01,1.300000000000000000e+01
1.545932006835937500e+01,-1.452974033355712891e+01,1.700000000000000000e+01,1.300000000000000000e+01
1.484828472137451172e+01,-1.670320510864257812e+01,1.700000000000000000e+01,1.300000000000000000e+01
1.373388957977294922e+01,-1.577581214904785156e+01,1.700000000000000000e+01,1.300000000000000000e+01
1.474538421630859375e+01,-1.591383457183837891e+01,1.700000000000000000e+01,1.300000000000000000e+01
2.672724151611328125e+01,-2.171180963516235352e+00,1.700000000000000000e+01,1.300000000000000000e+01
2.955926132202148438e+01,-8.448609113693237305e-01,1.700000000000000000e+01,1.300000000000000000e+01
1.421643447875976562e+01,-1.572587299346923828e+01,1.700000000000000000e+01,1.300000000000000000e+01
1.556108856201171875e+01,-1.054927062988281250e+01,1.700000000000000000e+01,1.300000000000000000e+01
1.543456459045410156e+01,-1.062222766876220703e+01,1.700000000000000000e+01,1.300000000000000000e+01
1.083086013793945312e+01,-1.280792999267578125e+01,1.700000000000000000e+01,1.300000000000000000e+01
1.960377502441406250e+01,-6.460603237152099609e+00,1.700000000000000000e+01,1.300000000000000000e+01
2.191860008239746094e+01,-4.629007816314697266e+00,1.700000000000000000e+01,1.300000000000000000e+01
3.025230407714843750e+01,-4.140343964099884033e-01,1.700000000000000000e+01,1.300000000000000000e+01
2.240505027770996094e+01,-4.314774990081787109e+00,1.700000000000000000e+01,1.300000000000000000e+01
1.856630897521972656e+01,-7.508680820465087891e+00,1.700000000000000000e+01,1.300000000000000000e+01
1.639974021911621094e+01,-9.970564842224121094e+00,1.700000000000000000e+01,1.300000000000000000e+01
1.486213016510009766e+01,-1.385768508911132812e+01,1.700000000000000000e+01,1.300000000000000000e+01
1.818915176391601562e+01,-7.970790386199951172e+00,1.700000000000000000e+01,1.300000000000000000e+01
2.346193313598632812e+01,-2.567364931106567383e+00,1.700000000000000000e+01,1.300000000000000000e+01
1.074883079528808594e+01,-1.287154579162597656e+01,1.700000000000000000e+01,1.300000000000000000e+01
2.762379074096679688e+01,1.008657831698656082e-02,1.700000000000000000e+01,1.300000000000000000e+01
2.134845733642578125e+01,-5.023074626922607422e+00,1.700000000000000000e+01,1.300000000000000000e+01
2.773790740966796875e+01,-5.091575384140014648e-01,1.700000000000000000e+01,1.300000000000000000e+01
1.154328250885009766e+01,-1.233083057403564453e+01,1.700000000000000000e+01,1.300000000000000000e+01
1.521343898773193359e+01,-1.454567909240722656e+01,1.700000000000000000e+01,1.300000000000000000e+01
1.927729034423828125e+01,-6.920216083526611328e+00,1.700000000000000000e+01,1.300000000000000000e+01
2.554731178283691406e+01,-2.838225126266479492e+00,1.700000000000000000e+01,1.300000000000000000e+01
1.820336341857910156e+01,-7.938698291778564453e+00,1.700000000000000000e+01,1.300000000000000000e+01
2.397638320922851562e+01,-2.930071353912353516e+00,1.700000000000000000e+01,1.300000000000000000e+01
1.457808208465576172e+01,-1.600370216369628906e+01,1.700000000000000000e+01,1.300000000000000000e+01
1.268919086456298828e+01,-1.513022994995117188e+01,1.700000000000000000e+01,1.300000000000000000e+01
1.383267498016357422e+01,-1.516937732696533203e+01,1.700000000000000000e+01,1.300000000000000000e+01
1.326148796081542969e+01,-1.296848201751708984e+01,1.700000000000000000e+01,1.300000000000000000e+01
3.068354034423828125e+01,3.583688139915466309e-01,1.700000000000000000e+01,1.300000000000000000e+01
1.655872535705566406e+01,-9.857073783874511719e+00,1.700000000000000000e+01,1.300000000000000000e+01
2.178332901000976562e+01,-4.697843551635742188e+00,1.700000000000000000e+01,1.300000000000000000e+01
1.286874198913574219e+01,-1.210981178283691406e+01,1.700000000000000000e+01,1.300000000000000000e+01
1.265965080261230469e+01,-1.179306507110595703e+01,1.700000000000000000e+01,1.300000000000000000e+01
3.022630882263183594e+01,2.120370417833328247e-01,1.700000000000000000e+01,1.300000000000000000e+01
1.982526016235351562e+01,-6.306055545806884766e+00,1.700000000000000000e+01,1.300000000000000000e+01
3.095911407470703125e+01,4.561655223369598389e-01,1.700000000000000000e+01,1.300000000000000000e+01
1.849701309204101562e+01,-7.727066993713378906e+00,1.700000000000000000e+01,1.300000000000000000e+01
1.083907127380371094e+01,-1.392528820037841797e+01,1.700000000000000000e+01,1.300000000000000000e+01
1.080641651153564453e+01,-1.402303314208984375e+01,1.700000000000000000e+01,1.300000000000000000e+01
1.540745449066162109e+01,-1.620187568664550781e+01,1.700000000000000000e+01,1.300000000000000000e+01
1.228398609161376953e+01,-1.244127941131591797e+01,1.700000000000000000e+01,1.300000000000000000e+01
2.628587150573730469e+01,-2.520004987716674805e+00,1.700000000000000000e+01,1.300000000000000000e+01
2.330716896057128906e+01,-3.868215322494506836e+00,1.700000000000000000e+01,1.300000000000000000e+01
2.737240028381347656e+01,-1.514716029167175293e+00,1.700000000000000000e+01,1.300000000000000000e+01
1.621111869812011719e+01,-1.012620639801025391e+01,1.700000000000000000e+01,1.300000000000000000e+01
2.583280944824218750e+01,-1.623795509338378906e+00,1.700000000000000000e+01,1.300000000000000000e+01
3.080589294433593750e+01,-9.714867919683456421e-03,1.700000000000000000e+01,1.300000000000000000e+01
1.068920326232910156e+01,-1.381635379791259766e+01,1.700000000000000000e+01,1.300000000000000000e+01
1.155404186248779297e+01,-1.451767444610595703e+01,1.700000000000000000e+01,1.300000000000000000e+01
2.266249275207519531e+01,-4.061831951141357422e+00,1.700000000000000000e+01,1.300000000000000000e+01
2.995091676712036133e+00,-3.572483825683593750e+01,1.700000000000000000e+01,1.200000000000000000e+01
1.575259590148925781e+01,-1.053582477569580078e+01,1.700000000000000000e+01,1.300000000000000000e+01
1.538993835449218750e+01,-1.078442478179931641e+01,1.700000000000000000e+01,1.300000000000000000e+01
3.048513793945312500e+01,-4.447513446211814880e-02,1.700000000000000000e+01,1.300000000000000000e+01
1.971172142028808594e+01,-6.418549060821533203e+00,1.700000000000000000e+01,1.300000000000000000e+01
2.631478691101074219e+01,-1.942665815353393555e+00,1.700000000000000000e+01,1.300000000000000000e+01
1.544187259674072266e+01,-1.063117218017578125e+01,1.700000000000000000e+01,1.300000000000000000e+01
1.932222366333007812e+01,-7.581871032714843750e+00,1.700000000000000000e+01,1.300000000000000000e+01
1.240294361114501953e+01,-1.470077419281005859e+01,1.700000000000000000e+01,1.300000000000000000e+01
1.391097450256347656e+01,-1.570553207397460938e+01,1.700000000000000000e+01,1.300000000000000000e+01
2.564102172851562500e+01,-1.186482071876525879e+00,1.700000000000000000e+01,1.300000000000000000e+01
1.628627204895019531e+01,-1.116764831542968750e+01,1.700000000000000000e+01,1.300000000000000000e+01
2.586714935302734375e+01,-2.713976621627807617e+00,1.700000000000000000e+01,1.300000000000000000e+01
1.221934795379638672e+01,-1.204512023925781250e+01,1.700000000000000000e+01,1.300000000000000000e+01
1.362931442260742188e+01,-1.547426223754882812e+01,1.700000000000000000e+01,1.300000000000000000e+01
2.354801559448242188e+01,-3.658014535903930664e+00,1.700000000000000000e+01,1.300000000000000000e+01
2.708035659790039062e+01,-2.042958974838256836e+00,1.700000000000000000e+01,1.300000000000000000e+01
1.057847976684570312e+01,-1.316516208648681641e+01,1.700000000000000000e+01,1.300000000000000000e+01
1.900496864318847656e+01,-7.012290000915527344e+00,1.700000000000000000e+01,1.300000000000000000e+01
2.376249122619628906e+01,-3.659260272979736328e+00,1.700000000000000000e+01,1.300000000000000000e+01
1.502226638793945312e+01,-1.083612537384033203e+01,1.700000000000000000e+01,1.300000000000000000e+01
1.069337749481201172e+01,-1.302070045471191406e+01,1.700000000000000000e+01,1.300000000000000000e+01
1.840935516357421875e+01,-7.731901645660400391e+00,1.700000000000000000e+01,1.300000000000000000e+01
1.199764251708984375e+01,-1.201403331756591797e+01,1.700000000000000000e+01,1.300000000000000000e+01
2.856293678283691406e+01,-1.380131006240844727e+00,1.700000000000000000e+01,1.300000000000000000e+01
3.090447616577148438e+01,3.997546806931495667e-02,1.700000000000000000e+01,1.300000000000000000e+01
1.078386688232421875e+01,-1.347623634338378906e+01,1.700000000000000000e+01,1.300000000000000000e+01
2.944259834289550781e+01,2.411024570465087891e-01,1.700000000000000000e+01,1.300000000000000000e+01
2.425496292114257812e+01,-3.427955150604248047e+00,1.700000000000000000e+01,1.300000000000000000e+01
1.328417873382568359e+01,-1.166612052917480469e+01,1.700000000000000000e+01,1.300000000000000000e+01
1.060786914825439453e+01,-1.385027503967285156e+01,1.700000000000000000e+01,1.300000000000000000e+01
1.352874469757080078e+01,-1.558283424377441406e+01,1.700000000000000000e+01,1.300000000000000000e+01
2.150821113586425781e+01,-4.746870040893554688e+00,1.700000000000000000e+01,1.300000000000000000e+01
2.769153404235839844e+01,-1.324526667594909668e-01,1.700000000000000000e+01,1.300000000000000000e+01
2.107078742980957031e+01,-5.272402286529541016e+00,1.700000000000000000e+01,1.300000000000000000e+01
2.325682258605957031e+01,-3.472721815109252930e+00,1.700000000000000000e+01,1.300000000000000000e+01
1.054278373718261719e+01,-1.319889163970947266e+01,1.700000000000000000e+01,1.300000000000000000e+01
1.444335651397705078e+01,-1.596103572845458984e+01,1.700000000000000000e+01,1.300000000000000000e+01
2.735115432739257812e+01,-1.528569936752319336e+00,1.700000000000000000e+01,1.300000000000000000e+01
2.115004539489746094e+01,-5.195367336273193359e+00,1.700000000000000000e+01,1.300000000000000000e+01
1.163250064849853516e+01,-1.223378658294677734e+01,1.700000000000000000e+01,1.300000000000000000e+01
2.492046737670898438e+01,-3.124542713165283203e+00,1.700000000000000000e+01,1.300000000000000000e+01
2.189367866516113281e+01,-4.626392364501953125e+00,1.700000000000000000e+01,1.300000000000000000e+01
1.594005680084228516e+01,-1.072367477416992188e+01,1.700000000000000000e+01,1.300000000000000000e+01
2.136045837402343750e+01,-4.987794876098632812e+00,1.700000000000000000e+01,1.300000000000000000e+01
1.513950920104980469e+01,-1.565039730072021484e+01,1.700000000000000000e+01,1.300000000000000000e+01
2.627036666870117188e+01,-1.569923520088195801e+00,1.700000000000000000e+01,1.300000000000000000e+01
3.018968391418457031e+01,-2.199212610721588135e-01,1.700000000000000000e+01,1.300000000000000000e+01
2.164549255371093750e+01,-4.593300342559814453e+00,1.700000000000000000e+01,1.300000000000000000e+01
1.431568431854248047e+01,-1.585192108154296875e+01,1.700000000000000000e+01,1.300000000000000000e+01
1.857026290893554688e+01,-7.495464324951171875e+00,1.700000000000000000e+01,1.300000000000000000e+01
8.528801918029785156e+00,-2.553622436523437500e+01,1.700000000000000000e+01,1.200000000000000000e+01
3.046538925170898438e+01,6.656146049499511719e-01,1.700000000000000000e+01,1.300000000000000000e+01
2.661032295227050781e+01,-2.323343515396118164e+00,1.700000000000000000e+01,1.300000000000000000e+01
2.126372146606445312e+01,-5.142723083496093750e+00,1.700000000000000000e+01,1.300000000000000000e+01
2.986443710327148438e+01,-4.118312597274780273e-01,1.700000000000000000e+01,1.300000000000000000e+01
3.057776069641113281e+01,5.494373440742492676e-01,1.700000000000000000e+01,1.300000000000000000e+01
3.058388137817382812e+01,-2.512038350105285645e-01,1.700000000000000000e+01,1.300000000000000000e+01
1.923822212219238281e+01,-6.865087032318115234e+00,1.700000000000000000e+01,1.300000000000000000e+01
8.236685752868652344e+00,-2.615061187744140625e+01,1.700000000000000000e+01,1.200000000000000000e+01
2.431208610534667969e+01,-3.432342052459716797e+00,1.700000000000000000e+01,1.300000000000000000e+01
1.755414581298828125e+01,-8.687046051025390625e+00,1.700000000000000000e+01,1.300000000000000000e+01
2.160393333435058594e+01,-4.829839706420898438e+00,1.700000000000000000e+01,1.300000000000000000e+01
3.069990730285644531e+01,5.848254561424255371e-01,1.700000000000000000e+01,1.300000000000000000e+01
-6.033216857910156250e+01,-1.310930156707763672e+01,1.800000000000000000e+01,1.600000000000000000e+01
-5.797572326660156250e+01,-1.192602062225341797e+01,1.800000000000000000e+01,1.600000000000000000e+01
-6.735977172851562500e+01,-2.333320236206054688e+01,1.800000000000000000e+01,1.600000000000000000e+01
-6.215640258789062500e+01,-1.450084877014160156e+01,1.800000000000000000e+01,1.600000000000000000e+01
-6.883942413330078125e+01,-2.198234558105468750e+01,1.800000000000000000e+01,1.600000000000000000e+01
-6.988510894775390625e+01,-2.342321395874023438e+01,1.800000000000000000e+01,1.600000000000000000e+01
-6.959364318847656250e+01,-2.412181282043457031e+01,1.800000000000000000e+01,1.600000000000000000e+01
-6.777064514160156250e+01,-2.363322257995605469e+01,1.800000000000000000e+01,1.600000000000000000e+01
-4.825100326538085938e+01,-1.074469757080078125e+01,1.800000000000000000e+01,1.600000000000000000e+01
-6.160076141357421875e+01,-1.401238059997558594e+01,1.800000000000000000e+01,1.600000000000000000e+01
-4.852248764038085938e+01,-1.137367820739746094e+01,1.800000000000000000e+01,1.600000000000000000e+01
-4.745982360839843750e+01,-1.057184791564941406e+01,1.800000000000000000e+01,1.600000000000000000e+01
-5.033031463623046875e+01,-1.044441699981689453e+01,1.800000000000000000e+01,1.600000000000000000e+01
-6.792375183105468750e+01,-2.190366554260253906e+01,1.800000000000000000e+01,1.600000000000000000e+01
-5.271792221069335938e+01,-1.079639434814453125e+01,1.800000000000000000e+01,1.600000000000000000e+01
-5.116834259033203125e+01,-1.095693302154541016e+01,1.800000000000000000e+01,1.600000000000000000e+01
-4.731925582885742188e+01,-1.022433853149414062e+01,1.800000000000000000e+01,1.600000000000000000e+01
-4.841986465454101562e+01,-1.109298706054687500e+01,1.800000000000000000e+01,1.600000000000000000e+01
-5.453790664672851562e+01,-1.091416645050048828e+01,1.800000000000000000e+01,1.600000000000000000e+01
-6.745886230468750000e+01,-2.331051635742187500e+01,1.800000000000000000e+01,1.600000000000000000e+01
-5.307353210449218750e+01,-1.097416877746582031e+01,1.800000000000000000e+01,1.600000000000000000e+01
-5.802513504028320312e+01,-1.194825839996337891e+01,1.800000000000000000e+01,1.600000000000000000e+01
-4.915840911865234375e+01,-1.066713905334472656e+01,1.800000000000000000e+01,1.600000000000000000e+01
-6.872509765625000000e+01,-2.275580024719238281e+01,1.800000000000000000e+01,1.600000000000000000e+01
-4.760573577880859375e+01,-1.069095706939697266e+01,1.800000000000000000e+01,1.600000000000000000e+01
-6.646296691894531250e+01,-2.226469421386718750e+01,1.800000000000000000e+01,1.600000000000000000e+01
-5.408011245727539062e+01,-1.088788414001464844e+01,1.800000000000000000e+01,1.600000000000000000e+01
-6.692630767822265625e+01,-2.278033447265625000e+01,1.800000000000000000e+01,1.600000000000000000e+01
-5.653446578979492188e+01,-1.136921310424804688e+01,1.800000000000000000e+01,1.600000000000000000e+01
-6.189341735839843750e+01,-1.422362232208251953e+01,1.800000000000000000e+01,1.600000000000000000e+01
-6.912664794921875000e+01,-2.338849258422851562e+01,1.800000000000000000e+01,1.600000000000000000e+01
-4.634957504272460938e+01,-9.992247581481933594e+00,1.800000000000000000e+01,1.600000000000000000e+01
-5.256910324096679688e+01,-1.075588989257812500e+01,1.800000000000000000e+01,1.600000000000000000e+01
-5.747871398925781250e+01,-1.171177959442138672e+01,1.800000000000000000e+01,1.600000000000000000e+01
-6.676657867431640625e+01,-2.250865173339843750e+01,1.800000000000000000e+01,1.600000000000000000e+01
-5.428328704833984375e+01,-1.088602733612060547e+01,1.800000000000000000e+01,1.600000000000000000e+01
-6.218801116943359375e+01,-1.452854347229003906e+01,1.800000000000000000e+01,1.600000000000000000e+01
-6.011106872558593750e+01,-1.296941852569580078e+01,1.800000000000000000e+01,1.600000000000000000e+01
-6.570892333984375000e+01,-2.043487358093261719e+01,1.800000000000000000e+01,1.600000000000000000e+01
-4.788288116455078125e+01,-1.077521324157714844e+01,1.800000000000000000e+01,1.600000000000000000e+01
-4.927364730834960938e+01,-1.071804809570312500e+01,1.800000000000000000e+01,1.600000000000000000e+01
-5.419435501098632812e+01,-1.084200954437255859e+01,1.800000000000000000e+01,1.600000000000000000e+01
-4.838437652587890625e+01,-1.044334220886230469e+01,1.800000000000000000e+01,1.600000000000000000e+01
-6.066884994506835938e+01,-1.332668018341064453e+01,1.800000000000000000e+01,1.600000000000000000e+01
-4.846341323852539062e+01,-1.055575180053710938e+01,1.800000000000000000e+01,1.600000000000000000e+01
-7.007057952880859375e+01,-2.375541687011718750e+01,1.800000000000000000e+01,1.600000000000000000e+01
-6.272691726684570312e+01,-1.507650375366210938e+01,1.800000000000000000e+01,1.600000000000000000e+01
-5.823188781738281250e+01,-1.204164791107177734e+01,1.800000000000000000e+01,1.600000000000000000e+01
-6.974550628662109375e+01,-2.379040527343750000e+01,1.800000000000000000e+01,1.600000000000000000e+01
-5.706711959838867188e+01,-1.155380439758300781e+01,1.800000000000000000e+01,1.600000000000000000e+01
-6.750422668457031250e+01,-2.321851921081542969e+01,1.800000000000000000e+01,1.600000000000000000e+01
-6.600128173828125000e+01,-1.927922058105468750e+01,1.800000000000000000e+01,1.600000000000000000e+01
-5.341651153564453125e+01,-1.097302627563476562e+01,1.800000000000000000e+01,1.600000000000000000e+01
-6.886653900146484375e+01,-2.403377151489257812e+01,1.800000000000000000e+01,1.600000000000000000e+01
-6.837380218505859375e+01,-2.209043121337890625e+01,1.800000000000000000e+01,1.600000000000000000e+01
-5.227012634277343750e+01,-1.064303970336914062e+01,1.800000000000000000e+01,1.600000000000000000e+01
-4.543604660034179688e+01,-9.699614524841308594e+00,1.800000000000000000e+01,1.600000000000000000e+01
-6.693621826171875000e+01,-2.059499359130859375e+01,1.800000000000000000e+01,1.600000000000000000e+01
-6.989350128173828125e+01,-2.316159820556640625e+01,1.800000000000000000e+01,1.600000000000000000e+01
-5.040462875366210938e+01,-1.043957424163818359e+01,1.800000000000000000e+01,1.600000000000000000e+01
-6.213733291625976562e+01,-1.446488285064697266e+01,1.800000000000000000e+01,1.600000000000000000e+01
-5.213417816162109375e+01,-1.072546386718750000e+01,1.800000000000000000e+01,1.600000000000000000e+01
-6.092336654663085938e+01,-1.350341129302978516e+01,1.800000000000000000e+01,1.600000000000000000e+01
-6.983171081542968750e+01,-2.374399757385253906e+01,1.800000000000000000e+01,1.600000000000000000e+01
-6.708674621582031250e+01,-2.304731750488281250e+01,1.800000000000000000e+01,1.600000000000000000e+01
-4.797415542602539062e+01,-1.083437728881835938e+01,1.800000000000000000e+01,1.600000000000000000e+01
-6.807958221435546875e+01,-2.158673858642578125e+01,1.800000000000000000e+01,1.600000000000000000e+01
-4.529927825927734375e+01,-9.655282974243164062e+00,1.800000000000000000e+01,1.600000000000000000e+01
-5.283872604370117188e+01,-1.048602104187011719e+01,1.800000000000000000e+01,1.600000000000000000e+01
-5.005208206176757812e+01,-1.110641860961914062e+01,1.800000000000000000e+01,1.600000000000000000e+01
-6.873979949951171875e+01,-2.398716163635253906e+01,1.800000000000000000e+01,1.600000000000000000e+01
-5.796615982055664062e+01,-1.192030143737792969e+01,1.800000000000000000e+01,1.600000000000000000e+01
-6.936498260498046875e+01,-2.402883911132812500e+01,1.800000000000000000e+01,1.600000000000000000e+01
-6.719103240966796875e+01,-2.286494064331054688e+01,1.800000000000000000e+01,1.600000000000000000e+01
-7.023320007324218750e+01,-2.288483428955078125e+01,1.800000000000000000e+01,1.600000000000000000e+01
-6.658775329589843750e+01,-2.238106727600097656e+01,1.800000000000000000e+01,1.600000000000000000e+01
-6.935258483886718750e+01,-2.321289253234863281e+01,1.800000000000000000e+01,1.600000000000000000e+01
1.633218002319335938e+01,2.530383491516113281e+01,1.800000000000000000e+01,1.800000000000000000e+01
-5.541194915771484375e+01,-1.103857994079589844e+01,1.800000000000000000e+01,1.600000000000000000e+01
-5.998033523559570312e+01,-1.290189075469970703e+01,1.800000000000000000e+01,1.600000000000000000e+01
-5.671140670776367188e+01,-1.142846488952636719e+01,1.800000000000000000e+01,1.600000000000000000e+01
-6.424816894531250000e+01,-1.692990303039550781e+01,1.800000000000000000e+01,1.600000000000000000e+01
-6.877093505859375000e+01,-2.372854614257812500e+01,1.800000000000000000e+01,1.600000000000000000e+01
-4.605406951904296875e+01,-9.911710739135742188e+00,1.800000000000000000e+01,1.600000000000000000e+01
-5.308306884765625000e+01,-1.061105728149414062e+01,1.800000000000000000e+01,1.600000000000000000e+01
-6.747640228271484375e+01,-2.124367713928222656e+01,1.800000000000000000e+01,1.600000000000000000e+01
-5.563088607788085938e+01,-1.109795093536376953e+01,1.800000000000000000e+01,1.600000000000000000e+01
-5.345268249511718750e+01,-1.058661556243896484e+01,1.800000000000000000e+01,1.600000000000000000e+01
-6.841088867187500000e+01,-2.328289794921875000e+01,1.800000000000000000e+01,1.600000000000000000e+01
-6.194139862060546875e+01,-1.428031158447265625e+01,1.800000000000000000e+01,1.600000000000000000e+01
-4.831244277954101562e+01,-1.101224994659423828e+01,1.800000000000000000e+01,1.600000000000000000e+01
-4.773727035522460938e+01,-1.068230342864990234e+01,1.800000000000000000e+01,1.600000000000000000e+01
-6.384009170532226562e+01,-1.635961151123046875e+01,1.800000000000000000e+01,1.600000000000000000e+01
-4.583423995971679688e+01,-9.832537651062011719e+00,1.800000000000000000e+01,1.600000000000000000e+01
-4.868790435791015625e+01,-1.139602470397949219e+01,1.800000000000000000e+01,1.600000000000000000e+01
-6.185843276977539062e+01,-1.421321487426757812e+01,1.800000000000000000e+01,1.600000000000000000e+01
-6.965863037109375000e+01,-2.121521949768066406e+01,1.800000000000000000e+01,1.600000000000000000e+01
-7.010483551025390625e+01,-2.383277320861816406e+01,1.800000000000000000e+01,1.600000000000000000e+01
-5.435921478271484375e+01,-1.088522243499755859e+01,1.800000000000000000e+01,1.600000000000000000e+01
-5.543302917480468750e+01,-1.104572296142578125e+01,1.800000000000000000e+01,1.600000000000000000e+01
-6.953684997558593750e+01,-2.399489784240722656e+01,1.800000000000000000e+01,1.600000000000000000e+01
-6.707176971435546875e+01,-2.045856857299804688e+01,1.800000000000000000e+01,1.600000000000000000e+01
-6.943045806884765625e+01,-2.415761375427246094e+01,1.800000000000000000e+01,1.600000000000000000e+01
-6.682405853271484375e+01,-2.039329147338867188e+01,1.800000000000000000e+01,1.600000000000000000e+01
-6.976936340332031250e+01,-2.332028961181640625e+01,1.800000000000000000e+01,1.600000000000000000e+01
-6.827439117431640625e+01,-2.367368698120117188e+01,1.800000000000000000e+01,1.600000000000000000e+01
-6.790687561035156250e+01,-2.380153274536132812e+01,1.800000000000000000e+01,1.600000000000000000e+01
-5.155440139770507812e+01,-1.092525577545166016e+01,1.800000000000000000e+01,1.600000000000000000e+01
-6.120151901245117188e+01,-1.331322479248046875e+01,1.800000000000000000e+01,1.600000000000000000e+01
-6.377400588989257812e+01,-1.659230041503906250e+01,1.800000000000000000e+01,1.600000000000000000e+01
-5.532693862915039062e+01,-1.102919769287109375e+01,1.800000000000000000e+01,1.600000000000000000e+01
-5.348168563842773438e+01,-1.064402294158935547e+01,1.800000000000000000e+01,1.600000000000000000e+01
-6.355946350097656250e+01,-1.609055519104003906e+01,1.800000000000000000e+01,1.600000000000000000e+01
-6.605872344970703125e+01,-2.170852088928222656e+01,1.800000000000000000e+01,1.600000000000000000e+01
-6.445558166503906250e+01,-1.720095062255859375e+01,1.800000000000000000e+01,1.600000000000000000e+01
-6.276992797851562500e+01,-1.512550830841064453e+01,1.800000000000000000e+01,1.600000000000000000e+01
-5.742987442016601562e+01,-1.169237041473388672e+01,1.800000000000000000e+01,1.600000000000000000e+01
-4.616108703613281250e+01,-9.903121948242187500e+00,1.800000000000000000e+01,1.600000000000000000e+01
1.632343292236328125e+01,2.538922500610351562e+01,1.800000000000000000e+01,1.800000000000000000e+01
-7.008992004394531250e+01,-2.354398918151855469e+01,1.800000000000000000e+01,1.600000000000000000e+01
-6.232061767578125000e+01,-1.466301155090332031e+01,1.800000000000000000e+01,1.600000000000000000e+01
-6.605410766601562500e+01,-2.165659332275390625e+01,1.800000000000000000e+01,1.600000000000000000e+01
-6.957798767089843750e+01,-2.132700538635253906e+01,1.800000000000000000e+01,1.600000000000000000e+01
-5.015023422241210938e+01,-1.111162281036376953e+01,1.800000000000000000e+01,1.600000000000000000e+01
-4.885934066772460938e+01,-1.076897335052490234e+01,1.800000000000000000e+01,1.600000000000000000e+01
-6.646019744873046875e+01,-1.973906517028808594e+01,1.800000000000000000e+01,1.600000000000000000e+01
-6.271794128417968750e+01,-1.506673622131347656e+01,1.800000000000000000e+01,1.600000000000000000e+01
-6.032341766357421875e+01,-1.310516071319580078e+01,1.800000000000000000e+01,1.600000000000000000e+01
-4.993568420410156250e+01,-1.077517795562744141e+01,1.800000000000000000e+01,1.600000000000000000e+01
-5.248945236206054688e+01,-1.100311088562011719e+01,1.800000000000000000e+01,1.600000000000000000e+01
-6.884439086914062500e+01,-2.185601997375488281e+01,1.800000000000000000e+01,1.600000000000000000e+01
-6.935666656494140625e+01,-2.080372428894042969e+01,1.800000000000000000e+01,1.600000000000000000e+01
-6.270359802246093750e+01,-1.504710483551025391e+01,1.800000000000000000e+01,1.600000000000000000e+01
-6.343476104736328125e+01,-1.586556339263916016e+01,1.800000000000000000e+01,1.600000000000000000e+01
-4.985962295532226562e+01,-1.097489070892333984e+01,1.800000000000000000e+01,1.600000000000000000e+01
-6.205408477783203125e+01,-1.439257049560546875e+01,1.800000000000000000e+01,1.600000000000000000e+01
-6.432402038574218750e+01,-1.701726341247558594e+01,1.800000000000000000e+01,1.600000000000000000e+01
-6.944795989990234375e+01,-2.079343223571777344e+01,1.800000000000000000e+01,1.600000000000000000e+01
-6.271302032470703125e+01,-1.505741691589355469e+01,1.800000000000000000e+01,1.600000000000000000e+01
-6.230638885498046875e+01,-1.463880062103271484e+01,1.800000000000000000e+01,1.600000000000000000e+01
-4.795963668823242188e+01,-1.054833221435546875e+01,1.800000000000000000e+01,1.600000000000000000e+01
-4.979284667968750000e+01,-1.134173202514648438e+01,1.800000000000000000e+01,1.600000000000000000e+01
-6.622451782226562500e+01,-2.203717613220214844e+01,1.800000000000000000e+01,1.600000000000000000e+01
-6.408746337890625000e+01,-1.670089149475097656e+01,1.800000000000000000e+01,1.600000000000000000e+01
-6.893148803710937500e+01,-2.368384361267089844e+01,1.800000000000000000e+01,1.600000000000000000e+01
-6.144897460937500000e+01,-1.386910247802734375e+01,1.800000000000000000e+01,1.600000000000000000e+01
-6.226838684082031250e+01,-1.459178829193115234e+01,1.800000000000000000e+01,1.600000000000000000e+01
-6.649176025390625000e+01,-1.975316238403320312e+01,1.800000000000000000e+01,1.600000000000000000e+01
-6.130603027343750000e+01,-1.378062438964843750e+01,1.800000000000000000e+01,1.600000000000000000e+01
-6.738814544677734375e+01,-2.313052940368652344e+01,1.800000000000000000e+01,1.600000000000000000e+01
-5.982938385009765625e+01,-1.282237529754638672e+01,1.800000000000000000e+01,1.600000000000000000e+01
-5.158361434936523438e+01,-1.093408203125000000e+01,1.800000000000000000e+01,1.600000000000000000e+01
-4.948542404174804688e+01,-1.051668453216552734e+01,1.800000000000000000e+01,1.600000000000000000e+01
-4.533148956298828125e+01,-9.665017127990722656e+00,1.800000000000000000e+01,1.600000000000000000e+01
-6.907264709472656250e+01,-2.224160575866699219e+01,1.800000000000000000e+01,1.600000000000000000e+01
-5.671425247192382812e+01,-1.142907142639160156e+01,1.800000000000000000e+01,1.600000000000000000e+01
-6.807465362548828125e+01,-2.384526062011718750e+01,1.800000000000000000e+01,1.600000000000000000e+01
-5.554258728027343750e+01,-1.107695579528808594e+01,1.800000000000000000e+01,1.600000000000000000e+01
-4.957369995117187500e+01,-1.098524379730224609e+01,1.800000000000000000e+01,1.600000000000000000e+01
-5.194478225708007812e+01,-1.094258213043212891e+01,1.800000000000000000e+01,1.600000000000000000e+01
-5.543551254272460938e+01,-1.105168914794921875e+01,1.800000000000000000e+01,1.600000000000000000e+01
-6.442268371582031250e+01,-1.715571403503417969e+01,1.800000000000000000e+01,1.600000000000000000e+01
-6.205867385864257812e+01,-1.439323711395263672e+01,1.800000000000000000e+01,1.600000000000000000e+01
-5.978118133544921875e+01,-1.280682849884033203e+01,1.800000000000000000e+01,1.600000000000000000e+01
-6.886991882324218750e+01,-2.428031921386718750e+01,1.800000000000000000e+01,1.600000000000000000e+01
-6.073337936401367188e+01,-1.337830924987792969e+01,1.800000000000000000e+01,1.600000000000000000e+01
-6.661852264404296875e+01,-1.998505210876464844e+01,1.800000000000000000e+01,1.600000000000000000e+01
-4.805157470703125000e+01,-1.062028503417968750e+01,1.800000000000000000e+01,1.600000000000000000e+01
-6.297433090209960938e+01,-1.534196853637695312e+01,1.800000000000000000e+01,1.600000000000000000e+01
-6.140541839599609375e+01,-1.385898208618164062e+01,1.800000000000000000e+01,1.600000000000000000e+01
-6.136195373535156250e+01,-1.382356739044189453e+01,1.800000000000000000e+01,1.600000000000000000e+01
-6.645644378662109375e+01,-1.975054740905761719e+01,1.800000000000000000e+01,1.600000000000000000e+01
-5.286095046997070312e+01,-1.098725128173828125e+01,1.800000000000000000e+01,1.600000000000000000e+01
-5.216486740112304688e+01,-1.073921394348144531e+01,1.800000000000000000e+01,1.600000000000000000e+01
-5.752256393432617188e+01,-1.173083877563476562e+01,1.800000000000000000e+01,1.600000000000000000e+01
-6.426464080810546875e+01,-1.694692230224609375e+01,1.800000000000000000e+01,1.600000000000000000e+01
-6.693309020996093750e+01,-2.035853767395019531e+01,1.800000000000000000e+01,1.600000000000000000e+01
-5.508624267578125000e+01,-1.098257637023925781e+01,1.800000000000000000e+01,1.600000000000000000e+01
-4.873223114013671875e+01,-1.114128303527832031e+01,1.800000000000000000e+01,1.600000000000000000e+01
-6.009366607666015625e+01,-1.296292781829833984e+01,1.800000000000000000e+01,1.600000000000000000e+01
-6.433554840087890625e+01,-1.707287979125976562e+01,1.800000000000000000e+01,1.600000000000000000e+01
-6.774771881103515625e+01,-2.113666534423828125e+01,1.800000000000000000e+01,1.600000000000000000e+01
-5.061876678466796875e+01,-1.091366863250732422e+01,1.800000000000000000e+01,1.600000000000000000e+01
-6.960742187500000000e+01,-2.150185966491699219e+01,1.800000000000000000e+01,1.600000000000000000e+01
-6.958469390869140625e+01,-2.414557266235351562e+01,1.800000000000000000e+01,1.600000000000000000e+01
-6.770085906982421875e+01,-2.351649475097656250e+01,1.800000000000000000e+01,1.600000000000000000e+01
-6.205102920532226562e+01,-1.438889312744140625e+01,1.800000000000000000e+01,1.600000000000000000e+01
-4.565571212768554688e+01,-9.770134925842285156e+00,1.800000000000000000e+01,1.600000000000000000e+01
-5.536198043823242188e+01,-1.103550434112548828e+01,1.800000000000000000e+01,1.600000000000000000e+01
-6.443850708007812500e+01,-1.718227958679199219e+01,1.800000000000000000e+01,1.600000000000000000e+01
-6.959661865234375000e+01,-2.225912284851074219e+01,1.800000000000000000e+01,1.600000000000000000e+01
-6.607563781738281250e+01,-2.182327461242675781e+01,1.800000000000000000e+01,1.600000000000000000e+01
-5.638016510009765625e+01,-1.131820201873779297e+01,1.800000000000000000e+01,1.600000000000000000e+01
-5.227416229248046875e+01,-1.095252037048339844e+01,1.800000000000000000e+01,1.600000000000000000e+01
-5.258134841918945312e+01,-1.096140289306640625e+01,1.800000000000000000e+01,1.600000000000000000e+01
-4.815097427368164062e+01,-1.060250759124755859e+01,1.800000000000000000e+01,1.600000000000000000e+01
-4.787504577636718750e+01,-1.085258102416992188e+01,1.800000000000000000e+01,1.600000000000000000e+01
-4.983661270141601562e+01,-1.046328830718994141e+01,1.800000000000000000e+01,1.600000000000000000e+01
-4.816672515869140625e+01,-1.103653907775878906e+01,1.800000000000000000e+01,1.600000000000000000e+01
-6.718048095703125000e+01,-2.087976074218750000e+01,1.800000000000000000e+01,1.600000000000000000e+01
-5.295438766479492188e+01,-1.062553119659423828e+01,1.800000000000000000e+01,1.600000000000000000e+01
-6.608533477783203125e+01,-1.941205978393554688e+01,1.800000000000000000e+01,1.600000000000000000e+01
-6.048939895629882812e+01,-1.321682357788085938e+01,1.800000000000000000e+01,1.600000000000000000e+01
-6.124029541015625000e+01,-1.372753810882568359e+01,1.800000000000000000e+01,1.600000000000000000e+01
-6.200015258789062500e+01,-1.434227275848388672e+01,1.800000000000000000e+01,1.600000000000000000e+01
-4.659012985229492188e+01,-1.009973335266113281e+01,1.800000000000000000e+01,1.600000000000000000e+01
-6.404726409912109375e+01,-1.665299224853515625e+01,1.800000000000000000e+01,1.600000000000000000e+01
-4.974174118041992188e+01,-1.081211662292480469e+01,1.800000000000000000e+01,1.600000000000000000e+01
-5.320526504516601562e+01,-1.096107292175292969e+01,1.800000000000000000e+01,1.600000000000000000e+01
-5.443124389648437500e+01,-1.087403964996337891e+01,1.800000000000000000e+01,1.600000000000000000e+01
1.350417518615722656e+01,2.947092437744140625e+01,1.900000000000000000e+01,1.800000000000000000e+01
1.864450454711914062e+01,2.324784278869628906e+01,1.900000000000000000e+01,1.800000000000000000e+01
1.550712966918945312e+01,3.125295066833496094e+01,1.900000000000000000e+01,1.800000000000000000e+01
1.629636573791503906e+01,4.062078857421875000e+01,1.900000000000000000e+01,1.800000000000000000e+01
1.233268833160400391e+01,3.425067520141601562e+01,1.900000000000000000e+01,1.800000000000000000e+01
1.728869819641113281e+01,3.824882888793945312e+01,1.900000000000000000e+01,1.800000000000000000e+01
1.366964244842529297e+01,3.732360076904296875e+01,1.900000000000000000e+01,1.800000000000000000e+01
1.310345458984375000e+01,3.070357322692871094e+01,1.900000000000000000e+01,1.800000000000000000e+01
1.849202537536621094e+01,2.366679382324218750e+01,1.900000000000000000e+01,1.800000000000000000e+01
1.438448619842529297e+01,-1.526356697082519531e+01,1.900000000000000000e+01,1.300000000000000000e+01
1.259153461456298828e+01,3.540892791748046875e+01,1.900000000000000000e+01,1.800000000000000000e+01
1.378801441192626953e+01,4.049337768554687500e+01,1.900000000000000000e+01,1.800000000000000000e+01
1.733569908142089844e+01,2.614664459228515625e+01,1.900000000000000000e+01,1.800000000000000000e+01
1.267824077606201172e+01,3.110088157653808594e+01,1.900000000000000000e+01,1.800000000000000000e+01
1.316532039642333984e+01,3.043574523925781250e+01,1.900000000000000000e+01,1.800000000000000000e+01
1.292277240753173828e+01,3.041173171997070312e+01,1.900000000000000000e+01,1.800000000000000000e+01
2.621557426452636719e+01,2.679251098632812500e+01,1.900000000000000000e+01,1.700000000000000000e+01
1.785186767578125000e+01,4.032434463500976562e+01,1.900000000000000000e+01,1.800000000000000000e+01
1.232239437103271484e+01,3.299024581909179688e+01,1.900000000000000000e+01,1.800000000000000000e+01
1.670344161987304688e+01,4.015293884277343750e+01,1.900000000000000000e+01,1.800000000000000000e+01
1.705904769897460938e+01,4.017139053344726562e+01,1.900000000000000000e+01,1.800000000000000000e+01
1.871945953369140625e+01,2.320902633666992188e+01,1.900000000000000000e+01,1.800000000000000000e+01
1.649612045288085938e+01,-1.573561382293701172e+01,1.900000000000000000e+01,1.300000000000000000e+01
1.311794567108154297e+01,3.178090286254882812e+01,1.900000000000000000e+01,1.800000000000000000e+01
1.286796569824218750e+01,3.053119087219238281e+01,1.900000000000000000e+01,1.800000000000000000e+01
1.980389785766601562e+01,3.359691238403320312e+01,1.900000000000000000e+01,1.800000000000000000e+01
1.754097366333007812e+01,3.952698135375976562e+01,1.900000000000000000e+01,1.800000000000000000e+01
1.558038425445556641e+01,2.765295791625976562e+01,1.900000000000000000e+01,1.800000000000000000e+01
1.626511955261230469e+01,2.689977264404296875e+01,1.900000000000000000e+01,1.800000000000000000e+01
2.134052658081054688e+01,3.175589179992675781e+01,1.900000000000000000e+01,1.700000000000000000e+01
1.534017562866210938e+01,2.804546928405761719e+01,1.900000000000000000e+01,1.800000000000000000e+01
1.827502250671386719e+01,3.680204010009765625e+01,1.900000000000000000e+01,1.800000000000000000e+01
1.588198852539062500e+01,2.755398941040039062e+01,1.900000000000000000e+01,1.800000000000000000e+01
1.697141265869140625e+01,3.669080734252929688e+01,1.900000000000000000e+01,1.800000000000000000e+01
1.453735828399658203e+01,3.881854629516601562e+01,1.900000000000000000e+01,1.800000000000000000e+01
1.771444702148437500e+01,3.614391708374023438e+01,1.900000000000000000e+01,1.800000000000000000e+01
1.386892318725585938e+01,2.888460731506347656e+01,1.900000000000000000e+01,1.800000000000000000e+01
1.855040740966796875e+01,2.483412170410156250e+01,1.900000000000000000e+01,1.800000000000000000e+01
1.868981933593750000e+01,2.244947433471679688e+01,1.900000000000000000e+01,1.800000000000000000e+01
1.483274173736572266e+01,2.793116950988769531e+01,1.900000000000000000e+01,1.800000000000000000e+01
1.419381809234619141e+01,4.072005844116210938e+01,1.900000000000000000e+01,1.800000000000000000e+01
1.472567653656005859e+01,4.082635879516601562e+01,1.900000000000000000e+01,1.800000000000000000e+01
-4.523417663574218750e+01,-9.632166862487792969e+00,1.900000000000000000e+01,1.600000000000000000e+01
1.736588096618652344e+01,3.672785949707031250e+01,1.900000000000000000e+01,1.800000000000000000e+01
1.808384895324707031e+01,4.046583938598632812e+01,1.900000000000000000e+01,1.800000000000000000e+01
1.705587196350097656e+01,3.674259567260742188e+01,1.900000000000000000e+01,1.800000000000000000e+01
1.278610992431640625e+01,3.095686149597167969e+01,1.900000000000000000e+01,1.800000000000000000e+01
1.554834365844726562e+01,2.700997161865234375e+01,1.900000000000000000e+01,1.800000000000000000e+01
1.636778259277343750e+01,2.603307723999023438e+01,1.900000000000000000e+01,1.800000000000000000e+01
1.798658943176269531e+01,3.713433074951171875e+01,1.900000000000000000e+01,1.800000000000000000e+01
1.682871055603027344e+01,4.034698867797851562e+01,1.900000000000000000e+01,1.800000000000000000e+01
1.288506031036376953e+01,3.106359291076660156e+01,1.900000000000000000e+01,1.800000000000000000e+01
1.324944972991943359e+01,2.999600028991699219e+01,1.900000000000000000e+01,1.800000000000000000e+01
1.393830871582031250e+01,4.066620635986328125e+01,1.900000000000000000e+01,1.800000000000000000e+01
1.761347389221191406e+01,3.901830673217773438e+01,1.900000000000000000e+01,1.800000000000000000e+01
1.528145027160644531e+01,4.063528442382812500e+01,1.900000000000000000e+01,1.800000000000000000e+01
2.099833869934082031e+01,3.206999969482421875e+01,1.900000000000000000e+01,1.800000000000000000e+01
1.885308074951171875e+01,3.579951477050781250e+01,1.900000000000000000e+01,1.800000000000000000e+01
1.804200363159179688e+01,3.809407806396484375e+01,1.900000000000000000e+01,1.800000000000000000e+01
1.438419151306152344e+01,3.816169357299804688e+01,1.900000000000000000e+01,1.800000000000000000e+01
1.240742397308349609e+01,3.471338653564453125e+01,1.900000000000000000e+01,1.800000000000000000e+01
1.852325439453125000e+01,4.042336273193359375e+01,1.900000000000000000e+01,1.800000000000000000e+01
1.818256187438964844e+01,3.513956832885742188e+01,1.900000000000000000e+01,1.800000000000000000e+01
1.408598518371582031e+01,4.073843765258789062e+01,1.900000000000000000e+01,1.800000000000000000e+01
1.717474746704101562e+01,2.612526321411132812e+01,1.900000000000000000e+01,1.800000000000000000e+01
1.321343612670898438e+01,2.981198883056640625e+01,1.900000000000000000e+01,1.800000000000000000e+01
1.294263458251953125e+01,3.615708923339843750e+01,1.900000000000000000e+01,1.800000000000000000e+01
1.775167655944824219e+01,3.655833435058593750e+01,1.900000000000000000e+01,1.800000000000000000e+01
1.308254146575927734e+01,3.081539344787597656e+01,1.900000000000000000e+01,1.800000000000000000e+01
1.666908645629882812e+01,3.819684982299804688e+01,1.900000000000000000e+01,1.800000000000000000e+01
1.849058151245117188e+01,3.666504287719726562e+01,1.900000000000000000e+01,1.800000000000000000e+01
1.950658798217773438e+01,3.447718811035156250e+01,1.900000000000000000e+01,1.800000000000000000e+01
1.359278106689453125e+01,2.938340187072753906e+01,1.900000000000000000e+01,1.800000000000000000e+01
1.831217956542968750e+01,2.370369338989257812e+01,1.900000000000000000e+01,1.800000000000000000e+01
1.230046081542968750e+01,3.389461517333984375e+01,1.900000000000000000e+01,1.800000000000000000e+01
2.094557952880859375e+01,3.212226486206054688e+01,1.900000000000000000e+01,1.800000000000000000e+01
1.853521728515625000e+01,3.585447692871093750e+01,1.900000000000000000e+01,1.800000000000000000e+01
1.675351524353027344e+01,3.903387832641601562e+01,1.900000000000000000e+01,1.800000000000000000e+01
1.944922256469726562e+01,3.452500152587890625e+01,1.900000000000000000e+01,1.800000000000000000e+01
1.479607677459716797e+01,3.793458557128906250e+01,1.900000000000000000e+01,1.800000000000000000e+01
1.819705009460449219e+01,2.504380226135253906e+01,1.900000000000000000e+01,1.800000000000000000e+01
1.648336029052734375e+01,-1.577434539794921875e+01,1.900000000000000000e+01,1.300000000000000000e+01
1.249489593505859375e+01,3.513774108886718750e+01,1.900000000000000000e+01,1.800000000000000000e+01
1.255625247955322266e+01,3.518203735351562500e+01,1.900000000000000000e+01,1.800000000000000000e+01
1.388720989227294922e+01,4.075178909301757812e+01,1.900000000000000000e+01,1.800000000000000000e+01
1.429386234283447266e+01,4.093683624267578125e+01,1.900000000000000000e+01,1.800000000000000000e+01
1.384821033477783203e+01,2.893555450439453125e+01,1.900000000000000000e+01,1.800000000000000000e+01
1.229948234558105469e+01,3.369906997680664062e+01,1.900000000000000000e+01,1.800000000000000000e+01
1.796951293945312500e+01,4.014247131347656250e+01,1.900000000000000000e+01,1.800000000000000000e+01
1.492727088928222656e+01,3.773818588256835938e+01,1.900000000000000000e+01,1.800000000000000000e+01
1.692626190185546875e+01,3.996497726440429688e+01,1.900000000000000000e+01,1.800000000000000000e+01
1.729244804382324219e+01,2.632329177856445312e+01,1.900000000000000000e+01,1.800000000000000000e+01
1.800022506713867188e+01,2.531082534790039062e+01,1.900000000000000000e+01,1.800000000000000000e+01
1.315181064605712891e+01,2.987919998168945312e+01,1.900000000000000000e+01,1.800000000000000000e+01
2.564314079284667969e+01,2.675135803222656250e+01,1.900000000000000000e+01,1.700000000000000000e+01
1.271021270751953125e+01,3.095913314819335938e+01,1.900000000000000000e+01,1.800000000000000000e+01
1.483675861358642578e+01,4.071524810791015625e+01,1.900000000000000000e+01,1.800000000000000000e+01
1.557498741149902344e+01,2.719019699096679688e+01,1.900000000000000000e+01,1.800000000000000000e+01
1.628371429443359375e+01,4.073857498168945312e+01,1.900000000000000000e+01,1.800000000000000000e+01
1.408601379394531250e+01,4.084753417968750000e+01,1.900000000000000000e+01,1.800000000000000000e+01
1.414011955261230469e+01,2.913142776489257812e+01,1.900000000000000000e+01,1.800000000000000000e+01
1.651657676696777344e+01,3.717454147338867188e+01,1.900000000000000000e+01,1.800000000000000000e+01
1.653411102294921875e+01,3.645229339599609375e+01,1.900000000000000000e+01,1.800000000000000000e+01
1.460782718658447266e+01,2.866507720947265625e+01,1.900000000000000000e+01,1.800000000000000000e+01
1.646210670471191406e+01,3.691850662231445312e+01,1.900000000000000000e+01,1.800000000000000000e+01
1.527206230163574219e+01,2.782995986938476562e+01,1.900000000000000000e+01,1.800000000000000000e+01
-4.597131347656250000e+01,-9.870951652526855469e+00,1.900000000000000000e+01,1.600000000000000000e+01
1.430761909484863281e+01,4.010942077636718750e+01,1.900000000000000000e+01,1.800000000000000000e+01
1.731958007812500000e+01,3.829909133911132812e+01,1.900000000000000000e+01,1.800000000000000000e+01
1.521173095703125000e+01,2.758944511413574219e+01,1.900000000000000000e+01,1.800000000000000000e+01
1.459905529022216797e+01,2.874064445495605469e+01,1.900000000000000000e+01,1.800000000000000000e+01
1.437656879425048828e+01,4.066994094848632812e+01,1.900000000000000000e+01,1.800000000000000000e+01
1.231531047821044922e+01,3.321881866455078125e+01,1.900000000000000000e+01,1.800000000000000000e+01
1.869272994995117188e+01,2.315746307373046875e+01,1.900000000000000000e+01,1.800000000000000000e+01
1.870855522155761719e+01,2.326888084411621094e+01,1.900000000000000000e+01,1.800000000000000000e+01
1.698507690429687500e+01,3.996656036376953125e+01,1.900000000000000000e+01,1.800000000000000000e+01
1.965661239624023438e+01,3.394094085693359375e+01,1.900000000000000000e+01,1.800000000000000000e+01
1.254839801788330078e+01,3.526089477539062500e+01,1.900000000000000000e+01,1.800000000000000000e+01
1.234399700164794922e+01,3.289240264892578125e+01,1.900000000000000000e+01,1.800000000000000000e+01
1.869411659240722656e+01,3.590207290649414062e+01,1.900000000000000000e+01,1.800000000000000000e+01
1.360858631134033203e+01,2.943372726440429688e+01,1.900000000000000000e+01,1.800000000000000000e+01
1.864624786376953125e+01,2.475453948974609375e+01,1.900000000000000000e+01,1.800000000000000000e+01
1.232363796234130859e+01,3.325934982299804688e+01,1.900000000000000000e+01,1.800000000000000000e+01
1.397882461547851562e+01,4.062236785888671875e+01,1.900000000000000000e+01,1.800000000000000000e+01
1.500039577484130859e+01,3.744328689575195312e+01,1.900000000000000000e+01,1.800000000000000000e+01
2.081922912597656250e+01,3.226401138305664062e+01,1.900000000000000000e+01,1.800000000000000000e+01
1.419132995605468750e+01,4.067017745971679688e+01,1.900000000000000000e+01,1.800000000000000000e+01
1.248166275024414062e+01,3.493302917480468750e+01,1.900000000000000000e+01,1.800000000000000000e+01
1.767897224426269531e+01,3.588815689086914062e+01,1.900000000000000000e+01,1.800000000000000000e+01
1.521225643157958984e+01,2.835291290283203125e+01,1.900000000000000000e+01,1.800000000000000000e+01
1.468011474609375000e+01,-1.492218971252441406e+01,1.900000000000000000e+01,1.300000000000000000e+01
1.536864280700683594e+01,3.069554138183593750e+01,1.900000000000000000e+01,1.800000000000000000e+01
1.528372192382812500e+01,4.035462188720703125e+01,1.900000000000000000e+01,1.800000000000000000e+01
1.449495220184326172e+01,-1.531469154357910156e+01,1.900000000000000000e+01,1.300000000000000000e+01
1.873110198974609375e+01,2.396405982971191406e+01,1.900000000000000000e+01,1.800000000000000000e+01
1.306577301025390625e+01,3.027639961242675781e+01,1.900000000000000000e+01,1.800000000000000000e+01
1.788238716125488281e+01,3.840155792236328125e+01,1.900000000000000000e+01,1.800000000000000000e+01
1.287585926055908203e+01,3.073470497131347656e+01,1.900000000000000000e+01,1.800000000000000000e+01
1.531357288360595703e+01,2.729626274108886719e+01,1.900000000000000000e+01,1.800000000000000000e+01
1.642373466491699219e+01,4.072512054443359375e+01,1.900000000000000000e+01,1.800000000000000000e+01
2.011995506286621094e+01,3.328549194335937500e+01,1.900000000000000000e+01,1.800000000000000000e+01
1.601713943481445312e+01,4.046398544311523438e+01,1.900000000000000000e+01,1.800000000000000000e+01
1.806962585449218750e+01,3.793367004394531250e+01,1.900000000000000000e+01,1.800000000000000000e+01
1.383756828308105469e+01,4.051673507690429688e+01,1.900000000000000000e+01,1.800000000000000000e+01
1.612259674072265625e+01,2.706128692626953125e+01,1.900000000000000000e+01,1.800000000000000000e+01
1.695403099060058594e+01,4.018085098266601562e+01,1.900000000000000000e+01,1.800000000000000000e+01
1.562703800201416016e+01,3.140605926513671875e+01,1.900000000000000000e+01,1.800000000000000000e+01
1.244595718383789062e+01,3.492918014526367188e+01,1.900000000000000000e+01,1.800000000000000000e+01
2.611153030395507812e+01,2.666592216491699219e+01,1.900000000000000000e+01,1.700000000000000000e+01
1.770580101013183594e+01,4.040126419067382812e+01,1.900000000000000000e+01,1.800000000000000000e+01
1.240231990814208984e+01,3.258707809448242188e+01,1.900000000000000000e+01,1.800000000000000000e+01
1.749699020385742188e+01,3.642012023925781250e+01,1.900000000000000000e+01,1.800000000000000000e+01
1.768545532226562500e+01,2.569600296020507812e+01,1.900000000000000000e+01,1.800000000000000000e+01
1.876341056823730469e+01,2.350120925903320312e+01,1.900000000000000000e+01,1.800000000000000000e+01
1.513951778411865234e+01,2.878347969055175781e+01,1.900000000000000000e+01,1.800000000000000000e+01
1.436954212188720703e+01,4.084771347045898438e+01,1.900000000000000000e+01,1.800000000000000000e+01
1.450397777557373047e+01,-1.503795719146728516e+01,1.900000000000000000e+01,1.300000000000000000e+01
1.539606285095214844e+01,3.040236663818359375e+01,1.900000000000000000e+01,1.800000000000000000e+01
1.457197475433349609e+01,4.063559341430664062e+01,1.900000000000000000e+01,1.800000000000000000e+01
1.524662113189697266e+01,2.899986076354980469e+01,1.900000000000000000e+01,1.800000000000000000e+01
1.856786918640136719e+01,3.609402847290039062e+01,1.900000000000000000e+01,1.800000000000000000e+01
1.522148704528808594e+01,2.934788894653320312e+01,1.900000000000000000e+01,1.800000000000000000e+01
1.343832015991210938e+01,2.961698913574218750e+01,1.900000000000000000e+01,1.800000000000000000e+01
1.869209289550781250e+01,2.239246559143066406e+01,1.900000000000000000e+01,1.600000000000000000e+01
1.856937980651855469e+01,2.443549156188964844e+01,1.900000000000000000e+01,1.800000000000000000e+01
1.796471977233886719e+01,4.021833038330078125e+01,1.900000000000000000e+01,1.800000000000000000e+01
1.241058540344238281e+01,3.479549789428710938e+01,1.900000000000000000e+01,1.800000000000000000e+01
1.487179565429687500e+01,3.753706741333007812e+01,1.900000000000000000e+01,1.800000000000000000e+01
1.814216613769531250e+01,3.798257827758789062e+01,1.900000000000000000e+01,1.800000000000000000e+01
1.265910530090332031e+01,3.163235664367675781e+01,1.900000000000000000e+01,1.800000000000000000e+01
1.767168235778808594e+01,2.569507026672363281e+01,1.900000000000000000e+01,1.800000000000000000e+01
1.532104682922363281e+01,2.964607238769531250e+01,1.900000000000000000e+01,1.800000000000000000e+01
1.289980697631835938e+01,3.608576583862304688e+01,1.900000000000000000e+01,1.800000000000000000e+01
1.443068599700927734e+01,3.759079360961914062e+01,1.900000000000000000e+01,1.800000000000000000e+01
1.873573303222656250e+01,2.494755935668945312e+01,1.900000000000000000e+01,1.800000000000000000e+01
1.230265712738037109e+01,3.328302001953125000e+01,1.900000000000000000e+01,1.800000000000000000e+01
2.622442817687988281e+01,2.827083396911621094e+01,1.900000000000000000e+01,1.700000000000000000e+01
1.738485336303710938e+01,4.040662765502929688e+01,1.900000000000000000e+01,1.800000000000000000e+01
1.259760570526123047e+01,3.543515777587890625e+01,1.900000000000000000e+01,1.800000000000000000e+01
1.391129207611083984e+01,2.900792503356933594e+01,1.900000000000000000e+01,1.800000000000000000e+01
1.883965873718261719e+01,2.334691429138183594e+01,1.900000000000000000e+01,1.800000000000000000e+01
1.790006446838378906e+01,2.542747879028320312e+01,1.900000000000000000e+01,1.800000000000000000e+01
1.817260742187500000e+01,2.506160354614257812e+01,1.900000000000000000e+01,1.800000000000000000e+01
1.229745674133300781e+01,3.343085861206054688e+01,1.900000000000000000e+01,1.800000000000000000e+01
1.296831130981445312e+01,3.585854721069335938e+01,1.900000000000000000e+01,1.800000000000000000e+01
2.620636940002441406e+01,2.660335350036621094e+01,1.900000000000000000e+01,1.700000000000000000e+01
1.863346099853515625e+01,2.376650047302246094e+01,1.900000000000000000e+01,1.800000000000000000e+01
1.406631851196289062e+01,4.056052398681640625e+01,1.900000000000000000e+01,1.800000000000000000e+01
1.917159461975097656e+01,3.524570465087890625e+01,1.900000000000000000e+01,1.800000000000000000e+01
1.731525611877441406e+01,3.666467285156250000e+01,1.900000000000000000e+01,1.800000000000000000e+01
1.569109153747558594e+01,3.733037567138671875e+01,1.900000000000000000e+01,1.800000000000000000e+01
1.828888130187988281e+01,3.659715652465820312e+01,1.900000000000000000e+01,1.800000000000000000e+01
1.705834960937500000e+01,3.998662567138671875e+01,1.900000000000000000e+01,1.800000000000000000e+01
1.312859344482421875e+01,3.060937309265136719e+01,1.900000000000000000e+01,1.800000000000000000e+01
1.239760494232177734e+01,3.471545028686523438e+01,1.900000000000000000e+01,1.800000000000000000e+01
1.919019317626953125e+01,3.520431518554687500e+01,1.900000000000000000e+01,1.800000000000000000e+01
1.395912551879882812e+01,-1.472323417663574219e+01,1.900000000000000000e+01,1.300000000000000000e+01
1.898346138000488281e+01,3.568133926391601562e+01,1.900000000000000000e+01,1.800000000000000000e+01
1.429360389709472656e+01,4.014144515991210938e+01,1.900000000000000000e+01,1.800000000000000000e+01
1.868148994445800781e+01,2.478846168518066406e+01,1.900000000000000000e+01,1.800000000000000000e+01
1.635428237915039062e+01,4.005081939697265625e+01,1.900000000000000000e+01,1.800000000000000000e+01
1.958958053588867188e+01,3.426673126220703125e+01,1.900000000000000000e+01,1.800000000000000000e+01
1.254389572143554688e+01,3.208319854736328125e+01,1.900000000000000000e+01,1.800000000000000000e+01
1.228788089752197266e+01,3.352684402465820312e+01,1.900000000000000000e+01,1.800000000000000000e+01
1.868338394165039062e+01,2.223196220397949219e+01,1.900000000000000000e+01,1.800000000000000000e+01
1.309076690673828125e+01,3.645203781127929688e+01,1.900000000000000000e+01,1.800000000000000000e+01
1.867994117736816406e+01,2.248715972900390625e+01,1.900000000000000000e+01,1.800000000000000000e+01
1.583500671386718750e+01,2.707714843750000000e+01,1.900000000000000000e+01,1.800000000000000000e+01
1.338380146026611328e+01,3.020376014709472656e+01,1.900000000000000000e+01,1.800000000000000000e+01
1.262056064605712891e+01,3.540211486816406250e+01,1.900000000000000000e+01,1.800000000000000000e+01
4.707662200927734375e+01,-3.038119673728942871e-01,2.000000000000000000e+01,1.300000000000000000e+01
5.381010055541992188e+01,-1.688507080078125000e+00,2.000000000000000000e+01,1.300000000000000000e+01
4.545754623413085938e+01,-1.086031317710876465e+00,2.000000000000000000e+01,1.300000000000000000e+01
3.976292800903320312e+01,1.435347747802734375e+01,2.000000000000000000e+01,1.300000000000000000e+01
3.826373672485351562e+01,1.074050903320312500e+01,2.000000000000000000e+01,1.300000000000000000e+01
4.580990600585937500e+01,9.212809801101684570e-01,2.000000000000000000e+01,1.300000000000000000e+01
5.605263900756835938e+01,-2.225342035293579102e+00,2.000000000000000000e+01,1.300000000000000000e+01
4.105345916748046875e+01,7.470717906951904297e+00,2.000000000000000000e+01,1.300000000000000000e+01
4.733357620239257812e+01,4.145252108573913574e-01,2.000000000000000000e+01,1.300000000000000000e+01
3.859699249267578125e+01,1.322462558746337891e+01,2.000000000000000000e+01,1.300000000000000000e+01
3.689435577392578125e+01,1.211819553375244141e+01,2.000000000000000000e+01,1.300000000000000000e+01
5.458541870117187500e+01,2.274658775329589844e+01,2.000000000000000000e+01,1.400000000000000000e+01
3.672375106811523438e+01,1.184284591674804688e+01,2.000000000000000000e+01,1.300000000000000000e+01
4.896868515014648438e+01,-6.593744158744812012e-01,2.000000000000000000e+01,1.300000000000000000e+01
4.949321746826171875e+01,-8.621056079864501953e-01,2.000000000000000000e+01,1.300000000000000000e+01
4.055435943603515625e+01,1.435933208465576172e+01,2.000000000000000000e+01,1.300000000000000000e+01
4.841754150390625000e+01,-4.601550102233886719e-01,2.000000000000000000e+01,1.300000000000000000e+01
4.962479400634765625e+01,-8.299764394760131836e-01,2.000000000000000000e+01,1.300000000000000000e+01
3.880674362182617188e+01,1.331922721862792969e+01,2.000000000000000000e+01,1.300000000000000000e+01
4.546545791625976562e+01,1.321805000305175781e+00,2.000000000000000000e+01,1.300000000000000000e+01
5.334355163574218750e+01,-1.615608453750610352e+00,2.000000000000000000e+01,1.300000000000000000e+01
4.360596466064453125e+01,3.313465118408203125e+00,2.000000000000000000e+01,1.300000000000000000e+01
4.598087692260742188e+01,1.007376909255981445e+00,2.000000000000000000e+01,1.300000000000000000e+01
3.831810379028320312e+01,1.299576759338378906e+01,2.000000000000000000e+01,1.300000000000000000e+01
4.916107940673828125e+01,-8.688786029815673828e-01,2.000000000000000000e+01,1.300000000000000000e+01
3.835591125488281250e+01,1.293796443939208984e+01,2.000000000000000000e+01,1.300000000000000000e+01
4.645882797241210938e+01,2.589994370937347412e-01,2.000000000000000000e+01,1.300000000000000000e+01
4.387735366821289062e+01,2.939831256866455078e+00,2.000000000000000000e+01,1.300000000000000000e+01
4.121215820312500000e+01,7.213460445404052734e+00,2.000000000000000000e+01,1.300000000000000000e+01
4.114770507812500000e+01,7.313500881195068359e+00,2.000000000000000000e+01,1.300000000000000000e+01
4.352328491210937500e+01,3.441110849380493164e+00,2.000000000000000000e+01,1.300000000000000000e+01
4.461695861816406250e+01,2.237082958221435547e+00,2.000000000000000000e+01,1.300000000000000000e+01
4.127206420898437500e+01,1.499171733856201172e+01,2.000000000000000000e+01,1.300000000000000000e+01
4.029669570922851562e+01,8.539459228515625000e+00,2.000000000000000000e+01,1.300000000000000000e+01
3.787291717529296875e+01,1.049004554748535156e+01,2.000000000000000000e+01,1.300000000000000000e+01
3.986966705322265625e+01,1.166862201690673828e+01,2.000000000000000000e+01,1.300000000000000000e+01
5.537271118164062500e+01,-1.918940663337707520e+00,2.000000000000000000e+01,1.300000000000000000e+01
4.381219482421875000e+01,1.767186641693115234e+00,2.000000000000000000e+01,1.300000000000000000e+01
5.488051986694335938e+01,-1.843620061874389648e+00,2.000000000000000000e+01,1.300000000000000000e+01
4.847859191894531250e+01,-4.434120059013366699e-01,2.000000000000000000e+01,1.300000000000000000e+01
4.296077346801757812e+01,4.326180934906005859e+00,2.000000000000000000e+01,1.300000000000000000e+01
3.705136108398437500e+01,1.094700622558593750e+01,2.000000000000000000e+01,1.300000000000000000e+01
4.542644882202148438e+01,1.268768787384033203e+00,2.000000000000000000e+01,1.300000000000000000e+01
5.601015472412109375e+01,-1.802000403404235840e+00,2.000000000000000000e+01,1.300000000000000000e+01
4.073908233642578125e+01,7.930372714996337891e+00,2.000000000000000000e+01,1.300000000000000000e+01
3.997204208374023438e+01,1.448415374755859375e+01,2.000000000000000000e+01,1.300000000000000000e+01
5.637295150756835938e+01,-1.902058839797973633e+00,2.000000000000000000e+01,1.300000000000000000e+01
5.632934188842773438e+01,-1.864274024963378906e+00,2.000000000000000000e+01,1.300000000000000000e+01
5.549031066894531250e+01,-1.941761255264282227e+00,2.000000000000000000e+01,1.300000000000000000e+01
3.815395736694335938e+01,1.285773277282714844e+01,2.000000000000000000e+01,1.300000000000000000e+01
4.659091949462890625e+01,3.734803497791290283e-01,2.000000000000000000e+01,1.300000000000000000e+01
4.098909378051757812e+01,7.566272735595703125e+00,2.000000000000000000e+01,1.300000000000000000e+01
5.645749664306640625e+01,-2.064674854278564453e+00,2.000000000000000000e+01,1.300000000000000000e+01
5.630669784545898438e+01,-2.200464725494384766e+00,2.000000000000000000e+01,1.300000000000000000e+01
5.501549530029296875e+01,-1.863452315330505371e+00,2.000000000000000000e+01,1.300000000000000000e+01
5.352674865722656250e+01,-1.643708467483520508e+00,2.000000000000000000e+01,1.300000000000000000e+01
3.703585815429687500e+01,1.205953502655029297e+01,2.000000000000000000e+01,1.300000000000000000e+01
3.978112030029296875e+01,9.234888076782226562e+00,2.000000000000000000e+01,1.300000000000000000e+01
4.451169967651367188e+01,1.435413002967834473e+00,2.000000000000000000e+01,1.300000000000000000e+01
5.140866088867187500e+01,-1.260512948036193848e+00,2.000000000000000000e+01,1.300000000000000000e+01
4.594745254516601562e+01,7.643185257911682129e-01,2.000000000000000000e+01,1.300000000000000000e+01
5.641385269165039062e+01,-2.085170269012451172e+00,2.000000000000000000e+01,1.300000000000000000e+01
4.007244110107421875e+01,1.401927375793457031e+01,2.000000000000000000e+01,1.300000000000000000e+01
4.081049346923828125e+01,1.426716041564941406e+01,2.000000000000000000e+01,1.300000000000000000e+01
4.036405944824218750e+01,1.429435157775878906e+01,2.000000000000000000e+01,1.300000000000000000e+01
4.080221557617187500e+01,7.843098640441894531e+00,2.000000000000000000e+01,1.300000000000000000e+01
4.486221313476562500e+01,1.747513175010681152e+00,2.000000000000000000e+01,1.300000000000000000e+01
4.665052032470703125e+01,2.096079736948013306e-01,2.000000000000000000e+01,1.300000000000000000e+01
5.596222305297851562e+01,-1.817141175270080566e+00,2.000000000000000000e+01,1.300000000000000000e+01
4.041178894042968750e+01,8.387423515319824219e+00,2.000000000000000000e+01,1.300000000000000000e+01
4.014640045166015625e+01,1.438180923461914062e+01,2.000000000000000000e+01,1.300000000000000000e+01
4.909476089477539062e+01,-6.419416069984436035e-01,2.000000000000000000e+01,1.300000000000000000e+01
3.878292083740234375e+01,1.291930294036865234e+01,2.000000000000000000e+01,1.300000000000000000e+01
4.876229095458984375e+01,-5.408251881599426270e-01,2.000000000000000000e+01,1.300000000000000000e+01
4.429000854492187500e+01,2.513177633285522461e+00,2.000000000000000000e+01,1.300000000000000000e+01
5.065348052978515625e+01,-1.086786508560180664e+00,2.000000000000000000e+01,1.300000000000000000e+01
4.137739181518554688e+01,1.483550071716308594e+01,2.000000000000000000e+01,1.300000000000000000e+01
4.872359085083007812e+01,-4.926120340824127197e-01,2.000000000000000000e+01,1.300000000000000000e+01
4.257611083984375000e+01,4.947679996490478516e+00,2.000000000000000000e+01,1.300000000000000000e+01
4.046009826660156250e+01,1.406464099884033203e+01,2.000000000000000000e+01,1.300000000000000000e+01
5.510400009155273438e+01,-1.876693487167358398e+00,2.000000000000000000e+01,1.300000000000000000e+01
4.088056564331054688e+01,7.731388568878173828e+00,2.000000000000000000e+01,1.300000000000000000e+01
5.381422042846679688e+01,-1.688840985298156738e+00,2.000000000000000000e+01,1.300000000000000000e+01
4.411470794677734375e+01,2.716578960418701172e+00,2.000000000000000000e+01,1.300000000000000000e+01
4.671339416503906250e+01,-5.699494481086730957e-02,2.000000000000000000e+01,1.300000000000000000e+01
4.515537261962890625e+01,1.516532063484191895e+00,2.000000000000000000e+01,1.300000000000000000e+01
4.581914138793945312e+01,1.147776365280151367e+00,2.000000000000000000e+01,1.300000000000000000e+01
4.471182632446289062e+01,1.981711626052856445e+00,2.000000000000000000e+01,1.300000000000000000e+01
4.525534820556640625e+01,1.551839232444763184e+00,2.000000000000000000e+01,1.300000000000000000e+01
4.755348968505859375e+01,1.195681095123291016e-01,2.000000000000000000e+01,1.300000000000000000e+01
4.291685485839843750e+01,4.395721912384033203e+00,2.000000000000000000e+01,1.300000000000000000e+01
4.074899291992187500e+01,1.434680461883544922e+01,2.000000000000000000e+01,1.300000000000000000e+01
5.216147232055664062e+01,-1.410383105278015137e+00,2.000000000000000000e+01,1.300000000000000000e+01
5.613899612426757812e+01,-2.241750955581665039e+00,2.000000000000000000e+01,1.300000000000000000e+01
4.274540328979492188e+01,4.671569347381591797e+00,2.000000000000000000e+01,1.300000000000000000e+01
4.865773773193359375e+01,-4.796936810016632080e-01,2.000000000000000000e+01,1.300000000000000000e+01
4.279484939575195312e+01,4.590300083160400391e+00,2.000000000000000000e+01,1.300000000000000000e+01
3.706065368652343750e+01,1.211161231994628906e+01,2.000000000000000000e+01,1.300000000000000000e+01
3.688679504394531250e+01,1.165493202209472656e+01,2.000000000000000000e+01,1.300000000000000000e+01
4.381002807617187500e+01,3.026802778244018555e+00,2.000000000000000000e+01,1.300000000000000000e+01
4.103868103027343750e+01,7.495450019836425781e+00,2.000000000000000000e+01,1.300000000000000000e+01
4.506506729125976562e+01,2.107396364212036133e+00,2.000000000000000000e+01,1.300000000000000000e+01
5.270390319824218750e+01,-1.507338285446166992e+00,2.000000000000000000e+01,1.300000000000000000e+01
4.890211868286132812e+01,-6.095912456512451172e-01,2.000000000000000000e+01,1.300000000000000000e+01
3.981250000000000000e+01,1.425705242156982422e+01,2.000000000000000000e+01,1.300000000000000000e+01
4.463593673706054688e+01,1.956848621368408203e+00,2.000000000000000000e+01,1.300000000000000000e+01
3.915806579589843750e+01,9.814632415771484375e+00,2.000000000000000000e+01,1.300000000000000000e+01
4.670669555664062500e+01,3.759216368198394775e-01,2.000000000000000000e+01,1.300000000000000000e+01
3.970429229736328125e+01,1.424821567535400391e+01,2.000000000000000000e+01,1.300000000000000000e+01
4.080987930297851562e+01,1.432292938232421875e+01,2.000000000000000000e+01,1.300000000000000000e+01
5.613769531250000000e+01,-1.794488430023193359e+00,2.000000000000000000e+01,1.300000000000000000e+01
3.732389450073242188e+01,1.085372543334960938e+01,2.000000000000000000e+01,1.300000000000000000e+01
3.703544998168945312e+01,1.097229862213134766e+01,2.000000000000000000e+01,1.300000000000000000e+01
5.575827407836914062e+01,-2.022362470626831055e+00,2.000000000000000000e+01,1.300000000000000000e+01
3.834819030761718750e+01,1.284556961059570312e+01,2.000000000000000000e+01,1.300000000000000000e+01
3.929135131835937500e+01,1.366080188751220703e+01,2.000000000000000000e+01,1.300000000000000000e+01
3.648926162719726562e+01,1.169908714294433594e+01,2.000000000000000000e+01,1.300000000000000000e+01
4.467591857910156250e+01,1.886356830596923828e+00,2.000000000000000000e+01,1.300000000000000000e+01
4.293094635009765625e+01,4.371631622314453125e+00,2.000000000000000000e+01,1.300000000000000000e+01
4.699468231201171875e+01,-1.298588979989290237e-02,2.000000000000000000e+01,1.300000000000000000e+01
4.049302291870117188e+01,8.285942077636718750e+00,2.000000000000000000e+01,1.300000000000000000e+01
4.454418563842773438e+01,2.115080356597900391e+00,2.000000000000000000e+01,1.300000000000000000e+01
5.171801376342773438e+01,-1.321236610412597656e+00,2.000000000000000000e+01,1.300000000000000000e+01
4.965630340576171875e+01,-8.149502873420715332e-01,2.000000000000000000e+01,1.300000000000000000e+01
3.888248443603515625e+01,1.343767929077148438e+01,2.000000000000000000e+01,1.300000000000000000e+01
3.642868423461914062e+01,1.152404785156250000e+01,2.000000000000000000e+01,1.300000000000000000e+01
4.141598510742187500e+01,6.891993999481201172e+00,2.000000000000000000e+01,1.300000000000000000e+01
4.587903976440429688e+01,9.043226242065429688e-01,2.000000000000000000e+01,1.300000000000000000e+01
4.552206420898437500e+01,1.075319170951843262e+00,2.000000000000000000e+01,1.300000000000000000e+01
3.653838729858398438e+01,1.134944725036621094e+01,2.000000000000000000e+01,1.300000000000000000e+01
3.973646163940429688e+01,1.388486671447753906e+01,2.000000000000000000e+01,1.300000000000000000e+01
4.896403884887695312e+01,-6.006340384483337402e-01,2.000000000000000000e+01,1.300000000000000000e+01
3.652822113037109375e+01,1.143326663970947266e+01,2.000000000000000000e+01,1.300000000000000000e+01
5.421796417236328125e+01,-1.748146653175354004e+00,2.000000000000000000e+01,1.300000000000000000e+01
4.471016693115234375e+01,2.053405523300170898e+00,2.000000000000000000e+01,1.300000000000000000e+01
4.880791091918945312e+01,-5.348442792892456055e-01,2.000000000000000000e+01,1.300000000000000000e+01
4.714590072631835938e+01,-1.781181246042251587e-01,2.000000000000000000e+01,1.300000000000000000e+01
4.100955963134765625e+01,7.542287349700927734e+00,2.000000000000000000e+01,1.300000000000000000e+01
3.640187072753906250e+01,1.136822223663330078e+01,2.000000000000000000e+01,1.300000000000000000e+01
5.645943450927734375e+01,-2.063833951950073242e+00,2.000000000000000000e+01,1.300000000000000000e+01
4.645299530029296875e+01,8.732345104217529297e-01,2.000000000000000000e+01,1.300000000000000000e+01
4.282347106933593750e+01,4.545952796936035156e+00,2.000000000000000000e+01,1.300000000000000000e+01
4.126164627075195312e+01,1.413853645324707031e+01,2.000000000000000000e+01,1.300000000000000000e+01
4.012501144409179688e+01,1.420641994476318359e+01,2.000000000000000000e+01,1.300000000000000000e+01
5.020023345947265625e+01,-9.962452054023742676e-01,2.000000000000000000e+01,1.300000000000000000e+01
3.912709045410156250e+01,9.886731147766113281e+00,2.000000000000000000e+01,1.300000000000000000e+01
5.316932296752929688e+01,-1.587148189544677734e+00,2.000000000000000000e+01,1.300000000000000000e+01
3.736183929443359375e+01,1.093329906463623047e+01,2.000000000000000000e+01,1.300000000000000000e+01
4.154712677001953125e+01,6.673534870147705078e+00,2.000000000000000000e+01,1.300000000000000000e+01
4.046565246582031250e+01,1.455727481842041016e+01,2.000000000000000000e+01,1.300000000000000000e+01
3.739252090454101562e+01,1.204141712188720703e+01,2.000000000000000000e+01,1.300000000000000000e+01
4.160834503173828125e+01,6.573975563049316406e+00,2.000000000000000000e+01,1.300000000000000000e+01
4.831980514526367188e+01,-3.220033347606658936e-01,2.000000000000000000e+01,1.300000000000000000e+01
3.719769668579101562e+01,1.170891475677490234e+01,2.000000000000000000e+01,1.300000000000000000e+01
4.535509490966796875e+01,-1.203440904617309570e+00,2.000000000000000000e+01,1.300000000000000000e+01
5.557432556152343750e+01,-1.958674192428588867e+00,2.000000000000000000e+01,1.300000000000000000e+01
3.765274429321289062e+01,1.057834911346435547e+01,2.000000000000000000e+01,1.300000000000000000e+01
4.542204666137695312e+01,-1.160058379173278809e+00,2.000000000000000000e+01,1.300000000000000000e+01
3.727824401855468750e+01,1.145525646209716797e+01,2.000000000000000000e+01,1.300000000000000000e+01
5.245007705688476562e+01,-1.464028358459472656e+00,2.000000000000000000e+01,1.300000000000000000e+01
5.161492919921875000e+01,-1.304496884346008301e+00,2.000000000000000000e+01,1.300000000000000000e+01
4.607873535156250000e+01,8.940639495849609375e-01,2.000000000000000000e+01,1.300000000000000000e+01
3.759076309204101562e+01,1.246519851684570312e+01,2.000000000000000000e+01,1.300000000000000000e+01
3.683138656616210938e+01,1.130249977111816406e+01,2.000000000000000000e+01,1.300000000000000000e+01
5.596694564819335938e+01,-1.815572381019592285e+00,2.000000000000000000e+01,1.300000000000000000e+01
5.488092041015625000e+01,-1.844444394111633301e+00,2.000000000000000000e+01,1.300000000000000000e+01
4.651051330566406250e+01,8.415324687957763672e-01,2.000000000000000000e+01,1.300000000000000000e+01
5.322476196289062500e+01,-1.595170259475708008e+00,2.000000000000000000e+01,1.300000000000000000e+01
5.313414764404296875e+01,-1.582237601280212402e+00,2.000000000000000000e+01,1.300000000000000000e+01
3.725164413452148438e+01,1.209586524963378906e+01,2.000000000000000000e+01,1.300000000000000000e+01
4.437106323242187500e+01,2.290623426437377930e+00,2.000000000000000000e+01,1.300000000000000000e+01
4.038364791870117188e+01,1.435122489929199219e+01,2.000000000000000000e+01,1.300000000000000000e+01
3.851883697509765625e+01,1.322272872924804688e+01,2.000000000000000000e+01,1.300000000000000000e+01
3.751037216186523438e+01,1.062288379669189453e+01,2.000000000000000000e+01,1.300000000000000000e+01
3.809701919555664062e+01,1.079888916015625000e+01,2.000000000000000000e+01,1.300000000000000000e+01
5.544018936157226562e+01,-1.931619882583618164e+00,2.000000000000000000e+01,1.300000000000000000e+01
-3.393574905395507812e+01,-1.481803798675537109e+01,2.000000000000000000e+01,1.500000000000000000e+01
3.806102752685546875e+01,1.087580585479736328e+01,2.000000000000000000e+01,1.300000000000000000e+01
3.671795654296875000e+01,1.115073490142822266e+01,2.000000000000000000e+01,1.300000000000000000e+01
6.217115402221679688e+01,3.889170455932617188e+01,2.000000000000000000e+01,1.400000000000000000e+01
4.030747222900390625e+01,1.439630317687988281e+01,2.000000000000000000e+01,1.300000000000000000e+01
5.175154876708984375e+01,-1.329088568687438965e+00,2.000000000000000000e+01,1.300000000000000000e+01
4.196147155761718750e+01,5.986318111419677734e+00,2.000000000000000000e+01,1.300000000000000000e+01
4.899543762207031250e+01,-8.343582153320312500e-01,2.000000000000000000e+01,1.300000000000000000e+01
4.124393844604492188e+01,7.162453651428222656e+00,2.000000000000000000e+01,1.300000000000000000e+01
3.644618606567382812e+01,1.133636093139648438e+01,2.000000000000000000e+01,1.300000000000000000e+01
4.278371047973632812e+01,4.608761310577392578e+00,2.000000000000000000e+01,1.300000000000000000e+01
4.648392868041992188e+01,9.344237446784973145e-01,2.000000000000000000e+01,1.300000000000000000e+01
5.571782684326171875e+01,-2.005159378051757812e+00,2.000000000000000000e+01,1.300000000000000000e+01
5.516282272338867188e+01,2.892981719970703125e+01,2.000000000000000000e+01,1.400000000000000000e+01
4.625449752807617188e+01,2.299884110689163208e-01,2.000000000000000000e+01,1.300000000000000000e+01
5.612260437011718750e+01,-2.239772796630859375e+00,2.000000000000000000e+01,1.300000000000000000e+01
3.993803787231445312e+01,1.207258129119873047e+01,2.000000000000000000e+01,1.300000000000000000e+01
3.779513549804687500e+01,1.049023723602294922e+01,2.000000000000000000e+01,1.300000000000000000e+01
3.640331268310546875e+01,1.149950313568115234e+01,2.000000000000000000e+01,1.300000000000000000e+01
4.365750885009765625e+01,3.238369464874267578e+00,2.000000000000000000e+01,1.300000000000000000e+01
5.637482452392578125e+01,-2.122215509414672852e+00,2.000000000000000000e+01,1.300000000000000000e+01
4.387737655639648438e+01,2.558850765228271484e+00,2.000000000000000000e+01,1.300000000000000000e+01
4.113416671752929688e+01,7.339489936828613281e+00,2.000000000000000000e+01,1.300000000000000000e+01
5.596952056884765625e+01,-2.199632644653320312e+00,2.000000000000000000e+01,1.300000000000000000e+01
5.418319702148437500e+01,-1.743158698081970215e+00,2.000000000000000000e+01,1.300000000000000000e+01
4.198807144165039062e+01,5.944474697113037109e+00,2.000000000000000000e+01,1.300000000000000000e+01
5.480916976928710938e+01,-1.832825660705566406e+00,2.000000000000000000e+01,1.300000000000000000e+01
4.754816818237304688e+01,2.543873488903045654e-01,2.000000000000000000e+01,1.300000000000000000e+01
4.098560714721679688e+01,7.570881843566894531e+00,2.000000000000000000e+01,1.300000000000000000e+01
4.044406127929687500e+01,1.452076339721679688e+01,2.000000000000000000e+01,1.300000000000000000e+01
5.321341323852539062e+01,-1.593097567558288574e+00,2.000000000000000000e+01,1.300000000000000000e+01
5.556586074829101562e+01,-1.955247163772583008e+00,2.000000000000000000e+01,1.300000000000000000e+01
3.853517150878906250e+01,1.283135986328125000e+01,2.000000000000000000e+01,1.300000000000000000e+01
5.635354995727539062e+01,-1.884835600852966309e+00,2.000000000000000000e+01,1.300000000000000000e+01
3.751684188842773438e+01,-1.285615253448486328e+01,2.100000000000000000e+01,1.200000000000000000e+01
1.931010818481445312e+01,-2.897037696838378906e+01,2.100000000000000000e+01,1.200000000000000000e+01
1.828897285461425781e+01,-2.978504753112792969e+01,2.100000000000000000e+01,1.200000000000000000e+01
2.296865844726562500e+01,-2.523422241210937500e+01,2.100000000000000000e+01,1.200000000000000000e+01
3.037305259704589844e+01,-1.938835716247558594e+01,2.100000000000000000e+01,1.200000000000000000e+01
-2.907452201843261719e+01,1.817731380462646484e+00,2.100000000000000000e+01,1.700000000000000000e+01
2.711025428771972656e+01,-2.180620384216308594e+01,2.100000000000000000e+01,1.200000000000000000e+01
2.009941673278808594e+01,-2.809369850158691406e+01,2.100000000000000000e+01,1.200000000000000000e+01
3.586583328247070312e+01,-1.363366603851318359e+01,2.100000000000000000e+01,1.200000000000000000e+01
1.850332069396972656e+01,-2.942590522766113281e+01,2.100000000000000000e+01,1.200000000000000000e+01
3.087784576416015625e+01,-1.812780952453613281e+01,2.100000000000000000e+01,1.200000000000000000e+01
3.855091476440429688e+01,-1.370812702178955078e+01,2.100000000000000000e+01,1.200000000000000000e+01
1.931102752685546875e+01,-2.734305763244628906e+01,2.100000000000000000e+01,1.200000000000000000e+01
2.623181152343750000e+01,-2.253165245056152344e+01,2.100000000000000000e+01,1.200000000000000000e+01
2.080812835693359375e+01,-2.725544357299804688e+01,2.100000000000000000e+01,1.200000000000000000e+01
3.432189941406250000e+01,-1.486519145965576172e+01,2.100000000000000000e+01,1.200000000000000000e+01
2.957138824462890625e+01,-1.937406349182128906e+01,2.100000000000000000e+01,1.200000000000000000e+01
2.295550918579101562e+01,-2.527751731872558594e+01,2.100000000000000000e+01,1.200000000000000000e+01
2.631915283203125000e+01,-2.256159782409667969e+01,2.100000000000000000e+01,1.200000000000000000e+01
3.484709167480468750e+01,-1.411749076843261719e+01,2.100000000000000000e+01,1.200000000000000000e+01
2.948591232299804688e+01,-1.990926742553710938e+01,2.100000000000000000e+01,1.200000000000000000e+01
3.504662322998046875e+01,-1.488591575622558594e+01,2.100000000000000000e+01,1.200000000000000000e+01
3.756731033325195312e+01,-1.276362323760986328e+01,2.100000000000000000e+01,1.200000000000000000e+01
3.295482635498046875e+01,-1.671238517761230469e+01,2.100000000000000000e+01,1.200000000000000000e+01
2.752990531921386719e+01,-2.129195785522460938e+01,2.100000000000000000e+01,1.200000000000000000e+01
2.109537315368652344e+01,-2.703775405883789062e+01,2.100000000000000000e+01,1.200000000000000000e+01
2.681521606445312500e+01,-2.183602142333984375e+01,2.100000000000000000e+01,1.200000000000000000e+01
3.607081604003906250e+01,-1.373619174957275391e+01,2.100000000000000000e+01,1.200000000000000000e+01
1.909726333618164062e+01,-2.829838943481445312e+01,2.100000000000000000e+01,1.200000000000000000e+01
3.325707626342773438e+01,-1.605247688293457031e+01,2.100000000000000000e+01,1.200000000000000000e+01
-2.168296241760253906e+01,1.055050455033779144e-02,2.100000000000000000e+01,1.700000000000000000e+01
2.729081344604492188e+01,-2.171717453002929688e+01,2.100000000000000000e+01,1.200000000000000000e+01
2.583205223083496094e+01,-2.287686157226562500e+01,2.100000000000000000e+01,1.200000000000000000e+01
2.298044776916503906e+01,-2.520790863037109375e+01,2.100000000000000000e+01,1.200000000000000000e+01
3.623236465454101562e+01,-1.384763908386230469e+01,2.100000000000000000e+01,1.200000000000000000e+01
1.861849594116210938e+01,-2.845253562927246094e+01,2.100000000000000000e+01,1.200000000000000000e+01
1.875790977478027344e+01,-2.828173446655273438e+01,2.100000000000000000e+01,1.200000000000000000e+01
3.402248001098632812e+01,-1.506787681579589844e+01,2.100000000000000000e+01,1.200000000000000000e+01
3.742038726806640625e+01,-1.276909637451171875e+01,2.100000000000000000e+01,1.200000000000000000e+01
2.336781692504882812e+01,-2.476366233825683594e+01,2.100000000000000000e+01,1.200000000000000000e+01
3.251639556884765625e+01,-1.782262992858886719e+01,2.100000000000000000e+01,1.200000000000000000e+01
2.859970664978027344e+01,-2.034078216552734375e+01,2.100000000000000000e+01,1.200000000000000000e+01
3.673560714721679688e+01,-1.345147228240966797e+01,2.100000000000000000e+01,1.200000000000000000e+01
2.956813430786132812e+01,-1.931174087524414062e+01,2.100000000000000000e+01,1.200000000000000000e+01
3.181390380859375000e+01,-1.713961410522460938e+01,2.100000000000000000e+01,1.200000000000000000e+01
1.946278190612792969e+01,-2.873502540588378906e+01,2.100000000000000000e+01,1.200000000000000000e+01
3.648495483398437500e+01,-1.325060081481933594e+01,2.100000000000000000e+01,1.200000000000000000e+01
1.881798744201660156e+01,-2.911567878723144531e+01,2.100000000000000000e+01,1.200000000000000000e+01
2.827104377746582031e+01,-2.066660308837890625e+01,2.100000000000000000e+01,1.200000000000000000e+01
3.085703849792480469e+01,-1.824831581115722656e+01,2.100000000000000000e+01,1.200000000000000000e+01
3.563562393188476562e+01,-1.381952095031738281e+01,2.100000000000000000e+01,1.200000000000000000e+01
2.205353355407714844e+01,-2.615672111511230469e+01,2.100000000000000000e+01,1.200000000000000000e+01
3.166534423828125000e+01,-1.743196678161621094e+01,2.100000000000000000e+01,1.200000000000000000e+01
3.007936668395996094e+01,-1.866810989379882812e+01,2.100000000000000000e+01,1.200000000000000000e+01
1.971510314941406250e+01,-2.866042327880859375e+01,2.100000000000000000e+01,1.200000000000000000e+01
3.302969741821289062e+01,-1.707306480407714844e+01,2.100000000000000000e+01,1.200000000000000000e+01
2.248167800903320312e+01,-2.558128547668457031e+01,2.100000000000000000e+01,1.200000000000000000e+01
2.781333923339843750e+01,-2.183166503906250000e+01,2.100000000000000000e+01,1.200000000000000000e+01
2.754640388488769531e+01,-2.184696578979492188e+01,2.100000000000000000e+01,1.200000000000000000e+01
2.003253173828125000e+01,-2.918062782287597656e+01,2.100000000000000000e+01,1.200000000000000000e+01
2.505347442626953125e+01,-2.351016807556152344e+01,2.100000000000000000e+01,1.200000000000000000e+01
3.385848617553710938e+01,-1.744528961181640625e+01,2.100000000000000000e+01,1.200000000000000000e+01
2.588542175292968750e+01,-2.283844757080078125e+01,2.100000000000000000e+01,1.200000000000000000e+01
2.331609153747558594e+01,-2.493169784545898438e+01,2.100000000000000000e+01,1.200000000000000000e+01
1.987038230895996094e+01,-2.827789878845214844e+01,2.100000000000000000e+01,1.200000000000000000e+01
1.937685203552246094e+01,-2.889357185363769531e+01,2.100000000000000000e+01,1.200000000000000000e+01
-2.008903503417968750e+01,-2.418539762496948242e+00,2.100000000000000000e+01,1.700000000000000000e+01
3.179876518249511719e+01,-1.691882324218750000e+01,2.100000000000000000e+01,1.200000000000000000e+01
-2.084408760070800781e+01,-3.077120542526245117e+00,2.100000000000000000e+01,1.700000000000000000e+01
2.214388656616210938e+01,-2.600417900085449219e+01,2.100000000000000000e+01,1.200000000000000000e+01
2.888961601257324219e+01,-2.023353767395019531e+01,2.100000000000000000e+01,1.200000000000000000e+01
3.400297164916992188e+01,-1.508858680725097656e+01,2.100000000000000000e+01,1.200000000000000000e+01
3.700994491577148438e+01,-1.288803386688232422e+01,2.100000000000000000e+01,1.200000000000000000e+01
2.343338966369628906e+01,-2.480654907226562500e+01,2.100000000000000000e+01,1.200000000000000000e+01
3.178114128112792969e+01,-1.681721496582031250e+01,2.100000000000000000e+01,1.200000000000000000e+01
-2.103594207763671875e+01,-3.132386207580566406e+00,2.100000000000000000e+01,1.700000000000000000e+01
1.943092536926269531e+01,-2.793989753723144531e+01,2.100000000000000000e+01,1.200000000000000000e+01
3.250972366333007812e+01,-1.648932456970214844e+01,2.100000000000000000e+01,1.200000000000000000e+01
3.112582588195800781e+01,-1.777049255371093750e+01,2.100000000000000000e+01,1.200000000000000000e+01
2.709196662902832031e+01,-2.152575683593750000e+01,2.100000000000000000e+01,1.200000000000000000e+01
3.059121131896972656e+01,-1.938630867004394531e+01,2.100000000000000000e+01,1.200000000000000000e+01
2.821665763854980469e+01,-2.074767494201660156e+01,2.100000000000000000e+01,1.200000000000000000e+01
2.181467437744140625e+01,-2.637367630004882812e+01,2.100000000000000000e+01,1.200000000000000000e+01
-2.185662078857421875e+01,-2.786534547805786133e+00,2.100000000000000000e+01,1.700000000000000000e+01
3.063183212280273438e+01,-1.823694419860839844e+01,2.100000000000000000e+01,1.200000000000000000e+01
-1.628938484191894531e+01,-5.289722442626953125e+00,2.100000000000000000e+01,1.700000000000000000e+01
-1.948793792724609375e+01,-5.592702388763427734e+00,2.100000000000000000e+01,1.700000000000000000e+01
2.092131233215332031e+01,-2.732451248168945312e+01,2.100000000000000000e+01,1.200000000000000000e+01
3.201554489135742188e+01,-1.696706962585449219e+01,2.100000000000000000e+01,1.200000000000000000e+01
2.142018699645996094e+01,-2.702143478393554688e+01,2.100000000000000000e+01,1.200000000000000000e+01
2.784158134460449219e+01,-2.220414161682128906e+01,2.100000000000000000e+01,1.200000000000000000e+01
3.000678825378417969e+01,-1.918610763549804688e+01,2.100000000000000000e+01,1.200000000000000000e+01
3.427416992187500000e+01,-1.454889774322509766e+01,2.100000000000000000e+01,1.200000000000000000e+01
3.358015060424804688e+01,-1.548551845550537109e+01,2.100000000000000000e+01,1.200000000000000000e+01
2.518987846374511719e+01,-2.320817184448242188e+01,2.100000000000000000e+01,1.200000000000000000e+01
2.164290809631347656e+01,-2.657995796203613281e+01,2.100000000000000000e+01,1.200000000000000000e+01
3.220766067504882812e+01,-1.762226104736328125e+01,2.100000000000000000e+01,1.200000000000000000e+01
2.344433021545410156e+01,-2.473333930969238281e+01,2.100000000000000000e+01,1.200000000000000000e+01
1.939190483093261719e+01,-2.915855026245117188e+01,2.100000000000000000e+01,1.200000000000000000e+01
2.299858474731445312e+01,-2.523401641845703125e+01,2.100000000000000000e+01,1.200000000000000000e+01
3.364579772949218750e+01,-1.738528442382812500e+01,2.100000000000000000e+01,1.200000000000000000e+01
3.501838302612304688e+01,-1.409685897827148438e+01,2.100000000000000000e+01,1.200000000000000000e+01
3.386082077026367188e+01,-1.711173439025878906e+01,2.100000000000000000e+01,1.200000000000000000e+01
3.278315353393554688e+01,-1.761280632019042969e+01,2.100000000000000000e+01,1.200000000000000000e+01
2.696967315673828125e+01,-2.185429954528808594e+01,2.100000000000000000e+01,1.200000000000000000e+01
3.573956298828125000e+01,-1.371417140960693359e+01,2.100000000000000000e+01,1.200000000000000000e+01
2.327441596984863281e+01,-2.500501632690429688e+01,2.100000000000000000e+01,1.200000000000000000e+01
2.628141403198242188e+01,-2.077120399475097656e+01,2.100000000000000000e+01,1.200000000000000000e+01
3.662827682495117188e+01,-1.334427833557128906e+01,2.100000000000000000e+01,1.200000000000000000e+01
3.188430404663085938e+01,-1.696069908142089844e+01,2.100000000000000000e+01,1.200000000000000000e+01
2.680530929565429688e+01,-2.262408447265625000e+01,2.100000000000000000e+01,1.200000000000000000e+01
3.367729568481445312e+01,-1.558849525451660156e+01,2.100000000000000000e+01,1.200000000000000000e+01
-2.106539344787597656e+01,-3.053459882736206055e+00,2.100000000000000000e+01,1.700000000000000000e+01
3.748467254638671875e+01,-1.282156372070312500e+01,2.100000000000000000e+01,1.200000000000000000e+01
2.971490478515625000e+01,-1.953975486755371094e+01,2.100000000000000000e+01,1.200000000000000000e+01
1.943889045715332031e+01,-2.874513816833496094e+01,2.100000000000000000e+01,1.200000000000000000e+01
1.845674324035644531e+01,-2.951112937927246094e+01,2.100000000000000000e+01,1.200000000000000000e+01
1.944851684570312500e+01,-2.708762741088867188e+01,2.100000000000000000e+01,1.200000000000000000e+01
2.927085304260253906e+01,-1.968198966979980469e+01,2.100000000000000000e+01,1.200000000000000000e+01
-1.806426811218261719e+01,-3.807675838470458984e+00,2.100000000000000000e+01,1.700000000000000000e+01
3.349122619628906250e+01,-1.585615825653076172e+01,2.100000000000000000e+01,1.200000000000000000e+01
3.530177688598632812e+01,-1.459891414642333984e+01,2.100000000000000000e+01,1.200000000000000000e+01
3.512831497192382812e+01,-1.442511940002441406e+01,2.100000000000000000e+01,1.200000000000000000e+01
3.273652648925781250e+01,-1.830889701843261719e+01,2.100000000000000000e+01,1.200000000000000000e+01
-3.182260322570800781e+01,1.952517032623291016e+00,2.100000000000000000e+01,2.000000000000000000e+01
2.393263435363769531e+01,-2.444598579406738281e+01,2.100000000000000000e+01,1.200000000000000000e+01
3.011211204528808594e+01,-1.890854835510253906e+01,2.100000000000000000e+01,1.200000000000000000e+01
-2.876384925842285156e+01,1.717776656150817871e+00,2.100000000000000000e+01,1.700000000000000000e+01
2.885104370117187500e+01,-2.031749916076660156e+01,2.100000000000000000e+01,1.200000000000000000e+01
3.710487747192382812e+01,-1.294155788421630859e+01,2.100000000000000000e+01,1.200000000000000000e+01
2.943280029296875000e+01,-1.963789367675781250e+01,2.100000000000000000e+01,1.200000000000000000e+01
3.886353683471679688e+01,-1.478910636901855469e+01,2.100000000000000000e+01,1.200000000000000000e+01
2.919606399536132812e+01,-1.974454689025878906e+01,2.100000000000000000e+01,1.200000000000000000e+01
1.986088943481445312e+01,-2.834033584594726562e+01,2.100000000000000000e+01,1.200000000000000000e+01
2.356626892089843750e+01,-2.468362426757812500e+01,2.100000000000000000e+01,1.200000000000000000e+01
2.173993873596191406e+01,-2.645099258422851562e+01,2.100000000000000000e+01,1.200000000000000000e+01
2.126630592346191406e+01,-2.686509132385253906e+01,2.100000000000000000e+01,1.200000000000000000e+01
3.767341613769531250e+01,-1.273524761199951172e+01,2.100000000000000000e+01,1.200000000000000000e+01
-5.638015747070312500e+01,2.035058021545410156e+01,2.100000000000000000e+01,1.700000000000000000e+01
2.140382385253906250e+01,-2.670212745666503906e+01,2.100000000000000000e+01,1.200000000000000000e+01
1.923239707946777344e+01,-2.902955245971679688e+01,2.100000000000000000e+01,1.200000000000000000e+01
2.677273750305175781e+01,-2.240514373779296875e+01,2.100000000000000000e+01,1.200000000000000000e+01
3.450566864013671875e+01,-1.569537544250488281e+01,2.100000000000000000e+01,1.200000000000000000e+01
1.876847457885742188e+01,-2.879331016540527344e+01,2.100000000000000000e+01,1.200000000000000000e+01
3.367818832397460938e+01,-1.631200218200683594e+01,2.100000000000000000e+01,1.200000000000000000e+01
1.944445419311523438e+01,-2.896815299987792969e+01,2.100000000000000000e+01,1.200000000000000000e+01
2.133364486694335938e+01,-2.682538414001464844e+01,2.100000000000000000e+01,1.200000000000000000e+01
3.092936325073242188e+01,-1.792966079711914062e+01,2.100000000000000000e+01,1.200000000000000000e+01
3.674166107177734375e+01,-1.385202980041503906e+01,2.100000000000000000e+01,1.200000000000000000e+01
-1.738022613525390625e+01,-4.118227481842041016e+00,2.100000000000000000e+01,1.700000000000000000e+01
2.430700683593750000e+01,-2.398632240295410156e+01,2.100000000000000000e+01,1.200000000000000000e+01
2.885481834411621094e+01,-2.005703544616699219e+01,2.100000000000000000e+01,1.200000000000000000e+01
-5.628943634033203125e+01,2.062602806091308594e+01,2.100000000000000000e+01,1.700000000000000000e+01
3.606658935546875000e+01,-1.368045711517333984e+01,2.100000000000000000e+01,1.200000000000000000e+01
2.267722320556640625e+01,-2.552018356323242188e+01,2.100000000000000000e+01,1.200000000000000000e+01
3.050081253051757812e+01,-1.839951133728027344e+01,2.100000000000000000e+01,1.200000000000000000e+01
3.388354110717773438e+01,-1.630622863769531250e+01,2.100000000000000000e+01,1.200000000000000000e+01
2.979957962036132812e+01,-1.913422393798828125e+01,2.100000000000000000e+01,1.200000000000000000e+01
2.278460311889648438e+01,-2.406500816345214844e+01,2.100000000000000000e+01,1.200000000000000000e+01
3.153930854797363281e+01,-1.904011344909667969e+01,2.100000000000000000e+01,1.200000000000000000e+01
3.705766296386718750e+01,-1.300501346588134766e+01,2.100000000000000000e+01,1.200000000000000000e+01
3.579326629638671875e+01,-1.393339443206787109e+01,2.100000000000000000e+01,1.200000000000000000e+01
2.008491516113281250e+01,-2.827498626708984375e+01,2.100000000000000000e+01,1.200000000000000000e+01
2.830069732666015625e+01,-2.070265960693359375e+01,2.100000000000000000e+01,1.200000000000000000e+01
2.986019897460937500e+01,-1.897693443298339844e+01,2.100000000000000000e+01,1.200000000000000000e+01
3.747724151611328125e+01,-1.280752849578857422e+01,2.100000000000000000e+01,1.200000000000000000e+01
2.716756820678710938e+01,-2.185059928894042969e+01,2.100000000000000000e+01,1.200000000000000000e+01
2.044151496887207031e+01,-2.776078605651855469e+01,2.100000000000000000e+01,1.200000000000000000e+01
3.630813598632812500e+01,-1.316262912750244141e+01,2.100000000000000000e+01,1.200000000000000000e+01
2.214969062805175781e+01,-2.601224899291992188e+01,2.100000000000000000e+01,1.200000000000000000e+01
3.058563995361328125e+01,-1.839444160461425781e+01,2.100000000000000000e+01,1.200000000000000000e+01
2.213915443420410156e+01,-2.604730224609375000e+01,2.100000000000000000e+01,1.200000000000000000e+01
1.935117721557617188e+01,-2.880316352844238281e+01,2.100000000000000000e+01,1.200000000000000000e+01
2.148442268371582031e+01,-2.664019775390625000e+01,2.100000000000000000e+01,1.200000000000000000e+01
3.069114875793457031e+01,-1.842660903930664062e+01,2.100000000000000000e+01,1.200000000000000000e+01
-1.895443916320800781e+01,-3.494144201278686523e+00,2.100000000000000000e+01,1.700000000000000000e+01
3.691382217407226562e+01,-1.322667503356933594e+01,2.100000000000000000e+01,1.200000000000000000e+01
2.415172195434570312e+01,-2.426234626770019531e+01,2.100000000000000000e+01,1.200000000000000000e+01
3.444150161743164062e+01,-1.463199996948242188e+01,2.100000000000000000e+01,1.200000000000000000e+01
2.920383834838867188e+01,-1.963882064819335938e+01,2.100000000000000000e+01,1.200000000000000000e+01
2.266589736938476562e+01,-2.552464294433593750e+01,2.100000000000000000e+01,1.200000000000000000e+01
2.413518524169921875e+01,-2.426087760925292969e+01,2.100000000000000000e+01,1.200000000000000000e+01
3.685128784179687500e+01,-1.305567646026611328e+01,2.100000000000000000e+01,1.200000000000000000e+01
3.070511436462402344e+01,-1.831941604614257812e+01,2.100000000000000000e+01,1.200000000000000000e+01
3.063013458251953125e+01,-1.844226837158203125e+01,2.100000000000000000e+01,1.200000000000000000e+01
3.531203460693359375e+01,-1.407080554962158203e+01,2.100000000000000000e+01,1.200000000000000000e+01
3.655835342407226562e+01,-1.322050094604492188e+01,2.100000000000000000e+01,1.200000000000000000e+01
2.790638732910156250e+01,-2.094771957397460938e+01,2.100000000000000000e+01,1.200000000000000000e+01
2.584663772583007812e+01,-2.288249206542968750e+01,2.100000000000000000e+01,1.200000000000000000e+01
3.442679214477539062e+01,-1.464834690093994141e+01,2.100000000000000000e+01,1.200000000000000000e+01
1.934870719909667969e+01,-2.889664649963378906e+01,2.100000000000000000e+01,1.200000000000000000e+01
3.275843811035156250e+01,-1.613189697265625000e+01,2.100000000000000000e+01,1.200000000000000000e+01
2.154511451721191406e+01,-2.617766952514648438e+01,2.100000000000000000e+01,1.200000000000000000e+01
1.904758644104003906e+01,-2.774196815490722656e+01,2.100000000000000000e+01,1.200000000000000000e+01
2.651757812500000000e+01,-2.225250244140625000e+01,2.100000000000000000e+01,1.200000000000000000e+01
2.784746360778808594e+01,-2.198138809204101562e+01,2.100000000000000000e+01,1.200000000000000000e+01
2.453244400024414062e+01,-2.392496681213378906e+01,2.100000000000000000e+01,1.200000000000000000e+01
3.459138870239257812e+01,-1.555615520477294922e+01,2.100000000000000000e+01,1.200000000000000000e+01
-2.908057212829589844e+01,1.859759092330932617e+00,2.100000000000000000e+01,1.700000000000000000e+01
3.383647537231445312e+01,-1.527042770385742188e+01,2.100000000000000000e+01,1.200000000000000000e+01
3.623490142822265625e+01,-1.361621379852294922e+01,2.100000000000000000e+01,1.200000000000000000e+01
2.271198081970214844e+01,-2.549365615844726562e+01,2.100000000000000000e+01,1.200000000000000000e+01
2.943057060241699219e+01,-1.965862464904785156e+01,2.100000000000000000e+01,1.200000000000000000e+01
3.749679183959960938e+01,-1.289938259124755859e+01,2.100000000000000000e+01,1.200000000000000000e+01
2.378289985656738281e+01,-2.457898330688476562e+01,2.100000000000000000e+01,1.200000000000000000e+01
2.840114021301269531e+01,-2.063943481445312500e+01,2.100000000000000000e+01,1.200000000000000000e+01
2.674449539184570312e+01,-2.212795066833496094e+01,2.100000000000000000e+01,1.200000000000000000e+01
1.970202255249023438e+01,-2.900069427490234375e+01,2.100000000000000000e+01,1.200000000000000000e+01
-2.111243438720703125e+01,-3.134576797485351562e+00,2.100000000000000000e+01,1.700000000000000000e+01
3.357987594604492188e+01,-1.559854888916015625e+01,2.100000000000000000e+01,1.200000000000000000e+01
-9.130823135375976562e+00,8.644028663635253906e+00,2.200000000000000000e+01,1.900000000000000000e+01
-9.012416839599609375e+00,1.191911125183105469e+01,2.200000000000000000e+01,1.900000000000000000e+01
-2.277263069152832031e+01,2.121946573257446289e+00,2.200000000000000000e+01,1.700000000000000000e+01
-3.268165588378906250e+01,7.227557182312011719e+00,2.200000000000000000e+01,2.000000000000000000e+01
-2.107358551025390625e+01,8.965394020080566406e+00,2.200000000000000000e+01,1.900000000000000000e+01
-2.161723136901855469e+01,8.619538307189941406e+00,2.200000000000000000e+01,1.900000000000000000e+01
-1.199788093566894531e+01,7.582774162292480469e+00,2.200000000000000000e+01,1.900000000000000000e+01
-2.031181716918945312e+01,9.351139068603515625e+00,2.200000000000000000e+01,1.900000000000000000e+01
-3.323537063598632812e+01,5.185409545898437500e+00,2.200000000000000000e+01,2.000000000000000000e+01
-3.246466064453125000e+01,2.516489982604980469e+00,2.200000000000000000e+01,2.000000000000000000e+01
-2.050694847106933594e+01,9.269612312316894531e+00,2.200000000000000000e+01,1.900000000000000000e+01
-2.419178390502929688e+01,6.427562713623046875e+00,2.200000000000000000e+01,1.700000000000000000e+01
-1.268496322631835938e+01,8.412439346313476562e+00,2.200000000000000000e+01,1.900000000000000000e+01
-3.106497001647949219e+01,4.240581989288330078e+00,2.200000000000000000e+01,2.000000000000000000e+01
-2.290943717956542969e+01,2.484575510025024414e+00,2.200000000000000000e+01,1.700000000000000000e+01
-2.028187942504882812e+01,9.362094879150390625e+00,2.200000000000000000e+01,1.900000000000000000e+01
-2.199589538574218750e+01,5.826123356819152832e-01,2.200000000000000000e+01,1.700000000000000000e+01
-2.304522705078125000e+01,7.559293270111083984e+00,2.200000000000000000e+01,1.700000000000000000e+01
-2.300644874572753906e+01,3.820932388305664062e+00,2.200000000000000000e+01,1.700000000000000000e+01
-2.934742927551269531e+01,4.571514129638671875e+00,2.200000000000000000e+01,1.700000000000000000e+01
-5.844717407226562500e+01,2.307774162292480469e+01,2.200000000000000000e+01,1.500000000000000000e+01
-4.356006240844726562e+01,4.241213321685791016e+00,2.200000000000000000e+01,2.000000000000000000e+01
-1.121419525146484375e+01,1.333065891265869141e+01,2.200000000000000000e+01,1.400000000000000000e+01
-3.031764793395996094e+01,4.111902236938476562e+00,2.200000000000000000e+01,2.000000000000000000e+01
-3.026712417602539062e+01,4.445856094360351562e+00,2.200000000000000000e+01,2.000000000000000000e+01
-3.197113609313964844e+01,7.444914340972900391e+00,2.200000000000000000e+01,2.000000000000000000e+01
-2.385381507873535156e+01,3.213231086730957031e+00,2.200000000000000000e+01,1.700000000000000000e+01
-2.453934860229492188e+01,4.425922870635986328e+00,2.200000000000000000e+01,1.700000000000000000e+01
-2.453253173828125000e+01,5.488452911376953125e+00,2.200000000000000000e+01,1.700000000000000000e+01
-1.175374412536621094e+01,7.220703601837158203e+00,2.200000000000000000e+01,1.900000000000000000e+01
-2.327440261840820312e+01,7.018380165100097656e+00,2.200000000000000000e+01,1.700000000000000000e+01
-2.443744277954101562e+01,4.022387027740478516e+00,2.200000000000000000e+01,1.700000000000000000e+01
-2.103446388244628906e+01,8.995776176452636719e+00,2.200000000000000000e+01,1.900000000000000000e+01
-9.168769836425781250e+00,1.062340927124023438e+01,2.200000000000000000e+01,1.900000000000000000e+01
-9.169114112854003906e+00,1.208792018890380859e+01,2.200000000000000000e+01,1.900000000000000000e+01
-2.167806625366210938e+01,8.558301925659179688e+00,2.200000000000000000e+01,1.900000000000000000e+01
-2.320811653137207031e+01,6.813959121704101562e+00,2.200000000000000000e+01,1.700000000000000000e+01
-8.500146865844726562e+00,9.889228820800781250e+00,2.200000000000000000e+01,1.900000000000000000e+01
-2.336589050292968750e+01,3.338193178176879883e+00,2.200000000000000000e+01,1.700000000000000000e+01
-9.395458221435546875e+00,8.740140914916992188e+00,2.200000000000000000e+01,1.900000000000000000e+01
-2.325204277038574219e+01,7.030856609344482422e+00,2.200000000000000000e+01,1.700000000000000000e+01
-2.325254440307617188e+01,6.068215370178222656e+00,2.200000000000000000e+01,1.700000000000000000e+01
-2.346899032592773438e+01,6.948291301727294922e+00,2.200000000000000000e+01,1.700000000000000000e+01
-9.681512832641601562e+00,7.983505249023437500e+00,2.200000000000000000e+01,1.900000000000000000e+01
-9.059617042541503906e+00,8.439332962036132812e+00,2.200000000000000000e+01,1.900000000000000000e+01
-3.269092178344726562e+01,7.609204292297363281e+00,2.200000000000000000e+01,2.000000000000000000e+01
-1.238969898223876953e+01,7.461555480957031250e+00,2.200000000000000000e+01,1.900000000000000000e+01
-2.257203674316406250e+01,1.715772390365600586e+00,2.200000000000000000e+01,1.700000000000000000e+01
-1.397896385192871094e+01,9.078219413757324219e+00,2.200000000000000000e+01,1.900000000000000000e+01
-8.518161773681640625e+00,1.077606678009033203e+01,2.200000000000000000e+01,1.900000000000000000e+01
-2.195772743225097656e+01,8.339653015136718750e+00,2.200000000000000000e+01,1.700000000000000000e+01
-2.335500144958496094e+01,2.900192022323608398e+00,2.200000000000000000e+01,1.700000000000000000e+01
-2.375556182861328125e+01,6.634510040283203125e+00,2.200000000000000000e+01,1.700000000000000000e+01
-1.166817569732666016e+01,9.796726226806640625e+00,2.200000000000000000e+01,1.900000000000000000e+01
-3.142855453491210938e+01,5.635688781738281250e+00,2.200000000000000000e+01,2.000000000000000000e+01
-2.286967086791992188e+01,6.270804405212402344e+00,2.200000000000000000e+01,1.700000000000000000e+01
3.854416656494140625e+01,-1.373492240905761719e+01,2.200000000000000000e+01,1.200000000000000000e+01
-2.539259719848632812e+01,4.459319591522216797e+00,2.200000000000000000e+01,1.700000000000000000e+01
-2.876655960083007812e+01,4.936028003692626953e+00,2.200000000000000000e+01,1.700000000000000000e+01
-8.593811988830566406e+00,1.019767379760742188e+01,2.200000000000000000e+01,1.900000000000000000e+01
-1.096046066284179688e+01,7.281413078308105469e+00,2.200000000000000000e+01,1.900000000000000000e+01
-4.799598312377929688e+01,6.998985290527343750e+00,2.200000000000000000e+01,2.000000000000000000e+01
-2.333007240295410156e+01,5.995036602020263672e+00,2.200000000000000000e+01,1.700000000000000000e+01
5.456155395507812500e+01,2.277300453186035156e+01,2.200000000000000000e+01,1.400000000000000000e+01
-1.115792655944824219e+01,7.897262573242187500e+00,2.200000000000000000e+01,1.900000000000000000e+01
-1.147976589202880859e+01,8.051915168762207031e+00,2.200000000000000000e+01,1.900000000000000000e+01
-1.101656818389892578e+01,7.450690746307373047e+00,2.200000000000000000e+01,1.900000000000000000e+01
-2.082276916503906250e+01,9.107168197631835938e+00,2.200000000000000000e+01,1.900000000000000000e+01
-2.179329490661621094e+01,8.488418579101562500e+00,2.200000000000000000e+01,1.900000000000000000e+01
-2.291075706481933594e+01,3.691081523895263672e+00,2.200000000000000000e+01,1.700000000000000000e+01
-1.165406990051269531e+01,1.006652736663818359e+01,2.200000000000000000e+01,1.900000000000000000e+01
-2.284441947937011719e+01,2.241035461425781250e+00,2.200000000000000000e+01,1.700000000000000000e+01
-1.181235790252685547e+01,7.684616088867187500e+00,2.200000000000000000e+01,1.900000000000000000e+01
-1.107256603240966797e+01,7.389926433563232422e+00,2.200000000000000000e+01,1.900000000000000000e+01
-2.311517906188964844e+01,2.356000900268554688e+00,2.200000000000000000e+01,1.700000000000000000e+01
-2.972018623352050781e+01,4.653321743011474609e+00,2.200000000000000000e+01,2.000000000000000000e+01
-2.294389343261718750e+01,2.877223730087280273e+00,2.200000000000000000e+01,1.700000000000000000e+01
-3.127565765380859375e+01,3.738570213317871094e+00,2.200000000000000000e+01,2.000000000000000000e+01
-2.033924674987792969e+01,9.341886520385742188e+00,2.200000000000000000e+01,1.900000000000000000e+01
-8.599375724792480469e+00,1.119614505767822266e+01,2.200000000000000000e+01,1.900000000000000000e+01
-2.496541404724121094e+01,5.311161518096923828e+00,2.200000000000000000e+01,1.700000000000000000e+01
3.041397094726562500e+01,-3.982554244995117188e+01,2.200000000000000000e+01,1.600000000000000000e+01
-8.722916603088378906e+00,1.023145580291748047e+01,2.200000000000000000e+01,1.900000000000000000e+01
-2.494621658325195312e+01,4.957488536834716797e+00,2.200000000000000000e+01,1.700000000000000000e+01
-2.650323867797851562e+01,4.908981323242187500e+00,2.200000000000000000e+01,1.700000000000000000e+01
-1.028852653503417969e+01,7.659252643585205078e+00,2.200000000000000000e+01,1.900000000000000000e+01
-9.258635520935058594e+00,8.230377197265625000e+00,2.200000000000000000e+01,1.900000000000000000e+01
-1.364525699615478516e+01,1.032037925720214844e+01,2.200000000000000000e+01,1.900000000000000000e+01
-3.562739181518554688e+01,8.373639106750488281e+00,2.200000000000000000e+01,2.000000000000000000e+01
-1.140080165863037109e+01,7.383662700653076172e+00,2.200000000000000000e+01,1.900000000000000000e+01
-3.172681808471679688e+01,3.041811227798461914e+00,2.200000000000000000e+01,2.000000000000000000e+01
-2.431962966918945312e+01,5.158790588378906250e+00,2.200000000000000000e+01,1.700000000000000000e+01
-3.006406211853027344e+01,4.322985649108886719e+00,2.200000000000000000e+01,2.000000000000000000e+01
-3.679961776733398438e+01,4.199086666107177734e+00,2.200000000000000000e+01,2.000000000000000000e+01
-9.330780982971191406e+00,1.090982437133789062e+01,2.200000000000000000e+01,1.900000000000000000e+01
-2.658094406127929688e+01,4.799642562866210938e+00,2.200000000000000000e+01,1.700000000000000000e+01
-1.147768497467041016e+01,7.266666412353515625e+00,2.200000000000000000e+01,1.900000000000000000e+01
-2.352427291870117188e+01,3.952907323837280273e+00,2.200000000000000000e+01,1.700000000000000000e+01
-2.307406806945800781e+01,2.695357561111450195e+00,2.200000000000000000e+01,1.700000000000000000e+01
-2.288045120239257812e+01,7.398502349853515625e+00,2.200000000000000000e+01,1.700000000000000000e+01
-8.508338928222656250e+00,1.088472747802734375e+01,2.200000000000000000e+01,1.900000000000000000e+01
-1.351516056060791016e+01,8.659087181091308594e+00,2.200000000000000000e+01,1.900000000000000000e+01
-9.730630874633789062e+00,7.760974884033203125e+00,2.200000000000000000e+01,1.900000000000000000e+01
-3.022773551940917969e+01,4.423971652984619141e+00,2.200000000000000000e+01,2.000000000000000000e+01
-1.178071594238281250e+01,8.267477989196777344e+00,2.200000000000000000e+01,1.900000000000000000e+01
-2.266833114624023438e+01,1.855606079101562500e+00,2.200000000000000000e+01,1.700000000000000000e+01
-3.161683273315429688e+01,3.033772230148315430e+00,2.200000000000000000e+01,2.000000000000000000e+01
-3.030313110351562500e+01,4.549380302429199219e+00,2.200000000000000000e+01,2.000000000000000000e+01
-2.499287986755371094e+01,5.261357784271240234e+00,2.200000000000000000e+01,1.700000000000000000e+01
-2.435527420043945312e+01,4.264172077178955078e+00,2.200000000000000000e+01,1.700000000000000000e+01
-1.295435810089111328e+01,7.746006965637207031e+00,2.200000000000000000e+01,1.900000000000000000e+01
-9.961026191711425781e+00,1.030956363677978516e+01,2.200000000000000000e+01,1.900000000000000000e+01
-3.758203506469726562e+01,1.861726379394531250e+01,2.200000000000000000e+01,1.800000000000000000e+01
-2.241761589050292969e+01,7.911653995513916016e+00,2.200000000000000000e+01,1.700000000000000000e+01
-9.106371879577636719e+00,1.202908802032470703e+01,2.200000000000000000e+01,1.900000000000000000e+01
-1.333519172668457031e+01,8.060226440429687500e+00,2.200000000000000000e+01,1.900000000000000000e+01
-9.294358253479003906e+00,1.216804409027099609e+01,2.200000000000000000e+01,1.900000000000000000e+01
-3.258708190917968750e+01,6.254473686218261719e+00,2.200000000000000000e+01,2.000000000000000000e+01
-2.277882385253906250e+01,2.302003860473632812e+00,2.200000000000000000e+01,1.700000000000000000e+01
-1.060990047454833984e+01,7.319420814514160156e+00,2.200000000000000000e+01,1.900000000000000000e+01
-8.618840217590332031e+00,1.018593120574951172e+01,2.200000000000000000e+01,1.900000000000000000e+01
-1.373807430267333984e+01,1.032771492004394531e+01,2.200000000000000000e+01,1.900000000000000000e+01
-1.275041198730468750e+01,7.759108066558837891e+00,2.200000000000000000e+01,1.900000000000000000e+01
-2.354699707031250000e+01,6.511962413787841797e+00,2.200000000000000000e+01,1.700000000000000000e+01
-2.050472259521484375e+01,9.271036148071289062e+00,2.200000000000000000e+01,1.900000000000000000e+01
-3.162745285034179688e+01,3.971952676773071289e+00,2.200000000000000000e+01,2.000000000000000000e+01
-3.600361251831054688e+01,1.882820844650268555e+00,2.200000000000000000e+01,2.000000000000000000e+01
-8.480490684509277344e+00,1.052842521667480469e+01,2.200000000000000000e+01,1.900000000000000000e+01
-1.385631656646728516e+01,1.016912174224853516e+01,2.200000000000000000e+01,1.900000000000000000e+01
-1.383700275421142578e+01,1.053787422180175781e+01,2.200000000000000000e+01,1.600000000000000000e+01
-9.845503807067871094e+00,9.779754638671875000e+00,2.200000000000000000e+01,1.900000000000000000e+01
-3.543832397460937500e+01,1.826190757751464844e+01,2.200000000000000000e+01,1.800000000000000000e+01
-1.017506408691406250e+01,7.467220306396484375e+00,2.200000000000000000e+01,1.900000000000000000e+01
-2.580095863342285156e+01,5.191549301147460938e+00,2.200000000000000000e+01,1.700000000000000000e+01
-4.785656738281250000e+01,6.950150012969970703e+00,2.200000000000000000e+01,2.000000000000000000e+01
-9.367800712585449219e+00,8.144265174865722656e+00,2.200000000000000000e+01,1.900000000000000000e+01
-3.013289070129394531e+01,3.675204515457153320e+00,2.200000000000000000e+01,2.000000000000000000e+01
-1.181652736663818359e+01,9.201743125915527344e+00,2.200000000000000000e+01,1.900000000000000000e+01
3.177529335021972656e+01,-3.578398132324218750e+01,2.200000000000000000e+01,1.600000000000000000e+01
1.819557762145996094e+01,-2.992071151733398438e+01,2.200000000000000000e+01,1.200000000000000000e+01
-1.113879871368408203e+01,1.322954273223876953e+01,2.200000000000000000e+01,1.300000000000000000e+01
-1.002333354949951172e+01,7.821168422698974609e+00,2.200000000000000000e+01,1.900000000000000000e+01
-1.129347229003906250e+01,1.106902217864990234e+01,2.200000000000000000e+01,1.900000000000000000e+01
-2.360088348388671875e+01,6.498649597167968750e+00,2.200000000000000000e+01,1.700000000000000000e+01
-3.408417129516601562e+01,4.595606327056884766e+00,2.200000000000000000e+01,2.000000000000000000e+01
-1.004591274261474609e+01,7.512032985687255859e+00,2.200000000000000000e+01,1.900000000000000000e+01
-1.307007408142089844e+01,7.818774223327636719e+00,2.200000000000000000e+01,1.900000000000000000e+01
-2.527161026000976562e+01,5.238570213317871094e+00,2.200000000000000000e+01,1.700000000000000000e+01
-1.104382705688476562e+01,1.312337493896484375e+01,2.200000000000000000e+01,1.300000000000000000e+01
-8.645419120788574219e+00,1.130767631530761719e+01,2.200000000000000000e+01,1.900000000000000000e+01
-3.049356460571289062e+01,4.063405990600585938e+00,2.200000000000000000e+01,2.000000000000000000e+01
-2.046685218811035156e+01,9.287466049194335938e+00,2.200000000000000000e+01,1.900000000000000000e+01
-9.272996902465820312e+00,8.445471763610839844e+00,2.200000000000000000e+01,1.900000000000000000e+01
-2.245265007019042969e+01,7.777169227600097656e+00,2.200000000000000000e+01,1.700000000000000000e+01
-8.679321289062500000e+00,1.128999137878417969e+01,2.200000000000000000e+01,1.900000000000000000e+01
-9.167384147644042969e+00,1.211484813690185547e+01,2.200000000000000000e+01,1.900000000000000000e+01
-8.894593238830566406e+00,9.305169105529785156e+00,2.200000000000000000e+01,1.900000000000000000e+01
-3.214041519165039062e+01,7.489792823791503906e+00,2.200000000000000000e+01,2.000000000000000000e+01
-2.223748970031738281e+01,1.028129577636718750e+00,2.200000000000000000e+01,1.700000000000000000e+01
-1.001247215270996094e+01,7.628458976745605469e+00,2.200000000000000000e+01,1.900000000000000000e+01
-2.427252388000488281e+01,4.473765850067138672e+00,2.200000000000000000e+01,1.700000000000000000e+01
-2.370104026794433594e+01,6.516282558441162109e+00,2.200000000000000000e+01,1.700000000000000000e+01
-1.023298740386962891e+01,1.183468151092529297e+01,2.200000000000000000e+01,1.900000000000000000e+01
-2.226408958435058594e+01,8.254467964172363281e+00,2.200000000000000000e+01,1.700000000000000000e+01
-3.490885162353515625e+01,2.730502843856811523e+00,2.200000000000000000e+01,2.000000000000000000e+01
-3.075832557678222656e+01,4.787718772888183594e+00,2.200000000000000000e+01,2.000000000000000000e+01
-3.158990859985351562e+01,6.137567520141601562e+00,2.200000000000000000e+01,2.000000000000000000e+01
-1.030968666076660156e+01,7.530639171600341797e+00,2.200000000000000000e+01,1.900000000000000000e+01
-1.217871665954589844e+01,9.449697494506835938e+00,2.200000000000000000e+01,1.900000000000000000e+01
-1.232783222198486328e+01,7.445212364196777344e+00,2.200000000000000000e+01,1.900000000000000000e+01
-8.595154762268066406e+00,1.058579254150390625e+01,2.200000000000000000e+01,1.900000000000000000e+01
-1.165227603912353516e+01,9.556661605834960938e+00,2.200000000000000000e+01,1.900000000000000000e+01
-3.029696846008300781e+01,4.595689773559570312e+00,2.200000000000000000e+01,2.000000000000000000e+01
-2.299408721923828125e+01,7.170262813568115234e+00,2.200000000000000000e+01,1.700000000000000000e+01
3.886801910400390625e+01,-1.477083778381347656e+01,2.200000000000000000e+01,1.200000000000000000e+01
-2.278564071655273438e+01,6.926939964294433594e+00,2.200000000000000000e+01,1.700000000000000000e+01
-2.308957672119140625e+01,3.679106473922729492e+00,2.200000000000000000e+01,1.700000000000000000e+01
-1.201972484588623047e+01,8.187237739562988281e+00,2.200000000000000000e+01,1.900000000000000000e+01
-3.062862586975097656e+01,3.763734579086303711e+00,2.200000000000000000e+01,2.000000000000000000e+01
-3.633707427978515625e+01,3.033964157104492188e+00,2.200000000000000000e+01,2.000000000000000000e+01
-8.517333030700683594e+00,9.785985946655273438e+00,2.200000000000000000e+01,1.900000000000000000e+01
-8.465641975402832031e+00,1.022137451171875000e+01,2.200000000000000000e+01,1.900000000000000000e+01
-1.038613510131835938e+01,7.691510677337646484e+00,2.200000000000000000e+01,1.900000000000000000e+01
-1.132609272003173828e+01,7.269126415252685547e+00,2.200000000000000000e+01,1.900000000000000000e+01
-2.059469413757324219e+01,9.227031707763671875e+00,2.200000000000000000e+01,1.900000000000000000e+01
-1.347304534912109375e+01,8.236427307128906250e+00,2.200000000000000000e+01,1.900000000000000000e+01
-1.076862621307373047e+01,7.320783615112304688e+00,2.200000000000000000e+01,1.900000000000000000e+01
-2.323231124877929688e+01,3.398230075836181641e+00,2.200000000000000000e+01,1.700000000000000000e+01
-1.134370136260986328e+01,9.514061927795410156e+00,2.200000000000000000e+01,1.900000000000000000e+01
-1.331418323516845703e+01,8.264116287231445312e+00,2.200000000000000000e+01,1.900000000000000000e+01
-5.635070800781250000e+01,2.177083969116210938e+01,2.200000000000000000e+01,1.700000000000000000e+01
-2.226149559020996094e+01,1.078872442245483398e+00,2.200000000000000000e+01,1.700000000000000000e+01
-2.412565040588378906e+01,5.949796199798583984e+00,2.200000000000000000e+01,1.700000000000000000e+01
-8.609439849853515625e+00,9.555653572082519531e+00,2.200000000000000000e+01,1.900000000000000000e+01
3.178589439392089844e+01,-3.560845565795898438e+01,2.200000000000000000e+01,1.600000000000000000e+01
-2.593893623352050781e+01,4.838005065917968750e+00,2.200000000000000000e+01,1.700000000000000000e+01
-2.400845146179199219e+01,3.895278453826904297e+00,2.200000000000000000e+01,1.700000000000000000e+01
-3.140019989013671875e+01,5.504405021667480469e+00,2.200000000000000000e+01,2.000000000000000000e+01
-8.470018386840820312e+00,1.037204742431640625e+01,2.200000000000000000e+01,1.900000000000000000e+01
-2.271413803100585938e+01,1.846031069755554199e+00,2.200000000000000000e+01,1.700000000000000000e+01
-2.397938537597656250e+01,5.901269912719726562e+00,2.200000000000000000e+01,1.700000000000000000e+01
-8.899482727050781250e+00,8.996541023254394531e+00,2.200000000000000000e+01,1.900000000000000000e+01
-1.387958240509033203e+01,8.943398475646972656e+00,2.200000000000000000e+01,1.900000000000000000e+01
-3.229052352905273438e+01,7.028377532958984375e+00,2.200000000000000000e+01,2.000000000000000000e+01
-1.093604660034179688e+01,1.302092361450195312e+01,2.200000000000000000e+01,1.400000000000000000e+01
-2.314472198486328125e+01,3.452186822891235352e+00,2.200000000000000000e+01,1.700000000000000000e+01
-9.128726959228515625e+00,1.202831172943115234e+01,2.200000000000000000e+01,1.900000000000000000e+01
-8.695339202880859375e+00,1.103055953979492188e+01,2.200000000000000000e+01,1.900000000000000000e+01
-2.316217231750488281e+01,2.784402847290039062e+00,2.200000000000000000e+01,1.700000000000000000e+01
-8.525710105895996094e+00,1.067493629455566406e+01,2.200000000000000000e+01,1.900000000000000000e+01
-4.715105819702148438e+01,6.070725440979003906e+00,2.300000000000000000e+01,2.000000000000000000e+01
-3.235419464111328125e+01,2.752091169357299805e+00,2.300000000000000000e+01,2.000000000000000000e+01
-4.875937652587890625e+01,1.170152187347412109e+01,2.300000000000000000e+01,2.000000000000000000e+01
-4.328117370605468750e+01,1.979676723480224609e+00,2.300000000000000000e+01,2.000000000000000000e+01
-3.610543060302734375e+01,8.797048568725585938e+00,2.300000000000000000e+01,2.000000000000000000e+01
-4.985199737548828125e+01,9.699633598327636719e+00,2.300000000000000000e+01,2.000000000000000000e+01
-4.129617309570312500e+01,1.647260189056396484e+00,2.300000000000000000e+01,2.000000000000000000e+01
-3.320423126220703125e+01,2.356408834457397461e+00,2.300000000000000000e+01,2.000000000000000000e+01
-4.110255432128906250e+01,2.652454614639282227e+00,2.300000000000000000e+01,2.000000000000000000e+01
-3.770565795898437500e+01,1.835391283035278320e+00,2.300000000000000000e+01,2.000000000000000000e+01
-4.927312850952148438e+01,8.317745208740234375e+00,2.300000000000000000e+01,2.000000000000000000e+01
-4.685281753540039062e+01,4.258514404296875000e+00,2.300000000000000000e+01,2.000000000000000000e+01
-4.980386352539062500e+01,1.002451419830322266e+01,2.300000000000000000e+01,2.000000000000000000e+01
-3.816694259643554688e+01,7.972484588623046875e+00,2.300000000000000000e+01,2.000000000000000000e+01
-3.797782516479492188e+01,1.781842350959777832e+00,2.300000000000000000e+01,2.000000000000000000e+01
-4.986606216430664062e+01,1.062451553344726562e+01,2.300000000000000000e+01,2.000000000000000000e+01
-3.576539230346679688e+01,8.904777526855468750e+00,2.300000000000000000e+01,2.000000000000000000e+01
-3.804976272583007812e+01,7.802153587341308594e+00,2.300000000000000000e+01,2.000000000000000000e+01
-4.655330657958984375e+01,3.886052131652832031e+00,2.300000000000000000e+01,2.000000000000000000e+01
-4.092991638183593750e+01,1.568600773811340332e+00,2.300000000000000000e+01,2.000000000000000000e+01
-4.771960449218750000e+01,1.300440025329589844e+01,2.300000000000000000e+01,1.800000000000000000e+01
-4.973881912231445312e+01,1.105546569824218750e+01,2.300000000000000000e+01,2.000000000000000000e+01
-3.529039764404296875e+01,1.861903905868530273e+00,2.300000000000000000e+01,2.000000000000000000e+01
-4.394813919067382812e+01,2.316149950027465820e+00,2.300000000000000000e+01,2.000000000000000000e+01
-4.771947860717773438e+01,1.298148536682128906e+01,2.300000000000000000e+01,1.800000000000000000e+01
-3.592174911499023438e+01,8.823508262634277344e+00,2.300000000000000000e+01,2.000000000000000000e+01
-3.995011901855468750e+01,1.343801259994506836e+00,2.300000000000000000e+01,2.000000000000000000e+01
-4.901017761230468750e+01,7.883194446563720703e+00,2.300000000000000000e+01,2.000000000000000000e+01
-3.830530548095703125e+01,1.445780277252197266e+00,2.300000000000000000e+01,2.000000000000000000e+01
-3.716838455200195312e+01,1.826041793823242188e+01,2.300000000000000000e+01,1.800000000000000000e+01
-3.590594863891601562e+01,1.683745384216308594e+00,2.300000000000000000e+01,2.000000000000000000e+01
-4.506920242309570312e+01,3.183912277221679688e+00,2.300000000000000000e+01,2.000000000000000000e+01
-3.921510314941406250e+01,9.029869079589843750e+00,2.300000000000000000e+01,2.000000000000000000e+01
-4.157860946655273438e+01,1.539983630180358887e+00,2.300000000000000000e+01,2.000000000000000000e+01
-4.404840850830078125e+01,1.886204528808593750e+01,2.300000000000000000e+01,1.800000000000000000e+01
-3.633480072021484375e+01,1.590477705001831055e+00,2.300000000000000000e+01,2.000000000000000000e+01
-3.449949264526367188e+01,1.976635932922363281e+00,2.300000000000000000e+01,2.000000000000000000e+01
-4.366447067260742188e+01,3.563276052474975586e+00,2.300000000000000000e+01,2.000000000000000000e+01
-3.250736236572265625e+01,7.164328098297119141e+00,2.300000000000000000e+01,2.000000000000000000e+01
-3.578525543212890625e+01,8.406426429748535156e+00,2.300000000000000000e+01,2.000000000000000000e+01
-4.012676239013671875e+01,1.516506791114807129e+00,2.300000000000000000e+01,2.000000000000000000e+01
-3.664337921142578125e+01,1.110988712310791016e+01,2.300000000000000000e+01,1.800000000000000000e+01
-4.144552230834960938e+01,1.651563405990600586e+00,2.300000000000000000e+01,2.000000000000000000e+01
-3.582094192504882812e+01,8.858346939086914062e+00,2.300000000000000000e+01,2.000000000000000000e+01
-3.777383422851562500e+01,8.740786552429199219e+00,2.300000000000000000e+01,2.000000000000000000e+01
-3.327824783325195312e+01,2.338058710098266602e+00,2.300000000000000000e+01,2.000000000000000000e+01
-3.987537765502929688e+01,1.382305383682250977e+00,2.300000000000000000e+01,2.000000000000000000e+01
-3.653967285156250000e+01,8.159834861755371094e+00,2.300000000000000000e+01,2.000000000000000000e+01
-4.317717361450195312e+01,2.082730293273925781e+00,2.300000000000000000e+01,2.000000000000000000e+01
-4.998923110961914062e+01,1.033508682250976562e+01,2.300000000000000000e+01,2.000000000000000000e+01
-3.263565826416015625e+01,2.586019754409790039e+00,2.300000000000000000e+01,2.000000000000000000e+01
-3.227143478393554688e+01,2.843008279800415039e+00,2.300000000000000000e+01,2.000000000000000000e+01
-4.495603942871093750e+01,2.830883741378784180e+00,2.300000000000000000e+01,2.000000000000000000e+01
-3.364645385742187500e+01,2.250554561614990234e+00,2.300000000000000000e+01,2.000000000000000000e+01
-4.899365615844726562e+01,7.706701755523681641e+00,2.300000000000000000e+01,2.000000000000000000e+01
-4.816551971435546875e+01,6.217029094696044922e+00,2.300000000000000000e+01,2.000000000000000000e+01
-3.229735183715820312e+01,7.245920658111572266e+00,2.300000000000000000e+01,2.000000000000000000e+01
-3.440182876586914062e+01,2.145769834518432617e+00,2.300000000000000000e+01,2.000000000000000000e+01
-3.671058654785156250e+01,1.192247009277343750e+01,2.300000000000000000e+01,1.800000000000000000e+01
-4.346760559082031250e+01,2.059297800064086914e+00,2.300000000000000000e+01,2.000000000000000000e+01
-3.902904510498046875e+01,1.599457740783691406e+00,2.300000000000000000e+01,2.000000000000000000e+01
-3.603436279296875000e+01,8.827756881713867188e+00,2.300000000000000000e+01,2.000000000000000000e+01
-3.963308715820312500e+01,1.685608625411987305e+00,2.300000000000000000e+01,2.000000000000000000e+01
-3.895471191406250000e+01,8.744544982910156250e+00,2.300000000000000000e+01,2.000000000000000000e+01
-3.854448318481445312e+01,8.542070388793945312e+00,2.300000000000000000e+01,2.000000000000000000e+01
-3.601268005371093750e+01,8.530874252319335938e+00,2.300000000000000000e+01,2.000000000000000000e+01
-4.548130798339843750e+01,3.466053247451782227e+00,2.300000000000000000e+01,2.000000000000000000e+01
-3.824435424804687500e+01,5.877844810485839844e+00,2.300000000000000000e+01,2.000000000000000000e+01
-3.077393722534179688e+01,3.742696285247802734e+00,2.300000000000000000e+01,2.000000000000000000e+01
-3.659636306762695312e+01,8.538606643676757812e+00,2.300000000000000000e+01,2.000000000000000000e+01
-4.653950119018554688e+01,5.546130657196044922e+00,2.300000000000000000e+01,2.000000000000000000e+01
-4.075477218627929688e+01,2.513450145721435547e+00,2.300000000000000000e+01,2.000000000000000000e+01
-3.668549346923828125e+01,1.108863544464111328e+01,2.300000000000000000e+01,1.800000000000000000e+01
-4.351713562011718750e+01,4.487801074981689453e+00,2.300000000000000000e+01,2.000000000000000000e+01
-4.815916442871093750e+01,1.250659751892089844e+01,2.300000000000000000e+01,1.800000000000000000e+01
-4.355934524536132812e+01,2.113472938537597656e+00,2.300000000000000000e+01,2.000000000000000000e+01
-4.705548095703125000e+01,4.398525714874267578e+00,2.300000000000000000e+01,2.000000000000000000e+01
-4.994197463989257812e+01,9.996878623962402344e+00,2.300000000000000000e+01,2.000000000000000000e+01
-3.970310592651367188e+01,1.398560523986816406e+00,2.300000000000000000e+01,2.000000000000000000e+01
-4.075238800048828125e+01,1.849729895591735840e+00,2.300000000000000000e+01,2.000000000000000000e+01
-3.342495727539062500e+01,2.274313926696777344e+00,2.300000000000000000e+01,2.000000000000000000e+01
-3.150836944580078125e+01,5.314765453338623047e+00,2.300000000000000000e+01,2.000000000000000000e+01
-5.000656127929687500e+01,9.918474197387695312e+00,2.300000000000000000e+01,2.000000000000000000e+01
-3.473231887817382812e+01,2.293666839599609375e+00,2.300000000000000000e+01,2.000000000000000000e+01
-3.994644546508789062e+01,7.604154586791992188e+00,2.300000000000000000e+01,2.000000000000000000e+01
-3.757337188720703125e+01,1.388445615768432617e+00,2.300000000000000000e+01,2.000000000000000000e+01
-3.490517807006835938e+01,2.055687665939331055e+00,2.300000000000000000e+01,2.000000000000000000e+01
-3.587062072753906250e+01,1.713002085685729980e+00,2.300000000000000000e+01,2.000000000000000000e+01
-4.949172973632812500e+01,9.847241401672363281e+00,2.300000000000000000e+01,2.000000000000000000e+01
-5.001800537109375000e+01,1.067878246307373047e+01,2.300000000000000000e+01,2.000000000000000000e+01
-3.198313331604003906e+01,3.035926818847656250e+00,2.300000000000000000e+01,2.000000000000000000e+01
-4.964513397216796875e+01,1.021501064300537109e+01,2.300000000000000000e+01,2.000000000000000000e+01
-3.661478805541992188e+01,8.607821464538574219e+00,2.300000000000000000e+01,2.000000000000000000e+01
-3.919490432739257812e+01,1.295690417289733887e+00,2.300000000000000000e+01,2.000000000000000000e+01
-4.302507019042968750e+01,1.919066905975341797e+00,2.300000000000000000e+01,2.000000000000000000e+01
-3.399022674560546875e+01,2.115496635437011719e+00,2.300000000000000000e+01,2.000000000000000000e+01
-4.269904708862304688e+01,1.796247124671936035e+00,2.300000000000000000e+01,2.000000000000000000e+01
-4.997399520874023438e+01,1.037888050079345703e+01,2.300000000000000000e+01,2.000000000000000000e+01
-4.459425735473632812e+01,2.688075304031372070e+00,2.300000000000000000e+01,2.000000000000000000e+01
-3.975757598876953125e+01,1.402992725372314453e+00,2.300000000000000000e+01,2.000000000000000000e+01
-3.272488784790039062e+01,2.562018394470214844e+00,2.300000000000000000e+01,2.000000000000000000e+01
-5.000650024414062500e+01,9.815457344055175781e+00,2.300000000000000000e+01,2.000000000000000000e+01
-5.001182556152343750e+01,9.961481094360351562e+00,2.300000000000000000e+01,2.000000000000000000e+01
-4.864645767211914062e+01,7.453160285949707031e+00,2.300000000000000000e+01,2.000000000000000000e+01
-5.004051208496093750e+01,1.042394542694091797e+01,2.300000000000000000e+01,2.000000000000000000e+01
-4.673750305175781250e+01,4.104988574981689453e+00,2.300000000000000000e+01,2.000000000000000000e+01
-3.784592056274414062e+01,7.118423461914062500e+00,2.300000000000000000e+01,2.000000000000000000e+01
-4.729687881469726562e+01,4.689797878265380859e+00,2.300000000000000000e+01,2.000000000000000000e+01
-3.848079681396484375e+01,7.195068359375000000e+00,2.300000000000000000e+01,2.000000000000000000e+01
-4.544913864135742188e+01,4.418554782867431641e+00,2.300000000000000000e+01,2.000000000000000000e+01
-4.885510635375976562e+01,7.925036430358886719e+00,2.300000000000000000e+01,2.000000000000000000e+01
-3.108660316467285156e+01,3.615623474121093750e+00,2.300000000000000000e+01,2.000000000000000000e+01
-4.002401733398437500e+01,1.328099012374877930e+00,2.300000000000000000e+01,2.000000000000000000e+01
-4.665313339233398438e+01,3.958283901214599609e+00,2.300000000000000000e+01,2.000000000000000000e+01
-4.060925674438476562e+01,1.576374053955078125e+00,2.300000000000000000e+01,2.000000000000000000e+01
-3.220186996459960938e+01,2.843033313751220703e+00,2.300000000000000000e+01,2.000000000000000000e+01
-4.361354827880859375e+01,2.224229574203491211e+00,2.300000000000000000e+01,2.000000000000000000e+01
-4.993070220947265625e+01,9.883613586425781250e+00,2.300000000000000000e+01,2.000000000000000000e+01
-4.228347015380859375e+01,1.790079355239868164e+00,2.300000000000000000e+01,2.000000000000000000e+01
-4.898878097534179688e+01,7.700549125671386719e+00,2.300000000000000000e+01,2.000000000000000000e+01
-3.662826156616210938e+01,1.163406181335449219e+01,2.300000000000000000e+01,1.800000000000000000e+01
-4.385441589355468750e+01,2.446509599685668945e+00,2.300000000000000000e+01,2.000000000000000000e+01
-4.646667861938476562e+01,3.804522752761840820e+00,2.300000000000000000e+01,2.000000000000000000e+01
-3.885973739624023438e+01,8.026992797851562500e+00,2.300000000000000000e+01,2.000000000000000000e+01
-3.815517425537109375e+01,7.517016410827636719e+00,2.300000000000000000e+01,2.000000000000000000e+01
-3.924190521240234375e+01,8.131469726562500000e+00,2.300000000000000000e+01,2.000000000000000000e+01
-3.665053939819335938e+01,1.183747100830078125e+01,2.300000000000000000e+01,1.800000000000000000e+01
-3.840734481811523438e+01,8.792149543762207031e+00,2.300000000000000000e+01,2.000000000000000000e+01
-4.848901748657226562e+01,6.849491119384765625e+00,2.300000000000000000e+01,2.000000000000000000e+01
-3.601339340209960938e+01,8.689549446105957031e+00,2.300000000000000000e+01,2.000000000000000000e+01
-4.484909057617187500e+01,4.271224021911621094e+00,2.300000000000000000e+01,2.000000000000000000e+01
-4.707151412963867188e+01,4.432254791259765625e+00,2.300000000000000000e+01,2.000000000000000000e+01
-4.984926223754882812e+01,9.350030899047851562e+00,2.300000000000000000e+01,2.000000000000000000e+01
-3.242076873779296875e+01,2.808912277221679688e+00,2.300000000000000000e+01,2.000000000000000000e+01
-4.746824264526367188e+01,5.065367221832275391e+00,2.300000000000000000e+01,2.000000000000000000e+01
-4.574176025390625000e+01,3.366078376770019531e+00,2.300000000000000000e+01,2.000000000000000000e+01
-5.038021087646484375e+01,1.028623962402343750e+01,2.300000000000000000e+01,2.000000000000000000e+01
-3.429039764404296875e+01,2.054970979690551758e+00,2.300000000000000000e+01,2.000000000000000000e+01
-4.942598724365234375e+01,8.859915733337402344e+00,2.300000000000000000e+01,2.000000000000000000e+01
-4.791817092895507812e+01,5.780497550964355469e+00,2.300000000000000000e+01,2.000000000000000000e+01
-3.707084274291992188e+01,1.481397867202758789e+00,2.300000000000000000e+01,2.000000000000000000e+01
-5.001579284667968750e+01,1.013134193420410156e+01,2.300000000000000000e+01,2.000000000000000000e+01
-4.621207046508789062e+01,3.728133678436279297e+00,2.300000000000000000e+01,2.000000000000000000e+01
-3.671937942504882812e+01,8.672017097473144531e+00,2.300000000000000000e+01,2.000000000000000000e+01
-2.558319473266601562e+01,4.164266586303710938e+00,2.300000000000000000e+01,1.700000000000000000e+01
-4.799033355712890625e+01,6.222359657287597656e+00,2.300000000000000000e+01,2.000000000000000000e+01
-4.830268478393554688e+01,6.467545986175537109e+00,2.300000000000000000e+01,2.000000000000000000e+01
-4.673856735229492188e+01,4.102474689483642578e+00,2.300000000000000000e+01,2.000000000000000000e+01
-4.295259094238281250e+01,1.862433433532714844e+00,2.300000000000000000e+01,2.000000000000000000e+01
-3.603434371948242188e+01,1.664720654487609863e+00,2.300000000000000000e+01,2.000000000000000000e+01
-3.529416656494140625e+01,1.790718913078308105e+00,2.300000000000000000e+01,2.000000000000000000e+01
-3.737940216064453125e+01,8.336499214172363281e+00,2.300000000000000000e+01,2.000000000000000000e+01
-3.787340927124023438e+01,2.157613515853881836e+00,2.300000000000000000e+01,2.000000000000000000e+01
-4.815700912475585938e+01,6.309578418731689453e+00,2.300000000000000000e+01,2.000000000000000000e+01
-3.939759826660156250e+01,1.419220566749572754e+00,2.300000000000000000e+01,2.000000000000000000e+01
-3.950756454467773438e+01,1.354709267616271973e+00,2.300000000000000000e+01,2.000000000000000000e+01
-3.678547286987304688e+01,1.515330672264099121e+00,2.300000000000000000e+01,2.000000000000000000e+01
-4.166080856323242188e+01,1.742916703224182129e+00,2.300000000000000000e+01,2.000000000000000000e+01
-4.310271072387695312e+01,1.907202839851379395e+00,2.300000000000000000e+01,2.000000000000000000e+01
-3.536094665527343750e+01,1.885986089706420898e+00,2.300000000000000000e+01,2.000000000000000000e+01
-3.203619384765625000e+01,2.948356628417968750e+00,2.300000000000000000e+01,2.000000000000000000e+01
-4.410577774047851562e+01,3.750322580337524414e+00,2.300000000000000000e+01,2.000000000000000000e+01
-4.913745498657226562e+01,8.072443962097167969e+00,2.300000000000000000e+01,2.000000000000000000e+01
-4.218177795410156250e+01,1.681144952774047852e+00,2.300000000000000000e+01,2.000000000000000000e+01
-3.901776885986328125e+01,1.502591133117675781e+00,2.300000000000000000e+01,2.000000000000000000e+01
-2.415552330017089844e+01,3.067538499832153320e+00,2.300000000000000000e+01,1.700000000000000000e+01
-4.573028945922851562e+01,3.355070114135742188e+00,2.300000000000000000e+01,2.000000000000000000e+01
-3.145222663879394531e+01,3.247587203979492188e+00,2.300000000000000000e+01,2.000000000000000000e+01
-3.635802078247070312e+01,8.125065803527832031e+00,2.300000000000000000e+01,2.000000000000000000e+01
-4.437511444091796875e+01,2.506397962570190430e+00,2.300000000000000000e+01,2.000000000000000000e+01
-3.799811935424804688e+01,6.631944179534912109e+00,2.300000000000000000e+01,2.000000000000000000e+01
-4.321143722534179688e+01,2.094147205352783203e+00,2.300000000000000000e+01,2.000000000000000000e+01
-4.976988220214843750e+01,1.107845687866210938e+01,2.300000000000000000e+01,2.000000000000000000e+01
-4.045917510986328125e+01,1.320975303649902344e+00,2.300000000000000000e+01,2.000000000000000000e+01
-3.382738113403320312e+01,5.623459815979003906e+00,2.300000000000000000e+01,2.000000000000000000e+01
-3.329699325561523438e+01,2.347303152084350586e+00,2.300000000000000000e+01,2.000000000000000000e+01
-4.904830169677734375e+01,9.560123443603515625e+00,2.300000000000000000e+01,2.000000000000000000e+01
-4.675862503051757812e+01,4.099452972412109375e+00,2.300000000000000000e+01,2.000000000000000000e+01
-4.732013320922851562e+01,4.756027698516845703e+00,2.300000000000000000e+01,2.000000000000000000e+01
-4.614378738403320312e+01,3.965963840484619141e+00,2.300000000000000000e+01,2.000000000000000000e+01
-4.423910522460937500e+01,3.390850305557250977e+00,2.300000000000000000e+01,2.000000000000000000e+01
-4.996738433837890625e+01,1.072606468200683594e+01,2.300000000000000000e+01,2.000000000000000000e+01
-4.068964004516601562e+01,1.581511020660400391e+00,2.300000000000000000e+01,2.000000000000000000e+01
-4.416104888916015625e+01,2.403520107269287109e+00,2.300000000000000000e+01,2.000000000000000000e+01
-4.974551391601562500e+01,1.084108638763427734e+01,2.300000000000000000e+01,2.000000000000000000e+01
-3.548406600952148438e+01,1.794491052627563477e+00,2.300000000000000000e+01,2.000000000000000000e+01
-3.709888076782226562e+01,1.539617776870727539e+00,2.300000000000000000e+01,2.000000000000000000e+01
-4.681578063964843750e+01,4.231828689575195312e+00,2.300000000000000000e+01,2.000000000000000000e+01
-3.659351730346679688e+01,1.844130516052246094e+01,2.300000000000000000e+01,1.800000000000000000e+01
-3.599990844726562500e+01,8.886273384094238281e+00,2.300000000000000000e+01,2.000000000000000000e+01
-3.782571792602539062e+01,1.389486074447631836e+00,2.300000000000000000e+01,2.000000000000000000e+01
-3.718462371826171875e+01,1.614885926246643066e+00,2.300000000000000000e+01,2.000000000000000000e+01
-4.899448776245117188e+01,7.713522434234619141e+00,2.300000000000000000e+01,2.000000000000000000e+01
-4.901176834106445312e+01,9.386904716491699219e+00,2.300000000000000000e+01,2.000000000000000000e+01
-3.611104965209960938e+01,8.460107803344726562e+00,2.300000000000000000e+01,2.000000000000000000e+01
-4.413849258422851562e+01,1.873895835876464844e+01,2.300000000000000000e+01,1.800000000000000000e+01
-4.998802947998046875e+01,1.029847240447998047e+01,2.300000000000000000e+01,2.000000000000000000e+01
-4.463199996948242188e+01,2.565350294113159180e+00,2.300000000000000000e+01,2.000000000000000000e+01
-3.378624725341796875e+01,5.454461097717285156e+00,2.300000000000000000e+01,2.000000000000000000e+01
-4.911088943481445312e+01,8.073367118835449219e+00,2.300000000000000000e+01,2.000000000000000000e+01
-3.595042800903320312e+01,1.669114589691162109e+00,2.300000000000000000e+01,2.000000000000000000e+01
-3.821303176879882812e+01,8.142416954040527344e+00,2.300000000000000000e+01,2.000000000000000000e+01
-4.986967849731445312e+01,9.584958076477050781e+00,2.300000000000000000e+01,2.000000000000000000e+01
-4.793849182128906250e+01,5.919523715972900391e+00,2.300000000000000000e+01,2.000000000000000000e+01
-4.494062042236328125e+01,2.860731363296508789e+00,2.300000000000000000e+01,2.000000000000000000e+01
-4.429409408569335938e+01,2.597638845443725586e+00,2.300000000000000000e+01,2.000000000000000000e+01
-4.788312911987304688e+01,5.643686771392822266e+00,2.300000000000000000e+01,2.000000000000000000e+01
-4.722395706176757812e+01,4.596806049346923828e+00,2.300000000000000000e+01,2.000000000000000000e+01
-3.883296585083007812e+01,1.296149373054504395e+00,2.300000000000000000e+01,2.000000000000000000e+01
-3.837781906127929688e+01,7.813840389251708984e+00,2.300000000000000000e+01,2.000000000000000000e+01
5.253296852111816406e+00,1.254482555389404297e+01,2.400000000000000000e+01,1.000000000000000000e+01
9.300618171691894531e+00,1.067647266387939453e+01,2.400000000000000000e+01,1.000000000000000000e+01
4.787556171417236328e+00,1.272510528564453125e+01,2.400000000000000000e+01,1.000000000000000000e+01
5.340893268585205078e+00,1.247346496582031250e+01,2.400000000000000000e+01,1.000000000000000000e+01
7.435364723205566406e+00,1.160964679718017578e+01,2.400000000000000000e+01,1.000000000000000000e+01
3.211546421051025391e+00,1.416638278961181641e+01,2.400000000000000000e+01,1.000000000000000000e+01
7.510392189025878906e+00,1.142366218566894531e+01,2.400000000000000000e+01,1.000000000000000000e+01
-5.332113647460937500e+01,6.620728302001953125e+01,2.400000000000000000e+01,1.000000000000000000e+01
4.175706863403320312e+00,1.316762351989746094e+01,2.400000000000000000e+01,1.000000000000000000e+01
1.582020759582519531e+01,9.358708381652832031e+00,2.400000000000000000e+01,1.000000000000000000e+01
1.270659923553466797e+01,9.633378028869628906e+00,2.400000000000000000e+01,1.000000000000000000e+01
1.035889530181884766e+01,1.030343627929687500e+01,2.400000000000000000e+01,1.000000000000000000e+01
1.772292900085449219e+01,9.140983581542968750e+00,2.400000000000000000e+01,1.000000000000000000e+01
1.736557960510253906e+01,9.466410636901855469e+00,2.400000000000000000e+01,1.000000000000000000e+01
-5.353731155395507812e+01,6.617985534667968750e+01,2.400000000000000000e+01,1.000000000000000000e+01
2.394620513916015625e+01,1.146585273742675781e+01,2.400000000000000000e+01,1.000000000000000000e+01
2.292885589599609375e+01,1.105103015899658203e+01,2.400000000000000000e+01,1.000000000000000000e+01
1.526441478729248047e+01,9.372407913208007812e+00,2.400000000000000000e+01,1.000000000000000000e+01
3.225748538970947266e+00,1.415119647979736328e+01,2.400000000000000000e+01,1.000000000000000000e+01
1.241195678710937500e+01,9.697234153747558594e+00,2.400000000000000000e+01,1.000000000000000000e+01
1.829305076599121094e+01,9.556782722473144531e+00,2.400000000000000000e+01,1.000000000000000000e+01
6.865638732910156250e+00,1.183655452728271484e+01,2.400000000000000000e+01,1.000000000000000000e+01
3.151241064071655273e+00,1.423582172393798828e+01,2.400000000000000000e+01,1.000000000000000000e+01
-5.360881423950195312e+01,6.620178985595703125e+01,2.400000000000000000e+01,1.000000000000000000e+01
3.033249378204345703e+00,1.438064193725585938e+01,2.400000000000000000e+01,1.000000000000000000e+01
2.361249542236328125e+01,1.141187000274658203e+01,2.400000000000000000e+01,1.000000000000000000e+01
1.329285717010498047e+01,9.544618606567382812e+00,2.400000000000000000e+01,1.000000000000000000e+01
1.941481018066406250e+01,9.830549240112304688e+00,2.400000000000000000e+01,1.000000000000000000e+01
1.821018218994140625e+01,9.550258636474609375e+00,2.400000000000000000e+01,1.000000000000000000e+01
2.559165000915527344e+01,1.224766635894775391e+01,2.400000000000000000e+01,1.000000000000000000e+01
1.709710693359375000e+01,9.434861183166503906e+00,2.400000000000000000e+01,1.000000000000000000e+01
5.465963840484619141e+00,1.241802883148193359e+01,2.400000000000000000e+01,1.000000000000000000e+01
2.397356986999511719e+01,1.147254657745361328e+01,2.400000000000000000e+01,1.000000000000000000e+01
2.556834030151367188e+01,1.223552703857421875e+01,2.400000000000000000e+01,1.000000000000000000e+01
2.331944465637207031e+01,1.119334983825683594e+01,2.400000000000000000e+01,1.000000000000000000e+01
8.788654327392578125e+00,1.087723636627197266e+01,2.400000000000000000e+01,1.000000000000000000e+01
1.030421829223632812e+01,1.031978607177734375e+01,2.400000000000000000e+01,1.000000000000000000e+01
4.598816394805908203e+00,1.284114170074462891e+01,2.400000000000000000e+01,1.000000000000000000e+01
6.506021499633789062e+00,1.192496013641357422e+01,2.400000000000000000e+01,1.000000000000000000e+01
1.367980194091796875e+01,9.499029159545898438e+00,2.400000000000000000e+01,1.000000000000000000e+01
1.535978603363037109e+01,9.369485855102539062e+00,2.400000000000000000e+01,1.000000000000000000e+01
1.255767726898193359e+01,9.664856910705566406e+00,2.400000000000000000e+01,1.000000000000000000e+01
-5.383112335205078125e+01,6.667443847656250000e+01,2.400000000000000000e+01,1.000000000000000000e+01
1.459716129302978516e+01,9.414000511169433594e+00,2.400000000000000000e+01,1.000000000000000000e+01
4.935166835784912109e+00,1.267731666564941406e+01,2.400000000000000000e+01,1.000000000000000000e+01
1.676133918762207031e+01,9.393155097961425781e+00,2.400000000000000000e+01,1.000000000000000000e+01
4.923099040985107422e+00,1.265669631958007812e+01,2.400000000000000000e+01,1.000000000000000000e+01
2.499478530883789062e+01,1.193692684173583984e+01,2.400000000000000000e+01,1.000000000000000000e+01
1.246776676177978516e+01,9.682719230651855469e+00,2.400000000000000000e+01,1.000000000000000000e+01
9.857564926147460938e+00,1.047624301910400391e+01,2.400000000000000000e+01,1.000000000000000000e+01
-5.328866195678710938e+01,6.622214508056640625e+01,2.400000000000000000e+01,1.000000000000000000e+01
4.478429317474365234e+00,1.292366218566894531e+01,2.400000000000000000e+01,1.000000000000000000e+01
2.565008735656738281e+01,1.228003597259521484e+01,2.400000000000000000e+01,1.000000000000000000e+01
-5.384719467163085938e+01,6.638526916503906250e+01,2.400000000000000000e+01,1.000000000000000000e+01
2.385699844360351562e+01,1.143242835998535156e+01,2.400000000000000000e+01,1.000000000000000000e+01
8.856236457824707031e+00,1.090120887756347656e+01,2.400000000000000000e+01,1.000000000000000000e+01
1.824331855773925781e+01,9.534652709960937500e+00,2.400000000000000000e+01,1.000000000000000000e+01
-5.847874832153320312e+01,2.415290451049804688e+01,2.400000000000000000e+01,1.800000000000000000e+01
2.386569595336914062e+01,1.133291053771972656e+01,2.400000000000000000e+01,1.000000000000000000e+01
6.241568565368652344e+00,1.214775466918945312e+01,2.400000000000000000e+01,1.000000000000000000e+01
8.221343040466308594e+00,1.112406826019287109e+01,2.400000000000000000e+01,1.000000000000000000e+01
6.625129699707031250e+00,1.186640930175781250e+01,2.400000000000000000e+01,1.000000000000000000e+01
-5.340734100341796875e+01,6.686100769042968750e+01,2.400000000000000000e+01,1.000000000000000000e+01
-5.880781555175781250e+01,2.406513786315917969e+01,2.400000000000000000e+01,1.500000000000000000e+01
-5.312404632568359375e+01,6.651383972167968750e+01,2.400000000000000000e+01,1.000000000000000000e+01
1.958413696289062500e+01,9.878911972045898438e+00,2.400000000000000000e+01,1.000000000000000000e+01
2.565218734741210938e+01,1.227990913391113281e+01,2.400000000000000000e+01,1.000000000000000000e+01
1.478483867645263672e+01,9.397567749023437500e+00,2.400000000000000000e+01,1.000000000000000000e+01
-5.310826873779296875e+01,6.655294036865234375e+01,2.400000000000000000e+01,1.000000000000000000e+01
3.016089200973510742e+00,1.440160274505615234e+01,2.400000000000000000e+01,1.000000000000000000e+01
2.366888046264648438e+01,1.123019695281982422e+01,2.400000000000000000e+01,1.000000000000000000e+01
7.772332668304443359e+00,1.131189727783203125e+01,2.400000000000000000e+01,1.000000000000000000e+01
-5.349786758422851562e+01,6.687388610839843750e+01,2.400000000000000000e+01,1.000000000000000000e+01
2.419970703125000000e+01,1.156724262237548828e+01,2.400000000000000000e+01,1.000000000000000000e+01
2.472055435180664062e+01,1.180213737487792969e+01,2.400000000000000000e+01,1.000000000000000000e+01
6.428087711334228516e+00,1.198464488983154297e+01,2.400000000000000000e+01,1.000000000000000000e+01
4.047613143920898438e+00,1.328105926513671875e+01,2.400000000000000000e+01,1.000000000000000000e+01
-5.290106582641601562e+01,6.681993865966796875e+01,2.400000000000000000e+01,1.000000000000000000e+01
1.720588302612304688e+01,9.035880088806152344e+00,2.400000000000000000e+01,1.000000000000000000e+01
2.560264587402343750e+01,1.225352191925048828e+01,2.400000000000000000e+01,1.000000000000000000e+01
1.798036193847656250e+01,9.513473510742187500e+00,2.400000000000000000e+01,1.000000000000000000e+01
5.188011169433593750e+00,1.253815460205078125e+01,2.400000000000000000e+01,1.000000000000000000e+01
1.756718444824218750e+01,9.489875793457031250e+00,2.400000000000000000e+01,1.000000000000000000e+01
9.893524169921875000e+00,1.047612571716308594e+01,2.400000000000000000e+01,1.000000000000000000e+01
4.839865684509277344e+00,1.269851684570312500e+01,2.400000000000000000e+01,1.000000000000000000e+01
1.785569000244140625e+01,9.524757385253906250e+00,2.400000000000000000e+01,1.000000000000000000e+01
1.720853805541992188e+01,9.445093154907226562e+00,2.400000000000000000e+01,1.000000000000000000e+01
1.541837215423583984e+01,9.363818168640136719e+00,2.400000000000000000e+01,1.000000000000000000e+01
4.466471195220947266e+00,1.293166351318359375e+01,2.400000000000000000e+01,1.000000000000000000e+01
2.367927932739257812e+01,1.144952201843261719e+01,2.400000000000000000e+01,1.000000000000000000e+01
-5.385248947143554688e+01,6.662681579589843750e+01,2.400000000000000000e+01,1.000000000000000000e+01
1.738347434997558594e+01,9.390971183776855469e+00,2.400000000000000000e+01,1.000000000000000000e+01
-5.354699707031250000e+01,6.690817260742187500e+01,2.400000000000000000e+01,1.000000000000000000e+01
5.749408245086669922e+00,1.229292106628417969e+01,2.400000000000000000e+01,1.000000000000000000e+01
8.412573814392089844e+00,1.103189659118652344e+01,2.400000000000000000e+01,1.000000000000000000e+01
1.185895824432373047e+01,9.839174270629882812e+00,2.400000000000000000e+01,1.000000000000000000e+01
9.287838935852050781e+00,1.067274284362792969e+01,2.400000000000000000e+01,1.000000000000000000e+01
-5.356616973876953125e+01,6.688259124755859375e+01,2.400000000000000000e+01,1.000000000000000000e+01
1.911062812805175781e+01,9.741665840148925781e+00,2.400000000000000000e+01,1.000000000000000000e+01
2.330357742309570312e+01,1.118940162658691406e+01,2.400000000000000000e+01,1.000000000000000000e+01
8.213252067565917969e+00,1.110785961151123047e+01,2.400000000000000000e+01,1.000000000000000000e+01
2.560900306701660156e+01,1.225851726531982422e+01,2.400000000000000000e+01,1.000000000000000000e+01
1.819363212585449219e+01,9.512242317199707031e+00,2.400000000000000000e+01,1.000000000000000000e+01
1.002691745758056641e+01,1.041875743865966797e+01,2.400000000000000000e+01,1.000000000000000000e+01
-5.878157043457031250e+01,2.408133125305175781e+01,2.400000000000000000e+01,1.800000000000000000e+01
-5.829969024658203125e+01,2.408888244628906250e+01,2.400000000000000000e+01,1.800000000000000000e+01
2.295247840881347656e+01,1.106714820861816406e+01,2.400000000000000000e+01,1.000000000000000000e+01
2.242386436462402344e+01,1.086420726776123047e+01,2.400000000000000000e+01,1.000000000000000000e+01
2.166814804077148438e+01,1.058979415893554688e+01,2.400000000000000000e+01,1.000000000000000000e+01
5.049282073974609375e+00,1.261055660247802734e+01,2.400000000000000000e+01,1.000000000000000000e+01
-5.340356826782226562e+01,6.685963439941406250e+01,2.400000000000000000e+01,1.000000000000000000e+01
5.020644187927246094e+00,1.258335685729980469e+01,2.400000000000000000e+01,1.000000000000000000e+01
1.974279403686523438e+01,9.929085731506347656e+00,2.400000000000000000e+01,1.000000000000000000e+01
-5.357579040527343750e+01,6.618738555908203125e+01,2.400000000000000000e+01,1.000000000000000000e+01
2.097651481628417969e+01,1.034556293487548828e+01,2.400000000000000000e+01,1.000000000000000000e+01
-5.383821868896484375e+01,6.666404724121093750e+01,2.400000000000000000e+01,1.000000000000000000e+01
6.401313304901123047e+00,1.203645801544189453e+01,2.400000000000000000e+01,1.000000000000000000e+01
2.562295532226562500e+01,1.226515769958496094e+01,2.400000000000000000e+01,1.000000000000000000e+01
-5.283557128906250000e+01,6.684210205078125000e+01,2.400000000000000000e+01,1.000000000000000000e+01
-5.385536575317382812e+01,6.641838073730468750e+01,2.400000000000000000e+01,1.000000000000000000e+01
1.292104721069335938e+01,9.593771934509277344e+00,2.400000000000000000e+01,1.000000000000000000e+01
1.309609317779541016e+01,9.570647239685058594e+00,2.400000000000000000e+01,1.000000000000000000e+01
8.662579536437988281e+00,1.093010425567626953e+01,2.400000000000000000e+01,1.000000000000000000e+01
1.972690010070800781e+01,9.922225952148437500e+00,2.400000000000000000e+01,1.000000000000000000e+01
1.264248466491699219e+01,9.645462036132812500e+00,2.400000000000000000e+01,1.000000000000000000e+01
-5.332159805297851562e+01,6.620728302001953125e+01,2.400000000000000000e+01,1.000000000000000000e+01
2.186135292053222656e+01,1.066103553771972656e+01,2.400000000000000000e+01,1.000000000000000000e+01
1.823773193359375000e+01,9.552022933959960938e+00,2.400000000000000000e+01,1.000000000000000000e+01
2.897121906280517578e+00,1.455793666839599609e+01,2.400000000000000000e+01,1.000000000000000000e+01
3.215643882751464844e+00,1.416236972808837891e+01,2.400000000000000000e+01,1.000000000000000000e+01
9.038833618164062500e+00,1.076776313781738281e+01,2.400000000000000000e+01,1.000000000000000000e+01
1.122599601745605469e+01,1.002892112731933594e+01,2.400000000000000000e+01,1.000000000000000000e+01
-5.379400634765625000e+01,6.631407165527343750e+01,2.400000000000000000e+01,1.000000000000000000e+01
2.205373191833496094e+01,1.073127937316894531e+01,2.400000000000000000e+01,1.000000000000000000e+01
-5.387100982666015625e+01,6.647752380371093750e+01,2.400000000000000000e+01,1.000000000000000000e+01
5.497419834136962891e+00,1.241578102111816406e+01,2.400000000000000000e+01,1.000000000000000000e+01
5.184290885925292969e+00,1.254587268829345703e+01,2.400000000000000000e+01,1.000000000000000000e+01
2.489733505249023438e+01,1.188793659210205078e+01,2.400000000000000000e+01,1.000000000000000000e+01
2.428926467895507812e+01,1.160921573638916016e+01,2.400000000000000000e+01,1.000000000000000000e+01
1.753125000000000000e+01,9.482993125915527344e+00,2.400000000000000000e+01,1.000000000000000000e+01
2.403825569152832031e+01,1.150117588043212891e+01,2.400000000000000000e+01,1.000000000000000000e+01
2.125868415832519531e+01,1.044590473175048828e+01,2.400000000000000000e+01,1.000000000000000000e+01
3.177560567855834961e+00,1.420553112030029297e+01,2.400000000000000000e+01,1.000000000000000000e+01
-5.328564834594726562e+01,6.622410583496093750e+01,2.400000000000000000e+01,1.000000000000000000e+01
1.206069469451904297e+01,9.766896247863769531e+00,2.400000000000000000e+01,1.000000000000000000e+01
-5.312220001220703125e+01,6.645693969726562500e+01,2.400000000000000000e+01,1.000000000000000000e+01
-5.274330520629882812e+01,6.689923095703125000e+01,2.400000000000000000e+01,1.000000000000000000e+01
3.784872055053710938e+00,1.355479717254638672e+01,2.400000000000000000e+01,1.000000000000000000e+01
1.673423385620117188e+01,9.316037178039550781e+00,2.400000000000000000e+01,1.000000000000000000e+01
2.285726165771484375e+01,1.102377605438232422e+01,2.400000000000000000e+01,1.000000000000000000e+01
-5.311912155151367188e+01,6.647235870361328125e+01,2.400000000000000000e+01,1.000000000000000000e+01
1.402068519592285156e+01,9.462512016296386719e+00,2.400000000000000000e+01,1.000000000000000000e+01
1.190283489227294922e+01,9.827142715454101562e+00,2.400000000000000000e+01,1.000000000000000000e+01
1.041631507873535156e+01,1.028466510772705078e+01,2.400000000000000000e+01,1.000000000000000000e+01
4.960891723632812500e+00,1.268945407867431641e+01,2.400000000000000000e+01,1.000000000000000000e+01
2.389386940002441406e+01,1.144740200042724609e+01,2.400000000000000000e+01,1.000000000000000000e+01
-5.350431060791015625e+01,6.687336730957031250e+01,2.400000000000000000e+01,1.000000000000000000e+01
1.611608695983886719e+01,9.357692718505859375e+00,2.400000000000000000e+01,1.000000000000000000e+01
8.720266342163085938e+00,1.089996910095214844e+01,2.400000000000000000e+01,1.000000000000000000e+01
1.636178779602050781e+01,9.363434791564941406e+00,2.400000000000000000e+01,1.000000000000000000e+01
7.427152156829833984e+00,1.148345375061035156e+01,2.400000000000000000e+01,1.000000000000000000e+01
1.995189476013183594e+01,9.995566368103027344e+00,2.400000000000000000e+01,1.000000000000000000e+01
2.368055534362792969e+01,1.121646785736083984e+01,2.400000000000000000e+01,1.000000000000000000e+01
-5.364059448242187500e+01,6.683045959472656250e+01,2.400000000000000000e+01,1.000000000000000000e+01
2.309258270263671875e+01,1.111338138580322266e+01,2.400000000000000000e+01,1.000000000000000000e+01
2.040120697021484375e+01,1.014455127716064453e+01,2.400000000000000000e+01,1.000000000000000000e+01
1.116758537292480469e+01,1.004737663269042969e+01,2.400000000000000000e+01,1.000000000000000000e+01
2.304737663269042969e+01,1.109324359893798828e+01,2.400000000000000000e+01,1.000000000000000000e+01
1.173501682281494141e+01,9.876015663146972656e+00,2.400000000000000000e+01,1.000000000000000000e+01
1.228107929229736328e+01,9.725328445434570312e+00,2.400000000000000000e+01,1.000000000000000000e+01
1.929284667968750000e+01,9.796364784240722656e+00,2.400000000000000000e+01,1.000000000000000000e+01
9.292140960693359375e+00,1.070042324066162109e+01,2.400000000000000000e+01,1.000000000000000000e+01
2.338648223876953125e+01,1.121152210235595703e+01,2.400000000000000000e+01,1.000000000000000000e+01
1.330826950073242188e+01,9.543181419372558594e+00,2.400000000000000000e+01,1.000000000000000000e+01
9.296874046325683594e+00,1.067606639862060547e+01,2.400000000000000000e+01,1.000000000000000000e+01
2.357131958007812500e+01,1.134237098693847656e+01,2.400000000000000000e+01,1.000000000000000000e+01
1.183051013946533203e+01,9.847883224487304688e+00,2.400000000000000000e+01,1.000000000000000000e+01
2.154373550415039062e+01,1.054725265502929688e+01,2.400000000000000000e+01,1.000000000000000000e+01
-5.331247329711914062e+01,6.621772766113281250e+01,2.400000000000000000e+01,1.000000000000000000e+01
1.053490447998046875e+01,1.024629974365234375e+01,2.400000000000000000e+01,1.000000000000000000e+01
1.918490791320800781e+01,9.764857292175292969e+00,2.400000000000000000e+01,1.000000000000000000e+01
1.256262779235839844e+01,9.663044929504394531e+00,2.400000000000000000e+01,1.000000000000000000e+01
5.019002437591552734e+00,1.262100124359130859e+01,2.400000000000000000e+01,1.000000000000000000e+01
1.565286350250244141e+01,9.360678672790527344e+00,2.400000000000000000e+01,1.000000000000000000e+01
8.373800277709960938e+00,1.106525230407714844e+01,2.400000000000000000e+01,1.000000000000000000e+01
2.550779533386230469e+01,1.220306015014648438e+01,2.400000000000000000e+01,1.000000000000000000e+01
7.616421222686767578e+00,1.153955936431884766e+01,2.400000000000000000e+01,1.000000000000000000e+01
2.213329505920410156e+01,1.076106262207031250e+01,2.400000000000000000e+01,1.000000000000000000e+01
2.001406860351562500e+01,1.001661491394042969e+01,2.400000000000000000e+01,1.000000000000000000e+01
1.525696849822998047e+01,9.368382453918457031e+00,2.400000000000000000e+01,1.000000000000000000e+01
8.395661354064941406e+00,1.106361675262451172e+01,2.400000000000000000e+01,1.000000000000000000e+01
1.052701950073242188e+01,1.024993515014648438e+01,2.400000000000000000e+01,1.000000000000000000e+01
1.255418682098388672e+01,9.664631843566894531e+00,2.400000000000000000e+01,1.000000000000000000e+01
6.319561481475830078e+00,1.204418468475341797e+01,2.400000000000000000e+01,1.000000000000000000e+01
2.355155754089355469e+01,1.125817680358886719e+01,2.400000000000000000e+01,1.000000000000000000e+01
1.771045684814453125e+01,9.153356552124023438e+00,2.400000000000000000e+01,1.000000000000000000e+01
1.785310363769531250e+01,9.513772010803222656e+00,2.400000000000000000e+01,1.000000000000000000e+01
2.930952072143554688e+00,1.450952148437500000e+01,2.400000000000000000e+01,1.000000000000000000e+01
7.990035533905029297e+00,1.121705627441406250e+01,2.400000000000000000e+01,1.000000000000000000e+01
2.353757476806640625e+01,1.137917327880859375e+01,2.400000000000000000e+01,1.000000000000000000e+01
1.261624908447265625e+01,9.649319648742675781e+00,2.400000000000000000e+01,1.000000000000000000e+01
-5.374058914184570312e+01,6.629063415527343750e+01,2.400000000000000000e+01,1.000000000000000000e+01
1.413685226440429688e+01,9.451702117919921875e+00,2.400000000000000000e+01,1.000000000000000000e+01
1.746515274047851562e+01,9.450213432312011719e+00,2.400000000000000000e+01,1.000000000000000000e+01
2.554177856445312500e+01,1.222111511230468750e+01,2.400000000000000000e+01,1.000000000000000000e+01
5.176577568054199219e+00,1.255151176452636719e+01,2.400000000000000000e+01,1.000000000000000000e+01
-5.808863067626953125e+01,2.394302940368652344e+01,2.400000000000000000e+01,1.800000000000000000e+01
1.912089920043945312e+01,9.747738838195800781e+00,2.400000000000000000e+01,1.000000000000000000e+01
-5.345623779296875000e+01,6.687157440185546875e+01,2.400000000000000000e+01,1.000000000000000000e+01
1.354687786102294922e+01,9.512698173522949219e+00,2.400000000000000000e+01,1.000000000000000000e+01
5.436112213134765625e+01,-4.221545791625976562e+01,2.500000000000000000e+01,1.100000000000000000e+01
4.655820465087890625e+01,-2.894939041137695312e+01,2.500000000000000000e+01,1.100000000000000000e+01
5.193850326538085938e+01,-3.789456176757812500e+01,2.500000000000000000e+01,1.100000000000000000e+01
5.782113265991210938e+01,-5.571551132202148438e+01,2.500000000000000000e+01,1.100000000000000000e+01
5.518686294555664062e+01,-4.381721496582031250e+01,2.500000000000000000e+01,1.100000000000000000e+01
5.772331619262695312e+01,-5.268130874633789062e+01,2.500000000000000000e+01,1.100000000000000000e+01
5.689974975585937500e+01,-4.845128250122070312e+01,2.500000000000000000e+01,1.100000000000000000e+01
5.579887771606445312e+01,-4.521457290649414062e+01,2.500000000000000000e+01,1.100000000000000000e+01
5.733717346191406250e+01,-5.024158859252929688e+01,2.500000000000000000e+01,1.100000000000000000e+01
4.979777908325195312e+01,-3.431136703491210938e+01,2.500000000000000000e+01,1.100000000000000000e+01
5.779714965820312500e+01,-5.536157226562500000e+01,2.500000000000000000e+01,1.100000000000000000e+01
4.700466537475585938e+01,-2.898719406127929688e+01,2.500000000000000000e+01,1.100000000000000000e+01
5.501070022583007812e+01,-4.344351577758789062e+01,2.500000000000000000e+01,1.100000000000000000e+01
5.774151992797851562e+01,-5.283946228027343750e+01,2.500000000000000000e+01,1.100000000000000000e+01
5.097522735595703125e+01,-3.631232452392578125e+01,2.500000000000000000e+01,1.100000000000000000e+01
4.832033157348632812e+01,-3.182234764099121094e+01,2.500000000000000000e+01,1.100000000000000000e+01
5.395362472534179688e+01,-4.143052291870117188e+01,2.500000000000000000e+01,1.100000000000000000e+01
4.739823532104492188e+01,-3.130975341796875000e+01,2.500000000000000000e+01,1.100000000000000000e+01
4.924615478515625000e+01,-3.366814422607421875e+01,2.500000000000000000e+01,1.100000000000000000e+01
5.817794418334960938e+01,-5.573616409301757812e+01,2.500000000000000000e+01,1.100000000000000000e+01
5.519232177734375000e+01,-4.377463150024414062e+01,2.500000000000000000e+01,1.100000000000000000e+01
5.577199554443359375e+01,-4.513135528564453125e+01,2.500000000000000000e+01,1.100000000000000000e+01
5.822639846801757812e+01,-5.549970626831054688e+01,2.500000000000000000e+01,1.100000000000000000e+01
5.733493804931640625e+01,-5.023038864135742188e+01,2.500000000000000000e+01,1.100000000000000000e+01
5.168377685546875000e+01,-3.746067810058593750e+01,2.500000000000000000e+01,1.100000000000000000e+01
5.190845870971679688e+01,-3.783767700195312500e+01,2.500000000000000000e+01,1.100000000000000000e+01
5.818524551391601562e+01,-5.572491836547851562e+01,2.500000000000000000e+01,1.100000000000000000e+01
4.882135391235351562e+01,-3.263546752929687500e+01,2.500000000000000000e+01,1.100000000000000000e+01
4.932498931884765625e+01,-3.373834991455078125e+01,2.500000000000000000e+01,1.100000000000000000e+01
5.490050506591796875e+01,-4.322693634033203125e+01,2.500000000000000000e+01,1.100000000000000000e+01
5.820386123657226562e+01,-5.541570663452148438e+01,2.500000000000000000e+01,1.100000000000000000e+01
5.536481475830078125e+01,-4.420973205566406250e+01,2.500000000000000000e+01,1.100000000000000000e+01
5.822706604003906250e+01,-5.551094055175781250e+01,2.500000000000000000e+01,1.100000000000000000e+01
5.738390350341796875e+01,-5.045410537719726562e+01,2.500000000000000000e+01,1.100000000000000000e+01
4.681588363647460938e+01,-2.876057624816894531e+01,2.500000000000000000e+01,1.100000000000000000e+01
5.200448608398437500e+01,-3.800755691528320312e+01,2.500000000000000000e+01,1.100000000000000000e+01
4.767373275756835938e+01,-3.065218734741210938e+01,2.500000000000000000e+01,1.100000000000000000e+01
5.107394790649414062e+01,-3.646501922607421875e+01,2.500000000000000000e+01,1.100000000000000000e+01
4.738353347778320312e+01,-3.013678932189941406e+01,2.500000000000000000e+01,1.100000000000000000e+01
5.349388122558593750e+01,-4.058400726318359375e+01,2.500000000000000000e+01,1.100000000000000000e+01
5.333655166625976562e+01,-4.030197525024414062e+01,2.500000000000000000e+01,1.100000000000000000e+01
5.277606582641601562e+01,-3.932085800170898438e+01,2.500000000000000000e+01,1.100000000000000000e+01
5.696494674682617188e+01,-4.868462753295898438e+01,2.500000000000000000e+01,1.100000000000000000e+01
5.019677734375000000e+01,-3.503265762329101562e+01,2.500000000000000000e+01,1.100000000000000000e+01
5.792176818847656250e+01,-5.459053802490234375e+01,2.500000000000000000e+01,1.100000000000000000e+01
5.746250534057617188e+01,-5.087692260742187500e+01,2.500000000000000000e+01,1.100000000000000000e+01
5.783237075805664062e+01,-5.530271148681640625e+01,2.500000000000000000e+01,1.100000000000000000e+01
5.631912612915039062e+01,-4.660774230957031250e+01,2.500000000000000000e+01,1.100000000000000000e+01
5.707137680053710938e+01,-4.907653808593750000e+01,2.500000000000000000e+01,1.100000000000000000e+01
5.287963104248046875e+01,-3.951054382324218750e+01,2.500000000000000000e+01,1.100000000000000000e+01
4.675418090820312500e+01,-2.933511161804199219e+01,2.500000000000000000e+01,1.100000000000000000e+01
5.328878402709960938e+01,-4.021692657470703125e+01,2.500000000000000000e+01,1.100000000000000000e+01
5.596643066406250000e+01,-4.564196014404296875e+01,2.500000000000000000e+01,1.100000000000000000e+01
5.004681777954101562e+01,-3.476006698608398438e+01,2.500000000000000000e+01,1.100000000000000000e+01
5.790325546264648438e+01,-5.445972824096679688e+01,2.500000000000000000e+01,1.100000000000000000e+01
4.855318069458007812e+01,-3.221286010742187500e+01,2.500000000000000000e+01,1.100000000000000000e+01
5.130775833129882812e+01,-3.684997558593750000e+01,2.500000000000000000e+01,1.100000000000000000e+01
5.788755035400390625e+01,-5.421903228759765625e+01,2.500000000000000000e+01,1.100000000000000000e+01
5.819253540039062500e+01,-5.538502502441406250e+01,2.500000000000000000e+01,1.100000000000000000e+01
5.801918411254882812e+01,-5.592675781250000000e+01,2.500000000000000000e+01,1.100000000000000000e+01
5.630774688720703125e+01,-4.657589721679687500e+01,2.500000000000000000e+01,1.100000000000000000e+01
4.672784423828125000e+01,-2.876797676086425781e+01,2.500000000000000000e+01,1.100000000000000000e+01
4.745614242553710938e+01,-3.029571723937988281e+01,2.500000000000000000e+01,1.100000000000000000e+01
5.794149398803710938e+01,-5.495523834228515625e+01,2.500000000000000000e+01,1.100000000000000000e+01
5.809264755249023438e+01,-5.524177551269531250e+01,2.500000000000000000e+01,1.100000000000000000e+01
5.751984786987304688e+01,-5.121898269653320312e+01,2.500000000000000000e+01,1.100000000000000000e+01
5.501328277587890625e+01,-4.345735931396484375e+01,2.500000000000000000e+01,1.100000000000000000e+01
5.712020874023437500e+01,-4.927973937988281250e+01,2.500000000000000000e+01,1.100000000000000000e+01
5.155893325805664062e+01,-3.725805664062500000e+01,2.500000000000000000e+01,1.100000000000000000e+01
5.080694580078125000e+01,-3.603657150268554688e+01,2.500000000000000000e+01,1.100000000000000000e+01
4.776570892333984375e+01,-3.076737785339355469e+01,2.500000000000000000e+01,1.100000000000000000e+01
4.707748031616210938e+01,-2.933857536315917969e+01,2.500000000000000000e+01,1.100000000000000000e+01
5.494433975219726562e+01,-4.331107711791992188e+01,2.500000000000000000e+01,1.100000000000000000e+01
4.969306564331054688e+01,-3.414179229736328125e+01,2.500000000000000000e+01,1.100000000000000000e+01
5.771823501586914062e+01,-5.263672637939453125e+01,2.500000000000000000e+01,1.100000000000000000e+01
4.696548080444335938e+01,-2.930870819091796875e+01,2.500000000000000000e+01,1.100000000000000000e+01
5.043105697631835938e+01,-3.543037414550781250e+01,2.500000000000000000e+01,1.100000000000000000e+01
5.332602691650390625e+01,-4.028340911865234375e+01,2.500000000000000000e+01,1.100000000000000000e+01
5.610450744628906250e+01,-4.601120376586914062e+01,2.500000000000000000e+01,1.100000000000000000e+01
5.463022232055664062e+01,-4.271149063110351562e+01,2.500000000000000000e+01,1.100000000000000000e+01
5.667874526977539062e+01,-4.770104598999023438e+01,2.500000000000000000e+01,1.100000000000000000e+01
4.676143646240234375e+01,-2.867600440979003906e+01,2.500000000000000000e+01,1.100000000000000000e+01
5.243452072143554688e+01,-3.874545669555664062e+01,2.500000000000000000e+01,1.100000000000000000e+01
5.801829910278320312e+01,-5.592338180541992188e+01,2.500000000000000000e+01,1.100000000000000000e+01
5.410206222534179688e+01,-4.169562530517578125e+01,2.500000000000000000e+01,1.100000000000000000e+01
5.767866516113281250e+01,-5.231461334228515625e+01,2.500000000000000000e+01,1.100000000000000000e+01
4.673723602294921875e+01,-2.916800689697265625e+01,2.500000000000000000e+01,1.100000000000000000e+01
5.656713867187500000e+01,-4.736003494262695312e+01,2.500000000000000000e+01,1.100000000000000000e+01
4.853759002685546875e+01,-3.229326248168945312e+01,2.500000000000000000e+01,1.100000000000000000e+01
5.747575759887695312e+01,-5.096289443969726562e+01,2.500000000000000000e+01,1.100000000000000000e+01
5.319432449340820312e+01,-4.006234359741210938e+01,2.500000000000000000e+01,1.100000000000000000e+01
5.560331726074218750e+01,-4.475452423095703125e+01,2.500000000000000000e+01,1.100000000000000000e+01
4.971687316894531250e+01,-3.451472473144531250e+01,2.500000000000000000e+01,1.100000000000000000e+01
5.694285202026367188e+01,-4.859411239624023438e+01,2.500000000000000000e+01,1.100000000000000000e+01
5.470875930786132812e+01,-4.286537170410156250e+01,2.500000000000000000e+01,1.100000000000000000e+01
5.364866638183593750e+01,-4.086515808105468750e+01,2.500000000000000000e+01,1.100000000000000000e+01
4.885455322265625000e+01,-3.270745468139648438e+01,2.500000000000000000e+01,1.100000000000000000e+01
5.124808883666992188e+01,-3.675719833374023438e+01,2.500000000000000000e+01,1.100000000000000000e+01
5.167288970947265625e+01,-3.744601058959960938e+01,2.500000000000000000e+01,1.100000000000000000e+01
5.778916549682617188e+01,-5.330214309692382812e+01,2.500000000000000000e+01,1.100000000000000000e+01
5.420370101928710938e+01,-4.189496231079101562e+01,2.500000000000000000e+01,1.100000000000000000e+01
5.582578277587890625e+01,-4.528603363037109375e+01,2.500000000000000000e+01,1.100000000000000000e+01
4.893133163452148438e+01,-3.284628295898437500e+01,2.500000000000000000e+01,1.100000000000000000e+01
4.710046005249023438e+01,-2.984364318847656250e+01,2.500000000000000000e+01,1.100000000000000000e+01
5.782039642333984375e+01,-5.362011718750000000e+01,2.500000000000000000e+01,1.100000000000000000e+01
5.740498733520507812e+01,-5.055578231811523438e+01,2.500000000000000000e+01,1.100000000000000000e+01
5.115868759155273438e+01,-3.660672378540039062e+01,2.500000000000000000e+01,1.100000000000000000e+01
5.533362960815429688e+01,-4.414326477050781250e+01,2.500000000000000000e+01,1.100000000000000000e+01
5.782882308959960938e+01,-5.373016738891601562e+01,2.500000000000000000e+01,1.100000000000000000e+01
4.655944824218750000e+01,-2.870734977722167969e+01,2.500000000000000000e+01,1.100000000000000000e+01
4.716034317016601562e+01,-2.976258087158203125e+01,2.500000000000000000e+01,1.100000000000000000e+01
5.759507751464843750e+01,-5.170361709594726562e+01,2.500000000000000000e+01,1.100000000000000000e+01
5.706119918823242188e+01,-4.902964401245117188e+01,2.500000000000000000e+01,1.100000000000000000e+01
4.672326660156250000e+01,-2.925331687927246094e+01,2.500000000000000000e+01,1.100000000000000000e+01
5.745912933349609375e+01,-5.086389160156250000e+01,2.500000000000000000e+01,1.100000000000000000e+01
5.186952590942382812e+01,-3.776911926269531250e+01,2.500000000000000000e+01,1.100000000000000000e+01
4.689708709716796875e+01,-2.894427108764648438e+01,2.500000000000000000e+01,1.100000000000000000e+01
5.062925720214843750e+01,-3.575836944580078125e+01,2.500000000000000000e+01,1.100000000000000000e+01
5.492541503906250000e+01,-4.327523422241210938e+01,2.500000000000000000e+01,1.100000000000000000e+01
4.653698348999023438e+01,-2.911395072937011719e+01,2.500000000000000000e+01,1.100000000000000000e+01
5.498925781250000000e+01,-4.339733505249023438e+01,2.500000000000000000e+01,1.100000000000000000e+01
5.490898132324218750e+01,-4.324377441406250000e+01,2.500000000000000000e+01,1.100000000000000000e+01
5.010670471191406250e+01,-3.489878082275390625e+01,2.500000000000000000e+01,1.100000000000000000e+01
5.589638137817382812e+01,-4.545692825317382812e+01,2.500000000000000000e+01,1.100000000000000000e+01
5.628289031982421875e+01,-4.649981307983398438e+01,2.500000000000000000e+01,1.100000000000000000e+01
5.204788589477539062e+01,-3.807926559448242188e+01,2.500000000000000000e+01,1.100000000000000000e+01
5.274794006347656250e+01,-3.926675415039062500e+01,2.500000000000000000e+01,1.100000000000000000e+01
5.004311752319335938e+01,-3.479209518432617188e+01,2.500000000000000000e+01,1.100000000000000000e+01
5.002531051635742188e+01,-3.470999908447265625e+01,2.500000000000000000e+01,1.100000000000000000e+01
4.752259826660156250e+01,-3.063140869140625000e+01,2.500000000000000000e+01,1.100000000000000000e+01
5.814815139770507812e+01,-5.576501464843750000e+01,2.500000000000000000e+01,1.100000000000000000e+01
5.338996124267578125e+01,-4.040327453613281250e+01,2.500000000000000000e+01,1.100000000000000000e+01
5.629914474487304688e+01,-4.655096054077148438e+01,2.500000000000000000e+01,1.100000000000000000e+01
5.410680770874023438e+01,-4.170393753051757812e+01,2.500000000000000000e+01,1.100000000000000000e+01
5.796069717407226562e+01,-5.488545989990234375e+01,2.500000000000000000e+01,1.100000000000000000e+01
4.875687026977539062e+01,-3.267063140869140625e+01,2.500000000000000000e+01,1.100000000000000000e+01
5.658090591430664062e+01,-4.740282821655273438e+01,2.500000000000000000e+01,1.100000000000000000e+01
5.794998931884765625e+01,-5.488260650634765625e+01,2.500000000000000000e+01,1.100000000000000000e+01
4.653345108032226562e+01,-2.907131004333496094e+01,2.500000000000000000e+01,1.100000000000000000e+01
5.783529663085937500e+01,-5.572344970703125000e+01,2.500000000000000000e+01,1.100000000000000000e+01
5.512389373779296875e+01,-4.367968750000000000e+01,2.500000000000000000e+01,1.100000000000000000e+01
4.661444091796875000e+01,-3.251412582397460938e+01,2.500000000000000000e+01,1.100000000000000000e+01
4.981376266479492188e+01,-3.429684066772460938e+01,2.500000000000000000e+01,1.100000000000000000e+01
5.132688903808593750e+01,-3.688705444335937500e+01,2.500000000000000000e+01,1.100000000000000000e+01
5.697891235351562500e+01,-4.872630310058593750e+01,2.500000000000000000e+01,1.100000000000000000e+01
5.761225891113281250e+01,-5.183065795898437500e+01,2.500000000000000000e+01,1.100000000000000000e+01
4.663543701171875000e+01,-3.260351943969726562e+01,2.500000000000000000e+01,1.100000000000000000e+01
5.448831558227539062e+01,-4.242145538330078125e+01,2.500000000000000000e+01,1.100000000000000000e+01
5.007573318481445312e+01,-3.485866928100585938e+01,2.500000000000000000e+01,1.100000000000000000e+01
4.868016052246093750e+01,-3.238449859619140625e+01,2.500000000000000000e+01,1.100000000000000000e+01
5.791226959228515625e+01,-5.469156265258789062e+01,2.500000000000000000e+01,1.100000000000000000e+01
5.821348953247070312e+01,-5.544546890258789062e+01,2.500000000000000000e+01,1.100000000000000000e+01
5.476671600341796875e+01,-4.296855163574218750e+01,2.500000000000000000e+01,1.100000000000000000e+01
4.969558715820312500e+01,-3.405438232421875000e+01,2.500000000000000000e+01,1.100000000000000000e+01
5.424367523193359375e+01,-4.196769714355468750e+01,2.500000000000000000e+01,1.100000000000000000e+01
4.902088546752929688e+01,-3.324627304077148438e+01,2.500000000000000000e+01,1.100000000000000000e+01
5.144882965087890625e+01,-3.708511352539062500e+01,2.500000000000000000e+01,1.100000000000000000e+01
5.669614410400390625e+01,-4.776299667358398438e+01,2.500000000000000000e+01,1.100000000000000000e+01
5.686719131469726562e+01,-4.832937240600585938e+01,2.500000000000000000e+01,1.100000000000000000e+01
5.549444198608398438e+01,-4.449739456176757812e+01,2.500000000000000000e+01,1.100000000000000000e+01
5.097142028808593750e+01,-3.630066299438476562e+01,2.500000000000000000e+01,1.100000000000000000e+01
4.936156463623046875e+01,-3.349985122680664062e+01,2.500000000000000000e+01,1.100000000000000000e+01
5.776519775390625000e+01,-5.306463241577148438e+01,2.500000000000000000e+01,1.100000000000000000e+01
5.772361373901367188e+01,-5.269324493408203125e+01,2.500000000000000000e+01,1.100000000000000000e+01
5.498896026611328125e+01,-4.339674377441406250e+01,2.500000000000000000e+01,1.100000000000000000e+01
4.982832336425781250e+01,-3.441173934936523438e+01,2.500000000000000000e+01,1.100000000000000000e+01
5.742871093750000000e+01,-5.066863250732421875e+01,2.500000000000000000e+01,1.100000000000000000e+01
4.721823883056640625e+01,-2.970003128051757812e+01,2.500000000000000000e+01,1.100000000000000000e+01
4.702109527587890625e+01,-2.983289146423339844e+01,2.500000000000000000e+01,1.100000000000000000e+01
4.715524291992187500e+01,-2.966321182250976562e+01,2.500000000000000000e+01,1.100000000000000000e+01
5.796238708496093750e+01,-5.489691543579101562e+01,2.500000000000000000e+01,1.100000000000000000e+01
4.691521453857421875e+01,-2.879833602905273438e+01,2.500000000000000000e+01,1.100000000000000000e+01
5.782189559936523438e+01,-5.571633148193359375e+01,2.500000000000000000e+01,1.100000000000000000e+01
4.669698715209960938e+01,-3.257826614379882812e+01,2.500000000000000000e+01,1.100000000000000000e+01
5.223049926757812500e+01,-3.839579391479492188e+01,2.500000000000000000e+01,1.100000000000000000e+01
4.654288101196289062e+01,-2.868132400512695312e+01,2.500000000000000000e+01,1.100000000000000000e+01
5.712079620361328125e+01,-4.928239440917968750e+01,2.500000000000000000e+01,1.100000000000000000e+01
4.694167709350585938e+01,-2.921475410461425781e+01,2.500000000000000000e+01,1.100000000000000000e+01
4.973037338256835938e+01,-3.417477798461914062e+01,2.500000000000000000e+01,1.100000000000000000e+01
5.734600448608398438e+01,-5.027977752685546875e+01,2.500000000000000000e+01,1.100000000000000000e+01
4.665482711791992188e+01,-2.880380249023437500e+01,2.500000000000000000e+01,1.100000000000000000e+01
5.759614562988281250e+01,-5.171122741699218750e+01,2.500000000000000000e+01,1.100000000000000000e+01
5.172533035278320312e+01,-3.752737426757812500e+01,2.500000000000000000e+01,1.100000000000000000e+01
4.921720886230468750e+01,-3.389685440063476562e+01,2.500000000000000000e+01,1.100000000000000000e+01
5.496789932250976562e+01,-4.335953140258789062e+01,2.500000000000000000e+01,1.100000000000000000e+01
4.650825500488281250e+01,-2.900444602966308594e+01,2.500000000000000000e+01,1.100000000000000000e+01
4.823191452026367188e+01,-3.192445182800292969e+01,2.500000000000000000e+01,1.100000000000000000e+01
5.617469406127929688e+01,-4.619974517822265625e+01,2.500000000000000000e+01,1.100000000000000000e+01
5.780831909179687500e+01,-5.569380569458007812e+01,2.500000000000000000e+01,1.100000000000000000e+01
5.778017044067382812e+01,-5.542790985107421875e+01,2.500000000000000000e+01,1.100000000000000000e+01
5.118396377563476562e+01,-3.664410781860351562e+01,2.500000000000000000e+01,1.100000000000000000e+01
4.918793869018554688e+01,-3.331952667236328125e+01,2.500000000000000000e+01,1.100000000000000000e+01
5.763360977172851562e+01,-5.198226165771484375e+01,2.500000000000000000e+01,1.100000000000000000e+01
5.744066619873046875e+01,-5.075880050659179688e+01,2.500000000000000000e+01,1.100000000000000000e+01
5.778094100952148438e+01,-5.541147232055664062e+01,2.500000000000000000e+01,1.100000000000000000e+01
5.543787765502929688e+01,-4.436133575439453125e+01,2.500000000000000000e+01,1.100000000000000000e+01
5.122490692138671875e+01,-3.671374130249023438e+01,2.500000000000000000e+01,1.100000000000000000e+01
5.095239257812500000e+01,-3.627259826660156250e+01,2.500000000000000000e+01,1.100000000000000000e+01
5.702737808227539062e+01,-4.890852355957031250e+01,2.500000000000000000e+01,1.100000000000000000e+01
5.559599304199218750e+01,-4.473686599731445312e+01,2.500000000000000000e+01,1.100000000000000000e+01
5.105180358886718750e+01,-3.643497848510742188e+01,2.500000000000000000e+01,1.100000000000000000e+01
4.894216537475585938e+01,-3.471686553955078125e+01,2.500000000000000000e+01,1.100000000000000000e+01
4.908408737182617188e+01,-3.324362945556640625e+01,2.500000000000000000e+01,1.100000000000000000e+01
5.546132659912109375e+01,-4.441391372680664062e+01,2.500000000000000000e+01,1.100000000000000000e+01
5.707151412963867188e+01,-4.907740020751953125e+01,2.500000000000000000e+01,1.100000000000000000e+01
5.047932434082031250e+01,-3.550763320922851562e+01,2.500000000000000000e+01,1.100000000000000000e+01
4.778339767456054688e+01,-3.088639450073242188e+01,2.500000000000000000e+01,1.100000000000000000e+01
5.769427490234375000e+01,-5.244467544555664062e+01,2.500000000000000000e+01,1.100000000000000000e+01
5.222891616821289062e+01,-3.839318466186523438e+01,2.500000000000000000e+01,1.100000000000000000e+01
5.361090087890625000e+01,-4.079434967041015625e+01,2.500000000000000000e+01,1.100000000000000000e+01
-2.594531250000000000e+01,-1.239691352844238281e+01,2.600000000000000000e+01,1.500000000000000000e+01
-1.759795761108398438e+01,-4.115653038024902344e+00,2.600000000000000000e+01,1.700000000000000000e+01
-3.206192779541015625e+01,-1.563963222503662109e+01,2.600000000000000000e+01,1.500000000000000000e+01
-2.893024063110351562e+01,-1.396336269378662109e+01,2.600000000000000000e+01,1.500000000000000000e+01
-2.007000350952148438e+01,-4.899158954620361328e+00,2.600000000000000000e+01,1.700000000000000000e+01
-1.666327476501464844e+01,-5.264849185943603516e+00,2.600000000000000000e+01,1.700000000000000000e+01
-1.723982048034667969e+01,-4.417538166046142578e+00,2.600000000000000000e+01,1.700000000000000000e+01
-2.882390785217285156e+01,-1.315107345581054688e+01,2.600000000000000000e+01,1.500000000000000000e+01
-2.150589561462402344e+01,-2.845421731472015381e-01,2.600000000000000000e+01,1.700000000000000000e+01
-2.678123664855957031e+01,-1.309243297576904297e+01,2.600000000000000000e+01,1.500000000000000000e+01
-3.129467773437500000e+01,-1.878643035888671875e+01,2.600000000000000000e+01,1.500000000000000000e+01
-1.810574722290039062e+01,-3.877057075500488281e+00,2.600000000000000000e+01,1.700000000000000000e+01
-2.526704978942871094e+01,-1.163039970397949219e+01,2.600000000000000000e+01,1.500000000000000000e+01
-3.080287551879882812e+01,-1.986506271362304688e+01,2.600000000000000000e+01,1.500000000000000000e+01
-3.194683074951171875e+01,-1.541792678833007812e+01,2.600000000000000000e+01,1.500000000000000000e+01
-1.949211883544921875e+01,-5.268150329589843750e+00,2.600000000000000000e+01,1.700000000000000000e+01
-3.193472862243652344e+01,-1.517819499969482422e+01,2.600000000000000000e+01,1.500000000000000000e+01
-1.676755523681640625e+01,-5.618873596191406250e+00,2.600000000000000000e+01,1.700000000000000000e+01
-2.540207862854003906e+01,-1.187026119232177734e+01,2.600000000000000000e+01,1.500000000000000000e+01
-3.130192184448242188e+01,-2.012479019165039062e+01,2.600000000000000000e+01,1.500000000000000000e+01
-2.099335479736328125e+01,-1.140929222106933594e+00,2.600000000000000000e+01,1.700000000000000000e+01
-3.231858825683593750e+01,-1.617024803161621094e+01,2.600000000000000000e+01,1.500000000000000000e+01
-2.993484497070312500e+01,-1.986007308959960938e+01,2.600000000000000000e+01,1.500000000000000000e+01
-2.986292648315429688e+01,-1.402563381195068359e+01,2.600000000000000000e+01,1.500000000000000000e+01
-1.687719345092773438e+01,-5.223451137542724609e+00,2.600000000000000000e+01,1.700000000000000000e+01
-2.355471038818359375e+01,-1.696192169189453125e+01,2.600000000000000000e+01,1.500000000000000000e+01
-2.374781799316406250e+01,-1.703564643859863281e+01,2.600000000000000000e+01,1.500000000000000000e+01
-2.632558059692382812e+01,-1.639910507202148438e+01,2.600000000000000000e+01,1.500000000000000000e+01
-2.968348693847656250e+01,-1.517331600189208984e+01,2.600000000000000000e+01,1.500000000000000000e+01
-3.192766380310058594e+01,-1.892028427124023438e+01,2.600000000000000000e+01,1.500000000000000000e+01
-2.592658996582031250e+01,-1.226831912994384766e+01,2.600000000000000000e+01,1.500000000000000000e+01
-2.809280967712402344e+01,-1.476502227783203125e+01,2.600000000000000000e+01,1.500000000000000000e+01
-2.465070533752441406e+01,-1.730780601501464844e+01,2.600000000000000000e+01,1.500000000000000000e+01
-2.640542793273925781e+01,-1.754893684387207031e+01,2.600000000000000000e+01,1.500000000000000000e+01
-3.098143386840820312e+01,-1.954626655578613281e+01,2.600000000000000000e+01,1.500000000000000000e+01
-1.913931846618652344e+01,-5.329710006713867188e+00,2.600000000000000000e+01,1.700000000000000000e+01
-1.676013565063476562e+01,-5.510222434997558594e+00,2.600000000000000000e+01,1.700000000000000000e+01
-2.592716598510742188e+01,-1.727044105529785156e+01,2.600000000000000000e+01,1.500000000000000000e+01
-2.880829048156738281e+01,-1.316024971008300781e+01,2.600000000000000000e+01,1.500000000000000000e+01
-2.649997520446777344e+01,-1.266965579986572266e+01,2.600000000000000000e+01,1.500000000000000000e+01
-2.066946411132812500e+01,-1.604147434234619141e+00,2.600000000000000000e+01,1.700000000000000000e+01
-3.133253860473632812e+01,-1.481721687316894531e+01,2.600000000000000000e+01,1.500000000000000000e+01
-2.627548980712890625e+01,-1.256528186798095703e+01,2.600000000000000000e+01,1.500000000000000000e+01
-2.818197631835937500e+01,-1.488412857055664062e+01,2.600000000000000000e+01,1.500000000000000000e+01
-2.041529846191406250e+01,-1.992726564407348633e+00,2.600000000000000000e+01,1.700000000000000000e+01
-3.165463447570800781e+01,-2.038760948181152344e+01,2.600000000000000000e+01,1.500000000000000000e+01
-2.969541740417480469e+01,-1.350260162353515625e+01,2.600000000000000000e+01,1.500000000000000000e+01
-2.790139770507812500e+01,-1.549305629730224609e+01,2.600000000000000000e+01,1.500000000000000000e+01
-3.172802734375000000e+01,-1.967328834533691406e+01,2.600000000000000000e+01,1.500000000000000000e+01
-2.669644927978515625e+01,-1.275121021270751953e+01,2.600000000000000000e+01,1.500000000000000000e+01
-2.408822250366210938e+01,-1.715699577331542969e+01,2.600000000000000000e+01,1.500000000000000000e+01
-2.601367378234863281e+01,-1.651576042175292969e+01,2.600000000000000000e+01,1.500000000000000000e+01
-2.778146362304687500e+01,-1.878990936279296875e+01,2.600000000000000000e+01,1.500000000000000000e+01
-2.519900703430175781e+01,-1.155858230590820312e+01,2.600000000000000000e+01,1.500000000000000000e+01
-3.147214126586914062e+01,-1.453726863861083984e+01,2.600000000000000000e+01,1.500000000000000000e+01
-2.576882934570312500e+01,-1.751245498657226562e+01,2.600000000000000000e+01,1.500000000000000000e+01
-2.015901374816894531e+01,-5.446755409240722656e+00,2.600000000000000000e+01,1.700000000000000000e+01
-3.142104148864746094e+01,-1.457609653472900391e+01,2.600000000000000000e+01,1.500000000000000000e+01
-2.989086151123046875e+01,-1.344112873077392578e+01,2.600000000000000000e+01,1.500000000000000000e+01
-3.022619438171386719e+01,-1.389845275878906250e+01,2.600000000000000000e+01,1.500000000000000000e+01
-3.240184402465820312e+01,-1.645815849304199219e+01,2.600000000000000000e+01,1.500000000000000000e+01
-2.548985099792480469e+01,-1.738352584838867188e+01,2.600000000000000000e+01,1.500000000000000000e+01
-3.088712882995605469e+01,-1.410091781616210938e+01,2.600000000000000000e+01,1.500000000000000000e+01
-3.153910446166992188e+01,-1.507410144805908203e+01,2.600000000000000000e+01,1.500000000000000000e+01
-2.966925811767578125e+01,-1.957840538024902344e+01,2.600000000000000000e+01,1.500000000000000000e+01
-3.006782341003417969e+01,-1.980342864990234375e+01,2.600000000000000000e+01,1.500000000000000000e+01
-2.369605064392089844e+01,-1.702659988403320312e+01,2.600000000000000000e+01,1.500000000000000000e+01
-1.770510673522949219e+01,-4.389513969421386719e+00,2.600000000000000000e+01,1.700000000000000000e+01
-1.929067039489746094e+01,-5.244535446166992188e+00,2.600000000000000000e+01,1.700000000000000000e+01
-3.196279907226562500e+01,-1.993077850341796875e+01,2.600000000000000000e+01,1.500000000000000000e+01
-1.867422103881835938e+01,-5.421798706054687500e+00,2.600000000000000000e+01,1.700000000000000000e+01
-3.047871398925781250e+01,-1.372599029541015625e+01,2.600000000000000000e+01,1.500000000000000000e+01
-3.090133857727050781e+01,-1.963600921630859375e+01,2.600000000000000000e+01,1.500000000000000000e+01
-2.583728599548339844e+01,-1.760492897033691406e+01,2.600000000000000000e+01,1.500000000000000000e+01
-2.555563163757324219e+01,-1.738736915588378906e+01,2.600000000000000000e+01,1.500000000000000000e+01
-3.221721649169921875e+01,-1.603532409667968750e+01,2.600000000000000000e+01,1.500000000000000000e+01
-1.812488174438476562e+01,-5.736753463745117188e+00,2.600000000000000000e+01,1.700000000000000000e+01
-3.071270942687988281e+01,-1.965023422241210938e+01,2.600000000000000000e+01,1.500000000000000000e+01
-2.545110321044921875e+01,-1.651596832275390625e+01,2.600000000000000000e+01,1.500000000000000000e+01
-3.157800865173339844e+01,-1.886613655090332031e+01,2.600000000000000000e+01,1.500000000000000000e+01
-3.388700485229492188e+01,-1.480641841888427734e+01,2.600000000000000000e+01,1.500000000000000000e+01
-2.500200080871582031e+01,-1.644304275512695312e+01,2.600000000000000000e+01,1.500000000000000000e+01
-3.073040199279785156e+01,-1.458234024047851562e+01,2.600000000000000000e+01,1.500000000000000000e+01
-2.604648017883300781e+01,-1.782601547241210938e+01,2.600000000000000000e+01,1.500000000000000000e+01
-3.224343490600585938e+01,-1.616100311279296875e+01,2.600000000000000000e+01,1.500000000000000000e+01
-1.746336746215820312e+01,-5.799060344696044922e+00,2.600000000000000000e+01,1.700000000000000000e+01
-2.231617355346679688e+01,1.144028902053833008e+00,2.600000000000000000e+01,1.700000000000000000e+01
-1.648010063171386719e+01,-5.233397006988525391e+00,2.600000000000000000e+01,1.700000000000000000e+01
-1.968579483032226562e+01,-5.087414741516113281e+00,2.600000000000000000e+01,1.700000000000000000e+01
-2.091800689697265625e+01,-1.238058090209960938e+00,2.600000000000000000e+01,1.700000000000000000e+01
-2.067055320739746094e+01,-1.865237832069396973e+00,2.600000000000000000e+01,1.700000000000000000e+01
-3.042474555969238281e+01,-1.389896869659423828e+01,2.600000000000000000e+01,1.500000000000000000e+01
-1.659790992736816406e+01,-5.399271488189697266e+00,2.600000000000000000e+01,1.700000000000000000e+01
-1.693975257873535156e+01,-4.872147083282470703e+00,2.600000000000000000e+01,1.700000000000000000e+01
-2.040803718566894531e+01,-1.931414842605590820e+00,2.600000000000000000e+01,1.700000000000000000e+01
-2.899885177612304688e+01,-1.319892883300781250e+01,2.600000000000000000e+01,1.500000000000000000e+01
-3.099960517883300781e+01,-1.428165054321289062e+01,2.600000000000000000e+01,1.500000000000000000e+01
-3.167079925537109375e+01,-1.966089248657226562e+01,2.600000000000000000e+01,1.500000000000000000e+01
-2.622287178039550781e+01,-1.529213047027587891e+01,2.600000000000000000e+01,1.500000000000000000e+01
-2.071898651123046875e+01,-5.617379188537597656e+00,2.600000000000000000e+01,1.700000000000000000e+01
-2.357540893554687500e+01,-1.696946525573730469e+01,2.600000000000000000e+01,1.500000000000000000e+01
-2.362296295166015625e+01,-1.697696113586425781e+01,2.600000000000000000e+01,1.500000000000000000e+01
-3.027974319458007812e+01,-1.565302944183349609e+01,2.600000000000000000e+01,1.500000000000000000e+01
-1.743845176696777344e+01,-5.659348964691162109e+00,2.600000000000000000e+01,1.700000000000000000e+01
-2.626421546936035156e+01,-1.624836730957031250e+01,2.600000000000000000e+01,1.500000000000000000e+01
-2.792426109313964844e+01,-1.892330741882324219e+01,2.600000000000000000e+01,1.500000000000000000e+01
-2.542087745666503906e+01,-1.752520561218261719e+01,2.600000000000000000e+01,1.500000000000000000e+01
-2.562226104736328125e+01,-1.199365901947021484e+01,2.600000000000000000e+01,1.500000000000000000e+01
-1.704137992858886719e+01,-4.783882617950439453e+00,2.600000000000000000e+01,1.700000000000000000e+01
-2.640966796875000000e+01,-1.256013679504394531e+01,2.600000000000000000e+01,1.500000000000000000e+01
-2.097387695312500000e+01,-5.674201965332031250e+00,2.600000000000000000e+01,1.700000000000000000e+01
-2.518173217773437500e+01,-1.152480602264404297e+01,2.600000000000000000e+01,1.500000000000000000e+01
-2.450951766967773438e+01,-1.724743652343750000e+01,2.600000000000000000e+01,1.500000000000000000e+01
-2.994525337219238281e+01,-1.972347831726074219e+01,2.600000000000000000e+01,1.500000000000000000e+01
-2.672745704650878906e+01,-1.708096694946289062e+01,2.600000000000000000e+01,1.500000000000000000e+01
-2.177760696411132812e+01,-5.824378967285156250e+00,2.600000000000000000e+01,1.500000000000000000e+01
-2.620918464660644531e+01,-1.609803771972656250e+01,2.600000000000000000e+01,1.500000000000000000e+01
-2.711178970336914062e+01,-1.766983032226562500e+01,2.600000000000000000e+01,1.500000000000000000e+01
-2.725351524353027344e+01,-1.290078926086425781e+01,2.600000000000000000e+01,1.500000000000000000e+01
-3.195887947082519531e+01,-1.973134613037109375e+01,2.600000000000000000e+01,1.500000000000000000e+01
-3.165835571289062500e+01,-1.490469837188720703e+01,2.600000000000000000e+01,1.500000000000000000e+01
-2.020835494995117188e+01,-5.520335674285888672e+00,2.600000000000000000e+01,1.700000000000000000e+01
-2.520826148986816406e+01,-1.156849193572998047e+01,2.600000000000000000e+01,1.500000000000000000e+01
-2.191257476806640625e+01,4.207191467285156250e-01,2.600000000000000000e+01,1.700000000000000000e+01
-3.039934539794921875e+01,-1.541821861267089844e+01,2.600000000000000000e+01,1.500000000000000000e+01
-2.473991775512695312e+01,-1.088870429992675781e+01,2.600000000000000000e+01,1.500000000000000000e+01
-3.023838996887207031e+01,-1.944559288024902344e+01,2.600000000000000000e+01,1.500000000000000000e+01
-2.190809440612792969e+01,4.123284518718719482e-01,2.600000000000000000e+01,1.700000000000000000e+01
-3.221826171875000000e+01,-1.702430152893066406e+01,2.600000000000000000e+01,1.500000000000000000e+01
-3.168340110778808594e+01,-1.490376377105712891e+01,2.600000000000000000e+01,1.500000000000000000e+01
-2.593229675292968750e+01,-1.230458259582519531e+01,2.600000000000000000e+01,1.500000000000000000e+01
-3.182927703857421875e+01,-1.858112907409667969e+01,2.600000000000000000e+01,1.500000000000000000e+01
-1.720669364929199219e+01,-4.823349952697753906e+00,2.600000000000000000e+01,1.700000000000000000e+01
-3.050070762634277344e+01,-1.956305122375488281e+01,2.600000000000000000e+01,1.500000000000000000e+01
-1.712465095520019531e+01,-5.745571136474609375e+00,2.600000000000000000e+01,1.700000000000000000e+01
-3.095232582092285156e+01,-2.035425949096679688e+01,2.600000000000000000e+01,1.500000000000000000e+01
-2.079479026794433594e+01,-1.425357341766357422e+00,2.600000000000000000e+01,1.700000000000000000e+01
-2.885149765014648438e+01,-1.313234138488769531e+01,2.600000000000000000e+01,1.500000000000000000e+01
-2.769808197021484375e+01,-1.873981857299804688e+01,2.600000000000000000e+01,1.500000000000000000e+01
-2.521676063537597656e+01,-1.157105541229248047e+01,2.600000000000000000e+01,1.500000000000000000e+01
-3.167150878906250000e+01,-1.530872249603271484e+01,2.600000000000000000e+01,1.500000000000000000e+01
-2.711645698547363281e+01,-1.854738616943359375e+01,2.600000000000000000e+01,1.500000000000000000e+01
-2.106942176818847656e+01,-5.706538677215576172e+00,2.600000000000000000e+01,1.700000000000000000e+01
-2.356181144714355469e+01,-1.696192550659179688e+01,2.600000000000000000e+01,1.500000000000000000e+01
-3.226989746093750000e+01,-1.747120094299316406e+01,2.600000000000000000e+01,1.500000000000000000e+01
-3.212593460083007812e+01,-1.924744033813476562e+01,2.600000000000000000e+01,1.500000000000000000e+01
-2.648267173767089844e+01,-1.462598133087158203e+01,2.600000000000000000e+01,1.500000000000000000e+01
-2.570586013793945312e+01,-1.217504405975341797e+01,2.600000000000000000e+01,1.500000000000000000e+01
-1.889708518981933594e+01,-5.568677902221679688e+00,2.600000000000000000e+01,1.700000000000000000e+01
-1.638974189758300781e+01,-5.644974708557128906e+00,2.600000000000000000e+01,1.700000000000000000e+01
-2.713014793395996094e+01,-1.598712539672851562e+01,2.600000000000000000e+01,1.500000000000000000e+01
-3.194918632507324219e+01,-1.544116210937500000e+01,2.600000000000000000e+01,1.500000000000000000e+01
-2.855874633789062500e+01,-1.332094764709472656e+01,2.600000000000000000e+01,1.500000000000000000e+01
-1.830293083190917969e+01,-3.894640922546386719e+00,2.600000000000000000e+01,1.700000000000000000e+01
-2.634642601013183594e+01,-1.599533271789550781e+01,2.600000000000000000e+01,1.500000000000000000e+01
-2.895400238037109375e+01,-1.895096397399902344e+01,2.600000000000000000e+01,1.500000000000000000e+01
-3.034834098815917969e+01,-1.377168178558349609e+01,2.600000000000000000e+01,1.500000000000000000e+01
-1.650153541564941406e+01,-4.939130306243896484e+00,2.600000000000000000e+01,1.700000000000000000e+01
-1.886924743652343750e+01,-5.136753559112548828e+00,2.600000000000000000e+01,1.700000000000000000e+01
-3.218241500854492188e+01,-1.572853469848632812e+01,2.600000000000000000e+01,1.500000000000000000e+01
-1.867754745483398438e+01,-5.682725906372070312e+00,2.600000000000000000e+01,1.700000000000000000e+01
-1.641482925415039062e+01,-5.504826068878173828e+00,2.600000000000000000e+01,1.700000000000000000e+01
-2.311607551574707031e+01,-1.555385875701904297e+01,2.600000000000000000e+01,1.500000000000000000e+01
-3.090985870361328125e+01,-1.497195911407470703e+01,2.600000000000000000e+01,1.500000000000000000e+01
-3.212878799438476562e+01,-1.619826698303222656e+01,2.600000000000000000e+01,1.500000000000000000e+01
-2.236388015747070312e+01,-1.700687789916992188e+01,2.600000000000000000e+01,1.500000000000000000e+01
-3.220017242431640625e+01,-1.928283691406250000e+01,2.600000000000000000e+01,1.500000000000000000e+01
-3.141893768310546875e+01,-1.920881843566894531e+01,2.600000000000000000e+01,1.500000000000000000e+01
-2.223159790039062500e+01,-1.701069641113281250e+01,2.600000000000000000e+01,1.500000000000000000e+01
-1.754398918151855469e+01,-4.346160411834716797e+00,2.600000000000000000e+01,1.700000000000000000e+01
-2.618567085266113281e+01,-1.268539142608642578e+01,2.600000000000000000e+01,1.500000000000000000e+01
-1.670651435852050781e+01,-5.333429336547851562e+00,2.600000000000000000e+01,1.700000000000000000e+01
-2.183197021484375000e+01,2.899362146854400635e-01,2.600000000000000000e+01,1.700000000000000000e+01
-2.088709640502929688e+01,-1.309996008872985840e+00,2.600000000000000000e+01,1.700000000000000000e+01
-2.958942794799804688e+01,-1.352734184265136719e+01,2.600000000000000000e+01,1.500000000000000000e+01
-1.641678428649902344e+01,-5.629332065582275391e+00,2.600000000000000000e+01,1.700000000000000000e+01
-3.200294494628906250e+01,-1.831465911865234375e+01,2.600000000000000000e+01,1.500000000000000000e+01
-3.118942451477050781e+01,-2.029990386962890625e+01,2.600000000000000000e+01,1.500000000000000000e+01
-1.630597305297851562e+01,-5.463554859161376953e+00,2.600000000000000000e+01,1.700000000000000000e+01
-2.217344665527343750e+01,-1.701718711853027344e+01,2.600000000000000000e+01,1.500000000000000000e+01
-3.206264114379882812e+01,-1.914696693420410156e+01,2.600000000000000000e+01,1.500000000000000000e+01
-2.607274818420410156e+01,-1.667332839965820312e+01,2.600000000000000000e+01,1.500000000000000000e+01
-3.116605758666992188e+01,-2.002972602844238281e+01,2.600000000000000000e+01,1.500000000000000000e+01
-3.228755187988281250e+01,-1.724877548217773438e+01,2.600000000000000000e+01,1.500000000000000000e+01
-2.686655616760253906e+01,-1.311615180969238281e+01,2.600000000000000000e+01,1.500000000000000000e+01
-2.083559989929199219e+01,-2.787703037261962891e+00,2.600000000000000000e+01,1.700000000000000000e+01
-3.194935035705566406e+01,-1.585250568389892578e+01,2.600000000000000000e+01,1.500000000000000000e+01
-1.946053504943847656e+01,-3.245731115341186523e+00,2.600000000000000000e+01,1.700000000000000000e+01
-3.107994079589843750e+01,-1.414374637603759766e+01,2.600000000000000000e+01,1.500000000000000000e+01
-1.687864303588867188e+01,-5.149940490722656250e+00,2.600000000000000000e+01,1.700000000000000000e+01
-1.655312538146972656e+01,-5.728063583374023438e+00,2.600000000000000000e+01,1.700000000000000000e+01
-1.975614547729492188e+01,-5.504421710968017578e+00,2.600000000000000000e+01,1.700000000000000000e+01
-3.211747741699218750e+01,-1.839758300781250000e+01,2.600000000000000000e+01,1.500000000000000000e+01
-1.683260726928710938e+01,-5.641180515289306641e+00,2.600000000000000000e+01,1.700000000000000000e+01
-2.910154914855957031e+01,-1.317760372161865234e+01,2.600000000000000000e+01,1.500000000000000000e+01
-2.705779457092285156e+01,-1.812407493591308594e+01,2.600000000000000000e+01,1.500000000000000000e+01
-3.127501487731933594e+01,-1.997165679931640625e+01,2.600000000000000000e+01,1.500000000000000000e+01
-3.219976425170898438e+01,-1.792394447326660156e+01,2.600000000000000000e+01,1.500000000000000000e+01
-2.722926902770996094e+01,-1.829335021972656250e+01,2.600000000000000000e+01,1.500000000000000000e+01
-2.656224060058593750e+01,-1.689645767211914062e+01,2.600000000000000000e+01,1.500000000000000000e+01
-1.726690483093261719e+01,-5.834114551544189453e+00,2.600000000000000000e+01,1.700000000000000000e+01
-1.815461158752441406e+01,-5.674483299255371094e+00,2.600000000000000000e+01,1.700000000000000000e+01
-3.223948669433593750e+01,-1.660162925720214844e+01,2.600000000000000000e+01,1.500000000000000000e+01
-1.891112518310546875e+01,-4.452376842498779297e+00,2.600000000000000000e+01,1.700000000000000000e+01
-2.999811172485351562e+01,-1.967071151733398438e+01,2.600000000000000000e+01,1.500000000000000000e+01
-3.053522491455078125e+01,-1.922757720947265625e+01,2.600000000000000000e+01,1.500000000000000000e+01
-3.232316970825195312e+01,-1.729892921447753906e+01,2.600000000000000000e+01,1.500000000000000000e+01
-2.912450218200683594e+01,-1.335900974273681641e+01,2.600000000000000000e+01,1.500000000000000000e+01
-2.640260314941406250e+01,-1.618972778320312500e+01,2.600000000000000000e+01,1.500000000000000000e+01
-2.146294212341308594e+01,-5.861199378967285156e+00,2.600000000000000000e+01,1.500000000000000000e+01
2.637466621398925781e+01,-5.401747512817382812e+01,2.700000000000000000e+01,1.600000000000000000e+01
2.748268508911132812e+01,-6.374382400512695312e+01,2.700000000000000000e+01,1.600000000000000000e+01
2.660873985290527344e+01,-5.320547485351562500e+01,2.700000000000000000e+01,1.600000000000000000e+01
3.173999214172363281e+01,-3.627850723266601562e+01,2.700000000000000000e+01,1.600000000000000000e+01
2.678820037841796875e+01,-6.382798385620117188e+01,2.700000000000000000e+01,1.600000000000000000e+01
2.760995674133300781e+01,-4.922544097900390625e+01,2.700000000000000000e+01,1.600000000000000000e+01
2.962874984741210938e+01,-4.451834487915039062e+01,2.700000000000000000e+01,1.600000000000000000e+01
2.956871414184570312e+01,-4.185810470581054688e+01,2.700000000000000000e+01,1.600000000000000000e+01
3.124902343750000000e+01,-3.841734695434570312e+01,2.700000000000000000e+01,1.600000000000000000e+01
2.729127883911132812e+01,-6.381845474243164062e+01,2.700000000000000000e+01,1.600000000000000000e+01
2.742683792114257812e+01,-5.112422180175781250e+01,2.700000000000000000e+01,1.600000000000000000e+01
2.685535430908203125e+01,-6.152078247070312500e+01,2.700000000000000000e+01,1.600000000000000000e+01
3.138533973693847656e+01,-3.810263061523437500e+01,2.700000000000000000e+01,1.600000000000000000e+01
2.844716453552246094e+01,-4.435444259643554688e+01,2.700000000000000000e+01,1.600000000000000000e+01
2.742813491821289062e+01,-6.053532409667968750e+01,2.700000000000000000e+01,1.600000000000000000e+01
2.889577102661132812e+01,-4.403524398803710938e+01,2.700000000000000000e+01,1.600000000000000000e+01
2.957010269165039062e+01,-4.188812637329101562e+01,2.700000000000000000e+01,1.600000000000000000e+01
2.743743324279785156e+01,-5.270911407470703125e+01,2.700000000000000000e+01,1.600000000000000000e+01
3.109046745300292969e+01,-3.821257019042968750e+01,2.700000000000000000e+01,1.600000000000000000e+01
2.714067840576171875e+01,-5.267067337036132812e+01,2.700000000000000000e+01,1.600000000000000000e+01
2.771665382385253906e+01,-5.312020492553710938e+01,2.700000000000000000e+01,1.600000000000000000e+01
2.853589820861816406e+01,-4.499027633666992188e+01,2.700000000000000000e+01,1.600000000000000000e+01
2.718118476867675781e+01,-5.785257339477539062e+01,2.700000000000000000e+01,1.600000000000000000e+01
2.733871650695800781e+01,-6.473413085937500000e+01,2.700000000000000000e+01,1.600000000000000000e+01
2.723962783813476562e+01,-5.493441390991210938e+01,2.700000000000000000e+01,1.600000000000000000e+01
2.709480476379394531e+01,-5.788536453247070312e+01,2.700000000000000000e+01,1.600000000000000000e+01
2.684423255920410156e+01,-6.395065689086914062e+01,2.700000000000000000e+01,1.600000000000000000e+01
2.978627777099609375e+01,-4.139163208007812500e+01,2.700000000000000000e+01,1.600000000000000000e+01
2.838000869750976562e+01,-4.563591766357421875e+01,2.700000000000000000e+01,1.600000000000000000e+01
2.750271415710449219e+01,-6.399500656127929688e+01,2.700000000000000000e+01,1.600000000000000000e+01
2.657132148742675781e+01,-5.893016052246093750e+01,2.700000000000000000e+01,1.600000000000000000e+01
2.822112083435058594e+01,-4.641286087036132812e+01,2.700000000000000000e+01,1.600000000000000000e+01
2.918795013427734375e+01,-4.271078872680664062e+01,2.700000000000000000e+01,1.600000000000000000e+01
2.706098175048828125e+01,-5.874935531616210938e+01,2.700000000000000000e+01,1.600000000000000000e+01
3.123500633239746094e+01,-3.830690383911132812e+01,2.700000000000000000e+01,1.600000000000000000e+01
2.685457229614257812e+01,-6.400247192382812500e+01,2.700000000000000000e+01,1.600000000000000000e+01
3.150516319274902344e+01,-3.727779006958007812e+01,2.700000000000000000e+01,1.600000000000000000e+01
2.766230392456054688e+01,-4.965573501586914062e+01,2.700000000000000000e+01,1.600000000000000000e+01
2.761083412170410156e+01,-4.879515075683593750e+01,2.700000000000000000e+01,1.600000000000000000e+01
3.148572158813476562e+01,-3.724091720581054688e+01,2.700000000000000000e+01,1.600000000000000000e+01
2.728946685791015625e+01,-5.654411697387695312e+01,2.700000000000000000e+01,1.600000000000000000e+01
2.668103218078613281e+01,-5.480345535278320312e+01,2.700000000000000000e+01,1.600000000000000000e+01
2.877830505371093750e+01,-4.457979965209960938e+01,2.700000000000000000e+01,1.600000000000000000e+01
3.137486457824707031e+01,-3.795169067382812500e+01,2.700000000000000000e+01,1.600000000000000000e+01
2.844151878356933594e+01,-4.512950134277343750e+01,2.700000000000000000e+01,1.600000000000000000e+01
2.720190048217773438e+01,-5.239270782470703125e+01,2.700000000000000000e+01,1.600000000000000000e+01
2.722784805297851562e+01,-5.035303497314453125e+01,2.700000000000000000e+01,1.600000000000000000e+01
2.874312019348144531e+01,-4.425472640991210938e+01,2.700000000000000000e+01,1.600000000000000000e+01
2.707592964172363281e+01,-5.445066070556640625e+01,2.700000000000000000e+01,1.600000000000000000e+01
2.817140769958496094e+01,-4.653448104858398438e+01,2.700000000000000000e+01,1.600000000000000000e+01
2.825112152099609375e+01,-4.628661727905273438e+01,2.700000000000000000e+01,1.600000000000000000e+01
2.677922058105468750e+01,-5.305278396606445312e+01,2.700000000000000000e+01,1.600000000000000000e+01
2.733421325683593750e+01,-6.506108093261718750e+01,2.700000000000000000e+01,1.600000000000000000e+01
2.712288284301757812e+01,-5.894739913940429688e+01,2.700000000000000000e+01,1.600000000000000000e+01
3.051084136962890625e+01,-3.966249847412109375e+01,2.700000000000000000e+01,1.600000000000000000e+01
3.078973770141601562e+01,-3.909003067016601562e+01,2.700000000000000000e+01,1.600000000000000000e+01
2.782003402709960938e+01,-4.683214950561523438e+01,2.700000000000000000e+01,1.600000000000000000e+01
2.728566551208496094e+01,-5.548808288574218750e+01,2.700000000000000000e+01,1.600000000000000000e+01
2.728886413574218750e+01,-6.247849655151367188e+01,2.700000000000000000e+01,1.600000000000000000e+01
2.741126441955566406e+01,-5.016888809204101562e+01,2.700000000000000000e+01,1.600000000000000000e+01
2.795239639282226562e+01,-4.920927429199218750e+01,2.700000000000000000e+01,1.600000000000000000e+01
2.911191177368164062e+01,-4.291968154907226562e+01,2.700000000000000000e+01,1.600000000000000000e+01
2.760481452941894531e+01,-4.999517822265625000e+01,2.700000000000000000e+01,1.600000000000000000e+01
2.823884010314941406e+01,-4.681065750122070312e+01,2.700000000000000000e+01,1.600000000000000000e+01
2.715820312500000000e+01,-4.895102310180664062e+01,2.700000000000000000e+01,1.600000000000000000e+01
2.749941253662109375e+01,-5.339655303955078125e+01,2.700000000000000000e+01,1.600000000000000000e+01
2.749301147460937500e+01,-6.407736968994140625e+01,2.700000000000000000e+01,1.600000000000000000e+01
2.756314468383789062e+01,-5.011350631713867188e+01,2.700000000000000000e+01,1.600000000000000000e+01
3.082137107849121094e+01,-3.903040695190429688e+01,2.700000000000000000e+01,1.600000000000000000e+01
2.749722671508789062e+01,-5.902784347534179688e+01,2.700000000000000000e+01,1.600000000000000000e+01
2.735241889953613281e+01,-5.994137573242187500e+01,2.700000000000000000e+01,1.600000000000000000e+01
2.893429756164550781e+01,-4.383685302734375000e+01,2.700000000000000000e+01,1.600000000000000000e+01
2.862319564819335938e+01,-4.395917510986328125e+01,2.700000000000000000e+01,1.600000000000000000e+01
2.684749984741210938e+01,-6.073759460449218750e+01,2.700000000000000000e+01,1.600000000000000000e+01
2.731043243408203125e+01,-5.939917755126953125e+01,2.700000000000000000e+01,1.600000000000000000e+01
2.766118049621582031e+01,-4.676280593872070312e+01,2.700000000000000000e+01,1.600000000000000000e+01
2.974266624450683594e+01,-4.152496337890625000e+01,2.700000000000000000e+01,1.600000000000000000e+01
2.716167449951171875e+01,-6.452113342285156250e+01,2.700000000000000000e+01,1.600000000000000000e+01
2.726033020019531250e+01,-5.032291030883789062e+01,2.700000000000000000e+01,1.600000000000000000e+01
2.740994644165039062e+01,-5.157014083862304688e+01,2.700000000000000000e+01,1.600000000000000000e+01
2.648225402832031250e+01,-5.387428665161132812e+01,2.700000000000000000e+01,1.600000000000000000e+01
3.054030227661132812e+01,-3.961456680297851562e+01,2.700000000000000000e+01,1.600000000000000000e+01
2.728032302856445312e+01,-6.012236022949218750e+01,2.700000000000000000e+01,1.600000000000000000e+01
2.694889259338378906e+01,-6.014764022827148438e+01,2.700000000000000000e+01,1.600000000000000000e+01
2.728146171569824219e+01,-6.417762756347656250e+01,2.700000000000000000e+01,1.600000000000000000e+01
2.742510986328125000e+01,-6.031630706787109375e+01,2.700000000000000000e+01,1.600000000000000000e+01
3.172776985168457031e+01,-3.630073165893554688e+01,2.700000000000000000e+01,1.600000000000000000e+01
2.736430168151855469e+01,-5.940581512451171875e+01,2.700000000000000000e+01,1.600000000000000000e+01
3.118412971496582031e+01,-3.758109283447265625e+01,2.700000000000000000e+01,1.600000000000000000e+01
2.748115348815917969e+01,-5.328721237182617188e+01,2.700000000000000000e+01,1.600000000000000000e+01
2.695829582214355469e+01,-5.624823760986328125e+01,2.700000000000000000e+01,1.600000000000000000e+01
2.873728942871093750e+01,-4.388327407836914062e+01,2.700000000000000000e+01,1.600000000000000000e+01
3.094279289245605469e+01,-3.825983810424804688e+01,2.700000000000000000e+01,1.600000000000000000e+01
2.688154411315917969e+01,-6.438262176513671875e+01,2.700000000000000000e+01,1.600000000000000000e+01
2.849350357055664062e+01,-4.414652252197265625e+01,2.700000000000000000e+01,1.600000000000000000e+01
2.735934448242187500e+01,-5.261187362670898438e+01,2.700000000000000000e+01,1.600000000000000000e+01
3.114129638671875000e+01,-3.829796600341796875e+01,2.700000000000000000e+01,1.600000000000000000e+01
3.106750869750976562e+01,-3.855101013183593750e+01,2.700000000000000000e+01,1.600000000000000000e+01
2.739301872253417969e+01,-4.930497360229492188e+01,2.700000000000000000e+01,1.600000000000000000e+01
2.745655441284179688e+01,-6.502806091308593750e+01,2.700000000000000000e+01,1.600000000000000000e+01
3.122986412048339844e+01,-3.816053771972656250e+01,2.700000000000000000e+01,1.600000000000000000e+01
2.748364257812500000e+01,-6.432181549072265625e+01,2.700000000000000000e+01,1.600000000000000000e+01
3.178903388977050781e+01,-3.557004928588867188e+01,2.700000000000000000e+01,1.600000000000000000e+01
2.739606475830078125e+01,-5.509835052490234375e+01,2.700000000000000000e+01,1.600000000000000000e+01
2.717088508605957031e+01,-5.629664993286132812e+01,2.700000000000000000e+01,1.600000000000000000e+01
2.622950744628906250e+01,-5.931712722778320312e+01,2.700000000000000000e+01,1.600000000000000000e+01
2.736874961853027344e+01,-6.507977294921875000e+01,2.700000000000000000e+01,1.600000000000000000e+01
2.661889266967773438e+01,-5.622152709960937500e+01,2.700000000000000000e+01,1.600000000000000000e+01
2.720781326293945312e+01,-5.681607818603515625e+01,2.700000000000000000e+01,1.600000000000000000e+01
2.642644119262695312e+01,-5.396379852294921875e+01,2.700000000000000000e+01,1.600000000000000000e+01
2.729719543457031250e+01,-5.068312835693359375e+01,2.700000000000000000e+01,1.600000000000000000e+01
2.744398307800292969e+01,-5.884162521362304688e+01,2.700000000000000000e+01,1.600000000000000000e+01
2.754058265686035156e+01,-5.393368148803710938e+01,2.700000000000000000e+01,1.600000000000000000e+01
3.165787506103515625e+01,-3.661252975463867188e+01,2.700000000000000000e+01,1.600000000000000000e+01
3.166823387145996094e+01,-3.653343963623046875e+01,2.700000000000000000e+01,1.600000000000000000e+01
2.742410278320312500e+01,-6.504497528076171875e+01,2.700000000000000000e+01,1.600000000000000000e+01
2.724149894714355469e+01,-5.581637191772460938e+01,2.700000000000000000e+01,1.600000000000000000e+01
2.734162521362304688e+01,-5.419440841674804688e+01,2.700000000000000000e+01,1.600000000000000000e+01
2.739262390136718750e+01,-6.192514801025390625e+01,2.700000000000000000e+01,1.600000000000000000e+01
2.931758880615234375e+01,-4.251609420776367188e+01,2.700000000000000000e+01,1.600000000000000000e+01
2.744784164428710938e+01,-6.515148162841796875e+01,2.700000000000000000e+01,1.600000000000000000e+01
3.085897636413574219e+01,-3.831462860107421875e+01,2.700000000000000000e+01,1.600000000000000000e+01
2.735711097717285156e+01,-5.390151596069335938e+01,2.700000000000000000e+01,1.600000000000000000e+01
2.743532371520996094e+01,-5.387435913085937500e+01,2.700000000000000000e+01,1.600000000000000000e+01
2.814176940917968750e+01,-4.584451675415039062e+01,2.700000000000000000e+01,1.600000000000000000e+01
3.163398742675781250e+01,-3.665619659423828125e+01,2.700000000000000000e+01,1.600000000000000000e+01
2.729889869689941406e+01,-6.174215698242187500e+01,2.700000000000000000e+01,1.600000000000000000e+01
2.719116401672363281e+01,-5.778831481933593750e+01,2.700000000000000000e+01,1.600000000000000000e+01
2.768512916564941406e+01,-4.950026702880859375e+01,2.700000000000000000e+01,1.600000000000000000e+01
2.865117454528808594e+01,-4.461452865600585938e+01,2.700000000000000000e+01,1.600000000000000000e+01
2.716233825683593750e+01,-5.089696502685546875e+01,2.700000000000000000e+01,1.600000000000000000e+01
3.158176422119140625e+01,-3.692707061767578125e+01,2.700000000000000000e+01,1.600000000000000000e+01
2.751296615600585938e+01,-5.061975097656250000e+01,2.700000000000000000e+01,1.600000000000000000e+01
2.739107131958007812e+01,-4.806724929809570312e+01,2.700000000000000000e+01,1.600000000000000000e+01
2.736944580078125000e+01,-6.333631515502929688e+01,2.700000000000000000e+01,1.600000000000000000e+01
2.821918869018554688e+01,-4.674504089355468750e+01,2.700000000000000000e+01,1.600000000000000000e+01
2.744169235229492188e+01,-5.524405670166015625e+01,2.700000000000000000e+01,1.600000000000000000e+01
3.138362884521484375e+01,-3.748954391479492188e+01,2.700000000000000000e+01,1.600000000000000000e+01
2.724303436279296875e+01,-6.265039062500000000e+01,2.700000000000000000e+01,1.600000000000000000e+01
2.749047851562500000e+01,-5.354323196411132812e+01,2.700000000000000000e+01,1.600000000000000000e+01
3.107413291931152344e+01,-3.809804916381835938e+01,2.700000000000000000e+01,1.600000000000000000e+01
3.149045944213867188e+01,-3.753419876098632812e+01,2.700000000000000000e+01,1.600000000000000000e+01
3.136110496520996094e+01,-3.779045867919921875e+01,2.700000000000000000e+01,1.600000000000000000e+01
2.826432800292968750e+01,-4.601914596557617188e+01,2.700000000000000000e+01,1.600000000000000000e+01
2.731331634521484375e+01,-6.321566772460937500e+01,2.700000000000000000e+01,1.600000000000000000e+01
2.707772445678710938e+01,-6.488584899902343750e+01,2.700000000000000000e+01,1.600000000000000000e+01
2.846649551391601562e+01,-4.506186676025390625e+01,2.700000000000000000e+01,1.600000000000000000e+01
2.755444717407226562e+01,-5.519640731811523438e+01,2.700000000000000000e+01,1.600000000000000000e+01
2.701182746887207031e+01,-6.336305999755859375e+01,2.700000000000000000e+01,1.600000000000000000e+01
2.627751731872558594e+01,-5.931657028198242188e+01,2.700000000000000000e+01,1.600000000000000000e+01
2.653250122070312500e+01,-5.696570205688476562e+01,2.700000000000000000e+01,1.600000000000000000e+01
2.723632812500000000e+01,-5.955918121337890625e+01,2.700000000000000000e+01,1.600000000000000000e+01
2.809884643554687500e+01,-4.716706085205078125e+01,2.700000000000000000e+01,1.600000000000000000e+01
2.702764129638671875e+01,-6.153750610351562500e+01,2.700000000000000000e+01,1.600000000000000000e+01
2.720623779296875000e+01,-5.058098983764648438e+01,2.700000000000000000e+01,1.600000000000000000e+01
3.138975334167480469e+01,-3.733790588378906250e+01,2.700000000000000000e+01,1.600000000000000000e+01
2.734188079833984375e+01,-5.300398254394531250e+01,2.700000000000000000e+01,1.600000000000000000e+01
2.670960617065429688e+01,-6.082317733764648438e+01,2.700000000000000000e+01,1.600000000000000000e+01
2.743833351135253906e+01,-5.096078491210937500e+01,2.700000000000000000e+01,1.600000000000000000e+01
2.760911560058593750e+01,-4.702571868896484375e+01,2.700000000000000000e+01,1.600000000000000000e+01
2.840898513793945312e+01,-4.431113052368164062e+01,2.700000000000000000e+01,1.600000000000000000e+01
2.865917968750000000e+01,-4.485232925415039062e+01,2.700000000000000000e+01,1.600000000000000000e+01
2.709032630920410156e+01,-5.851154708862304688e+01,2.700000000000000000e+01,1.600000000000000000e+01
2.641235542297363281e+01,-5.438334274291992188e+01,2.700000000000000000e+01,1.600000000000000000e+01
2.682876014709472656e+01,-6.382966613769531250e+01,2.700000000000000000e+01,1.600000000000000000e+01
2.865612411499023438e+01,-4.916873550415039062e+01,2.700000000000000000e+01,1.600000000000000000e+01
2.691836738586425781e+01,-5.768577957153320312e+01,2.700000000000000000e+01,1.600000000000000000e+01
3.123931121826171875e+01,-3.821540832519531250e+01,2.700000000000000000e+01,1.600000000000000000e+01
2.687283897399902344e+01,-5.371248245239257812e+01,2.700000000000000000e+01,1.600000000000000000e+01
2.743740081787109375e+01,-5.272683715820312500e+01,2.700000000000000000e+01,1.600000000000000000e+01
3.041891479492187500e+01,-3.985276412963867188e+01,2.700000000000000000e+01,1.600000000000000000e+01
2.764229583740234375e+01,-4.739790725708007812e+01,2.700000000000000000e+01,1.600000000000000000e+01
2.740687751770019531e+01,-5.615836715698242188e+01,2.700000000000000000e+01,1.600000000000000000e+01
3.115611839294433594e+01,-3.849045944213867188e+01,2.700000000000000000e+01,1.600000000000000000e+01
2.721382331848144531e+01,-4.871729278564453125e+01,2.700000000000000000e+01,1.600000000000000000e+01
3.109181404113769531e+01,-3.816444396972656250e+01,2.700000000000000000e+01,1.600000000000000000e+01
2.707352066040039062e+01,-5.925136947631835938e+01,2.700000000000000000e+01,1.600000000000000000e+01
2.736840438842773438e+01,-5.095220184326171875e+01,2.700000000000000000e+01,1.600000000000000000e+01
3.065790939331054688e+01,-3.937265396118164062e+01,2.700000000000000000e+01,1.600000000000000000e+01
3.148326683044433594e+01,-3.801584243774414062e+01,2.700000000000000000e+01,1.600000000000000000e+01
3.078264045715332031e+01,-3.911806106567382812e+01,2.700000000000000000e+01,1.600000000000000000e+01
2.726012802124023438e+01,-6.425859832763671875e+01,2.700000000000000000e+01,1.600000000000000000e+01
2.743079948425292969e+01,-6.370175552368164062e+01,2.700000000000000000e+01,1.600000000000000000e+01
2.675672149658203125e+01,-6.360709381103515625e+01,2.700000000000000000e+01,1.600000000000000000e+01
2.638307762145996094e+01,-5.397103881835937500e+01,2.700000000000000000e+01,1.600000000000000000e+01
2.659040832519531250e+01,-5.885768508911132812e+01,2.700000000000000000e+01,1.600000000000000000e+01
2.796657180786132812e+01,-4.786311340332031250e+01,2.700000000000000000e+01,1.600000000000000000e+01
2.831126976013183594e+01,-4.572430801391601562e+01,2.700000000000000000e+01,1.600000000000000000e+01
2.786270141601562500e+01,-4.729532623291015625e+01,2.700000000000000000e+01,1.600000000000000000e+01
2.637903594970703125e+01,-5.871482086181640625e+01,2.700000000000000000e+01,1.600000000000000000e+01
2.712989997863769531e+01,-6.483037567138671875e+01,2.700000000000000000e+01,1.600000000000000000e+01
2.760137557983398438e+01,-4.704039764404296875e+01,2.700000000000000000e+01,1.600000000000000000e+01
2.533980560302734375e+01,-5.355377578735351562e+01,2.700000000000000000e+01,1.600000000000000000e+01
2.769958305358886719e+01,-4.772804260253906250e+01,2.700000000000000000e+01,1.600000000000000000e+01
2.927562713623046875e+01,-4.250677871704101562e+01,2.700000000000000000e+01,1.600000000000000000e+01
3.131904411315917969e+01,-3.771614456176757812e+01,2.700000000000000000e+01,1.600000000000000000e+01
2.729824256896972656e+01,-4.876666259765625000e+01,2.700000000000000000e+01,1.600000000000000000e+01
2.712620544433593750e+01,-6.247087860107421875e+01,2.700000000000000000e+01,1.600000000000000000e+01
2.695979309082031250e+01,-5.810493087768554688e+01,2.700000000000000000e+01,1.600000000000000000e+01
2.881482315063476562e+01,-4.355166244506835938e+01,2.700000000000000000e+01,1.600000000000000000e+01
3.062225151062011719e+01,-3.936023330688476562e+01,2.700000000000000000e+01,1.600000000000000000e+01
3.138060379028320312e+01,-3.791209411621093750e+01,2.700000000000000000e+01,1.600000000000000000e+01
2.731095695495605469e+01,-5.966708374023437500e+01,2.700000000000000000e+01,1.600000000000000000e+01
2.740186882019042969e+01,-6.512277221679687500e+01,2.700000000000000000e+01,1.600000000000000000e+01
2.745174980163574219e+01,-4.936740493774414062e+01,2.700000000000000000e+01,1.600000000000000000e+01
2.728552818298339844e+01,-6.420242309570312500e+01,2.700000000000000000e+01,1.600000000000000000e+01
2.719893646240234375e+01,-5.758431625366210938e+01,2.700000000000000000e+01,1.600000000000000000e+01
2.533839035034179688e+01,-5.360018539428710938e+01,2.700000000000000000e+01,1.600000000000000000e+01
3.006576728820800781e+01,-4.326022338867187500e+01,2.700000000000000000e+01,1.600000000000000000e+01
2.717941856384277344e+01,-6.516792297363281250e+01,2.700000000000000000e+01,1.600000000000000000e+01
-4.450669097900390625e+01,2.005594444274902344e+01,2.800000000000000000e+01,1.800000000000000000e+01
-3.477628707885742188e+01,2.121398162841796875e+01,2.800000000000000000e+01,1.800000000000000000e+01
-4.654722595214843750e+01,2.138705062866210938e+01,2.800000000000000000e+01,1.800000000000000000e+01
-4.004765319824218750e+01,1.921567916870117188e+01,2.800000000000000000e+01,1.800000000000000000e+01
-4.507222366333007812e+01,2.029390716552734375e+01,2.800000000000000000e+01,1.800000000000000000e+01
-4.690636062622070312e+01,2.149284362792968750e+01,2.800000000000000000e+01,1.800000000000000000e+01
-2.655743408203125000e+01,2.109453392028808594e+01,2.800000000000000000e+01,1.800000000000000000e+01
-4.369547653198242188e+01,1.975818634033203125e+01,2.800000000000000000e+01,1.800000000000000000e+01
-4.677572250366210938e+01,2.130879592895507812e+01,2.800000000000000000e+01,1.800000000000000000e+01
-3.912174987792968750e+01,1.908551979064941406e+01,2.800000000000000000e+01,1.800000000000000000e+01
-3.861583328247070312e+01,1.919125938415527344e+01,2.800000000000000000e+01,1.800000000000000000e+01
-5.317424392700195312e+01,2.211917877197265625e+01,2.800000000000000000e+01,1.800000000000000000e+01
-4.152964019775390625e+01,1.936148834228515625e+01,2.800000000000000000e+01,1.800000000000000000e+01
-5.821855163574218750e+01,2.395469284057617188e+01,2.800000000000000000e+01,1.800000000000000000e+01
-2.680266571044921875e+01,2.118127059936523438e+01,2.800000000000000000e+01,1.800000000000000000e+01
-4.612742233276367188e+01,2.111083412170410156e+01,2.800000000000000000e+01,1.800000000000000000e+01
-3.418230819702148438e+01,2.086421966552734375e+01,2.800000000000000000e+01,1.800000000000000000e+01
-5.828629302978515625e+01,2.355903053283691406e+01,2.800000000000000000e+01,1.800000000000000000e+01
-4.898167037963867188e+01,2.138820457458496094e+01,2.800000000000000000e+01,1.800000000000000000e+01
-2.728319168090820312e+01,2.094630432128906250e+01,2.800000000000000000e+01,1.800000000000000000e+01
-5.339747238159179688e+01,2.216170310974121094e+01,2.800000000000000000e+01,1.800000000000000000e+01
-2.677768135070800781e+01,2.153780174255371094e+01,2.800000000000000000e+01,1.800000000000000000e+01
-3.210036468505859375e+01,2.144512557983398438e+01,2.800000000000000000e+01,1.800000000000000000e+01
-5.857441329956054688e+01,2.394307899475097656e+01,2.800000000000000000e+01,1.800000000000000000e+01
-5.864408874511718750e+01,2.398102569580078125e+01,2.800000000000000000e+01,1.800000000000000000e+01
-3.154366302490234375e+01,2.142356109619140625e+01,2.800000000000000000e+01,1.800000000000000000e+01
-2.625939941406250000e+01,2.143227195739746094e+01,2.800000000000000000e+01,1.800000000000000000e+01
-4.592962265014648438e+01,2.076362800598144531e+01,2.800000000000000000e+01,1.800000000000000000e+01
-2.672368431091308594e+01,2.167859649658203125e+01,2.800000000000000000e+01,1.800000000000000000e+01
-5.312396621704101562e+01,2.210908317565917969e+01,2.800000000000000000e+01,1.800000000000000000e+01
-4.770067977905273438e+01,2.124637031555175781e+01,2.800000000000000000e+01,1.800000000000000000e+01
-3.435222625732421875e+01,2.124206542968750000e+01,2.800000000000000000e+01,1.800000000000000000e+01
-2.684874916076660156e+01,2.138606262207031250e+01,2.800000000000000000e+01,1.800000000000000000e+01
-3.607521820068359375e+01,1.916211509704589844e+01,2.800000000000000000e+01,1.800000000000000000e+01
-5.713832855224609375e+01,2.330157089233398438e+01,2.800000000000000000e+01,1.800000000000000000e+01
-3.650843048095703125e+01,1.893809509277343750e+01,2.800000000000000000e+01,1.800000000000000000e+01
-2.667568778991699219e+01,2.155927658081054688e+01,2.800000000000000000e+01,1.800000000000000000e+01
-3.137733459472656250e+01,2.026088714599609375e+01,2.800000000000000000e+01,1.800000000000000000e+01
-3.137017822265625000e+01,2.051925468444824219e+01,2.800000000000000000e+01,1.800000000000000000e+01
-5.829925918579101562e+01,2.403809356689453125e+01,2.800000000000000000e+01,1.800000000000000000e+01
-4.848862075805664062e+01,2.134979629516601562e+01,2.800000000000000000e+01,1.800000000000000000e+01
-3.479875564575195312e+01,2.099164199829101562e+01,2.800000000000000000e+01,1.800000000000000000e+01
-5.587596511840820312e+01,2.279376220703125000e+01,2.800000000000000000e+01,1.800000000000000000e+01
-3.846168518066406250e+01,1.916543197631835938e+01,2.800000000000000000e+01,1.800000000000000000e+01
-2.666939926147460938e+01,2.134181022644042969e+01,2.800000000000000000e+01,1.800000000000000000e+01
-3.150131988525390625e+01,2.151060867309570312e+01,2.800000000000000000e+01,1.800000000000000000e+01
-4.109057998657226562e+01,1.931206321716308594e+01,2.800000000000000000e+01,1.800000000000000000e+01
-3.239407348632812500e+01,2.011027145385742188e+01,2.800000000000000000e+01,1.800000000000000000e+01
-2.654046630859375000e+01,2.169840812683105469e+01,2.800000000000000000e+01,1.800000000000000000e+01
-5.388947677612304688e+01,2.226006126403808594e+01,2.800000000000000000e+01,1.800000000000000000e+01
-5.651079559326171875e+01,2.304001808166503906e+01,2.800000000000000000e+01,1.800000000000000000e+01
-4.534733581542968750e+01,2.058121299743652344e+01,2.800000000000000000e+01,1.800000000000000000e+01
-2.830256652832031250e+01,2.053685569763183594e+01,2.800000000000000000e+01,1.800000000000000000e+01
-3.656111907958984375e+01,1.965249824523925781e+01,2.800000000000000000e+01,1.800000000000000000e+01
-5.553462982177734375e+01,2.266230201721191406e+01,2.800000000000000000e+01,1.800000000000000000e+01
-2.685231971740722656e+01,2.160170173645019531e+01,2.800000000000000000e+01,1.800000000000000000e+01
-3.471404266357421875e+01,2.120880889892578125e+01,2.800000000000000000e+01,1.800000000000000000e+01
-3.622233581542968750e+01,1.943180847167968750e+01,2.800000000000000000e+01,1.800000000000000000e+01
-3.081372642517089844e+01,2.099096298217773438e+01,2.800000000000000000e+01,1.800000000000000000e+01
-4.299698257446289062e+01,1.959099960327148438e+01,2.800000000000000000e+01,1.800000000000000000e+01
-5.862501907348632812e+01,2.379858398437500000e+01,2.800000000000000000e+01,1.800000000000000000e+01
-2.630376434326171875e+01,2.138021469116210938e+01,2.800000000000000000e+01,1.800000000000000000e+01
-5.837489318847656250e+01,2.349918556213378906e+01,2.800000000000000000e+01,1.800000000000000000e+01
-3.532558059692382812e+01,1.938409614562988281e+01,2.800000000000000000e+01,1.800000000000000000e+01
-5.636550903320312500e+01,2.281731986999511719e+01,2.800000000000000000e+01,1.800000000000000000e+01
-4.668858337402343750e+01,2.151736068725585938e+01,2.800000000000000000e+01,1.800000000000000000e+01
-5.581548690795898438e+01,2.263952064514160156e+01,2.800000000000000000e+01,1.800000000000000000e+01
-3.145546340942382812e+01,2.145411872863769531e+01,2.800000000000000000e+01,1.800000000000000000e+01
-3.312561416625976562e+01,2.012625694274902344e+01,2.800000000000000000e+01,1.800000000000000000e+01
-5.497278976440429688e+01,2.251216888427734375e+01,2.800000000000000000e+01,1.800000000000000000e+01
-5.358139801025390625e+01,2.219688987731933594e+01,2.800000000000000000e+01,1.800000000000000000e+01
-3.177297210693359375e+01,2.134360885620117188e+01,2.800000000000000000e+01,1.800000000000000000e+01
-5.238449859619140625e+01,2.196071624755859375e+01,2.800000000000000000e+01,1.800000000000000000e+01
-3.828110122680664062e+01,1.893628883361816406e+01,2.800000000000000000e+01,1.800000000000000000e+01
-4.706545257568359375e+01,2.144589233398437500e+01,2.800000000000000000e+01,1.800000000000000000e+01
-4.680298614501953125e+01,2.145855522155761719e+01,2.800000000000000000e+01,1.800000000000000000e+01
-4.647807693481445312e+01,2.151849365234375000e+01,2.800000000000000000e+01,1.800000000000000000e+01
-5.257711791992187500e+01,2.199971008300781250e+01,2.800000000000000000e+01,1.800000000000000000e+01
-2.646270751953125000e+01,2.124358367919921875e+01,2.800000000000000000e+01,1.800000000000000000e+01
-5.476064300537109375e+01,2.243377876281738281e+01,2.800000000000000000e+01,1.800000000000000000e+01
-5.555104446411132812e+01,2.266048431396484375e+01,2.800000000000000000e+01,1.800000000000000000e+01
-2.798969650268554688e+01,2.160527420043945312e+01,2.800000000000000000e+01,1.800000000000000000e+01
-4.608828735351562500e+01,2.109401702880859375e+01,2.800000000000000000e+01,1.800000000000000000e+01
-5.236404800415039062e+01,2.195593833923339844e+01,2.800000000000000000e+01,1.800000000000000000e+01
-4.660612869262695312e+01,2.146712112426757812e+01,2.800000000000000000e+01,1.800000000000000000e+01
-3.097237586975097656e+01,2.118564033508300781e+01,2.800000000000000000e+01,1.800000000000000000e+01
-5.486898422241210938e+01,2.248261833190917969e+01,2.800000000000000000e+01,1.800000000000000000e+01
-4.666687774658203125e+01,2.120226478576660156e+01,2.800000000000000000e+01,1.800000000000000000e+01
-5.847647857666015625e+01,2.359562110900878906e+01,2.800000000000000000e+01,1.800000000000000000e+01
-4.955628204345703125e+01,2.128404426574707031e+01,2.800000000000000000e+01,1.800000000000000000e+01
-5.785678100585937500e+01,2.367065048217773438e+01,2.800000000000000000e+01,1.800000000000000000e+01
-3.649371337890625000e+01,1.874100875854492188e+01,2.800000000000000000e+01,1.800000000000000000e+01
-3.972982788085937500e+01,1.919737243652343750e+01,2.800000000000000000e+01,1.800000000000000000e+01
-5.859538269042968750e+01,2.365532112121582031e+01,2.800000000000000000e+01,1.800000000000000000e+01
-5.218841171264648438e+01,2.192040252685546875e+01,2.800000000000000000e+01,1.800000000000000000e+01
-3.297646331787109375e+01,2.094493103027343750e+01,2.800000000000000000e+01,1.800000000000000000e+01
-4.693828582763671875e+01,2.127327537536621094e+01,2.800000000000000000e+01,1.800000000000000000e+01
-4.924526596069335938e+01,1.249464130401611328e+01,2.800000000000000000e+01,1.800000000000000000e+01
-3.949459075927734375e+01,1.919492530822753906e+01,2.800000000000000000e+01,1.800000000000000000e+01
-2.820121002197265625e+01,2.054419898986816406e+01,2.800000000000000000e+01,1.800000000000000000e+01
-2.693089866638183594e+01,2.174033355712890625e+01,2.800000000000000000e+01,1.800000000000000000e+01
-3.226871871948242188e+01,2.109066200256347656e+01,2.800000000000000000e+01,1.800000000000000000e+01
-4.439295578002929688e+01,2.016933059692382812e+01,2.800000000000000000e+01,1.800000000000000000e+01
-4.687919235229492188e+01,2.142367553710937500e+01,2.800000000000000000e+01,1.800000000000000000e+01
-3.311754608154296875e+01,2.012384796142578125e+01,2.800000000000000000e+01,1.800000000000000000e+01
-3.546984100341796875e+01,1.917610359191894531e+01,2.800000000000000000e+01,1.800000000000000000e+01
-5.672047424316406250e+01,2.311444854736328125e+01,2.800000000000000000e+01,1.800000000000000000e+01
-5.653812026977539062e+01,2.303323173522949219e+01,2.800000000000000000e+01,1.800000000000000000e+01
-4.448519134521484375e+01,2.016882514953613281e+01,2.800000000000000000e+01,1.800000000000000000e+01
-4.257237625122070312e+01,1.946191024780273438e+01,2.800000000000000000e+01,1.800000000000000000e+01
-4.536605453491210938e+01,2.059828376770019531e+01,2.800000000000000000e+01,1.800000000000000000e+01
-4.612053298950195312e+01,2.115246963500976562e+01,2.800000000000000000e+01,1.800000000000000000e+01
-3.532923126220703125e+01,2.098570060729980469e+01,2.800000000000000000e+01,1.800000000000000000e+01
-5.836827468872070312e+01,2.342336845397949219e+01,2.800000000000000000e+01,1.500000000000000000e+01
-3.346419906616210938e+01,2.050370788574218750e+01,2.800000000000000000e+01,1.800000000000000000e+01
-3.391182708740234375e+01,1.945965194702148438e+01,2.800000000000000000e+01,1.800000000000000000e+01
-4.352432250976562500e+01,1.952753067016601562e+01,2.800000000000000000e+01,1.800000000000000000e+01
-2.678341674804687500e+01,2.174929428100585938e+01,2.800000000000000000e+01,1.800000000000000000e+01
-4.349521636962890625e+01,1.962317276000976562e+01,2.800000000000000000e+01,1.800000000000000000e+01
-3.214525222778320312e+01,2.109158325195312500e+01,2.800000000000000000e+01,1.800000000000000000e+01
-3.414662170410156250e+01,1.969327735900878906e+01,2.800000000000000000e+01,1.800000000000000000e+01
-2.667180061340332031e+01,2.128704833984375000e+01,2.800000000000000000e+01,1.800000000000000000e+01
7.496467590332031250e+00,1.256564331054687500e+01,2.800000000000000000e+01,1.000000000000000000e+01
-3.504748916625976562e+01,2.075851249694824219e+01,2.800000000000000000e+01,1.800000000000000000e+01
-3.170194435119628906e+01,2.138346290588378906e+01,2.800000000000000000e+01,1.800000000000000000e+01
-3.128062820434570312e+01,2.129398345947265625e+01,2.800000000000000000e+01,1.800000000000000000e+01
-5.851913452148437500e+01,2.406120109558105469e+01,2.800000000000000000e+01,1.800000000000000000e+01
-3.165160369873046875e+01,2.140692520141601562e+01,2.800000000000000000e+01,1.800000000000000000e+01
-4.639108276367187500e+01,2.124684906005859375e+01,2.800000000000000000e+01,1.800000000000000000e+01
-4.418089675903320312e+01,1.989182853698730469e+01,2.800000000000000000e+01,1.800000000000000000e+01
-2.677093124389648438e+01,2.156843566894531250e+01,2.800000000000000000e+01,1.800000000000000000e+01
-3.196310997009277344e+01,2.008128356933593750e+01,2.800000000000000000e+01,1.800000000000000000e+01
-4.652995681762695312e+01,2.142094230651855469e+01,2.800000000000000000e+01,1.800000000000000000e+01
-4.211867904663085938e+01,1.943818092346191406e+01,2.800000000000000000e+01,1.800000000000000000e+01
-3.540294647216796875e+01,1.920618438720703125e+01,2.800000000000000000e+01,1.800000000000000000e+01
-3.415669250488281250e+01,1.982137107849121094e+01,2.800000000000000000e+01,1.800000000000000000e+01
-4.307307815551757812e+01,1.963052177429199219e+01,2.800000000000000000e+01,1.800000000000000000e+01
-4.666923904418945312e+01,2.153073501586914062e+01,2.800000000000000000e+01,1.800000000000000000e+01
-4.022826004028320312e+01,1.922756576538085938e+01,2.800000000000000000e+01,1.800000000000000000e+01
-4.710856628417968750e+01,2.149036026000976562e+01,2.800000000000000000e+01,1.800000000000000000e+01
-3.417428970336914062e+01,1.961535644531250000e+01,2.800000000000000000e+01,1.800000000000000000e+01
-5.170497131347656250e+01,2.182334136962890625e+01,2.800000000000000000e+01,1.800000000000000000e+01
-4.945615768432617188e+01,1.179932689666748047e+01,2.800000000000000000e+01,1.800000000000000000e+01
-3.353701782226562500e+01,2.033054161071777344e+01,2.800000000000000000e+01,1.800000000000000000e+01
-5.194161224365234375e+01,2.186728477478027344e+01,2.800000000000000000e+01,1.800000000000000000e+01
-3.970093917846679688e+01,1.918696975708007812e+01,2.800000000000000000e+01,1.800000000000000000e+01
-3.782996368408203125e+01,1.958292198181152344e+01,2.800000000000000000e+01,1.800000000000000000e+01
-4.539321136474609375e+01,2.065034484863281250e+01,2.800000000000000000e+01,1.800000000000000000e+01
-3.472205352783203125e+01,2.121110916137695312e+01,2.800000000000000000e+01,1.800000000000000000e+01
-3.373424530029296875e+01,2.001628494262695312e+01,2.800000000000000000e+01,1.800000000000000000e+01
-3.560242462158203125e+01,1.907317543029785156e+01,2.800000000000000000e+01,1.800000000000000000e+01
-5.631842803955078125e+01,2.296954345703125000e+01,2.800000000000000000e+01,1.800000000000000000e+01
-3.564263534545898438e+01,1.924034500122070312e+01,2.800000000000000000e+01,1.800000000000000000e+01
-2.696687316894531250e+01,2.105926895141601562e+01,2.800000000000000000e+01,1.800000000000000000e+01
-5.793491744995117188e+01,2.351359176635742188e+01,2.800000000000000000e+01,1.800000000000000000e+01
-3.725828933715820312e+01,1.986162185668945312e+01,2.800000000000000000e+01,1.800000000000000000e+01
-5.468194198608398438e+01,2.237158393859863281e+01,2.800000000000000000e+01,1.800000000000000000e+01
-4.007154846191406250e+01,1.917791175842285156e+01,2.800000000000000000e+01,1.800000000000000000e+01
-3.170225524902343750e+01,2.150650978088378906e+01,2.800000000000000000e+01,1.800000000000000000e+01
-2.810492515563964844e+01,2.165394783020019531e+01,2.800000000000000000e+01,1.800000000000000000e+01
-3.167344093322753906e+01,2.094081306457519531e+01,2.800000000000000000e+01,1.800000000000000000e+01
-5.246150970458984375e+01,2.197646713256835938e+01,2.800000000000000000e+01,1.800000000000000000e+01
-3.158747482299804688e+01,2.089480781555175781e+01,2.800000000000000000e+01,1.800000000000000000e+01
-5.818734359741210938e+01,2.375332641601562500e+01,2.800000000000000000e+01,1.800000000000000000e+01
-4.397503280639648438e+01,1.998293304443359375e+01,2.800000000000000000e+01,1.800000000000000000e+01
-5.253285217285156250e+01,2.198849868774414062e+01,2.800000000000000000e+01,1.800000000000000000e+01
-3.684720230102539062e+01,1.859344482421875000e+01,2.800000000000000000e+01,1.800000000000000000e+01
-3.129413795471191406e+01,2.128750228881835938e+01,2.800000000000000000e+01,1.800000000000000000e+01
-4.822394561767578125e+01,2.131786918640136719e+01,2.800000000000000000e+01,1.800000000000000000e+01
-4.677979660034179688e+01,2.128828048706054688e+01,2.800000000000000000e+01,1.800000000000000000e+01
-2.703174972534179688e+01,2.095482254028320312e+01,2.800000000000000000e+01,1.800000000000000000e+01
-5.402778625488281250e+01,2.228635787963867188e+01,2.800000000000000000e+01,1.800000000000000000e+01
-2.708556175231933594e+01,2.157853507995605469e+01,2.800000000000000000e+01,1.800000000000000000e+01
-5.682611083984375000e+01,2.308966255187988281e+01,2.800000000000000000e+01,1.800000000000000000e+01
-3.470150756835937500e+01,1.961593627929687500e+01,2.800000000000000000e+01,1.800000000000000000e+01
-4.383112335205078125e+01,1.986445808410644531e+01,2.800000000000000000e+01,1.800000000000000000e+01
-5.420747756958007812e+01,2.232999038696289062e+01,2.800000000000000000e+01,1.800000000000000000e+01
-2.761265182495117188e+01,2.173575401306152344e+01,2.800000000000000000e+01,1.800000000000000000e+01
-5.609034729003906250e+01,2.281780624389648438e+01,2.800000000000000000e+01,1.800000000000000000e+01
-5.852777099609375000e+01,2.375214195251464844e+01,2.800000000000000000e+01,1.800000000000000000e+01
-4.445817565917968750e+01,1.997058486938476562e+01,2.800000000000000000e+01,1.800000000000000000e+01
-5.355430221557617188e+01,2.219321441650390625e+01,2.800000000000000000e+01,1.800000000000000000e+01
-4.435372924804687500e+01,2.012414932250976562e+01,2.800000000000000000e+01,1.800000000000000000e+01
-3.241844177246093750e+01,2.027923774719238281e+01,2.800000000000000000e+01,1.800000000000000000e+01
-3.976753234863281250e+01,1.919597434997558594e+01,2.800000000000000000e+01,1.800000000000000000e+01
-4.553237533569335938e+01,2.065065765380859375e+01,2.800000000000000000e+01,1.800000000000000000e+01
-4.833208465576171875e+01,2.133428764343261719e+01,2.800000000000000000e+01,1.800000000000000000e+01
-5.625840759277343750e+01,2.292846679687500000e+01,2.800000000000000000e+01,1.800000000000000000e+01
-2.770556068420410156e+01,2.167530250549316406e+01,2.800000000000000000e+01,1.800000000000000000e+01
-3.110037231445312500e+01,2.114201927185058594e+01,2.800000000000000000e+01,1.800000000000000000e+01
-5.122062683105468750e+01,2.173302268981933594e+01,2.800000000000000000e+01,1.800000000000000000e+01
-5.446643066406250000e+01,2.235850906372070312e+01,2.800000000000000000e+01,1.800000000000000000e+01
-5.328286361694335938e+01,2.214015960693359375e+01,2.800000000000000000e+01,1.800000000000000000e+01
-5.814350128173828125e+01,2.326739883422851562e+01,2.800000000000000000e+01,1.700000000000000000e+01
-5.766007614135742188e+01,2.354465484619140625e+01,2.800000000000000000e+01,1.800000000000000000e+01
-5.863835144042968750e+01,2.379951858520507812e+01,2.800000000000000000e+01,1.800000000000000000e+01
-4.054137420654296875e+01,1.924723052978515625e+01,2.800000000000000000e+01,1.800000000000000000e+01
-2.664649200439453125e+01,2.110762596130371094e+01,2.800000000000000000e+01,1.800000000000000000e+01
-4.521465682983398438e+01,2.055063629150390625e+01,2.800000000000000000e+01,1.800000000000000000e+01
-3.418107986450195312e+01,1.959801864624023438e+01,2.800000000000000000e+01,1.800000000000000000e+01
-3.101586341857910156e+01,2.150075912475585938e+01,2.800000000000000000e+01,1.800000000000000000e+01
-3.463773727416992188e+01,2.100047874450683594e+01,2.800000000000000000e+01,1.800000000000000000e+01
-3.163998031616210938e+01,2.122486686706542969e+01,2.800000000000000000e+01,1.800000000000000000e+01
-4.484535217285156250e+01,2.032382202148437500e+01,2.800000000000000000e+01,1.800000000000000000e+01
-2.753732299804687500e+01,2.162735748291015625e+01,2.800000000000000000e+01,1.800000000000000000e+01
-5.861573791503906250e+01,2.389894485473632812e+01,2.800000000000000000e+01,1.800000000000000000e+01
-3.605318069458007812e+01,1.905129814147949219e+01,2.800000000000000000e+01,1.800000000000000000e+01
-4.706191253662109375e+01,2.054742050170898438e+01,2.800000000000000000e+01,1.800000000000000000e+01
-3.116058158874511719e+01,2.110207176208496094e+01,2.800000000000000000e+01,1.800000000000000000e+01
-3.340315246582031250e+01,2.021066665649414062e+01,2.800000000000000000e+01,1.800000000000000000e+01
6.021636199951171875e+01,3.233926010131835938e+01,2.900000000000000000e+01,1.400000000000000000e+01
5.631366729736328125e+01,1.889999580383300781e+01,2.900000000000000000e+01,1.400000000000000000e+01
5.618550872802734375e+01,1.496926975250244141e+01,2.900000000000000000e+01,1.400000000000000000e+01
5.710258102416992188e+01,2.368898200988769531e+01,2.900000000000000000e+01,1.400000000000000000e+01
5.866373825073242188e+01,2.927309036254882812e+01,2.900000000000000000e+01,1.400000000000000000e+01
6.321640396118164062e+01,4.114627075195312500e+01,2.900000000000000000e+01,1.400000000000000000e+01
5.863367080688476562e+01,2.772448158264160156e+01,2.900000000000000000e+01,1.400000000000000000e+01
6.171228790283203125e+01,3.654824829101562500e+01,2.900000000000000000e+01,1.400000000000000000e+01
6.319121551513671875e+01,4.139908218383789062e+01,2.900000000000000000e+01,1.400000000000000000e+01
5.758595275878906250e+01,2.331781387329101562e+01,2.900000000000000000e+01,1.400000000000000000e+01
5.861292266845703125e+01,2.444257545471191406e+01,2.900000000000000000e+01,1.400000000000000000e+01
6.263598251342773438e+01,3.921042633056640625e+01,2.900000000000000000e+01,1.400000000000000000e+01
6.183144378662109375e+01,3.692058563232421875e+01,2.900000000000000000e+01,1.400000000000000000e+01
5.673481369018554688e+01,2.018661880493164062e+01,2.900000000000000000e+01,1.400000000000000000e+01
5.719108200073242188e+01,2.301996421813964844e+01,2.900000000000000000e+01,1.400000000000000000e+01
5.539242935180664062e+01,1.732877731323242188e+01,2.900000000000000000e+01,1.400000000000000000e+01
5.993612289428710938e+01,3.157283210754394531e+01,2.900000000000000000e+01,1.400000000000000000e+01
6.121778488159179688e+01,3.508931350708007812e+01,2.900000000000000000e+01,1.400000000000000000e+01
6.257834243774414062e+01,3.876169204711914062e+01,2.900000000000000000e+01,1.400000000000000000e+01
6.280524063110351562e+01,4.057239151000976562e+01,2.900000000000000000e+01,1.400000000000000000e+01
5.616172409057617188e+01,1.831185340881347656e+01,2.900000000000000000e+01,1.400000000000000000e+01
6.244095611572265625e+01,3.916262817382812500e+01,2.900000000000000000e+01,1.400000000000000000e+01
5.664455413818359375e+01,2.329764938354492188e+01,2.900000000000000000e+01,1.400000000000000000e+01
5.686466217041015625e+01,1.595204639434814453e+01,2.900000000000000000e+01,1.400000000000000000e+01
5.895819473266601562e+01,2.944763374328613281e+01,2.900000000000000000e+01,1.400000000000000000e+01
6.305460739135742188e+01,4.062636184692382812e+01,2.900000000000000000e+01,1.400000000000000000e+01
5.940657043457031250e+01,3.028993415832519531e+01,2.900000000000000000e+01,1.400000000000000000e+01
5.816694259643554688e+01,2.266933441162109375e+01,2.900000000000000000e+01,1.400000000000000000e+01
6.280517196655273438e+01,3.979597473144531250e+01,2.900000000000000000e+01,1.400000000000000000e+01
6.130738830566406250e+01,3.535510635375976562e+01,2.900000000000000000e+01,1.400000000000000000e+01
5.799135589599609375e+01,2.357175445556640625e+01,2.900000000000000000e+01,1.400000000000000000e+01
5.698403930664062500e+01,2.332844161987304688e+01,2.900000000000000000e+01,1.400000000000000000e+01
6.203916168212890625e+01,3.757727813720703125e+01,2.900000000000000000e+01,1.400000000000000000e+01
6.224793624877929688e+01,3.912175369262695312e+01,2.900000000000000000e+01,1.400000000000000000e+01
5.806681060791015625e+01,2.643200683593750000e+01,2.900000000000000000e+01,1.400000000000000000e+01
5.625656890869140625e+01,1.998949813842773438e+01,2.900000000000000000e+01,1.400000000000000000e+01
6.219261169433593750e+01,3.803775787353515625e+01,2.900000000000000000e+01,1.400000000000000000e+01
5.564138412475585938e+01,1.556087398529052734e+01,2.900000000000000000e+01,1.400000000000000000e+01
5.923158645629882812e+01,2.964879798889160156e+01,2.900000000000000000e+01,1.400000000000000000e+01
5.752691650390625000e+01,2.564365577697753906e+01,2.900000000000000000e+01,1.400000000000000000e+01
5.522229766845703125e+01,1.533642864227294922e+01,2.900000000000000000e+01,1.400000000000000000e+01
5.839474868774414062e+01,2.759891128540039062e+01,2.900000000000000000e+01,1.400000000000000000e+01
5.712213134765625000e+01,2.403437805175781250e+01,2.900000000000000000e+01,1.400000000000000000e+01
6.212834930419921875e+01,3.780576705932617188e+01,2.900000000000000000e+01,1.400000000000000000e+01
5.573116302490234375e+01,1.500494098663330078e+01,2.900000000000000000e+01,1.400000000000000000e+01
5.980525588989257812e+01,3.141872215270996094e+01,2.900000000000000000e+01,1.400000000000000000e+01
5.727200698852539062e+01,1.789427947998046875e+01,2.900000000000000000e+01,1.400000000000000000e+01
5.561445617675781250e+01,1.690337753295898438e+01,2.900000000000000000e+01,1.400000000000000000e+01
5.575849533081054688e+01,1.850552177429199219e+01,2.900000000000000000e+01,1.400000000000000000e+01
5.592491912841796875e+01,1.820637893676757812e+01,2.900000000000000000e+01,1.400000000000000000e+01
6.185833740234375000e+01,3.702766036987304688e+01,2.900000000000000000e+01,1.400000000000000000e+01
6.334279251098632812e+01,4.163537597656250000e+01,2.900000000000000000e+01,1.400000000000000000e+01
5.846873855590820312e+01,2.495721435546875000e+01,2.900000000000000000e+01,1.400000000000000000e+01
5.606357574462890625e+01,1.516302680969238281e+01,2.900000000000000000e+01,1.400000000000000000e+01
5.684719848632812500e+01,2.186846733093261719e+01,2.900000000000000000e+01,1.400000000000000000e+01
5.942753982543945312e+01,3.025824928283691406e+01,2.900000000000000000e+01,1.400000000000000000e+01
5.716300964355468750e+01,2.486940193176269531e+01,2.900000000000000000e+01,1.400000000000000000e+01
6.050603866577148438e+01,3.309072875976562500e+01,2.900000000000000000e+01,1.400000000000000000e+01
6.077507019042968750e+01,3.382663345336914062e+01,2.900000000000000000e+01,1.400000000000000000e+01
5.737437438964843750e+01,2.452775192260742188e+01,2.900000000000000000e+01,1.400000000000000000e+01
5.886267089843750000e+01,2.911990356445312500e+01,2.900000000000000000e+01,1.400000000000000000e+01
5.825773620605468750e+01,2.229159355163574219e+01,2.900000000000000000e+01,1.400000000000000000e+01
5.923363876342773438e+01,2.942326354980468750e+01,2.900000000000000000e+01,1.400000000000000000e+01
5.797575759887695312e+01,2.771130180358886719e+01,2.900000000000000000e+01,1.400000000000000000e+01
5.973385620117187500e+01,3.103382682800292969e+01,2.900000000000000000e+01,1.400000000000000000e+01
6.297544860839843750e+01,4.097566604614257812e+01,2.900000000000000000e+01,1.400000000000000000e+01
5.623514938354492188e+01,1.537174797058105469e+01,2.900000000000000000e+01,1.400000000000000000e+01
6.293856048583984375e+01,4.018994522094726562e+01,2.900000000000000000e+01,1.400000000000000000e+01
5.789248275756835938e+01,2.803284263610839844e+01,2.900000000000000000e+01,1.400000000000000000e+01
6.159591674804687500e+01,3.620895385742187500e+01,2.900000000000000000e+01,1.400000000000000000e+01
6.183201599121093750e+01,3.691117858886718750e+01,2.900000000000000000e+01,1.400000000000000000e+01
5.752752304077148438e+01,1.751023674011230469e+01,2.900000000000000000e+01,1.400000000000000000e+01
5.835969924926757812e+01,2.884674263000488281e+01,2.900000000000000000e+01,1.400000000000000000e+01
5.745111465454101562e+01,2.325850296020507812e+01,2.900000000000000000e+01,1.400000000000000000e+01
6.220661544799804688e+01,3.803836059570312500e+01,2.900000000000000000e+01,1.400000000000000000e+01
6.284557723999023438e+01,4.077379989624023438e+01,2.900000000000000000e+01,1.400000000000000000e+01
6.328249740600585938e+01,4.141686248779296875e+01,2.900000000000000000e+01,1.400000000000000000e+01
5.974333572387695312e+01,3.109249687194824219e+01,2.900000000000000000e+01,1.400000000000000000e+01
5.964720535278320312e+01,3.091921997070312500e+01,2.900000000000000000e+01,1.400000000000000000e+01
5.676437377929687500e+01,1.569075012207031250e+01,2.900000000000000000e+01,1.400000000000000000e+01
5.982016372680664062e+01,3.131849479675292969e+01,2.900000000000000000e+01,1.400000000000000000e+01
5.533910369873046875e+01,1.755682182312011719e+01,2.900000000000000000e+01,1.400000000000000000e+01
5.993301773071289062e+01,3.160034942626953125e+01,2.900000000000000000e+01,1.400000000000000000e+01
5.564954376220703125e+01,1.519247722625732422e+01,2.900000000000000000e+01,1.400000000000000000e+01
6.074877929687500000e+01,3.374985122680664062e+01,2.900000000000000000e+01,1.400000000000000000e+01
5.996313858032226562e+01,3.167971038818359375e+01,2.900000000000000000e+01,1.400000000000000000e+01
5.654269027709960938e+01,1.519637680053710938e+01,2.900000000000000000e+01,1.400000000000000000e+01
5.624952697753906250e+01,1.924975013732910156e+01,2.900000000000000000e+01,1.400000000000000000e+01
5.692230987548828125e+01,2.210868835449218750e+01,2.900000000000000000e+01,1.400000000000000000e+01
5.763941574096679688e+01,2.790254402160644531e+01,2.900000000000000000e+01,1.400000000000000000e+01
5.878284454345703125e+01,2.858824920654296875e+01,2.900000000000000000e+01,1.400000000000000000e+01
5.597635269165039062e+01,1.959575271606445312e+01,2.900000000000000000e+01,1.400000000000000000e+01
6.061980819702148438e+01,3.340167617797851562e+01,2.900000000000000000e+01,1.400000000000000000e+01
5.556495285034179688e+01,1.669158744812011719e+01,2.900000000000000000e+01,1.400000000000000000e+01
5.547710418701171875e+01,1.714406013488769531e+01,2.900000000000000000e+01,1.400000000000000000e+01
6.226137924194335938e+01,3.856911468505859375e+01,2.900000000000000000e+01,1.400000000000000000e+01
5.907977676391601562e+01,2.851689147949218750e+01,2.900000000000000000e+01,1.400000000000000000e+01
5.823076629638671875e+01,2.476312828063964844e+01,2.900000000000000000e+01,1.400000000000000000e+01
6.282386016845703125e+01,4.014693832397460938e+01,2.900000000000000000e+01,1.400000000000000000e+01
5.821868515014648438e+01,2.413751411437988281e+01,2.900000000000000000e+01,1.400000000000000000e+01
5.792660140991210938e+01,2.599944114685058594e+01,2.900000000000000000e+01,1.400000000000000000e+01
5.724028778076171875e+01,2.337315750122070312e+01,2.900000000000000000e+01,1.400000000000000000e+01
5.578278350830078125e+01,2.025615310668945312e+01,2.900000000000000000e+01,1.400000000000000000e+01
6.114093780517578125e+01,3.485744476318359375e+01,2.900000000000000000e+01,1.400000000000000000e+01
6.255123901367187500e+01,3.922212219238281250e+01,2.900000000000000000e+01,1.400000000000000000e+01
6.232942581176757812e+01,3.836908721923828125e+01,2.900000000000000000e+01,1.400000000000000000e+01
6.263704299926757812e+01,3.935751724243164062e+01,2.900000000000000000e+01,1.400000000000000000e+01
5.594251251220703125e+01,1.897266960144042969e+01,2.900000000000000000e+01,1.400000000000000000e+01
5.598818588256835938e+01,1.541006851196289062e+01,2.900000000000000000e+01,1.400000000000000000e+01
6.241091537475585938e+01,3.906653976440429688e+01,2.900000000000000000e+01,1.400000000000000000e+01
6.162474822998046875e+01,3.629521179199218750e+01,2.900000000000000000e+01,1.400000000000000000e+01
5.567065048217773438e+01,1.858857345581054688e+01,2.900000000000000000e+01,1.400000000000000000e+01
5.894272994995117188e+01,2.920512771606445312e+01,2.900000000000000000e+01,1.400000000000000000e+01
5.580740356445312500e+01,1.529118061065673828e+01,2.900000000000000000e+01,1.400000000000000000e+01
6.117680358886718750e+01,3.498178100585937500e+01,2.900000000000000000e+01,1.400000000000000000e+01
6.150452804565429688e+01,3.593249130249023438e+01,2.900000000000000000e+01,1.400000000000000000e+01
5.623522186279296875e+01,1.493895912170410156e+01,2.900000000000000000e+01,1.400000000000000000e+01
5.689890289306640625e+01,1.958835411071777344e+01,2.900000000000000000e+01,1.400000000000000000e+01
6.207801818847656250e+01,3.779409408569335938e+01,2.900000000000000000e+01,1.400000000000000000e+01
5.906994247436523438e+01,2.877515792846679688e+01,2.900000000000000000e+01,1.400000000000000000e+01
5.592160034179687500e+01,2.015234756469726562e+01,2.900000000000000000e+01,1.400000000000000000e+01
6.061214447021484375e+01,3.338577270507812500e+01,2.900000000000000000e+01,1.400000000000000000e+01
5.679453277587890625e+01,2.375787734985351562e+01,2.900000000000000000e+01,1.400000000000000000e+01
6.015900039672851562e+01,3.222021865844726562e+01,2.900000000000000000e+01,1.400000000000000000e+01
5.796755599975585938e+01,2.267210388183593750e+01,2.900000000000000000e+01,1.400000000000000000e+01
5.668731689453125000e+01,2.163217544555664062e+01,2.900000000000000000e+01,1.400000000000000000e+01
5.619117355346679688e+01,1.885668182373046875e+01,2.900000000000000000e+01,1.400000000000000000e+01
6.308139419555664062e+01,4.078585052490234375e+01,2.900000000000000000e+01,1.400000000000000000e+01
5.546599960327148438e+01,1.554657173156738281e+01,2.900000000000000000e+01,1.400000000000000000e+01
6.192493057250976562e+01,3.725554656982421875e+01,2.900000000000000000e+01,1.400000000000000000e+01
6.304631805419921875e+01,4.119436264038085938e+01,2.900000000000000000e+01,1.400000000000000000e+01
5.534111022949218750e+01,1.728997230529785156e+01,2.900000000000000000e+01,1.400000000000000000e+01
6.106604003906250000e+01,3.464918136596679688e+01,2.900000000000000000e+01,1.400000000000000000e+01
5.804018402099609375e+01,2.287614631652832031e+01,2.900000000000000000e+01,1.400000000000000000e+01
5.727323532104492188e+01,2.476301193237304688e+01,2.900000000000000000e+01,1.400000000000000000e+01
5.795823287963867188e+01,2.262777519226074219e+01,2.900000000000000000e+01,1.400000000000000000e+01
5.690878677368164062e+01,1.925320816040039062e+01,2.900000000000000000e+01,1.400000000000000000e+01
6.331531906127929688e+01,4.154967880249023438e+01,2.900000000000000000e+01,1.400000000000000000e+01
5.825218963623046875e+01,2.677764129638671875e+01,2.900000000000000000e+01,1.400000000000000000e+01
6.075985717773437500e+01,3.378072357177734375e+01,2.900000000000000000e+01,1.400000000000000000e+01
5.761034774780273438e+01,2.481295776367187500e+01,2.900000000000000000e+01,1.400000000000000000e+01
5.964694976806640625e+01,3.084276199340820312e+01,2.900000000000000000e+01,1.400000000000000000e+01
5.797122192382812500e+01,2.806824874877929688e+01,2.900000000000000000e+01,1.400000000000000000e+01
6.018788528442382812e+01,3.226164627075195312e+01,2.900000000000000000e+01,1.400000000000000000e+01
6.114110946655273438e+01,3.485962295532226562e+01,2.900000000000000000e+01,1.400000000000000000e+01
5.632702636718750000e+01,1.504282283782958984e+01,2.900000000000000000e+01,1.400000000000000000e+01
5.840182495117187500e+01,2.444889450073242188e+01,2.900000000000000000e+01,1.400000000000000000e+01
6.329890823364257812e+01,4.146817398071289062e+01,2.900000000000000000e+01,1.400000000000000000e+01
6.226350402832031250e+01,3.862976074218750000e+01,2.900000000000000000e+01,1.400000000000000000e+01
5.963881683349609375e+01,3.082438087463378906e+01,2.900000000000000000e+01,1.400000000000000000e+01
5.510167312622070312e+01,1.685197830200195312e+01,2.900000000000000000e+01,1.400000000000000000e+01
6.297036743164062500e+01,4.067819595336914062e+01,2.900000000000000000e+01,1.400000000000000000e+01
6.323886871337890625e+01,4.082164764404296875e+01,2.900000000000000000e+01,1.400000000000000000e+01
5.722333526611328125e+01,2.476256942749023438e+01,2.900000000000000000e+01,1.400000000000000000e+01
5.576334762573242188e+01,1.546902561187744141e+01,2.900000000000000000e+01,1.400000000000000000e+01
5.743960571289062500e+01,2.365361404418945312e+01,2.900000000000000000e+01,1.400000000000000000e+01
6.002813339233398438e+01,3.183827972412109375e+01,2.900000000000000000e+01,1.400000000000000000e+01
1.858587646484375000e+01,-2.881064796447753906e+01,2.900000000000000000e+01,1.200000000000000000e+01
6.041841888427734375e+01,3.286436080932617188e+01,2.900000000000000000e+01,1.400000000000000000e+01
6.236330413818359375e+01,3.897927856445312500e+01,2.900000000000000000e+01,1.400000000000000000e+01
5.557458877563476562e+01,2.015367889404296875e+01,2.900000000000000000e+01,1.400000000000000000e+01
5.617733001708984375e+01,1.870904731750488281e+01,2.900000000000000000e+01,1.400000000000000000e+01
5.559473800659179688e+01,1.649491310119628906e+01,2.900000000000000000e+01,1.400000000000000000e+01
6.330094528198242188e+01,4.142928314208984375e+01,2.900000000000000000e+01,1.400000000000000000e+01
5.521467590332031250e+01,2.918926620483398438e+01,2.900000000000000000e+01,1.400000000000000000e+01
5.767690658569335938e+01,2.445703697204589844e+01,2.900000000000000000e+01,1.400000000000000000e+01
5.716314315795898438e+01,1.802483558654785156e+01,2.900000000000000000e+01,1.400000000000000000e+01
5.792499542236328125e+01,2.404795074462890625e+01,2.900000000000000000e+01,1.400000000000000000e+01
5.813496780395507812e+01,2.621352767944335938e+01,2.900000000000000000e+01,1.400000000000000000e+01
5.583340835571289062e+01,1.573930454254150391e+01,2.900000000000000000e+01,1.400000000000000000e+01
5.567330169677734375e+01,1.485158824920654297e+01,2.900000000000000000e+01,1.400000000000000000e+01
5.804932785034179688e+01,2.829673194885253906e+01,2.900000000000000000e+01,1.400000000000000000e+01
5.625373458862304688e+01,2.026734542846679688e+01,2.900000000000000000e+01,1.400000000000000000e+01
5.806295013427734375e+01,2.160791969299316406e+01,2.900000000000000000e+01,1.400000000000000000e+01
6.098233795166015625e+01,3.440919113159179688e+01,2.900000000000000000e+01,1.400000000000000000e+01
5.513964462280273438e+01,2.910164260864257812e+01,2.900000000000000000e+01,1.300000000000000000e+01
5.948894119262695312e+01,3.046564102172851562e+01,2.900000000000000000e+01,1.400000000000000000e+01
5.885015106201171875e+01,2.820420646667480469e+01,2.900000000000000000e+01,1.400000000000000000e+01
5.969470596313476562e+01,3.094298171997070312e+01,2.900000000000000000e+01,1.400000000000000000e+01
5.515993499755859375e+01,1.726189994812011719e+01,2.900000000000000000e+01,1.400000000000000000e+01
5.679886245727539062e+01,1.868940162658691406e+01,2.900000000000000000e+01,1.400000000000000000e+01
5.538257980346679688e+01,1.956593132019042969e+01,2.900000000000000000e+01,1.400000000000000000e+01
5.543853759765625000e+01,1.556149578094482422e+01,2.900000000000000000e+01,1.400000000000000000e+01
5.545852661132812500e+01,1.690847206115722656e+01,2.900000000000000000e+01,1.400000000000000000e+01
5.626375579833984375e+01,1.587763404846191406e+01,2.900000000000000000e+01,1.400000000000000000e+01
5.549596023559570312e+01,1.528835201263427734e+01,2.900000000000000000e+01,1.400000000000000000e+01
6.299201202392578125e+01,4.066543197631835938e+01,2.900000000000000000e+01,1.400000000000000000e+01
5.750736236572265625e+01,2.515064239501953125e+01,2.900000000000000000e+01,1.400000000000000000e+01
5.800573730468750000e+01,2.631840133666992188e+01,2.900000000000000000e+01,1.400000000000000000e+01
5.565920257568359375e+01,1.901828193664550781e+01,2.900000000000000000e+01,1.400000000000000000e+01
5.587036132812500000e+01,1.608961486816406250e+01,2.900000000000000000e+01,1.400000000000000000e+01
5.799188995361328125e+01,2.602854919433593750e+01,2.900000000000000000e+01,1.400000000000000000e+01
6.282759857177734375e+01,4.053749847412109375e+01,2.900000000000000000e+01,1.400000000000000000e+01
5.821467208862304688e+01,2.668174934387207031e+01,2.900000000000000000e+01,1.400000000000000000e+01
5.858379364013671875e+01,2.764397430419921875e+01,2.900000000000000000e+01,1.400000000000000000e+01
5.542995452880859375e+01,1.588769340515136719e+01,2.900000000000000000e+01,1.400000000000000000e+01
6.301813507080078125e+01,4.091467285156250000e+01,2.900000000000000000e+01,1.400000000000000000e+01
5.967907714843750000e+01,3.091016769409179688e+01,2.900000000000000000e+01,1.400000000000000000e+01
6.143539047241210938e+01,3.572925567626953125e+01,2.900000000000000000e+01,1.400000000000000000e+01
-2.303621673583984375e+01,-1.570518112182617188e+01,2.900000000000000000e+01,1.500000000000000000e+01
6.279035186767578125e+01,4.024350738525390625e+01,2.900000000000000000e+01,1.400000000000000000e+01
6.228942871093750000e+01,3.923657608032226562e+01,2.900000000000000000e+01,1.400000000000000000e+01
6.093982696533203125e+01,3.428465270996093750e+01,2.900000000000000000e+01,1.400000000000000000e+01
5.828675842285156250e+01,2.781312370300292969e+01,2.900000000000000000e+01,1.400000000000000000e+01
5.878205871582031250e+01,2.796095466613769531e+01,2.900000000000000000e+01,1.400000000000000000e+01
5.565148544311523438e+01,1.916476821899414062e+01,2.900000000000000000e+01,1.400000000000000000e+01
6.226282119750976562e+01,4.071785354614257812e+01,2.900000000000000000e+01,1.400000000000000000e+01
5.737358093261718750e+01,2.292273330688476562e+01,2.900000000000000000e+01,1.400000000000000000e+01
6.312313079833984375e+01,4.088556671142578125e+01,2.900000000000000000e+01,1.400000000000000000e+01
6.170144271850585938e+01,3.652371978759765625e+01,2.900000000000000000e+01,1.400000000000000000e+01
