dim1,dim2,true_label,operational_label
1.777525711059570312e+01,4.448770904541015625e+01,0.000000000000000000e+00,0.000000000000000000e+00
1.183377552032470703e+01,4.453808212280273438e+01,0.000000000000000000e+00,0.000000000000000000e+00
4.627809524536132812e+00,4.384552001953125000e+01,0.000000000000000000e+00,0.000000000000000000e+00
2.033114910125732422e+00,4.140884399414062500e+01,0.000000000000000000e+00,0.000000000000000000e+00
1.580348372459411621e+00,3.537034988403320312e+01,0.000000000000000000e+00,0.000000000000000000e+00
1.695475220680236816e+00,3.449741363525390625e+01,0.000000000000000000e+00,0.000000000000000000e+00
8.613980412483215332e-01,3.688280105590820312e+01,0.000000000000000000e+00,0.000000000000000000e+00
4.600029945373535156e+00,3.140288925170898438e+01,0.000000000000000000e+00,0.000000000000000000e+00
2.714866399765014648e+00,3.283240127563476562e+01,0.000000000000000000e+00,0.000000000000000000e+00
1.235666990280151367e+00,3.247131729125976562e+01,0.000000000000000000e+00,0.000000000000000000e+00
1.883476376533508301e+00,4.109145736694335938e+01,0.000000000000000000e+00,0.000000000000000000e+00
1.609508705139160156e+01,4.534694290161132812e+01,0.000000000000000000e+00,0.000000000000000000e+00
1.625737380981445312e+01,4.505455398559570312e+01,0.000000000000000000e+00,0.000000000000000000e+00
8.731285333633422852e-01,3.472895050048828125e+01,0.000000000000000000e+00,0.000000000000000000e+00
1.104355907440185547e+01,3.571956634521484375e+01,0.000000000000000000e+00,0.000000000000000000e+00
1.592711639404296875e+01,4.574242019653320312e+01,0.000000000000000000e+00,0.000000000000000000e+00
1.285707664489746094e+01,4.186296844482421875e+01,0.000000000000000000e+00,0.000000000000000000e+00
2.841825246810913086e+00,3.221442031860351562e+01,0.000000000000000000e+00,0.000000000000000000e+00
8.055660247802734375e+00,4.405892181396484375e+01,0.000000000000000000e+00,0.000000000000000000e+00
1.535694217681884766e+01,4.520050811767578125e+01,0.000000000000000000e+00,0.000000000000000000e+00
1.049285125732421875e+01,4.457764053344726562e+01,0.000000000000000000e+00,0.000000000000000000e+00
1.058990955352783203e+01,3.597559356689453125e+01,0.000000000000000000e+00,0.000000000000000000e+00
7.952402234077453613e-01,3.892402648925781250e+01,0.000000000000000000e+00,0.000000000000000000e+00
1.238738536834716797e+00,3.703223037719726562e+01,0.000000000000000000e+00,0.000000000000000000e+00
1.415949940681457520e+00,3.389689254760742188e+01,0.000000000000000000e+00,0.000000000000000000e+00
1.666777610778808594e+01,4.356787109375000000e+01,0.000000000000000000e+00,0.000000000000000000e+00
1.726189851760864258e+00,4.049214553833007812e+01,0.000000000000000000e+00,0.000000000000000000e+00
4.609527587890625000e+00,4.471573638916015625e+01,0.000000000000000000e+00,0.000000000000000000e+00
5.720020771026611328e+00,4.428386306762695312e+01,0.000000000000000000e+00,0.000000000000000000e+00
5.994012832641601562e+00,4.572383499145507812e+01,0.000000000000000000e+00,0.000000000000000000e+00
1.542323017120361328e+01,4.577642059326171875e+01,0.000000000000000000e+00,0.000000000000000000e+00
9.191879034042358398e-01,3.944788360595703125e+01,0.000000000000000000e+00,0.000000000000000000e+00
8.537598252296447754e-01,3.558424377441406250e+01,0.000000000000000000e+00,0.000000000000000000e+00
2.119944095611572266e+00,3.250027465820312500e+01,0.000000000000000000e+00,0.000000000000000000e+00
1.073475933074951172e+01,3.428683471679687500e+01,0.000000000000000000e+00,0.000000000000000000e+00
5.606643199920654297e+00,3.141883468627929688e+01,0.000000000000000000e+00,0.000000000000000000e+00
1.124909877777099609e+00,3.809819793701171875e+01,0.000000000000000000e+00,0.000000000000000000e+00
1.055672740936279297e+01,3.407852172851562500e+01,0.000000000000000000e+00,0.000000000000000000e+00
4.835716247558593750e+00,3.161400222778320312e+01,0.000000000000000000e+00,0.000000000000000000e+00
1.759994149208068848e+00,3.932526779174804688e+01,0.000000000000000000e+00,0.000000000000000000e+00
1.178695321083068848e+00,3.477057266235351562e+01,0.000000000000000000e+00,0.000000000000000000e+00
1.792189216613769531e+01,4.350232315063476562e+01,0.000000000000000000e+00,0.000000000000000000e+00
1.744742202758789062e+01,4.434860610961914062e+01,0.000000000000000000e+00,0.000000000000000000e+00
5.159331798553466797e+00,4.598379516601562500e+01,0.000000000000000000e+00,0.000000000000000000e+00
9.305314421653747559e-01,3.512362670898437500e+01,0.000000000000000000e+00,0.000000000000000000e+00
1.332015800476074219e+01,4.521846771240234375e+01,0.000000000000000000e+00,0.000000000000000000e+00
1.782693862915039062e+01,4.335388565063476562e+01,0.000000000000000000e+00,0.000000000000000000e+00
5.260576725006103516e+00,4.359704589843750000e+01,0.000000000000000000e+00,0.000000000000000000e+00
1.297559618949890137e+00,3.971998596191406250e+01,0.000000000000000000e+00,0.000000000000000000e+00
7.771403193473815918e-01,3.661498260498046875e+01,0.000000000000000000e+00,0.000000000000000000e+00
2.039603471755981445e+00,4.020595932006835938e+01,0.000000000000000000e+00,0.000000000000000000e+00
2.607811212539672852e+00,4.215461730957031250e+01,0.000000000000000000e+00,0.000000000000000000e+00
1.717584419250488281e+01,4.406680297851562500e+01,0.000000000000000000e+00,0.000000000000000000e+00
6.301290035247802734e+00,4.460654830932617188e+01,0.000000000000000000e+00,0.000000000000000000e+00
1.048375225067138672e+01,3.521384048461914062e+01,0.000000000000000000e+00,0.000000000000000000e+00
4.266330718994140625e+00,4.395639419555664062e+01,0.000000000000000000e+00,0.000000000000000000e+00
6.565402030944824219e+00,3.162035560607910156e+01,0.000000000000000000e+00,0.000000000000000000e+00
1.714821243286132812e+01,4.336243438720703125e+01,0.000000000000000000e+00,0.000000000000000000e+00
9.459051132202148438e+00,4.440426635742187500e+01,0.000000000000000000e+00,0.000000000000000000e+00
5.285865306854248047e+00,4.477423477172851562e+01,0.000000000000000000e+00,0.000000000000000000e+00
1.999768376350402832e+00,4.189537429809570312e+01,0.000000000000000000e+00,0.000000000000000000e+00
1.806636619567871094e+01,4.395426177978515625e+01,0.000000000000000000e+00,0.000000000000000000e+00
1.293309330940246582e+00,3.649315643310546875e+01,0.000000000000000000e+00,0.000000000000000000e+00
1.387783241271972656e+01,4.497835159301757812e+01,0.000000000000000000e+00,0.000000000000000000e+00
1.696009445190429688e+01,4.283133697509765625e+01,0.000000000000000000e+00,0.000000000000000000e+00
7.093396663665771484e+00,4.392774963378906250e+01,0.000000000000000000e+00,0.000000000000000000e+00
1.339031410217285156e+01,4.566735076904296875e+01,0.000000000000000000e+00,0.000000000000000000e+00
1.014507389068603516e+01,3.458179092407226562e+01,0.000000000000000000e+00,0.000000000000000000e+00
1.070636749267578125e+01,3.467792510986328125e+01,0.000000000000000000e+00,0.000000000000000000e+00
8.293071746826171875e+00,4.448269271850585938e+01,0.000000000000000000e+00,0.000000000000000000e+00
4.027863025665283203e+00,4.315088272094726562e+01,0.000000000000000000e+00,0.000000000000000000e+00
1.429135799407958984e+00,3.232361984252929688e+01,0.000000000000000000e+00,0.000000000000000000e+00
1.023505973815917969e+01,3.725517654418945312e+01,0.000000000000000000e+00,0.000000000000000000e+00
6.879357337951660156e+00,4.496391296386718750e+01,0.000000000000000000e+00,0.000000000000000000e+00
1.006635189056396484e+01,3.771169662475585938e+01,0.000000000000000000e+00,0.000000000000000000e+00
3.349915027618408203e+00,3.208086013793945312e+01,0.000000000000000000e+00,0.000000000000000000e+00
1.377915954589843750e+01,4.589047241210937500e+01,0.000000000000000000e+00,0.000000000000000000e+00
9.677205085754394531e+00,3.354877471923828125e+01,0.000000000000000000e+00,0.000000000000000000e+00
7.530425548553466797e+00,4.442247390747070312e+01,0.000000000000000000e+00,0.000000000000000000e+00
1.185094118118286133e+00,4.034463119506835938e+01,0.000000000000000000e+00,0.000000000000000000e+00
6.398940682411193848e-01,3.941537475585937500e+01,0.000000000000000000e+00,0.000000000000000000e+00
9.206747055053710938e+00,4.335528182983398438e+01,0.000000000000000000e+00,0.000000000000000000e+00
4.172923564910888672e+00,4.302312469482421875e+01,0.000000000000000000e+00,0.000000000000000000e+00
1.030496025085449219e+01,3.715796661376953125e+01,0.000000000000000000e+00,0.000000000000000000e+00
8.242110252380371094e+00,3.257965087890625000e+01,0.000000000000000000e+00,0.000000000000000000e+00
1.400228595733642578e+01,4.583421707153320312e+01,0.000000000000000000e+00,0.000000000000000000e+00
8.837608337402343750e+00,4.450559234619140625e+01,0.000000000000000000e+00,0.000000000000000000e+00
8.346962928771972656e+00,4.435684204101562500e+01,0.000000000000000000e+00,0.000000000000000000e+00
7.830834388732910156e+00,4.390525436401367188e+01,0.000000000000000000e+00,0.000000000000000000e+00
1.377806949615478516e+01,4.521547698974609375e+01,0.000000000000000000e+00,0.000000000000000000e+00
1.264011478424072266e+01,4.253816604614257812e+01,0.000000000000000000e+00,0.000000000000000000e+00
5.839381217956542969e+00,4.384674453735351562e+01,0.000000000000000000e+00,0.000000000000000000e+00
5.581996440887451172e+00,3.122724914550781250e+01,0.000000000000000000e+00,0.000000000000000000e+00
1.733934402465820312e+01,4.388217926025390625e+01,0.000000000000000000e+00,0.000000000000000000e+00
1.106317138671875000e+01,4.461797332763671875e+01,0.000000000000000000e+00,0.000000000000000000e+00
3.443658351898193359e+00,4.289669036865234375e+01,0.000000000000000000e+00,0.000000000000000000e+00
5.019666194915771484e+00,3.117459297180175781e+01,0.000000000000000000e+00,0.000000000000000000e+00
6.421773910522460938e+00,4.505675506591796875e+01,0.000000000000000000e+00,0.000000000000000000e+00
5.345309734344482422e+00,4.601075744628906250e+01,0.000000000000000000e+00,0.000000000000000000e+00
1.108347129821777344e+01,4.504421997070312500e+01,0.000000000000000000e+00,0.000000000000000000e+00
1.103630256652832031e+01,3.465309906005859375e+01,0.000000000000000000e+00,0.000000000000000000e+00
2.006565570831298828e+00,3.378344345092773438e+01,0.000000000000000000e+00,0.000000000000000000e+00
5.873296737670898438e+00,4.536802673339843750e+01,0.000000000000000000e+00,0.000000000000000000e+00
2.912099599838256836e+00,4.180997085571289062e+01,0.000000000000000000e+00,0.000000000000000000e+00
6.362875461578369141e+00,4.378674697875976562e+01,0.000000000000000000e+00,0.000000000000000000e+00
1.011296844482421875e+01,3.505181121826171875e+01,0.000000000000000000e+00,0.000000000000000000e+00
2.690580844879150391e+00,3.302672576904296875e+01,0.000000000000000000e+00,0.000000000000000000e+00
6.015577316284179688e+00,3.136111068725585938e+01,0.000000000000000000e+00,0.000000000000000000e+00
1.160152077674865723e+00,4.073620605468750000e+01,0.000000000000000000e+00,0.000000000000000000e+00
1.657506752014160156e+01,4.542250442504882812e+01,0.000000000000000000e+00,0.000000000000000000e+00
5.286463737487792969e+00,4.650136184692382812e+01,0.000000000000000000e+00,0.000000000000000000e+00
1.550645923614501953e+01,4.489111709594726562e+01,0.000000000000000000e+00,0.000000000000000000e+00
1.022677135467529297e+01,4.480656814575195312e+01,0.000000000000000000e+00,0.000000000000000000e+00
3.162396430969238281e+00,4.230053710937500000e+01,0.000000000000000000e+00,0.000000000000000000e+00
1.168776702880859375e+01,3.485829925537109375e+01,0.000000000000000000e+00,0.000000000000000000e+00
1.122830986976623535e+00,3.387009429931640625e+01,0.000000000000000000e+00,0.000000000000000000e+00
7.390050292015075684e-01,4.012440490722656250e+01,0.000000000000000000e+00,0.000000000000000000e+00
1.000727176666259766e+00,3.863665008544921875e+01,0.000000000000000000e+00,0.000000000000000000e+00
1.778526306152343750e+01,4.406324005126953125e+01,0.000000000000000000e+00,0.000000000000000000e+00
2.287111997604370117e+00,3.285563659667968750e+01,0.000000000000000000e+00,0.000000000000000000e+00
1.438291168212890625e+01,4.519572448730468750e+01,0.000000000000000000e+00,0.000000000000000000e+00
1.562029838562011719e+01,4.537745285034179688e+01,0.000000000000000000e+00,0.000000000000000000e+00
1.280885219573974609e+01,4.511922836303710938e+01,0.000000000000000000e+00,0.000000000000000000e+00
1.710900306701660156e+00,3.346028518676757812e+01,0.000000000000000000e+00,0.000000000000000000e+00
1.114289522171020508e+00,3.591323089599609375e+01,0.000000000000000000e+00,0.000000000000000000e+00
1.743877029418945312e+01,4.316532135009765625e+01,0.000000000000000000e+00,0.000000000000000000e+00
1.158507633209228516e+01,4.504847335815429688e+01,0.000000000000000000e+00,0.000000000000000000e+00
1.328902626037597656e+01,4.346651840209960938e+01,0.000000000000000000e+00,0.000000000000000000e+00
1.661044883728027344e+01,4.238074493408203125e+01,0.000000000000000000e+00,0.000000000000000000e+00
4.982687473297119141e+00,3.164308738708496094e+01,0.000000000000000000e+00,0.000000000000000000e+00
5.239233970642089844e+00,4.429350662231445312e+01,0.000000000000000000e+00,0.000000000000000000e+00
9.264615058898925781e+00,3.326094055175781250e+01,0.000000000000000000e+00,0.000000000000000000e+00
1.558857560157775879e+00,3.921620178222656250e+01,0.000000000000000000e+00,0.000000000000000000e+00
1.026045322418212891e+01,3.438986968994140625e+01,0.000000000000000000e+00,0.000000000000000000e+00
1.602409172058105469e+01,4.442715072631835938e+01,0.000000000000000000e+00,0.000000000000000000e+00
1.696734666824340820e+00,3.489303588867187500e+01,0.000000000000000000e+00,0.000000000000000000e+00
1.066096782684326172e+01,3.519228363037109375e+01,0.000000000000000000e+00,0.000000000000000000e+00
4.112386226654052734e+00,3.171194839477539062e+01,0.000000000000000000e+00,0.000000000000000000e+00
2.344733476638793945e+00,4.087000274658203125e+01,0.000000000000000000e+00,0.000000000000000000e+00
5.717477798461914062e+00,4.434006881713867188e+01,0.000000000000000000e+00,0.000000000000000000e+00
-1.142910599708557129e+00,-3.969097137451171875e+01,1.000000000000000000e+00,1.000000000000000000e+00
-1.321423888206481934e+00,-3.118340110778808594e+01,1.000000000000000000e+00,1.000000000000000000e+00
-1.281031489372253418e+00,-4.075464725494384766e+00,1.000000000000000000e+00,1.000000000000000000e+00
-1.086685180664062500e+01,-4.046714782714843750e+01,1.000000000000000000e+00,1.000000000000000000e+00
-1.059722995758056641e+01,-4.271503448486328125e+01,1.000000000000000000e+00,1.000000000000000000e+00
-1.274413347244262695e+00,-4.346517562866210938e+00,1.000000000000000000e+00,1.000000000000000000e+00
-1.103457331657409668e+00,-4.108821868896484375e+01,1.000000000000000000e+00,1.000000000000000000e+00
2.182801246643066406e+00,-2.022270393371582031e+01,1.000000000000000000e+00,1.000000000000000000e+00
-6.184093952178955078e-01,-2.876478958129882812e+01,1.000000000000000000e+00,1.000000000000000000e+00
-2.891035556793212891e+00,-3.889944076538085938e+01,1.000000000000000000e+00,1.000000000000000000e+00
-2.594277143478393555e+00,-1.113956451416015625e+00,1.000000000000000000e+00,1.000000000000000000e+00
-1.672913670539855957e+00,-4.868512630462646484e+00,1.000000000000000000e+00,1.000000000000000000e+00
-2.543678283691406250e+00,-2.811530303955078125e+01,1.000000000000000000e+00,1.000000000000000000e+00
-7.808104753494262695e-01,-4.079986953735351562e+01,1.000000000000000000e+00,1.000000000000000000e+00
8.364026546478271484e-01,-3.855477905273437500e+01,1.000000000000000000e+00,1.000000000000000000e+00
-1.739800572395324707e+00,-4.060609436035156250e+01,1.000000000000000000e+00,1.000000000000000000e+00
-2.310943365097045898e+00,-3.864883804321289062e+01,1.000000000000000000e+00,1.000000000000000000e+00
8.436765074729919434e-01,-1.891758346557617188e+01,1.000000000000000000e+00,1.000000000000000000e+00
4.201536774635314941e-01,-4.857511520385742188e+00,1.000000000000000000e+00,1.000000000000000000e+00
4.783420264720916748e-01,-3.880817031860351562e+01,1.000000000000000000e+00,1.000000000000000000e+00
-1.738037943840026855e+00,-3.580574798583984375e+01,1.000000000000000000e+00,1.000000000000000000e+00
1.771954536437988281e+00,-2.023237609863281250e+01,1.000000000000000000e+00,1.000000000000000000e+00
-2.571554660797119141e+00,-3.520981216430664062e+01,1.000000000000000000e+00,1.000000000000000000e+00
-9.662756919860839844e+00,-4.203380966186523438e+01,1.000000000000000000e+00,1.000000000000000000e+00
-9.933403968811035156e+00,-4.227666854858398438e+01,1.000000000000000000e+00,1.000000000000000000e+00
4.466392040252685547e+00,-1.989418411254882812e+01,1.000000000000000000e+00,1.000000000000000000e+00
-1.876428008079528809e+00,-3.093052482604980469e+01,1.000000000000000000e+00,1.000000000000000000e+00
-2.737925529479980469e+00,-2.793526649475097656e+01,1.000000000000000000e+00,1.000000000000000000e+00
9.866335988044738770e-01,-1.937231445312500000e+01,1.000000000000000000e+00,1.000000000000000000e+00
-1.141736602783203125e+01,-4.205130767822265625e+01,1.000000000000000000e+00,1.000000000000000000e+00
-2.066624641418457031e+00,-4.007623672485351562e+01,1.000000000000000000e+00,1.000000000000000000e+00
-1.141415023803710938e+01,-4.268170166015625000e+01,1.000000000000000000e+00,1.000000000000000000e+00
-2.630229949951171875e+00,-2.771240806579589844e+01,1.000000000000000000e+00,1.000000000000000000e+00
-3.816412448883056641e+00,-4.549964904785156250e+00,1.000000000000000000e+00,1.000000000000000000e+00
-1.028858852386474609e+01,-4.249147796630859375e+01,1.000000000000000000e+00,1.000000000000000000e+00
-1.612610220909118652e+00,-2.935802650451660156e+01,1.000000000000000000e+00,1.000000000000000000e+00
2.287924528121948242e+00,-2.085627746582031250e+01,1.000000000000000000e+00,1.000000000000000000e+00
-1.736466288566589355e+00,-3.167846298217773438e+01,1.000000000000000000e+00,1.000000000000000000e+00
1.311495900154113770e-02,-4.444353103637695312e+00,1.000000000000000000e+00,1.000000000000000000e+00
-7.080875635147094727e-01,-2.937028312683105469e+01,1.000000000000000000e+00,1.000000000000000000e+00
-1.087434196472167969e+01,-4.282743072509765625e+01,1.000000000000000000e+00,1.000000000000000000e+00
-2.200111627578735352e+00,-3.897005844116210938e+01,1.000000000000000000e+00,1.000000000000000000e+00
-2.090087175369262695e+00,-3.091761779785156250e+01,1.000000000000000000e+00,1.000000000000000000e+00
-4.310213088989257812e+00,-3.973891448974609375e+01,1.000000000000000000e+00,1.000000000000000000e+00
-2.529053211212158203e+00,-3.123060607910156250e+01,1.000000000000000000e+00,1.000000000000000000e+00
-9.864282011985778809e-01,-4.323784828186035156e+00,1.000000000000000000e+00,1.000000000000000000e+00
-3.493720769882202148e+00,-4.346299648284912109e+00,1.000000000000000000e+00,1.000000000000000000e+00
-6.440304685384035110e-03,-1.934759521484375000e+01,1.000000000000000000e+00,1.000000000000000000e+00
-2.936016798019409180e+00,-3.249985122680664062e+01,1.000000000000000000e+00,1.000000000000000000e+00
-3.218346834182739258e+00,-2.810152816772460938e+01,1.000000000000000000e+00,1.000000000000000000e+00
3.633681535720825195e-01,-3.872039413452148438e+01,1.000000000000000000e+00,1.000000000000000000e+00
-1.473358631134033203e+00,-2.881614303588867188e+01,1.000000000000000000e+00,1.000000000000000000e+00
-2.006731033325195312e+00,-2.932057762145996094e+01,1.000000000000000000e+00,1.000000000000000000e+00
4.727355241775512695e-01,-4.493639945983886719e+00,1.000000000000000000e+00,1.000000000000000000e+00
6.834239959716796875e-01,-4.206827163696289062e+00,1.000000000000000000e+00,1.000000000000000000e+00
-4.209468662738800049e-01,-4.011912918090820312e+01,1.000000000000000000e+00,1.000000000000000000e+00
-1.134521067142486572e-01,-4.768372535705566406e+00,1.000000000000000000e+00,1.000000000000000000e+00
8.911398053169250488e-01,-1.905285835266113281e+01,1.000000000000000000e+00,1.000000000000000000e+00
-5.304765701293945312e+00,-3.952312088012695312e+01,1.000000000000000000e+00,1.000000000000000000e+00
-1.369172692298889160e+00,-3.386068725585937500e+01,1.000000000000000000e+00,1.000000000000000000e+00
-3.529247760772705078e+00,-3.248049545288085938e+01,1.000000000000000000e+00,1.000000000000000000e+00
-2.647581815719604492e+00,-3.625418663024902344e+00,1.000000000000000000e+00,1.000000000000000000e+00
-4.761714458465576172e+00,-3.927610778808593750e+01,1.000000000000000000e+00,1.000000000000000000e+00
-1.205636978149414062e+00,-4.830897808074951172e+00,1.000000000000000000e+00,1.000000000000000000e+00
-1.840805172920227051e+00,-4.468026161193847656e+00,1.000000000000000000e+00,1.000000000000000000e+00
-2.516853809356689453e+00,-4.728914737701416016e+00,1.000000000000000000e+00,1.000000000000000000e+00
-2.821306705474853516e+00,-3.790998697280883789e+00,1.000000000000000000e+00,1.000000000000000000e+00
1.471883416175842285e+00,-1.973547744750976562e+01,1.000000000000000000e+00,1.000000000000000000e+00
3.836350739002227783e-01,-1.872064781188964844e+01,1.000000000000000000e+00,1.000000000000000000e+00
-2.037492513656616211e+00,-3.047245597839355469e+01,1.000000000000000000e+00,1.000000000000000000e+00
-1.862062335014343262e+00,-4.189059257507324219e+00,1.000000000000000000e+00,1.000000000000000000e+00
-1.407746553421020508e+00,-3.081233787536621094e+01,1.000000000000000000e+00,1.000000000000000000e+00
2.314604282379150391e+00,-2.041823387145996094e+01,1.000000000000000000e+00,1.000000000000000000e+00
-1.052546882629394531e+01,-4.131875228881835938e+01,1.000000000000000000e+00,1.000000000000000000e+00
-5.271308898925781250e+00,-4.006649398803710938e+01,1.000000000000000000e+00,1.000000000000000000e+00
-2.674883604049682617e+00,-3.188133239746093750e+01,1.000000000000000000e+00,1.000000000000000000e+00
7.083097696304321289e-01,-1.966772460937500000e+01,1.000000000000000000e+00,1.000000000000000000e+00
4.381731986999511719e+00,-1.989520263671875000e+01,1.000000000000000000e+00,1.000000000000000000e+00
-1.582480669021606445e+00,-2.798864936828613281e+01,1.000000000000000000e+00,1.000000000000000000e+00
-3.327775955200195312e+00,-3.379668426513671875e+01,1.000000000000000000e+00,1.000000000000000000e+00
-1.671835064888000488e+00,-3.770227050781250000e+01,1.000000000000000000e+00,1.000000000000000000e+00
-2.748855352401733398e+00,-4.446220874786376953e+00,1.000000000000000000e+00,1.000000000000000000e+00
-1.303715109825134277e-01,-1.929416275024414062e+01,1.000000000000000000e+00,1.000000000000000000e+00
-2.577077388763427734e+00,-2.877910995483398438e+01,1.000000000000000000e+00,1.000000000000000000e+00
-1.994701027870178223e+00,-1.420294046401977539e+00,1.000000000000000000e+00,1.000000000000000000e+00
-3.125610828399658203e+00,-3.945341873168945312e+01,1.000000000000000000e+00,1.000000000000000000e+00
-7.484979927539825439e-02,-3.927458190917968750e+01,1.000000000000000000e+00,1.000000000000000000e+00
-3.889676094055175781e+00,-3.378151321411132812e+01,1.000000000000000000e+00,1.000000000000000000e+00
-3.781220197677612305e+00,-3.913957977294921875e+01,1.000000000000000000e+00,1.000000000000000000e+00
-1.409261584281921387e+00,-3.003784561157226562e+01,1.000000000000000000e+00,1.000000000000000000e+00
-4.165977001190185547e+00,-3.954992294311523438e+01,1.000000000000000000e+00,1.000000000000000000e+00
2.302877664566040039e+00,-2.164810562133789062e+01,1.000000000000000000e+00,1.000000000000000000e+00
-4.191205501556396484e+00,-3.987730407714843750e+01,1.000000000000000000e+00,1.000000000000000000e+00
-1.489611148834228516e+00,-3.604115295410156250e+01,1.000000000000000000e+00,1.000000000000000000e+00
-4.546712338924407959e-01,-2.854207992553710938e+01,1.000000000000000000e+00,1.000000000000000000e+00
-2.594621181488037109e+00,-4.057297897338867188e+01,1.000000000000000000e+00,1.000000000000000000e+00
-2.972048997879028320e+00,-3.388671875000000000e+01,1.000000000000000000e+00,1.000000000000000000e+00
-1.349584102630615234e+00,-4.101036834716796875e+01,1.000000000000000000e+00,1.000000000000000000e+00
-1.279197454452514648e+00,-3.157653617858886719e+01,1.000000000000000000e+00,1.000000000000000000e+00
-1.035817050933837891e+01,-4.199265670776367188e+01,1.000000000000000000e+00,1.000000000000000000e+00
-1.147092628479003906e+01,-4.193108749389648438e+01,1.000000000000000000e+00,1.000000000000000000e+00
-1.444654464721679688e+00,-3.447527313232421875e+01,1.000000000000000000e+00,1.000000000000000000e+00
-9.431879997253417969e+00,-4.181309890747070312e+01,1.000000000000000000e+00,1.000000000000000000e+00
-3.867343902587890625e+00,-3.305317687988281250e+01,1.000000000000000000e+00,1.000000000000000000e+00
-1.974587321281433105e+00,-2.846923112869262695e+00,1.000000000000000000e+00,1.000000000000000000e+00
-2.789251565933227539e+00,-1.524551868438720703e+00,1.000000000000000000e+00,1.000000000000000000e+00
-1.912852048873901367e+00,-3.347117614746093750e+01,1.000000000000000000e+00,1.000000000000000000e+00
-1.642591238021850586e+00,-3.981473922729492188e+01,1.000000000000000000e+00,1.000000000000000000e+00
-2.886295557022094727e+00,-3.980130004882812500e+01,1.000000000000000000e+00,1.000000000000000000e+00
-7.356500029563903809e-01,-1.901347351074218750e+01,1.000000000000000000e+00,1.000000000000000000e+00
1.321932226419448853e-01,-1.887767028808593750e+01,1.000000000000000000e+00,1.000000000000000000e+00
-4.044175624847412109e+00,-4.546426296234130859e+00,1.000000000000000000e+00,1.000000000000000000e+00
-1.631357371807098389e-01,-1.881875419616699219e+01,1.000000000000000000e+00,1.000000000000000000e+00
-1.141120529174804688e+01,-4.243278884887695312e+01,1.000000000000000000e+00,1.000000000000000000e+00
-6.174885749816894531e+00,-3.981732559204101562e+01,1.000000000000000000e+00,1.000000000000000000e+00
-1.136661171913146973e+00,-2.826355552673339844e+01,1.000000000000000000e+00,1.000000000000000000e+00
-1.073317337036132812e+01,-4.168959426879882812e+01,1.000000000000000000e+00,1.000000000000000000e+00
-1.075214481353759766e+01,-4.168427658081054688e+01,1.000000000000000000e+00,1.000000000000000000e+00
-1.638051390647888184e+00,-4.116719818115234375e+01,1.000000000000000000e+00,1.000000000000000000e+00
-2.124254941940307617e+00,-1.068322420120239258e+00,1.000000000000000000e+00,1.000000000000000000e+00
-1.746314406394958496e+00,-3.430772781372070312e+01,1.000000000000000000e+00,1.000000000000000000e+00
-2.815150499343872070e+00,-4.052828216552734375e+01,1.000000000000000000e+00,1.000000000000000000e+00
-1.947574615478515625e+00,-3.784872293472290039e+00,1.000000000000000000e+00,1.000000000000000000e+00
1.533002257347106934e+00,-2.000234031677246094e+01,1.000000000000000000e+00,1.000000000000000000e+00
1.004229784011840820e+00,-4.902671813964843750e+00,1.000000000000000000e+00,1.000000000000000000e+00
-1.700725436210632324e+00,-3.417301177978515625e+01,1.000000000000000000e+00,1.000000000000000000e+00
-1.149127864837646484e+01,-4.258187103271484375e+01,1.000000000000000000e+00,1.000000000000000000e+00
-5.709133148193359375e-01,-4.042888259887695312e+01,1.000000000000000000e+00,1.000000000000000000e+00
-1.952578783035278320e+00,-3.693479537963867188e+01,1.000000000000000000e+00,1.000000000000000000e+00
-5.516844987869262695e-01,-1.909259033203125000e+01,1.000000000000000000e+00,1.000000000000000000e+00
-3.321864604949951172e+00,-3.637625885009765625e+01,1.000000000000000000e+00,1.000000000000000000e+00
-2.206389188766479492e+00,-3.209908294677734375e+01,1.000000000000000000e+00,1.000000000000000000e+00
2.096894025802612305e+00,-2.108012580871582031e+01,1.000000000000000000e+00,1.000000000000000000e+00
-6.828468322753906250e+00,-4.003390884399414062e+01,1.000000000000000000e+00,1.000000000000000000e+00
-1.276087403297424316e+00,-4.052566528320312500e+01,1.000000000000000000e+00,1.000000000000000000e+00
-1.172626256942749023e+00,-5.175862312316894531e+00,1.000000000000000000e+00,1.000000000000000000e+00
-1.019084095954895020e+00,-2.897113609313964844e+01,1.000000000000000000e+00,1.000000000000000000e+00
-9.873141288757324219e+00,-4.070827102661132812e+01,1.000000000000000000e+00,1.000000000000000000e+00
-2.454640388488769531e+00,-1.330183029174804688e+00,1.000000000000000000e+00,1.000000000000000000e+00
-1.365707874298095703e+00,-5.239643573760986328e+00,1.000000000000000000e+00,1.000000000000000000e+00
2.976970863342285156e+01,-1.078797245025634766e+01,2.000000000000000000e+00,2.000000000000000000e+00
3.366888809204101562e+01,-2.474092292785644531e+01,2.000000000000000000e+00,2.000000000000000000e+00
3.467026519775390625e+01,-2.292368698120117188e+01,2.000000000000000000e+00,2.000000000000000000e+00
3.188733863830566406e+01,1.925259590148925781e+00,2.000000000000000000e+00,2.000000000000000000e+00
3.279528045654296875e+01,-2.371541595458984375e+01,2.000000000000000000e+00,2.000000000000000000e+00
3.129156303405761719e+01,-1.336164951324462891e+01,2.000000000000000000e+00,2.000000000000000000e+00
3.167567634582519531e+01,-1.352811622619628906e+01,2.000000000000000000e+00,2.000000000000000000e+00
3.416475677490234375e+01,-2.536832046508789062e+01,2.000000000000000000e+00,2.000000000000000000e+00
3.440274810791015625e+01,4.343443870544433594e+00,2.000000000000000000e+00,2.000000000000000000e+00
3.304863739013671875e+01,-2.111156463623046875e+01,2.000000000000000000e+00,2.000000000000000000e+00
3.320413970947265625e+01,-2.364425659179687500e+01,2.000000000000000000e+00,2.000000000000000000e+00
2.703743743896484375e+01,-3.411720275878906250e+00,2.000000000000000000e+00,2.000000000000000000e+00
2.541073799133300781e+01,-3.640525341033935547e+00,2.000000000000000000e+00,2.000000000000000000e+00
3.337498855590820312e+01,-2.347830009460449219e+01,2.000000000000000000e+00,2.000000000000000000e+00
3.050349617004394531e+01,-1.195800590515136719e+01,2.000000000000000000e+00,2.000000000000000000e+00
3.207807922363281250e+01,-1.692489242553710938e+01,2.000000000000000000e+00,2.000000000000000000e+00
2.673044776916503906e+01,-5.695630073547363281e+00,2.000000000000000000e+00,2.000000000000000000e+00
3.309123229980468750e+01,-2.051645660400390625e+01,2.000000000000000000e+00,2.000000000000000000e+00
2.705785179138183594e+01,-2.056007385253906250e+00,2.000000000000000000e+00,2.000000000000000000e+00
3.242430496215820312e+01,3.505225896835327148e+00,2.000000000000000000e+00,2.000000000000000000e+00
2.607190704345703125e+01,-2.456130981445312500e+00,2.000000000000000000e+00,2.000000000000000000e+00
2.542196083068847656e+01,-2.778227567672729492e+00,2.000000000000000000e+00,2.000000000000000000e+00
3.358997726440429688e+01,-2.207781219482421875e+01,2.000000000000000000e+00,2.000000000000000000e+00
2.921444702148437500e+01,-1.086860847473144531e+01,2.000000000000000000e+00,2.000000000000000000e+00
3.207092285156250000e+01,3.081158638000488281e+00,2.000000000000000000e+00,2.000000000000000000e+00
3.232931137084960938e+01,-1.923526191711425781e+01,2.000000000000000000e+00,2.000000000000000000e+00
3.496389389038085938e+01,-2.333494186401367188e+01,2.000000000000000000e+00,2.000000000000000000e+00
2.590641784667968750e+01,-2.922708511352539062e+00,2.000000000000000000e+00,2.000000000000000000e+00
3.014130973815917969e+01,3.158341944217681885e-01,2.000000000000000000e+00,2.000000000000000000e+00
3.023079109191894531e+01,3.762165606021881104e-01,2.000000000000000000e+00,2.000000000000000000e+00
3.204882431030273438e+01,-1.592125225067138672e+01,2.000000000000000000e+00,2.000000000000000000e+00
3.376440429687500000e+01,3.258665323257446289e+00,2.000000000000000000e+00,2.000000000000000000e+00
3.498782348632812500e+01,-2.570245361328125000e+01,2.000000000000000000e+00,2.000000000000000000e+00
2.865404701232910156e+01,-1.176715016365051270e+00,2.000000000000000000e+00,2.000000000000000000e+00
3.219598007202148438e+01,-1.638947486877441406e+01,2.000000000000000000e+00,2.000000000000000000e+00
2.885783958435058594e+01,-1.012100315093994141e+01,2.000000000000000000e+00,2.000000000000000000e+00
3.165804290771484375e+01,-1.431831645965576172e+01,2.000000000000000000e+00,2.000000000000000000e+00
2.724732208251953125e+01,-7.170439243316650391e+00,2.000000000000000000e+00,2.000000000000000000e+00
3.461234283447265625e+01,-2.471735763549804688e+01,2.000000000000000000e+00,2.000000000000000000e+00
3.439663314819335938e+01,-2.499884605407714844e+01,2.000000000000000000e+00,2.000000000000000000e+00
3.281246948242187500e+01,3.807279825210571289e+00,2.000000000000000000e+00,2.000000000000000000e+00
3.285924530029296875e+01,2.958116054534912109e+00,2.000000000000000000e+00,2.000000000000000000e+00
3.313829421997070312e+01,2.675979852676391602e+00,2.000000000000000000e+00,2.000000000000000000e+00
3.209508514404296875e+01,-1.484788036346435547e+01,2.000000000000000000e+00,2.000000000000000000e+00
2.494636154174804688e+01,-2.980890274047851562e+00,2.000000000000000000e+00,2.000000000000000000e+00
3.259782409667968750e+01,-1.176896476745605469e+01,2.000000000000000000e+00,2.000000000000000000e+00
3.239096450805664062e+01,-1.160772800445556641e+01,2.000000000000000000e+00,2.000000000000000000e+00
3.346182250976562500e+01,-2.501157379150390625e+01,2.000000000000000000e+00,2.000000000000000000e+00
3.253427505493164062e+01,-2.104042625427246094e+01,2.000000000000000000e+00,2.000000000000000000e+00
2.784302139282226562e+01,-9.011035919189453125e+00,2.000000000000000000e+00,2.000000000000000000e+00
2.962342071533203125e+01,-1.208324241638183594e+01,2.000000000000000000e+00,2.000000000000000000e+00
3.004437446594238281e+01,-1.108050346374511719e+01,2.000000000000000000e+00,2.000000000000000000e+00
3.398619079589843750e+01,3.779872417449951172e+00,2.000000000000000000e+00,2.000000000000000000e+00
3.233197021484375000e+01,-2.072466850280761719e+01,2.000000000000000000e+00,2.000000000000000000e+00
2.708756637573242188e+01,-6.698672294616699219e+00,2.000000000000000000e+00,2.000000000000000000e+00
2.678609848022460938e+01,-4.116770744323730469e+00,2.000000000000000000e+00,2.000000000000000000e+00
3.330850601196289062e+01,-2.425154685974121094e+01,2.000000000000000000e+00,2.000000000000000000e+00
2.667808151245117188e+01,-2.894624233245849609e+00,2.000000000000000000e+00,2.000000000000000000e+00
3.070752906799316406e+01,-1.414225959777832031e+01,2.000000000000000000e+00,2.000000000000000000e+00
3.348939514160156250e+01,4.041381359100341797e+00,2.000000000000000000e+00,2.000000000000000000e+00
3.527186584472656250e+01,-2.374221229553222656e+01,2.000000000000000000e+00,2.000000000000000000e+00
2.602295875549316406e+01,-4.139482498168945312e+00,2.000000000000000000e+00,2.000000000000000000e+00
3.249098968505859375e+01,-1.227472877502441406e+01,2.000000000000000000e+00,2.000000000000000000e+00
2.630133628845214844e+01,-3.259545564651489258e+00,2.000000000000000000e+00,2.000000000000000000e+00
3.048049736022949219e+01,-1.261342048645019531e+01,2.000000000000000000e+00,2.000000000000000000e+00
3.376186752319335938e+01,-2.397228050231933594e+01,2.000000000000000000e+00,2.000000000000000000e+00
3.412777709960937500e+01,-2.360519218444824219e+01,2.000000000000000000e+00,2.000000000000000000e+00
3.202225494384765625e+01,2.352385520935058594e+00,2.000000000000000000e+00,2.000000000000000000e+00
3.186962890625000000e+01,-1.975869369506835938e+01,2.000000000000000000e+00,2.000000000000000000e+00
2.612894630432128906e+01,-1.946858525276184082e+00,2.000000000000000000e+00,2.000000000000000000e+00
2.912325096130371094e+01,-6.236894130706787109e-01,2.000000000000000000e+00,2.000000000000000000e+00
3.270863723754882812e+01,2.435854196548461914e+00,2.000000000000000000e+00,2.000000000000000000e+00
3.343463897705078125e+01,3.412405014038085938e+00,2.000000000000000000e+00,2.000000000000000000e+00
3.227854156494140625e+01,-1.416696548461914062e+01,2.000000000000000000e+00,2.000000000000000000e+00
3.054893875122070312e+01,-1.417514419555664062e+01,2.000000000000000000e+00,2.000000000000000000e+00
2.601531410217285156e+01,-5.327219486236572266e+00,2.000000000000000000e+00,2.000000000000000000e+00
3.372621154785156250e+01,4.437406063079833984e+00,2.000000000000000000e+00,2.000000000000000000e+00
2.565357971191406250e+01,-2.244199275970458984e+00,2.000000000000000000e+00,2.000000000000000000e+00
3.435507583618164062e+01,3.604658126831054688e+00,2.000000000000000000e+00,2.000000000000000000e+00
3.157442283630371094e+01,-1.609806060791015625e+01,2.000000000000000000e+00,2.000000000000000000e+00
3.415762710571289062e+01,-2.251699829101562500e+01,2.000000000000000000e+00,2.000000000000000000e+00
3.282324218750000000e+01,-1.216918849945068359e+01,2.000000000000000000e+00,2.000000000000000000e+00
3.108135414123535156e+01,1.186172962188720703e+00,2.000000000000000000e+00,2.000000000000000000e+00
2.582546997070312500e+01,-4.287691116333007812e+00,2.000000000000000000e+00,2.000000000000000000e+00
3.227259826660156250e+01,-2.020947837829589844e+01,2.000000000000000000e+00,2.000000000000000000e+00
3.232429122924804688e+01,-2.246983528137207031e+01,2.000000000000000000e+00,2.000000000000000000e+00
3.041636085510253906e+01,-1.131229019165039062e+01,2.000000000000000000e+00,2.000000000000000000e+00
3.102525711059570312e+01,-1.218644142150878906e+01,2.000000000000000000e+00,2.000000000000000000e+00
3.054120826721191406e+01,6.870859265327453613e-01,2.000000000000000000e+00,2.000000000000000000e+00
3.391838455200195312e+01,2.585091352462768555e+00,2.000000000000000000e+00,2.000000000000000000e+00
3.299984741210937500e+01,4.209172725677490234e+00,2.000000000000000000e+00,2.000000000000000000e+00
3.436080551147460938e+01,-2.432169342041015625e+01,2.000000000000000000e+00,2.000000000000000000e+00
2.673810195922851562e+01,-4.592043399810791016e+00,2.000000000000000000e+00,2.000000000000000000e+00
3.320144271850585938e+01,3.439424514770507812e+00,2.000000000000000000e+00,2.000000000000000000e+00
3.274925613403320312e+01,-1.943344116210937500e+01,2.000000000000000000e+00,2.000000000000000000e+00
3.190096282958984375e+01,-1.169615077972412109e+01,2.000000000000000000e+00,2.000000000000000000e+00
3.531839370727539062e+01,-2.442160224914550781e+01,2.000000000000000000e+00,2.000000000000000000e+00
3.104462242126464844e+01,-1.118741989135742188e+01,2.000000000000000000e+00,2.000000000000000000e+00
3.230197906494140625e+01,2.949649572372436523e+00,2.000000000000000000e+00,2.000000000000000000e+00
3.268323898315429688e+01,2.019410133361816406e+00,2.000000000000000000e+00,2.000000000000000000e+00
3.011551856994628906e+01,2.901534736156463623e-01,2.000000000000000000e+00,2.000000000000000000e+00
3.542685699462890625e+01,-2.529981040954589844e+01,2.000000000000000000e+00,2.000000000000000000e+00
2.583309364318847656e+01,-3.385899782180786133e+00,2.000000000000000000e+00,2.000000000000000000e+00
3.241199111938476562e+01,-1.981264877319335938e+01,2.000000000000000000e+00,2.000000000000000000e+00
3.051770973205566406e+01,6.195596456527709961e-01,2.000000000000000000e+00,2.000000000000000000e+00
3.168408203125000000e+01,-1.218441867828369141e+01,2.000000000000000000e+00,2.000000000000000000e+00
3.169553565979003906e+01,-1.664136314392089844e+01,2.000000000000000000e+00,2.000000000000000000e+00
3.215867233276367188e+01,-1.278200721740722656e+01,2.000000000000000000e+00,2.000000000000000000e+00
2.935593223571777344e+01,-1.051698112487792969e+01,2.000000000000000000e+00,2.000000000000000000e+00
3.390918731689453125e+01,2.820920467376708984e+00,2.000000000000000000e+00,2.000000000000000000e+00
2.667415237426757812e+01,-5.485844135284423828e+00,2.000000000000000000e+00,2.000000000000000000e+00
3.401185226440429688e+01,-2.317902755737304688e+01,2.000000000000000000e+00,2.000000000000000000e+00
3.510810852050781250e+01,-2.485586547851562500e+01,2.000000000000000000e+00,2.000000000000000000e+00
3.337833786010742188e+01,2.293456554412841797e+00,2.000000000000000000e+00,2.000000000000000000e+00
2.692009735107421875e+01,-2.394712924957275391e+00,2.000000000000000000e+00,2.000000000000000000e+00
2.869057655334472656e+01,-1.078102970123291016e+01,2.000000000000000000e+00,2.000000000000000000e+00
3.334838485717773438e+01,-2.149516105651855469e+01,2.000000000000000000e+00,2.000000000000000000e+00
2.865220642089843750e+01,-1.026570129394531250e+01,2.000000000000000000e+00,2.000000000000000000e+00
2.748876571655273438e+01,-2.397544860839843750e+00,2.000000000000000000e+00,2.000000000000000000e+00
3.047539520263671875e+01,-1.316113853454589844e+01,2.000000000000000000e+00,2.000000000000000000e+00
3.428499221801757812e+01,3.113096475601196289e+00,2.000000000000000000e+00,2.000000000000000000e+00
3.395806884765625000e+01,-2.354303932189941406e+01,2.000000000000000000e+00,2.000000000000000000e+00
2.514266204833984375e+01,-4.315667152404785156e+00,2.000000000000000000e+00,2.000000000000000000e+00
2.545118904113769531e+01,-4.767148494720458984e+00,2.000000000000000000e+00,2.000000000000000000e+00
3.300198745727539062e+01,-2.235565757751464844e+01,2.000000000000000000e+00,2.000000000000000000e+00
3.117557144165039062e+01,-1.713748168945312500e+01,2.000000000000000000e+00,2.000000000000000000e+00
3.118353652954101562e+01,-1.530667686462402344e+01,2.000000000000000000e+00,2.000000000000000000e+00
3.383458709716796875e+01,-2.557298851013183594e+01,2.000000000000000000e+00,2.000000000000000000e+00
3.146157646179199219e+01,-1.153227233886718750e+01,2.000000000000000000e+00,2.000000000000000000e+00
3.128247070312500000e+01,-1.479712486267089844e+01,2.000000000000000000e+00,2.000000000000000000e+00
3.317488479614257812e+01,-1.986169815063476562e+01,2.000000000000000000e+00,2.000000000000000000e+00
3.292376708984375000e+01,-1.955275344848632812e+01,2.000000000000000000e+00,2.000000000000000000e+00
3.443468475341796875e+01,-2.580598831176757812e+01,2.000000000000000000e+00,2.000000000000000000e+00
2.496907615661621094e+01,-3.576801300048828125e+00,2.000000000000000000e+00,2.000000000000000000e+00
2.780717468261718750e+01,-8.463877677917480469e+00,2.000000000000000000e+00,2.000000000000000000e+00
3.170398902893066406e+01,-1.239342308044433594e+01,2.000000000000000000e+00,2.000000000000000000e+00
2.518005943298339844e+01,-2.377241134643554688e+00,2.000000000000000000e+00,2.000000000000000000e+00
3.483237838745117188e+01,-2.406376266479492188e+01,2.000000000000000000e+00,2.000000000000000000e+00
2.630979919433593750e+01,-3.836514234542846680e+00,2.000000000000000000e+00,2.000000000000000000e+00
2.614172554016113281e+01,-4.980470180511474609e+00,2.000000000000000000e+00,2.000000000000000000e+00
-2.565607452392578125e+01,4.228453445434570312e+01,3.000000000000000000e+00,3.000000000000000000e+00
-2.505762863159179688e+01,-2.485413551330566406e+00,3.000000000000000000e+00,3.000000000000000000e+00
-2.506933975219726562e+01,3.886405181884765625e+01,3.000000000000000000e+00,3.000000000000000000e+00
-2.758139801025390625e+01,-2.185779571533203125e+00,3.000000000000000000e+00,3.000000000000000000e+00
-4.210023498535156250e+01,4.235000133514404297e+00,3.000000000000000000e+00,3.000000000000000000e+00
-2.212743186950683594e+01,7.843066751956939697e-02,3.000000000000000000e+00,3.000000000000000000e+00
-2.590788269042968750e+01,-2.186153888702392578e+00,3.000000000000000000e+00,3.000000000000000000e+00
-2.618517494201660156e+01,4.150118255615234375e+01,3.000000000000000000e+00,3.000000000000000000e+00
-3.990544509887695312e+01,4.702938079833984375e+00,3.000000000000000000e+00,3.000000000000000000e+00
-4.160275650024414062e+01,5.165528297424316406e+00,3.000000000000000000e+00,3.000000000000000000e+00
-2.162051010131835938e+01,1.398982405662536621e+00,3.000000000000000000e+00,3.000000000000000000e+00
-2.661047363281250000e+01,-1.902428507804870605e+00,3.000000000000000000e+00,3.000000000000000000e+00
-4.207331085205078125e+01,6.239575386047363281e+00,3.000000000000000000e+00,3.000000000000000000e+00
-3.692579650878906250e+01,3.149614572525024414e+00,3.000000000000000000e+00,3.000000000000000000e+00
-2.321008682250976562e+01,-5.195708200335502625e-02,3.000000000000000000e+00,3.000000000000000000e+00
-2.497427368164062500e+01,3.554726409912109375e+01,3.000000000000000000e+00,3.000000000000000000e+00
-3.222687149047851562e+01,3.303974270820617676e-01,3.000000000000000000e+00,3.000000000000000000e+00
-3.406135940551757812e+01,3.837273418903350830e-01,3.000000000000000000e+00,3.000000000000000000e+00
-2.529319190979003906e+01,-1.537207007408142090e+00,3.000000000000000000e+00,3.000000000000000000e+00
-2.426741600036621094e+01,-2.021986961364746094e+00,3.000000000000000000e+00,3.000000000000000000e+00
-2.371814918518066406e+01,-2.376293987035751343e-01,3.000000000000000000e+00,3.000000000000000000e+00
-2.885903358459472656e+01,-1.593553543090820312e+00,3.000000000000000000e+00,3.000000000000000000e+00
-4.132709884643554688e+01,4.127754211425781250e+00,3.000000000000000000e+00,3.000000000000000000e+00
-2.491552734375000000e+01,3.953872299194335938e+01,3.000000000000000000e+00,3.000000000000000000e+00
-3.242140197753906250e+01,4.495902061462402344e-01,3.000000000000000000e+00,3.000000000000000000e+00
-2.278941535949707031e+01,1.716353654861450195e+00,3.000000000000000000e+00,3.000000000000000000e+00
-3.172235679626464844e+01,-4.772908687591552734e-01,3.000000000000000000e+00,3.000000000000000000e+00
-3.222819137573242188e+01,-1.336118459701538086e+00,3.000000000000000000e+00,3.000000000000000000e+00
-3.972856140136718750e+01,4.704472541809082031e+00,3.000000000000000000e+00,3.000000000000000000e+00
-3.823044586181640625e+01,3.941686868667602539e+00,3.000000000000000000e+00,3.000000000000000000e+00
-4.096881866455078125e+01,4.119762897491455078e+00,3.000000000000000000e+00,3.000000000000000000e+00
-4.268193435668945312e+01,4.339408874511718750e+00,3.000000000000000000e+00,3.000000000000000000e+00
-3.102022933959960938e+01,-1.288470745086669922e+00,3.000000000000000000e+00,3.000000000000000000e+00
-2.453308677673339844e+01,3.516221237182617188e+01,3.000000000000000000e+00,3.000000000000000000e+00
-3.273720932006835938e+01,-1.140615820884704590e+00,3.000000000000000000e+00,3.000000000000000000e+00
-2.479353141784667969e+01,3.665370941162109375e+01,3.000000000000000000e+00,3.000000000000000000e+00
-2.507458877563476562e+01,3.470360565185546875e+01,3.000000000000000000e+00,3.000000000000000000e+00
-2.498494911193847656e+01,4.221166992187500000e+01,3.000000000000000000e+00,3.000000000000000000e+00
-2.539091110229492188e+01,3.980190277099609375e+01,3.000000000000000000e+00,3.000000000000000000e+00
-2.227043151855468750e+01,1.352336406707763672e+00,3.000000000000000000e+00,3.000000000000000000e+00
-3.980950546264648438e+01,4.064320087432861328e+00,3.000000000000000000e+00,3.000000000000000000e+00
-2.550661849975585938e+01,4.013404083251953125e+01,3.000000000000000000e+00,3.000000000000000000e+00
-4.004996871948242188e+01,3.929514169692993164e+00,3.000000000000000000e+00,3.000000000000000000e+00
-4.130532455444335938e+01,6.466685295104980469e+00,3.000000000000000000e+00,3.000000000000000000e+00
-3.181395530700683594e+01,-1.618741989135742188e+00,3.000000000000000000e+00,3.000000000000000000e+00
-2.560861778259277344e+01,4.254468536376953125e+01,3.000000000000000000e+00,3.000000000000000000e+00
-2.793891716003417969e+01,-1.690248489379882812e+00,3.000000000000000000e+00,3.000000000000000000e+00
-4.337040328979492188e+01,5.277010917663574219e+00,3.000000000000000000e+00,3.000000000000000000e+00
-3.553820800781250000e+01,2.035831212997436523e+00,3.000000000000000000e+00,3.000000000000000000e+00
-2.233793449401855469e+01,2.237054556608200073e-01,3.000000000000000000e+00,3.000000000000000000e+00
-2.496665763854980469e+01,4.028623580932617188e+01,3.000000000000000000e+00,3.000000000000000000e+00
-4.316137695312500000e+01,4.452238559722900391e+00,3.000000000000000000e+00,3.000000000000000000e+00
-3.123630714416503906e+01,-1.293157577514648438e+00,3.000000000000000000e+00,3.000000000000000000e+00
-2.476798629760742188e+01,3.993004989624023438e+01,3.000000000000000000e+00,3.000000000000000000e+00
-2.401396179199218750e+01,-8.527592420578002930e-01,3.000000000000000000e+00,3.000000000000000000e+00
-2.515510559082031250e+01,4.233498764038085938e+01,3.000000000000000000e+00,3.000000000000000000e+00
-4.127519607543945312e+01,4.647277355194091797e+00,3.000000000000000000e+00,3.000000000000000000e+00
-3.052194023132324219e+01,-9.443897604942321777e-01,3.000000000000000000e+00,3.000000000000000000e+00
-2.623383331298828125e+01,4.206657028198242188e+01,3.000000000000000000e+00,3.000000000000000000e+00
-3.300831985473632812e+01,-7.967553138732910156e-01,3.000000000000000000e+00,3.000000000000000000e+00
-2.169304466247558594e+01,7.806271314620971680e-01,3.000000000000000000e+00,3.000000000000000000e+00
-4.203158569335937500e+01,4.523537158966064453e+00,3.000000000000000000e+00,3.000000000000000000e+00
-3.175117301940917969e+01,-8.870129585266113281e-01,3.000000000000000000e+00,3.000000000000000000e+00
-3.353505325317382812e+01,8.056854605674743652e-01,3.000000000000000000e+00,3.000000000000000000e+00
-2.332784461975097656e+01,6.317278146743774414e-01,3.000000000000000000e+00,3.000000000000000000e+00
-2.540384483337402344e+01,4.167492294311523438e+01,3.000000000000000000e+00,3.000000000000000000e+00
-2.481458854675292969e+01,3.570272827148437500e+01,3.000000000000000000e+00,3.000000000000000000e+00
-4.286221313476562500e+01,4.925917148590087891e+00,3.000000000000000000e+00,3.000000000000000000e+00
-2.444602203369140625e+01,3.897502136230468750e+01,3.000000000000000000e+00,3.000000000000000000e+00
-2.393884849548339844e+01,3.603263854980468750e+01,3.000000000000000000e+00,3.000000000000000000e+00
-3.317409133911132812e+01,1.403104782104492188e+00,3.000000000000000000e+00,3.000000000000000000e+00
-2.182769584655761719e+01,1.558745145797729492e+00,3.000000000000000000e+00,3.000000000000000000e+00
-3.153677177429199219e+01,2.398959547281265259e-01,3.000000000000000000e+00,3.000000000000000000e+00
-2.443370056152343750e+01,3.640007781982421875e+01,3.000000000000000000e+00,3.000000000000000000e+00
-2.484177970886230469e+01,4.129027175903320312e+01,3.000000000000000000e+00,3.000000000000000000e+00
-3.123797988891601562e+01,-5.906365513801574707e-01,3.000000000000000000e+00,3.000000000000000000e+00
-3.294624710083007812e+01,-2.575776278972625732e-01,3.000000000000000000e+00,3.000000000000000000e+00
-3.446149063110351562e+01,1.307117223739624023e+00,3.000000000000000000e+00,3.000000000000000000e+00
-2.588517570495605469e+01,4.092769241333007812e+01,3.000000000000000000e+00,3.000000000000000000e+00
-4.134269714355468750e+01,5.229464054107666016e+00,3.000000000000000000e+00,3.000000000000000000e+00
-2.448019218444824219e+01,3.683172607421875000e+01,3.000000000000000000e+00,3.000000000000000000e+00
-4.239659500122070312e+01,5.216657638549804688e+00,3.000000000000000000e+00,3.000000000000000000e+00
-3.519042205810546875e+01,2.623182535171508789e+00,3.000000000000000000e+00,3.000000000000000000e+00
-3.900613784790039062e+01,4.005882263183593750e+00,3.000000000000000000e+00,3.000000000000000000e+00
-4.126272201538085938e+01,5.746117591857910156e+00,3.000000000000000000e+00,3.000000000000000000e+00
-3.882137680053710938e+01,3.664718866348266602e+00,3.000000000000000000e+00,3.000000000000000000e+00
-3.025224113464355469e+01,-1.364460349082946777e+00,3.000000000000000000e+00,3.000000000000000000e+00
-4.334629440307617188e+01,4.865487098693847656e+00,3.000000000000000000e+00,3.000000000000000000e+00
-2.231643867492675781e+01,1.769775271415710449e+00,3.000000000000000000e+00,3.000000000000000000e+00
-2.970055389404296875e+01,-4.959478378295898438e-01,3.000000000000000000e+00,3.000000000000000000e+00
-3.287398147583007812e+01,1.408861875534057617e+00,3.000000000000000000e+00,3.000000000000000000e+00
-2.475261688232421875e+01,3.468638610839843750e+01,3.000000000000000000e+00,3.000000000000000000e+00
-2.268492317199707031e+01,7.322234511375427246e-01,3.000000000000000000e+00,3.000000000000000000e+00
-2.531586456298828125e+01,4.127217864990234375e+01,3.000000000000000000e+00,3.000000000000000000e+00
-3.635760116577148438e+01,2.646222352981567383e+00,3.000000000000000000e+00,3.000000000000000000e+00
-2.514884948730468750e+01,3.510110855102539062e+01,3.000000000000000000e+00,3.000000000000000000e+00
-4.302292633056640625e+01,5.551704406738281250e+00,3.000000000000000000e+00,3.000000000000000000e+00
-2.606660842895507812e+01,4.224063110351562500e+01,3.000000000000000000e+00,3.000000000000000000e+00
-3.327495574951171875e+01,-7.671425938606262207e-01,3.000000000000000000e+00,3.000000000000000000e+00
-2.485061454772949219e+01,4.171726608276367188e+01,3.000000000000000000e+00,3.000000000000000000e+00
-2.548521995544433594e+01,-2.352004766464233398e+00,3.000000000000000000e+00,3.000000000000000000e+00
-2.901276397705078125e+01,-9.363233447074890137e-01,3.000000000000000000e+00,3.000000000000000000e+00
-2.446220207214355469e+01,3.518915176391601562e+01,3.000000000000000000e+00,3.000000000000000000e+00
-2.727816390991210938e+01,-1.817152738571166992e+00,3.000000000000000000e+00,3.000000000000000000e+00
-2.252388191223144531e+01,1.338886141777038574e+00,3.000000000000000000e+00,3.000000000000000000e+00
-4.208198928833007812e+01,5.624076843261718750e+00,3.000000000000000000e+00,3.000000000000000000e+00
-3.415846252441406250e+01,6.598087549209594727e-01,3.000000000000000000e+00,3.000000000000000000e+00
-4.246478652954101562e+01,6.152026653289794922e+00,3.000000000000000000e+00,3.000000000000000000e+00
-3.810681152343750000e+01,3.376357078552246094e+00,3.000000000000000000e+00,3.000000000000000000e+00
-2.399547195434570312e+01,3.630106735229492188e+01,3.000000000000000000e+00,3.000000000000000000e+00
-2.308180046081542969e+01,1.378207087516784668e+00,3.000000000000000000e+00,3.000000000000000000e+00
-2.451048278808593750e+01,-1.128496408462524414e+00,3.000000000000000000e+00,3.000000000000000000e+00
-4.035551071166992188e+01,5.096493721008300781e+00,3.000000000000000000e+00,3.000000000000000000e+00
-2.497735404968261719e+01,3.631625747680664062e+01,3.000000000000000000e+00,3.000000000000000000e+00
-3.241283416748046875e+01,-6.690424084663391113e-01,3.000000000000000000e+00,3.000000000000000000e+00
-4.205957031250000000e+01,4.955810546875000000e+00,3.000000000000000000e+00,3.000000000000000000e+00
-2.477047729492187500e+01,4.045762252807617188e+01,3.000000000000000000e+00,3.000000000000000000e+00
-3.017741203308105469e+01,-5.419114232063293457e-01,3.000000000000000000e+00,3.000000000000000000e+00
-2.394138717651367188e+01,-1.172632098197937012e+00,3.000000000000000000e+00,3.000000000000000000e+00
-2.473962402343750000e+01,3.709544372558593750e+01,3.000000000000000000e+00,3.000000000000000000e+00
-3.377106475830078125e+01,1.224254250526428223e+00,3.000000000000000000e+00,3.000000000000000000e+00
-3.649416351318359375e+01,2.807036399841308594e+00,3.000000000000000000e+00,3.000000000000000000e+00
-3.400228881835937500e+01,1.054526329040527344e+00,3.000000000000000000e+00,3.000000000000000000e+00
-2.484747314453125000e+01,3.852645111083984375e+01,3.000000000000000000e+00,3.000000000000000000e+00
-2.987150764465332031e+01,-1.353482961654663086e+00,3.000000000000000000e+00,3.000000000000000000e+00
-3.807224273681640625e+01,3.586399316787719727e+00,3.000000000000000000e+00,3.000000000000000000e+00
-4.063309478759765625e+01,4.616031646728515625e+00,3.000000000000000000e+00,3.000000000000000000e+00
-2.389235496520996094e+01,-2.550355195999145508e+00,3.000000000000000000e+00,3.000000000000000000e+00
-3.228847503662109375e+01,-1.746672987937927246e-01,3.000000000000000000e+00,3.000000000000000000e+00
-2.355030441284179688e+01,3.051376938819885254e-01,3.000000000000000000e+00,3.000000000000000000e+00
-2.592056655883789062e+01,4.156602859497070312e+01,3.000000000000000000e+00,3.000000000000000000e+00
-4.257407379150390625e+01,5.707461357116699219e+00,3.000000000000000000e+00,3.000000000000000000e+00
-2.251569747924804688e+01,-5.557089447975158691e-01,3.000000000000000000e+00,3.000000000000000000e+00
-2.478225708007812500e+01,-2.314158201217651367e+00,3.000000000000000000e+00,3.000000000000000000e+00
-4.328496551513671875e+01,5.929206371307373047e+00,3.000000000000000000e+00,3.000000000000000000e+00
-2.342950248718261719e+01,-4.743487536907196045e-01,3.000000000000000000e+00,3.000000000000000000e+00
-2.203868484497070312e+01,6.715615391731262207e-01,3.000000000000000000e+00,3.000000000000000000e+00
-2.554261207580566406e+01,4.074868392944335938e+01,3.000000000000000000e+00,3.000000000000000000e+00
-3.369707107543945312e+01,3.982825875282287598e-01,3.000000000000000000e+00,3.000000000000000000e+00
-3.727493667602539062e+01,3.135591506958007812e+00,3.000000000000000000e+00,3.000000000000000000e+00
-1.242566394805908203e+01,3.507200622558593750e+01,4.000000000000000000e+00,4.000000000000000000e+00
2.007986450195312500e+01,2.323095893859863281e+01,4.000000000000000000e+00,4.000000000000000000e+00
-1.086900997161865234e+01,1.933715820312500000e+01,4.000000000000000000e+00,4.000000000000000000e+00
1.595043087005615234e+01,1.852134704589843750e+01,4.000000000000000000e+00,4.000000000000000000e+00
1.965070343017578125e+01,1.946714782714843750e+01,4.000000000000000000e+00,4.000000000000000000e+00
1.452510643005371094e+01,1.838274955749511719e+01,4.000000000000000000e+00,4.000000000000000000e+00
1.425291919708251953e+01,1.849749374389648438e+01,4.000000000000000000e+00,4.000000000000000000e+00
-1.960864830017089844e+01,2.669510078430175781e+01,4.000000000000000000e+00,4.000000000000000000e+00
-1.002576541900634766e+01,-7.764094352722167969e+00,4.000000000000000000e+00,6.000000000000000000e+00
4.867357254028320312e+00,-1.524616050720214844e+01,4.000000000000000000e+00,6.000000000000000000e+00
-2.488529777526855469e+01,1.918477821350097656e+01,4.000000000000000000e+00,4.000000000000000000e+00
1.972339248657226562e+01,1.980016708374023438e+01,4.000000000000000000e+00,4.000000000000000000e+00
-1.058574199676513672e+01,3.389699935913085938e+01,4.000000000000000000e+00,4.000000000000000000e+00
-1.751102066040039062e+01,2.691236305236816406e+01,4.000000000000000000e+00,4.000000000000000000e+00
1.346265888214111328e+01,1.865398788452148438e+01,4.000000000000000000e+00,4.000000000000000000e+00
1.251519680023193359e+01,1.729146003723144531e+01,4.000000000000000000e+00,4.000000000000000000e+00
5.147360324859619141e+00,2.498122787475585938e+01,4.000000000000000000e+00,4.000000000000000000e+00
-1.877158737182617188e+01,2.913231468200683594e+01,4.000000000000000000e+00,4.000000000000000000e+00
9.679745674133300781e+00,2.357353782653808594e+01,4.000000000000000000e+00,4.000000000000000000e+00
9.149766921997070312e+00,2.439942359924316406e+01,4.000000000000000000e+00,4.000000000000000000e+00
-9.707831382751464844e+00,3.461294937133789062e+01,4.000000000000000000e+00,4.000000000000000000e+00
8.268382072448730469e+00,2.510837554931640625e+01,4.000000000000000000e+00,4.000000000000000000e+00
-7.961496353149414062e+00,3.473870468139648438e+01,4.000000000000000000e+00,4.000000000000000000e+00
-1.086105918884277344e+01,1.271651077270507812e+01,4.000000000000000000e+00,6.000000000000000000e+00
5.462394237518310547e+00,3.631197357177734375e+01,4.000000000000000000e+00,4.000000000000000000e+00
2.019302177429199219e+01,2.073145103454589844e+01,4.000000000000000000e+00,4.000000000000000000e+00
-8.921186447143554688e+00,3.451074218750000000e+01,4.000000000000000000e+00,4.000000000000000000e+00
-1.764555168151855469e+01,2.899748229980468750e+01,4.000000000000000000e+00,4.000000000000000000e+00
-8.985914230346679688e+00,3.437612533569335938e+01,4.000000000000000000e+00,4.000000000000000000e+00
-1.050849342346191406e+01,1.728579330444335938e+01,4.000000000000000000e+00,4.000000000000000000e+00
1.498521327972412109e+01,1.867337608337402344e+01,4.000000000000000000e+00,4.000000000000000000e+00
1.178574657440185547e+01,1.695607948303222656e+01,4.000000000000000000e+00,4.000000000000000000e+00
1.301447391510009766e+01,1.871975708007812500e+01,4.000000000000000000e+00,4.000000000000000000e+00
1.726307678222656250e+01,1.816866302490234375e+01,4.000000000000000000e+00,4.000000000000000000e+00
1.118299770355224609e+01,1.662039947509765625e+01,4.000000000000000000e+00,4.000000000000000000e+00
1.322948646545410156e+01,1.795640754699707031e+01,4.000000000000000000e+00,4.000000000000000000e+00
1.897765922546386719e+01,1.940295982360839844e+01,4.000000000000000000e+00,4.000000000000000000e+00
-9.904419898986816406e+00,2.015604209899902344e+01,4.000000000000000000e+00,4.000000000000000000e+00
1.264162731170654297e+01,1.865045928955078125e+01,4.000000000000000000e+00,4.000000000000000000e+00
-1.102246475219726562e+01,1.884277343750000000e+01,4.000000000000000000e+00,4.000000000000000000e+00
2.067052268981933594e+01,2.145660972595214844e+01,4.000000000000000000e+00,4.000000000000000000e+00
-1.821589469909667969e+01,2.953259468078613281e+01,4.000000000000000000e+00,4.000000000000000000e+00
1.729872894287109375e+01,1.925067901611328125e+01,4.000000000000000000e+00,4.000000000000000000e+00
2.019555091857910156e+01,2.177005386352539062e+01,4.000000000000000000e+00,4.000000000000000000e+00
-1.135883331298828125e+01,3.527884674072265625e+01,4.000000000000000000e+00,4.000000000000000000e+00
1.629671859741210938e+01,1.868184661865234375e+01,4.000000000000000000e+00,4.000000000000000000e+00
1.212990474700927734e+01,1.913891983032226562e+01,4.000000000000000000e+00,4.000000000000000000e+00
-9.744713783264160156e+00,3.484851455688476562e+01,4.000000000000000000e+00,4.000000000000000000e+00
-9.912154197692871094e+00,3.427663040161132812e+01,4.000000000000000000e+00,4.000000000000000000e+00
1.907044219970703125e+01,1.880761528015136719e+01,4.000000000000000000e+00,4.000000000000000000e+00
-1.229453563690185547e+01,3.610118865966796875e+01,4.000000000000000000e+00,4.000000000000000000e+00
2.012408828735351562e+01,2.105937767028808594e+01,4.000000000000000000e+00,4.000000000000000000e+00
-1.126969909667968750e+01,1.467891120910644531e+01,4.000000000000000000e+00,4.000000000000000000e+00
-1.879460525512695312e+01,2.949069023132324219e+01,4.000000000000000000e+00,4.000000000000000000e+00
-2.397196006774902344e+01,1.990187072753906250e+01,4.000000000000000000e+00,4.000000000000000000e+00
-2.483677101135253906e+01,1.861204719543457031e+01,4.000000000000000000e+00,4.000000000000000000e+00
-1.250325202941894531e+01,1.655917549133300781e+01,4.000000000000000000e+00,4.000000000000000000e+00
2.045572471618652344e+01,2.127322578430175781e+01,4.000000000000000000e+00,4.000000000000000000e+00
-2.061081504821777344e+01,2.633008193969726562e+01,4.000000000000000000e+00,4.000000000000000000e+00
-1.036895179748535156e+01,1.950168800354003906e+01,4.000000000000000000e+00,4.000000000000000000e+00
7.855664730072021484e+00,2.591752624511718750e+01,4.000000000000000000e+00,4.000000000000000000e+00
-1.083158874511718750e+01,1.237165927886962891e+01,4.000000000000000000e+00,6.000000000000000000e+00
1.267222881317138672e+01,1.745047760009765625e+01,4.000000000000000000e+00,4.000000000000000000e+00
8.870446205139160156e+00,2.528094863891601562e+01,4.000000000000000000e+00,4.000000000000000000e+00
-1.755437088012695312e+01,2.767834663391113281e+01,4.000000000000000000e+00,4.000000000000000000e+00
8.948067665100097656e+00,2.474165153503417969e+01,4.000000000000000000e+00,4.000000000000000000e+00
2.011851119995117188e+01,2.327659606933593750e+01,4.000000000000000000e+00,4.000000000000000000e+00
-1.135715579986572266e+01,1.454167366027832031e+01,4.000000000000000000e+00,4.000000000000000000e+00
1.999528503417968750e+01,2.370749855041503906e+01,4.000000000000000000e+00,4.000000000000000000e+00
-2.161065101623535156e+01,1.775759124755859375e+01,4.000000000000000000e+00,4.000000000000000000e+00
-2.104308319091796875e+01,2.602762603759765625e+01,4.000000000000000000e+00,4.000000000000000000e+00
-2.564253425598144531e+01,2.090879440307617188e+01,4.000000000000000000e+00,4.000000000000000000e+00
-2.495356750488281250e+01,1.645564842224121094e+01,4.000000000000000000e+00,4.000000000000000000e+00
-2.448014259338378906e+01,1.808684349060058594e+01,4.000000000000000000e+00,4.000000000000000000e+00
-9.583654403686523438e+00,2.021083450317382812e+01,4.000000000000000000e+00,4.000000000000000000e+00
2.015451622009277344e+01,2.068782424926757812e+01,4.000000000000000000e+00,4.000000000000000000e+00
-1.744959640502929688e+01,2.692605781555175781e+01,4.000000000000000000e+00,4.000000000000000000e+00
7.924045562744140625e+00,2.613400459289550781e+01,4.000000000000000000e+00,4.000000000000000000e+00
5.428433895111083984e+00,3.630596542358398438e+01,4.000000000000000000e+00,4.000000000000000000e+00
-3.429037094116210938e+01,-2.543583869934082031e+00,4.000000000000000000e+00,7.000000000000000000e+00
-2.512877464294433594e+01,1.674995422363281250e+01,4.000000000000000000e+00,4.000000000000000000e+00
-2.430865478515625000e+01,1.966698837280273438e+01,4.000000000000000000e+00,4.000000000000000000e+00
5.458595752716064453e+00,3.629569244384765625e+01,4.000000000000000000e+00,4.000000000000000000e+00
-1.253946876525878906e+01,1.599747753143310547e+01,4.000000000000000000e+00,4.000000000000000000e+00
-2.395568084716796875e+01,1.802182197570800781e+01,4.000000000000000000e+00,4.000000000000000000e+00
-1.199580955505371094e+01,3.561066436767578125e+01,4.000000000000000000e+00,4.000000000000000000e+00
-2.535312080383300781e+01,2.046228218078613281e+01,4.000000000000000000e+00,4.000000000000000000e+00
5.129827499389648438e+00,2.497168540954589844e+01,4.000000000000000000e+00,5.000000000000000000e+00
1.863837051391601562e+01,1.931571388244628906e+01,4.000000000000000000e+00,4.000000000000000000e+00
-1.743832969665527344e+01,2.648099517822265625e+01,4.000000000000000000e+00,4.000000000000000000e+00
-1.141613960266113281e+01,1.494812011718750000e+01,4.000000000000000000e+00,4.000000000000000000e+00
-1.759259796142578125e+01,2.902758407592773438e+01,4.000000000000000000e+00,4.000000000000000000e+00
-1.247414970397949219e+01,3.503930282592773438e+01,4.000000000000000000e+00,4.000000000000000000e+00
-1.198120784759521484e+01,1.640597343444824219e+01,4.000000000000000000e+00,4.000000000000000000e+00
-2.536963844299316406e+01,1.705292129516601562e+01,4.000000000000000000e+00,4.000000000000000000e+00
-2.559129333496093750e+01,2.137892150878906250e+01,4.000000000000000000e+00,4.000000000000000000e+00
-2.545151901245117188e+01,1.897432899475097656e+01,4.000000000000000000e+00,4.000000000000000000e+00
7.111426830291748047e+00,2.579020309448242188e+01,4.000000000000000000e+00,4.000000000000000000e+00
-1.969326210021972656e+01,2.687071228027343750e+01,4.000000000000000000e+00,4.000000000000000000e+00
-1.059186077117919922e+01,1.725281715393066406e+01,4.000000000000000000e+00,4.000000000000000000e+00
7.431067943572998047e+00,2.616683387756347656e+01,4.000000000000000000e+00,4.000000000000000000e+00
-2.533560562133789062e+01,2.056051063537597656e+01,4.000000000000000000e+00,4.000000000000000000e+00
-2.137141227722167969e+01,2.622909164428710938e+01,4.000000000000000000e+00,4.000000000000000000e+00
-2.234601593017578125e+01,1.818338203430175781e+01,4.000000000000000000e+00,4.000000000000000000e+00
-2.530492782592773438e+01,1.993187141418457031e+01,4.000000000000000000e+00,4.000000000000000000e+00
-2.557731819152832031e+01,1.785596275329589844e+01,4.000000000000000000e+00,4.000000000000000000e+00
-1.119614028930664062e+01,1.806347656250000000e+01,4.000000000000000000e+00,4.000000000000000000e+00
-7.968350410461425781e+00,3.435773086547851562e+01,4.000000000000000000e+00,4.000000000000000000e+00
8.258876800537109375e+00,2.554339790344238281e+01,4.000000000000000000e+00,4.000000000000000000e+00
-1.099216747283935547e+01,1.782117462158203125e+01,4.000000000000000000e+00,4.000000000000000000e+00
6.845871448516845703e+00,2.579299926757812500e+01,4.000000000000000000e+00,4.000000000000000000e+00
1.130028057098388672e+01,1.668034934997558594e+01,4.000000000000000000e+00,4.000000000000000000e+00
-1.177533531188964844e+01,1.713224411010742188e+01,4.000000000000000000e+00,4.000000000000000000e+00
-1.086231994628906250e+01,1.693486976623535156e+01,4.000000000000000000e+00,4.000000000000000000e+00
-2.553196334838867188e+01,1.819721031188964844e+01,4.000000000000000000e+00,4.000000000000000000e+00
1.609680938720703125e+01,1.824557876586914062e+01,4.000000000000000000e+00,4.000000000000000000e+00
8.388356208801269531e+00,2.489931869506835938e+01,4.000000000000000000e+00,4.000000000000000000e+00
-1.103094291687011719e+01,1.992050170898437500e+01,4.000000000000000000e+00,4.000000000000000000e+00
-1.699517440795898438e+01,2.616553878784179688e+01,4.000000000000000000e+00,4.000000000000000000e+00
-1.150861454010009766e+01,1.777571296691894531e+01,4.000000000000000000e+00,4.000000000000000000e+00
-2.159229278564453125e+01,1.774791145324707031e+01,4.000000000000000000e+00,4.000000000000000000e+00
-1.202657318115234375e+01,1.691496467590332031e+01,4.000000000000000000e+00,4.000000000000000000e+00
7.243990898132324219e+00,2.578841400146484375e+01,4.000000000000000000e+00,4.000000000000000000e+00
-1.200686550140380859e+01,3.567300415039062500e+01,4.000000000000000000e+00,4.000000000000000000e+00
-2.240815925598144531e+01,1.806130599975585938e+01,4.000000000000000000e+00,4.000000000000000000e+00
1.950411796569824219e+01,2.020499038696289062e+01,4.000000000000000000e+00,4.000000000000000000e+00
1.510132026672363281e+01,1.951920318603515625e+01,4.000000000000000000e+00,4.000000000000000000e+00
-2.455816459655761719e+01,2.026263618469238281e+01,4.000000000000000000e+00,4.000000000000000000e+00
-2.105051040649414062e+01,2.646039962768554688e+01,4.000000000000000000e+00,4.000000000000000000e+00
-2.339000129699707031e+01,1.965682792663574219e+01,4.000000000000000000e+00,4.000000000000000000e+00
-2.551435279846191406e+01,2.071264457702636719e+01,4.000000000000000000e+00,4.000000000000000000e+00
1.140231704711914062e+01,1.890019035339355469e+01,4.000000000000000000e+00,4.000000000000000000e+00
-1.086841106414794922e+01,3.372344970703125000e+01,4.000000000000000000e+00,4.000000000000000000e+00
1.481263732910156250e+01,1.873325157165527344e+01,4.000000000000000000e+00,4.000000000000000000e+00
-1.665859794616699219e+01,2.943181800842285156e+01,4.000000000000000000e+00,4.000000000000000000e+00
-1.773193931579589844e+01,2.943998336791992188e+01,4.000000000000000000e+00,4.000000000000000000e+00
-1.866773414611816406e+01,2.890273857116699219e+01,4.000000000000000000e+00,4.000000000000000000e+00
2.016051483154296875e+01,2.246602249145507812e+01,4.000000000000000000e+00,4.000000000000000000e+00
8.202232360839843750e+00,2.529517364501953125e+01,4.000000000000000000e+00,4.000000000000000000e+00
-1.712193107604980469e+01,2.890222167968750000e+01,4.000000000000000000e+00,4.000000000000000000e+00
-1.264384078979492188e+01,-1.921741867065429688e+01,5.000000000000000000e+00,6.000000000000000000e+00
5.793382167816162109e+00,-3.216788864135742188e+01,5.000000000000000000e+00,5.000000000000000000e+00
-6.209659099578857422e+00,-7.740979671478271484e+00,5.000000000000000000e+00,6.000000000000000000e+00
2.431994819641113281e+01,-2.100271224975585938e+01,5.000000000000000000e+00,5.000000000000000000e+00
1.733084106445312500e+01,-2.302924537658691406e+01,5.000000000000000000e+00,5.000000000000000000e+00
2.498014640808105469e+01,-3.199023628234863281e+01,5.000000000000000000e+00,5.000000000000000000e+00
-1.626059913635253906e+01,-1.989541244506835938e+01,5.000000000000000000e+00,7.000000000000000000e+00
1.904590034484863281e+01,-2.280253410339355469e+01,5.000000000000000000e+00,5.000000000000000000e+00
-2.016868591308593750e+01,-3.448213195800781250e+01,5.000000000000000000e+00,7.000000000000000000e+00
2.452427291870117188e+01,-2.183818817138671875e+01,5.000000000000000000e+00,5.000000000000000000e+00
2.343916320800781250e+01,-2.636402702331542969e+01,5.000000000000000000e+00,5.000000000000000000e+00
-2.144635009765625000e+01,-1.744379425048828125e+01,5.000000000000000000e+00,7.000000000000000000e+00
-2.042859458923339844e+01,-3.375386810302734375e+01,5.000000000000000000e+00,7.000000000000000000e+00
-2.148073959350585938e+01,-1.690152549743652344e+01,5.000000000000000000e+00,7.000000000000000000e+00
-1.345626735687255859e+01,-1.927373313903808594e+01,5.000000000000000000e+00,7.000000000000000000e+00
2.472639274597167969e+01,-1.234796714782714844e+01,5.000000000000000000e+00,5.000000000000000000e+00
2.535407257080078125e+01,-1.224062252044677734e+01,5.000000000000000000e+00,5.000000000000000000e+00
-1.687991523742675781e+01,-1.689834976196289062e+01,5.000000000000000000e+00,7.000000000000000000e+00
5.103851318359375000e+00,-3.228020477294921875e+01,5.000000000000000000e+00,6.000000000000000000e+00
1.836505889892578125e+01,-1.409061145782470703e+01,5.000000000000000000e+00,5.000000000000000000e+00
-2.029520797729492188e+01,-3.380838012695312500e+01,5.000000000000000000e+00,7.000000000000000000e+00
2.351496124267578125e+01,-2.605114555358886719e+01,5.000000000000000000e+00,5.000000000000000000e+00
-2.011604118347167969e+01,-3.324758529663085938e+01,5.000000000000000000e+00,7.000000000000000000e+00
-9.259784698486328125e+00,-9.737753868103027344e+00,5.000000000000000000e+00,6.000000000000000000e+00
-2.041948890686035156e+01,-1.751815414428710938e+01,5.000000000000000000e+00,7.000000000000000000e+00
2.419645500183105469e+01,-2.058923339843750000e+01,5.000000000000000000e+00,5.000000000000000000e+00
2.487094688415527344e+01,-3.149539947509765625e+01,5.000000000000000000e+00,5.000000000000000000e+00
-9.788639068603515625e+00,-8.226820945739746094e+00,5.000000000000000000e+00,6.000000000000000000e+00
-1.516087245941162109e+01,-2.008131408691406250e+01,5.000000000000000000e+00,7.000000000000000000e+00
-1.937907028198242188e+01,-3.471581649780273438e+01,5.000000000000000000e+00,7.000000000000000000e+00
-1.423927688598632812e+01,-1.912018966674804688e+01,5.000000000000000000e+00,6.000000000000000000e+00
-1.712247848510742188e+01,-2.067169380187988281e+01,5.000000000000000000e+00,7.000000000000000000e+00
2.619329261779785156e+01,-3.084955596923828125e+01,5.000000000000000000e+00,5.000000000000000000e+00
-1.045663642883300781e+01,-1.103558826446533203e+01,5.000000000000000000e+00,6.000000000000000000e+00
5.703579902648925781e+00,-3.225698471069335938e+01,5.000000000000000000e+00,5.000000000000000000e+00
2.566968536376953125e+01,-3.269253540039062500e+01,5.000000000000000000e+00,5.000000000000000000e+00
5.125651359558105469e+00,-1.540463829040527344e+01,5.000000000000000000e+00,6.000000000000000000e+00
2.471231269836425781e+01,-2.475498962402343750e+01,5.000000000000000000e+00,5.000000000000000000e+00
8.702053070068359375e+00,-2.832399559020996094e+01,5.000000000000000000e+00,5.000000000000000000e+00
2.118070030212402344e+01,-2.187800216674804688e+01,5.000000000000000000e+00,5.000000000000000000e+00
-2.229730987548828125e+01,-2.320763206481933594e+01,5.000000000000000000e+00,7.000000000000000000e+00
2.482849693298339844e+01,-1.981211853027343750e+01,5.000000000000000000e+00,5.000000000000000000e+00
-2.037796783447265625e+01,-3.400435256958007812e+01,5.000000000000000000e+00,7.000000000000000000e+00
-1.881941223144531250e+01,-3.427809143066406250e+01,5.000000000000000000e+00,7.000000000000000000e+00
2.443968772888183594e+01,-2.370703887939453125e+01,5.000000000000000000e+00,5.000000000000000000e+00
-2.080934524536132812e+01,-2.317024421691894531e+01,5.000000000000000000e+00,7.000000000000000000e+00
-1.973429298400878906e+01,-2.388271141052246094e+01,5.000000000000000000e+00,7.000000000000000000e+00
2.126465034484863281e+01,-2.165296554565429688e+01,5.000000000000000000e+00,5.000000000000000000e+00
-1.283989238739013672e+01,-1.922892189025878906e+01,5.000000000000000000e+00,6.000000000000000000e+00
2.498309707641601562e+01,-1.253122520446777344e+01,5.000000000000000000e+00,5.000000000000000000e+00
2.569742393493652344e+01,-3.384467315673828125e+01,5.000000000000000000e+00,5.000000000000000000e+00
-1.966216278076171875e+01,-2.290222549438476562e+01,5.000000000000000000e+00,7.000000000000000000e+00
2.083287620544433594e+01,-7.216397762298583984e+00,5.000000000000000000e+00,7.000000000000000000e+00
-2.166684913635253906e+01,-1.703525161743164062e+01,5.000000000000000000e+00,7.000000000000000000e+00
-1.801041412353515625e+01,-2.225155067443847656e+01,5.000000000000000000e+00,7.000000000000000000e+00
2.422058486938476562e+01,-2.109445762634277344e+01,5.000000000000000000e+00,5.000000000000000000e+00
1.937985992431640625e+01,-1.417082214355468750e+01,5.000000000000000000e+00,5.000000000000000000e+00
-1.000550365447998047e+01,-1.060836124420166016e+01,5.000000000000000000e+00,6.000000000000000000e+00
2.014470863342285156e+01,-1.499242591857910156e+01,5.000000000000000000e+00,5.000000000000000000e+00
8.682341575622558594e+00,-2.740085983276367188e+01,5.000000000000000000e+00,5.000000000000000000e+00
2.589763832092285156e+01,-3.484725570678710938e+01,5.000000000000000000e+00,5.000000000000000000e+00
-7.706148147583007812e+00,-1.044103813171386719e+01,5.000000000000000000e+00,6.000000000000000000e+00
-9.215622901916503906e+00,-8.841376304626464844e+00,5.000000000000000000e+00,6.000000000000000000e+00
-5.907084465026855469e+00,-6.837646484375000000e+00,5.000000000000000000e+00,6.000000000000000000e+00
5.426741123199462891e+00,-3.227861785888671875e+01,5.000000000000000000e+00,6.000000000000000000e+00
2.154426002502441406e+01,-2.004383659362792969e+01,5.000000000000000000e+00,5.000000000000000000e+00
-1.968908882141113281e+01,-2.304342460632324219e+01,5.000000000000000000e+00,7.000000000000000000e+00
-1.403339576721191406e+01,-1.932134819030761719e+01,5.000000000000000000e+00,7.000000000000000000e+00
-2.089104461669921875e+01,-2.422972869873046875e+01,5.000000000000000000e+00,7.000000000000000000e+00
-1.835790824890136719e+01,-2.257647514343261719e+01,5.000000000000000000e+00,7.000000000000000000e+00
8.789089202880859375e+00,-2.814627647399902344e+01,5.000000000000000000e+00,5.000000000000000000e+00
-6.476335525512695312e+00,-7.425883769989013672e+00,5.000000000000000000e+00,6.000000000000000000e+00
2.410677909851074219e+01,-2.684777069091796875e+01,5.000000000000000000e+00,5.000000000000000000e+00
-1.430407142639160156e+01,-1.918651962280273438e+01,5.000000000000000000e+00,7.000000000000000000e+00
2.465226554870605469e+01,-1.232307147979736328e+01,5.000000000000000000e+00,5.000000000000000000e+00
2.598832321166992188e+01,-3.521257400512695312e+01,5.000000000000000000e+00,5.000000000000000000e+00
-1.872242736816406250e+01,-3.396059799194335938e+01,5.000000000000000000e+00,7.000000000000000000e+00
2.208421897888183594e+01,-1.918648910522460938e+01,5.000000000000000000e+00,5.000000000000000000e+00
-1.947645759582519531e+01,-3.374905014038085938e+01,5.000000000000000000e+00,7.000000000000000000e+00
2.467478942871093750e+01,-2.115527343750000000e+01,5.000000000000000000e+00,5.000000000000000000e+00
-8.507187843322753906e+00,-8.718551635742187500e+00,5.000000000000000000e+00,6.000000000000000000e+00
2.522383117675781250e+01,-3.255389785766601562e+01,5.000000000000000000e+00,5.000000000000000000e+00
-1.961299514770507812e+01,-2.244396018981933594e+01,5.000000000000000000e+00,7.000000000000000000e+00
2.366517066955566406e+01,-2.653624153137207031e+01,5.000000000000000000e+00,5.000000000000000000e+00
2.488473510742187500e+01,-3.142976570129394531e+01,5.000000000000000000e+00,5.000000000000000000e+00
7.383261203765869141e+00,-2.717982673645019531e+01,5.000000000000000000e+00,5.000000000000000000e+00
8.505777359008789062e+00,-2.734003257751464844e+01,5.000000000000000000e+00,5.000000000000000000e+00
-1.981992912292480469e+01,-3.413534164428710938e+01,5.000000000000000000e+00,7.000000000000000000e+00
7.153766632080078125e+00,-2.716171264648437500e+01,5.000000000000000000e+00,5.000000000000000000e+00
2.611712074279785156e+01,-3.190544319152832031e+01,5.000000000000000000e+00,5.000000000000000000e+00
-1.005628681182861328e+01,-1.067780113220214844e+01,5.000000000000000000e+00,6.000000000000000000e+00
2.078635787963867188e+01,-7.201961517333984375e+00,5.000000000000000000e+00,7.000000000000000000e+00
-7.169449806213378906e+00,-7.513424396514892578e+00,5.000000000000000000e+00,6.000000000000000000e+00
-9.468965530395507812e+00,-8.672353744506835938e+00,5.000000000000000000e+00,6.000000000000000000e+00
-1.884883308410644531e+01,-2.259343719482421875e+01,5.000000000000000000e+00,7.000000000000000000e+00
1.934965133666992188e+01,-2.273657798767089844e+01,5.000000000000000000e+00,5.000000000000000000e+00
-2.109789848327636719e+01,-2.340932083129882812e+01,5.000000000000000000e+00,7.000000000000000000e+00
2.565906524658203125e+01,-3.356771850585937500e+01,5.000000000000000000e+00,5.000000000000000000e+00
2.166089057922363281e+01,-2.533439636230468750e+01,5.000000000000000000e+00,5.000000000000000000e+00
2.583862495422363281e+01,-3.466395187377929688e+01,5.000000000000000000e+00,5.000000000000000000e+00
-1.965784072875976562e+01,-2.213823890686035156e+01,5.000000000000000000e+00,7.000000000000000000e+00
2.481761360168457031e+01,-1.234766292572021484e+01,5.000000000000000000e+00,5.000000000000000000e+00
-2.035281562805175781e+01,-1.710437011718750000e+01,5.000000000000000000e+00,7.000000000000000000e+00
1.987116432189941406e+01,-1.426007556915283203e+01,5.000000000000000000e+00,5.000000000000000000e+00
1.931639480590820312e+01,-1.413489818572998047e+01,5.000000000000000000e+00,5.000000000000000000e+00
-1.097175788879394531e+01,-1.133002758026123047e+01,5.000000000000000000e+00,6.000000000000000000e+00
1.716139602661132812e+01,-2.309381294250488281e+01,5.000000000000000000e+00,5.000000000000000000e+00
-1.712343406677246094e+01,-2.003751564025878906e+01,5.000000000000000000e+00,7.000000000000000000e+00
-9.368964195251464844e+00,-8.273584365844726562e+00,5.000000000000000000e+00,6.000000000000000000e+00
-5.824092388153076172e+00,-6.726172924041748047e+00,5.000000000000000000e+00,6.000000000000000000e+00
7.463679313659667969e+00,-2.723764038085937500e+01,5.000000000000000000e+00,5.000000000000000000e+00
5.871620178222656250e+00,-3.222388076782226562e+01,5.000000000000000000e+00,5.000000000000000000e+00
2.510483932495117188e+01,-3.034718704223632812e+01,5.000000000000000000e+00,5.000000000000000000e+00
-8.815601348876953125e+00,-9.504631042480468750e+00,5.000000000000000000e+00,6.000000000000000000e+00
2.215364265441894531e+01,-1.943019676208496094e+01,5.000000000000000000e+00,5.000000000000000000e+00
-1.929735565185546875e+01,-3.402790832519531250e+01,5.000000000000000000e+00,7.000000000000000000e+00
-8.343186378479003906e+00,-9.704040527343750000e+00,5.000000000000000000e+00,6.000000000000000000e+00
2.382724952697753906e+01,-2.690773010253906250e+01,5.000000000000000000e+00,5.000000000000000000e+00
2.423013496398925781e+01,-2.435504531860351562e+01,5.000000000000000000e+00,5.000000000000000000e+00
2.168959426879882812e+01,-2.322690773010253906e+01,5.000000000000000000e+00,5.000000000000000000e+00
-2.035376358032226562e+01,-3.449895477294921875e+01,5.000000000000000000e+00,7.000000000000000000e+00
-2.065348243713378906e+01,-2.343235969543457031e+01,5.000000000000000000e+00,7.000000000000000000e+00
1.712995529174804688e+01,-2.324903869628906250e+01,5.000000000000000000e+00,5.000000000000000000e+00
-6.440019130706787109e+00,-8.296302795410156250e+00,5.000000000000000000e+00,6.000000000000000000e+00
-1.601547241210937500e+01,-1.342795848846435547e+01,5.000000000000000000e+00,6.000000000000000000e+00
1.669474983215332031e+01,-2.302224349975585938e+01,5.000000000000000000e+00,5.000000000000000000e+00
2.502929496765136719e+01,-2.488937568664550781e+01,5.000000000000000000e+00,5.000000000000000000e+00
2.509317398071289062e+01,-3.026248550415039062e+01,5.000000000000000000e+00,5.000000000000000000e+00
2.008157920837402344e+01,-1.502940464019775391e+01,5.000000000000000000e+00,5.000000000000000000e+00
-7.796286582946777344e+00,-8.826678276062011719e+00,5.000000000000000000e+00,6.000000000000000000e+00
-1.970936012268066406e+01,-3.363053894042968750e+01,5.000000000000000000e+00,7.000000000000000000e+00
2.375058364868164062e+01,-2.130140876770019531e+01,5.000000000000000000e+00,5.000000000000000000e+00
2.154498481750488281e+01,-1.966036415100097656e+01,5.000000000000000000e+00,5.000000000000000000e+00
-1.860635948181152344e+01,-2.163146781921386719e+01,5.000000000000000000e+00,7.000000000000000000e+00
2.457127380371093750e+01,-2.019029426574707031e+01,5.000000000000000000e+00,5.000000000000000000e+00
-5.927094936370849609e+00,-7.619708538055419922e+00,5.000000000000000000e+00,6.000000000000000000e+00
-3.727615833282470703e+00,-2.734679031372070312e+01,5.000000000000000000e+00,6.000000000000000000e+00
2.139429283142089844e+01,-2.076414108276367188e+01,5.000000000000000000e+00,5.000000000000000000e+00
2.451447105407714844e+01,-2.090755081176757812e+01,5.000000000000000000e+00,5.000000000000000000e+00
2.307141304016113281e+01,-2.639973640441894531e+01,5.000000000000000000e+00,5.000000000000000000e+00
-1.085949802398681641e+01,4.005286026000976562e+01,6.000000000000000000e+00,6.000000000000000000e+00
-2.905536460876464844e+01,1.964616394042968750e+01,6.000000000000000000e+00,6.000000000000000000e+00
3.606906414031982422e+00,1.664040946960449219e+01,6.000000000000000000e+00,5.000000000000000000e+00
-4.225221633911132812e+00,3.446773529052734375e+01,6.000000000000000000e+00,6.000000000000000000e+00
1.737111473083496094e+01,1.677690887451171875e+01,6.000000000000000000e+00,5.000000000000000000e+00
8.532239913940429688e+00,1.718366813659667969e+01,6.000000000000000000e+00,5.000000000000000000e+00
-3.297867059707641602e+00,3.377188873291015625e+01,6.000000000000000000e+00,6.000000000000000000e+00
-1.617370605468750000e+01,1.796949768066406250e+01,6.000000000000000000e+00,6.000000000000000000e+00
-3.136042785644531250e+01,2.086913108825683594e+01,6.000000000000000000e+00,6.000000000000000000e+00
1.790718078613281250e+01,1.675124168395996094e+01,6.000000000000000000e+00,5.000000000000000000e+00
1.035240364074707031e+01,1.809330368041992188e+01,6.000000000000000000e+00,5.000000000000000000e+00
-4.057937860488891602e-01,3.044784355163574219e+01,6.000000000000000000e+00,6.000000000000000000e+00
-3.008959197998046875e+01,2.061100196838378906e+01,6.000000000000000000e+00,6.000000000000000000e+00
-2.870130920410156250e+01,1.853651618957519531e+01,6.000000000000000000e+00,6.000000000000000000e+00
-1.396225452423095703e+01,2.079943656921386719e+01,6.000000000000000000e+00,6.000000000000000000e+00
-1.269163322448730469e+01,2.102028656005859375e+01,6.000000000000000000e+00,6.000000000000000000e+00
-2.352736711502075195e+00,3.223629760742187500e+01,6.000000000000000000e+00,6.000000000000000000e+00
-3.023495078086853027e-01,3.062645912170410156e+01,6.000000000000000000e+00,6.000000000000000000e+00
-1.782526397705078125e+01,1.759114074707031250e+01,6.000000000000000000e+00,6.000000000000000000e+00
-1.378928661346435547e+01,2.224068260192871094e+01,6.000000000000000000e+00,6.000000000000000000e+00
2.668635368347167969e+00,2.252007865905761719e+01,6.000000000000000000e+00,5.000000000000000000e+00
6.006776332855224609e+00,2.051348114013671875e+01,6.000000000000000000e+00,5.000000000000000000e+00
-2.607908964157104492e+00,3.386320877075195312e+01,6.000000000000000000e+00,6.000000000000000000e+00
3.202121734619140625e+00,2.236273574829101562e+01,6.000000000000000000e+00,5.000000000000000000e+00
1.462106108665466309e+00,1.687046623229980469e+01,6.000000000000000000e+00,5.000000000000000000e+00
1.835120391845703125e+01,1.687853813171386719e+01,6.000000000000000000e+00,5.000000000000000000e+00
1.659006309509277344e+01,1.663952827453613281e+01,6.000000000000000000e+00,5.000000000000000000e+00
1.351984858512878418e+00,2.307476806640625000e+01,6.000000000000000000e+00,6.000000000000000000e+00
-1.709445762634277344e+01,1.770020484924316406e+01,6.000000000000000000e+00,6.000000000000000000e+00
-1.310393238067626953e+01,2.366005325317382812e+01,6.000000000000000000e+00,6.000000000000000000e+00
3.549885988235473633e+00,2.204455757141113281e+01,6.000000000000000000e+00,5.000000000000000000e+00
1.989980316162109375e+01,1.740330696105957031e+01,6.000000000000000000e+00,5.000000000000000000e+00
-1.368444061279296875e+01,2.354497718811035156e+01,6.000000000000000000e+00,6.000000000000000000e+00
-2.788505554199218750e+00,3.328486633300781250e+01,6.000000000000000000e+00,6.000000000000000000e+00
1.428252506256103516e+01,1.715584754943847656e+01,6.000000000000000000e+00,5.000000000000000000e+00
-1.537200927734375000e+01,1.909858322143554688e+01,6.000000000000000000e+00,6.000000000000000000e+00
-9.880425453186035156e+00,3.894908142089843750e+01,6.000000000000000000e+00,6.000000000000000000e+00
-1.257497692108154297e+01,3.916341781616210938e+01,6.000000000000000000e+00,6.000000000000000000e+00
-2.839430809020996094e+00,3.392914581298828125e+01,6.000000000000000000e+00,6.000000000000000000e+00
9.891511917114257812e+00,1.779031181335449219e+01,6.000000000000000000e+00,5.000000000000000000e+00
6.501247406005859375e+00,2.004336166381835938e+01,6.000000000000000000e+00,5.000000000000000000e+00
2.594884872436523438e+00,1.812176513671875000e+01,6.000000000000000000e+00,5.000000000000000000e+00
8.965581893920898438e+00,1.742241477966308594e+01,6.000000000000000000e+00,5.000000000000000000e+00
-8.675544738769531250e+00,3.956328964233398438e+01,6.000000000000000000e+00,6.000000000000000000e+00
2.056855583190917969e+01,1.712309455871582031e+01,6.000000000000000000e+00,5.000000000000000000e+00
-3.000100326538085938e+01,2.051132965087890625e+01,6.000000000000000000e+00,6.000000000000000000e+00
-2.111720800399780273e+00,3.334873580932617188e+01,6.000000000000000000e+00,6.000000000000000000e+00
2.558912038803100586e+00,1.730992317199707031e+01,6.000000000000000000e+00,5.000000000000000000e+00
2.032202339172363281e+01,1.759068679809570312e+01,6.000000000000000000e+00,5.000000000000000000e+00
2.897273063659667969e+00,2.225401496887207031e+01,6.000000000000000000e+00,5.000000000000000000e+00
1.721920204162597656e+01,1.656316947937011719e+01,6.000000000000000000e+00,5.000000000000000000e+00
2.011421203613281250e+01,1.720029067993164062e+01,6.000000000000000000e+00,5.000000000000000000e+00
-2.708561515808105469e+01,1.972421264648437500e+01,6.000000000000000000e+00,6.000000000000000000e+00
-1.126409149169921875e+01,4.044396209716796875e+01,6.000000000000000000e+00,6.000000000000000000e+00
6.059585094451904297e+00,1.853519058227539062e+01,6.000000000000000000e+00,5.000000000000000000e+00
1.341626524925231934e+00,2.309618377685546875e+01,6.000000000000000000e+00,5.000000000000000000e+00
-1.087786769866943359e+01,3.990074157714843750e+01,6.000000000000000000e+00,6.000000000000000000e+00
-1.276720142364501953e+01,2.417015075683593750e+01,6.000000000000000000e+00,6.000000000000000000e+00
6.163060665130615234e+00,2.032847976684570312e+01,6.000000000000000000e+00,5.000000000000000000e+00
-1.348630332946777344e+01,2.332438850402832031e+01,6.000000000000000000e+00,6.000000000000000000e+00
2.465641021728515625e+00,2.170018577575683594e+01,6.000000000000000000e+00,5.000000000000000000e+00
-3.118511581420898438e+01,2.073399353027343750e+01,6.000000000000000000e+00,6.000000000000000000e+00
2.930227041244506836e+00,2.190753936767578125e+01,6.000000000000000000e+00,5.000000000000000000e+00
2.084951972961425781e+01,1.741099739074707031e+01,6.000000000000000000e+00,5.000000000000000000e+00
-1.011214351654052734e+01,3.945375061035156250e+01,6.000000000000000000e+00,6.000000000000000000e+00
-7.820117950439453125e+00,3.716225814819335938e+01,6.000000000000000000e+00,6.000000000000000000e+00
7.582880020141601562e+00,1.707926750183105469e+01,6.000000000000000000e+00,5.000000000000000000e+00
-2.578370738774538040e-03,3.079191970825195312e+01,6.000000000000000000e+00,6.000000000000000000e+00
-1.265213489532470703e+01,2.090084838867187500e+01,6.000000000000000000e+00,6.000000000000000000e+00
2.046686410903930664e+00,1.710004234313964844e+01,6.000000000000000000e+00,5.000000000000000000e+00
-8.878428459167480469e+00,3.836367034912109375e+01,6.000000000000000000e+00,6.000000000000000000e+00
-2.939226865768432617e+00,3.377363586425781250e+01,6.000000000000000000e+00,6.000000000000000000e+00
-1.740689659118652344e+01,1.765876388549804688e+01,6.000000000000000000e+00,6.000000000000000000e+00
-3.070690345764160156e+01,2.101754188537597656e+01,6.000000000000000000e+00,6.000000000000000000e+00
9.690707206726074219e+00,1.779879760742187500e+01,6.000000000000000000e+00,5.000000000000000000e+00
2.161338615417480469e+01,1.740960693359375000e+01,6.000000000000000000e+00,5.000000000000000000e+00
-1.370694541931152344e+01,2.299301719665527344e+01,6.000000000000000000e+00,6.000000000000000000e+00
-7.765620708465576172e+00,4.041676712036132812e+01,6.000000000000000000e+00,6.000000000000000000e+00
2.187479019165039062e+00,1.812145805358886719e+01,6.000000000000000000e+00,5.000000000000000000e+00
-3.032388305664062500e+01,1.925053787231445312e+01,6.000000000000000000e+00,6.000000000000000000e+00
1.006519508361816406e+01,1.782815933227539062e+01,6.000000000000000000e+00,5.000000000000000000e+00
-3.069366264343261719e+01,1.954803848266601562e+01,6.000000000000000000e+00,6.000000000000000000e+00
1.299623847007751465e+00,1.659676933288574219e+01,6.000000000000000000e+00,6.000000000000000000e+00
-3.032800865173339844e+01,1.967049407958984375e+01,6.000000000000000000e+00,6.000000000000000000e+00
-6.976682186126708984e+00,4.096772003173828125e+01,6.000000000000000000e+00,6.000000000000000000e+00
-9.446160316467285156e+00,3.849348068237304688e+01,6.000000000000000000e+00,6.000000000000000000e+00
-1.741298294067382812e+01,1.757743835449218750e+01,6.000000000000000000e+00,6.000000000000000000e+00
-3.046420097351074219e+01,2.072929000854492188e+01,6.000000000000000000e+00,6.000000000000000000e+00
-8.069684028625488281e+00,3.725337219238281250e+01,6.000000000000000000e+00,6.000000000000000000e+00
-2.836204338073730469e+01,1.857444572448730469e+01,6.000000000000000000e+00,6.000000000000000000e+00
1.486856746673583984e+01,1.690592765808105469e+01,6.000000000000000000e+00,5.000000000000000000e+00
3.585776329040527344e+00,2.195363426208496094e+01,6.000000000000000000e+00,5.000000000000000000e+00
-1.370321750640869141e+01,2.242727279663085938e+01,6.000000000000000000e+00,6.000000000000000000e+00
2.493012189865112305e+00,1.797894096374511719e+01,6.000000000000000000e+00,5.000000000000000000e+00
-1.968532919883728027e+00,3.316244888305664062e+01,6.000000000000000000e+00,6.000000000000000000e+00
-1.313208293914794922e+01,2.336619186401367188e+01,6.000000000000000000e+00,6.000000000000000000e+00
1.936608314514160156e+01,1.717282676696777344e+01,6.000000000000000000e+00,5.000000000000000000e+00
-4.604130744934082031e+00,4.140717697143554688e+01,6.000000000000000000e+00,6.000000000000000000e+00
-1.642686653137207031e+01,1.815990829467773438e+01,6.000000000000000000e+00,6.000000000000000000e+00
-1.868713569641113281e+01,1.764325141906738281e+01,6.000000000000000000e+00,6.000000000000000000e+00
2.132328796386718750e+01,1.829072380065917969e+01,6.000000000000000000e+00,5.000000000000000000e+00
-1.168190193176269531e+01,4.078493118286132812e+01,6.000000000000000000e+00,6.000000000000000000e+00
7.401104450225830078e+00,1.711810684204101562e+01,6.000000000000000000e+00,5.000000000000000000e+00
-3.069234657287597656e+01,2.107747650146484375e+01,6.000000000000000000e+00,6.000000000000000000e+00
-2.086823582649230957e-01,3.139830589294433594e+01,6.000000000000000000e+00,6.000000000000000000e+00
-2.803248405456542969e+01,1.801032257080078125e+01,6.000000000000000000e+00,6.000000000000000000e+00
-1.382279968261718750e+01,2.255406379699707031e+01,6.000000000000000000e+00,6.000000000000000000e+00
-1.584885978698730469e+01,1.854251670837402344e+01,6.000000000000000000e+00,6.000000000000000000e+00
-3.069381523132324219e+01,1.971593856811523438e+01,6.000000000000000000e+00,6.000000000000000000e+00
-4.699049890041351318e-01,3.058154296875000000e+01,6.000000000000000000e+00,6.000000000000000000e+00
-4.595019340515136719e+00,4.142683029174804688e+01,6.000000000000000000e+00,6.000000000000000000e+00
3.873392343521118164e+00,1.666503143310546875e+01,6.000000000000000000e+00,5.000000000000000000e+00
1.458938694000244141e+01,1.647453689575195312e+01,6.000000000000000000e+00,5.000000000000000000e+00
-1.284607315063476562e+01,3.921583557128906250e+01,6.000000000000000000e+00,6.000000000000000000e+00
2.178878545761108398e+00,2.115580940246582031e+01,6.000000000000000000e+00,5.000000000000000000e+00
-2.949330711364746094e+01,2.001865577697753906e+01,6.000000000000000000e+00,6.000000000000000000e+00
3.822153329849243164e+00,2.187096786499023438e+01,6.000000000000000000e+00,5.000000000000000000e+00
2.053069496154785156e+01,1.795055770874023438e+01,6.000000000000000000e+00,5.000000000000000000e+00
-2.938890838623046875e+01,1.995690155029296875e+01,6.000000000000000000e+00,6.000000000000000000e+00
-3.064215421676635742e+00,3.343157196044921875e+01,6.000000000000000000e+00,6.000000000000000000e+00
-8.092865943908691406e+00,4.029399108886718750e+01,6.000000000000000000e+00,6.000000000000000000e+00
1.739774322509765625e+01,1.678446197509765625e+01,6.000000000000000000e+00,5.000000000000000000e+00
2.152624511718750000e+01,1.812798500061035156e+01,6.000000000000000000e+00,5.000000000000000000e+00
-1.479368114471435547e+01,1.984391403198242188e+01,6.000000000000000000e+00,6.000000000000000000e+00
-1.498562145233154297e+01,1.980211067199707031e+01,6.000000000000000000e+00,6.000000000000000000e+00
-2.779350280761718750e+01,1.958848381042480469e+01,6.000000000000000000e+00,6.000000000000000000e+00
-2.860054206848144531e+01,1.952265167236328125e+01,6.000000000000000000e+00,6.000000000000000000e+00
1.651288032531738281e+01,1.657608032226562500e+01,6.000000000000000000e+00,5.000000000000000000e+00
1.853966236114501953e+00,1.817721748352050781e+01,6.000000000000000000e+00,5.000000000000000000e+00
-1.019734382629394531e+01,3.944748687744140625e+01,6.000000000000000000e+00,6.000000000000000000e+00
-6.501258373260498047e+00,4.149256515502929688e+01,6.000000000000000000e+00,6.000000000000000000e+00
2.105996322631835938e+01,1.753403663635253906e+01,6.000000000000000000e+00,5.000000000000000000e+00
1.547743225097656250e+01,1.677217674255371094e+01,6.000000000000000000e+00,5.000000000000000000e+00
-9.331561088562011719e+00,3.950999832153320312e+01,6.000000000000000000e+00,6.000000000000000000e+00
-1.686750030517578125e+01,1.766177177429199219e+01,6.000000000000000000e+00,6.000000000000000000e+00
1.527577114105224609e+01,1.638309288024902344e+01,6.000000000000000000e+00,5.000000000000000000e+00
1.920563125610351562e+01,1.698241233825683594e+01,6.000000000000000000e+00,5.000000000000000000e+00
-7.869175910949707031e+00,4.036636352539062500e+01,6.000000000000000000e+00,6.000000000000000000e+00
-1.077608871459960938e+01,3.995171356201171875e+01,6.000000000000000000e+00,6.000000000000000000e+00
4.100942134857177734e+00,2.155979919433593750e+01,6.000000000000000000e+00,5.000000000000000000e+00
-2.410504913330078125e+01,-6.748027801513671875e+00,7.000000000000000000e+00,4.000000000000000000e+00
1.960559272766113281e+01,-3.617218399047851562e+01,7.000000000000000000e+00,4.000000000000000000e+00
1.368624496459960938e+01,-2.774592590332031250e+01,7.000000000000000000e+00,4.000000000000000000e+00
-6.415867805480957031e+00,-1.519984436035156250e+01,7.000000000000000000e+00,4.000000000000000000e+00
8.415946960449218750e+00,-1.991352653503417969e+01,7.000000000000000000e+00,4.000000000000000000e+00
4.712844371795654297e+00,-2.768324470520019531e+01,7.000000000000000000e+00,4.000000000000000000e+00
-2.019624900817871094e+01,-4.948721885681152344e+00,7.000000000000000000e+00,4.000000000000000000e+00
3.756586551666259766e+00,-2.791661262512207031e+01,7.000000000000000000e+00,4.000000000000000000e+00
2.640984535217285156e+00,-2.748067665100097656e+01,7.000000000000000000e+00,4.000000000000000000e+00
6.484025478363037109e+00,-1.654504203796386719e+01,7.000000000000000000e+00,4.000000000000000000e+00
1.901998901367187500e+01,-3.474558639526367188e+01,7.000000000000000000e+00,4.000000000000000000e+00
9.139648437500000000e+00,-1.925780677795410156e+01,7.000000000000000000e+00,4.000000000000000000e+00
1.063545894622802734e+01,-2.040852355957031250e+01,7.000000000000000000e+00,4.000000000000000000e+00
3.739061117172241211e+00,-2.571985626220703125e+01,7.000000000000000000e+00,4.000000000000000000e+00
1.324791240692138672e+01,-3.049542236328125000e+01,7.000000000000000000e+00,4.000000000000000000e+00
-2.292687606811523438e+01,-6.428208827972412109e+00,7.000000000000000000e+00,4.000000000000000000e+00
1.301055908203125000e+01,-2.374874877929687500e+01,7.000000000000000000e+00,4.000000000000000000e+00
1.401645469665527344e+01,-2.458415985107421875e+01,7.000000000000000000e+00,4.000000000000000000e+00
1.433885669708251953e+01,-3.308617019653320312e+01,7.000000000000000000e+00,4.000000000000000000e+00
1.979689788818359375e+01,-3.505486297607421875e+01,7.000000000000000000e+00,4.000000000000000000e+00
-2.144327926635742188e+01,-6.959948539733886719e+00,7.000000000000000000e+00,4.000000000000000000e+00
-1.972371101379394531e+01,-4.834061145782470703e+00,7.000000000000000000e+00,4.000000000000000000e+00
-1.901430702209472656e+01,-4.781528472900390625e+00,7.000000000000000000e+00,4.000000000000000000e+00
9.283111572265625000e+00,-1.974410629272460938e+01,7.000000000000000000e+00,4.000000000000000000e+00
2.119293785095214844e+01,-3.578652191162109375e+01,7.000000000000000000e+00,4.000000000000000000e+00
1.601945114135742188e+01,-2.434876441955566406e+01,7.000000000000000000e+00,4.000000000000000000e+00
-2.104610061645507812e+01,-7.553088188171386719e+00,7.000000000000000000e+00,4.000000000000000000e+00
-2.195586967468261719e+01,-1.091271972656250000e+01,7.000000000000000000e+00,4.000000000000000000e+00
-2.198042869567871094e+01,-1.076361179351806641e+01,7.000000000000000000e+00,4.000000000000000000e+00
1.361414718627929688e+01,-2.410858345031738281e+01,7.000000000000000000e+00,4.000000000000000000e+00
1.134516525268554688e+01,-2.414264106750488281e+01,7.000000000000000000e+00,4.000000000000000000e+00
-5.097745895385742188e+00,-1.601906967163085938e+01,7.000000000000000000e+00,4.000000000000000000e+00
9.431941032409667969e+00,-1.778220748901367188e+01,7.000000000000000000e+00,4.000000000000000000e+00
1.371811771392822266e+01,-2.381861686706542969e+01,7.000000000000000000e+00,4.000000000000000000e+00
1.387772274017333984e+01,-2.747205352783203125e+01,7.000000000000000000e+00,4.000000000000000000e+00
-5.126059532165527344e+00,-1.472265052795410156e+01,7.000000000000000000e+00,4.000000000000000000e+00
7.893067359924316406e+00,-1.963561058044433594e+01,7.000000000000000000e+00,4.000000000000000000e+00
-2.391539001464843750e+01,-7.098932743072509766e+00,7.000000000000000000e+00,4.000000000000000000e+00
-2.188452720642089844e+01,-1.486444282531738281e+01,7.000000000000000000e+00,4.000000000000000000e+00
9.566844940185546875e+00,-1.756740951538085938e+01,7.000000000000000000e+00,4.000000000000000000e+00
-2.166416931152343750e+01,-2.038742637634277344e+01,7.000000000000000000e+00,4.000000000000000000e+00
-2.241164016723632812e+01,-1.994369888305664062e+01,7.000000000000000000e+00,4.000000000000000000e+00
4.434549331665039062e+00,-2.667449951171875000e+01,7.000000000000000000e+00,4.000000000000000000e+00
-2.226079940795898438e+01,-6.331737995147705078e+00,7.000000000000000000e+00,4.000000000000000000e+00
-5.625934123992919922e+00,-1.512258625030517578e+01,7.000000000000000000e+00,4.000000000000000000e+00
-1.805051612854003906e+01,-1.839273643493652344e+01,7.000000000000000000e+00,4.000000000000000000e+00
-2.385925102233886719e+01,-7.023519992828369141e+00,7.000000000000000000e+00,4.000000000000000000e+00
1.341566276550292969e+01,-3.078994750976562500e+01,7.000000000000000000e+00,4.000000000000000000e+00
-1.993758010864257812e+01,-4.826756477355957031e+00,7.000000000000000000e+00,4.000000000000000000e+00
-2.204501152038574219e+01,-1.896834945678710938e+01,7.000000000000000000e+00,4.000000000000000000e+00
1.183952522277832031e+01,-2.379911613464355469e+01,7.000000000000000000e+00,4.000000000000000000e+00
3.069551229476928711e+00,-2.771786880493164062e+01,7.000000000000000000e+00,4.000000000000000000e+00
-2.152344131469726562e+01,-5.609057903289794922e+00,7.000000000000000000e+00,4.000000000000000000e+00
-2.189829635620117188e+01,-6.128463268280029297e+00,7.000000000000000000e+00,4.000000000000000000e+00
2.056482124328613281e+01,-3.630739212036132812e+01,7.000000000000000000e+00,4.000000000000000000e+00
3.948230266571044922e+00,-2.578474807739257812e+01,7.000000000000000000e+00,4.000000000000000000e+00
1.345641136169433594e+01,-3.115942573547363281e+01,7.000000000000000000e+00,4.000000000000000000e+00
-5.194304466247558594e+00,-1.474396324157714844e+01,7.000000000000000000e+00,4.000000000000000000e+00
-1.951919746398925781e+01,-1.893788528442382812e+01,7.000000000000000000e+00,4.000000000000000000e+00
-2.262553024291992188e+01,-6.338199138641357422e+00,7.000000000000000000e+00,4.000000000000000000e+00
1.375874233245849609e+01,-2.787888717651367188e+01,7.000000000000000000e+00,4.000000000000000000e+00
1.470352745056152344e+01,-3.206972122192382812e+01,7.000000000000000000e+00,4.000000000000000000e+00
9.312904357910156250e+00,-1.808837127685546875e+01,7.000000000000000000e+00,4.000000000000000000e+00
-2.072401237487792969e+01,-5.109694480895996094e+00,7.000000000000000000e+00,4.000000000000000000e+00
1.329571247100830078e+01,-2.455267333984375000e+01,7.000000000000000000e+00,4.000000000000000000e+00
5.203922271728515625e+00,-2.534523582458496094e+01,7.000000000000000000e+00,4.000000000000000000e+00
1.423025035858154297e+01,-2.473781204223632812e+01,7.000000000000000000e+00,4.000000000000000000e+00
-2.070705032348632812e+01,-5.127474784851074219e+00,7.000000000000000000e+00,4.000000000000000000e+00
-2.171025276184082031e+01,-6.087839603424072266e+00,7.000000000000000000e+00,4.000000000000000000e+00
1.402007961273193359e+01,-3.253564834594726562e+01,7.000000000000000000e+00,4.000000000000000000e+00
1.380983543395996094e+01,-2.775726890563964844e+01,7.000000000000000000e+00,4.000000000000000000e+00
4.244385242462158203e+00,-2.500895118713378906e+01,7.000000000000000000e+00,4.000000000000000000e+00
1.310024070739746094e+01,-3.072877120971679688e+01,7.000000000000000000e+00,4.000000000000000000e+00
2.168345642089843750e+01,-3.422434234619140625e+01,7.000000000000000000e+00,4.000000000000000000e+00
5.712008953094482422e+00,-2.649050712585449219e+01,7.000000000000000000e+00,4.000000000000000000e+00
1.378747177124023438e+01,-2.705799484252929688e+01,7.000000000000000000e+00,4.000000000000000000e+00
-5.195495128631591797e+00,-1.606202697753906250e+01,7.000000000000000000e+00,4.000000000000000000e+00
7.617235183715820312e+00,-1.898339653015136719e+01,7.000000000000000000e+00,4.000000000000000000e+00
5.381695270538330078e+00,-2.512389183044433594e+01,7.000000000000000000e+00,4.000000000000000000e+00
1.165198135375976562e+01,-2.312791824340820312e+01,7.000000000000000000e+00,4.000000000000000000e+00
-2.185393142700195312e+01,-1.496732521057128906e+01,7.000000000000000000e+00,4.000000000000000000e+00
1.716191291809082031e+01,-2.721125602722167969e+01,7.000000000000000000e+00,4.000000000000000000e+00
2.186942100524902344e+01,-3.448585510253906250e+01,7.000000000000000000e+00,4.000000000000000000e+00
2.250374412536621094e+01,1.755681037902832031e+01,7.000000000000000000e+00,5.000000000000000000e+00
8.979894638061523438e+00,-1.976394462585449219e+01,7.000000000000000000e+00,4.000000000000000000e+00
1.969570922851562500e+01,-3.465584564208984375e+01,7.000000000000000000e+00,4.000000000000000000e+00
7.400342941284179688e+00,-1.956574058532714844e+01,7.000000000000000000e+00,4.000000000000000000e+00
2.484178543090820312e+00,-2.687469100952148438e+01,7.000000000000000000e+00,4.000000000000000000e+00
-1.951028633117675781e+01,-1.830083465576171875e+01,7.000000000000000000e+00,4.000000000000000000e+00
1.106034755706787109e+01,-2.429629516601562500e+01,7.000000000000000000e+00,4.000000000000000000e+00
-6.091917037963867188e+00,-1.630458450317382812e+01,7.000000000000000000e+00,4.000000000000000000e+00
2.052753448486328125e+01,-3.706222915649414062e+01,7.000000000000000000e+00,4.000000000000000000e+00
2.180559158325195312e+01,-3.392736434936523438e+01,7.000000000000000000e+00,4.000000000000000000e+00
5.908182144165039062e+00,-2.629363822937011719e+01,7.000000000000000000e+00,4.000000000000000000e+00
7.448721885681152344e+00,-1.946961402893066406e+01,7.000000000000000000e+00,4.000000000000000000e+00
1.358461570739746094e+01,-2.388090705871582031e+01,7.000000000000000000e+00,4.000000000000000000e+00
2.917141437530517578e+00,-2.747134971618652344e+01,7.000000000000000000e+00,4.000000000000000000e+00
2.062403106689453125e+01,-3.565394973754882812e+01,7.000000000000000000e+00,4.000000000000000000e+00
8.163444519042968750e+00,-1.816720962524414062e+01,7.000000000000000000e+00,4.000000000000000000e+00
-6.995211124420166016e+00,-1.604247665405273438e+01,7.000000000000000000e+00,4.000000000000000000e+00
-1.932533073425292969e+01,-1.821572303771972656e+01,7.000000000000000000e+00,4.000000000000000000e+00
1.364546012878417969e+01,-3.245166778564453125e+01,7.000000000000000000e+00,4.000000000000000000e+00
1.770488166809082031e+01,-3.691784667968750000e+01,7.000000000000000000e+00,4.000000000000000000e+00
1.828904914855957031e+01,-3.636422348022460938e+01,7.000000000000000000e+00,4.000000000000000000e+00
2.042123222351074219e+01,-3.535333251953125000e+01,7.000000000000000000e+00,4.000000000000000000e+00
2.083392906188964844e+01,-3.625553131103515625e+01,7.000000000000000000e+00,4.000000000000000000e+00
1.354646110534667969e+01,-2.556205368041992188e+01,7.000000000000000000e+00,4.000000000000000000e+00
2.119347572326660156e+01,-3.560974884033203125e+01,7.000000000000000000e+00,4.000000000000000000e+00
2.037654113769531250e+01,-3.580937194824218750e+01,7.000000000000000000e+00,4.000000000000000000e+00
-1.924771499633789062e+01,-1.853020095825195312e+01,7.000000000000000000e+00,4.000000000000000000e+00
-1.852972030639648438e+01,-4.762534618377685547e+00,7.000000000000000000e+00,4.000000000000000000e+00
1.749168968200683594e+01,-2.786470794677734375e+01,7.000000000000000000e+00,4.000000000000000000e+00
1.506758689880371094e+01,-3.390168380737304688e+01,7.000000000000000000e+00,4.000000000000000000e+00
-6.681725025177001953e+00,-1.643697738647460938e+01,7.000000000000000000e+00,4.000000000000000000e+00
-1.840988922119140625e+01,-1.888121604919433594e+01,7.000000000000000000e+00,4.000000000000000000e+00
-6.515358924865722656e+00,-1.593697261810302734e+01,7.000000000000000000e+00,4.000000000000000000e+00
-1.951345825195312500e+01,-1.936781692504882812e+01,7.000000000000000000e+00,4.000000000000000000e+00
-6.777159214019775391e+00,-1.577994251251220703e+01,7.000000000000000000e+00,4.000000000000000000e+00
-2.153272056579589844e+01,-1.994798278808593750e+01,7.000000000000000000e+00,4.000000000000000000e+00
-2.104425811767578125e+01,-1.871917343139648438e+01,7.000000000000000000e+00,4.000000000000000000e+00
-7.576337337493896484e+00,-1.632575798034667969e+01,7.000000000000000000e+00,4.000000000000000000e+00
-2.058909225463867188e+01,-1.937858390808105469e+01,7.000000000000000000e+00,4.000000000000000000e+00
-2.032789611816406250e+01,-1.648878097534179688e+01,7.000000000000000000e+00,4.000000000000000000e+00
7.140683650970458984e+00,-1.936543846130371094e+01,7.000000000000000000e+00,4.000000000000000000e+00
-2.235354232788085938e+01,-1.933755493164062500e+01,7.000000000000000000e+00,4.000000000000000000e+00
-2.160314750671386719e+01,-1.960046958923339844e+01,7.000000000000000000e+00,4.000000000000000000e+00
-2.046892547607421875e+01,-1.927785873413085938e+01,7.000000000000000000e+00,4.000000000000000000e+00
4.013910293579101562e+00,-2.531356430053710938e+01,7.000000000000000000e+00,4.000000000000000000e+00
1.315840625762939453e+01,-3.054277229309082031e+01,7.000000000000000000e+00,4.000000000000000000e+00
-2.240719223022460938e+01,-1.938931083679199219e+01,7.000000000000000000e+00,4.000000000000000000e+00
-6.736403465270996094e+00,-1.638491630554199219e+01,7.000000000000000000e+00,4.000000000000000000e+00
-2.154946899414062500e+01,-1.994094657897949219e+01,7.000000000000000000e+00,4.000000000000000000e+00
5.887533664703369141e+00,-1.679948425292968750e+01,7.000000000000000000e+00,4.000000000000000000e+00
3.910135269165039062e+00,-2.775558280944824219e+01,7.000000000000000000e+00,4.000000000000000000e+00
2.168171119689941406e+01,-3.359762954711914062e+01,7.000000000000000000e+00,4.000000000000000000e+00
1.705621337890625000e+01,-2.667398071289062500e+01,7.000000000000000000e+00,4.000000000000000000e+00
1.400125026702880859e+01,-3.176226234436035156e+01,7.000000000000000000e+00,4.000000000000000000e+00
-2.375674247741699219e+01,-6.744529247283935547e+00,7.000000000000000000e+00,4.000000000000000000e+00
9.544555664062500000e+00,-2.010612487792968750e+01,7.000000000000000000e+00,4.000000000000000000e+00
1.511734580993652344e+01,-3.288009643554687500e+01,7.000000000000000000e+00,4.000000000000000000e+00
-2.486113357543945312e+01,1.253664398193359375e+01,8.000000000000000000e+00,5.000000000000000000e+00
-8.219445228576660156e+00,3.016990470886230469e+01,8.000000000000000000e+00,5.000000000000000000e+00
-2.359780502319335938e+01,1.274868583679199219e+01,8.000000000000000000e+00,5.000000000000000000e+00
-1.643550682067871094e+01,3.356702041625976562e+01,8.000000000000000000e+00,5.000000000000000000e+00
-1.729011726379394531e+01,3.404888534545898438e+01,8.000000000000000000e+00,5.000000000000000000e+00
1.916893577575683594e+01,1.160781097412109375e+01,8.000000000000000000e+00,5.000000000000000000e+00
-1.370564365386962891e+01,3.223089599609375000e+01,8.000000000000000000e+00,5.000000000000000000e+00
-2.849479103088378906e+01,9.792716026306152344e+00,8.000000000000000000e+00,5.000000000000000000e+00
-8.448272705078125000e+00,2.924031448364257812e+01,8.000000000000000000e+00,5.000000000000000000e+00
-1.512807655334472656e+01,3.374821472167968750e+01,8.000000000000000000e+00,5.000000000000000000e+00
-2.355765151977539062e+01,1.214314746856689453e+01,8.000000000000000000e+00,5.000000000000000000e+00
-1.732888984680175781e+01,3.411156845092773438e+01,8.000000000000000000e+00,5.000000000000000000e+00
4.563916206359863281e+00,8.592596054077148438e+00,8.000000000000000000e+00,5.000000000000000000e+00
-1.727367019653320312e+01,3.219285964965820312e+01,8.000000000000000000e+00,5.000000000000000000e+00
-1.780835151672363281e+01,3.402949905395507812e+01,8.000000000000000000e+00,5.000000000000000000e+00
1.996800422668457031e+01,1.196207904815673828e+01,8.000000000000000000e+00,5.000000000000000000e+00
-8.774348258972167969e+00,2.868070793151855469e+01,8.000000000000000000e+00,5.000000000000000000e+00
9.371137619018554688e+00,9.422618865966796875e+00,8.000000000000000000e+00,5.000000000000000000e+00
-1.523759460449218750e+01,3.392605209350585938e+01,8.000000000000000000e+00,5.000000000000000000e+00
-1.836559867858886719e+01,3.284367752075195312e+01,8.000000000000000000e+00,5.000000000000000000e+00
-9.810072898864746094e+00,3.133189773559570312e+01,8.000000000000000000e+00,5.000000000000000000e+00
1.808859443664550781e+01,1.102499485015869141e+01,8.000000000000000000e+00,5.000000000000000000e+00
7.350781917572021484e+00,9.107450485229492188e+00,8.000000000000000000e+00,5.000000000000000000e+00
-1.526620483398437500e+01,7.344321727752685547e+00,8.000000000000000000e+00,5.000000000000000000e+00
-3.030696296691894531e+01,9.719248771667480469e+00,8.000000000000000000e+00,5.000000000000000000e+00
-2.013692283630371094e+01,5.625446319580078125e+00,8.000000000000000000e+00,5.000000000000000000e+00
-9.317592620849609375e+00,2.781297874450683594e+01,8.000000000000000000e+00,5.000000000000000000e+00
-1.581509304046630859e+01,3.430316543579101562e+01,8.000000000000000000e+00,5.000000000000000000e+00
-5.248040199279785156e+00,7.637829303741455078e+00,8.000000000000000000e+00,4.000000000000000000e+00
-9.467653274536132812e+00,3.058731079101562500e+01,8.000000000000000000e+00,5.000000000000000000e+00
-1.817530250549316406e+01,3.383522796630859375e+01,8.000000000000000000e+00,5.000000000000000000e+00
-2.720180702209472656e+01,1.456765556335449219e+01,8.000000000000000000e+00,5.000000000000000000e+00
-1.000570392608642578e+01,3.138759994506835938e+01,8.000000000000000000e+00,5.000000000000000000e+00
-2.230840682983398438e+01,1.242967700958251953e+01,8.000000000000000000e+00,5.000000000000000000e+00
-1.822686958312988281e+01,6.037708282470703125e+00,8.000000000000000000e+00,5.000000000000000000e+00
-9.707243919372558594e+00,3.100787925720214844e+01,8.000000000000000000e+00,5.000000000000000000e+00
-2.135622978210449219e+01,1.062815666198730469e+01,8.000000000000000000e+00,5.000000000000000000e+00
-7.912369728088378906e+00,2.966215705871582031e+01,8.000000000000000000e+00,5.000000000000000000e+00
-2.636772727966308594e+01,1.552617931365966797e+01,8.000000000000000000e+00,5.000000000000000000e+00
5.861685276031494141e+00,8.786927223205566406e+00,8.000000000000000000e+00,5.000000000000000000e+00
2.035573005676269531e+01,1.126523113250732422e+01,8.000000000000000000e+00,5.000000000000000000e+00
9.431529045104980469e+00,9.459980010986328125e+00,8.000000000000000000e+00,5.000000000000000000e+00
1.845101737976074219e+01,1.404546737670898438e+01,8.000000000000000000e+00,5.000000000000000000e+00
-7.843976497650146484e+00,2.977889442443847656e+01,8.000000000000000000e+00,5.000000000000000000e+00
-1.602072525024414062e+01,3.358205032348632812e+01,8.000000000000000000e+00,5.000000000000000000e+00
6.508127212524414062e+00,9.530216217041015625e+00,8.000000000000000000e+00,5.000000000000000000e+00
-1.585187721252441406e+01,3.425602340698242188e+01,8.000000000000000000e+00,5.000000000000000000e+00
7.721811771392822266e+00,9.035315513610839844e+00,8.000000000000000000e+00,5.000000000000000000e+00
-2.746246337890625000e+01,1.430586338043212891e+01,8.000000000000000000e+00,5.000000000000000000e+00
1.683432960510253906e+01,1.026887226104736328e+01,8.000000000000000000e+00,5.000000000000000000e+00
-1.843114662170410156e+01,5.912671566009521484e+00,8.000000000000000000e+00,5.000000000000000000e+00
1.562598991394042969e+01,1.121015357971191406e+01,8.000000000000000000e+00,5.000000000000000000e+00
6.712068080902099609e+00,9.449309349060058594e+00,8.000000000000000000e+00,5.000000000000000000e+00
-1.819369506835937500e+01,3.205998992919921875e+01,8.000000000000000000e+00,5.000000000000000000e+00
-2.854566955566406250e+01,1.081102371215820312e+01,8.000000000000000000e+00,5.000000000000000000e+00
1.704467773437500000e+01,1.007824611663818359e+01,8.000000000000000000e+00,5.000000000000000000e+00
1.675409889221191406e+01,8.924169540405273438e+00,8.000000000000000000e+00,5.000000000000000000e+00
-5.260439395904541016e+00,7.598215103149414062e+00,8.000000000000000000e+00,4.000000000000000000e+00
-2.272403717041015625e+01,1.135103321075439453e+01,8.000000000000000000e+00,5.000000000000000000e+00
-2.054145240783691406e+01,7.968854427337646484e+00,8.000000000000000000e+00,5.000000000000000000e+00
1.650302314758300781e+01,1.132903385162353516e+01,8.000000000000000000e+00,5.000000000000000000e+00
5.651562213897705078e+00,9.409756660461425781e+00,8.000000000000000000e+00,5.000000000000000000e+00
-1.978896141052246094e+01,5.653757095336914062e+00,8.000000000000000000e+00,5.000000000000000000e+00
-1.814751625061035156e+01,3.395299911499023438e+01,8.000000000000000000e+00,5.000000000000000000e+00
-2.608226203918457031e+01,1.284087944030761719e+01,8.000000000000000000e+00,5.000000000000000000e+00
-2.053464317321777344e+01,7.952646732330322266e+00,8.000000000000000000e+00,5.000000000000000000e+00
4.872492790222167969e+00,8.090540885925292969e+00,8.000000000000000000e+00,5.000000000000000000e+00
-7.804246902465820312e+00,2.821178054809570312e+01,8.000000000000000000e+00,5.000000000000000000e+00
-1.861565017700195312e+01,3.218737792968750000e+01,8.000000000000000000e+00,5.000000000000000000e+00
4.716120243072509766e+00,7.828113079071044922e+00,8.000000000000000000e+00,5.000000000000000000e+00
-1.640907096862792969e+01,6.925486564636230469e+00,8.000000000000000000e+00,5.000000000000000000e+00
-1.282623958587646484e+01,3.246479034423828125e+01,8.000000000000000000e+00,5.000000000000000000e+00
1.996743583679199219e+01,1.162646198272705078e+01,8.000000000000000000e+00,5.000000000000000000e+00
4.385721683502197266e+00,9.273086547851562500e+00,8.000000000000000000e+00,5.000000000000000000e+00
-2.393117141723632812e+01,1.207169723510742188e+01,8.000000000000000000e+00,5.000000000000000000e+00
-2.052376174926757812e+01,1.156835269927978516e+01,8.000000000000000000e+00,5.000000000000000000e+00
-2.122636413574218750e+01,1.002914810180664062e+01,8.000000000000000000e+00,5.000000000000000000e+00
-2.663031005859375000e+01,1.532930469512939453e+01,8.000000000000000000e+00,5.000000000000000000e+00
-7.779818534851074219e+00,2.844817352294921875e+01,8.000000000000000000e+00,5.000000000000000000e+00
-2.726381683349609375e+01,1.452059078216552734e+01,8.000000000000000000e+00,5.000000000000000000e+00
-2.952188682556152344e+01,9.847538948059082031e+00,8.000000000000000000e+00,5.000000000000000000e+00
-2.114275550842285156e+01,1.051271438598632812e+01,8.000000000000000000e+00,5.000000000000000000e+00
-2.359821891784667969e+01,1.298550224304199219e+01,8.000000000000000000e+00,5.000000000000000000e+00
1.554358100891113281e+01,1.119330883026123047e+01,8.000000000000000000e+00,5.000000000000000000e+00
-1.838723945617675781e+01,3.345912551879882812e+01,8.000000000000000000e+00,5.000000000000000000e+00
-2.102863121032714844e+01,1.184853649139404297e+01,8.000000000000000000e+00,5.000000000000000000e+00
-2.938858032226562500e+01,9.760425567626953125e+00,8.000000000000000000e+00,5.000000000000000000e+00
-2.621287918090820312e+01,1.554271888732910156e+01,8.000000000000000000e+00,5.000000000000000000e+00
-1.515862751007080078e+01,7.307295322418212891e+00,8.000000000000000000e+00,5.000000000000000000e+00
-9.724987983703613281e+00,3.110967445373535156e+01,8.000000000000000000e+00,5.000000000000000000e+00
5.471326828002929688e+00,7.480693817138671875e+00,8.000000000000000000e+00,5.000000000000000000e+00
1.808595275878906250e+01,1.098904895782470703e+01,8.000000000000000000e+00,5.000000000000000000e+00
-1.862563323974609375e+01,5.957740783691406250e+00,8.000000000000000000e+00,5.000000000000000000e+00
-1.152534770965576172e+01,3.272613143920898438e+01,8.000000000000000000e+00,5.000000000000000000e+00
-2.967180061340332031e+01,1.087867927551269531e+01,8.000000000000000000e+00,5.000000000000000000e+00
-2.977188491821289062e+01,1.097412300109863281e+01,8.000000000000000000e+00,5.000000000000000000e+00
-2.042063903808593750e+01,7.676575660705566406e+00,8.000000000000000000e+00,5.000000000000000000e+00
-2.982460021972656250e+01,1.107894706726074219e+01,8.000000000000000000e+00,5.000000000000000000e+00
1.764628219604492188e+01,1.093221569061279297e+01,8.000000000000000000e+00,5.000000000000000000e+00
-1.843284225463867188e+01,3.244245529174804688e+01,8.000000000000000000e+00,5.000000000000000000e+00
-1.792233657836914062e+01,3.234491348266601562e+01,8.000000000000000000e+00,5.000000000000000000e+00
-1.003008079528808594e+01,3.147411346435546875e+01,8.000000000000000000e+00,5.000000000000000000e+00
-1.972445487976074219e+01,7.136406421661376953e+00,8.000000000000000000e+00,5.000000000000000000e+00
1.871389961242675781e+01,1.356099224090576172e+01,8.000000000000000000e+00,5.000000000000000000e+00
4.612740993499755859e+00,9.005956649780273438e+00,8.000000000000000000e+00,5.000000000000000000e+00
-2.797813987731933594e+01,9.796916961669921875e+00,8.000000000000000000e+00,5.000000000000000000e+00
-1.747396850585937500e+01,6.220057487487792969e+00,8.000000000000000000e+00,5.000000000000000000e+00
1.529676914215087891e+01,1.008603382110595703e+01,8.000000000000000000e+00,5.000000000000000000e+00
1.812265396118164062e+01,1.052820968627929688e+01,8.000000000000000000e+00,5.000000000000000000e+00
1.581788730621337891e+01,1.107922935485839844e+01,8.000000000000000000e+00,5.000000000000000000e+00
1.854809379577636719e+01,1.415744400024414062e+01,8.000000000000000000e+00,5.000000000000000000e+00
1.986112594604492188e+01,1.187944507598876953e+01,8.000000000000000000e+00,5.000000000000000000e+00
2.002442550659179688e+01,1.145138740539550781e+01,8.000000000000000000e+00,5.000000000000000000e+00
-3.048813056945800781e+01,9.349317550659179688e+00,8.000000000000000000e+00,5.000000000000000000e+00
-2.002053070068359375e+01,7.351894855499267578e+00,8.000000000000000000e+00,5.000000000000000000e+00
-5.244824886322021484e+00,7.635068893432617188e+00,8.000000000000000000e+00,4.000000000000000000e+00
-2.069492340087890625e+01,8.535101890563964844e+00,8.000000000000000000e+00,5.000000000000000000e+00
-5.248178005218505859e+00,7.633443355560302734e+00,8.000000000000000000e+00,4.000000000000000000e+00
6.588439941406250000e+00,8.668570518493652344e+00,8.000000000000000000e+00,5.000000000000000000e+00
-1.557957458496093750e+01,7.292653083801269531e+00,8.000000000000000000e+00,5.000000000000000000e+00
1.787038803100585938e+01,1.114658832550048828e+01,8.000000000000000000e+00,5.000000000000000000e+00
-2.609621238708496094e+01,1.284183692932128906e+01,8.000000000000000000e+00,5.000000000000000000e+00
9.414061546325683594e+00,9.459057807922363281e+00,8.000000000000000000e+00,5.000000000000000000e+00
-1.383690071105957031e+01,3.218175125122070312e+01,8.000000000000000000e+00,5.000000000000000000e+00
2.015036392211914062e+01,1.112522888183593750e+01,8.000000000000000000e+00,5.000000000000000000e+00
7.127170562744140625e+00,8.780053138732910156e+00,8.000000000000000000e+00,5.000000000000000000e+00
6.431834220886230469e+00,8.949347496032714844e+00,8.000000000000000000e+00,5.000000000000000000e+00
-2.123695373535156250e+01,1.206868076324462891e+01,8.000000000000000000e+00,5.000000000000000000e+00
-2.341759300231933594e+01,1.243809318542480469e+01,8.000000000000000000e+00,5.000000000000000000e+00
1.688036155700683594e+01,9.823914527893066406e+00,8.000000000000000000e+00,5.000000000000000000e+00
-8.140345573425292969e+00,2.896536254882812500e+01,8.000000000000000000e+00,5.000000000000000000e+00
-1.708703994750976562e+01,3.376566696166992188e+01,8.000000000000000000e+00,5.000000000000000000e+00
5.375196456909179688e+00,9.368804931640625000e+00,8.000000000000000000e+00,5.000000000000000000e+00
-2.993651008605957031e+01,1.028262996673583984e+01,8.000000000000000000e+00,5.000000000000000000e+00
4.557757377624511719e+00,9.396515846252441406e+00,8.000000000000000000e+00,5.000000000000000000e+00
1.872721672058105469e+01,1.442960166931152344e+01,8.000000000000000000e+00,5.000000000000000000e+00
-2.294068527221679688e+01,1.141394329071044922e+01,8.000000000000000000e+00,5.000000000000000000e+00
-1.584185218811035156e+01,3.403920745849609375e+01,8.000000000000000000e+00,5.000000000000000000e+00
8.898677825927734375e+00,9.314148902893066406e+00,8.000000000000000000e+00,5.000000000000000000e+00
-1.914496994018554688e+01,6.335873603820800781e+00,8.000000000000000000e+00,5.000000000000000000e+00
1.536797523498535156e+01,-3.601784133911132812e+01,9.000000000000000000e+00,4.000000000000000000e+00
-1.043345165252685547e+01,-2.366313552856445312e+01,9.000000000000000000e+00,4.000000000000000000e+00
-7.807260513305664062e+00,-2.346502685546875000e+01,9.000000000000000000e+00,4.000000000000000000e+00
1.205458259582519531e+01,-1.794353294372558594e+01,9.000000000000000000e+00,4.000000000000000000e+00
-2.299361610412597656e+01,-1.574970245361328125e+01,9.000000000000000000e+00,4.000000000000000000e+00
1.429250717163085938e+01,-1.818223953247070312e+01,9.000000000000000000e+00,4.000000000000000000e+00
1.572743129730224609e+01,-2.077657127380371094e+01,9.000000000000000000e+00,4.000000000000000000e+00
-1.290184688568115234e+01,-1.338094997406005859e+01,9.000000000000000000e+00,4.000000000000000000e+00
1.669118499755859375e+01,-3.473510742187500000e+01,9.000000000000000000e+00,4.000000000000000000e+00
1.706678962707519531e+01,-3.654611968994140625e+01,9.000000000000000000e+00,4.000000000000000000e+00
1.282912063598632812e+01,-1.242873859405517578e+01,9.000000000000000000e+00,4.000000000000000000e+00
1.139722633361816406e+01,-1.727590751647949219e+01,9.000000000000000000e+00,4.000000000000000000e+00
1.882272338867187500e+01,-3.286419296264648438e+01,9.000000000000000000e+00,4.000000000000000000e+00
2.021913146972656250e+01,-3.217831802368164062e+01,9.000000000000000000e+00,4.000000000000000000e+00
-9.616033554077148438e+00,-2.325298881530761719e+01,9.000000000000000000e+00,4.000000000000000000e+00
1.335393810272216797e+01,-1.191066551208496094e+01,9.000000000000000000e+00,4.000000000000000000e+00
3.763597965240478516e+00,-1.045337867736816406e+01,9.000000000000000000e+00,4.000000000000000000e+00
1.711957168579101562e+01,-3.412218856811523438e+01,9.000000000000000000e+00,4.000000000000000000e+00
-2.204019355773925781e+01,-1.410194301605224609e+01,9.000000000000000000e+00,4.000000000000000000e+00
1.871948051452636719e+01,-2.619204902648925781e+01,9.000000000000000000e+00,4.000000000000000000e+00
1.887260627746582031e+01,-2.649654006958007812e+01,9.000000000000000000e+00,4.000000000000000000e+00
5.960080146789550781e+00,-1.012733936309814453e+01,9.000000000000000000e+00,4.000000000000000000e+00
1.814264869689941406e+01,-2.527493286132812500e+01,9.000000000000000000e+00,4.000000000000000000e+00
-1.610556602478027344e+01,-1.482897663116455078e+01,9.000000000000000000e+00,4.000000000000000000e+00
-1.976021385192871094e+01,-1.373058128356933594e+01,9.000000000000000000e+00,4.000000000000000000e+00
1.837583541870117188e+01,-3.122038459777832031e+01,9.000000000000000000e+00,4.000000000000000000e+00
1.577674388885498047e+01,-1.947764205932617188e+01,9.000000000000000000e+00,4.000000000000000000e+00
1.898539733886718750e+01,-2.692094230651855469e+01,9.000000000000000000e+00,4.000000000000000000e+00
1.503161430358886719e+01,-1.826354217529296875e+01,9.000000000000000000e+00,4.000000000000000000e+00
2.064083814620971680e+00,-1.053009796142578125e+01,9.000000000000000000e+00,4.000000000000000000e+00
-1.523441028594970703e+01,-1.545341682434082031e+01,9.000000000000000000e+00,4.000000000000000000e+00
-1.099331569671630859e+01,-2.470056343078613281e+01,9.000000000000000000e+00,4.000000000000000000e+00
4.336189746856689453e+00,-1.014584922790527344e+01,9.000000000000000000e+00,4.000000000000000000e+00
7.096059799194335938e+00,-1.556631565093994141e+01,9.000000000000000000e+00,4.000000000000000000e+00
2.239732027053833008e+00,-1.049893665313720703e+01,9.000000000000000000e+00,4.000000000000000000e+00
-2.553900527954101562e+01,-1.608685302734375000e+01,9.000000000000000000e+00,4.000000000000000000e+00
1.254540443420410156e+01,-1.266639709472656250e+01,9.000000000000000000e+00,4.000000000000000000e+00
1.920788002014160156e+01,-3.267083740234375000e+01,9.000000000000000000e+00,4.000000000000000000e+00
1.997156906127929688e+01,-3.137927246093750000e+01,9.000000000000000000e+00,4.000000000000000000e+00
-2.559638214111328125e+01,-1.574492645263671875e+01,9.000000000000000000e+00,4.000000000000000000e+00
1.677048873901367188e+01,-3.689126205444335938e+01,9.000000000000000000e+00,4.000000000000000000e+00
1.770344734191894531e+01,-3.622951889038085938e+01,9.000000000000000000e+00,4.000000000000000000e+00
1.409968566894531250e+01,-2.039705085754394531e+01,9.000000000000000000e+00,4.000000000000000000e+00
1.821664237976074219e+01,-3.068580627441406250e+01,9.000000000000000000e+00,4.000000000000000000e+00
1.528247451782226562e+01,-3.538206863403320312e+01,9.000000000000000000e+00,4.000000000000000000e+00
-2.470634460449218750e+01,-1.590850067138671875e+01,9.000000000000000000e+00,4.000000000000000000e+00
-2.560815811157226562e+01,-1.567226886749267578e+01,9.000000000000000000e+00,4.000000000000000000e+00
-1.966329193115234375e+01,-1.627935409545898438e+01,9.000000000000000000e+00,4.000000000000000000e+00
5.655183792114257812e+00,-9.947650909423828125e+00,9.000000000000000000e+00,4.000000000000000000e+00
4.810826301574707031e+00,-1.037453079223632812e+01,9.000000000000000000e+00,4.000000000000000000e+00
1.707344245910644531e+01,-3.585925674438476562e+01,9.000000000000000000e+00,4.000000000000000000e+00
1.691839027404785156e+01,-3.334080123901367188e+01,9.000000000000000000e+00,4.000000000000000000e+00
1.747771644592285156e+01,-3.455571746826171875e+01,9.000000000000000000e+00,4.000000000000000000e+00
-1.335402107238769531e+01,-1.373258590698242188e+01,9.000000000000000000e+00,4.000000000000000000e+00
-9.024201393127441406e+00,-2.167013359069824219e+01,9.000000000000000000e+00,4.000000000000000000e+00
-1.209152603149414062e+01,-2.503510856628417969e+01,9.000000000000000000e+00,4.000000000000000000e+00
-9.502614021301269531e+00,-2.477515792846679688e+01,9.000000000000000000e+00,4.000000000000000000e+00
1.153053188323974609e+01,-1.748853492736816406e+01,9.000000000000000000e+00,4.000000000000000000e+00
-1.132569026947021484e+01,-2.483798408508300781e+01,9.000000000000000000e+00,4.000000000000000000e+00
-7.803250312805175781e+00,-2.384814834594726562e+01,9.000000000000000000e+00,4.000000000000000000e+00
1.242613124847412109e+01,-1.923363494873046875e+01,9.000000000000000000e+00,4.000000000000000000e+00
-1.222139072418212891e+01,-1.422618865966796875e+01,9.000000000000000000e+00,4.000000000000000000e+00
6.505766868591308594e+00,-1.018422317504882812e+01,9.000000000000000000e+00,4.000000000000000000e+00
1.247898483276367188e+01,-1.283051109313964844e+01,9.000000000000000000e+00,4.000000000000000000e+00
-1.075384426116943359e+01,-2.449399948120117188e+01,9.000000000000000000e+00,4.000000000000000000e+00
1.082460403442382812e+01,-1.522470378875732422e+01,9.000000000000000000e+00,4.000000000000000000e+00
-9.387059211730957031e+00,-2.445487594604492188e+01,9.000000000000000000e+00,4.000000000000000000e+00
1.418032550811767578e+01,-2.026450920104980469e+01,9.000000000000000000e+00,4.000000000000000000e+00
-2.484856605529785156e+01,-1.561966037750244141e+01,9.000000000000000000e+00,4.000000000000000000e+00
8.956275939941406250e+00,-1.619584274291992188e+01,9.000000000000000000e+00,4.000000000000000000e+00
4.504185199737548828e+00,-9.880008697509765625e+00,9.000000000000000000e+00,4.000000000000000000e+00
1.910194969177246094e+01,-2.683086013793945312e+01,9.000000000000000000e+00,4.000000000000000000e+00
-2.273739624023437500e+01,-1.461822605133056641e+01,9.000000000000000000e+00,4.000000000000000000e+00
-2.369868850708007812e+01,-1.533084583282470703e+01,9.000000000000000000e+00,4.000000000000000000e+00
8.815221786499023438e+00,-9.640561103820800781e+00,9.000000000000000000e+00,4.000000000000000000e+00
-8.979502677917480469e+00,-2.263374328613281250e+01,9.000000000000000000e+00,4.000000000000000000e+00
1.085120010375976562e+01,-1.511556529998779297e+01,9.000000000000000000e+00,4.000000000000000000e+00
-2.456758689880371094e+01,-1.649955940246582031e+01,9.000000000000000000e+00,4.000000000000000000e+00
-1.565685176849365234e+01,-1.586004829406738281e+01,9.000000000000000000e+00,4.000000000000000000e+00
1.630208396911621094e+01,-3.550892257690429688e+01,9.000000000000000000e+00,4.000000000000000000e+00
-1.081225204467773438e+01,-2.429669952392578125e+01,9.000000000000000000e+00,4.000000000000000000e+00
6.774027347564697266e+00,-1.502018642425537109e+01,9.000000000000000000e+00,4.000000000000000000e+00
8.734137535095214844e+00,-9.617935180664062500e+00,9.000000000000000000e+00,4.000000000000000000e+00
-9.878519058227539062e+00,-2.306719589233398438e+01,9.000000000000000000e+00,4.000000000000000000e+00
-2.338138198852539062e+01,-1.517333316802978516e+01,9.000000000000000000e+00,4.000000000000000000e+00
1.564607143402099609e+01,-1.876642227172851562e+01,9.000000000000000000e+00,4.000000000000000000e+00
4.540374755859375000e+00,-1.050016689300537109e+01,9.000000000000000000e+00,4.000000000000000000e+00
1.297480583190917969e+01,-1.241558361053466797e+01,9.000000000000000000e+00,4.000000000000000000e+00
-1.647853851318359375e+01,-1.532647323608398438e+01,9.000000000000000000e+00,4.000000000000000000e+00
7.239093303680419922e+00,-1.496566009521484375e+01,9.000000000000000000e+00,4.000000000000000000e+00
7.135847568511962891e+00,-9.916718482971191406e+00,9.000000000000000000e+00,4.000000000000000000e+00
-1.623640632629394531e+01,-1.542581081390380859e+01,9.000000000000000000e+00,4.000000000000000000e+00
7.882827281951904297e+00,-1.056788063049316406e+01,9.000000000000000000e+00,4.000000000000000000e+00
3.136129379272460938e+00,-1.031820678710937500e+01,9.000000000000000000e+00,4.000000000000000000e+00
1.640505409240722656e+01,-3.527787017822265625e+01,9.000000000000000000e+00,4.000000000000000000e+00
-1.296393394470214844e+01,-1.394650173187255859e+01,9.000000000000000000e+00,4.000000000000000000e+00
1.610471343994140625e+01,-2.062795066833496094e+01,9.000000000000000000e+00,4.000000000000000000e+00
7.141779899597167969e+00,-1.552781295776367188e+01,9.000000000000000000e+00,4.000000000000000000e+00
3.531469821929931641e+00,-1.032751083374023438e+01,9.000000000000000000e+00,4.000000000000000000e+00
-2.168840408325195312e+01,-1.378213500976562500e+01,9.000000000000000000e+00,4.000000000000000000e+00
-1.362823390960693359e+01,-1.350891590118408203e+01,9.000000000000000000e+00,4.000000000000000000e+00
1.873713874816894531e+01,-3.205656814575195312e+01,9.000000000000000000e+00,4.000000000000000000e+00
7.610488891601562500e+00,-1.519261837005615234e+01,9.000000000000000000e+00,4.000000000000000000e+00
-9.080747604370117188e+00,-2.437118339538574219e+01,9.000000000000000000e+00,4.000000000000000000e+00
-1.349653625488281250e+01,-1.192633152008056641e+01,9.000000000000000000e+00,4.000000000000000000e+00
-2.483703994750976562e+01,-1.599888324737548828e+01,9.000000000000000000e+00,4.000000000000000000e+00
-1.474497032165527344e+01,-1.395881366729736328e+01,9.000000000000000000e+00,4.000000000000000000e+00
1.587976646423339844e+01,-3.686020278930664062e+01,9.000000000000000000e+00,4.000000000000000000e+00
-1.376120758056640625e+01,-1.321352577209472656e+01,9.000000000000000000e+00,4.000000000000000000e+00
-1.512534427642822266e+01,-1.417465591430664062e+01,9.000000000000000000e+00,4.000000000000000000e+00
-5.340375900268554688e+00,8.932865142822265625e+00,9.000000000000000000e+00,5.000000000000000000e+00
1.854634094238281250e+01,-3.127207374572753906e+01,9.000000000000000000e+00,4.000000000000000000e+00
-2.344972610473632812e+01,-1.574080085754394531e+01,9.000000000000000000e+00,4.000000000000000000e+00
-2.346765327453613281e+01,-1.517032814025878906e+01,9.000000000000000000e+00,4.000000000000000000e+00
7.895898342132568359e+00,-9.636212348937988281e+00,9.000000000000000000e+00,4.000000000000000000e+00
1.514004707336425781e+01,-1.829871749877929688e+01,9.000000000000000000e+00,4.000000000000000000e+00
-7.721693515777587891e+00,-2.432475852966308594e+01,9.000000000000000000e+00,4.000000000000000000e+00
7.160346984863281250e+00,-1.016399669647216797e+01,9.000000000000000000e+00,4.000000000000000000e+00
1.827470207214355469e+01,-2.552262306213378906e+01,9.000000000000000000e+00,4.000000000000000000e+00
-1.944488906860351562e+01,-1.634864997863769531e+01,9.000000000000000000e+00,4.000000000000000000e+00
1.821522521972656250e+01,-3.322754287719726562e+01,9.000000000000000000e+00,4.000000000000000000e+00
1.106553268432617188e+01,-1.741457176208496094e+01,9.000000000000000000e+00,4.000000000000000000e+00
1.217172813415527344e+01,-1.784554862976074219e+01,9.000000000000000000e+00,4.000000000000000000e+00
-7.702112674713134766e+00,-2.366578102111816406e+01,9.000000000000000000e+00,4.000000000000000000e+00
1.406997871398925781e+01,-2.025805091857910156e+01,9.000000000000000000e+00,4.000000000000000000e+00
1.653650283813476562e+01,-3.683760452270507812e+01,9.000000000000000000e+00,4.000000000000000000e+00
1.177080535888671875e+01,-1.437469577789306641e+01,9.000000000000000000e+00,4.000000000000000000e+00
-5.343109130859375000e+00,8.919177055358886719e+00,9.000000000000000000e+00,5.000000000000000000e+00
-7.542285919189453125e+00,-2.339486503601074219e+01,9.000000000000000000e+00,4.000000000000000000e+00
1.203775405883789062e+01,-1.403216266632080078e+01,9.000000000000000000e+00,4.000000000000000000e+00
1.667897033691406250e+01,-3.609109497070312500e+01,9.000000000000000000e+00,4.000000000000000000e+00
-1.308993625640869141e+01,-1.407216453552246094e+01,9.000000000000000000e+00,4.000000000000000000e+00
7.890148162841796875e+00,-1.603493118286132812e+01,9.000000000000000000e+00,4.000000000000000000e+00
1.682991981506347656e+01,-3.557568359375000000e+01,9.000000000000000000e+00,4.000000000000000000e+00
1.428523445129394531e+01,-1.810620498657226562e+01,9.000000000000000000e+00,4.000000000000000000e+00
7.072824478149414062e+00,-9.986462593078613281e+00,9.000000000000000000e+00,4.000000000000000000e+00
-2.362671089172363281e+01,-1.398506832122802734e+01,9.000000000000000000e+00,4.000000000000000000e+00
-1.402997207641601562e+01,-1.358196544647216797e+01,9.000000000000000000e+00,4.000000000000000000e+00
1.263218593597412109e+01,-1.284448719024658203e+01,9.000000000000000000e+00,4.000000000000000000e+00
-1.656449127197265625e+01,-1.502682495117187500e+01,9.000000000000000000e+00,4.000000000000000000e+00
