dim1,dim2,operational_label,is_current_round
-5.081723213195800781e+00,3.046575069427490234e+00,0.000000000000000000e+00,0.000000000000000000e+00
-2.247620582580566406e+00,1.507767796516418457e+00,0.000000000000000000e+00,0.000000000000000000e+00
-5.751316547393798828e+00,9.019085884094238281e+00,0.000000000000000000e+00,0.000000000000000000e+00
-5.256524562835693359e+00,3.325340270996093750e+00,0.000000000000000000e+00,0.000000000000000000e+00
-5.675481796264648438e+00,8.991591453552246094e+00,0.000000000000000000e+00,0.000000000000000000e+00
-6.097783088684082031e+00,9.290946960449218750e+00,0.000000000000000000e+00,0.000000000000000000e+00
-5.627752304077148438e+00,8.981425285339355469e+00,0.000000000000000000e+00,0.000000000000000000e+00
-6.131520271301269531e+00,9.420464515686035156e+00,0.000000000000000000e+00,0.000000000000000000e+00
-5.364454269409179688e+00,3.524557352066040039e+00,0.000000000000000000e+00,0.000000000000000000e+00
-5.678081512451171875e+00,9.024023056030273438e+00,0.000000000000000000e+00,0.000000000000000000e+00
-5.974653720855712891e+00,9.230641365051269531e+00,0.000000000000000000e+00,0.000000000000000000e+00
-5.740458965301513672e+00,9.024381637573242188e+00,0.000000000000000000e+00,0.000000000000000000e+00
-5.680652141571044922e+00,8.928685188293457031e+00,0.000000000000000000e+00,0.000000000000000000e+00
-5.982717990875244141e+00,9.288220405578613281e+00,0.000000000000000000e+00,0.000000000000000000e+00
-5.528931140899658203e+00,3.723588705062866211e+00,0.000000000000000000e+00,0.000000000000000000e+00
-5.554290771484375000e+00,3.742986917495727539e+00,0.000000000000000000e+00,0.000000000000000000e+00
-6.354204654693603516e+00,9.606469154357910156e+00,0.000000000000000000e+00,0.000000000000000000e+00
-6.366244792938232422e+00,9.619239807128906250e+00,0.000000000000000000e+00,0.000000000000000000e+00
-5.361980438232421875e+00,3.522478103637695312e+00,0.000000000000000000e+00,0.000000000000000000e+00
-5.364583492279052734e+00,3.525441169738769531e+00,0.000000000000000000e+00,0.000000000000000000e+00
-5.115420341491699219e+00,3.034130811691284180e+00,0.000000000000000000e+00,0.000000000000000000e+00
-6.276569843292236328e+00,9.539354324340820312e+00,0.000000000000000000e+00,0.000000000000000000e+00
-5.507719039916992188e+00,3.696827650070190430e+00,0.000000000000000000e+00,0.000000000000000000e+00
-5.745259284973144531e+00,9.016656875610351562e+00,0.000000000000000000e+00,0.000000000000000000e+00
-5.775338649749755859e+00,9.081028938293457031e+00,0.000000000000000000e+00,0.000000000000000000e+00
-5.391474246978759766e+00,3.556006669998168945e+00,0.000000000000000000e+00,0.000000000000000000e+00
-6.250293254852294922e+00,9.519129753112792969e+00,0.000000000000000000e+00,0.000000000000000000e+00
-5.541490077972412109e+00,3.736864805221557617e+00,0.000000000000000000e+00,0.000000000000000000e+00
-5.368680953979492188e+00,3.519774675369262695e+00,0.000000000000000000e+00,0.000000000000000000e+00
-5.365942955017089844e+00,3.524935245513916016e+00,0.000000000000000000e+00,0.000000000000000000e+00
-6.056814670562744141e+00,9.295638084411621094e+00,0.000000000000000000e+00,0.000000000000000000e+00
-5.108653068542480469e+00,3.048075914382934570e+00,0.000000000000000000e+00,0.000000000000000000e+00
-6.094849109649658203e+00,9.386794090270996094e+00,0.000000000000000000e+00,0.000000000000000000e+00
-5.227357387542724609e+00,3.270786285400390625e+00,0.000000000000000000e+00,0.000000000000000000e+00
-5.359520435333251953e+00,3.523214101791381836e+00,0.000000000000000000e+00,0.000000000000000000e+00
-6.086533546447753906e+00,9.231223106384277344e+00,0.000000000000000000e+00,0.000000000000000000e+00
-5.682405471801757812e+00,8.928895950317382812e+00,0.000000000000000000e+00,0.000000000000000000e+00
-5.879380226135253906e+00,9.116604804992675781e+00,0.000000000000000000e+00,0.000000000000000000e+00
-5.104466915130615234e+00,3.067723989486694336e+00,0.000000000000000000e+00,0.000000000000000000e+00
-5.349846363067626953e+00,3.506663560867309570e+00,0.000000000000000000e+00,0.000000000000000000e+00
-6.229281425476074219e+00,9.509817123413085938e+00,0.000000000000000000e+00,0.000000000000000000e+00
-5.474750041961669922e+00,3.654761314392089844e+00,0.000000000000000000e+00,0.000000000000000000e+00
-5.462417602539062500e+00,3.650899648666381836e+00,0.000000000000000000e+00,0.000000000000000000e+00
-6.224072456359863281e+00,9.492276191711425781e+00,0.000000000000000000e+00,0.000000000000000000e+00
-6.178316593170166016e+00,9.456975936889648438e+00,0.000000000000000000e+00,0.000000000000000000e+00
-5.537383556365966797e+00,3.731260061264038086e+00,0.000000000000000000e+00,0.000000000000000000e+00
-6.087707996368408203e+00,9.380167007446289062e+00,0.000000000000000000e+00,0.000000000000000000e+00
-6.170380115509033203e+00,9.451175689697265625e+00,0.000000000000000000e+00,0.000000000000000000e+00
-5.517628669738769531e+00,3.707054376602172852e+00,0.000000000000000000e+00,0.000000000000000000e+00
-5.357014179229736328e+00,3.551003932952880859e+00,0.000000000000000000e+00,0.000000000000000000e+00
-5.343054771423339844e+00,3.505747318267822266e+00,0.000000000000000000e+00,0.000000000000000000e+00
-5.361273288726806641e+00,3.518883943557739258e+00,0.000000000000000000e+00,0.000000000000000000e+00
-5.808542728424072266e+00,9.164902687072753906e+00,0.000000000000000000e+00,0.000000000000000000e+00
-5.584509372711181641e+00,3.785237312316894531e+00,0.000000000000000000e+00,0.000000000000000000e+00
-5.352221012115478516e+00,3.513513088226318359e+00,0.000000000000000000e+00,0.000000000000000000e+00
-5.102767467498779297e+00,3.040512323379516602e+00,0.000000000000000000e+00,0.000000000000000000e+00
-6.187372684478759766e+00,9.465844154357910156e+00,0.000000000000000000e+00,0.000000000000000000e+00
-5.690174579620361328e+00,9.037696838378906250e+00,0.000000000000000000e+00,0.000000000000000000e+00
-6.122943401336669922e+00,9.386808395385742188e+00,0.000000000000000000e+00,0.000000000000000000e+00
-5.659904479980468750e+00,9.027249336242675781e+00,0.000000000000000000e+00,0.000000000000000000e+00
-5.564297676086425781e+00,3.762161731719970703e+00,0.000000000000000000e+00,0.000000000000000000e+00
-5.754779815673828125e+00,8.993610382080078125e+00,0.000000000000000000e+00,0.000000000000000000e+00
-5.545226573944091797e+00,3.730779170989990234e+00,0.000000000000000000e+00,0.000000000000000000e+00
-5.908611297607421875e+00,9.235741615295410156e+00,0.000000000000000000e+00,0.000000000000000000e+00
-6.082231044769287109e+00,9.329405784606933594e+00,0.000000000000000000e+00,0.000000000000000000e+00
-6.160561084747314453e+00,9.315683364868164062e+00,0.000000000000000000e+00,0.000000000000000000e+00
-5.089428901672363281e+00,3.055870771408081055e+00,0.000000000000000000e+00,0.000000000000000000e+00
-5.791332244873046875e+00,9.010693550109863281e+00,0.000000000000000000e+00,0.000000000000000000e+00
-6.347552299499511719e+00,9.602022171020507812e+00,0.000000000000000000e+00,0.000000000000000000e+00
-5.113591670989990234e+00,3.053687334060668945e+00,0.000000000000000000e+00,0.000000000000000000e+00
-6.194844245910644531e+00,9.468658447265625000e+00,0.000000000000000000e+00,0.000000000000000000e+00
-6.080723285675048828e+00,9.321624755859375000e+00,0.000000000000000000e+00,0.000000000000000000e+00
-5.956405639648437500e+00,9.257295608520507812e+00,0.000000000000000000e+00,0.000000000000000000e+00
-6.297528743743896484e+00,9.559443473815917969e+00,0.000000000000000000e+00,0.000000000000000000e+00
-5.759661674499511719e+00,9.136267662048339844e+00,0.000000000000000000e+00,0.000000000000000000e+00
-6.169732093811035156e+00,9.318222045898437500e+00,0.000000000000000000e+00,0.000000000000000000e+00
-5.651664733886718750e+00,8.919428825378417969e+00,0.000000000000000000e+00,0.000000000000000000e+00
-5.655944347381591797e+00,9.034257888793945312e+00,0.000000000000000000e+00,0.000000000000000000e+00
-6.333207130432128906e+00,9.585841178894042969e+00,0.000000000000000000e+00,0.000000000000000000e+00
-6.073756694793701172e+00,9.366684913635253906e+00,0.000000000000000000e+00,0.000000000000000000e+00
-6.125707626342773438e+00,9.310667037963867188e+00,0.000000000000000000e+00,0.000000000000000000e+00
-5.832364082336425781e+00,9.125965118408203125e+00,0.000000000000000000e+00,0.000000000000000000e+00
-5.877860069274902344e+00,9.085452079772949219e+00,0.000000000000000000e+00,0.000000000000000000e+00
-5.137220382690429688e+00,3.081579446792602539e+00,0.000000000000000000e+00,0.000000000000000000e+00
-6.355834960937500000e+00,9.605053901672363281e+00,0.000000000000000000e+00,0.000000000000000000e+00
-5.127054691314697266e+00,3.070887088775634766e+00,0.000000000000000000e+00,0.000000000000000000e+00
-6.102992057800292969e+00,9.385047912597656250e+00,0.000000000000000000e+00,0.000000000000000000e+00
-5.685170173645019531e+00,8.934415817260742188e+00,0.000000000000000000e+00,0.000000000000000000e+00
-5.780861377716064453e+00,9.065742492675781250e+00,0.000000000000000000e+00,0.000000000000000000e+00
-5.991305828094482422e+00,9.318338394165039062e+00,0.000000000000000000e+00,0.000000000000000000e+00
-6.217278003692626953e+00,9.457010269165039062e+00,0.000000000000000000e+00,0.000000000000000000e+00
-5.101426124572753906e+00,3.040279865264892578e+00,0.000000000000000000e+00,0.000000000000000000e+00
-5.769845485687255859e+00,8.968064308166503906e+00,0.000000000000000000e+00,0.000000000000000000e+00
-5.880897045135498047e+00,9.207509040832519531e+00,0.000000000000000000e+00,0.000000000000000000e+00
-5.663760185241699219e+00,9.015398025512695312e+00,0.000000000000000000e+00,0.000000000000000000e+00
-5.558994293212890625e+00,3.754756689071655273e+00,0.000000000000000000e+00,0.000000000000000000e+00
-5.121160507202148438e+00,3.070845603942871094e+00,0.000000000000000000e+00,0.000000000000000000e+00
-6.130807876586914062e+00,9.319151878356933594e+00,0.000000000000000000e+00,0.000000000000000000e+00
-6.257641315460205078e+00,9.524564743041992188e+00,0.000000000000000000e+00,0.000000000000000000e+00
-5.929863452911376953e+00,9.220888137817382812e+00,0.000000000000000000e+00,0.000000000000000000e+00
-5.734857082366943359e+00,9.085071563720703125e+00,0.000000000000000000e+00,0.000000000000000000e+00
-5.724035263061523438e+00,9.016849517822265625e+00,0.000000000000000000e+00,0.000000000000000000e+00
-5.733309745788574219e+00,8.995905876159667969e+00,0.000000000000000000e+00,0.000000000000000000e+00
-5.742519855499267578e+00,9.019808769226074219e+00,0.000000000000000000e+00,0.000000000000000000e+00
-5.519471168518066406e+00,3.713002920150756836e+00,0.000000000000000000e+00,0.000000000000000000e+00
-5.914497852325439453e+00,9.188425064086914062e+00,0.000000000000000000e+00,0.000000000000000000e+00
-5.426772594451904297e+00,3.603520870208740234e+00,0.000000000000000000e+00,0.000000000000000000e+00
-5.773025512695312500e+00,9.051256179809570312e+00,0.000000000000000000e+00,0.000000000000000000e+00
-5.799046039581298828e+00,9.141241073608398438e+00,0.000000000000000000e+00,0.000000000000000000e+00
-5.906453132629394531e+00,9.208033561706542969e+00,0.000000000000000000e+00,0.000000000000000000e+00
-5.902462959289550781e+00,9.109519004821777344e+00,0.000000000000000000e+00,0.000000000000000000e+00
-5.842834472656250000e+00,9.155406951904296875e+00,0.000000000000000000e+00,0.000000000000000000e+00
-5.869865894317626953e+00,9.045943260192871094e+00,0.000000000000000000e+00,0.000000000000000000e+00
-5.345129013061523438e+00,3.508599758148193359e+00,0.000000000000000000e+00,0.000000000000000000e+00
-5.346500873565673828e+00,3.506587982177734375e+00,0.000000000000000000e+00,0.000000000000000000e+00
-5.536356925964355469e+00,3.730971097946166992e+00,0.000000000000000000e+00,0.000000000000000000e+00
-6.122223377227783203e+00,9.369698524475097656e+00,0.000000000000000000e+00,0.000000000000000000e+00
-6.114886283874511719e+00,9.366384506225585938e+00,0.000000000000000000e+00,0.000000000000000000e+00
-5.379081249237060547e+00,3.535849094390869141e+00,0.000000000000000000e+00,0.000000000000000000e+00
-5.906391143798828125e+00,9.079225540161132812e+00,0.000000000000000000e+00,0.000000000000000000e+00
-5.560962200164794922e+00,3.757862806320190430e+00,0.000000000000000000e+00,0.000000000000000000e+00
-5.791299819946289062e+00,9.034779548645019531e+00,0.000000000000000000e+00,0.000000000000000000e+00
-5.545722484588623047e+00,3.741503477096557617e+00,0.000000000000000000e+00,0.000000000000000000e+00
-5.533900260925292969e+00,3.730813503265380859e+00,0.000000000000000000e+00,0.000000000000000000e+00
-6.132240772247314453e+00,9.434185981750488281e+00,0.000000000000000000e+00,0.000000000000000000e+00
-5.131575107574462891e+00,3.067726373672485352e+00,0.000000000000000000e+00,0.000000000000000000e+00
-5.692945480346679688e+00,9.093069076538085938e+00,0.000000000000000000e+00,0.000000000000000000e+00
-5.612757682800292969e+00,8.857003211975097656e+00,0.000000000000000000e+00,0.000000000000000000e+00
-5.499340534210205078e+00,3.701905727386474609e+00,0.000000000000000000e+00,0.000000000000000000e+00
-5.802046298980712891e+00,8.975535392761230469e+00,0.000000000000000000e+00,0.000000000000000000e+00
-6.345459938049316406e+00,9.598030090332031250e+00,0.000000000000000000e+00,0.000000000000000000e+00
-5.793134212493896484e+00,9.025658607482910156e+00,0.000000000000000000e+00,0.000000000000000000e+00
-5.120700359344482422e+00,3.059151649475097656e+00,0.000000000000000000e+00,0.000000000000000000e+00
-5.531877040863037109e+00,3.729847192764282227e+00,0.000000000000000000e+00,0.000000000000000000e+00
-5.107685089111328125e+00,3.045723676681518555e+00,0.000000000000000000e+00,0.000000000000000000e+00
-6.114059448242187500e+00,9.266181945800781250e+00,0.000000000000000000e+00,0.000000000000000000e+00
-5.763103008270263672e+00,9.114747047424316406e+00,0.000000000000000000e+00,0.000000000000000000e+00
-5.565120697021484375e+00,3.761503696441650391e+00,0.000000000000000000e+00,0.000000000000000000e+00
-6.335886955261230469e+00,9.587824821472167969e+00,0.000000000000000000e+00,0.000000000000000000e+00
-5.119591236114501953e+00,3.064833641052246094e+00,0.000000000000000000e+00,0.000000000000000000e+00
-6.218572139739990234e+00,9.490610122680664062e+00,0.000000000000000000e+00,0.000000000000000000e+00
-6.159026145935058594e+00,9.449132919311523438e+00,0.000000000000000000e+00,0.000000000000000000e+00
-5.677064895629882812e+00,8.907623291015625000e+00,0.000000000000000000e+00,0.000000000000000000e+00
-5.748562812805175781e+00,8.972461700439453125e+00,0.000000000000000000e+00,0.000000000000000000e+00
-5.106925487518310547e+00,3.046004295349121094e+00,0.000000000000000000e+00,0.000000000000000000e+00
-5.384977340698242188e+00,3.488845109939575195e+00,0.000000000000000000e+00,0.000000000000000000e+00
-5.814582824707031250e+00,9.100521087646484375e+00,0.000000000000000000e+00,0.000000000000000000e+00
-5.126469135284423828e+00,3.073876380920410156e+00,0.000000000000000000e+00,0.000000000000000000e+00
-6.346971035003662109e+00,9.602729797363281250e+00,0.000000000000000000e+00,0.000000000000000000e+00
-5.720638275146484375e+00,9.048768997192382812e+00,0.000000000000000000e+00,0.000000000000000000e+00
-5.961690902709960938e+00,9.247611045837402344e+00,0.000000000000000000e+00,0.000000000000000000e+00
-5.816568374633789062e+00,9.104872703552246094e+00,0.000000000000000000e+00,0.000000000000000000e+00
-5.747953414916992188e+00,9.016019821166992188e+00,0.000000000000000000e+00,0.000000000000000000e+00
-5.961812973022460938e+00,9.266283035278320312e+00,0.000000000000000000e+00,0.000000000000000000e+00
-5.412156581878662109e+00,3.584839582443237305e+00,0.000000000000000000e+00,0.000000000000000000e+00
-5.917813301086425781e+00,9.261744499206542969e+00,0.000000000000000000e+00,0.000000000000000000e+00
-5.550578117370605469e+00,3.746124982833862305e+00,0.000000000000000000e+00,0.000000000000000000e+00
-5.435914039611816406e+00,3.616139650344848633e+00,0.000000000000000000e+00,0.000000000000000000e+00
-5.358577728271484375e+00,3.518728733062744141e+00,0.000000000000000000e+00,0.000000000000000000e+00
-5.933515071868896484e+00,9.269686698913574219e+00,0.000000000000000000e+00,0.000000000000000000e+00
-5.725234031677246094e+00,8.954893112182617188e+00,0.000000000000000000e+00,0.000000000000000000e+00
-5.345957279205322266e+00,3.526552438735961914e+00,0.000000000000000000e+00,0.000000000000000000e+00
-5.791276454925537109e+00,9.111190795898437500e+00,0.000000000000000000e+00,0.000000000000000000e+00
-6.052228450775146484e+00,9.222117424011230469e+00,0.000000000000000000e+00,0.000000000000000000e+00
-5.740560054779052734e+00,8.999783515930175781e+00,0.000000000000000000e+00,0.000000000000000000e+00
-5.572800636291503906e+00,3.769800186157226562e+00,0.000000000000000000e+00,0.000000000000000000e+00
-5.547374248504638672e+00,3.740500211715698242e+00,0.000000000000000000e+00,0.000000000000000000e+00
-5.461347579956054688e+00,3.653466939926147461e+00,0.000000000000000000e+00,0.000000000000000000e+00
-6.141238689422607422e+00,9.427185058593750000e+00,0.000000000000000000e+00,0.000000000000000000e+00
-5.929186344146728516e+00,9.278361320495605469e+00,0.000000000000000000e+00,0.000000000000000000e+00
-6.347769260406494141e+00,9.604828834533691406e+00,0.000000000000000000e+00,0.000000000000000000e+00
-5.779940605163574219e+00,9.023648262023925781e+00,0.000000000000000000e+00,0.000000000000000000e+00
-5.866979598999023438e+00,9.261925697326660156e+00,0.000000000000000000e+00,0.000000000000000000e+00
-5.975159645080566406e+00,9.269439697265625000e+00,0.000000000000000000e+00,0.000000000000000000e+00
-5.756580829620361328e+00,9.084191322326660156e+00,0.000000000000000000e+00,0.000000000000000000e+00
-5.781377792358398438e+00,9.045054435729980469e+00,0.000000000000000000e+00,0.000000000000000000e+00
-5.785398960113525391e+00,9.075281143188476562e+00,0.000000000000000000e+00,0.000000000000000000e+00
-5.369869709014892578e+00,3.522819757461547852e+00,0.000000000000000000e+00,0.000000000000000000e+00
-5.753148078918457031e+00,9.070919036865234375e+00,0.000000000000000000e+00,0.000000000000000000e+00
-5.772901058197021484e+00,9.035998344421386719e+00,0.000000000000000000e+00,0.000000000000000000e+00
-5.821985244750976562e+00,8.998282432556152344e+00,0.000000000000000000e+00,0.000000000000000000e+00
-5.979083538055419922e+00,9.277590751647949219e+00,0.000000000000000000e+00,0.000000000000000000e+00
-6.107556819915771484e+00,9.314929962158203125e+00,0.000000000000000000e+00,0.000000000000000000e+00
-5.532729625701904297e+00,3.724585771560668945e+00,0.000000000000000000e+00,0.000000000000000000e+00
-6.001519680023193359e+00,9.317600250244140625e+00,0.000000000000000000e+00,0.000000000000000000e+00
-6.345259189605712891e+00,9.598386764526367188e+00,0.000000000000000000e+00,0.000000000000000000e+00
-5.793276786804199219e+00,9.034063339233398438e+00,0.000000000000000000e+00,0.000000000000000000e+00
-5.843337059020996094e+00,9.135190963745117188e+00,0.000000000000000000e+00,0.000000000000000000e+00
-5.360936164855957031e+00,3.523762702941894531e+00,0.000000000000000000e+00,0.000000000000000000e+00
-5.844443798065185547e+00,9.000163078308105469e+00,0.000000000000000000e+00,0.000000000000000000e+00
-5.556399345397949219e+00,3.751652717590332031e+00,0.000000000000000000e+00,0.000000000000000000e+00
-5.715980529785156250e+00,9.021920204162597656e+00,0.000000000000000000e+00,0.000000000000000000e+00
-6.130880355834960938e+00,9.288980484008789062e+00,0.000000000000000000e+00,0.000000000000000000e+00
-5.868497371673583984e+00,9.184473037719726562e+00,0.000000000000000000e+00,0.000000000000000000e+00
-5.828548431396484375e+00,9.144047737121582031e+00,0.000000000000000000e+00,0.000000000000000000e+00
-6.324572086334228516e+00,9.580882072448730469e+00,0.000000000000000000e+00,0.000000000000000000e+00
-5.760282039642333984e+00,9.042041778564453125e+00,0.000000000000000000e+00,0.000000000000000000e+00
-6.006855010986328125e+00,9.317743301391601562e+00,0.000000000000000000e+00,0.000000000000000000e+00
-6.179723262786865234e+00,9.456887245178222656e+00,0.000000000000000000e+00,0.000000000000000000e+00
-5.985753536224365234e+00,9.265201568603515625e+00,0.000000000000000000e+00,0.000000000000000000e+00
-5.746739387512207031e+00,9.002757072448730469e+00,0.000000000000000000e+00,0.000000000000000000e+00
-5.752383708953857422e+00,9.062972068786621094e+00,0.000000000000000000e+00,0.000000000000000000e+00
-5.506844520568847656e+00,3.692167282104492188e+00,0.000000000000000000e+00,0.000000000000000000e+00
-5.708850860595703125e+00,8.962268829345703125e+00,0.000000000000000000e+00,0.000000000000000000e+00
-6.045701503753662109e+00,9.318840026855468750e+00,0.000000000000000000e+00,0.000000000000000000e+00
-5.667087078094482422e+00,8.972970962524414062e+00,0.000000000000000000e+00,0.000000000000000000e+00
-5.125224113464355469e+00,3.064045429229736328e+00,0.000000000000000000e+00,0.000000000000000000e+00
-5.345689296722412109e+00,3.511124134063720703e+00,0.000000000000000000e+00,0.000000000000000000e+00
-5.579900741577148438e+00,3.771595239639282227e+00,0.000000000000000000e+00,0.000000000000000000e+00
-5.084474563598632812e+00,3.056324720382690430e+00,0.000000000000000000e+00,0.000000000000000000e+00
2.630145072937011719e+01,1.091084671020507812e+01,1.000000000000000000e+00,0.000000000000000000e+00
2.472936820983886719e+01,1.054632759094238281e+01,1.000000000000000000e+00,0.000000000000000000e+00
1.546999740600585938e+01,-3.840157091617584229e-01,1.000000000000000000e+00,0.000000000000000000e+00
2.515344047546386719e+01,1.056180000305175781e+01,1.000000000000000000e+00,0.000000000000000000e+00
2.627498626708984375e+01,1.086765956878662109e+01,1.000000000000000000e+00,0.000000000000000000e+00
2.633155250549316406e+01,1.099219799041748047e+01,1.000000000000000000e+00,0.000000000000000000e+00
2.539631080627441406e+01,1.119258785247802734e+01,1.000000000000000000e+00,0.000000000000000000e+00
2.575107192993164062e+01,1.070049953460693359e+01,1.000000000000000000e+00,0.000000000000000000e+00
2.639167785644531250e+01,1.102893829345703125e+01,1.000000000000000000e+00,0.000000000000000000e+00
2.639127922058105469e+01,1.099173545837402344e+01,1.000000000000000000e+00,0.000000000000000000e+00
1.542254257202148438e+01,-3.265841305255889893e-01,1.000000000000000000e+00,0.000000000000000000e+00
2.585593795776367188e+01,1.070475959777832031e+01,1.000000000000000000e+00,0.000000000000000000e+00
2.517750167846679688e+01,1.060090637207031250e+01,1.000000000000000000e+00,0.000000000000000000e+00
1.548368358612060547e+01,-4.002858102321624756e-01,1.000000000000000000e+00,0.000000000000000000e+00
2.538410949707031250e+01,1.142761516571044922e+01,1.000000000000000000e+00,0.000000000000000000e+00
2.612767601013183594e+01,1.079072570800781250e+01,1.000000000000000000e+00,0.000000000000000000e+00
2.619946289062500000e+01,1.082700061798095703e+01,1.000000000000000000e+00,0.000000000000000000e+00
2.533680915832519531e+01,1.058508872985839844e+01,1.000000000000000000e+00,0.000000000000000000e+00
1.560803508758544922e+01,-4.652098119258880615e-01,1.000000000000000000e+00,0.000000000000000000e+00
2.553670501708984375e+01,1.061972999572753906e+01,1.000000000000000000e+00,0.000000000000000000e+00
2.643227767944335938e+01,1.096914005279541016e+01,1.000000000000000000e+00,0.000000000000000000e+00
1.551077175140380859e+01,-4.186915755271911621e-01,1.000000000000000000e+00,0.000000000000000000e+00
1.558699893951416016e+01,-4.592797160148620605e-01,1.000000000000000000e+00,0.000000000000000000e+00
1.545269680023193359e+01,-3.631369471549987793e-01,1.000000000000000000e+00,0.000000000000000000e+00
2.612865066528320312e+01,1.079178714752197266e+01,1.000000000000000000e+00,0.000000000000000000e+00
2.642499923706054688e+01,1.101411151885986328e+01,1.000000000000000000e+00,0.000000000000000000e+00
2.638308525085449219e+01,1.093934345245361328e+01,1.000000000000000000e+00,0.000000000000000000e+00
2.616025733947753906e+01,1.078901576995849609e+01,1.000000000000000000e+00,0.000000000000000000e+00
2.608389282226562500e+01,1.075997066497802734e+01,1.000000000000000000e+00,0.000000000000000000e+00
2.598788070678710938e+01,1.068244838714599609e+01,1.000000000000000000e+00,0.000000000000000000e+00
2.607696723937988281e+01,1.075459194183349609e+01,1.000000000000000000e+00,0.000000000000000000e+00
2.642033386230468750e+01,1.104740238189697266e+01,1.000000000000000000e+00,0.000000000000000000e+00
2.520086288452148438e+01,1.057427024841308594e+01,1.000000000000000000e+00,0.000000000000000000e+00
1.559491729736328125e+01,-4.577645659446716309e-01,1.000000000000000000e+00,0.000000000000000000e+00
1.548695182800292969e+01,-4.031001627445220947e-01,1.000000000000000000e+00,0.000000000000000000e+00
2.601757431030273438e+01,1.069696998596191406e+01,1.000000000000000000e+00,0.000000000000000000e+00
2.631374740600585938e+01,1.095668315887451172e+01,1.000000000000000000e+00,0.000000000000000000e+00
2.641135787963867188e+01,1.092268848419189453e+01,1.000000000000000000e+00,0.000000000000000000e+00
2.544779777526855469e+01,1.142425537109375000e+01,1.000000000000000000e+00,0.000000000000000000e+00
1.549856472015380859e+01,-4.059334099292755127e-01,1.000000000000000000e+00,0.000000000000000000e+00
2.642313003540039062e+01,1.095939064025878906e+01,1.000000000000000000e+00,0.000000000000000000e+00
1.559954166412353516e+01,-4.605303704738616943e-01,1.000000000000000000e+00,0.000000000000000000e+00
2.639820480346679688e+01,1.102130031585693359e+01,1.000000000000000000e+00,0.000000000000000000e+00
2.637111663818359375e+01,1.101279735565185547e+01,1.000000000000000000e+00,0.000000000000000000e+00
2.636495971679687500e+01,1.091047573089599609e+01,1.000000000000000000e+00,0.000000000000000000e+00
2.552546310424804688e+01,1.141708946228027344e+01,1.000000000000000000e+00,0.000000000000000000e+00
2.522802734375000000e+01,1.057774734497070312e+01,1.000000000000000000e+00,0.000000000000000000e+00
2.571290588378906250e+01,1.065551280975341797e+01,1.000000000000000000e+00,0.000000000000000000e+00
2.543338966369628906e+01,1.145410060882568359e+01,1.000000000000000000e+00,0.000000000000000000e+00
2.518983650207519531e+01,1.058488368988037109e+01,1.000000000000000000e+00,0.000000000000000000e+00
2.642354965209960938e+01,1.096599674224853516e+01,1.000000000000000000e+00,0.000000000000000000e+00
2.515157318115234375e+01,1.055116176605224609e+01,1.000000000000000000e+00,0.000000000000000000e+00
2.519773864746093750e+01,1.057582473754882812e+01,1.000000000000000000e+00,0.000000000000000000e+00
2.474992942810058594e+01,1.058375740051269531e+01,1.000000000000000000e+00,0.000000000000000000e+00
2.614558410644531250e+01,1.083462238311767578e+01,1.000000000000000000e+00,0.000000000000000000e+00
1.548589229583740234e+01,-3.801438212394714355e-01,1.000000000000000000e+00,0.000000000000000000e+00
2.596065330505371094e+01,1.068642425537109375e+01,1.000000000000000000e+00,0.000000000000000000e+00
2.577644348144531250e+01,1.070931625366210938e+01,1.000000000000000000e+00,0.000000000000000000e+00
2.593977546691894531e+01,1.068085575103759766e+01,1.000000000000000000e+00,0.000000000000000000e+00
2.631470870971679688e+01,1.096586799621582031e+01,1.000000000000000000e+00,0.000000000000000000e+00
2.605693054199218750e+01,1.073435783386230469e+01,1.000000000000000000e+00,0.000000000000000000e+00
2.630009078979492188e+01,1.096238708496093750e+01,1.000000000000000000e+00,0.000000000000000000e+00
2.530703163146972656e+01,1.094508266448974609e+01,1.000000000000000000e+00,0.000000000000000000e+00
2.634655380249023438e+01,1.097385120391845703e+01,1.000000000000000000e+00,0.000000000000000000e+00
2.603453445434570312e+01,1.071832752227783203e+01,1.000000000000000000e+00,0.000000000000000000e+00
2.543778038024902344e+01,1.143938827514648438e+01,1.000000000000000000e+00,0.000000000000000000e+00
2.581642532348632812e+01,1.068773460388183594e+01,1.000000000000000000e+00,0.000000000000000000e+00
1.546948337554931641e+01,-3.906406760215759277e-01,1.000000000000000000e+00,0.000000000000000000e+00
2.591357803344726562e+01,1.067807483673095703e+01,1.000000000000000000e+00,0.000000000000000000e+00
2.639952278137207031e+01,1.105218601226806641e+01,1.000000000000000000e+00,0.000000000000000000e+00
2.518346023559570312e+01,1.057498455047607422e+01,1.000000000000000000e+00,0.000000000000000000e+00
1.544352340698242188e+01,-3.458896577358245850e-01,1.000000000000000000e+00,0.000000000000000000e+00
2.544617080688476562e+01,1.144786357879638672e+01,1.000000000000000000e+00,0.000000000000000000e+00
2.587781143188476562e+01,1.070163154602050781e+01,1.000000000000000000e+00,0.000000000000000000e+00
2.639153480529785156e+01,1.092037582397460938e+01,1.000000000000000000e+00,0.000000000000000000e+00
2.631818389892578125e+01,1.100919723510742188e+01,1.000000000000000000e+00,0.000000000000000000e+00
2.538579750061035156e+01,1.141391563415527344e+01,1.000000000000000000e+00,0.000000000000000000e+00
2.624077606201171875e+01,1.086315441131591797e+01,1.000000000000000000e+00,0.000000000000000000e+00
2.582669639587402344e+01,1.071299171447753906e+01,1.000000000000000000e+00,0.000000000000000000e+00
2.640936279296875000e+01,1.104679584503173828e+01,1.000000000000000000e+00,0.000000000000000000e+00
2.522929763793945312e+01,1.058192062377929688e+01,1.000000000000000000e+00,0.000000000000000000e+00
2.635155868530273438e+01,1.096281719207763672e+01,1.000000000000000000e+00,0.000000000000000000e+00
2.636728668212890625e+01,1.100865840911865234e+01,1.000000000000000000e+00,0.000000000000000000e+00
2.513954162597656250e+01,1.054484653472900391e+01,1.000000000000000000e+00,0.000000000000000000e+00
2.581061744689941406e+01,1.067048835754394531e+01,1.000000000000000000e+00,0.000000000000000000e+00
2.592886543273925781e+01,1.069766044616699219e+01,1.000000000000000000e+00,0.000000000000000000e+00
2.642171859741210938e+01,1.095885181427001953e+01,1.000000000000000000e+00,0.000000000000000000e+00
1.548383998870849609e+01,-4.030176699161529541e-01,1.000000000000000000e+00,0.000000000000000000e+00
2.517367744445800781e+01,1.058285522460937500e+01,1.000000000000000000e+00,0.000000000000000000e+00
2.566817855834960938e+01,1.065031433105468750e+01,1.000000000000000000e+00,0.000000000000000000e+00
1.547908306121826172e+01,-3.747324049472808838e-01,1.000000000000000000e+00,0.000000000000000000e+00
2.546540260314941406e+01,1.143643474578857422e+01,1.000000000000000000e+00,0.000000000000000000e+00
2.491927528381347656e+01,1.056175136566162109e+01,1.000000000000000000e+00,0.000000000000000000e+00
2.617283058166503906e+01,1.081497097015380859e+01,1.000000000000000000e+00,0.000000000000000000e+00
2.541579055786132812e+01,1.145458793640136719e+01,1.000000000000000000e+00,0.000000000000000000e+00
2.629158782958984375e+01,1.090210628509521484e+01,1.000000000000000000e+00,0.000000000000000000e+00
2.635483932495117188e+01,1.105219078063964844e+01,1.000000000000000000e+00,0.000000000000000000e+00
1.542719364166259766e+01,-3.412336707115173340e-01,1.000000000000000000e+00,0.000000000000000000e+00
2.520013618469238281e+01,1.058495140075683594e+01,1.000000000000000000e+00,0.000000000000000000e+00
2.511311531066894531e+01,1.056845378875732422e+01,1.000000000000000000e+00,0.000000000000000000e+00
2.583234596252441406e+01,1.069496536254882812e+01,1.000000000000000000e+00,0.000000000000000000e+00
2.557546424865722656e+01,1.137353801727294922e+01,1.000000000000000000e+00,0.000000000000000000e+00
2.555861282348632812e+01,1.060785484313964844e+01,1.000000000000000000e+00,0.000000000000000000e+00
1.549814701080322266e+01,-4.122207462787628174e-01,1.000000000000000000e+00,0.000000000000000000e+00
2.578109741210937500e+01,1.071289443969726562e+01,1.000000000000000000e+00,0.000000000000000000e+00
2.608304023742675781e+01,1.075425815582275391e+01,1.000000000000000000e+00,0.000000000000000000e+00
2.565300369262695312e+01,1.064103317260742188e+01,1.000000000000000000e+00,0.000000000000000000e+00
2.538575553894042969e+01,1.139137458801269531e+01,1.000000000000000000e+00,0.000000000000000000e+00
2.543744659423828125e+01,1.144474887847900391e+01,1.000000000000000000e+00,0.000000000000000000e+00
2.634928131103515625e+01,1.093370723724365234e+01,1.000000000000000000e+00,0.000000000000000000e+00
2.518572235107421875e+01,1.058274936676025391e+01,1.000000000000000000e+00,0.000000000000000000e+00
2.614049530029296875e+01,1.076787567138671875e+01,1.000000000000000000e+00,0.000000000000000000e+00
2.514686393737792969e+01,1.060775852203369141e+01,1.000000000000000000e+00,0.000000000000000000e+00
2.521561622619628906e+01,1.056925773620605469e+01,1.000000000000000000e+00,0.000000000000000000e+00
2.638434791564941406e+01,1.095269680023193359e+01,1.000000000000000000e+00,0.000000000000000000e+00
2.629730224609375000e+01,1.089484596252441406e+01,1.000000000000000000e+00,0.000000000000000000e+00
2.629847335815429688e+01,1.099927616119384766e+01,1.000000000000000000e+00,0.000000000000000000e+00
1.541775131225585938e+01,-3.350320458412170410e-01,1.000000000000000000e+00,0.000000000000000000e+00
1.559903144836425781e+01,-4.609164893627166748e-01,1.000000000000000000e+00,0.000000000000000000e+00
2.635983848571777344e+01,1.089624404907226562e+01,1.000000000000000000e+00,0.000000000000000000e+00
2.612801551818847656e+01,1.075659561157226562e+01,1.000000000000000000e+00,0.000000000000000000e+00
2.537220382690429688e+01,1.140201568603515625e+01,1.000000000000000000e+00,0.000000000000000000e+00
2.542772293090820312e+01,1.146045875549316406e+01,1.000000000000000000e+00,0.000000000000000000e+00
2.633451461791992188e+01,1.089348411560058594e+01,1.000000000000000000e+00,0.000000000000000000e+00
1.550594139099121094e+01,-4.083153605461120605e-01,1.000000000000000000e+00,0.000000000000000000e+00
2.622188377380371094e+01,1.086889266967773438e+01,1.000000000000000000e+00,0.000000000000000000e+00
1.543137931823730469e+01,-3.366421759128570557e-01,1.000000000000000000e+00,0.000000000000000000e+00
1.544891452789306641e+01,-3.476127088069915771e-01,1.000000000000000000e+00,0.000000000000000000e+00
2.555431175231933594e+01,1.061036109924316406e+01,1.000000000000000000e+00,0.000000000000000000e+00
2.632613754272460938e+01,1.096162700653076172e+01,1.000000000000000000e+00,0.000000000000000000e+00
2.617811203002929688e+01,1.081043815612792969e+01,1.000000000000000000e+00,0.000000000000000000e+00
2.642154884338378906e+01,1.100961303710937500e+01,1.000000000000000000e+00,0.000000000000000000e+00
2.491018486022949219e+01,1.056434822082519531e+01,1.000000000000000000e+00,0.000000000000000000e+00
1.551639366149902344e+01,-4.258813560009002686e-01,1.000000000000000000e+00,0.000000000000000000e+00
1.554535484313964844e+01,-4.400053024291992188e-01,1.000000000000000000e+00,0.000000000000000000e+00
2.535354614257812500e+01,1.137442588806152344e+01,1.000000000000000000e+00,0.000000000000000000e+00
2.515348243713378906e+01,1.062504291534423828e+01,1.000000000000000000e+00,0.000000000000000000e+00
1.559462833404541016e+01,-4.571684300899505615e-01,1.000000000000000000e+00,0.000000000000000000e+00
2.641727447509765625e+01,1.105904197692871094e+01,1.000000000000000000e+00,0.000000000000000000e+00
2.538618469238281250e+01,1.144060993194580078e+01,1.000000000000000000e+00,0.000000000000000000e+00
2.645239448547363281e+01,1.098535156250000000e+01,1.000000000000000000e+00,0.000000000000000000e+00
1.554008483886718750e+01,-4.332669377326965332e-01,1.000000000000000000e+00,0.000000000000000000e+00
2.636743736267089844e+01,1.095635795593261719e+01,1.000000000000000000e+00,0.000000000000000000e+00
2.635009384155273438e+01,1.097009658813476562e+01,1.000000000000000000e+00,0.000000000000000000e+00
2.576390457153320312e+01,1.070122432708740234e+01,1.000000000000000000e+00,0.000000000000000000e+00
2.512491035461425781e+01,1.058492374420166016e+01,1.000000000000000000e+00,0.000000000000000000e+00
2.499700927734375000e+01,1.056744384765625000e+01,1.000000000000000000e+00,0.000000000000000000e+00
2.514636230468750000e+01,1.054187965393066406e+01,1.000000000000000000e+00,0.000000000000000000e+00
2.520078849792480469e+01,1.058221340179443359e+01,1.000000000000000000e+00,0.000000000000000000e+00
2.552525138854980469e+01,1.062668323516845703e+01,1.000000000000000000e+00,0.000000000000000000e+00
2.640626525878906250e+01,1.104208469390869141e+01,1.000000000000000000e+00,0.000000000000000000e+00
2.517889785766601562e+01,1.056326675415039062e+01,1.000000000000000000e+00,0.000000000000000000e+00
2.604512023925781250e+01,1.072205162048339844e+01,1.000000000000000000e+00,0.000000000000000000e+00
1.548896503448486328e+01,-4.066231250762939453e-01,1.000000000000000000e+00,0.000000000000000000e+00
2.611778640747070312e+01,1.074940013885498047e+01,1.000000000000000000e+00,0.000000000000000000e+00
1.548864078521728516e+01,-3.984417319297790527e-01,1.000000000000000000e+00,0.000000000000000000e+00
2.543131637573242188e+01,1.146004676818847656e+01,1.000000000000000000e+00,0.000000000000000000e+00
2.623709106445312500e+01,1.085357952117919922e+01,1.000000000000000000e+00,0.000000000000000000e+00
2.640682029724121094e+01,1.092302227020263672e+01,1.000000000000000000e+00,0.000000000000000000e+00
2.643435287475585938e+01,1.096015834808349609e+01,1.000000000000000000e+00,0.000000000000000000e+00
2.538501358032226562e+01,1.140539264678955078e+01,1.000000000000000000e+00,0.000000000000000000e+00
2.542630195617675781e+01,1.146003150939941406e+01,1.000000000000000000e+00,0.000000000000000000e+00
2.514919853210449219e+01,1.055577468872070312e+01,1.000000000000000000e+00,0.000000000000000000e+00
2.608976173400878906e+01,1.077121067047119141e+01,1.000000000000000000e+00,0.000000000000000000e+00
1.547958850860595703e+01,-3.954658806324005127e-01,1.000000000000000000e+00,0.000000000000000000e+00
2.539334297180175781e+01,1.143587493896484375e+01,1.000000000000000000e+00,0.000000000000000000e+00
2.539199638366699219e+01,1.142722129821777344e+01,1.000000000000000000e+00,0.000000000000000000e+00
2.543281555175781250e+01,1.145833110809326172e+01,1.000000000000000000e+00,0.000000000000000000e+00
2.640513038635253906e+01,1.095046997070312500e+01,1.000000000000000000e+00,0.000000000000000000e+00
2.610366439819335938e+01,1.078546237945556641e+01,1.000000000000000000e+00,0.000000000000000000e+00
2.540814399719238281e+01,1.145803451538085938e+01,1.000000000000000000e+00,0.000000000000000000e+00
2.643105506896972656e+01,1.097582340240478516e+01,1.000000000000000000e+00,0.000000000000000000e+00
1.560432338714599609e+01,-4.637303352355957031e-01,1.000000000000000000e+00,0.000000000000000000e+00
2.538440704345703125e+01,1.121323394775390625e+01,1.000000000000000000e+00,0.000000000000000000e+00
1.553298282623291016e+01,-4.568050801753997803e-01,1.000000000000000000e+00,0.000000000000000000e+00
2.638959121704101562e+01,1.095232582092285156e+01,1.000000000000000000e+00,0.000000000000000000e+00
2.609834480285644531e+01,1.109144210815429688e+01,1.000000000000000000e+00,0.000000000000000000e+00
1.543222904205322266e+01,-3.377846479415893555e-01,1.000000000000000000e+00,0.000000000000000000e+00
2.641313362121582031e+01,1.088644695281982422e+01,1.000000000000000000e+00,0.000000000000000000e+00
2.540056991577148438e+01,1.144744205474853516e+01,1.000000000000000000e+00,0.000000000000000000e+00
2.571211433410644531e+01,1.068030834197998047e+01,1.000000000000000000e+00,0.000000000000000000e+00
2.585048103332519531e+01,1.066821861267089844e+01,1.000000000000000000e+00,0.000000000000000000e+00
2.517657089233398438e+01,1.063518810272216797e+01,1.000000000000000000e+00,0.000000000000000000e+00
2.578774642944335938e+01,1.069867706298828125e+01,1.000000000000000000e+00,0.000000000000000000e+00
2.560849571228027344e+01,1.137343692779541016e+01,1.000000000000000000e+00,0.000000000000000000e+00
2.641163825988769531e+01,1.103577995300292969e+01,1.000000000000000000e+00,0.000000000000000000e+00
2.596323585510253906e+01,1.069122028350830078e+01,1.000000000000000000e+00,0.000000000000000000e+00
1.548991680145263672e+01,-4.023936688899993896e-01,1.000000000000000000e+00,0.000000000000000000e+00
2.638317298889160156e+01,1.092496871948242188e+01,1.000000000000000000e+00,0.000000000000000000e+00
2.643038177490234375e+01,1.101161575317382812e+01,1.000000000000000000e+00,0.000000000000000000e+00
2.517287635803222656e+01,1.053982257843017578e+01,1.000000000000000000e+00,0.000000000000000000e+00
2.536655235290527344e+01,1.136896133422851562e+01,1.000000000000000000e+00,0.000000000000000000e+00
1.550569343566894531e+01,-4.129022657871246338e-01,1.000000000000000000e+00,0.000000000000000000e+00
2.611077499389648438e+01,1.075167560577392578e+01,1.000000000000000000e+00,0.000000000000000000e+00
2.612820434570312500e+01,1.075808525085449219e+01,1.000000000000000000e+00,0.000000000000000000e+00
2.608151054382324219e+01,1.075206279754638672e+01,1.000000000000000000e+00,0.000000000000000000e+00
2.511439514160156250e+01,1.058605861663818359e+01,1.000000000000000000e+00,0.000000000000000000e+00
1.560486888885498047e+01,-4.719649851322174072e-01,1.000000000000000000e+00,0.000000000000000000e+00
2.517955207824707031e+01,1.059900379180908203e+01,1.000000000000000000e+00,0.000000000000000000e+00
2.629272270202636719e+01,1.096494674682617188e+01,1.000000000000000000e+00,0.000000000000000000e+00
2.632413673400878906e+01,1.101098632812500000e+01,1.000000000000000000e+00,0.000000000000000000e+00
2.586007118225097656e+01,1.069276618957519531e+01,1.000000000000000000e+00,0.000000000000000000e+00
2.644059562683105469e+01,1.104323101043701172e+01,1.000000000000000000e+00,0.000000000000000000e+00
1.552929115295410156e+01,-4.217934906482696533e-01,1.000000000000000000e+00,0.000000000000000000e+00
2.640867614746093750e+01,1.097713470458984375e+01,1.000000000000000000e+00,0.000000000000000000e+00
2.564983177185058594e+01,1.064790916442871094e+01,1.000000000000000000e+00,0.000000000000000000e+00
2.558417129516601562e+01,1.062410640716552734e+01,1.000000000000000000e+00,0.000000000000000000e+00
2.542799758911132812e+01,1.145939731597900391e+01,1.000000000000000000e+00,0.000000000000000000e+00
2.526442909240722656e+01,1.057251644134521484e+01,1.000000000000000000e+00,0.000000000000000000e+00
2.638027572631835938e+01,1.092651653289794922e+01,1.000000000000000000e+00,0.000000000000000000e+00
-1.418013811111450195e+00,1.206440210342407227e+00,2.000000000000000000e+00,0.000000000000000000e+00
-2.292870521545410156e+00,1.485295057296752930e+00,2.000000000000000000e+00,0.000000000000000000e+00
-1.383834004402160645e+00,1.204347372055053711e+00,2.000000000000000000e+00,0.000000000000000000e+00
-2.970143556594848633e+00,1.022528648376464844e+00,2.000000000000000000e+00,0.000000000000000000e+00
-3.214229345321655273e+00,9.583459496498107910e-01,2.000000000000000000e+00,0.000000000000000000e+00
-1.138429999351501465e+00,9.497008919715881348e-01,2.000000000000000000e+00,0.000000000000000000e+00
-2.469390630722045898e+00,1.492037892341613770e+00,2.000000000000000000e+00,0.000000000000000000e+00
-1.232706308364868164e+00,9.996715784072875977e-01,2.000000000000000000e+00,0.000000000000000000e+00
-2.910298109054565430e+00,9.877465367317199707e-01,2.000000000000000000e+00,0.000000000000000000e+00
-2.964767456054687500e+00,1.056639671325683594e+00,2.000000000000000000e+00,0.000000000000000000e+00
-1.203703403472900391e+00,1.032805919647216797e+00,2.000000000000000000e+00,0.000000000000000000e+00
-2.965801954269409180e+00,1.199225306510925293e+00,2.000000000000000000e+00,0.000000000000000000e+00
-1.312627673149108887e+00,9.621214866638183594e-01,2.000000000000000000e+00,0.000000000000000000e+00
-3.230024099349975586e+00,8.937896490097045898e-01,2.000000000000000000e+00,0.000000000000000000e+00
-1.337590932846069336e+00,1.162891864776611328e+00,2.000000000000000000e+00,0.000000000000000000e+00
-2.444028139114379883e+00,1.435734272003173828e+00,2.000000000000000000e+00,0.000000000000000000e+00
-3.068507909774780273e+00,1.095571756362915039e+00,2.000000000000000000e+00,0.000000000000000000e+00
-1.296386599540710449e+00,9.530836343765258789e-01,2.000000000000000000e+00,0.000000000000000000e+00
-1.294791460037231445e+00,1.096222996711730957e+00,2.000000000000000000e+00,0.000000000000000000e+00
-1.201249718666076660e+00,1.010537385940551758e+00,2.000000000000000000e+00,0.000000000000000000e+00
-2.476409435272216797e+00,1.503850579261779785e+00,2.000000000000000000e+00,0.000000000000000000e+00
-3.311729669570922852e+00,8.405619263648986816e-01,2.000000000000000000e+00,0.000000000000000000e+00
-1.141343355178833008e+00,9.536682367324829102e-01,2.000000000000000000e+00,0.000000000000000000e+00
-3.000863313674926758e+00,9.926473498344421387e-01,2.000000000000000000e+00,0.000000000000000000e+00
-3.267293930053710938e+00,8.927087783813476562e-01,2.000000000000000000e+00,0.000000000000000000e+00
-2.540710687637329102e+00,1.442772030830383301e+00,2.000000000000000000e+00,0.000000000000000000e+00
-1.330453395843505859e+00,9.540885090827941895e-01,2.000000000000000000e+00,0.000000000000000000e+00
-3.310075759887695312e+00,8.422874808311462402e-01,2.000000000000000000e+00,0.000000000000000000e+00
-2.450804710388183594e+00,1.462528228759765625e+00,2.000000000000000000e+00,0.000000000000000000e+00
-3.231183052062988281e+00,9.288751482963562012e-01,2.000000000000000000e+00,0.000000000000000000e+00
-1.287619113922119141e+00,1.115730047225952148e+00,2.000000000000000000e+00,0.000000000000000000e+00
-3.303712606430053711e+00,8.254734277725219727e-01,2.000000000000000000e+00,0.000000000000000000e+00
-2.975560426712036133e+00,1.036550998687744141e+00,2.000000000000000000e+00,0.000000000000000000e+00
-2.936565160751342773e+00,1.061895370483398438e+00,2.000000000000000000e+00,0.000000000000000000e+00
-1.154064416885375977e+00,9.532598853111267090e-01,2.000000000000000000e+00,0.000000000000000000e+00
-1.289130568504333496e+00,1.103671669960021973e+00,2.000000000000000000e+00,0.000000000000000000e+00
-1.271108508110046387e+00,1.080808043479919434e+00,2.000000000000000000e+00,0.000000000000000000e+00
-3.308039903640747070e+00,8.522735238075256348e-01,2.000000000000000000e+00,0.000000000000000000e+00
-2.577545166015625000e+00,1.449456810951232910e+00,2.000000000000000000e+00,0.000000000000000000e+00
-2.590390205383300781e+00,1.441915869712829590e+00,2.000000000000000000e+00,0.000000000000000000e+00
-1.142558217048645020e+00,9.382811188697814941e-01,2.000000000000000000e+00,0.000000000000000000e+00
-1.246360421180725098e+00,1.101394534111022949e+00,2.000000000000000000e+00,0.000000000000000000e+00
-3.276129722595214844e+00,8.799268007278442383e-01,2.000000000000000000e+00,0.000000000000000000e+00
-2.845529079437255859e+00,1.285440087318420410e+00,2.000000000000000000e+00,0.000000000000000000e+00
-2.936326265335083008e+00,9.584159255027770996e-01,2.000000000000000000e+00,0.000000000000000000e+00
-3.019160270690917969e+00,9.797848463058471680e-01,2.000000000000000000e+00,0.000000000000000000e+00
-3.319248676300048828e+00,8.332872390747070312e-01,2.000000000000000000e+00,0.000000000000000000e+00
-3.261176586151123047e+00,-4.534815788269042969e+00,2.000000000000000000e+00,0.000000000000000000e+00
-2.374618530273437500e+00,1.492891669273376465e+00,2.000000000000000000e+00,0.000000000000000000e+00
-1.142165899276733398e+00,9.462696313858032227e-01,2.000000000000000000e+00,0.000000000000000000e+00
-2.497369527816772461e+00,1.476009845733642578e+00,2.000000000000000000e+00,0.000000000000000000e+00
-1.253957986831665039e+00,1.026295781135559082e+00,2.000000000000000000e+00,0.000000000000000000e+00
-2.342721462249755859e+00,1.529056787490844727e+00,2.000000000000000000e+00,0.000000000000000000e+00
-2.948175191879272461e+00,1.048547387123107910e+00,2.000000000000000000e+00,0.000000000000000000e+00
-2.551851987838745117e+00,1.432898640632629395e+00,2.000000000000000000e+00,0.000000000000000000e+00
-2.955018043518066406e+00,1.033573508262634277e+00,2.000000000000000000e+00,0.000000000000000000e+00
-2.898597717285156250e+00,1.102234482765197754e+00,2.000000000000000000e+00,0.000000000000000000e+00
-2.578567743301391602e+00,1.472356915473937988e+00,2.000000000000000000e+00,0.000000000000000000e+00
-1.362698435783386230e+00,9.050753712654113770e-01,2.000000000000000000e+00,0.000000000000000000e+00
1.707539176940917969e+01,-1.155055046081542969e+01,2.000000000000000000e+00,0.000000000000000000e+00
-1.279861092567443848e+00,1.091702342033386230e+00,2.000000000000000000e+00,0.000000000000000000e+00
-1.108118057250976562e+00,9.159330129623413086e-01,2.000000000000000000e+00,0.000000000000000000e+00
-2.412001371383666992e+00,1.467699885368347168e+00,2.000000000000000000e+00,0.000000000000000000e+00
-1.282616376876831055e+00,9.963433742523193359e-01,2.000000000000000000e+00,0.000000000000000000e+00
-2.544878482818603516e+00,1.468250393867492676e+00,2.000000000000000000e+00,0.000000000000000000e+00
-2.573944807052612305e+00,1.464938759803771973e+00,2.000000000000000000e+00,0.000000000000000000e+00
-3.016415596008300781e+00,9.825553894042968750e-01,2.000000000000000000e+00,0.000000000000000000e+00
-1.258629441261291504e+00,9.980300664901733398e-01,2.000000000000000000e+00,0.000000000000000000e+00
-1.426535010337829590e+00,1.205435872077941895e+00,2.000000000000000000e+00,0.000000000000000000e+00
-3.289662837982177734e+00,8.990955948829650879e-01,2.000000000000000000e+00,0.000000000000000000e+00
-3.102243185043334961e+00,1.061028599739074707e+00,2.000000000000000000e+00,0.000000000000000000e+00
-1.303562998771667480e+00,1.101720809936523438e+00,2.000000000000000000e+00,0.000000000000000000e+00
-1.366954088211059570e+00,1.181933283805847168e+00,2.000000000000000000e+00,0.000000000000000000e+00
-1.282870531082153320e+00,1.108694314956665039e+00,2.000000000000000000e+00,0.000000000000000000e+00
-1.195974826812744141e+00,1.018221139907836914e+00,2.000000000000000000e+00,0.000000000000000000e+00
-2.986163377761840820e+00,1.014479517936706543e+00,2.000000000000000000e+00,0.000000000000000000e+00
-1.281839370727539062e+00,1.007050275802612305e+00,2.000000000000000000e+00,0.000000000000000000e+00
-2.909816503524780273e+00,9.490300416946411133e-01,2.000000000000000000e+00,0.000000000000000000e+00
-1.299522280693054199e+00,1.138686299324035645e+00,2.000000000000000000e+00,0.000000000000000000e+00
-2.463212728500366211e+00,1.520906925201416016e+00,2.000000000000000000e+00,0.000000000000000000e+00
-1.150282979011535645e+00,9.539391398429870605e-01,2.000000000000000000e+00,0.000000000000000000e+00
-2.506561756134033203e+00,1.465925693511962891e+00,2.000000000000000000e+00,0.000000000000000000e+00
-2.568923234939575195e+00,1.469333171844482422e+00,2.000000000000000000e+00,0.000000000000000000e+00
-3.298067569732666016e+00,8.961814641952514648e-01,2.000000000000000000e+00,0.000000000000000000e+00
-2.287816524505615234e+00,1.487937331199645996e+00,2.000000000000000000e+00,0.000000000000000000e+00
-2.588571071624755859e+00,1.434318304061889648e+00,2.000000000000000000e+00,0.000000000000000000e+00
-2.507186174392700195e+00,1.481714010238647461e+00,2.000000000000000000e+00,0.000000000000000000e+00
-1.267845511436462402e+00,1.086418151855468750e+00,2.000000000000000000e+00,0.000000000000000000e+00
-3.287648200988769531e+00,8.823046684265136719e-01,2.000000000000000000e+00,0.000000000000000000e+00
-1.353545904159545898e+00,9.134337306022644043e-01,2.000000000000000000e+00,0.000000000000000000e+00
-1.257711648941040039e+00,1.098449230194091797e+00,2.000000000000000000e+00,0.000000000000000000e+00
-1.194450974464416504e+00,1.019394755363464355e+00,2.000000000000000000e+00,0.000000000000000000e+00
-1.306759953498840332e+00,9.962525367736816406e-01,2.000000000000000000e+00,0.000000000000000000e+00
-3.257593154907226562e+00,8.744950890541076660e-01,2.000000000000000000e+00,0.000000000000000000e+00
-3.034632921218872070e+00,1.125091791152954102e+00,2.000000000000000000e+00,0.000000000000000000e+00
-1.207209348678588867e+00,9.960380792617797852e-01,2.000000000000000000e+00,0.000000000000000000e+00
-2.506035804748535156e+00,1.477137804031372070e+00,2.000000000000000000e+00,0.000000000000000000e+00
-2.518908739089965820e+00,1.487208247184753418e+00,2.000000000000000000e+00,0.000000000000000000e+00
1.708951568603515625e+01,-1.166164875030517578e+01,2.000000000000000000e+00,0.000000000000000000e+00
-1.263574957847595215e+00,1.087820887565612793e+00,2.000000000000000000e+00,0.000000000000000000e+00
-1.318502426147460938e+00,1.112794995307922363e+00,2.000000000000000000e+00,0.000000000000000000e+00
-3.031592130661010742e+00,9.795187711715698242e-01,2.000000000000000000e+00,0.000000000000000000e+00
-2.577653646469116211e+00,1.445934772491455078e+00,2.000000000000000000e+00,0.000000000000000000e+00
-3.245294570922851562e+00,9.210872054100036621e-01,2.000000000000000000e+00,0.000000000000000000e+00
-3.248495101928710938e+00,9.067726731300354004e-01,2.000000000000000000e+00,0.000000000000000000e+00
-3.307744026184082031e+00,8.426054120063781738e-01,2.000000000000000000e+00,0.000000000000000000e+00
-1.288866639137268066e+00,1.169188380241394043e+00,2.000000000000000000e+00,0.000000000000000000e+00
-1.272401571273803711e+00,1.109942078590393066e+00,2.000000000000000000e+00,0.000000000000000000e+00
-2.990265846252441406e+00,9.258581995964050293e-01,2.000000000000000000e+00,0.000000000000000000e+00
-2.570048809051513672e+00,1.481390953063964844e+00,2.000000000000000000e+00,0.000000000000000000e+00
-1.341284155845642090e+00,1.174275040626525879e+00,2.000000000000000000e+00,0.000000000000000000e+00
-2.593664646148681641e+00,1.468238592147827148e+00,2.000000000000000000e+00,0.000000000000000000e+00
-3.349472522735595703e+00,8.005823493003845215e-01,2.000000000000000000e+00,0.000000000000000000e+00
-1.275713801383972168e+00,1.114636540412902832e+00,2.000000000000000000e+00,0.000000000000000000e+00
-1.333733081817626953e+00,1.139336466789245605e+00,2.000000000000000000e+00,0.000000000000000000e+00
-1.278426289558410645e+00,1.132262825965881348e+00,2.000000000000000000e+00,0.000000000000000000e+00
-2.549857854843139648e+00,1.518477797508239746e+00,2.000000000000000000e+00,0.000000000000000000e+00
-3.244699478149414062e+00,8.831604123115539551e-01,2.000000000000000000e+00,0.000000000000000000e+00
-3.251947879791259766e+00,8.929433226585388184e-01,2.000000000000000000e+00,0.000000000000000000e+00
-3.270220279693603516e+00,8.832169175148010254e-01,2.000000000000000000e+00,0.000000000000000000e+00
-2.436497211456298828e+00,1.466266989707946777e+00,2.000000000000000000e+00,0.000000000000000000e+00
-3.278827905654907227e+00,8.839425444602966309e-01,2.000000000000000000e+00,0.000000000000000000e+00
-1.316290378570556641e+00,1.160666108131408691e+00,2.000000000000000000e+00,0.000000000000000000e+00
-3.128646850585937500e+00,1.035110354423522949e+00,2.000000000000000000e+00,0.000000000000000000e+00
-2.568724393844604492e+00,1.431082248687744141e+00,2.000000000000000000e+00,0.000000000000000000e+00
-2.164865493774414062e+00,1.444690108299255371e+00,2.000000000000000000e+00,0.000000000000000000e+00
-3.251003265380859375e+00,9.069370627403259277e-01,2.000000000000000000e+00,0.000000000000000000e+00
-1.207407593727111816e+00,9.941293597221374512e-01,2.000000000000000000e+00,0.000000000000000000e+00
-1.337235808372497559e+00,1.091158270835876465e+00,2.000000000000000000e+00,0.000000000000000000e+00
-2.491464614868164062e+00,1.499830365180969238e+00,2.000000000000000000e+00,0.000000000000000000e+00
-2.562936067581176758e+00,1.479872107505798340e+00,2.000000000000000000e+00,0.000000000000000000e+00
-2.365083456039428711e+00,1.480214238166809082e+00,2.000000000000000000e+00,0.000000000000000000e+00
-1.282516121864318848e+00,1.124312758445739746e+00,2.000000000000000000e+00,0.000000000000000000e+00
-1.276576280593872070e+00,1.084366798400878906e+00,2.000000000000000000e+00,0.000000000000000000e+00
-1.277756214141845703e+00,9.892035722732543945e-01,2.000000000000000000e+00,0.000000000000000000e+00
-1.947292566299438477e+00,1.373977303504943848e+00,2.000000000000000000e+00,0.000000000000000000e+00
-2.715284585952758789e+00,1.313110709190368652e+00,2.000000000000000000e+00,0.000000000000000000e+00
-1.265230059623718262e+00,1.119788289070129395e+00,2.000000000000000000e+00,0.000000000000000000e+00
-3.252963304519653320e+00,9.131812453269958496e-01,2.000000000000000000e+00,0.000000000000000000e+00
-3.270037174224853516e+00,8.737589120864868164e-01,2.000000000000000000e+00,0.000000000000000000e+00
-1.075304508209228516e+00,8.803327679634094238e-01,2.000000000000000000e+00,0.000000000000000000e+00
-3.283006906509399414e+00,8.853775262832641602e-01,2.000000000000000000e+00,0.000000000000000000e+00
-2.946321010589599609e+00,1.134097099304199219e+00,2.000000000000000000e+00,0.000000000000000000e+00
-2.280649900436401367e+00,1.483208656311035156e+00,2.000000000000000000e+00,0.000000000000000000e+00
-1.269665241241455078e+00,1.082737565040588379e+00,2.000000000000000000e+00,0.000000000000000000e+00
-1.212442994117736816e+00,1.075267791748046875e+00,2.000000000000000000e+00,0.000000000000000000e+00
-1.365371346473693848e+00,1.175676465034484863e+00,2.000000000000000000e+00,0.000000000000000000e+00
-1.236322045326232910e+00,1.065343260765075684e+00,2.000000000000000000e+00,0.000000000000000000e+00
-1.443444728851318359e+00,1.217358112335205078e+00,2.000000000000000000e+00,0.000000000000000000e+00
-2.136177778244018555e+00,1.447579145431518555e+00,2.000000000000000000e+00,0.000000000000000000e+00
-2.525008916854858398e+00,1.464534163475036621e+00,2.000000000000000000e+00,0.000000000000000000e+00
-2.397188901901245117e+00,1.503577828407287598e+00,2.000000000000000000e+00,0.000000000000000000e+00
-1.190550446510314941e+00,9.957005977630615234e-01,2.000000000000000000e+00,0.000000000000000000e+00
-1.250629186630249023e+00,1.061782121658325195e+00,2.000000000000000000e+00,0.000000000000000000e+00
-2.583085536956787109e+00,1.432476878166198730e+00,2.000000000000000000e+00,0.000000000000000000e+00
-2.714510440826416016e+00,1.302085876464843750e+00,2.000000000000000000e+00,0.000000000000000000e+00
-1.147445678710937500e+00,9.591391086578369141e-01,2.000000000000000000e+00,0.000000000000000000e+00
-3.224883317947387695e+00,9.651929140090942383e-01,2.000000000000000000e+00,0.000000000000000000e+00
-2.962716102600097656e+00,1.034774661064147949e+00,2.000000000000000000e+00,0.000000000000000000e+00
-2.531501293182373047e+00,1.461073160171508789e+00,2.000000000000000000e+00,0.000000000000000000e+00
-3.259211063385009766e+00,9.124748110771179199e-01,2.000000000000000000e+00,0.000000000000000000e+00
-2.363468170166015625e+00,1.514388561248779297e+00,2.000000000000000000e+00,0.000000000000000000e+00
-1.230793118476867676e+00,9.910953640937805176e-01,2.000000000000000000e+00,0.000000000000000000e+00
-2.593955755233764648e+00,1.431324362754821777e+00,2.000000000000000000e+00,0.000000000000000000e+00
-2.584503650665283203e+00,1.490087270736694336e+00,2.000000000000000000e+00,0.000000000000000000e+00
-3.071264505386352539e+00,9.164146780967712402e-01,2.000000000000000000e+00,0.000000000000000000e+00
-2.556596279144287109e+00,1.487575173377990723e+00,2.000000000000000000e+00,0.000000000000000000e+00
-3.258759260177612305e+00,8.899407386779785156e-01,2.000000000000000000e+00,0.000000000000000000e+00
-2.665187120437622070e+00,1.357369661331176758e+00,2.000000000000000000e+00,0.000000000000000000e+00
-2.982914686203002930e+00,9.461662769317626953e-01,2.000000000000000000e+00,0.000000000000000000e+00
-3.282821178436279297e+00,8.512816429138183594e-01,2.000000000000000000e+00,0.000000000000000000e+00
-1.362617015838623047e+00,1.148919343948364258e+00,2.000000000000000000e+00,0.000000000000000000e+00
-1.265167713165283203e+00,1.095451116561889648e+00,2.000000000000000000e+00,0.000000000000000000e+00
-2.827134132385253906e+00,1.063052773475646973e+00,2.000000000000000000e+00,0.000000000000000000e+00
-3.288513660430908203e+00,8.733092546463012695e-01,2.000000000000000000e+00,0.000000000000000000e+00
-3.311362981796264648e+00,8.481079936027526855e-01,2.000000000000000000e+00,0.000000000000000000e+00
-2.508666753768920898e+00,1.497966289520263672e+00,2.000000000000000000e+00,0.000000000000000000e+00
-3.331632614135742188e+00,8.209521174430847168e-01,2.000000000000000000e+00,0.000000000000000000e+00
-1.261347293853759766e+00,1.076370716094970703e+00,2.000000000000000000e+00,0.000000000000000000e+00
-2.537787914276123047e+00,1.445809245109558105e+00,2.000000000000000000e+00,0.000000000000000000e+00
-2.606955051422119141e+00,1.477857232093811035e+00,2.000000000000000000e+00,0.000000000000000000e+00
-2.528968334197998047e+00,1.499334096908569336e+00,2.000000000000000000e+00,0.000000000000000000e+00
-3.288344621658325195e+00,8.682245016098022461e-01,2.000000000000000000e+00,0.000000000000000000e+00
-1.230867028236389160e+00,1.032145023345947266e+00,2.000000000000000000e+00,0.000000000000000000e+00
-1.349808454513549805e+00,1.161275863647460938e+00,2.000000000000000000e+00,0.000000000000000000e+00
-1.370084643363952637e+00,9.504844546318054199e-01,2.000000000000000000e+00,0.000000000000000000e+00
-2.501112937927246094e+00,1.489610433578491211e+00,2.000000000000000000e+00,0.000000000000000000e+00
-3.030001878738403320e+00,9.843207597732543945e-01,2.000000000000000000e+00,0.000000000000000000e+00
-2.562073469161987305e+00,1.453021168708801270e+00,2.000000000000000000e+00,0.000000000000000000e+00
-1.313917160034179688e+00,1.149161696434020996e+00,2.000000000000000000e+00,0.000000000000000000e+00
-2.283714056015014648e+00,1.477157831192016602e+00,2.000000000000000000e+00,0.000000000000000000e+00
-1.239403367042541504e+00,1.049337029457092285e+00,2.000000000000000000e+00,0.000000000000000000e+00
-3.295430898666381836e+00,8.701611757278442383e-01,2.000000000000000000e+00,0.000000000000000000e+00
-1.198306560516357422e+00,1.039865970611572266e+00,2.000000000000000000e+00,0.000000000000000000e+00
-2.344611167907714844e+00,1.501277923583984375e+00,2.000000000000000000e+00,0.000000000000000000e+00
-2.322515010833740234e+00,1.491627454757690430e+00,2.000000000000000000e+00,0.000000000000000000e+00
-1.267281770706176758e+00,1.001535177230834961e+00,2.000000000000000000e+00,0.000000000000000000e+00
-3.217125415802001953e+00,9.580711722373962402e-01,2.000000000000000000e+00,0.000000000000000000e+00
-2.882839679718017578e+00,1.009483218193054199e+00,2.000000000000000000e+00,0.000000000000000000e+00
-1.208875775337219238e+00,9.846507906913757324e-01,2.000000000000000000e+00,0.000000000000000000e+00
-2.280137538909912109e+00,1.487001538276672363e+00,2.000000000000000000e+00,0.000000000000000000e+00
-3.310609817504882812e+00,8.818933963775634766e-01,2.000000000000000000e+00,0.000000000000000000e+00
-1.221897482872009277e+00,1.055948257446289062e+00,2.000000000000000000e+00,0.000000000000000000e+00
-2.369849205017089844e+00,1.493498325347900391e+00,2.000000000000000000e+00,0.000000000000000000e+00
-2.377120971679687500e+00,1.484095335006713867e+00,2.000000000000000000e+00,0.000000000000000000e+00
-3.107422590255737305e+00,1.053013801574707031e+00,2.000000000000000000e+00,0.000000000000000000e+00
-1.295244574546813965e+00,1.082663655281066895e+00,2.000000000000000000e+00,0.000000000000000000e+00
-3.232393503189086914e+00,9.367229342460632324e-01,2.000000000000000000e+00,0.000000000000000000e+00
-2.291326522827148438e+00,1.489129781723022461e+00,2.000000000000000000e+00,0.000000000000000000e+00
-2.972509384155273438e+00,1.021117806434631348e+00,2.000000000000000000e+00,0.000000000000000000e+00
7.284487724304199219e+00,6.241535186767578125e+00,3.000000000000000000e+00,0.000000000000000000e+00
7.316435337066650391e+00,6.236116409301757812e+00,3.000000000000000000e+00,0.000000000000000000e+00
7.390745162963867188e+00,6.167501926422119141e+00,3.000000000000000000e+00,0.000000000000000000e+00
7.478493690490722656e+00,6.137816905975341797e+00,3.000000000000000000e+00,0.000000000000000000e+00
7.338927268981933594e+00,6.206649303436279297e+00,3.000000000000000000e+00,0.000000000000000000e+00
3.217911720275878906e+00,1.817352676391601562e+01,3.000000000000000000e+00,0.000000000000000000e+00
6.482652664184570312e+00,7.101654529571533203e+00,3.000000000000000000e+00,0.000000000000000000e+00
6.553219795227050781e+00,7.054398536682128906e+00,3.000000000000000000e+00,0.000000000000000000e+00
3.319442272186279297e+00,1.826637458801269531e+01,3.000000000000000000e+00,0.000000000000000000e+00
7.272370815277099609e+00,6.231811046600341797e+00,3.000000000000000000e+00,0.000000000000000000e+00
6.197980880737304688e+00,5.746693611145019531e+00,3.000000000000000000e+00,0.000000000000000000e+00
7.301701068878173828e+00,6.241724491119384766e+00,3.000000000000000000e+00,0.000000000000000000e+00
3.373778820037841797e+00,1.831548690795898438e+01,3.000000000000000000e+00,0.000000000000000000e+00
7.431845664978027344e+00,6.166415214538574219e+00,3.000000000000000000e+00,0.000000000000000000e+00
6.195338249206542969e+00,5.750951766967773438e+00,3.000000000000000000e+00,0.000000000000000000e+00
3.383811712265014648e+00,1.832743072509765625e+01,3.000000000000000000e+00,0.000000000000000000e+00
3.279620409011840820e+00,1.823392105102539062e+01,3.000000000000000000e+00,0.000000000000000000e+00
3.335960626602172852e+00,1.828136062622070312e+01,3.000000000000000000e+00,0.000000000000000000e+00
6.425507545471191406e+00,7.086432933807373047e+00,3.000000000000000000e+00,0.000000000000000000e+00
7.449404716491699219e+00,6.157478809356689453e+00,3.000000000000000000e+00,0.000000000000000000e+00
3.302598476409912109e+00,1.825022888183593750e+01,3.000000000000000000e+00,0.000000000000000000e+00
6.436743259429931641e+00,7.082127094268798828e+00,3.000000000000000000e+00,0.000000000000000000e+00
3.285394191741943359e+00,1.824030494689941406e+01,3.000000000000000000e+00,0.000000000000000000e+00
6.215848922729492188e+00,5.753546237945556641e+00,3.000000000000000000e+00,0.000000000000000000e+00
7.538135528564453125e+00,6.112752437591552734e+00,3.000000000000000000e+00,0.000000000000000000e+00
7.273818969726562500e+00,6.289251327514648438e+00,3.000000000000000000e+00,0.000000000000000000e+00
3.368008852005004883e+00,1.831100463867187500e+01,3.000000000000000000e+00,0.000000000000000000e+00
3.242746829986572266e+00,1.819873619079589844e+01,3.000000000000000000e+00,0.000000000000000000e+00
3.300105571746826172e+00,1.825445556640625000e+01,3.000000000000000000e+00,0.000000000000000000e+00
3.316386222839355469e+00,1.826535415649414062e+01,3.000000000000000000e+00,0.000000000000000000e+00
6.461742877960205078e+00,7.115739345550537109e+00,3.000000000000000000e+00,0.000000000000000000e+00
6.215367317199707031e+00,5.753659248352050781e+00,3.000000000000000000e+00,0.000000000000000000e+00
6.211910724639892578e+00,5.748095989227294922e+00,3.000000000000000000e+00,0.000000000000000000e+00
7.651326656341552734e+00,6.065927982330322266e+00,3.000000000000000000e+00,0.000000000000000000e+00
6.459087371826171875e+00,7.121920108795166016e+00,3.000000000000000000e+00,0.000000000000000000e+00
3.220072984695434570e+00,1.817407417297363281e+01,3.000000000000000000e+00,0.000000000000000000e+00
7.606493949890136719e+00,6.083190441131591797e+00,3.000000000000000000e+00,0.000000000000000000e+00
6.465091228485107422e+00,7.119995117187500000e+00,3.000000000000000000e+00,0.000000000000000000e+00
7.579534053802490234e+00,6.083262920379638672e+00,3.000000000000000000e+00,0.000000000000000000e+00
3.341680765151977539e+00,1.828734207153320312e+01,3.000000000000000000e+00,0.000000000000000000e+00
3.336405754089355469e+00,1.828458595275878906e+01,3.000000000000000000e+00,0.000000000000000000e+00
6.590988159179687500e+00,7.006397247314453125e+00,3.000000000000000000e+00,0.000000000000000000e+00
7.401027202606201172e+00,6.177981853485107422e+00,3.000000000000000000e+00,0.000000000000000000e+00
6.515765190124511719e+00,7.095019817352294922e+00,3.000000000000000000e+00,0.000000000000000000e+00
7.620436668395996094e+00,6.079101085662841797e+00,3.000000000000000000e+00,0.000000000000000000e+00
6.156359672546386719e+00,5.804762363433837891e+00,3.000000000000000000e+00,0.000000000000000000e+00
3.310756444931030273e+00,1.826139068603515625e+01,3.000000000000000000e+00,0.000000000000000000e+00
3.375691413879394531e+00,1.831584739685058594e+01,3.000000000000000000e+00,0.000000000000000000e+00
5.778951168060302734e+00,5.765232563018798828e+00,3.000000000000000000e+00,0.000000000000000000e+00
6.521162986755371094e+00,7.077615261077880859e+00,3.000000000000000000e+00,0.000000000000000000e+00
6.460708141326904297e+00,7.105117797851562500e+00,3.000000000000000000e+00,0.000000000000000000e+00
3.374689340591430664e+00,1.831331825256347656e+01,3.000000000000000000e+00,0.000000000000000000e+00
7.514756202697753906e+00,6.131752967834472656e+00,3.000000000000000000e+00,0.000000000000000000e+00
7.538300037384033203e+00,6.133068561553955078e+00,3.000000000000000000e+00,0.000000000000000000e+00
7.461415290832519531e+00,6.144460678100585938e+00,3.000000000000000000e+00,0.000000000000000000e+00
6.230919837951660156e+00,5.768906116485595703e+00,3.000000000000000000e+00,0.000000000000000000e+00
7.328911781311035156e+00,6.236376762390136719e+00,3.000000000000000000e+00,0.000000000000000000e+00
3.351559638977050781e+00,1.829331970214843750e+01,3.000000000000000000e+00,0.000000000000000000e+00
7.338645935058593750e+00,6.273818969726562500e+00,3.000000000000000000e+00,0.000000000000000000e+00
3.377306222915649414e+00,1.831792640686035156e+01,3.000000000000000000e+00,0.000000000000000000e+00
7.695370197296142578e+00,6.083897113800048828e+00,3.000000000000000000e+00,0.000000000000000000e+00
6.213764667510986328e+00,5.768805503845214844e+00,3.000000000000000000e+00,0.000000000000000000e+00
3.357272624969482422e+00,1.829962730407714844e+01,3.000000000000000000e+00,0.000000000000000000e+00
3.297142982482910156e+00,1.824965667724609375e+01,3.000000000000000000e+00,0.000000000000000000e+00
6.464010715484619141e+00,7.116462230682373047e+00,3.000000000000000000e+00,0.000000000000000000e+00
7.332851886749267578e+00,6.215878963470458984e+00,3.000000000000000000e+00,0.000000000000000000e+00
3.325971364974975586e+00,1.827557945251464844e+01,3.000000000000000000e+00,0.000000000000000000e+00
3.366522550582885742e+00,1.829593086242675781e+01,3.000000000000000000e+00,0.000000000000000000e+00
7.470960140228271484e+00,6.118998527526855469e+00,3.000000000000000000e+00,0.000000000000000000e+00
7.253492355346679688e+00,6.292431831359863281e+00,3.000000000000000000e+00,0.000000000000000000e+00
7.353380203247070312e+00,6.243671417236328125e+00,3.000000000000000000e+00,0.000000000000000000e+00
7.560289382934570312e+00,6.094465255737304688e+00,3.000000000000000000e+00,0.000000000000000000e+00
6.456453323364257812e+00,7.108183383941650391e+00,3.000000000000000000e+00,0.000000000000000000e+00
6.553468227386474609e+00,7.057803630828857422e+00,3.000000000000000000e+00,0.000000000000000000e+00
6.461237430572509766e+00,7.109809398651123047e+00,3.000000000000000000e+00,0.000000000000000000e+00
6.466377258300781250e+00,7.120648384094238281e+00,3.000000000000000000e+00,0.000000000000000000e+00
3.292789459228515625e+00,1.824840545654296875e+01,3.000000000000000000e+00,0.000000000000000000e+00
7.400032520294189453e+00,6.176112651824951172e+00,3.000000000000000000e+00,0.000000000000000000e+00
7.283246517181396484e+00,6.263051033020019531e+00,3.000000000000000000e+00,0.000000000000000000e+00
7.504123687744140625e+00,6.140448570251464844e+00,3.000000000000000000e+00,0.000000000000000000e+00
7.346649646759033203e+00,6.219937324523925781e+00,3.000000000000000000e+00,0.000000000000000000e+00
3.327867031097412109e+00,1.827585983276367188e+01,3.000000000000000000e+00,0.000000000000000000e+00
6.462772369384765625e+00,7.114368915557861328e+00,3.000000000000000000e+00,0.000000000000000000e+00
7.289322853088378906e+00,6.219480991363525391e+00,3.000000000000000000e+00,0.000000000000000000e+00
5.691409587860107422e+00,5.797298908233642578e+00,3.000000000000000000e+00,0.000000000000000000e+00
7.511204242706298828e+00,6.116922378540039062e+00,3.000000000000000000e+00,0.000000000000000000e+00
3.314742803573608398e+00,1.826408767700195312e+01,3.000000000000000000e+00,0.000000000000000000e+00
7.202106952667236328e+00,6.389369487762451172e+00,3.000000000000000000e+00,0.000000000000000000e+00
6.437718391418457031e+00,7.130458831787109375e+00,3.000000000000000000e+00,0.000000000000000000e+00
7.654848575592041016e+00,6.074150085449218750e+00,3.000000000000000000e+00,0.000000000000000000e+00
7.332927703857421875e+00,6.248734951019287109e+00,3.000000000000000000e+00,0.000000000000000000e+00
6.222062110900878906e+00,5.758436679840087891e+00,3.000000000000000000e+00,0.000000000000000000e+00
7.507771968841552734e+00,6.111292362213134766e+00,3.000000000000000000e+00,0.000000000000000000e+00
3.317366123199462891e+00,1.826832962036132812e+01,3.000000000000000000e+00,0.000000000000000000e+00
7.664916038513183594e+00,6.074741363525390625e+00,3.000000000000000000e+00,0.000000000000000000e+00
3.421640872955322266e+00,1.829378509521484375e+01,3.000000000000000000e+00,0.000000000000000000e+00
6.446671009063720703e+00,5.842498302459716797e+00,3.000000000000000000e+00,0.000000000000000000e+00
6.566299915313720703e+00,7.038471221923828125e+00,3.000000000000000000e+00,0.000000000000000000e+00
7.234434127807617188e+00,6.316960811614990234e+00,3.000000000000000000e+00,0.000000000000000000e+00
6.479070186614990234e+00,7.111076354980468750e+00,3.000000000000000000e+00,0.000000000000000000e+00
5.572995662689208984e+00,5.925773620605468750e+00,3.000000000000000000e+00,0.000000000000000000e+00
7.441992759704589844e+00,6.156377792358398438e+00,3.000000000000000000e+00,0.000000000000000000e+00
3.290411233901977539e+00,1.826829338073730469e+01,3.000000000000000000e+00,0.000000000000000000e+00
7.262546062469482422e+00,6.265180587768554688e+00,3.000000000000000000e+00,0.000000000000000000e+00
5.729895114898681641e+00,5.781013488769531250e+00,3.000000000000000000e+00,0.000000000000000000e+00
3.265462636947631836e+00,1.824166297912597656e+01,3.000000000000000000e+00,0.000000000000000000e+00
3.254714727401733398e+00,1.821290206909179688e+01,3.000000000000000000e+00,0.000000000000000000e+00
3.401288032531738281e+00,1.834286308288574219e+01,3.000000000000000000e+00,0.000000000000000000e+00
6.444285869598388672e+00,7.125102996826171875e+00,3.000000000000000000e+00,0.000000000000000000e+00
7.440133571624755859e+00,6.159927845001220703e+00,3.000000000000000000e+00,0.000000000000000000e+00
6.510805130004882812e+00,7.077039241790771484e+00,3.000000000000000000e+00,0.000000000000000000e+00
6.432740211486816406e+00,7.114948749542236328e+00,3.000000000000000000e+00,0.000000000000000000e+00
7.465971469879150391e+00,6.148621082305908203e+00,3.000000000000000000e+00,0.000000000000000000e+00
5.810056686401367188e+00,5.744105339050292969e+00,3.000000000000000000e+00,0.000000000000000000e+00
7.255986690521240234e+00,6.284178733825683594e+00,3.000000000000000000e+00,0.000000000000000000e+00
7.345315456390380859e+00,6.217586040496826172e+00,3.000000000000000000e+00,0.000000000000000000e+00
7.237050056457519531e+00,6.277229785919189453e+00,3.000000000000000000e+00,0.000000000000000000e+00
3.324861764907836914e+00,1.827458953857421875e+01,3.000000000000000000e+00,0.000000000000000000e+00
7.357487678527832031e+00,6.216487407684326172e+00,3.000000000000000000e+00,0.000000000000000000e+00
6.603267669677734375e+00,7.001162528991699219e+00,3.000000000000000000e+00,0.000000000000000000e+00
7.626236438751220703e+00,6.067846298217773438e+00,3.000000000000000000e+00,0.000000000000000000e+00
3.311758041381835938e+00,1.825908088684082031e+01,3.000000000000000000e+00,0.000000000000000000e+00
3.315493345260620117e+00,1.826576232910156250e+01,3.000000000000000000e+00,0.000000000000000000e+00
3.257769584655761719e+00,1.822663116455078125e+01,3.000000000000000000e+00,0.000000000000000000e+00
3.360228538513183594e+00,1.829906082153320312e+01,3.000000000000000000e+00,0.000000000000000000e+00
7.339374065399169922e+00,6.237988948822021484e+00,3.000000000000000000e+00,0.000000000000000000e+00
7.441253185272216797e+00,6.136581897735595703e+00,3.000000000000000000e+00,0.000000000000000000e+00
3.309922456741333008e+00,1.826161766052246094e+01,3.000000000000000000e+00,0.000000000000000000e+00
7.358347415924072266e+00,6.215457439422607422e+00,3.000000000000000000e+00,0.000000000000000000e+00
7.353809356689453125e+00,6.219880580902099609e+00,3.000000000000000000e+00,0.000000000000000000e+00
3.332666873931884766e+00,1.828186035156250000e+01,3.000000000000000000e+00,0.000000000000000000e+00
7.305723190307617188e+00,6.242961406707763672e+00,3.000000000000000000e+00,0.000000000000000000e+00
6.171720504760742188e+00,5.725088596343994141e+00,3.000000000000000000e+00,0.000000000000000000e+00
3.343868017196655273e+00,1.828384780883789062e+01,3.000000000000000000e+00,0.000000000000000000e+00
7.632578849792480469e+00,6.071779727935791016e+00,3.000000000000000000e+00,0.000000000000000000e+00
3.284717798233032227e+00,1.823720359802246094e+01,3.000000000000000000e+00,0.000000000000000000e+00
7.479307174682617188e+00,6.132802963256835938e+00,3.000000000000000000e+00,0.000000000000000000e+00
6.459249973297119141e+00,7.122166156768798828e+00,3.000000000000000000e+00,0.000000000000000000e+00
6.180956363677978516e+00,5.745264053344726562e+00,3.000000000000000000e+00,0.000000000000000000e+00
7.306228637695312500e+00,6.239332199096679688e+00,3.000000000000000000e+00,0.000000000000000000e+00
7.582436561584472656e+00,6.056792736053466797e+00,3.000000000000000000e+00,0.000000000000000000e+00
7.465916633605957031e+00,6.142291069030761719e+00,3.000000000000000000e+00,0.000000000000000000e+00
7.370601654052734375e+00,6.214650154113769531e+00,3.000000000000000000e+00,0.000000000000000000e+00
7.218525409698486328e+00,6.280457019805908203e+00,3.000000000000000000e+00,0.000000000000000000e+00
3.302312135696411133e+00,1.825554847717285156e+01,3.000000000000000000e+00,0.000000000000000000e+00
6.458441734313964844e+00,7.130503654479980469e+00,3.000000000000000000e+00,0.000000000000000000e+00
6.475960254669189453e+00,7.137617588043212891e+00,3.000000000000000000e+00,0.000000000000000000e+00
7.278275012969970703e+00,6.238372325897216797e+00,3.000000000000000000e+00,0.000000000000000000e+00
7.449533462524414062e+00,6.141176223754882812e+00,3.000000000000000000e+00,0.000000000000000000e+00
7.448525905609130859e+00,6.120409488677978516e+00,3.000000000000000000e+00,0.000000000000000000e+00
7.520877361297607422e+00,6.081584930419921875e+00,3.000000000000000000e+00,0.000000000000000000e+00
7.362706184387207031e+00,6.166029453277587891e+00,3.000000000000000000e+00,0.000000000000000000e+00
7.460397243499755859e+00,6.154282093048095703e+00,3.000000000000000000e+00,0.000000000000000000e+00
7.291232585906982422e+00,6.272896766662597656e+00,3.000000000000000000e+00,0.000000000000000000e+00
7.256200313568115234e+00,6.257496833801269531e+00,3.000000000000000000e+00,0.000000000000000000e+00
6.520733833312988281e+00,7.088754653930664062e+00,3.000000000000000000e+00,0.000000000000000000e+00
7.462568283081054688e+00,6.146070480346679688e+00,3.000000000000000000e+00,0.000000000000000000e+00
6.545216083526611328e+00,7.054241180419921875e+00,3.000000000000000000e+00,0.000000000000000000e+00
3.275205373764038086e+00,1.822984123229980469e+01,3.000000000000000000e+00,0.000000000000000000e+00
7.269873142242431641e+00,6.300142765045166016e+00,3.000000000000000000e+00,0.000000000000000000e+00
3.355135679244995117e+00,1.829650878906250000e+01,3.000000000000000000e+00,0.000000000000000000e+00
3.338197231292724609e+00,1.828227043151855469e+01,3.000000000000000000e+00,0.000000000000000000e+00
3.372516393661499023e+00,1.831206893920898438e+01,3.000000000000000000e+00,0.000000000000000000e+00
7.516679286956787109e+00,6.090863227844238281e+00,3.000000000000000000e+00,0.000000000000000000e+00
3.287342548370361328e+00,1.822770690917968750e+01,3.000000000000000000e+00,0.000000000000000000e+00
5.764817714691162109e+00,5.732460975646972656e+00,3.000000000000000000e+00,0.000000000000000000e+00
7.517234802246093750e+00,6.089097976684570312e+00,3.000000000000000000e+00,0.000000000000000000e+00
7.604554176330566406e+00,6.076514720916748047e+00,3.000000000000000000e+00,0.000000000000000000e+00
7.421019554138183594e+00,6.160295486450195312e+00,3.000000000000000000e+00,0.000000000000000000e+00
3.325989484786987305e+00,1.827153015136718750e+01,3.000000000000000000e+00,0.000000000000000000e+00
6.207405090332031250e+00,5.755585193634033203e+00,3.000000000000000000e+00,0.000000000000000000e+00
3.387120962142944336e+00,1.824648475646972656e+01,3.000000000000000000e+00,0.000000000000000000e+00
6.195115566253662109e+00,5.746102809906005859e+00,3.000000000000000000e+00,0.000000000000000000e+00
7.607464790344238281e+00,6.075225830078125000e+00,3.000000000000000000e+00,0.000000000000000000e+00
7.329137325286865234e+00,6.181233406066894531e+00,3.000000000000000000e+00,0.000000000000000000e+00
7.271558284759521484e+00,6.240399837493896484e+00,3.000000000000000000e+00,0.000000000000000000e+00
6.205948352813720703e+00,5.752531051635742188e+00,3.000000000000000000e+00,0.000000000000000000e+00
7.541604518890380859e+00,6.117331981658935547e+00,3.000000000000000000e+00,0.000000000000000000e+00
7.383728027343750000e+00,6.182906627655029297e+00,3.000000000000000000e+00,0.000000000000000000e+00
7.509756565093994141e+00,6.115389347076416016e+00,3.000000000000000000e+00,0.000000000000000000e+00
7.666765689849853516e+00,6.065996646881103516e+00,3.000000000000000000e+00,0.000000000000000000e+00
7.258388996124267578e+00,6.239204883575439453e+00,3.000000000000000000e+00,0.000000000000000000e+00
7.685353279113769531e+00,6.138253211975097656e+00,3.000000000000000000e+00,0.000000000000000000e+00
7.517395496368408203e+00,6.084268093109130859e+00,3.000000000000000000e+00,0.000000000000000000e+00
7.568909645080566406e+00,6.079489707946777344e+00,3.000000000000000000e+00,0.000000000000000000e+00
7.370333194732666016e+00,6.192643165588378906e+00,3.000000000000000000e+00,0.000000000000000000e+00
6.292514324188232422e+00,5.786761283874511719e+00,3.000000000000000000e+00,0.000000000000000000e+00
7.656128883361816406e+00,6.046000480651855469e+00,3.000000000000000000e+00,0.000000000000000000e+00
6.193475723266601562e+00,5.743507385253906250e+00,3.000000000000000000e+00,0.000000000000000000e+00
3.274606704711914062e+00,1.822665214538574219e+01,3.000000000000000000e+00,0.000000000000000000e+00
7.320910453796386719e+00,6.229344367980957031e+00,3.000000000000000000e+00,0.000000000000000000e+00
3.360468864440917969e+00,1.830376243591308594e+01,3.000000000000000000e+00,0.000000000000000000e+00
3.293782234191894531e+00,1.825292396545410156e+01,3.000000000000000000e+00,0.000000000000000000e+00
7.586398124694824219e+00,6.083010196685791016e+00,3.000000000000000000e+00,0.000000000000000000e+00
6.229197025299072266e+00,5.747173309326171875e+00,3.000000000000000000e+00,0.000000000000000000e+00
3.295115709304809570e+00,1.824466133117675781e+01,3.000000000000000000e+00,0.000000000000000000e+00
7.595759391784667969e+00,6.071933746337890625e+00,3.000000000000000000e+00,0.000000000000000000e+00
7.334065914154052734e+00,6.229199886322021484e+00,3.000000000000000000e+00,0.000000000000000000e+00
7.368842124938964844e+00,6.158967971801757812e+00,3.000000000000000000e+00,0.000000000000000000e+00
7.304273605346679688e+00,6.252329826354980469e+00,3.000000000000000000e+00,0.000000000000000000e+00
3.286375761032104492e+00,1.823864936828613281e+01,3.000000000000000000e+00,0.000000000000000000e+00
7.305643081665039062e+00,6.231867313385009766e+00,3.000000000000000000e+00,0.000000000000000000e+00
6.464868068695068359e+00,7.101553440093994141e+00,3.000000000000000000e+00,0.000000000000000000e+00
3.374696016311645508e+00,1.832710266113281250e+01,3.000000000000000000e+00,0.000000000000000000e+00
6.531769275665283203e+00,7.071652889251708984e+00,3.000000000000000000e+00,0.000000000000000000e+00
3.321352958679199219e+00,1.826954078674316406e+01,3.000000000000000000e+00,0.000000000000000000e+00
7.547300815582275391e+00,6.091629028320312500e+00,3.000000000000000000e+00,0.000000000000000000e+00
3.358713150024414062e+00,1.829780960083007812e+01,3.000000000000000000e+00,0.000000000000000000e+00
7.380147457122802734e+00,6.197952270507812500e+00,3.000000000000000000e+00,0.000000000000000000e+00
3.374967336654663086e+00,1.830242156982421875e+01,3.000000000000000000e+00,0.000000000000000000e+00
2.152598190307617188e+01,1.184754276275634766e+01,4.000000000000000000e+00,0.000000000000000000e+00
2.258264923095703125e+01,1.105403614044189453e+01,4.000000000000000000e+00,0.000000000000000000e+00
2.247059059143066406e+01,1.114261436462402344e+01,4.000000000000000000e+00,0.000000000000000000e+00
2.149890327453613281e+01,1.185696411132812500e+01,4.000000000000000000e+00,0.000000000000000000e+00
2.255504608154296875e+01,1.104070377349853516e+01,4.000000000000000000e+00,0.000000000000000000e+00
2.245428276062011719e+01,1.090825557708740234e+01,4.000000000000000000e+00,0.000000000000000000e+00
2.170912933349609375e+01,1.176402664184570312e+01,4.000000000000000000e+00,0.000000000000000000e+00
2.220705986022949219e+01,1.108502292633056641e+01,4.000000000000000000e+00,0.000000000000000000e+00
2.172605323791503906e+01,1.202845382690429688e+01,4.000000000000000000e+00,0.000000000000000000e+00
2.160402297973632812e+01,1.194594287872314453e+01,4.000000000000000000e+00,0.000000000000000000e+00
2.234901237487792969e+01,1.139218330383300781e+01,4.000000000000000000e+00,0.000000000000000000e+00
2.219041442871093750e+01,1.130080509185791016e+01,4.000000000000000000e+00,0.000000000000000000e+00
2.174282646179199219e+01,1.199023532867431641e+01,4.000000000000000000e+00,0.000000000000000000e+00
2.256167984008789062e+01,1.107284545898437500e+01,4.000000000000000000e+00,0.000000000000000000e+00
2.231545066833496094e+01,1.087828254699707031e+01,4.000000000000000000e+00,0.000000000000000000e+00
2.261148071289062500e+01,1.104665851593017578e+01,4.000000000000000000e+00,0.000000000000000000e+00
2.237579154968261719e+01,1.118995094299316406e+01,4.000000000000000000e+00,0.000000000000000000e+00
1.773805236816406250e+01,1.155107688903808594e+01,4.000000000000000000e+00,0.000000000000000000e+00
2.235771369934082031e+01,1.091746425628662109e+01,4.000000000000000000e+00,0.000000000000000000e+00
2.218819999694824219e+01,1.132414531707763672e+01,4.000000000000000000e+00,0.000000000000000000e+00
2.175084304809570312e+01,1.209948921203613281e+01,4.000000000000000000e+00,0.000000000000000000e+00
2.154298973083496094e+01,1.182868099212646484e+01,4.000000000000000000e+00,0.000000000000000000e+00
2.247846794128417969e+01,1.111603927612304688e+01,4.000000000000000000e+00,0.000000000000000000e+00
2.215946769714355469e+01,1.131653213500976562e+01,4.000000000000000000e+00,0.000000000000000000e+00
2.167773818969726562e+01,1.202437591552734375e+01,4.000000000000000000e+00,0.000000000000000000e+00
2.239478492736816406e+01,1.083089733123779297e+01,4.000000000000000000e+00,0.000000000000000000e+00
2.199002838134765625e+01,1.141518306732177734e+01,4.000000000000000000e+00,0.000000000000000000e+00
2.166909599304199219e+01,1.184263992309570312e+01,4.000000000000000000e+00,0.000000000000000000e+00
2.258019828796386719e+01,1.103115558624267578e+01,4.000000000000000000e+00,0.000000000000000000e+00
2.244943237304687500e+01,1.085902690887451172e+01,4.000000000000000000e+00,0.000000000000000000e+00
2.235795593261718750e+01,1.121475601196289062e+01,4.000000000000000000e+00,0.000000000000000000e+00
2.151495170593261719e+01,1.184662151336669922e+01,4.000000000000000000e+00,0.000000000000000000e+00
2.251904869079589844e+01,1.104762649536132812e+01,4.000000000000000000e+00,0.000000000000000000e+00
2.160416793823242188e+01,1.192823696136474609e+01,4.000000000000000000e+00,0.000000000000000000e+00
2.258937644958496094e+01,1.105213260650634766e+01,4.000000000000000000e+00,0.000000000000000000e+00
2.173960494995117188e+01,1.206336498260498047e+01,4.000000000000000000e+00,0.000000000000000000e+00
2.173623466491699219e+01,1.204667091369628906e+01,4.000000000000000000e+00,0.000000000000000000e+00
2.167852020263671875e+01,1.169596862792968750e+01,4.000000000000000000e+00,0.000000000000000000e+00
1.770018386840820312e+01,1.154008483886718750e+01,4.000000000000000000e+00,0.000000000000000000e+00
2.218256378173828125e+01,1.132043647766113281e+01,4.000000000000000000e+00,0.000000000000000000e+00
2.256427574157714844e+01,1.102902317047119141e+01,4.000000000000000000e+00,0.000000000000000000e+00
2.224611282348632812e+01,1.125536823272705078e+01,4.000000000000000000e+00,0.000000000000000000e+00
1.769141387939453125e+01,1.152689647674560547e+01,4.000000000000000000e+00,0.000000000000000000e+00
2.209127807617187500e+01,1.105798339843750000e+01,4.000000000000000000e+00,0.000000000000000000e+00
2.225967407226562500e+01,1.123464202880859375e+01,4.000000000000000000e+00,0.000000000000000000e+00
2.146723175048828125e+01,1.180395603179931641e+01,4.000000000000000000e+00,0.000000000000000000e+00
2.177981567382812500e+01,1.210345268249511719e+01,4.000000000000000000e+00,0.000000000000000000e+00
2.173388481140136719e+01,1.203828811645507812e+01,4.000000000000000000e+00,0.000000000000000000e+00
2.215272903442382812e+01,1.133724689483642578e+01,4.000000000000000000e+00,0.000000000000000000e+00
2.143007278442382812e+01,1.178643703460693359e+01,4.000000000000000000e+00,0.000000000000000000e+00
2.220695495605468750e+01,1.105047225952148438e+01,4.000000000000000000e+00,0.000000000000000000e+00
2.258003807067871094e+01,1.110802459716796875e+01,4.000000000000000000e+00,0.000000000000000000e+00
2.145440483093261719e+01,1.179758167266845703e+01,4.000000000000000000e+00,0.000000000000000000e+00
2.262278366088867188e+01,1.100782108306884766e+01,4.000000000000000000e+00,0.000000000000000000e+00
2.239268112182617188e+01,1.087526130676269531e+01,4.000000000000000000e+00,0.000000000000000000e+00
2.228445243835449219e+01,1.123526859283447266e+01,4.000000000000000000e+00,0.000000000000000000e+00
2.148609161376953125e+01,1.180687046051025391e+01,4.000000000000000000e+00,0.000000000000000000e+00
2.250009918212890625e+01,1.109152984619140625e+01,4.000000000000000000e+00,0.000000000000000000e+00
2.245272254943847656e+01,1.112962722778320312e+01,4.000000000000000000e+00,0.000000000000000000e+00
2.228046798706054688e+01,1.124394512176513672e+01,4.000000000000000000e+00,0.000000000000000000e+00
2.219271469116210938e+01,1.130723953247070312e+01,4.000000000000000000e+00,0.000000000000000000e+00
2.226621437072753906e+01,1.125712776184082031e+01,4.000000000000000000e+00,0.000000000000000000e+00
2.219273185729980469e+01,1.132200622558593750e+01,4.000000000000000000e+00,0.000000000000000000e+00
2.256941223144531250e+01,1.102626609802246094e+01,4.000000000000000000e+00,0.000000000000000000e+00
2.252940177917480469e+01,1.108983516693115234e+01,4.000000000000000000e+00,0.000000000000000000e+00
2.259330749511718750e+01,1.108288764953613281e+01,4.000000000000000000e+00,0.000000000000000000e+00
2.091671562194824219e+01,1.005264568328857422e+01,4.000000000000000000e+00,0.000000000000000000e+00
2.208193588256835938e+01,1.169143295288085938e+01,4.000000000000000000e+00,0.000000000000000000e+00
2.261066627502441406e+01,1.101819992065429688e+01,4.000000000000000000e+00,0.000000000000000000e+00
2.260638236999511719e+01,1.101690673828125000e+01,4.000000000000000000e+00,0.000000000000000000e+00
2.158956146240234375e+01,1.191682243347167969e+01,4.000000000000000000e+00,0.000000000000000000e+00
2.255118179321289062e+01,1.106061172485351562e+01,4.000000000000000000e+00,0.000000000000000000e+00
2.219595336914062500e+01,1.128654384613037109e+01,4.000000000000000000e+00,0.000000000000000000e+00
2.245399475097656250e+01,1.107835960388183594e+01,4.000000000000000000e+00,0.000000000000000000e+00
2.221541213989257812e+01,1.128008651733398438e+01,4.000000000000000000e+00,0.000000000000000000e+00
2.234709739685058594e+01,1.092062091827392578e+01,4.000000000000000000e+00,0.000000000000000000e+00
2.161827278137207031e+01,1.181497383117675781e+01,4.000000000000000000e+00,0.000000000000000000e+00
2.148701286315917969e+01,1.179898643493652344e+01,4.000000000000000000e+00,0.000000000000000000e+00
2.174975204467773438e+01,1.208154869079589844e+01,4.000000000000000000e+00,0.000000000000000000e+00
2.222674560546875000e+01,1.123461532592773438e+01,4.000000000000000000e+00,0.000000000000000000e+00
2.225775527954101562e+01,1.125617790222167969e+01,4.000000000000000000e+00,0.000000000000000000e+00
2.217115020751953125e+01,1.130335903167724609e+01,4.000000000000000000e+00,0.000000000000000000e+00
1.772002410888671875e+01,1.156125068664550781e+01,4.000000000000000000e+00,0.000000000000000000e+00
2.226431465148925781e+01,1.125358867645263672e+01,4.000000000000000000e+00,0.000000000000000000e+00
2.164528465270996094e+01,1.193382740020751953e+01,4.000000000000000000e+00,0.000000000000000000e+00
2.234886741638183594e+01,1.121270370483398438e+01,4.000000000000000000e+00,0.000000000000000000e+00
2.175389099121093750e+01,1.193546009063720703e+01,4.000000000000000000e+00,0.000000000000000000e+00
2.181954383850097656e+01,1.214358043670654297e+01,4.000000000000000000e+00,0.000000000000000000e+00
2.195520210266113281e+01,1.173130512237548828e+01,4.000000000000000000e+00,0.000000000000000000e+00
2.145850181579589844e+01,1.179807090759277344e+01,4.000000000000000000e+00,0.000000000000000000e+00
2.245241928100585938e+01,1.085369682312011719e+01,4.000000000000000000e+00,0.000000000000000000e+00
2.175399398803710938e+01,1.206244373321533203e+01,4.000000000000000000e+00,0.000000000000000000e+00
2.196528625488281250e+01,1.143761253356933594e+01,4.000000000000000000e+00,0.000000000000000000e+00
2.171893882751464844e+01,1.207055664062500000e+01,4.000000000000000000e+00,0.000000000000000000e+00
1.769404411315917969e+01,1.151180553436279297e+01,4.000000000000000000e+00,0.000000000000000000e+00
2.245804595947265625e+01,1.086110305786132812e+01,4.000000000000000000e+00,0.000000000000000000e+00
2.170935249328613281e+01,1.205096912384033203e+01,4.000000000000000000e+00,0.000000000000000000e+00
2.257636260986328125e+01,1.103890800476074219e+01,4.000000000000000000e+00,0.000000000000000000e+00
2.172511291503906250e+01,1.208044528961181641e+01,4.000000000000000000e+00,0.000000000000000000e+00
2.217960548400878906e+01,1.127673530578613281e+01,4.000000000000000000e+00,0.000000000000000000e+00
2.244761276245117188e+01,1.081151199340820312e+01,4.000000000000000000e+00,0.000000000000000000e+00
2.244189834594726562e+01,1.114308738708496094e+01,4.000000000000000000e+00,0.000000000000000000e+00
2.252710914611816406e+01,1.111119174957275391e+01,4.000000000000000000e+00,0.000000000000000000e+00
2.234252929687500000e+01,1.078993129730224609e+01,4.000000000000000000e+00,0.000000000000000000e+00
2.225247573852539062e+01,1.127095794677734375e+01,4.000000000000000000e+00,0.000000000000000000e+00
2.256748199462890625e+01,1.104547786712646484e+01,4.000000000000000000e+00,0.000000000000000000e+00
2.215957260131835938e+01,1.134109687805175781e+01,4.000000000000000000e+00,0.000000000000000000e+00
2.236462402343750000e+01,1.116470813751220703e+01,4.000000000000000000e+00,0.000000000000000000e+00
2.244346427917480469e+01,1.090124034881591797e+01,4.000000000000000000e+00,0.000000000000000000e+00
2.176253890991210938e+01,1.210612297058105469e+01,4.000000000000000000e+00,0.000000000000000000e+00
2.254644966125488281e+01,1.106039810180664062e+01,4.000000000000000000e+00,0.000000000000000000e+00
2.202244949340820312e+01,1.164871120452880859e+01,4.000000000000000000e+00,0.000000000000000000e+00
2.251830673217773438e+01,1.111538314819335938e+01,4.000000000000000000e+00,0.000000000000000000e+00
2.191970825195312500e+01,1.150953674316406250e+01,4.000000000000000000e+00,0.000000000000000000e+00
2.229131889343261719e+01,1.125014972686767578e+01,4.000000000000000000e+00,0.000000000000000000e+00
2.256978988647460938e+01,1.106895256042480469e+01,4.000000000000000000e+00,0.000000000000000000e+00
2.238579368591308594e+01,1.117475891113281250e+01,4.000000000000000000e+00,0.000000000000000000e+00
2.238858413696289062e+01,1.112529277801513672e+01,4.000000000000000000e+00,0.000000000000000000e+00
2.225810813903808594e+01,1.121321201324462891e+01,4.000000000000000000e+00,0.000000000000000000e+00
2.246750259399414062e+01,1.115374374389648438e+01,4.000000000000000000e+00,0.000000000000000000e+00
2.236083030700683594e+01,1.119229316711425781e+01,4.000000000000000000e+00,0.000000000000000000e+00
2.147362136840820312e+01,1.179830360412597656e+01,4.000000000000000000e+00,0.000000000000000000e+00
2.191532135009765625e+01,1.089988422393798828e+01,4.000000000000000000e+00,0.000000000000000000e+00
2.175673484802246094e+01,1.206845951080322266e+01,4.000000000000000000e+00,0.000000000000000000e+00
2.231349945068359375e+01,1.117459487915039062e+01,4.000000000000000000e+00,0.000000000000000000e+00
2.245440673828125000e+01,1.141722106933593750e+01,4.000000000000000000e+00,0.000000000000000000e+00
2.244390678405761719e+01,1.100464820861816406e+01,4.000000000000000000e+00,0.000000000000000000e+00
2.229048156738281250e+01,1.124007701873779297e+01,4.000000000000000000e+00,0.000000000000000000e+00
2.232677459716796875e+01,1.127773761749267578e+01,4.000000000000000000e+00,0.000000000000000000e+00
2.149514198303222656e+01,1.180133819580078125e+01,4.000000000000000000e+00,0.000000000000000000e+00
2.150971794128417969e+01,1.180476570129394531e+01,4.000000000000000000e+00,0.000000000000000000e+00
2.149460220336914062e+01,1.181066036224365234e+01,4.000000000000000000e+00,0.000000000000000000e+00
2.174207496643066406e+01,1.201307296752929688e+01,4.000000000000000000e+00,0.000000000000000000e+00
2.170119094848632812e+01,1.198024654388427734e+01,4.000000000000000000e+00,0.000000000000000000e+00
2.222941780090332031e+01,1.126789188385009766e+01,4.000000000000000000e+00,0.000000000000000000e+00
1.709048080444335938e+01,-1.165658760070800781e+01,4.000000000000000000e+00,0.000000000000000000e+00
2.254185867309570312e+01,1.107048702239990234e+01,4.000000000000000000e+00,0.000000000000000000e+00
2.170573997497558594e+01,1.203688335418701172e+01,4.000000000000000000e+00,0.000000000000000000e+00
2.172909736633300781e+01,1.204567909240722656e+01,4.000000000000000000e+00,0.000000000000000000e+00
2.259298515319824219e+01,1.100701141357421875e+01,4.000000000000000000e+00,0.000000000000000000e+00
2.166599082946777344e+01,1.190189743041992188e+01,4.000000000000000000e+00,0.000000000000000000e+00
2.138611221313476562e+01,1.177775573730468750e+01,4.000000000000000000e+00,0.000000000000000000e+00
2.174172592163085938e+01,1.205261993408203125e+01,4.000000000000000000e+00,0.000000000000000000e+00
2.191165733337402344e+01,1.138501834869384766e+01,4.000000000000000000e+00,0.000000000000000000e+00
2.224597930908203125e+01,1.128935909271240234e+01,4.000000000000000000e+00,0.000000000000000000e+00
2.174352645874023438e+01,1.205846977233886719e+01,4.000000000000000000e+00,0.000000000000000000e+00
2.250798225402832031e+01,1.147103977203369141e+01,4.000000000000000000e+00,0.000000000000000000e+00
2.243076705932617188e+01,1.087922382354736328e+01,4.000000000000000000e+00,0.000000000000000000e+00
2.257296562194824219e+01,1.106404018402099609e+01,4.000000000000000000e+00,0.000000000000000000e+00
2.224075698852539062e+01,1.129163932800292969e+01,4.000000000000000000e+00,0.000000000000000000e+00
2.219928741455078125e+01,1.128976345062255859e+01,4.000000000000000000e+00,0.000000000000000000e+00
2.152277755737304688e+01,1.185411071777343750e+01,4.000000000000000000e+00,0.000000000000000000e+00
2.181977462768554688e+01,1.198185443878173828e+01,4.000000000000000000e+00,0.000000000000000000e+00
2.176522064208984375e+01,1.211549663543701172e+01,4.000000000000000000e+00,0.000000000000000000e+00
2.225954246520996094e+01,1.129122257232666016e+01,4.000000000000000000e+00,0.000000000000000000e+00
2.154468154907226562e+01,1.186732101440429688e+01,4.000000000000000000e+00,0.000000000000000000e+00
2.152441024780273438e+01,1.186607933044433594e+01,4.000000000000000000e+00,0.000000000000000000e+00
2.218132209777832031e+01,1.130918693542480469e+01,4.000000000000000000e+00,0.000000000000000000e+00
2.245568466186523438e+01,1.083594894409179688e+01,4.000000000000000000e+00,0.000000000000000000e+00
2.154210662841796875e+01,1.184130096435546875e+01,4.000000000000000000e+00,0.000000000000000000e+00
1.772103500366210938e+01,1.154125785827636719e+01,4.000000000000000000e+00,0.000000000000000000e+00
1.775436782836914062e+01,1.147502517700195312e+01,4.000000000000000000e+00,0.000000000000000000e+00
2.228214645385742188e+01,1.125748920440673828e+01,4.000000000000000000e+00,0.000000000000000000e+00
2.245545005798339844e+01,1.087778377532958984e+01,4.000000000000000000e+00,0.000000000000000000e+00
2.218412971496582031e+01,1.130614662170410156e+01,4.000000000000000000e+00,0.000000000000000000e+00
2.254680442810058594e+01,1.107380199432373047e+01,4.000000000000000000e+00,0.000000000000000000e+00
2.148642921447753906e+01,1.180783367156982422e+01,4.000000000000000000e+00,0.000000000000000000e+00
2.169192695617675781e+01,1.203933715820312500e+01,4.000000000000000000e+00,0.000000000000000000e+00
2.148550987243652344e+01,1.180080795288085938e+01,4.000000000000000000e+00,0.000000000000000000e+00
2.177374458312988281e+01,1.204464626312255859e+01,4.000000000000000000e+00,0.000000000000000000e+00
2.227474975585937500e+01,1.124365615844726562e+01,4.000000000000000000e+00,0.000000000000000000e+00
1.769875335693359375e+01,1.150444030761718750e+01,4.000000000000000000e+00,0.000000000000000000e+00
2.157554244995117188e+01,1.189330959320068359e+01,4.000000000000000000e+00,0.000000000000000000e+00
2.226565742492675781e+01,1.127529048919677734e+01,4.000000000000000000e+00,0.000000000000000000e+00
2.246540832519531250e+01,1.100607585906982422e+01,4.000000000000000000e+00,0.000000000000000000e+00
2.146897506713867188e+01,1.178772163391113281e+01,4.000000000000000000e+00,0.000000000000000000e+00
2.259590721130371094e+01,1.104427242279052734e+01,4.000000000000000000e+00,0.000000000000000000e+00
2.167015647888183594e+01,1.201572227478027344e+01,4.000000000000000000e+00,0.000000000000000000e+00
2.247045516967773438e+01,1.084657382965087891e+01,4.000000000000000000e+00,0.000000000000000000e+00
2.160667800903320312e+01,1.197865867614746094e+01,4.000000000000000000e+00,0.000000000000000000e+00
2.171501922607421875e+01,1.208364963531494141e+01,4.000000000000000000e+00,0.000000000000000000e+00
2.183163833618164062e+01,1.215006160736083984e+01,4.000000000000000000e+00,0.000000000000000000e+00
2.172060203552246094e+01,1.204133319854736328e+01,4.000000000000000000e+00,0.000000000000000000e+00
2.220120048522949219e+01,1.132412528991699219e+01,4.000000000000000000e+00,0.000000000000000000e+00
2.258463668823242188e+01,1.103583621978759766e+01,4.000000000000000000e+00,0.000000000000000000e+00
2.153673171997070312e+01,1.184800815582275391e+01,4.000000000000000000e+00,0.000000000000000000e+00
2.248484802246093750e+01,1.085249233245849609e+01,4.000000000000000000e+00,0.000000000000000000e+00
2.226196670532226562e+01,1.126368522644042969e+01,4.000000000000000000e+00,0.000000000000000000e+00
2.229860305786132812e+01,1.124701881408691406e+01,4.000000000000000000e+00,0.000000000000000000e+00
2.261100196838378906e+01,1.099877357482910156e+01,4.000000000000000000e+00,0.000000000000000000e+00
2.171870994567871094e+01,1.196975898742675781e+01,4.000000000000000000e+00,0.000000000000000000e+00
2.175468063354492188e+01,1.210042953491210938e+01,4.000000000000000000e+00,0.000000000000000000e+00
2.151423263549804688e+01,1.176250171661376953e+01,4.000000000000000000e+00,0.000000000000000000e+00
2.216983222961425781e+01,1.133319568634033203e+01,4.000000000000000000e+00,0.000000000000000000e+00
2.230001831054687500e+01,1.122782993316650391e+01,4.000000000000000000e+00,0.000000000000000000e+00
2.234348869323730469e+01,1.119637298583984375e+01,4.000000000000000000e+00,0.000000000000000000e+00
2.123130607604980469e+01,1.169771289825439453e+01,4.000000000000000000e+00,0.000000000000000000e+00
2.146504211425781250e+01,1.179616832733154297e+01,4.000000000000000000e+00,0.000000000000000000e+00
2.219743347167968750e+01,1.131452369689941406e+01,4.000000000000000000e+00,0.000000000000000000e+00
2.161444282531738281e+01,1.194970798492431641e+01,4.000000000000000000e+00,0.000000000000000000e+00
2.255759048461914062e+01,1.106706619262695312e+01,4.000000000000000000e+00,0.000000000000000000e+00
2.173837089538574219e+01,1.204213333129882812e+01,4.000000000000000000e+00,0.000000000000000000e+00
2.198182868957519531e+01,1.139303398132324219e+01,4.000000000000000000e+00,0.000000000000000000e+00
2.177025032043457031e+01,1.209087085723876953e+01,4.000000000000000000e+00,0.000000000000000000e+00
2.220974731445312500e+01,1.128615379333496094e+01,4.000000000000000000e+00,0.000000000000000000e+00
2.216297721862792969e+01,1.125973796844482422e+01,4.000000000000000000e+00,0.000000000000000000e+00
2.155009269714355469e+01,1.180914974212646484e+01,4.000000000000000000e+00,0.000000000000000000e+00
2.169936370849609375e+01,1.205990505218505859e+01,4.000000000000000000e+00,0.000000000000000000e+00
2.261889266967773438e+01,1.106856346130371094e+01,4.000000000000000000e+00,0.000000000000000000e+00
2.219102859497070312e+01,1.131063747406005859e+01,4.000000000000000000e+00,0.000000000000000000e+00
2.625808477401733398e+00,-6.221950650215148926e-01,5.000000000000000000e+00,0.000000000000000000e+00
2.564444780349731445e+00,-3.113434016704559326e-01,5.000000000000000000e+00,0.000000000000000000e+00
2.621504068374633789e+00,-6.399091482162475586e-01,5.000000000000000000e+00,0.000000000000000000e+00
2.530995845794677734e+00,-1.487919211387634277e+00,5.000000000000000000e+00,0.000000000000000000e+00
1.820754647254943848e+00,-2.804852247238159180e+00,5.000000000000000000e+00,0.000000000000000000e+00
2.668328523635864258e+00,-4.585333764553070068e-01,5.000000000000000000e+00,0.000000000000000000e+00
1.706488490104675293e+00,-2.521049022674560547e+00,5.000000000000000000e+00,0.000000000000000000e+00
2.688668727874755859e+00,-3.801347613334655762e-01,5.000000000000000000e+00,0.000000000000000000e+00
1.680377721786499023e+00,-2.725446462631225586e+00,5.000000000000000000e+00,0.000000000000000000e+00
2.659504890441894531e+00,-7.565399408340454102e-01,5.000000000000000000e+00,0.000000000000000000e+00
1.692131996154785156e+00,-2.694435834884643555e+00,5.000000000000000000e+00,0.000000000000000000e+00
1.685223698616027832e+00,-2.677706480026245117e+00,5.000000000000000000e+00,0.000000000000000000e+00
1.745231151580810547e+00,-2.831707477569580078e+00,5.000000000000000000e+00,0.000000000000000000e+00
2.668474197387695312e+00,-3.929334282875061035e-01,5.000000000000000000e+00,0.000000000000000000e+00
1.705475330352783203e+00,-2.569657564163208008e+00,5.000000000000000000e+00,0.000000000000000000e+00
1.709740877151489258e+00,-2.681172132492065430e+00,5.000000000000000000e+00,0.000000000000000000e+00
2.654994010925292969e+00,-8.307588100433349609e-01,5.000000000000000000e+00,0.000000000000000000e+00
2.597798585891723633e+00,-3.706933259963989258e-01,5.000000000000000000e+00,0.000000000000000000e+00
1.695681929588317871e+00,-2.763326883316040039e+00,5.000000000000000000e+00,0.000000000000000000e+00
2.589442253112792969e+00,-1.386421442031860352e+00,5.000000000000000000e+00,0.000000000000000000e+00
1.907951235771179199e+00,-2.535551786422729492e+00,5.000000000000000000e+00,0.000000000000000000e+00
2.413127183914184570e+00,-1.721469759941101074e+00,5.000000000000000000e+00,0.000000000000000000e+00
2.205959081649780273e+00,-1.940275311470031738e+00,5.000000000000000000e+00,0.000000000000000000e+00
1.680041790008544922e+00,-2.700364589691162109e+00,5.000000000000000000e+00,0.000000000000000000e+00
2.653769731521606445e+00,-7.398304343223571777e-01,5.000000000000000000e+00,0.000000000000000000e+00
2.006330251693725586e+00,-2.140498638153076172e+00,5.000000000000000000e+00,0.000000000000000000e+00
2.601228475570678711e+00,-3.332565128803253174e-01,5.000000000000000000e+00,0.000000000000000000e+00
1.891893625259399414e+00,-2.636972665786743164e+00,5.000000000000000000e+00,0.000000000000000000e+00
2.253381013870239258e+00,-1.976441383361816406e+00,5.000000000000000000e+00,0.000000000000000000e+00
2.212410449981689453e+00,-1.981914043426513672e+00,5.000000000000000000e+00,0.000000000000000000e+00
2.577023983001708984e+00,-3.538649678230285645e-01,5.000000000000000000e+00,0.000000000000000000e+00
1.806887149810791016e+00,-2.501991987228393555e+00,5.000000000000000000e+00,0.000000000000000000e+00
2.293318271636962891e+00,-1.922979354858398438e+00,5.000000000000000000e+00,0.000000000000000000e+00
1.814165472984313965e+00,-2.787734270095825195e+00,5.000000000000000000e+00,0.000000000000000000e+00
2.574590206146240234e+00,-5.087020397186279297e-01,5.000000000000000000e+00,0.000000000000000000e+00
2.575749874114990234e+00,-1.387326955795288086e+00,5.000000000000000000e+00,0.000000000000000000e+00
2.680765390396118164e+00,-8.087465167045593262e-01,5.000000000000000000e+00,0.000000000000000000e+00
2.632145166397094727e+00,-1.050029516220092773e+00,5.000000000000000000e+00,0.000000000000000000e+00
1.943267345428466797e+00,-2.604799032211303711e+00,5.000000000000000000e+00,0.000000000000000000e+00
2.658264398574829102e+00,-6.802034378051757812e-01,5.000000000000000000e+00,0.000000000000000000e+00
1.763011455535888672e+00,-2.692475318908691406e+00,5.000000000000000000e+00,0.000000000000000000e+00
2.559621095657348633e+00,-1.397406458854675293e+00,5.000000000000000000e+00,0.000000000000000000e+00
2.640746116638183594e+00,-8.337447047233581543e-01,5.000000000000000000e+00,0.000000000000000000e+00
2.472579956054687500e+00,-1.618259429931640625e+00,5.000000000000000000e+00,0.000000000000000000e+00
1.779651403427124023e+00,-2.834040641784667969e+00,5.000000000000000000e+00,0.000000000000000000e+00
2.655756950378417969e+00,-8.811411261558532715e-01,5.000000000000000000e+00,0.000000000000000000e+00
2.671832561492919922e+00,-5.571470260620117188e-01,5.000000000000000000e+00,0.000000000000000000e+00
2.150753736495971680e+00,-2.006124496459960938e+00,5.000000000000000000e+00,0.000000000000000000e+00
1.773658514022827148e+00,-2.469084501266479492e+00,5.000000000000000000e+00,0.000000000000000000e+00
2.525243759155273438e+00,-1.494327902793884277e+00,5.000000000000000000e+00,0.000000000000000000e+00
1.775522351264953613e+00,-2.524103879928588867e+00,5.000000000000000000e+00,0.000000000000000000e+00
2.635596036911010742e+00,-3.273707330226898193e-01,5.000000000000000000e+00,0.000000000000000000e+00
2.593606710433959961e+00,-3.223997652530670166e-01,5.000000000000000000e+00,0.000000000000000000e+00
2.616219520568847656e+00,-5.120995044708251953e-01,5.000000000000000000e+00,0.000000000000000000e+00
1.802437901496887207e+00,-2.810070753097534180e+00,5.000000000000000000e+00,0.000000000000000000e+00
1.822688221931457520e+00,-2.497298717498779297e+00,5.000000000000000000e+00,0.000000000000000000e+00
2.632414102554321289e+00,-4.145772755146026611e-01,5.000000000000000000e+00,0.000000000000000000e+00
2.616385459899902344e+00,-3.359292447566986084e-01,5.000000000000000000e+00,0.000000000000000000e+00
2.232964992523193359e+00,-2.021999359130859375e+00,5.000000000000000000e+00,0.000000000000000000e+00
2.044253349304199219e+00,-2.458546876907348633e+00,5.000000000000000000e+00,0.000000000000000000e+00
1.750618934631347656e+00,-2.541299343109130859e+00,5.000000000000000000e+00,0.000000000000000000e+00
2.648976802825927734e+00,-4.501858055591583252e-01,5.000000000000000000e+00,0.000000000000000000e+00
2.595494508743286133e+00,-4.741680622100830078e-01,5.000000000000000000e+00,0.000000000000000000e+00
2.557936668395996094e+00,-2.850393950939178467e-01,5.000000000000000000e+00,0.000000000000000000e+00
2.614385366439819336e+00,-4.607115089893341064e-01,5.000000000000000000e+00,0.000000000000000000e+00
2.668444395065307617e+00,-3.074545860290527344e-01,5.000000000000000000e+00,0.000000000000000000e+00
1.960342407226562500e+00,-2.642822265625000000e+00,5.000000000000000000e+00,0.000000000000000000e+00
1.714756965637207031e+00,-2.561063766479492188e+00,5.000000000000000000e+00,0.000000000000000000e+00
2.604929208755493164e+00,-1.302338361740112305e+00,5.000000000000000000e+00,0.000000000000000000e+00
2.623720407485961914e+00,-3.982237875461578369e-01,5.000000000000000000e+00,0.000000000000000000e+00
2.415873050689697266e+00,-1.676940083503723145e+00,5.000000000000000000e+00,0.000000000000000000e+00
2.601734638214111328e+00,-4.438041150569915771e-01,5.000000000000000000e+00,0.000000000000000000e+00
1.681863665580749512e+00,-2.593736171722412109e+00,5.000000000000000000e+00,0.000000000000000000e+00
2.038089990615844727e+00,-2.124515056610107422e+00,5.000000000000000000e+00,0.000000000000000000e+00
1.829626441001892090e+00,-2.819279432296752930e+00,5.000000000000000000e+00,0.000000000000000000e+00
2.574939489364624023e+00,-1.394678473472595215e+00,5.000000000000000000e+00,0.000000000000000000e+00
2.579259634017944336e+00,-3.455922901630401611e-01,5.000000000000000000e+00,0.000000000000000000e+00
1.833281159400939941e+00,-2.441721677780151367e+00,5.000000000000000000e+00,0.000000000000000000e+00
2.655088424682617188e+00,-9.192523360252380371e-01,5.000000000000000000e+00,0.000000000000000000e+00
2.260654926300048828e+00,-1.951523900032043457e+00,5.000000000000000000e+00,0.000000000000000000e+00
2.257440328598022461e+00,-1.931446433067321777e+00,5.000000000000000000e+00,0.000000000000000000e+00
1.781717300415039062e+00,-2.451018333435058594e+00,5.000000000000000000e+00,0.000000000000000000e+00
2.578716516494750977e+00,-3.241617083549499512e-01,5.000000000000000000e+00,0.000000000000000000e+00
2.580475568771362305e+00,-3.521840870380401611e-01,5.000000000000000000e+00,0.000000000000000000e+00
1.698755741119384766e+00,-2.719638824462890625e+00,5.000000000000000000e+00,0.000000000000000000e+00
1.917088031768798828e+00,-2.668371677398681641e+00,5.000000000000000000e+00,0.000000000000000000e+00
2.226538658142089844e+00,-1.946293115615844727e+00,5.000000000000000000e+00,0.000000000000000000e+00
2.584933042526245117e+00,-3.529033958911895752e-01,5.000000000000000000e+00,0.000000000000000000e+00
2.621826648712158203e+00,-4.658149182796478271e-01,5.000000000000000000e+00,0.000000000000000000e+00
1.993456840515136719e+00,-2.537562608718872070e+00,5.000000000000000000e+00,0.000000000000000000e+00
2.656381368637084961e+00,-9.195071458816528320e-01,5.000000000000000000e+00,0.000000000000000000e+00
2.619129419326782227e+00,-3.848235309123992920e-01,5.000000000000000000e+00,0.000000000000000000e+00
2.556306600570678711e+00,-1.425043940544128418e+00,5.000000000000000000e+00,0.000000000000000000e+00
2.667889595031738281e+00,-1.274327039718627930e+00,5.000000000000000000e+00,0.000000000000000000e+00
2.598424434661865234e+00,-3.198719620704650879e-01,5.000000000000000000e+00,0.000000000000000000e+00
2.612144708633422852e+00,-4.058818817138671875e-01,5.000000000000000000e+00,0.000000000000000000e+00
2.565515041351318359e+00,-3.073529899120330811e-01,5.000000000000000000e+00,0.000000000000000000e+00
1.719686031341552734e+00,-2.768108367919921875e+00,5.000000000000000000e+00,0.000000000000000000e+00
2.665939807891845703e+00,-9.145114421844482422e-01,5.000000000000000000e+00,0.000000000000000000e+00
1.882008075714111328e+00,-2.639302492141723633e+00,5.000000000000000000e+00,0.000000000000000000e+00
2.618001937866210938e+00,-4.018733799457550049e-01,5.000000000000000000e+00,0.000000000000000000e+00
2.642907142639160156e+00,-7.109372019767761230e-01,5.000000000000000000e+00,0.000000000000000000e+00
2.134035110473632812e+00,-2.008737802505493164e+00,5.000000000000000000e+00,0.000000000000000000e+00
1.851059317588806152e+00,-2.672209739685058594e+00,5.000000000000000000e+00,0.000000000000000000e+00
2.525225639343261719e+00,-1.495472311973571777e+00,5.000000000000000000e+00,0.000000000000000000e+00
1.939392328262329102e+00,-2.634014844894409180e+00,5.000000000000000000e+00,0.000000000000000000e+00
2.590901851654052734e+00,-1.333871841430664062e+00,5.000000000000000000e+00,0.000000000000000000e+00
1.791706681251525879e+00,-2.408208608627319336e+00,5.000000000000000000e+00,0.000000000000000000e+00
2.618627071380615234e+00,-3.577998280525207520e-01,5.000000000000000000e+00,0.000000000000000000e+00
2.308557748794555664e+00,-1.889619588851928711e+00,5.000000000000000000e+00,0.000000000000000000e+00
2.556095123291015625e+00,-3.096685707569122314e-01,5.000000000000000000e+00,0.000000000000000000e+00
2.210195302963256836e+00,-1.933663606643676758e+00,5.000000000000000000e+00,0.000000000000000000e+00
2.588391304016113281e+00,-3.213026821613311768e-01,5.000000000000000000e+00,0.000000000000000000e+00
2.584571361541748047e+00,-1.291799068450927734e+00,5.000000000000000000e+00,0.000000000000000000e+00
2.632376194000244141e+00,-1.071585536003112793e+00,5.000000000000000000e+00,0.000000000000000000e+00
1.794602632522583008e+00,-2.669327497482299805e+00,5.000000000000000000e+00,0.000000000000000000e+00
1.909925460815429688e+00,-2.460890054702758789e+00,5.000000000000000000e+00,0.000000000000000000e+00
2.361082315444946289e+00,-1.793401956558227539e+00,5.000000000000000000e+00,0.000000000000000000e+00
2.534561157226562500e+00,-1.474401593208312988e+00,5.000000000000000000e+00,0.000000000000000000e+00
1.901680707931518555e+00,-2.571706771850585938e+00,5.000000000000000000e+00,0.000000000000000000e+00
2.152988672256469727e+00,-2.156388998031616211e+00,5.000000000000000000e+00,0.000000000000000000e+00
2.584528446197509766e+00,-4.063598513603210449e-01,5.000000000000000000e+00,0.000000000000000000e+00
2.551206111907958984e+00,-1.460641860961914062e+00,5.000000000000000000e+00,0.000000000000000000e+00
2.178503990173339844e+00,-2.081874608993530273e+00,5.000000000000000000e+00,0.000000000000000000e+00
2.504198074340820312e+00,-1.537840366363525391e+00,5.000000000000000000e+00,0.000000000000000000e+00
1.828746557235717773e+00,-2.520588636398315430e+00,5.000000000000000000e+00,0.000000000000000000e+00
2.595037937164306641e+00,-4.911323189735412598e-01,5.000000000000000000e+00,0.000000000000000000e+00
2.277816534042358398e+00,-1.948236942291259766e+00,5.000000000000000000e+00,0.000000000000000000e+00
1.751778841018676758e+00,-2.436030864715576172e+00,5.000000000000000000e+00,0.000000000000000000e+00
2.618964910507202148e+00,-1.155986666679382324e+00,5.000000000000000000e+00,0.000000000000000000e+00
2.146454334259033203e+00,-2.035507202148437500e+00,5.000000000000000000e+00,0.000000000000000000e+00
2.569385051727294922e+00,-1.426005601882934570e+00,5.000000000000000000e+00,0.000000000000000000e+00
2.677286386489868164e+00,-8.834651708602905273e-01,5.000000000000000000e+00,0.000000000000000000e+00
2.586987972259521484e+00,-3.228828012943267822e-01,5.000000000000000000e+00,0.000000000000000000e+00
2.570316314697265625e+00,-3.353956043720245361e-01,5.000000000000000000e+00,0.000000000000000000e+00
2.651315689086914062e+00,-8.506251573562622070e-01,5.000000000000000000e+00,0.000000000000000000e+00
2.633126974105834961e+00,-3.511211276054382324e-01,5.000000000000000000e+00,0.000000000000000000e+00
1.887392759323120117e+00,-2.560925722122192383e+00,5.000000000000000000e+00,0.000000000000000000e+00
2.263881683349609375e+00,-1.961107611656188965e+00,5.000000000000000000e+00,0.000000000000000000e+00
2.628543853759765625e+00,-5.296703577041625977e-01,5.000000000000000000e+00,0.000000000000000000e+00
2.595176696777343750e+00,-5.319235920906066895e-01,5.000000000000000000e+00,0.000000000000000000e+00
1.960696220397949219e+00,-2.596846103668212891e+00,5.000000000000000000e+00,0.000000000000000000e+00
1.759067654609680176e+00,-2.520173311233520508e+00,5.000000000000000000e+00,0.000000000000000000e+00
2.313575267791748047e+00,-1.876534342765808105e+00,5.000000000000000000e+00,0.000000000000000000e+00
2.621946096420288086e+00,-7.007227540016174316e-01,5.000000000000000000e+00,0.000000000000000000e+00
2.653961896896362305e+00,-7.753998041152954102e-01,5.000000000000000000e+00,0.000000000000000000e+00
1.835084557533264160e+00,-2.791620254516601562e+00,5.000000000000000000e+00,0.000000000000000000e+00
2.606193780899047852e+00,-1.230198502540588379e+00,5.000000000000000000e+00,0.000000000000000000e+00
1.840368509292602539e+00,-2.349125623703002930e+00,5.000000000000000000e+00,0.000000000000000000e+00
2.576202869415283203e+00,-1.404170870780944824e+00,5.000000000000000000e+00,0.000000000000000000e+00
2.251855134963989258e+00,-1.953093290328979492e+00,5.000000000000000000e+00,0.000000000000000000e+00
1.879396796226501465e+00,-2.597584962844848633e+00,5.000000000000000000e+00,0.000000000000000000e+00
2.011451005935668945e+00,-2.567370176315307617e+00,5.000000000000000000e+00,0.000000000000000000e+00
2.662179231643676758e+00,-7.873077988624572754e-01,5.000000000000000000e+00,0.000000000000000000e+00
2.612432241439819336e+00,-3.623756766319274902e-01,5.000000000000000000e+00,0.000000000000000000e+00
1.895812749862670898e+00,-2.274214744567871094e+00,5.000000000000000000e+00,0.000000000000000000e+00
2.665064334869384766e+00,-5.007776021957397461e-01,5.000000000000000000e+00,0.000000000000000000e+00
1.972561240196228027e+00,-2.192410230636596680e+00,5.000000000000000000e+00,0.000000000000000000e+00
2.261368274688720703e+00,-1.951047658920288086e+00,5.000000000000000000e+00,0.000000000000000000e+00
2.652545452117919922e+00,-3.616994917392730713e-01,5.000000000000000000e+00,0.000000000000000000e+00
1.693965673446655273e+00,-2.629812240600585938e+00,5.000000000000000000e+00,0.000000000000000000e+00
1.744842886924743652e+00,-2.837057590484619141e+00,5.000000000000000000e+00,0.000000000000000000e+00
2.608529090881347656e+00,-1.249541640281677246e+00,5.000000000000000000e+00,0.000000000000000000e+00
2.655497074127197266e+00,-4.943783283233642578e-01,5.000000000000000000e+00,0.000000000000000000e+00
2.680746316909790039e+00,-4.196510910987854004e-01,5.000000000000000000e+00,0.000000000000000000e+00
1.929990887641906738e+00,-2.241422414779663086e+00,5.000000000000000000e+00,0.000000000000000000e+00
2.171354293823242188e+00,-2.022397041320800781e+00,5.000000000000000000e+00,0.000000000000000000e+00
2.663693904876708984e+00,-7.870571017265319824e-01,5.000000000000000000e+00,0.000000000000000000e+00
2.615098476409912109e+00,-3.903179764747619629e-01,5.000000000000000000e+00,0.000000000000000000e+00
2.360441684722900391e+00,-1.810806155204772949e+00,5.000000000000000000e+00,0.000000000000000000e+00
2.552949190139770508e+00,-1.437851667404174805e+00,5.000000000000000000e+00,0.000000000000000000e+00
2.607777357101440430e+00,-1.232024312019348145e+00,5.000000000000000000e+00,0.000000000000000000e+00
2.581308126449584961e+00,-1.412080049514770508e+00,5.000000000000000000e+00,0.000000000000000000e+00
1.964004516601562500e+00,-2.421985626220703125e+00,5.000000000000000000e+00,0.000000000000000000e+00
2.501180648803710938e+00,-1.514800429344177246e+00,5.000000000000000000e+00,0.000000000000000000e+00
1.843516349792480469e+00,-2.331182479858398438e+00,5.000000000000000000e+00,0.000000000000000000e+00
1.904259324073791504e+00,-2.553705215454101562e+00,5.000000000000000000e+00,0.000000000000000000e+00
1.862039804458618164e+00,-2.737072944641113281e+00,5.000000000000000000e+00,0.000000000000000000e+00
2.336946249008178711e+00,-1.843798637390136719e+00,5.000000000000000000e+00,0.000000000000000000e+00
2.261619091033935547e+00,-1.874823331832885742e+00,5.000000000000000000e+00,0.000000000000000000e+00
2.663640737533569336e+00,-7.672883868217468262e-01,5.000000000000000000e+00,0.000000000000000000e+00
1.889327168464660645e+00,-2.657434225082397461e+00,5.000000000000000000e+00,0.000000000000000000e+00
1.680593132972717285e+00,-2.584872961044311523e+00,5.000000000000000000e+00,0.000000000000000000e+00
2.196668386459350586e+00,-1.972901225090026855e+00,5.000000000000000000e+00,0.000000000000000000e+00
2.607577800750732422e+00,-4.466441869735717773e-01,5.000000000000000000e+00,0.000000000000000000e+00
1.827567577362060547e+00,-2.785120248794555664e+00,5.000000000000000000e+00,0.000000000000000000e+00
2.391687870025634766e+00,-3.523121178150177002e-01,5.000000000000000000e+00,0.000000000000000000e+00
2.171779632568359375e+00,-2.050607919692993164e+00,5.000000000000000000e+00,0.000000000000000000e+00
2.326201200485229492e+00,-1.850736856460571289e+00,5.000000000000000000e+00,0.000000000000000000e+00
2.612875938415527344e+00,-4.670065343379974365e-01,5.000000000000000000e+00,0.000000000000000000e+00
1.923767685890197754e+00,-2.244339704513549805e+00,5.000000000000000000e+00,0.000000000000000000e+00
2.603877305984497070e+00,-4.178768992424011230e-01,5.000000000000000000e+00,0.000000000000000000e+00
1.712380051612854004e+00,-2.822479248046875000e+00,5.000000000000000000e+00,0.000000000000000000e+00
2.568829298019409180e+00,-1.427794337272644043e+00,5.000000000000000000e+00,0.000000000000000000e+00
1.891781330108642578e+00,-2.273666381835937500e+00,5.000000000000000000e+00,0.000000000000000000e+00
2.624729871749877930e+00,-4.436585009098052979e-01,5.000000000000000000e+00,0.000000000000000000e+00
2.616175651550292969e+00,-4.809149801731109619e-01,5.000000000000000000e+00,0.000000000000000000e+00
2.664765357971191406e+00,-3.796836733818054199e-01,5.000000000000000000e+00,0.000000000000000000e+00
1.968811988830566406e+00,-2.575656414031982422e+00,5.000000000000000000e+00,0.000000000000000000e+00
2.610937118530273438e+00,-1.299006462097167969e+00,5.000000000000000000e+00,0.000000000000000000e+00
2.537326812744140625e+00,-3.458951115608215332e-01,5.000000000000000000e+00,0.000000000000000000e+00
2.402961015701293945e+00,-1.716592431068420410e+00,5.000000000000000000e+00,0.000000000000000000e+00
1.956588625907897949e+00,-2.541088819503784180e+00,5.000000000000000000e+00,0.000000000000000000e+00
1.762101650238037109e+00,-2.508072614669799805e+00,5.000000000000000000e+00,0.000000000000000000e+00
1.783965110778808594e+00,-2.818209886550903320e+00,5.000000000000000000e+00,0.000000000000000000e+00
2.651552677154541016e+00,-7.920333743095397949e-01,5.000000000000000000e+00,0.000000000000000000e+00
1.851332426071166992e+00,-2.323746919631958008e+00,5.000000000000000000e+00,0.000000000000000000e+00
2.619088172912597656e+00,-1.311206102371215820e+00,5.000000000000000000e+00,0.000000000000000000e+00
1.900238990783691406e+00,-2.693356752395629883e+00,5.000000000000000000e+00,0.000000000000000000e+00
1.749230027198791504e+00,-2.408010482788085938e+00,5.000000000000000000e+00,0.000000000000000000e+00
6.303073406219482422e+00,-3.773743391036987305e+00,6.000000000000000000e+00,0.000000000000000000e+00
5.523962974548339844e+00,-3.864662170410156250e+00,6.000000000000000000e+00,0.000000000000000000e+00
5.651746273040771484e+00,-3.779316902160644531e+00,6.000000000000000000e+00,0.000000000000000000e+00
6.408619403839111328e+00,-3.874261856079101562e+00,6.000000000000000000e+00,0.000000000000000000e+00
5.697710037231445312e+00,-3.722217321395874023e+00,6.000000000000000000e+00,0.000000000000000000e+00
5.602403163909912109e+00,-3.793124675750732422e+00,6.000000000000000000e+00,0.000000000000000000e+00
5.611928462982177734e+00,-3.914755582809448242e+00,6.000000000000000000e+00,0.000000000000000000e+00
6.430360317230224609e+00,-3.747249841690063477e+00,6.000000000000000000e+00,0.000000000000000000e+00
5.814162254333496094e+00,-3.665348052978515625e+00,6.000000000000000000e+00,0.000000000000000000e+00
5.505993843078613281e+00,-3.912243366241455078e+00,6.000000000000000000e+00,0.000000000000000000e+00
5.580684661865234375e+00,-3.754173755645751953e+00,6.000000000000000000e+00,0.000000000000000000e+00
6.414704322814941406e+00,-3.970207929611206055e+00,6.000000000000000000e+00,0.000000000000000000e+00
6.211949825286865234e+00,-4.032951831817626953e+00,6.000000000000000000e+00,0.000000000000000000e+00
6.360394477844238281e+00,-3.686102628707885742e+00,6.000000000000000000e+00,0.000000000000000000e+00
5.567755222320556641e+00,-3.895971059799194336e+00,6.000000000000000000e+00,0.000000000000000000e+00
5.849853515625000000e+00,-3.608825206756591797e+00,6.000000000000000000e+00,0.000000000000000000e+00
6.218932151794433594e+00,-3.738355398178100586e+00,6.000000000000000000e+00,0.000000000000000000e+00
5.568696022033691406e+00,-3.867939233779907227e+00,6.000000000000000000e+00,0.000000000000000000e+00
5.707157611846923828e+00,-3.701018333435058594e+00,6.000000000000000000e+00,0.000000000000000000e+00
5.657924175262451172e+00,-3.728206872940063477e+00,6.000000000000000000e+00,0.000000000000000000e+00
6.116609096527099609e+00,-3.629684925079345703e+00,6.000000000000000000e+00,0.000000000000000000e+00
6.250114440917968750e+00,-4.129738807678222656e+00,6.000000000000000000e+00,0.000000000000000000e+00
5.939247131347656250e+00,-3.732680082321166992e+00,6.000000000000000000e+00,0.000000000000000000e+00
6.496283531188964844e+00,-3.804132699966430664e+00,6.000000000000000000e+00,0.000000000000000000e+00
5.806220054626464844e+00,-3.680313348770141602e+00,6.000000000000000000e+00,0.000000000000000000e+00
6.334726810455322266e+00,-3.690577268600463867e+00,6.000000000000000000e+00,0.000000000000000000e+00
5.564510822296142578e+00,-3.761108636856079102e+00,6.000000000000000000e+00,0.000000000000000000e+00
6.045923233032226562e+00,-3.671418666839599609e+00,6.000000000000000000e+00,0.000000000000000000e+00
5.608512401580810547e+00,-3.976080417633056641e+00,6.000000000000000000e+00,0.000000000000000000e+00
6.003283023834228516e+00,-4.149459838867187500e+00,6.000000000000000000e+00,0.000000000000000000e+00
5.577267646789550781e+00,-3.809088468551635742e+00,6.000000000000000000e+00,0.000000000000000000e+00
5.846183776855468750e+00,-3.663750171661376953e+00,6.000000000000000000e+00,0.000000000000000000e+00
5.756301403045654297e+00,-3.735255241394042969e+00,6.000000000000000000e+00,0.000000000000000000e+00
6.481776237487792969e+00,-3.912223100662231445e+00,6.000000000000000000e+00,0.000000000000000000e+00
6.113587379455566406e+00,-4.145491600036621094e+00,6.000000000000000000e+00,0.000000000000000000e+00
5.696924686431884766e+00,-3.804987192153930664e+00,6.000000000000000000e+00,0.000000000000000000e+00
5.786848545074462891e+00,-3.945723772048950195e+00,6.000000000000000000e+00,0.000000000000000000e+00
5.697707653045654297e+00,-3.598245382308959961e+00,6.000000000000000000e+00,0.000000000000000000e+00
6.597366809844970703e+00,-3.840424537658691406e+00,6.000000000000000000e+00,0.000000000000000000e+00
6.540761470794677734e+00,-3.913751602172851562e+00,6.000000000000000000e+00,0.000000000000000000e+00
6.531943798065185547e+00,-3.853964090347290039e+00,6.000000000000000000e+00,0.000000000000000000e+00
6.133076667785644531e+00,-4.109639644622802734e+00,6.000000000000000000e+00,0.000000000000000000e+00
6.451517105102539062e+00,-3.730607748031616211e+00,6.000000000000000000e+00,0.000000000000000000e+00
6.339794635772705078e+00,-4.018879890441894531e+00,6.000000000000000000e+00,0.000000000000000000e+00
5.513877391815185547e+00,-3.732329607009887695e+00,6.000000000000000000e+00,0.000000000000000000e+00
5.695709705352783203e+00,-3.631129503250122070e+00,6.000000000000000000e+00,0.000000000000000000e+00
6.163060188293457031e+00,-3.928125619888305664e+00,6.000000000000000000e+00,0.000000000000000000e+00
6.457630634307861328e+00,-3.744951963424682617e+00,6.000000000000000000e+00,0.000000000000000000e+00
6.473915576934814453e+00,-3.885257482528686523e+00,6.000000000000000000e+00,0.000000000000000000e+00
5.649018287658691406e+00,-3.780100345611572266e+00,6.000000000000000000e+00,0.000000000000000000e+00
6.331394672393798828e+00,-3.799792766571044922e+00,6.000000000000000000e+00,0.000000000000000000e+00
5.489629745483398438e+00,-3.717714309692382812e+00,6.000000000000000000e+00,0.000000000000000000e+00
5.978409290313720703e+00,-3.894130706787109375e+00,6.000000000000000000e+00,0.000000000000000000e+00
5.545915126800537109e+00,-3.817842721939086914e+00,6.000000000000000000e+00,0.000000000000000000e+00
6.334800720214843750e+00,-4.041120052337646484e+00,6.000000000000000000e+00,0.000000000000000000e+00
6.126879692077636719e+00,-3.828154802322387695e+00,6.000000000000000000e+00,0.000000000000000000e+00
5.494866371154785156e+00,-3.702753305435180664e+00,6.000000000000000000e+00,0.000000000000000000e+00
5.682707309722900391e+00,-3.868111848831176758e+00,6.000000000000000000e+00,0.000000000000000000e+00
6.461866855621337891e+00,-3.849235057830810547e+00,6.000000000000000000e+00,0.000000000000000000e+00
6.213034629821777344e+00,-4.110610485076904297e+00,6.000000000000000000e+00,0.000000000000000000e+00
6.276655197143554688e+00,-3.705439329147338867e+00,6.000000000000000000e+00,0.000000000000000000e+00
5.797776222229003906e+00,-3.686732530593872070e+00,6.000000000000000000e+00,0.000000000000000000e+00
5.574832439422607422e+00,-3.864486217498779297e+00,6.000000000000000000e+00,0.000000000000000000e+00
6.780783653259277344e+00,-3.898954153060913086e+00,6.000000000000000000e+00,0.000000000000000000e+00
6.389770030975341797e+00,-4.004066944122314453e+00,6.000000000000000000e+00,0.000000000000000000e+00
6.268586635589599609e+00,-4.078354358673095703e+00,6.000000000000000000e+00,0.000000000000000000e+00
5.547478675842285156e+00,-3.847398281097412109e+00,6.000000000000000000e+00,0.000000000000000000e+00
6.398231029510498047e+00,-3.973465204238891602e+00,6.000000000000000000e+00,0.000000000000000000e+00
6.248926639556884766e+00,-4.070729732513427734e+00,6.000000000000000000e+00,0.000000000000000000e+00
6.243309020996093750e+00,-3.984027385711669922e+00,6.000000000000000000e+00,0.000000000000000000e+00
6.387708187103271484e+00,-3.880925893783569336e+00,6.000000000000000000e+00,0.000000000000000000e+00
5.534174919128417969e+00,-3.760219812393188477e+00,6.000000000000000000e+00,0.000000000000000000e+00
5.664164543151855469e+00,-3.728591203689575195e+00,6.000000000000000000e+00,0.000000000000000000e+00
5.520725727081298828e+00,-3.812755346298217773e+00,6.000000000000000000e+00,0.000000000000000000e+00
5.532289981842041016e+00,-3.746180057525634766e+00,6.000000000000000000e+00,0.000000000000000000e+00
5.530071735382080078e+00,-3.745635986328125000e+00,6.000000000000000000e+00,0.000000000000000000e+00
5.569628238677978516e+00,-3.916839838027954102e+00,6.000000000000000000e+00,0.000000000000000000e+00
5.694267272949218750e+00,-3.892390251159667969e+00,6.000000000000000000e+00,0.000000000000000000e+00
5.785555362701416016e+00,-3.826760053634643555e+00,6.000000000000000000e+00,0.000000000000000000e+00
6.536935329437255859e+00,-3.964493274688720703e+00,6.000000000000000000e+00,0.000000000000000000e+00
5.511083602905273438e+00,-3.974416255950927734e+00,6.000000000000000000e+00,0.000000000000000000e+00
5.717766284942626953e+00,-3.515423536300659180e+00,6.000000000000000000e+00,0.000000000000000000e+00
5.592356681823730469e+00,-3.754164695739746094e+00,6.000000000000000000e+00,0.000000000000000000e+00
5.682770729064941406e+00,-3.695688009262084961e+00,6.000000000000000000e+00,0.000000000000000000e+00
6.471443176269531250e+00,-3.866092681884765625e+00,6.000000000000000000e+00,0.000000000000000000e+00
6.101934432983398438e+00,-3.925272703170776367e+00,6.000000000000000000e+00,0.000000000000000000e+00
6.193440914154052734e+00,-3.885846138000488281e+00,6.000000000000000000e+00,0.000000000000000000e+00
6.480613231658935547e+00,-3.745075225830078125e+00,6.000000000000000000e+00,0.000000000000000000e+00
6.319890022277832031e+00,-4.005342483520507812e+00,6.000000000000000000e+00,0.000000000000000000e+00
5.644526004791259766e+00,-3.624582767486572266e+00,6.000000000000000000e+00,0.000000000000000000e+00
5.950638771057128906e+00,-3.551846265792846680e+00,6.000000000000000000e+00,0.000000000000000000e+00
5.824586868286132812e+00,-3.907780647277832031e+00,6.000000000000000000e+00,0.000000000000000000e+00
5.785995960235595703e+00,-3.568353176116943359e+00,6.000000000000000000e+00,0.000000000000000000e+00
5.538221359252929688e+00,-3.786931276321411133e+00,6.000000000000000000e+00,0.000000000000000000e+00
5.697865962982177734e+00,-3.848955154418945312e+00,6.000000000000000000e+00,0.000000000000000000e+00
5.506357669830322266e+00,-3.833405017852783203e+00,6.000000000000000000e+00,0.000000000000000000e+00
5.633042812347412109e+00,-3.687902688980102539e+00,6.000000000000000000e+00,0.000000000000000000e+00
6.530162811279296875e+00,-3.869276046752929688e+00,6.000000000000000000e+00,0.000000000000000000e+00
6.323717117309570312e+00,-4.027061462402343750e+00,6.000000000000000000e+00,0.000000000000000000e+00
5.750799179077148438e+00,-3.631675243377685547e+00,6.000000000000000000e+00,0.000000000000000000e+00
5.731533050537109375e+00,-3.593436479568481445e+00,6.000000000000000000e+00,0.000000000000000000e+00
5.853076457977294922e+00,-3.857426166534423828e+00,6.000000000000000000e+00,0.000000000000000000e+00
6.093468666076660156e+00,-3.761393308639526367e+00,6.000000000000000000e+00,0.000000000000000000e+00
5.958887100219726562e+00,-3.481678962707519531e+00,6.000000000000000000e+00,0.000000000000000000e+00
6.468331813812255859e+00,-3.798116922378540039e+00,6.000000000000000000e+00,0.000000000000000000e+00
5.935232639312744141e+00,-3.720155239105224609e+00,6.000000000000000000e+00,0.000000000000000000e+00
6.468375205993652344e+00,-3.903538465499877930e+00,6.000000000000000000e+00,0.000000000000000000e+00
6.082727432250976562e+00,-4.008637905120849609e+00,6.000000000000000000e+00,0.000000000000000000e+00
6.221516132354736328e+00,-3.754534721374511719e+00,6.000000000000000000e+00,0.000000000000000000e+00
5.476627349853515625e+00,-3.788018941879272461e+00,6.000000000000000000e+00,0.000000000000000000e+00
6.403789997100830078e+00,-3.943492889404296875e+00,6.000000000000000000e+00,0.000000000000000000e+00
5.522161960601806641e+00,-3.824554443359375000e+00,6.000000000000000000e+00,0.000000000000000000e+00
5.811005115509033203e+00,-3.507312297821044922e+00,6.000000000000000000e+00,0.000000000000000000e+00
6.250095844268798828e+00,-3.760997533798217773e+00,6.000000000000000000e+00,0.000000000000000000e+00
6.540057182312011719e+00,-3.872364997863769531e+00,6.000000000000000000e+00,0.000000000000000000e+00
5.717399597167968750e+00,-3.669328212738037109e+00,6.000000000000000000e+00,0.000000000000000000e+00
5.697220802307128906e+00,-3.646675586700439453e+00,6.000000000000000000e+00,0.000000000000000000e+00
6.076772689819335938e+00,-3.794265031814575195e+00,6.000000000000000000e+00,0.000000000000000000e+00
6.156738281250000000e+00,-4.156349182128906250e+00,6.000000000000000000e+00,0.000000000000000000e+00
6.308197498321533203e+00,-3.613566637039184570e+00,6.000000000000000000e+00,0.000000000000000000e+00
5.599669456481933594e+00,-3.757411003112792969e+00,6.000000000000000000e+00,0.000000000000000000e+00
6.353494167327880859e+00,-3.921710491180419922e+00,6.000000000000000000e+00,0.000000000000000000e+00
5.885440826416015625e+00,-3.505161762237548828e+00,6.000000000000000000e+00,0.000000000000000000e+00
6.257072925567626953e+00,-4.044990539550781250e+00,6.000000000000000000e+00,0.000000000000000000e+00
5.533456802368164062e+00,-3.963554143905639648e+00,6.000000000000000000e+00,0.000000000000000000e+00
4.353352069854736328e+00,-1.596647620201110840e+00,6.000000000000000000e+00,0.000000000000000000e+00
6.236017704010009766e+00,-4.050643920898437500e+00,6.000000000000000000e+00,0.000000000000000000e+00
5.644810676574707031e+00,-3.581716060638427734e+00,6.000000000000000000e+00,0.000000000000000000e+00
6.179827690124511719e+00,-3.755349874496459961e+00,6.000000000000000000e+00,0.000000000000000000e+00
5.840557575225830078e+00,-3.520502567291259766e+00,6.000000000000000000e+00,0.000000000000000000e+00
5.611205577850341797e+00,-3.832657337188720703e+00,6.000000000000000000e+00,0.000000000000000000e+00
6.215531826019287109e+00,-4.146279811859130859e+00,6.000000000000000000e+00,0.000000000000000000e+00
6.289581775665283203e+00,-4.071444034576416016e+00,6.000000000000000000e+00,0.000000000000000000e+00
6.243662357330322266e+00,-4.088021278381347656e+00,6.000000000000000000e+00,0.000000000000000000e+00
5.454375743865966797e+00,-3.864039421081542969e+00,6.000000000000000000e+00,0.000000000000000000e+00
5.575026988983154297e+00,-3.894884824752807617e+00,6.000000000000000000e+00,0.000000000000000000e+00
6.191058635711669922e+00,-4.035552024841308594e+00,6.000000000000000000e+00,0.000000000000000000e+00
5.632719516754150391e+00,-3.695858478546142578e+00,6.000000000000000000e+00,0.000000000000000000e+00
5.503314971923828125e+00,-3.914443016052246094e+00,6.000000000000000000e+00,0.000000000000000000e+00
5.638471126556396484e+00,-3.495413303375244141e+00,6.000000000000000000e+00,0.000000000000000000e+00
5.783957481384277344e+00,-3.856353759765625000e+00,6.000000000000000000e+00,0.000000000000000000e+00
5.672362804412841797e+00,-3.940234422683715820e+00,6.000000000000000000e+00,0.000000000000000000e+00
5.628193378448486328e+00,-3.876190900802612305e+00,6.000000000000000000e+00,0.000000000000000000e+00
5.724552154541015625e+00,-3.644502878189086914e+00,6.000000000000000000e+00,0.000000000000000000e+00
6.572833061218261719e+00,-3.902145385742187500e+00,6.000000000000000000e+00,0.000000000000000000e+00
6.813323497772216797e+00,-3.902859687805175781e+00,6.000000000000000000e+00,0.000000000000000000e+00
5.610514163970947266e+00,-4.003169059753417969e+00,6.000000000000000000e+00,0.000000000000000000e+00
6.041726112365722656e+00,-3.889744758605957031e+00,6.000000000000000000e+00,0.000000000000000000e+00
6.301550865173339844e+00,-4.094225883483886719e+00,6.000000000000000000e+00,0.000000000000000000e+00
5.717282295227050781e+00,-3.198353767395019531e+00,6.000000000000000000e+00,0.000000000000000000e+00
6.730235576629638672e+00,-3.892595291137695312e+00,6.000000000000000000e+00,0.000000000000000000e+00
5.694381713867187500e+00,-4.100193500518798828e+00,6.000000000000000000e+00,0.000000000000000000e+00
5.535035133361816406e+00,-3.977207899093627930e+00,6.000000000000000000e+00,0.000000000000000000e+00
6.459503173828125000e+00,-3.933032035827636719e+00,6.000000000000000000e+00,0.000000000000000000e+00
5.749160766601562500e+00,-3.561274051666259766e+00,6.000000000000000000e+00,0.000000000000000000e+00
6.218777656555175781e+00,-3.922611713409423828e+00,6.000000000000000000e+00,0.000000000000000000e+00
5.689888477325439453e+00,-3.922848701477050781e+00,6.000000000000000000e+00,0.000000000000000000e+00
5.518439292907714844e+00,-3.802973508834838867e+00,6.000000000000000000e+00,0.000000000000000000e+00
5.775999546051025391e+00,-3.534993886947631836e+00,6.000000000000000000e+00,0.000000000000000000e+00
5.555109500885009766e+00,-3.925252199172973633e+00,6.000000000000000000e+00,0.000000000000000000e+00
5.995914459228515625e+00,-3.629431247711181641e+00,6.000000000000000000e+00,0.000000000000000000e+00
5.487963199615478516e+00,-3.822340488433837891e+00,6.000000000000000000e+00,0.000000000000000000e+00
6.390923023223876953e+00,-3.995898008346557617e+00,6.000000000000000000e+00,0.000000000000000000e+00
5.899963855743408203e+00,-3.847342967987060547e+00,6.000000000000000000e+00,0.000000000000000000e+00
6.479080677032470703e+00,-3.647296428680419922e+00,6.000000000000000000e+00,0.000000000000000000e+00
6.415499210357666016e+00,-3.880135059356689453e+00,6.000000000000000000e+00,0.000000000000000000e+00
5.608246326446533203e+00,-3.973538875579833984e+00,6.000000000000000000e+00,0.000000000000000000e+00
5.699636459350585938e+00,-3.712125062942504883e+00,6.000000000000000000e+00,0.000000000000000000e+00
5.861354351043701172e+00,-3.645499229431152344e+00,6.000000000000000000e+00,0.000000000000000000e+00
5.848827838897705078e+00,-3.404899835586547852e+00,6.000000000000000000e+00,0.000000000000000000e+00
6.530552387237548828e+00,-3.935004711151123047e+00,6.000000000000000000e+00,0.000000000000000000e+00
5.588390827178955078e+00,-4.009413242340087891e+00,6.000000000000000000e+00,0.000000000000000000e+00
5.574265003204345703e+00,-3.925758838653564453e+00,6.000000000000000000e+00,0.000000000000000000e+00
6.510910034179687500e+00,-3.895562171936035156e+00,6.000000000000000000e+00,0.000000000000000000e+00
6.110270977020263672e+00,-4.151771068572998047e+00,6.000000000000000000e+00,0.000000000000000000e+00
6.377939701080322266e+00,-3.945149660110473633e+00,6.000000000000000000e+00,0.000000000000000000e+00
6.411751270294189453e+00,-3.976320028305053711e+00,6.000000000000000000e+00,0.000000000000000000e+00
6.441493034362792969e+00,-3.892585039138793945e+00,6.000000000000000000e+00,0.000000000000000000e+00
5.703223228454589844e+00,-3.616152048110961914e+00,6.000000000000000000e+00,0.000000000000000000e+00
5.503363132476806641e+00,-3.772468566894531250e+00,6.000000000000000000e+00,0.000000000000000000e+00
6.623199462890625000e+00,-3.802466869354248047e+00,6.000000000000000000e+00,0.000000000000000000e+00
6.488341331481933594e+00,-3.875972986221313477e+00,6.000000000000000000e+00,0.000000000000000000e+00
5.722225189208984375e+00,-3.574287891387939453e+00,6.000000000000000000e+00,0.000000000000000000e+00
5.533860206604003906e+00,-3.718524932861328125e+00,6.000000000000000000e+00,0.000000000000000000e+00
5.716865062713623047e+00,-3.636119604110717773e+00,6.000000000000000000e+00,0.000000000000000000e+00
5.658922195434570312e+00,-3.645347118377685547e+00,6.000000000000000000e+00,0.000000000000000000e+00
5.869073390960693359e+00,-3.267384290695190430e+00,6.000000000000000000e+00,0.000000000000000000e+00
6.412161827087402344e+00,-3.961494922637939453e+00,6.000000000000000000e+00,0.000000000000000000e+00
5.541614532470703125e+00,-3.811233282089233398e+00,6.000000000000000000e+00,0.000000000000000000e+00
6.264754295349121094e+00,-4.072421073913574219e+00,6.000000000000000000e+00,0.000000000000000000e+00
5.485439300537109375e+00,-3.908048629760742188e+00,6.000000000000000000e+00,0.000000000000000000e+00
5.662751197814941406e+00,-3.712089538574218750e+00,6.000000000000000000e+00,0.000000000000000000e+00
6.269644737243652344e+00,-4.107338428497314453e+00,6.000000000000000000e+00,0.000000000000000000e+00
5.529135227203369141e+00,-3.756613254547119141e+00,6.000000000000000000e+00,0.000000000000000000e+00
5.732108592987060547e+00,-3.852708339691162109e+00,6.000000000000000000e+00,0.000000000000000000e+00
6.314400196075439453e+00,-4.044302463531494141e+00,6.000000000000000000e+00,0.000000000000000000e+00
5.835808277130126953e+00,-3.916034936904907227e+00,6.000000000000000000e+00,0.000000000000000000e+00
6.078487396240234375e+00,-4.093696117401123047e+00,6.000000000000000000e+00,0.000000000000000000e+00
6.370687484741210938e+00,-3.975054264068603516e+00,6.000000000000000000e+00,0.000000000000000000e+00
5.699854850769042969e+00,-3.618563413619995117e+00,6.000000000000000000e+00,0.000000000000000000e+00
5.681620121002197266e+00,-3.477529764175415039e+00,6.000000000000000000e+00,0.000000000000000000e+00
6.263482570648193359e+00,-4.066019058227539062e+00,6.000000000000000000e+00,0.000000000000000000e+00
5.670485496520996094e+00,-3.611716747283935547e+00,6.000000000000000000e+00,0.000000000000000000e+00
5.919494628906250000e+00,-3.812119245529174805e+00,6.000000000000000000e+00,0.000000000000000000e+00
6.342599868774414062e+00,-3.956113100051879883e+00,6.000000000000000000e+00,0.000000000000000000e+00
5.906568050384521484e+00,-3.996670961380004883e+00,6.000000000000000000e+00,0.000000000000000000e+00
6.056567192077636719e+00,-3.931331872940063477e+00,6.000000000000000000e+00,0.000000000000000000e+00
6.209054470062255859e+00,-4.037809848785400391e+00,6.000000000000000000e+00,0.000000000000000000e+00
6.222696781158447266e+00,-3.796314239501953125e+00,6.000000000000000000e+00,0.000000000000000000e+00
6.252960681915283203e+00,-3.827745437622070312e+00,6.000000000000000000e+00,0.000000000000000000e+00
2.041496276855468750e+01,1.667181777954101562e+01,7.000000000000000000e+00,0.000000000000000000e+00
2.038219451904296875e+01,1.670201492309570312e+01,7.000000000000000000e+00,0.000000000000000000e+00
2.498892784118652344e+01,5.640303134918212891e+00,7.000000000000000000e+00,0.000000000000000000e+00
2.052168273925781250e+01,1.655735778808593750e+01,7.000000000000000000e+00,0.000000000000000000e+00
2.037620162963867188e+01,1.670013809204101562e+01,7.000000000000000000e+00,0.000000000000000000e+00
2.489626312255859375e+01,5.719378948211669922e+00,7.000000000000000000e+00,0.000000000000000000e+00
2.500958251953125000e+01,5.622204303741455078e+00,7.000000000000000000e+00,0.000000000000000000e+00
2.054843521118164062e+01,1.652475738525390625e+01,7.000000000000000000e+00,0.000000000000000000e+00
2.053974342346191406e+01,1.652853012084960938e+01,7.000000000000000000e+00,0.000000000000000000e+00
2.530030632019042969e+01,5.312670707702636719e+00,7.000000000000000000e+00,0.000000000000000000e+00
2.568622589111328125e+01,5.296682834625244141e+00,7.000000000000000000e+00,0.000000000000000000e+00
2.555825805664062500e+01,5.051735877990722656e+00,7.000000000000000000e+00,0.000000000000000000e+00
2.056602478027343750e+01,1.648815536499023438e+01,7.000000000000000000e+00,0.000000000000000000e+00
2.566394424438476562e+01,5.160628318786621094e+00,7.000000000000000000e+00,0.000000000000000000e+00
2.552816009521484375e+01,5.332779407501220703e+00,7.000000000000000000e+00,0.000000000000000000e+00
2.509215545654296875e+01,5.581182956695556641e+00,7.000000000000000000e+00,0.000000000000000000e+00
2.498129653930664062e+01,5.638566493988037109e+00,7.000000000000000000e+00,0.000000000000000000e+00
2.497270584106445312e+01,5.657689571380615234e+00,7.000000000000000000e+00,0.000000000000000000e+00
2.573114776611328125e+01,5.186408042907714844e+00,7.000000000000000000e+00,0.000000000000000000e+00
2.579967689514160156e+01,5.168772220611572266e+00,7.000000000000000000e+00,0.000000000000000000e+00
2.575568962097167969e+01,5.193388462066650391e+00,7.000000000000000000e+00,0.000000000000000000e+00
2.494060707092285156e+01,5.705472469329833984e+00,7.000000000000000000e+00,0.000000000000000000e+00
2.033768844604492188e+01,1.673383712768554688e+01,7.000000000000000000e+00,0.000000000000000000e+00
2.576906776428222656e+01,5.126448631286621094e+00,7.000000000000000000e+00,0.000000000000000000e+00
2.575796318054199219e+01,5.103882312774658203e+00,7.000000000000000000e+00,0.000000000000000000e+00
2.053263854980468750e+01,1.654600715637207031e+01,7.000000000000000000e+00,0.000000000000000000e+00
2.538027572631835938e+01,5.422412872314453125e+00,7.000000000000000000e+00,0.000000000000000000e+00
2.497060966491699219e+01,5.659984588623046875e+00,7.000000000000000000e+00,0.000000000000000000e+00
2.045321655273437500e+01,1.662674140930175781e+01,7.000000000000000000e+00,0.000000000000000000e+00
2.506016540527343750e+01,5.572375774383544922e+00,7.000000000000000000e+00,0.000000000000000000e+00
2.582305145263671875e+01,5.129624366760253906e+00,7.000000000000000000e+00,0.000000000000000000e+00
2.054321861267089844e+01,1.653334808349609375e+01,7.000000000000000000e+00,0.000000000000000000e+00
2.563582038879394531e+01,5.159040927886962891e+00,7.000000000000000000e+00,0.000000000000000000e+00
2.505853462219238281e+01,5.569486141204833984e+00,7.000000000000000000e+00,0.000000000000000000e+00
2.034744071960449219e+01,1.672545623779296875e+01,7.000000000000000000e+00,0.000000000000000000e+00
2.033558654785156250e+01,1.671031379699707031e+01,7.000000000000000000e+00,0.000000000000000000e+00
2.560182571411132812e+01,5.272608280181884766e+00,7.000000000000000000e+00,0.000000000000000000e+00
2.057565689086914062e+01,1.650105857849121094e+01,7.000000000000000000e+00,0.000000000000000000e+00
2.506070899963378906e+01,5.571160316467285156e+00,7.000000000000000000e+00,0.000000000000000000e+00
2.498641204833984375e+01,5.639828205108642578e+00,7.000000000000000000e+00,0.000000000000000000e+00
2.048179626464843750e+01,1.660372161865234375e+01,7.000000000000000000e+00,0.000000000000000000e+00
2.577203369140625000e+01,5.173431873321533203e+00,7.000000000000000000e+00,0.000000000000000000e+00
2.575825119018554688e+01,5.153381824493408203e+00,7.000000000000000000e+00,0.000000000000000000e+00
2.569851684570312500e+01,5.237285614013671875e+00,7.000000000000000000e+00,0.000000000000000000e+00
2.520556640625000000e+01,5.400142192840576172e+00,7.000000000000000000e+00,0.000000000000000000e+00
2.500531196594238281e+01,5.616074085235595703e+00,7.000000000000000000e+00,0.000000000000000000e+00
2.055046272277832031e+01,1.652925872802734375e+01,7.000000000000000000e+00,0.000000000000000000e+00
2.570609664916992188e+01,5.224946498870849609e+00,7.000000000000000000e+00,0.000000000000000000e+00
2.041284179687500000e+01,1.667316818237304688e+01,7.000000000000000000e+00,0.000000000000000000e+00
2.574387550354003906e+01,5.173833847045898438e+00,7.000000000000000000e+00,0.000000000000000000e+00
2.058160400390625000e+01,1.648773002624511719e+01,7.000000000000000000e+00,0.000000000000000000e+00
2.541571998596191406e+01,5.358832359313964844e+00,7.000000000000000000e+00,0.000000000000000000e+00
2.052289772033691406e+01,1.655472755432128906e+01,7.000000000000000000e+00,0.000000000000000000e+00
2.491344833374023438e+01,5.703817844390869141e+00,7.000000000000000000e+00,0.000000000000000000e+00
2.577211570739746094e+01,5.158707618713378906e+00,7.000000000000000000e+00,0.000000000000000000e+00
2.055067062377929688e+01,1.652153778076171875e+01,7.000000000000000000e+00,0.000000000000000000e+00
2.577282333374023438e+01,5.130888938903808594e+00,7.000000000000000000e+00,0.000000000000000000e+00
2.574686813354492188e+01,5.191291332244873047e+00,7.000000000000000000e+00,0.000000000000000000e+00
2.573214340209960938e+01,5.240645408630371094e+00,7.000000000000000000e+00,0.000000000000000000e+00
2.565875816345214844e+01,5.111700534820556641e+00,7.000000000000000000e+00,0.000000000000000000e+00
2.580196189880371094e+01,5.132083415985107422e+00,7.000000000000000000e+00,0.000000000000000000e+00
2.530840110778808594e+01,5.313300609588623047e+00,7.000000000000000000e+00,0.000000000000000000e+00
2.504422760009765625e+01,5.590553760528564453e+00,7.000000000000000000e+00,0.000000000000000000e+00
2.566225242614746094e+01,5.219135761260986328e+00,7.000000000000000000e+00,0.000000000000000000e+00
2.580963706970214844e+01,5.173273086547851562e+00,7.000000000000000000e+00,0.000000000000000000e+00
2.553169250488281250e+01,5.064222335815429688e+00,7.000000000000000000e+00,0.000000000000000000e+00
2.562080001831054688e+01,5.201189994812011719e+00,7.000000000000000000e+00,0.000000000000000000e+00
2.489784431457519531e+01,5.715911388397216797e+00,7.000000000000000000e+00,0.000000000000000000e+00
2.503456306457519531e+01,5.601086616516113281e+00,7.000000000000000000e+00,0.000000000000000000e+00
2.494277191162109375e+01,5.706491947174072266e+00,7.000000000000000000e+00,0.000000000000000000e+00
2.579412460327148438e+01,5.120296478271484375e+00,7.000000000000000000e+00,0.000000000000000000e+00
2.505112648010253906e+01,5.576563358306884766e+00,7.000000000000000000e+00,0.000000000000000000e+00
2.549191093444824219e+01,5.043544292449951172e+00,7.000000000000000000e+00,0.000000000000000000e+00
2.056072235107421875e+01,1.652895736694335938e+01,7.000000000000000000e+00,0.000000000000000000e+00
2.491534996032714844e+01,5.701260566711425781e+00,7.000000000000000000e+00,0.000000000000000000e+00
2.566357421875000000e+01,5.159071922302246094e+00,7.000000000000000000e+00,0.000000000000000000e+00
2.506623268127441406e+01,5.569154262542724609e+00,7.000000000000000000e+00,0.000000000000000000e+00
2.488769912719726562e+01,5.726426601409912109e+00,7.000000000000000000e+00,0.000000000000000000e+00
2.576021575927734375e+01,5.192859172821044922e+00,7.000000000000000000e+00,0.000000000000000000e+00
2.056298065185546875e+01,1.650385665893554688e+01,7.000000000000000000e+00,0.000000000000000000e+00
2.564295768737792969e+01,5.124838829040527344e+00,7.000000000000000000e+00,0.000000000000000000e+00
2.508565711975097656e+01,5.556480407714843750e+00,7.000000000000000000e+00,0.000000000000000000e+00
2.040714073181152344e+01,1.668081092834472656e+01,7.000000000000000000e+00,0.000000000000000000e+00
2.575166511535644531e+01,5.219825744628906250e+00,7.000000000000000000e+00,0.000000000000000000e+00
2.052011299133300781e+01,1.656132125854492188e+01,7.000000000000000000e+00,0.000000000000000000e+00
2.569011116027832031e+01,5.168900012969970703e+00,7.000000000000000000e+00,0.000000000000000000e+00
2.041027069091796875e+01,1.667452239990234375e+01,7.000000000000000000e+00,0.000000000000000000e+00
2.491814994812011719e+01,5.703911781311035156e+00,7.000000000000000000e+00,0.000000000000000000e+00
2.488876342773437500e+01,5.725041389465332031e+00,7.000000000000000000e+00,0.000000000000000000e+00
2.059106636047363281e+01,1.648624229431152344e+01,7.000000000000000000e+00,0.000000000000000000e+00
2.039615821838378906e+01,1.668958473205566406e+01,7.000000000000000000e+00,0.000000000000000000e+00
2.501331329345703125e+01,5.614640712738037109e+00,7.000000000000000000e+00,0.000000000000000000e+00
2.057604980468750000e+01,1.650165748596191406e+01,7.000000000000000000e+00,0.000000000000000000e+00
2.535141754150390625e+01,5.262793540954589844e+00,7.000000000000000000e+00,0.000000000000000000e+00
2.558885955810546875e+01,5.321722984313964844e+00,7.000000000000000000e+00,0.000000000000000000e+00
2.042947006225585938e+01,1.665441131591796875e+01,7.000000000000000000e+00,0.000000000000000000e+00
2.487228775024414062e+01,5.741292476654052734e+00,7.000000000000000000e+00,0.000000000000000000e+00
2.056564331054687500e+01,1.651371192932128906e+01,7.000000000000000000e+00,0.000000000000000000e+00
2.053962707519531250e+01,1.650939178466796875e+01,7.000000000000000000e+00,0.000000000000000000e+00
2.041739654541015625e+01,1.667015075683593750e+01,7.000000000000000000e+00,0.000000000000000000e+00
2.051472091674804688e+01,1.656045150756835938e+01,7.000000000000000000e+00,0.000000000000000000e+00
2.500141716003417969e+01,5.625224113464355469e+00,7.000000000000000000e+00,0.000000000000000000e+00
2.551060295104980469e+01,5.055465698242187500e+00,7.000000000000000000e+00,0.000000000000000000e+00
2.502368164062500000e+01,5.606887817382812500e+00,7.000000000000000000e+00,0.000000000000000000e+00
2.493180084228515625e+01,5.687527179718017578e+00,7.000000000000000000e+00,0.000000000000000000e+00
2.558783912658691406e+01,5.254722118377685547e+00,7.000000000000000000e+00,0.000000000000000000e+00
2.508221054077148438e+01,5.547587394714355469e+00,7.000000000000000000e+00,0.000000000000000000e+00
2.552219009399414062e+01,5.092906475067138672e+00,7.000000000000000000e+00,0.000000000000000000e+00
2.043661689758300781e+01,1.664928817749023438e+01,7.000000000000000000e+00,0.000000000000000000e+00
2.579854011535644531e+01,5.124632835388183594e+00,7.000000000000000000e+00,0.000000000000000000e+00
2.554521942138671875e+01,5.064311504364013672e+00,7.000000000000000000e+00,0.000000000000000000e+00
2.052102851867675781e+01,1.655462455749511719e+01,7.000000000000000000e+00,0.000000000000000000e+00
2.573137855529785156e+01,5.223982334136962891e+00,7.000000000000000000e+00,0.000000000000000000e+00
2.574522018432617188e+01,5.216827869415283203e+00,7.000000000000000000e+00,0.000000000000000000e+00
2.045276069641113281e+01,1.663349533081054688e+01,7.000000000000000000e+00,0.000000000000000000e+00
2.052893257141113281e+01,1.654275512695312500e+01,7.000000000000000000e+00,0.000000000000000000e+00
2.055044746398925781e+01,1.652722930908203125e+01,7.000000000000000000e+00,0.000000000000000000e+00
2.571786308288574219e+01,5.209328174591064453e+00,7.000000000000000000e+00,0.000000000000000000e+00
2.041561889648437500e+01,1.667086601257324219e+01,7.000000000000000000e+00,0.000000000000000000e+00
2.488589668273925781e+01,5.729846000671386719e+00,7.000000000000000000e+00,0.000000000000000000e+00
2.054611587524414062e+01,1.653058242797851562e+01,7.000000000000000000e+00,0.000000000000000000e+00
2.039758872985839844e+01,1.668989944458007812e+01,7.000000000000000000e+00,0.000000000000000000e+00
2.488471221923828125e+01,5.729430675506591797e+00,7.000000000000000000e+00,0.000000000000000000e+00
2.569678878784179688e+01,5.221796512603759766e+00,7.000000000000000000e+00,0.000000000000000000e+00
2.510626411437988281e+01,5.540188789367675781e+00,7.000000000000000000e+00,0.000000000000000000e+00
2.576052665710449219e+01,5.153285503387451172e+00,7.000000000000000000e+00,0.000000000000000000e+00
2.053901863098144531e+01,1.654083442687988281e+01,7.000000000000000000e+00,0.000000000000000000e+00
2.492850875854492188e+01,5.689517021179199219e+00,7.000000000000000000e+00,0.000000000000000000e+00
2.560827064514160156e+01,5.221873283386230469e+00,7.000000000000000000e+00,0.000000000000000000e+00
2.055777549743652344e+01,1.652114105224609375e+01,7.000000000000000000e+00,0.000000000000000000e+00
2.569951057434082031e+01,5.272223472595214844e+00,7.000000000000000000e+00,0.000000000000000000e+00
2.055265045166015625e+01,1.652422714233398438e+01,7.000000000000000000e+00,0.000000000000000000e+00
2.495409584045410156e+01,5.683272361755371094e+00,7.000000000000000000e+00,0.000000000000000000e+00
2.566069602966308594e+01,5.218225479125976562e+00,7.000000000000000000e+00,0.000000000000000000e+00
2.059858512878417969e+01,1.646481132507324219e+01,7.000000000000000000e+00,0.000000000000000000e+00
2.035866928100585938e+01,1.672991943359375000e+01,7.000000000000000000e+00,0.000000000000000000e+00
2.498608589172363281e+01,5.643280029296875000e+00,7.000000000000000000e+00,0.000000000000000000e+00
2.579594039916992188e+01,5.243418216705322266e+00,7.000000000000000000e+00,0.000000000000000000e+00
2.573424148559570312e+01,5.145943641662597656e+00,7.000000000000000000e+00,0.000000000000000000e+00
2.500565528869628906e+01,5.621476173400878906e+00,7.000000000000000000e+00,0.000000000000000000e+00
2.578176498413085938e+01,5.166143417358398438e+00,7.000000000000000000e+00,0.000000000000000000e+00
2.056254386901855469e+01,1.649602699279785156e+01,7.000000000000000000e+00,0.000000000000000000e+00
2.503746414184570312e+01,5.601415634155273438e+00,7.000000000000000000e+00,0.000000000000000000e+00
2.504966926574707031e+01,5.576418876647949219e+00,7.000000000000000000e+00,0.000000000000000000e+00
2.572001266479492188e+01,5.137614727020263672e+00,7.000000000000000000e+00,0.000000000000000000e+00
2.576300048828125000e+01,5.145025730133056641e+00,7.000000000000000000e+00,0.000000000000000000e+00
2.043535423278808594e+01,1.663383102416992188e+01,7.000000000000000000e+00,0.000000000000000000e+00
2.037375450134277344e+01,1.670184135437011719e+01,7.000000000000000000e+00,0.000000000000000000e+00
2.052462387084960938e+01,1.655339241027832031e+01,7.000000000000000000e+00,0.000000000000000000e+00
2.575694084167480469e+01,5.123503208160400391e+00,7.000000000000000000e+00,0.000000000000000000e+00
2.553078269958496094e+01,5.290929794311523438e+00,7.000000000000000000e+00,0.000000000000000000e+00
2.040994453430175781e+01,1.667655372619628906e+01,7.000000000000000000e+00,0.000000000000000000e+00
2.484984779357910156e+01,5.765382766723632812e+00,7.000000000000000000e+00,0.000000000000000000e+00
2.575709533691406250e+01,5.219886779785156250e+00,7.000000000000000000e+00,0.000000000000000000e+00
2.484714317321777344e+01,5.767849922180175781e+00,7.000000000000000000e+00,0.000000000000000000e+00
2.502272987365722656e+01,5.606184005737304688e+00,7.000000000000000000e+00,0.000000000000000000e+00
2.554855346679687500e+01,5.329513549804687500e+00,7.000000000000000000e+00,0.000000000000000000e+00
2.561900901794433594e+01,5.213395118713378906e+00,7.000000000000000000e+00,0.000000000000000000e+00
2.560011100769042969e+01,5.195072650909423828e+00,7.000000000000000000e+00,0.000000000000000000e+00
2.040045356750488281e+01,1.668760299682617188e+01,7.000000000000000000e+00,0.000000000000000000e+00
2.055515670776367188e+01,1.651862144470214844e+01,7.000000000000000000e+00,0.000000000000000000e+00
2.051679992675781250e+01,1.655346488952636719e+01,7.000000000000000000e+00,0.000000000000000000e+00
2.504897880554199219e+01,5.592672824859619141e+00,7.000000000000000000e+00,0.000000000000000000e+00
2.055412483215332031e+01,1.652283096313476562e+01,7.000000000000000000e+00,0.000000000000000000e+00
2.504046821594238281e+01,5.589349269866943359e+00,7.000000000000000000e+00,0.000000000000000000e+00
2.573799896240234375e+01,5.212182998657226562e+00,7.000000000000000000e+00,0.000000000000000000e+00
2.058144950866699219e+01,1.649719810485839844e+01,7.000000000000000000e+00,0.000000000000000000e+00
2.499409484863281250e+01,5.636763572692871094e+00,7.000000000000000000e+00,0.000000000000000000e+00
2.564505958557128906e+01,5.141731262207031250e+00,7.000000000000000000e+00,0.000000000000000000e+00
2.056060218811035156e+01,1.651859664916992188e+01,7.000000000000000000e+00,0.000000000000000000e+00
2.508449172973632812e+01,5.542872905731201172e+00,7.000000000000000000e+00,0.000000000000000000e+00
2.576525688171386719e+01,5.151100635528564453e+00,7.000000000000000000e+00,0.000000000000000000e+00
2.578808975219726562e+01,5.141854763031005859e+00,7.000000000000000000e+00,0.000000000000000000e+00
2.509278678894042969e+01,5.542169570922851562e+00,7.000000000000000000e+00,0.000000000000000000e+00
2.565270996093750000e+01,5.163032531738281250e+00,7.000000000000000000e+00,0.000000000000000000e+00
2.545909309387207031e+01,5.308439731597900391e+00,7.000000000000000000e+00,0.000000000000000000e+00
2.496936416625976562e+01,5.667077064514160156e+00,7.000000000000000000e+00,0.000000000000000000e+00
2.575114250183105469e+01,5.253330230712890625e+00,7.000000000000000000e+00,0.000000000000000000e+00
2.552849197387695312e+01,5.344492912292480469e+00,7.000000000000000000e+00,0.000000000000000000e+00
2.488752365112304688e+01,5.728354454040527344e+00,7.000000000000000000e+00,0.000000000000000000e+00
2.042757034301757812e+01,1.666011619567871094e+01,7.000000000000000000e+00,0.000000000000000000e+00
2.045709228515625000e+01,1.662734222412109375e+01,7.000000000000000000e+00,0.000000000000000000e+00
2.502769660949707031e+01,5.599957466125488281e+00,7.000000000000000000e+00,0.000000000000000000e+00
2.581604576110839844e+01,5.177470207214355469e+00,7.000000000000000000e+00,0.000000000000000000e+00
2.499018096923828125e+01,5.641639709472656250e+00,7.000000000000000000e+00,0.000000000000000000e+00
2.503486251831054688e+01,5.566792488098144531e+00,7.000000000000000000e+00,0.000000000000000000e+00
2.577234649658203125e+01,5.267014503479003906e+00,7.000000000000000000e+00,0.000000000000000000e+00
2.579410934448242188e+01,5.142275333404541016e+00,7.000000000000000000e+00,0.000000000000000000e+00
2.499145317077636719e+01,5.635274410247802734e+00,7.000000000000000000e+00,0.000000000000000000e+00
2.560277366638183594e+01,5.142978191375732422e+00,7.000000000000000000e+00,0.000000000000000000e+00
2.502042198181152344e+01,5.606119155883789062e+00,7.000000000000000000e+00,0.000000000000000000e+00
2.579505157470703125e+01,5.124310493469238281e+00,7.000000000000000000e+00,0.000000000000000000e+00
2.492842674255371094e+01,5.692440509796142578e+00,7.000000000000000000e+00,0.000000000000000000e+00
2.550726890563964844e+01,5.305124759674072266e+00,7.000000000000000000e+00,0.000000000000000000e+00
2.052951240539550781e+01,1.654904174804687500e+01,7.000000000000000000e+00,0.000000000000000000e+00
2.060799026489257812e+01,1.645067787170410156e+01,7.000000000000000000e+00,0.000000000000000000e+00
2.568535995483398438e+01,5.138861179351806641e+00,7.000000000000000000e+00,0.000000000000000000e+00
2.504083633422851562e+01,5.588868141174316406e+00,7.000000000000000000e+00,0.000000000000000000e+00
2.569918060302734375e+01,5.233656406402587891e+00,7.000000000000000000e+00,0.000000000000000000e+00
2.505240440368652344e+01,5.578326225280761719e+00,7.000000000000000000e+00,0.000000000000000000e+00
2.570528030395507812e+01,5.120862960815429688e+00,7.000000000000000000e+00,0.000000000000000000e+00
2.036982917785644531e+01,1.671841621398925781e+01,7.000000000000000000e+00,0.000000000000000000e+00
2.053415489196777344e+01,1.654494094848632812e+01,7.000000000000000000e+00,0.000000000000000000e+00
2.487567329406738281e+01,5.737840175628662109e+00,7.000000000000000000e+00,0.000000000000000000e+00
2.548662948608398438e+01,5.009611129760742188e+00,7.000000000000000000e+00,0.000000000000000000e+00
2.046067428588867188e+01,1.660795211791992188e+01,7.000000000000000000e+00,0.000000000000000000e+00
2.047650909423828125e+01,1.660940361022949219e+01,7.000000000000000000e+00,0.000000000000000000e+00
2.496483802795410156e+01,5.661010742187500000e+00,7.000000000000000000e+00,0.000000000000000000e+00
2.056008720397949219e+01,1.651593780517578125e+01,7.000000000000000000e+00,0.000000000000000000e+00
2.572131919860839844e+01,5.112562656402587891e+00,7.000000000000000000e+00,0.000000000000000000e+00
1.990193557739257812e+01,1.062276363372802734e+01,8.000000000000000000e+00,0.000000000000000000e+00
1.963889694213867188e+01,9.847588539123535156e+00,8.000000000000000000e+00,0.000000000000000000e+00
2.118444061279296875e+01,9.027453422546386719e+00,8.000000000000000000e+00,0.000000000000000000e+00
2.144201660156250000e+01,8.969942092895507812e+00,8.000000000000000000e+00,0.000000000000000000e+00
1.947755432128906250e+01,1.072094058990478516e+01,8.000000000000000000e+00,0.000000000000000000e+00
2.145911026000976562e+01,8.972104072570800781e+00,8.000000000000000000e+00,0.000000000000000000e+00
2.119406700134277344e+01,9.099100112915039062e+00,8.000000000000000000e+00,0.000000000000000000e+00
1.913517379760742188e+01,1.040857791900634766e+01,8.000000000000000000e+00,0.000000000000000000e+00
2.133740615844726562e+01,9.297161102294921875e+00,8.000000000000000000e+00,0.000000000000000000e+00
1.984726905822753906e+01,1.064096832275390625e+01,8.000000000000000000e+00,0.000000000000000000e+00
2.251837921142578125e+01,-1.359496474266052246e+00,8.000000000000000000e+00,0.000000000000000000e+00
1.916775512695312500e+01,1.034533119201660156e+01,8.000000000000000000e+00,0.000000000000000000e+00
1.960611724853515625e+01,9.867537498474121094e+00,8.000000000000000000e+00,0.000000000000000000e+00
2.142709541320800781e+01,9.052314758300781250e+00,8.000000000000000000e+00,0.000000000000000000e+00
1.987382698059082031e+01,9.789948463439941406e+00,8.000000000000000000e+00,0.000000000000000000e+00
1.949831199645996094e+01,9.933414459228515625e+00,8.000000000000000000e+00,0.000000000000000000e+00
2.130325508117675781e+01,9.616782188415527344e+00,8.000000000000000000e+00,0.000000000000000000e+00
1.958032417297363281e+01,1.071509075164794922e+01,8.000000000000000000e+00,0.000000000000000000e+00
2.112587928771972656e+01,8.960548400878906250e+00,8.000000000000000000e+00,0.000000000000000000e+00
1.921390533447265625e+01,1.058041381835937500e+01,8.000000000000000000e+00,0.000000000000000000e+00
2.130498695373535156e+01,9.572663307189941406e+00,8.000000000000000000e+00,0.000000000000000000e+00
1.967662811279296875e+01,9.821645736694335938e+00,8.000000000000000000e+00,0.000000000000000000e+00
2.137367820739746094e+01,8.887794494628906250e+00,8.000000000000000000e+00,0.000000000000000000e+00
2.130240821838378906e+01,9.139698982238769531e+00,8.000000000000000000e+00,0.000000000000000000e+00
2.125163269042968750e+01,8.833133697509765625e+00,8.000000000000000000e+00,0.000000000000000000e+00
1.984383773803710938e+01,1.065849018096923828e+01,8.000000000000000000e+00,0.000000000000000000e+00
2.142423820495605469e+01,9.048048019409179688e+00,8.000000000000000000e+00,0.000000000000000000e+00
2.118367385864257812e+01,8.813370704650878906e+00,8.000000000000000000e+00,0.000000000000000000e+00
2.002847671508789062e+01,9.558799743652343750e+00,8.000000000000000000e+00,0.000000000000000000e+00
1.942345046997070312e+01,9.998313903808593750e+00,8.000000000000000000e+00,0.000000000000000000e+00
1.967364692687988281e+01,9.805255889892578125e+00,8.000000000000000000e+00,0.000000000000000000e+00
2.139217376708984375e+01,9.145345687866210938e+00,8.000000000000000000e+00,0.000000000000000000e+00
1.963383865356445312e+01,9.840316772460937500e+00,8.000000000000000000e+00,0.000000000000000000e+00
2.002723312377929688e+01,9.563241958618164062e+00,8.000000000000000000e+00,0.000000000000000000e+00
1.409079170227050781e+01,-1.244971081614494324e-01,8.000000000000000000e+00,0.000000000000000000e+00
2.133976936340332031e+01,8.836073875427246094e+00,8.000000000000000000e+00,0.000000000000000000e+00
2.145144653320312500e+01,9.085914611816406250e+00,8.000000000000000000e+00,0.000000000000000000e+00
2.135655784606933594e+01,8.876219749450683594e+00,8.000000000000000000e+00,0.000000000000000000e+00
2.134528541564941406e+01,9.132471084594726562e+00,8.000000000000000000e+00,0.000000000000000000e+00
1.955228996276855469e+01,9.911695480346679688e+00,8.000000000000000000e+00,0.000000000000000000e+00
1.924053764343261719e+01,1.064673042297363281e+01,8.000000000000000000e+00,0.000000000000000000e+00
2.104203033447265625e+01,8.858445167541503906e+00,8.000000000000000000e+00,0.000000000000000000e+00
1.932626533508300781e+01,1.013466739654541016e+01,8.000000000000000000e+00,0.000000000000000000e+00
1.993745231628417969e+01,1.064538383483886719e+01,8.000000000000000000e+00,0.000000000000000000e+00
2.110109138488769531e+01,8.806488990783691406e+00,8.000000000000000000e+00,0.000000000000000000e+00
2.135551071166992188e+01,8.838531494140625000e+00,8.000000000000000000e+00,0.000000000000000000e+00
1.955305290222167969e+01,1.070001888275146484e+01,8.000000000000000000e+00,0.000000000000000000e+00
1.941710472106933594e+01,1.056106185913085938e+01,8.000000000000000000e+00,0.000000000000000000e+00
1.958269691467285156e+01,9.869153022766113281e+00,8.000000000000000000e+00,0.000000000000000000e+00
1.957541275024414062e+01,1.071298694610595703e+01,8.000000000000000000e+00,0.000000000000000000e+00
2.138405799865722656e+01,8.866849899291992188e+00,8.000000000000000000e+00,0.000000000000000000e+00
2.014865112304687500e+01,9.653771400451660156e+00,8.000000000000000000e+00,0.000000000000000000e+00
2.103276252746582031e+01,8.906293869018554688e+00,8.000000000000000000e+00,0.000000000000000000e+00
2.125698089599609375e+01,8.830121994018554688e+00,8.000000000000000000e+00,0.000000000000000000e+00
1.965571594238281250e+01,9.826730728149414062e+00,8.000000000000000000e+00,0.000000000000000000e+00
1.949720764160156250e+01,9.949909210205078125e+00,8.000000000000000000e+00,0.000000000000000000e+00
2.135927963256835938e+01,9.250772476196289062e+00,8.000000000000000000e+00,0.000000000000000000e+00
1.961037254333496094e+01,9.869948387145996094e+00,8.000000000000000000e+00,0.000000000000000000e+00
2.142098426818847656e+01,9.051538467407226562e+00,8.000000000000000000e+00,0.000000000000000000e+00
1.983203697204589844e+01,1.065408897399902344e+01,8.000000000000000000e+00,0.000000000000000000e+00
1.964131546020507812e+01,9.834306716918945312e+00,8.000000000000000000e+00,0.000000000000000000e+00
1.986652183532714844e+01,1.062069225311279297e+01,8.000000000000000000e+00,0.000000000000000000e+00
2.138822174072265625e+01,8.958470344543457031e+00,8.000000000000000000e+00,0.000000000000000000e+00
1.403843212127685547e+01,-1.762489825487136841e-01,8.000000000000000000e+00,0.000000000000000000e+00
2.145918655395507812e+01,8.932388305664062500e+00,8.000000000000000000e+00,0.000000000000000000e+00
2.139958763122558594e+01,9.161890029907226562e+00,8.000000000000000000e+00,0.000000000000000000e+00
2.142398643493652344e+01,8.996735572814941406e+00,8.000000000000000000e+00,0.000000000000000000e+00
1.963283157348632812e+01,9.844888687133789062e+00,8.000000000000000000e+00,0.000000000000000000e+00
1.953842163085937500e+01,1.071351909637451172e+01,8.000000000000000000e+00,0.000000000000000000e+00
2.137490272521972656e+01,8.871583938598632812e+00,8.000000000000000000e+00,0.000000000000000000e+00
1.986906051635742188e+01,9.672232627868652344e+00,8.000000000000000000e+00,0.000000000000000000e+00
1.934312629699707031e+01,1.065919780731201172e+01,8.000000000000000000e+00,0.000000000000000000e+00
1.991983795166015625e+01,1.063372802734375000e+01,8.000000000000000000e+00,0.000000000000000000e+00
2.129309844970703125e+01,8.828339576721191406e+00,8.000000000000000000e+00,0.000000000000000000e+00
2.141983032226562500e+01,9.088588714599609375e+00,8.000000000000000000e+00,0.000000000000000000e+00
2.142880249023437500e+01,9.119419097900390625e+00,8.000000000000000000e+00,0.000000000000000000e+00
1.963639640808105469e+01,9.845954895019531250e+00,8.000000000000000000e+00,0.000000000000000000e+00
2.003603172302246094e+01,9.549447059631347656e+00,8.000000000000000000e+00,0.000000000000000000e+00
2.101157760620117188e+01,8.837914466857910156e+00,8.000000000000000000e+00,0.000000000000000000e+00
1.961747550964355469e+01,9.859865188598632812e+00,8.000000000000000000e+00,0.000000000000000000e+00
1.924715232849121094e+01,1.064554977416992188e+01,8.000000000000000000e+00,0.000000000000000000e+00
2.004257774353027344e+01,9.546693801879882812e+00,8.000000000000000000e+00,0.000000000000000000e+00
2.136207389831542969e+01,9.191360473632812500e+00,8.000000000000000000e+00,0.000000000000000000e+00
2.136859321594238281e+01,9.173880577087402344e+00,8.000000000000000000e+00,0.000000000000000000e+00
2.131460952758789062e+01,9.553595542907714844e+00,8.000000000000000000e+00,0.000000000000000000e+00
1.990734481811523438e+01,9.744128227233886719e+00,8.000000000000000000e+00,0.000000000000000000e+00
2.114711189270019531e+01,9.059032440185546875e+00,8.000000000000000000e+00,0.000000000000000000e+00
1.934639930725097656e+01,1.005882358551025391e+01,8.000000000000000000e+00,0.000000000000000000e+00
1.962339782714843750e+01,9.888047218322753906e+00,8.000000000000000000e+00,0.000000000000000000e+00
1.983915710449218750e+01,1.066215133666992188e+01,8.000000000000000000e+00,0.000000000000000000e+00
2.133074569702148438e+01,9.175426483154296875e+00,8.000000000000000000e+00,0.000000000000000000e+00
2.136973381042480469e+01,8.883582115173339844e+00,8.000000000000000000e+00,0.000000000000000000e+00
2.128872108459472656e+01,9.595765113830566406e+00,8.000000000000000000e+00,0.000000000000000000e+00
2.133437728881835938e+01,9.254470825195312500e+00,8.000000000000000000e+00,0.000000000000000000e+00
1.943886184692382812e+01,1.000091648101806641e+01,8.000000000000000000e+00,0.000000000000000000e+00
2.106974220275878906e+01,8.812061309814453125e+00,8.000000000000000000e+00,0.000000000000000000e+00
1.440289115905761719e+01,-1.385283619165420532e-01,8.000000000000000000e+00,0.000000000000000000e+00
2.107189178466796875e+01,8.826442718505859375e+00,8.000000000000000000e+00,0.000000000000000000e+00
1.986289215087890625e+01,9.698321342468261719e+00,8.000000000000000000e+00,0.000000000000000000e+00
1.936505508422851562e+01,1.009645175933837891e+01,8.000000000000000000e+00,0.000000000000000000e+00
1.416430759429931641e+01,-1.067014932632446289e-01,8.000000000000000000e+00,0.000000000000000000e+00
2.139191055297851562e+01,8.949114799499511719e+00,8.000000000000000000e+00,0.000000000000000000e+00
1.953197097778320312e+01,9.950644493103027344e+00,8.000000000000000000e+00,0.000000000000000000e+00
1.942413139343261719e+01,1.001710319519042969e+01,8.000000000000000000e+00,0.000000000000000000e+00
2.143323707580566406e+01,8.978632926940917969e+00,8.000000000000000000e+00,0.000000000000000000e+00
2.136306381225585938e+01,9.319799423217773438e+00,8.000000000000000000e+00,0.000000000000000000e+00
1.956200218200683594e+01,9.919414520263671875e+00,8.000000000000000000e+00,0.000000000000000000e+00
1.962038993835449219e+01,9.859284400939941406e+00,8.000000000000000000e+00,0.000000000000000000e+00
2.129809379577636719e+01,9.572712898254394531e+00,8.000000000000000000e+00,0.000000000000000000e+00
1.960206222534179688e+01,9.867705345153808594e+00,8.000000000000000000e+00,0.000000000000000000e+00
2.131926918029785156e+01,9.504652023315429688e+00,8.000000000000000000e+00,0.000000000000000000e+00
2.132353401184082031e+01,9.554091453552246094e+00,8.000000000000000000e+00,0.000000000000000000e+00
2.127353477478027344e+01,9.138629913330078125e+00,8.000000000000000000e+00,0.000000000000000000e+00
2.108896446228027344e+01,8.808111190795898438e+00,8.000000000000000000e+00,0.000000000000000000e+00
1.933169364929199219e+01,1.055223083496093750e+01,8.000000000000000000e+00,0.000000000000000000e+00
2.133655357360839844e+01,9.228147506713867188e+00,8.000000000000000000e+00,0.000000000000000000e+00
1.988669586181640625e+01,1.064491558074951172e+01,8.000000000000000000e+00,0.000000000000000000e+00
2.127765274047851562e+01,9.065986633300781250e+00,8.000000000000000000e+00,0.000000000000000000e+00
2.146232223510742188e+01,8.974061965942382812e+00,8.000000000000000000e+00,0.000000000000000000e+00
1.959798431396484375e+01,9.882803916931152344e+00,8.000000000000000000e+00,0.000000000000000000e+00
2.105925369262695312e+01,8.847558021545410156e+00,8.000000000000000000e+00,0.000000000000000000e+00
1.921938705444335938e+01,1.062886142730712891e+01,8.000000000000000000e+00,0.000000000000000000e+00
2.003405761718750000e+01,9.549770355224609375e+00,8.000000000000000000e+00,0.000000000000000000e+00
1.968344688415527344e+01,9.808906555175781250e+00,8.000000000000000000e+00,0.000000000000000000e+00
1.959925842285156250e+01,1.070350933074951172e+01,8.000000000000000000e+00,0.000000000000000000e+00
1.924521446228027344e+01,1.059616565704345703e+01,8.000000000000000000e+00,0.000000000000000000e+00
2.135260200500488281e+01,9.258323669433593750e+00,8.000000000000000000e+00,0.000000000000000000e+00
2.002318572998046875e+01,9.530589103698730469e+00,8.000000000000000000e+00,0.000000000000000000e+00
2.137687683105468750e+01,9.169869422912597656e+00,8.000000000000000000e+00,0.000000000000000000e+00
1.916563415527343750e+01,1.043152046203613281e+01,8.000000000000000000e+00,0.000000000000000000e+00
1.954341506958007812e+01,1.072641754150390625e+01,8.000000000000000000e+00,0.000000000000000000e+00
1.934511375427246094e+01,1.067610073089599609e+01,8.000000000000000000e+00,0.000000000000000000e+00
2.101567649841308594e+01,8.867605209350585938e+00,8.000000000000000000e+00,0.000000000000000000e+00
2.003979301452636719e+01,9.545839309692382812e+00,8.000000000000000000e+00,0.000000000000000000e+00
2.001688003540039062e+01,9.573486328125000000e+00,8.000000000000000000e+00,0.000000000000000000e+00
2.003384399414062500e+01,9.554635047912597656e+00,8.000000000000000000e+00,0.000000000000000000e+00
1.908588981628417969e+01,1.043983554840087891e+01,8.000000000000000000e+00,0.000000000000000000e+00
1.959634017944335938e+01,1.070951843261718750e+01,8.000000000000000000e+00,0.000000000000000000e+00
1.945721435546875000e+01,1.057338905334472656e+01,8.000000000000000000e+00,0.000000000000000000e+00
1.937663650512695312e+01,1.067794513702392578e+01,8.000000000000000000e+00,0.000000000000000000e+00
2.139174652099609375e+01,9.171076774597167969e+00,8.000000000000000000e+00,0.000000000000000000e+00
2.135550880432128906e+01,9.193284988403320312e+00,8.000000000000000000e+00,0.000000000000000000e+00
1.962082481384277344e+01,9.851838111877441406e+00,8.000000000000000000e+00,0.000000000000000000e+00
2.127760696411132812e+01,8.790309906005859375e+00,8.000000000000000000e+00,0.000000000000000000e+00
2.144796180725097656e+01,8.972473144531250000e+00,8.000000000000000000e+00,0.000000000000000000e+00
1.959414863586425781e+01,1.071829891204833984e+01,8.000000000000000000e+00,0.000000000000000000e+00
2.099797821044921875e+01,8.859558105468750000e+00,8.000000000000000000e+00,0.000000000000000000e+00
2.138000106811523438e+01,8.861194610595703125e+00,8.000000000000000000e+00,0.000000000000000000e+00
1.944232559204101562e+01,1.026126575469970703e+01,8.000000000000000000e+00,0.000000000000000000e+00
2.139203643798828125e+01,9.148881912231445312e+00,8.000000000000000000e+00,0.000000000000000000e+00
2.127320861816406250e+01,9.197174072265625000e+00,8.000000000000000000e+00,0.000000000000000000e+00
2.106669235229492188e+01,8.883359909057617188e+00,8.000000000000000000e+00,0.000000000000000000e+00
2.140887832641601562e+01,8.952295303344726562e+00,8.000000000000000000e+00,0.000000000000000000e+00
1.948133659362792969e+01,1.070849800109863281e+01,8.000000000000000000e+00,0.000000000000000000e+00
1.957493209838867188e+01,1.069674968719482422e+01,8.000000000000000000e+00,0.000000000000000000e+00
1.954846000671386719e+01,9.920961380004882812e+00,8.000000000000000000e+00,0.000000000000000000e+00
2.134484100341796875e+01,9.178979873657226562e+00,8.000000000000000000e+00,0.000000000000000000e+00
1.953723907470703125e+01,1.071805572509765625e+01,8.000000000000000000e+00,0.000000000000000000e+00
2.105716323852539062e+01,8.803174972534179688e+00,8.000000000000000000e+00,0.000000000000000000e+00
2.141056442260742188e+01,8.994261741638183594e+00,8.000000000000000000e+00,0.000000000000000000e+00
2.139977264404296875e+01,9.101014137268066406e+00,8.000000000000000000e+00,0.000000000000000000e+00
1.979035949707031250e+01,1.067249011993408203e+01,8.000000000000000000e+00,0.000000000000000000e+00
1.985125350952148438e+01,1.065302944183349609e+01,8.000000000000000000e+00,0.000000000000000000e+00
1.914375686645507812e+01,1.041387844085693359e+01,8.000000000000000000e+00,0.000000000000000000e+00
2.133856201171875000e+01,8.947342872619628906e+00,8.000000000000000000e+00,0.000000000000000000e+00
2.142671012878417969e+01,8.974359512329101562e+00,8.000000000000000000e+00,0.000000000000000000e+00
2.141958045959472656e+01,9.185011863708496094e+00,8.000000000000000000e+00,0.000000000000000000e+00
2.142169570922851562e+01,9.108629226684570312e+00,8.000000000000000000e+00,0.000000000000000000e+00
1.959033012390136719e+01,9.888107299804687500e+00,8.000000000000000000e+00,0.000000000000000000e+00
2.141200256347656250e+01,9.036099433898925781e+00,8.000000000000000000e+00,0.000000000000000000e+00
1.965156936645507812e+01,9.832917213439941406e+00,8.000000000000000000e+00,0.000000000000000000e+00
1.926185035705566406e+01,1.055613613128662109e+01,8.000000000000000000e+00,0.000000000000000000e+00
2.145409393310546875e+01,9.034680366516113281e+00,8.000000000000000000e+00,0.000000000000000000e+00
2.144281578063964844e+01,9.038627624511718750e+00,8.000000000000000000e+00,0.000000000000000000e+00
2.101433181762695312e+01,8.840353965759277344e+00,8.000000000000000000e+00,0.000000000000000000e+00
2.005992698669433594e+01,9.530405998229980469e+00,8.000000000000000000e+00,0.000000000000000000e+00
1.938224220275878906e+01,1.020282649993896484e+01,8.000000000000000000e+00,0.000000000000000000e+00
1.950507164001464844e+01,9.958927154541015625e+00,8.000000000000000000e+00,0.000000000000000000e+00
1.957947349548339844e+01,1.073187446594238281e+01,8.000000000000000000e+00,0.000000000000000000e+00
1.963269233703613281e+01,9.856997489929199219e+00,8.000000000000000000e+00,0.000000000000000000e+00
2.125570106506347656e+01,9.168056488037109375e+00,8.000000000000000000e+00,0.000000000000000000e+00
2.132372856140136719e+01,9.171573638916015625e+00,8.000000000000000000e+00,0.000000000000000000e+00
1.964251136779785156e+01,9.838877677917480469e+00,8.000000000000000000e+00,0.000000000000000000e+00
1.952972412109375000e+01,1.070850372314453125e+01,8.000000000000000000e+00,0.000000000000000000e+00
1.951293754577636719e+01,1.068382644653320312e+01,8.000000000000000000e+00,0.000000000000000000e+00
1.992063713073730469e+01,1.065041637420654297e+01,8.000000000000000000e+00,0.000000000000000000e+00
1.962952995300292969e+01,9.857865333557128906e+00,8.000000000000000000e+00,0.000000000000000000e+00
1.989186096191406250e+01,1.065323448181152344e+01,8.000000000000000000e+00,0.000000000000000000e+00
2.146439933776855469e+01,9.049351692199707031e+00,8.000000000000000000e+00,0.000000000000000000e+00
2.005087280273437500e+01,9.557060241699218750e+00,8.000000000000000000e+00,0.000000000000000000e+00
2.005398178100585938e+01,9.527749061584472656e+00,8.000000000000000000e+00,0.000000000000000000e+00
2.103602027893066406e+01,8.865946769714355469e+00,8.000000000000000000e+00,0.000000000000000000e+00
2.001603889465332031e+01,9.557711601257324219e+00,8.000000000000000000e+00,0.000000000000000000e+00
2.002688789367675781e+01,9.548645019531250000e+00,8.000000000000000000e+00,0.000000000000000000e+00
1.988531494140625000e+01,1.064942359924316406e+01,8.000000000000000000e+00,0.000000000000000000e+00
2.113126182556152344e+01,9.013327598571777344e+00,8.000000000000000000e+00,0.000000000000000000e+00
1.934217643737792969e+01,1.003686523437500000e+01,8.000000000000000000e+00,0.000000000000000000e+00
1.933818817138671875e+01,1.072536849975585938e+01,8.000000000000000000e+00,0.000000000000000000e+00
1.958819580078125000e+01,9.886285781860351562e+00,8.000000000000000000e+00,0.000000000000000000e+00
1.998772811889648438e+01,9.611176490783691406e+00,8.000000000000000000e+00,0.000000000000000000e+00
2.131084632873535156e+01,9.584524154663085938e+00,8.000000000000000000e+00,0.000000000000000000e+00
1.906978416442871094e+01,1.043353748321533203e+01,8.000000000000000000e+00,0.000000000000000000e+00
2.007837486267089844e+01,9.519968986511230469e+00,8.000000000000000000e+00,0.000000000000000000e+00
1.958858299255371094e+01,1.067085266113281250e+01,8.000000000000000000e+00,0.000000000000000000e+00
1.963477706909179688e+01,9.845022201538085938e+00,8.000000000000000000e+00,0.000000000000000000e+00
1.940810203552246094e+01,1.047860145568847656e+01,8.000000000000000000e+00,0.000000000000000000e+00
2.138568878173828125e+01,9.166695594787597656e+00,8.000000000000000000e+00,0.000000000000000000e+00
1.960018348693847656e+01,1.070771121978759766e+01,8.000000000000000000e+00,0.000000000000000000e+00
1.925369644165039062e+01,1.065126895904541016e+01,8.000000000000000000e+00,0.000000000000000000e+00
2.136971092224121094e+01,8.856176376342773438e+00,8.000000000000000000e+00,0.000000000000000000e+00
-1.964469075202941895e+00,7.839599132537841797e+00,9.000000000000000000e+00,0.000000000000000000e+00
-2.039868116378784180e+00,7.912012577056884766e+00,9.000000000000000000e+00,0.000000000000000000e+00
-2.410654306411743164e+00,8.279145240783691406e+00,9.000000000000000000e+00,0.000000000000000000e+00
2.892871201038360596e-01,-3.224899470806121826e-01,9.000000000000000000e+00,0.000000000000000000e+00
5.537033081054687500e+00,6.529092788696289062e+00,9.000000000000000000e+00,0.000000000000000000e+00
-1.854483246803283691e+00,7.729737281799316406e+00,9.000000000000000000e+00,0.000000000000000000e+00
-2.115246057510375977e+00,7.985291481018066406e+00,9.000000000000000000e+00,0.000000000000000000e+00
-1.763025403022766113e+00,7.631843090057373047e+00,9.000000000000000000e+00,0.000000000000000000e+00
-2.402021884918212891e+00,8.271365165710449219e+00,9.000000000000000000e+00,0.000000000000000000e+00
-2.016430854797363281e+00,7.893047809600830078e+00,9.000000000000000000e+00,0.000000000000000000e+00
2.855419218540191650e-01,-3.181093037128448486e-01,9.000000000000000000e+00,0.000000000000000000e+00
-2.405615806579589844e+00,8.273570060729980469e+00,9.000000000000000000e+00,0.000000000000000000e+00
-2.194221735000610352e+00,8.064867973327636719e+00,9.000000000000000000e+00,0.000000000000000000e+00
-1.667227029800415039e+00,7.532971858978271484e+00,9.000000000000000000e+00,0.000000000000000000e+00
5.591956615447998047e+00,6.571057796478271484e+00,9.000000000000000000e+00,0.000000000000000000e+00
-2.006599426269531250e+00,7.882801055908203125e+00,9.000000000000000000e+00,0.000000000000000000e+00
-1.883775353431701660e+00,7.760971546173095703e+00,9.000000000000000000e+00,0.000000000000000000e+00
5.489158153533935547e+00,6.469033241271972656e+00,9.000000000000000000e+00,0.000000000000000000e+00
5.484598636627197266e+00,6.464307785034179688e+00,9.000000000000000000e+00,0.000000000000000000e+00
5.413208007812500000e+00,6.301152706146240234e+00,9.000000000000000000e+00,0.000000000000000000e+00
-2.377407789230346680e+00,8.245409011840820312e+00,9.000000000000000000e+00,0.000000000000000000e+00
-1.778493523597717285e+00,7.647670269012451172e+00,9.000000000000000000e+00,0.000000000000000000e+00
5.476306915283203125e+00,6.449433803558349609e+00,9.000000000000000000e+00,0.000000000000000000e+00
-2.354416370391845703e+00,8.222964286804199219e+00,9.000000000000000000e+00,0.000000000000000000e+00
-1.637076854705810547e+00,7.500086307525634766e+00,9.000000000000000000e+00,0.000000000000000000e+00
-1.582634687423706055e+00,7.420768260955810547e+00,9.000000000000000000e+00,0.000000000000000000e+00
-1.579263329505920410e+00,7.421329021453857422e+00,9.000000000000000000e+00,0.000000000000000000e+00
-1.769105792045593262e+00,7.636411190032958984e+00,9.000000000000000000e+00,0.000000000000000000e+00
-1.739195942878723145e+00,7.603528976440429688e+00,9.000000000000000000e+00,0.000000000000000000e+00
5.374822616577148438e+00,6.217299938201904297e+00,9.000000000000000000e+00,0.000000000000000000e+00
-1.998738646507263184e+00,7.873136997222900391e+00,9.000000000000000000e+00,0.000000000000000000e+00
-1.795054912567138672e+00,7.664202213287353516e+00,9.000000000000000000e+00,0.000000000000000000e+00
2.497350275516510010e-01,-2.719480693340301514e-01,9.000000000000000000e+00,0.000000000000000000e+00
-1.685759305953979492e+00,7.550848007202148438e+00,9.000000000000000000e+00,0.000000000000000000e+00
5.616883754730224609e+00,6.588442802429199219e+00,9.000000000000000000e+00,0.000000000000000000e+00
5.388831615447998047e+00,6.247560501098632812e+00,9.000000000000000000e+00,0.000000000000000000e+00
-2.350186109542846680e+00,8.218445777893066406e+00,9.000000000000000000e+00,0.000000000000000000e+00
-1.645971655845642090e+00,7.509091854095458984e+00,9.000000000000000000e+00,0.000000000000000000e+00
-2.429698228836059570e+00,8.297136306762695312e+00,9.000000000000000000e+00,0.000000000000000000e+00
5.640951633453369141e+00,6.608289718627929688e+00,9.000000000000000000e+00,0.000000000000000000e+00
-1.595160961151123047e+00,7.444081306457519531e+00,9.000000000000000000e+00,0.000000000000000000e+00
5.668413639068603516e+00,6.618635654449462891e+00,9.000000000000000000e+00,0.000000000000000000e+00
5.554907321929931641e+00,6.530292034149169922e+00,9.000000000000000000e+00,0.000000000000000000e+00
5.889636516571044922e+00,6.767621994018554688e+00,9.000000000000000000e+00,0.000000000000000000e+00
5.399067878723144531e+00,6.309906482696533203e+00,9.000000000000000000e+00,0.000000000000000000e+00
-1.758131861686706543e+00,7.627368450164794922e+00,9.000000000000000000e+00,0.000000000000000000e+00
-2.384569883346557617e+00,8.252877235412597656e+00,9.000000000000000000e+00,0.000000000000000000e+00
5.421509265899658203e+00,6.347000122070312500e+00,9.000000000000000000e+00,0.000000000000000000e+00
5.517242431640625000e+00,6.504265308380126953e+00,9.000000000000000000e+00,0.000000000000000000e+00
-2.289191961288452148e+00,8.157981872558593750e+00,9.000000000000000000e+00,0.000000000000000000e+00
5.391836166381835938e+00,6.260902404785156250e+00,9.000000000000000000e+00,0.000000000000000000e+00
-1.624769091606140137e+00,7.485391616821289062e+00,9.000000000000000000e+00,0.000000000000000000e+00
-2.376724243164062500e+00,8.246376991271972656e+00,9.000000000000000000e+00,0.000000000000000000e+00
-1.714668631553649902e+00,7.579352378845214844e+00,9.000000000000000000e+00,0.000000000000000000e+00
-1.873630642890930176e+00,7.749087333679199219e+00,9.000000000000000000e+00,0.000000000000000000e+00
2.872335910797119141e-01,-3.195416629314422607e-01,9.000000000000000000e+00,0.000000000000000000e+00
-1.626250505447387695e+00,7.490392208099365234e+00,9.000000000000000000e+00,0.000000000000000000e+00
-1.811870694160461426e+00,7.687076568603515625e+00,9.000000000000000000e+00,0.000000000000000000e+00
-2.403333902359008789e+00,8.271215438842773438e+00,9.000000000000000000e+00,0.000000000000000000e+00
5.484419822692871094e+00,6.465684413909912109e+00,9.000000000000000000e+00,0.000000000000000000e+00
-1.802825689315795898e+00,7.673503875732421875e+00,9.000000000000000000e+00,0.000000000000000000e+00
-2.381816387176513672e+00,8.249712944030761719e+00,9.000000000000000000e+00,0.000000000000000000e+00
-1.966293692588806152e+00,7.842358112335205078e+00,9.000000000000000000e+00,0.000000000000000000e+00
5.380197048187255859e+00,6.262276649475097656e+00,9.000000000000000000e+00,0.000000000000000000e+00
-2.420716762542724609e+00,8.288790702819824219e+00,9.000000000000000000e+00,0.000000000000000000e+00
-2.213733911514282227e+00,8.083713531494140625e+00,9.000000000000000000e+00,0.000000000000000000e+00
-1.683814287185668945e+00,7.548915386199951172e+00,9.000000000000000000e+00,0.000000000000000000e+00
-1.917696237564086914e+00,7.792146205902099609e+00,9.000000000000000000e+00,0.000000000000000000e+00
-1.859259843826293945e+00,7.733134746551513672e+00,9.000000000000000000e+00,0.000000000000000000e+00
3.017440736293792725e-01,-3.274814784526824951e-01,9.000000000000000000e+00,0.000000000000000000e+00
-1.637380599975585938e+00,7.498795032501220703e+00,9.000000000000000000e+00,0.000000000000000000e+00
5.470362186431884766e+00,6.449689865112304688e+00,9.000000000000000000e+00,0.000000000000000000e+00
-2.258219242095947266e+00,8.127322196960449219e+00,9.000000000000000000e+00,0.000000000000000000e+00
-1.700810074806213379e+00,7.566330432891845703e+00,9.000000000000000000e+00,0.000000000000000000e+00
-1.653777480125427246e+00,7.517873764038085938e+00,9.000000000000000000e+00,0.000000000000000000e+00
-1.851796150207519531e+00,7.725034713745117188e+00,9.000000000000000000e+00,0.000000000000000000e+00
-2.150122165679931641e+00,8.020161628723144531e+00,9.000000000000000000e+00,0.000000000000000000e+00
-2.407539367675781250e+00,8.275581359863281250e+00,9.000000000000000000e+00,0.000000000000000000e+00
5.367224693298339844e+00,6.226494312286376953e+00,9.000000000000000000e+00,0.000000000000000000e+00
-2.415041685104370117e+00,8.282639503479003906e+00,9.000000000000000000e+00,0.000000000000000000e+00
5.538494586944580078e+00,6.532161712646484375e+00,9.000000000000000000e+00,0.000000000000000000e+00
2.817286550998687744e-01,-3.145878314971923828e-01,9.000000000000000000e+00,0.000000000000000000e+00
-1.637780189514160156e+00,7.501091480255126953e+00,9.000000000000000000e+00,0.000000000000000000e+00
-2.359914064407348633e+00,8.227544784545898438e+00,9.000000000000000000e+00,0.000000000000000000e+00
-2.224787235260009766e+00,8.094561576843261719e+00,9.000000000000000000e+00,0.000000000000000000e+00
-1.897343873977661133e+00,7.772586822509765625e+00,9.000000000000000000e+00,0.000000000000000000e+00
-1.757739782333374023e+00,7.625536441802978516e+00,9.000000000000000000e+00,0.000000000000000000e+00
2.912267148494720459e-01,-3.194632530212402344e-01,9.000000000000000000e+00,0.000000000000000000e+00
-1.618699550628662109e+00,7.481630325317382812e+00,9.000000000000000000e+00,0.000000000000000000e+00
-2.329504728317260742e+00,8.197803497314453125e+00,9.000000000000000000e+00,0.000000000000000000e+00
5.483285903930664062e+00,6.457344055175781250e+00,9.000000000000000000e+00,0.000000000000000000e+00
-2.338430881500244141e+00,8.206709861755371094e+00,9.000000000000000000e+00,0.000000000000000000e+00
-1.655609130859375000e+00,7.513234138488769531e+00,9.000000000000000000e+00,0.000000000000000000e+00
-1.671100735664367676e+00,7.538035392761230469e+00,9.000000000000000000e+00,0.000000000000000000e+00
-1.565593361854553223e+00,7.418099880218505859e+00,9.000000000000000000e+00,0.000000000000000000e+00
5.570039272308349609e+00,6.554689407348632812e+00,9.000000000000000000e+00,0.000000000000000000e+00
-1.596898317337036133e+00,7.448272705078125000e+00,9.000000000000000000e+00,0.000000000000000000e+00
-2.238959789276123047e+00,8.108464241027832031e+00,9.000000000000000000e+00,0.000000000000000000e+00
-1.665758728981018066e+00,7.531815528869628906e+00,9.000000000000000000e+00,0.000000000000000000e+00
5.591620445251464844e+00,6.572992324829101562e+00,9.000000000000000000e+00,0.000000000000000000e+00
2.864419221878051758e-01,-3.295796215534210205e-01,9.000000000000000000e+00,0.000000000000000000e+00
5.487926006317138672e+00,6.455631256103515625e+00,9.000000000000000000e+00,0.000000000000000000e+00
-1.743363499641418457e+00,7.617259025573730469e+00,9.000000000000000000e+00,0.000000000000000000e+00
2.485734075307846069e-01,-2.708341479301452637e-01,9.000000000000000000e+00,0.000000000000000000e+00
-1.573736310005187988e+00,7.420824050903320312e+00,9.000000000000000000e+00,0.000000000000000000e+00
-2.040997982025146484e+00,7.914225578308105469e+00,9.000000000000000000e+00,0.000000000000000000e+00
-2.033625125885009766e+00,7.907284736633300781e+00,9.000000000000000000e+00,0.000000000000000000e+00
-1.929391026496887207e+00,7.807697296142578125e+00,9.000000000000000000e+00,0.000000000000000000e+00
-2.323551416397094727e+00,8.191585540771484375e+00,9.000000000000000000e+00,0.000000000000000000e+00
-1.965906381607055664e+00,7.843991756439208984e+00,9.000000000000000000e+00,0.000000000000000000e+00
-1.867646455764770508e+00,7.741791725158691406e+00,9.000000000000000000e+00,0.000000000000000000e+00
-1.687038064002990723e+00,7.552110195159912109e+00,9.000000000000000000e+00,0.000000000000000000e+00
5.410053253173828125e+00,6.371801376342773438e+00,9.000000000000000000e+00,0.000000000000000000e+00
2.400196790695190430e-01,-2.592498660087585449e-01,9.000000000000000000e+00,0.000000000000000000e+00
-1.839524745941162109e+00,7.713421344757080078e+00,9.000000000000000000e+00,0.000000000000000000e+00
-1.658591866493225098e+00,7.523768901824951172e+00,9.000000000000000000e+00,0.000000000000000000e+00
2.909378409385681152e-01,-3.188904523849487305e-01,9.000000000000000000e+00,0.000000000000000000e+00
-1.882361769676208496e+00,7.757461071014404297e+00,9.000000000000000000e+00,0.000000000000000000e+00
-1.973919749259948730e+00,7.849606990814208984e+00,9.000000000000000000e+00,0.000000000000000000e+00
2.821176052093505859e-01,-3.117476105690002441e-01,9.000000000000000000e+00,0.000000000000000000e+00
-1.787291884422302246e+00,7.660210609436035156e+00,9.000000000000000000e+00,0.000000000000000000e+00
-1.887225151062011719e+00,7.761792659759521484e+00,9.000000000000000000e+00,0.000000000000000000e+00
-2.164336204528808594e+00,8.034476280212402344e+00,9.000000000000000000e+00,0.000000000000000000e+00
-2.290983676910400391e+00,8.159687995910644531e+00,9.000000000000000000e+00,0.000000000000000000e+00
5.388222217559814453e+00,6.234975337982177734e+00,9.000000000000000000e+00,0.000000000000000000e+00
5.824635505676269531e+00,6.721061229705810547e+00,9.000000000000000000e+00,0.000000000000000000e+00
-2.411885261535644531e+00,8.280805587768554688e+00,9.000000000000000000e+00,0.000000000000000000e+00
-1.644789218902587891e+00,7.509154796600341797e+00,9.000000000000000000e+00,0.000000000000000000e+00
2.699149847030639648e-01,-2.969287633895874023e-01,9.000000000000000000e+00,0.000000000000000000e+00
-2.293835878372192383e+00,8.162453651428222656e+00,9.000000000000000000e+00,0.000000000000000000e+00
-1.724993705749511719e+00,7.591634750366210938e+00,9.000000000000000000e+00,0.000000000000000000e+00
-1.618117570877075195e+00,7.474064350128173828e+00,9.000000000000000000e+00,0.000000000000000000e+00
-2.375352382659912109e+00,8.243239402770996094e+00,9.000000000000000000e+00,0.000000000000000000e+00
-2.421290397644042969e+00,8.289294242858886719e+00,9.000000000000000000e+00,0.000000000000000000e+00
5.383388519287109375e+00,6.265076160430908203e+00,9.000000000000000000e+00,0.000000000000000000e+00
-1.925326943397521973e+00,7.800369739532470703e+00,9.000000000000000000e+00,0.000000000000000000e+00
-2.356091976165771484e+00,8.223745346069335938e+00,9.000000000000000000e+00,0.000000000000000000e+00
-2.412260055541992188e+00,8.280391693115234375e+00,9.000000000000000000e+00,0.000000000000000000e+00
2.399103939533233643e-01,-2.524980604648590088e-01,9.000000000000000000e+00,0.000000000000000000e+00
-2.433199405670166016e+00,8.300819396972656250e+00,9.000000000000000000e+00,0.000000000000000000e+00
2.560432255268096924e-01,-2.792320251464843750e-01,9.000000000000000000e+00,0.000000000000000000e+00
5.766811847686767578e+00,6.683940887451171875e+00,9.000000000000000000e+00,0.000000000000000000e+00
-1.875112533569335938e+00,7.750902175903320312e+00,9.000000000000000000e+00,0.000000000000000000e+00
5.394857406616210938e+00,6.299546241760253906e+00,9.000000000000000000e+00,0.000000000000000000e+00
5.506841659545898438e+00,6.485912322998046875e+00,9.000000000000000000e+00,0.000000000000000000e+00
-1.769485592842102051e+00,7.637883186340332031e+00,9.000000000000000000e+00,0.000000000000000000e+00
2.098323553800582886e-01,-2.153414636850357056e-01,9.000000000000000000e+00,0.000000000000000000e+00
-1.836693644523620605e+00,7.710680007934570312e+00,9.000000000000000000e+00,0.000000000000000000e+00
-1.768650412559509277e+00,7.636784076690673828e+00,9.000000000000000000e+00,0.000000000000000000e+00
2.885774672031402588e-01,-3.250091373920440674e-01,9.000000000000000000e+00,0.000000000000000000e+00
-1.690548777580261230e+00,7.557496547698974609e+00,9.000000000000000000e+00,0.000000000000000000e+00
5.395730972290039062e+00,6.321686744689941406e+00,9.000000000000000000e+00,0.000000000000000000e+00
5.486608028411865234e+00,6.463036537170410156e+00,9.000000000000000000e+00,0.000000000000000000e+00
2.866679430007934570e-01,-3.207622766494750977e-01,9.000000000000000000e+00,0.000000000000000000e+00
-1.737208724021911621e+00,7.612960815429687500e+00,9.000000000000000000e+00,0.000000000000000000e+00
-2.158613204956054688e+00,8.029017448425292969e+00,9.000000000000000000e+00,0.000000000000000000e+00
5.458246707916259766e+00,6.432465553283691406e+00,9.000000000000000000e+00,0.000000000000000000e+00
2.780362367630004883e-01,-3.062696456909179688e-01,9.000000000000000000e+00,0.000000000000000000e+00
-1.684024930000305176e+00,7.548518180847167969e+00,9.000000000000000000e+00,0.000000000000000000e+00
-2.465177059173583984e+00,8.333295822143554688e+00,9.000000000000000000e+00,0.000000000000000000e+00
5.460777282714843750e+00,6.446287631988525391e+00,9.000000000000000000e+00,0.000000000000000000e+00
2.505539953708648682e-01,-2.740724384784698486e-01,9.000000000000000000e+00,0.000000000000000000e+00
-1.918298840522766113e+00,7.793762683868408203e+00,9.000000000000000000e+00,0.000000000000000000e+00
5.829029083251953125e+00,6.725812435150146484e+00,9.000000000000000000e+00,0.000000000000000000e+00
-2.436259984970092773e+00,8.304080009460449219e+00,9.000000000000000000e+00,0.000000000000000000e+00
-1.736760258674621582e+00,7.606302738189697266e+00,9.000000000000000000e+00,0.000000000000000000e+00
-2.026722669601440430e+00,7.901908874511718750e+00,9.000000000000000000e+00,0.000000000000000000e+00
2.852249443531036377e-01,-3.164668679237365723e-01,9.000000000000000000e+00,0.000000000000000000e+00
5.382021903991699219e+00,6.235845565795898438e+00,9.000000000000000000e+00,0.000000000000000000e+00
-1.929801106452941895e+00,7.806969165802001953e+00,9.000000000000000000e+00,0.000000000000000000e+00
-1.648279309272766113e+00,7.511367797851562500e+00,9.000000000000000000e+00,0.000000000000000000e+00
-1.896511435508728027e+00,7.771081924438476562e+00,9.000000000000000000e+00,0.000000000000000000e+00
-2.334039688110351562e+00,8.201803207397460938e+00,9.000000000000000000e+00,0.000000000000000000e+00
-1.670638322830200195e+00,7.536024093627929688e+00,9.000000000000000000e+00,0.000000000000000000e+00
-1.879663825035095215e+00,7.756302356719970703e+00,9.000000000000000000e+00,0.000000000000000000e+00
5.392612934112548828e+00,6.230795383453369141e+00,9.000000000000000000e+00,0.000000000000000000e+00
5.463137626647949219e+00,6.427523136138916016e+00,9.000000000000000000e+00,0.000000000000000000e+00
5.403634548187255859e+00,6.199435234069824219e+00,9.000000000000000000e+00,0.000000000000000000e+00
-2.354714393615722656e+00,8.222970008850097656e+00,9.000000000000000000e+00,0.000000000000000000e+00
-1.543702602386474609e+00,7.392688751220703125e+00,9.000000000000000000e+00,0.000000000000000000e+00
2.421281486749649048e-01,-2.486513704061508179e-01,9.000000000000000000e+00,0.000000000000000000e+00
5.475841045379638672e+00,6.443914413452148438e+00,9.000000000000000000e+00,0.000000000000000000e+00
5.820532321929931641e+00,6.722505092620849609e+00,9.000000000000000000e+00,0.000000000000000000e+00
5.507964134216308594e+00,6.496877193450927734e+00,9.000000000000000000e+00,0.000000000000000000e+00
-1.649512052536010742e+00,7.513113021850585938e+00,9.000000000000000000e+00,0.000000000000000000e+00
-2.317021608352661133e+00,8.185243606567382812e+00,9.000000000000000000e+00,0.000000000000000000e+00
5.404847145080566406e+00,6.294593811035156250e+00,9.000000000000000000e+00,0.000000000000000000e+00
-1.881578564643859863e+00,7.757472515106201172e+00,9.000000000000000000e+00,0.000000000000000000e+00
-1.671866774559020996e+00,7.539431095123291016e+00,9.000000000000000000e+00,0.000000000000000000e+00
5.385822296142578125e+00,6.315960884094238281e+00,9.000000000000000000e+00,0.000000000000000000e+00
-1.650403380393981934e+00,7.515241146087646484e+00,9.000000000000000000e+00,0.000000000000000000e+00
2.564173042774200439e-01,-2.814750075340270996e-01,9.000000000000000000e+00,0.000000000000000000e+00
-1.898647069931030273e+00,7.774188041687011719e+00,9.000000000000000000e+00,0.000000000000000000e+00
-1.638106346130371094e+00,7.494965076446533203e+00,9.000000000000000000e+00,0.000000000000000000e+00
2.588489949703216553e-01,-2.818952500820159912e-01,9.000000000000000000e+00,0.000000000000000000e+00
-1.815123319625854492e+00,7.682835578918457031e+00,9.000000000000000000e+00,0.000000000000000000e+00
2.857447266578674316e-01,-3.198425173759460449e-01,9.000000000000000000e+00,0.000000000000000000e+00
5.464486122131347656e+00,6.438553333282470703e+00,9.000000000000000000e+00,0.000000000000000000e+00
5.589741230010986328e+00,6.578387737274169922e+00,9.000000000000000000e+00,0.000000000000000000e+00
-1.594290733337402344e+00,7.441275119781494141e+00,9.000000000000000000e+00,0.000000000000000000e+00
5.379365921020507812e+00,6.288324356079101562e+00,9.000000000000000000e+00,0.000000000000000000e+00
5.470805168151855469e+00,6.426736831665039062e+00,9.000000000000000000e+00,0.000000000000000000e+00
5.428865909576416016e+00,6.383930206298828125e+00,9.000000000000000000e+00,0.000000000000000000e+00
5.371953964233398438e+00,6.255657196044921875e+00,9.000000000000000000e+00,0.000000000000000000e+00
2.821630537509918213e-01,-3.108221590518951416e-01,9.000000000000000000e+00,0.000000000000000000e+00
-3.353830337524414062e+00,-4.434838771820068359e+00,9.000000000000000000e+00,0.000000000000000000e+00
-1.695992469787597656e+00,7.557821750640869141e+00,9.000000000000000000e+00,0.000000000000000000e+00
-1.652123928070068359e+00,7.517900943756103516e+00,9.000000000000000000e+00,0.000000000000000000e+00
5.456925392150878906e+00,6.419978141784667969e+00,9.000000000000000000e+00,0.000000000000000000e+00
-1.615594148635864258e+00,7.479037761688232422e+00,9.000000000000000000e+00,0.000000000000000000e+00
1.164050674438476562e+01,1.061981010437011719e+01,3.000000000000000000e+01,0.000000000000000000e+00
2.960207223892211914e+00,4.227996826171875000e+00,2.800000000000000000e+01,0.000000000000000000e+00
1.131666851043701172e+01,1.080817985534667969e+01,3.000000000000000000e+01,0.000000000000000000e+00
1.161620903015136719e+01,1.064282798767089844e+01,3.000000000000000000e+01,0.000000000000000000e+00
3.221353769302368164e+00,4.013962745666503906e+00,2.700000000000000000e+01,0.000000000000000000e+00
3.265348672866821289e+00,4.064445972442626953e+00,2.700000000000000000e+01,0.000000000000000000e+00
3.475272417068481445e+00,4.541286468505859375e+00,2.700000000000000000e+01,0.000000000000000000e+00
1.203348255157470703e+01,1.059288978576660156e+01,3.000000000000000000e+01,0.000000000000000000e+00
1.136339282989501953e+01,1.076851940155029297e+01,3.000000000000000000e+01,0.000000000000000000e+00
3.127664804458618164e+00,4.257877349853515625e+00,2.700000000000000000e+01,0.000000000000000000e+00
1.206694412231445312e+01,1.058957958221435547e+01,3.000000000000000000e+01,0.000000000000000000e+00
1.122256565093994141e+01,1.089214515686035156e+01,3.000000000000000000e+01,0.000000000000000000e+00
1.161408329010009766e+01,1.063060855865478516e+01,3.000000000000000000e+01,0.000000000000000000e+00
3.253805398941040039e+00,4.043726444244384766e+00,2.700000000000000000e+01,0.000000000000000000e+00
2.996298313140869141e+00,4.289712429046630859e+00,2.800000000000000000e+01,0.000000000000000000e+00
1.207026863098144531e+01,1.058372974395751953e+01,3.000000000000000000e+01,0.000000000000000000e+00
2.997631788253784180e+00,4.285135746002197266e+00,2.800000000000000000e+01,0.000000000000000000e+00
1.156275367736816406e+01,1.070587730407714844e+01,3.000000000000000000e+01,0.000000000000000000e+00
1.131288814544677734e+01,1.083109951019287109e+01,3.000000000000000000e+01,0.000000000000000000e+00
1.166202640533447266e+01,1.062198352813720703e+01,3.000000000000000000e+01,0.000000000000000000e+00
1.222115612030029297e+01,1.060063648223876953e+01,9.000000000000000000e+00,0.000000000000000000e+00
1.165660190582275391e+01,1.065607452392578125e+01,3.000000000000000000e+01,0.000000000000000000e+00
1.142164897918701172e+01,1.072201633453369141e+01,3.000000000000000000e+01,0.000000000000000000e+00
1.205228233337402344e+01,1.055708694458007812e+01,3.000000000000000000e+01,0.000000000000000000e+00
1.196795654296875000e+01,1.050070667266845703e+01,3.000000000000000000e+01,0.000000000000000000e+00
1.122171974182128906e+01,1.088703250885009766e+01,3.000000000000000000e+01,0.000000000000000000e+00
1.118242454528808594e+01,1.093813610076904297e+01,3.000000000000000000e+01,0.000000000000000000e+00
1.147767734527587891e+01,1.068506717681884766e+01,3.000000000000000000e+01,0.000000000000000000e+00
3.275645732879638672e+00,4.049040317535400391e+00,2.700000000000000000e+01,0.000000000000000000e+00
1.191064834594726562e+01,1.046004295349121094e+01,3.000000000000000000e+01,0.000000000000000000e+00
3.237206220626831055e+00,4.002373218536376953e+00,2.700000000000000000e+01,0.000000000000000000e+00
1.183492279052734375e+01,1.051432895660400391e+01,3.000000000000000000e+01,0.000000000000000000e+00
1.163099765777587891e+01,1.062164878845214844e+01,3.000000000000000000e+01,0.000000000000000000e+00
2.980762720108032227e+00,3.683773756027221680e+00,2.800000000000000000e+01,0.000000000000000000e+00
2.947857856750488281e+00,3.618505239486694336e+00,2.800000000000000000e+01,0.000000000000000000e+00
7.771578311920166016e+00,1.146385192871093750e+01,9.000000000000000000e+00,0.000000000000000000e+00
1.187069702148437500e+01,1.064842033386230469e+01,3.000000000000000000e+01,0.000000000000000000e+00
3.250270128250122070e+00,4.033741474151611328e+00,2.700000000000000000e+01,0.000000000000000000e+00
1.163423347473144531e+01,1.064937973022460938e+01,3.000000000000000000e+01,0.000000000000000000e+00
2.972843408584594727e+00,4.253881931304931641e+00,2.800000000000000000e+01,0.000000000000000000e+00
1.134552383422851562e+01,1.080359172821044922e+01,3.000000000000000000e+01,0.000000000000000000e+00
1.124250888824462891e+01,1.088842678070068359e+01,3.000000000000000000e+01,0.000000000000000000e+00
3.273056030273437500e+00,4.041452407836914062e+00,2.700000000000000000e+01,0.000000000000000000e+00
1.137331867218017578e+01,1.077133846282958984e+01,3.000000000000000000e+01,0.000000000000000000e+00
1.119303417205810547e+01,1.090111732482910156e+01,3.000000000000000000e+01,0.000000000000000000e+00
1.171686553955078125e+01,1.057615184783935547e+01,3.000000000000000000e+01,0.000000000000000000e+00
1.151796627044677734e+01,1.070487022399902344e+01,3.000000000000000000e+01,0.000000000000000000e+00
2.967169761657714844e+00,4.206528186798095703e+00,2.800000000000000000e+01,0.000000000000000000e+00
3.465979337692260742e+00,4.534014225006103516e+00,2.700000000000000000e+01,0.000000000000000000e+00
1.619877624511718750e+01,-5.081477165222167969e+00,9.000000000000000000e+00,0.000000000000000000e+00
1.151539230346679688e+01,1.067808628082275391e+01,3.000000000000000000e+01,0.000000000000000000e+00
1.167447853088378906e+01,1.062211799621582031e+01,3.000000000000000000e+01,0.000000000000000000e+00
3.106469869613647461e+00,4.298295974731445312e+00,2.700000000000000000e+01,0.000000000000000000e+00
1.122828292846679688e+01,1.087816524505615234e+01,3.000000000000000000e+01,0.000000000000000000e+00
3.442125320434570312e+00,4.495701313018798828e+00,2.700000000000000000e+01,0.000000000000000000e+00
1.152821540832519531e+01,1.071028518676757812e+01,3.000000000000000000e+01,0.000000000000000000e+00
1.164682483673095703e+01,1.065440464019775391e+01,3.000000000000000000e+01,0.000000000000000000e+00
1.129003906250000000e+01,1.085641956329345703e+01,3.000000000000000000e+01,0.000000000000000000e+00
1.142977142333984375e+01,1.072974586486816406e+01,3.000000000000000000e+01,0.000000000000000000e+00
1.156817626953125000e+01,1.067024135589599609e+01,3.000000000000000000e+01,0.000000000000000000e+00
3.261572360992431641e+00,4.039583206176757812e+00,2.700000000000000000e+01,0.000000000000000000e+00
2.972440004348754883e+00,3.791804552078247070e+00,2.800000000000000000e+01,0.000000000000000000e+00
3.262847661972045898e+00,4.110539913177490234e+00,2.700000000000000000e+01,0.000000000000000000e+00
3.295970439910888672e+00,4.068922042846679688e+00,2.700000000000000000e+01,0.000000000000000000e+00
1.122061729431152344e+01,1.090903472900390625e+01,3.000000000000000000e+01,0.000000000000000000e+00
1.192084217071533203e+01,1.047402954101562500e+01,3.000000000000000000e+01,0.000000000000000000e+00
1.121512413024902344e+01,1.089327907562255859e+01,3.000000000000000000e+01,0.000000000000000000e+00
3.284831285476684570e+00,4.079150676727294922e+00,2.700000000000000000e+01,0.000000000000000000e+00
1.203277683258056641e+01,1.057634258270263672e+01,3.000000000000000000e+01,0.000000000000000000e+00
1.133893203735351562e+01,1.083662033081054688e+01,3.000000000000000000e+01,0.000000000000000000e+00
1.302287483215332031e+01,2.344068908691406250e+01,9.000000000000000000e+00,0.000000000000000000e+00
3.452547788619995117e+00,4.506234169006347656e+00,2.700000000000000000e+01,0.000000000000000000e+00
1.192987632751464844e+01,1.059173107147216797e+01,3.000000000000000000e+01,0.000000000000000000e+00
3.467090368270874023e+00,4.536568164825439453e+00,2.700000000000000000e+01,0.000000000000000000e+00
1.194351959228515625e+01,1.045418071746826172e+01,3.000000000000000000e+01,0.000000000000000000e+00
1.036525821685791016e+01,7.020252227783203125e+00,9.000000000000000000e+00,0.000000000000000000e+00
1.156976890563964844e+01,1.067481040954589844e+01,3.000000000000000000e+01,0.000000000000000000e+00
2.971684932708740234e+00,3.700285196304321289e+00,2.800000000000000000e+01,0.000000000000000000e+00
3.284322738647460938e+00,4.001772403717041016e+00,9.000000000000000000e+00,0.000000000000000000e+00
1.142209434509277344e+01,1.075890922546386719e+01,3.000000000000000000e+01,0.000000000000000000e+00
3.118610620498657227e+00,4.271962165832519531e+00,2.700000000000000000e+01,0.000000000000000000e+00
3.466770172119140625e+00,4.505625724792480469e+00,2.700000000000000000e+01,0.000000000000000000e+00
9.087810516357421875e+00,6.366052627563476562e+00,9.000000000000000000e+00,0.000000000000000000e+00
1.135479259490966797e+01,1.078281784057617188e+01,3.000000000000000000e+01,0.000000000000000000e+00
1.147055721282958984e+01,1.070352172851562500e+01,3.000000000000000000e+01,0.000000000000000000e+00
1.169615173339843750e+01,1.054260158538818359e+01,3.000000000000000000e+01,0.000000000000000000e+00
3.468983650207519531e+00,4.523529529571533203e+00,2.700000000000000000e+01,0.000000000000000000e+00
3.047506332397460938e+00,4.297385692596435547e+00,9.000000000000000000e+00,0.000000000000000000e+00
2.956650495529174805e+00,4.263434410095214844e+00,2.800000000000000000e+01,0.000000000000000000e+00
1.160682010650634766e+01,1.064165782928466797e+01,3.000000000000000000e+01,0.000000000000000000e+00
1.605805778503417969e+01,-5.082210063934326172e+00,9.000000000000000000e+00,0.000000000000000000e+00
1.208052921295166016e+01,1.057049655914306641e+01,3.000000000000000000e+01,0.000000000000000000e+00
1.187413597106933594e+01,1.047985076904296875e+01,3.000000000000000000e+01,0.000000000000000000e+00
3.291046142578125000e+00,4.009204864501953125e+00,2.700000000000000000e+01,0.000000000000000000e+00
1.209748363494873047e+01,1.059673881530761719e+01,3.000000000000000000e+01,0.000000000000000000e+00
9.576214790344238281e+00,1.098046493530273438e+01,9.000000000000000000e+00,0.000000000000000000e+00
2.958206892013549805e+00,3.687136411666870117e+00,2.800000000000000000e+01,0.000000000000000000e+00
8.544770240783691406e+00,1.284457302093505859e+01,9.000000000000000000e+00,0.000000000000000000e+00
9.386400222778320312e+00,1.117533588409423828e+01,9.000000000000000000e+00,0.000000000000000000e+00
1.135410308837890625e+01,1.084070205688476562e+01,3.000000000000000000e+01,0.000000000000000000e+00
2.974304676055908203e+00,4.248114585876464844e+00,2.800000000000000000e+01,0.000000000000000000e+00
8.679039955139160156e+00,1.295967483520507812e+01,9.000000000000000000e+00,0.000000000000000000e+00
1.182620811462402344e+01,1.051961135864257812e+01,3.000000000000000000e+01,0.000000000000000000e+00
1.169258213043212891e+01,1.060671329498291016e+01,3.000000000000000000e+01,0.000000000000000000e+00
1.164814376831054688e+01,1.066843986511230469e+01,3.000000000000000000e+01,0.000000000000000000e+00
1.121378040313720703e+01,1.090287303924560547e+01,3.000000000000000000e+01,0.000000000000000000e+00
3.463750600814819336e+00,4.503883361816406250e+00,2.700000000000000000e+01,0.000000000000000000e+00
3.223453521728515625e+00,4.024721145629882812e+00,2.700000000000000000e+01,0.000000000000000000e+00
1.190248012542724609e+01,1.060287570953369141e+01,3.000000000000000000e+01,0.000000000000000000e+00
1.181173801422119141e+01,1.051400852203369141e+01,3.000000000000000000e+01,0.000000000000000000e+00
1.155657291412353516e+01,1.071393966674804688e+01,3.000000000000000000e+01,0.000000000000000000e+00
1.167919158935546875e+01,1.064815330505371094e+01,3.000000000000000000e+01,0.000000000000000000e+00
1.184867668151855469e+01,1.052118015289306641e+01,3.000000000000000000e+01,0.000000000000000000e+00
1.139847373962402344e+01,1.073551845550537109e+01,3.000000000000000000e+01,0.000000000000000000e+00
1.143965911865234375e+01,1.070702362060546875e+01,3.000000000000000000e+01,0.000000000000000000e+00
1.129892063140869141e+01,1.087180995941162109e+01,3.000000000000000000e+01,0.000000000000000000e+00
2.941665172576904297e+00,3.685462236404418945e+00,2.800000000000000000e+01,0.000000000000000000e+00
1.149363899230957031e+01,1.069945621490478516e+01,3.000000000000000000e+01,0.000000000000000000e+00
3.460317134857177734e+00,4.523174762725830078e+00,2.700000000000000000e+01,0.000000000000000000e+00
1.210118675231933594e+01,1.058462047576904297e+01,3.000000000000000000e+01,0.000000000000000000e+00
1.146372699737548828e+01,1.062895774841308594e+01,3.000000000000000000e+01,0.000000000000000000e+00
1.176231956481933594e+01,1.057116031646728516e+01,3.000000000000000000e+01,0.000000000000000000e+00
3.452523231506347656e+00,4.503090858459472656e+00,2.700000000000000000e+01,0.000000000000000000e+00
2.991504907608032227e+00,4.230834960937500000e+00,2.800000000000000000e+01,0.000000000000000000e+00
1.131943893432617188e+01,1.082155132293701172e+01,3.000000000000000000e+01,0.000000000000000000e+00
3.226977825164794922e+00,3.997932195663452148e+00,2.700000000000000000e+01,0.000000000000000000e+00
3.239214897155761719e+00,4.011589527130126953e+00,2.700000000000000000e+01,0.000000000000000000e+00
1.120146751403808594e+01,1.090697574615478516e+01,3.000000000000000000e+01,0.000000000000000000e+00
1.150105953216552734e+01,1.071044635772705078e+01,3.000000000000000000e+01,0.000000000000000000e+00
3.464618444442749023e+00,4.534081459045410156e+00,2.700000000000000000e+01,0.000000000000000000e+00
3.266575098037719727e+00,4.081921100616455078e+00,2.700000000000000000e+01,0.000000000000000000e+00
1.208160495758056641e+01,1.060979080200195312e+01,3.000000000000000000e+01,0.000000000000000000e+00
1.131035900115966797e+01,1.081109523773193359e+01,3.000000000000000000e+01,0.000000000000000000e+00
1.174638938903808594e+01,1.057952690124511719e+01,3.000000000000000000e+01,0.000000000000000000e+00
1.619650268554687500e+01,-5.080389499664306641e+00,9.000000000000000000e+00,0.000000000000000000e+00
2.956162691116333008e+00,3.684084177017211914e+00,2.800000000000000000e+01,0.000000000000000000e+00
1.184912204742431641e+01,1.056035327911376953e+01,3.000000000000000000e+01,0.000000000000000000e+00
1.166577529907226562e+01,1.062724685668945312e+01,3.000000000000000000e+01,0.000000000000000000e+00
1.132706928253173828e+01,1.083857250213623047e+01,3.000000000000000000e+01,0.000000000000000000e+00
1.119854640960693359e+01,1.088879203796386719e+01,3.000000000000000000e+01,0.000000000000000000e+00
1.142552757263183594e+01,1.073056507110595703e+01,3.000000000000000000e+01,0.000000000000000000e+00
3.258722066879272461e+00,4.087149620056152344e+00,2.700000000000000000e+01,0.000000000000000000e+00
2.975927829742431641e+00,4.245295047760009766e+00,2.800000000000000000e+01,0.000000000000000000e+00
3.094621658325195312e+00,4.294293880462646484e+00,2.700000000000000000e+01,0.000000000000000000e+00
3.106044054031372070e+00,4.289571762084960938e+00,9.000000000000000000e+00,0.000000000000000000e+00
8.651461601257324219e+00,1.299113464355468750e+01,9.000000000000000000e+00,0.000000000000000000e+00
1.166594696044921875e+01,1.063253784179687500e+01,3.000000000000000000e+01,0.000000000000000000e+00
1.163957691192626953e+01,1.062572097778320312e+01,3.000000000000000000e+01,0.000000000000000000e+00
2.990889072418212891e+00,4.266044139862060547e+00,2.800000000000000000e+01,0.000000000000000000e+00
1.602848434448242188e+01,-5.088110923767089844e+00,9.000000000000000000e+00,0.000000000000000000e+00
1.151058006286621094e+01,1.066592788696289062e+01,3.000000000000000000e+01,0.000000000000000000e+00
3.259957790374755859e+00,4.041028976440429688e+00,9.000000000000000000e+00,0.000000000000000000e+00
2.968272924423217773e+00,3.700053930282592773e+00,2.800000000000000000e+01,0.000000000000000000e+00
1.157711982727050781e+01,1.070408821105957031e+01,3.000000000000000000e+01,0.000000000000000000e+00
1.125313568115234375e+01,1.082167148590087891e+01,3.000000000000000000e+01,0.000000000000000000e+00
1.137535095214843750e+01,1.075239467620849609e+01,3.000000000000000000e+01,0.000000000000000000e+00
3.003967285156250000e+00,4.288143634796142578e+00,2.800000000000000000e+01,0.000000000000000000e+00
1.116752052307128906e+01,1.092643165588378906e+01,3.000000000000000000e+01,0.000000000000000000e+00
1.151801300048828125e+01,1.065712833404541016e+01,3.000000000000000000e+01,0.000000000000000000e+00
1.126928329467773438e+01,1.085022354125976562e+01,9.000000000000000000e+00,0.000000000000000000e+00
1.160174846649169922e+01,1.066921710968017578e+01,3.000000000000000000e+01,0.000000000000000000e+00
9.158112525939941406e+00,1.224522495269775391e+01,9.000000000000000000e+00,0.000000000000000000e+00
2.962407350540161133e+00,4.250529289245605469e+00,2.800000000000000000e+01,0.000000000000000000e+00
1.148406505584716797e+01,1.069957923889160156e+01,3.000000000000000000e+01,0.000000000000000000e+00
1.168196201324462891e+01,1.065639114379882812e+01,3.000000000000000000e+01,0.000000000000000000e+00
1.133556175231933594e+01,1.081988525390625000e+01,3.000000000000000000e+01,0.000000000000000000e+00
3.447274923324584961e+00,4.487960815429687500e+00,2.700000000000000000e+01,0.000000000000000000e+00
3.096436262130737305e+00,4.318084716796875000e+00,2.700000000000000000e+01,0.000000000000000000e+00
1.122121047973632812e+01,1.090099239349365234e+01,3.000000000000000000e+01,0.000000000000000000e+00
3.484824180603027344e+00,4.545184612274169922e+00,2.700000000000000000e+01,0.000000000000000000e+00
1.150762844085693359e+01,1.066530799865722656e+01,3.000000000000000000e+01,0.000000000000000000e+00
1.187009143829345703e+01,1.050351905822753906e+01,3.000000000000000000e+01,0.000000000000000000e+00
1.186520481109619141e+01,1.049673366546630859e+01,3.000000000000000000e+01,0.000000000000000000e+00
3.286692619323730469e+00,4.050118923187255859e+00,2.700000000000000000e+01,0.000000000000000000e+00
1.202492427825927734e+01,1.056226062774658203e+01,3.000000000000000000e+01,0.000000000000000000e+00
1.181818103790283203e+01,1.054383945465087891e+01,3.000000000000000000e+01,0.000000000000000000e+00
3.261954784393310547e+00,4.059922695159912109e+00,2.700000000000000000e+01,0.000000000000000000e+00
2.965512752532958984e+00,3.699309825897216797e+00,2.800000000000000000e+01,0.000000000000000000e+00
1.186608886718750000e+01,1.047431659698486328e+01,3.000000000000000000e+01,0.000000000000000000e+00
3.428328752517700195e+00,4.450372219085693359e+00,2.700000000000000000e+01,0.000000000000000000e+00
3.246182680130004883e+00,4.009577751159667969e+00,2.700000000000000000e+01,0.000000000000000000e+00
1.185914039611816406e+01,1.049332809448242188e+01,3.000000000000000000e+01,0.000000000000000000e+00
1.164993286132812500e+01,1.059017276763916016e+01,3.000000000000000000e+01,0.000000000000000000e+00
1.160498142242431641e+01,1.070709991455078125e+01,3.000000000000000000e+01,0.000000000000000000e+00
2.979873180389404297e+00,4.280788421630859375e+00,2.800000000000000000e+01,0.000000000000000000e+00
1.158379745483398438e+01,1.067489528656005859e+01,3.000000000000000000e+01,0.000000000000000000e+00
1.210540866851806641e+01,1.060808277130126953e+01,3.000000000000000000e+01,0.000000000000000000e+00
1.121439933776855469e+01,1.089219856262207031e+01,3.000000000000000000e+01,0.000000000000000000e+00
1.132410907745361328e+01,1.081057167053222656e+01,3.000000000000000000e+01,0.000000000000000000e+00
7.366229534149169922e+00,6.380797863006591797e+00,9.000000000000000000e+00,0.000000000000000000e+00
1.190389156341552734e+01,1.052638912200927734e+01,3.000000000000000000e+01,0.000000000000000000e+00
1.180305767059326172e+01,1.053990173339843750e+01,3.000000000000000000e+01,0.000000000000000000e+00
2.972270727157592773e+00,4.241829395294189453e+00,2.800000000000000000e+01,0.000000000000000000e+00
2.964547157287597656e+00,3.715524911880493164e+00,2.800000000000000000e+01,0.000000000000000000e+00
1.134701919555664062e+01,1.078255462646484375e+01,3.000000000000000000e+01,0.000000000000000000e+00
3.445517063140869141e+00,4.502433300018310547e+00,2.700000000000000000e+01,0.000000000000000000e+00
1.134007835388183594e+01,1.080545997619628906e+01,3.000000000000000000e+01,0.000000000000000000e+00
1.129888153076171875e+01,1.085025119781494141e+01,3.000000000000000000e+01,0.000000000000000000e+00
1.163519573211669922e+01,1.063328456878662109e+01,3.000000000000000000e+01,0.000000000000000000e+00
1.109146022796630859e+01,1.085498332977294922e+01,9.000000000000000000e+00,0.000000000000000000e+00
2.952570438385009766e+00,3.668723583221435547e+00,2.800000000000000000e+01,0.000000000000000000e+00
3.457756042480468750e+00,4.501440525054931641e+00,9.000000000000000000e+00,0.000000000000000000e+00
1.172781753540039062e+01,1.057848262786865234e+01,3.000000000000000000e+01,0.000000000000000000e+00
1.120104694366455078e+01,1.088886928558349609e+01,3.000000000000000000e+01,0.000000000000000000e+00
3.231031417846679688e+00,4.027958869934082031e+00,9.000000000000000000e+00,0.000000000000000000e+00
1.333675861358642578e+01,2.368799591064453125e+01,9.000000000000000000e+00,0.000000000000000000e+00
3.465788125991821289e+00,4.531501770019531250e+00,2.700000000000000000e+01,0.000000000000000000e+00
3.253566503524780273e+00,4.057124614715576172e+00,2.700000000000000000e+01,0.000000000000000000e+00
1.153817176818847656e+01,1.063957405090332031e+01,3.000000000000000000e+01,0.000000000000000000e+00
3.129373311996459961e+00,4.267086029052734375e+00,2.700000000000000000e+01,0.000000000000000000e+00
3.675761222839355469e+00,1.275351643562316895e+00,9.000000000000000000e+00,0.000000000000000000e+00
3.017096281051635742e+00,1.818610548973083496e+00,1.900000000000000000e+01,0.000000000000000000e+00
3.022220611572265625e+00,2.187523365020751953e+00,1.900000000000000000e+01,0.000000000000000000e+00
3.710363149642944336e+00,1.303904533386230469e+00,9.000000000000000000e+00,0.000000000000000000e+00
3.376998424530029297e+00,1.548272609710693359e+00,1.900000000000000000e+01,0.000000000000000000e+00
2.843643188476562500e+00,1.854543805122375488e+00,9.000000000000000000e+00,0.000000000000000000e+00
2.722821712493896484e+00,1.998546719551086426e+00,9.000000000000000000e+00,0.000000000000000000e+00
3.026002168655395508e+00,2.345994472503662109e+00,1.900000000000000000e+01,0.000000000000000000e+00
3.004928112030029297e+00,2.321813344955444336e+00,9.000000000000000000e+00,0.000000000000000000e+00
2.827661752700805664e+00,1.871218681335449219e+00,9.000000000000000000e+00,0.000000000000000000e+00
7.151501655578613281e+00,-4.073367118835449219e+00,9.000000000000000000e+00,0.000000000000000000e+00
2.921103000640869141e+00,1.881981730461120605e+00,1.900000000000000000e+01,0.000000000000000000e+00
3.006982326507568359e+00,1.860595822334289551e+00,1.900000000000000000e+01,0.000000000000000000e+00
3.420624256134033203e+00,1.567902922630310059e+00,1.900000000000000000e+01,0.000000000000000000e+00
2.752790212631225586e+00,2.061543941497802734e+00,1.900000000000000000e+01,0.000000000000000000e+00
3.756000280380249023e+00,1.271460175514221191e+00,9.000000000000000000e+00,0.000000000000000000e+00
3.094670057296752930e+00,2.847618579864501953e+00,9.000000000000000000e+00,0.000000000000000000e+00
3.411821842193603516e+00,1.586432218551635742e+00,9.000000000000000000e+00,0.000000000000000000e+00
3.417807102203369141e+00,1.539211034774780273e+00,1.900000000000000000e+01,0.000000000000000000e+00
2.954272985458374023e+00,2.312268733978271484e+00,9.000000000000000000e+00,0.000000000000000000e+00
2.876867532730102539e+00,2.270442724227905273e+00,1.900000000000000000e+01,0.000000000000000000e+00
2.720499515533447266e+00,2.126492977142333984e+00,1.900000000000000000e+01,0.000000000000000000e+00
2.939867258071899414e+00,1.837674736976623535e+00,1.900000000000000000e+01,0.000000000000000000e+00
2.818864345550537109e+00,1.935973882675170898e+00,9.000000000000000000e+00,0.000000000000000000e+00
3.116055965423583984e+00,2.916543245315551758e+00,9.000000000000000000e+00,0.000000000000000000e+00
3.095499515533447266e+00,2.821354389190673828e+00,9.000000000000000000e+00,0.000000000000000000e+00
2.988960266113281250e+00,2.350391864776611328e+00,1.900000000000000000e+01,0.000000000000000000e+00
3.068075656890869141e+00,2.810293912887573242e+00,9.000000000000000000e+00,0.000000000000000000e+00
3.294443607330322266e+00,1.823586821556091309e+00,9.000000000000000000e+00,0.000000000000000000e+00
3.258039236068725586e+00,1.753523349761962891e+00,9.000000000000000000e+00,0.000000000000000000e+00
2.967608690261840820e+00,1.864023089408874512e+00,1.900000000000000000e+01,0.000000000000000000e+00
2.732937574386596680e+00,1.957819819450378418e+00,1.900000000000000000e+01,0.000000000000000000e+00
3.099063873291015625e+00,2.454284906387329102e+00,9.000000000000000000e+00,0.000000000000000000e+00
3.098847866058349609e+00,2.883903026580810547e+00,9.000000000000000000e+00,0.000000000000000000e+00
2.943518400192260742e+00,2.351212978363037109e+00,9.000000000000000000e+00,0.000000000000000000e+00
2.982694387435913086e+00,1.932442665100097656e+00,9.000000000000000000e+00,0.000000000000000000e+00
2.803827524185180664e+00,2.049842834472656250e+00,1.900000000000000000e+01,0.000000000000000000e+00
3.052963733673095703e+00,2.022465467453002930e+00,9.000000000000000000e+00,0.000000000000000000e+00
3.113849401473999023e+00,2.903573513031005859e+00,9.000000000000000000e+00,0.000000000000000000e+00
2.955524921417236328e+00,1.858055710792541504e+00,1.900000000000000000e+01,0.000000000000000000e+00
3.040568113327026367e+00,1.868329644203186035e+00,1.900000000000000000e+01,0.000000000000000000e+00
2.704077720642089844e+00,2.120163679122924805e+00,9.000000000000000000e+00,0.000000000000000000e+00
3.139305353164672852e+00,1.660114765167236328e+00,9.000000000000000000e+00,0.000000000000000000e+00
3.134047031402587891e+00,1.892865538597106934e+00,1.900000000000000000e+01,0.000000000000000000e+00
3.077707052230834961e+00,2.770445823669433594e+00,9.000000000000000000e+00,0.000000000000000000e+00
3.095510482788085938e+00,1.795572400093078613e+00,1.900000000000000000e+01,0.000000000000000000e+00
3.205199480056762695e+00,2.014441490173339844e+00,9.000000000000000000e+00,0.000000000000000000e+00
2.732844352722167969e+00,2.031364917755126953e+00,1.900000000000000000e+01,0.000000000000000000e+00
3.099882602691650391e+00,1.868412256240844727e+00,1.900000000000000000e+01,0.000000000000000000e+00
7.199952602386474609e+00,-4.137907981872558594e+00,9.000000000000000000e+00,0.000000000000000000e+00
3.222908020019531250e+00,1.629833102226257324e+00,1.900000000000000000e+01,0.000000000000000000e+00
2.689926385879516602e+00,2.101008653640747070e+00,9.000000000000000000e+00,0.000000000000000000e+00
3.422901153564453125e+00,1.545978903770446777e+00,1.900000000000000000e+01,0.000000000000000000e+00
3.210088014602661133e+00,1.926312088966369629e+00,1.900000000000000000e+01,0.000000000000000000e+00
3.290013313293457031e+00,3.311426639556884766e+00,9.000000000000000000e+00,0.000000000000000000e+00
2.659202814102172852e+00,2.060810327529907227e+00,1.900000000000000000e+01,0.000000000000000000e+00
3.129398584365844727e+00,2.934031963348388672e+00,9.000000000000000000e+00,0.000000000000000000e+00
3.208182096481323242e+00,3.116592168807983398e+00,9.000000000000000000e+00,0.000000000000000000e+00
3.107306480407714844e+00,2.025858879089355469e+00,1.900000000000000000e+01,0.000000000000000000e+00
3.107314825057983398e+00,2.055762290954589844e+00,1.900000000000000000e+01,0.000000000000000000e+00
3.127024412155151367e+00,2.100372076034545898e+00,1.900000000000000000e+01,0.000000000000000000e+00
3.144073963165283203e+00,2.960172653198242188e+00,9.000000000000000000e+00,0.000000000000000000e+00
3.378982067108154297e+00,1.601511001586914062e+00,9.000000000000000000e+00,0.000000000000000000e+00
3.369466781616210938e+00,1.729282379150390625e+00,9.000000000000000000e+00,0.000000000000000000e+00
2.840437173843383789e+00,2.072167634963989258e+00,9.000000000000000000e+00,0.000000000000000000e+00
3.480311155319213867e+00,1.490018963813781738e+00,9.000000000000000000e+00,0.000000000000000000e+00
3.374290943145751953e+00,1.707233071327209473e+00,9.000000000000000000e+00,0.000000000000000000e+00
3.069235563278198242e+00,2.316926717758178711e+00,9.000000000000000000e+00,0.000000000000000000e+00
3.062280416488647461e+00,2.144644975662231445e+00,1.900000000000000000e+01,0.000000000000000000e+00
3.049652099609375000e+00,2.030797719955444336e+00,9.000000000000000000e+00,0.000000000000000000e+00
3.426918029785156250e+00,1.518907427787780762e+00,9.000000000000000000e+00,0.000000000000000000e+00
2.976531028747558594e+00,2.288872003555297852e+00,9.000000000000000000e+00,0.000000000000000000e+00
3.810181379318237305e+00,1.243209242820739746e+00,9.000000000000000000e+00,0.000000000000000000e+00
2.707363843917846680e+00,2.087780952453613281e+00,1.900000000000000000e+01,0.000000000000000000e+00
3.021776914596557617e+00,2.384960412979125977e+00,9.000000000000000000e+00,0.000000000000000000e+00
7.222200870513916016e+00,-4.075910568237304688e+00,9.000000000000000000e+00,0.000000000000000000e+00
2.750343322753906250e+00,2.173330783843994141e+00,9.000000000000000000e+00,0.000000000000000000e+00
2.739146471023559570e+00,2.103467226028442383e+00,1.900000000000000000e+01,0.000000000000000000e+00
2.692343235015869141e+00,2.041488409042358398e+00,1.900000000000000000e+01,0.000000000000000000e+00
3.700691938400268555e+00,1.345710754394531250e+00,9.000000000000000000e+00,0.000000000000000000e+00
2.950173854827880859e+00,1.789748668670654297e+00,9.000000000000000000e+00,0.000000000000000000e+00
3.394039392471313477e+00,1.561730623245239258e+00,1.900000000000000000e+01,0.000000000000000000e+00
3.195612907409667969e+00,2.034985065460205078e+00,1.900000000000000000e+01,0.000000000000000000e+00
2.931049346923828125e+00,1.809197425842285156e+00,1.900000000000000000e+01,0.000000000000000000e+00
3.050618648529052734e+00,2.248554468154907227e+00,1.900000000000000000e+01,0.000000000000000000e+00
3.015619754791259766e+00,2.394614219665527344e+00,9.000000000000000000e+00,0.000000000000000000e+00
3.104492425918579102e+00,2.897142410278320312e+00,9.000000000000000000e+00,0.000000000000000000e+00
3.010623455047607422e+00,1.956750512123107910e+00,1.900000000000000000e+01,0.000000000000000000e+00
3.188467264175415039e+00,1.996231913566589355e+00,1.900000000000000000e+01,0.000000000000000000e+00
3.398621320724487305e+00,1.571961522102355957e+00,1.900000000000000000e+01,0.000000000000000000e+00
3.173470497131347656e+00,1.850027561187744141e+00,9.000000000000000000e+00,0.000000000000000000e+00
3.003271102905273438e+00,1.749218106269836426e+00,9.000000000000000000e+00,0.000000000000000000e+00
3.059878826141357422e+00,2.245820999145507812e+00,9.000000000000000000e+00,0.000000000000000000e+00
7.391855716705322266e+00,-4.261173248291015625e+00,9.000000000000000000e+00,0.000000000000000000e+00
3.013175010681152344e+00,1.781363487243652344e+00,1.900000000000000000e+01,0.000000000000000000e+00
2.905526161193847656e+00,1.849195003509521484e+00,9.000000000000000000e+00,0.000000000000000000e+00
3.464201450347900391e+00,1.523291587829589844e+00,1.900000000000000000e+01,0.000000000000000000e+00
2.928700685501098633e+00,2.244771718978881836e+00,1.900000000000000000e+01,0.000000000000000000e+00
2.870257377624511719e+00,1.877826333045959473e+00,9.000000000000000000e+00,0.000000000000000000e+00
3.111001253128051758e+00,2.193120241165161133e+00,1.900000000000000000e+01,0.000000000000000000e+00
3.046406030654907227e+00,1.753989815711975098e+00,1.900000000000000000e+01,0.000000000000000000e+00
2.679857254028320312e+00,2.035991907119750977e+00,9.000000000000000000e+00,0.000000000000000000e+00
3.259999752044677734e+00,1.714012026786804199e+00,9.000000000000000000e+00,0.000000000000000000e+00
3.109386205673217773e+00,2.933829307556152344e+00,9.000000000000000000e+00,0.000000000000000000e+00
2.933979988098144531e+00,2.293834209442138672e+00,1.900000000000000000e+01,0.000000000000000000e+00
2.819484472274780273e+00,2.055944919586181641e+00,1.900000000000000000e+01,0.000000000000000000e+00
3.274528741836547852e+00,1.759376645088195801e+00,9.000000000000000000e+00,0.000000000000000000e+00
3.069311380386352539e+00,2.824667215347290039e+00,9.000000000000000000e+00,0.000000000000000000e+00
2.923479318618774414e+00,1.778655409812927246e+00,9.000000000000000000e+00,0.000000000000000000e+00
3.353102684020996094e+00,1.632455945014953613e+00,9.000000000000000000e+00,0.000000000000000000e+00
3.215427398681640625e+00,1.903808474540710449e+00,1.900000000000000000e+01,0.000000000000000000e+00
3.057039737701416016e+00,2.287973642349243164e+00,9.000000000000000000e+00,0.000000000000000000e+00
3.390195369720458984e+00,1.551170825958251953e+00,9.000000000000000000e+00,0.000000000000000000e+00
2.667232751846313477e+00,2.125438690185546875e+00,1.900000000000000000e+01,0.000000000000000000e+00
2.820630311965942383e+00,2.207675933837890625e+00,1.900000000000000000e+01,0.000000000000000000e+00
7.211554527282714844e+00,-4.166891098022460938e+00,9.000000000000000000e+00,0.000000000000000000e+00
3.098187208175659180e+00,2.784504652023315430e+00,9.000000000000000000e+00,0.000000000000000000e+00
3.049746990203857422e+00,2.282610416412353516e+00,1.900000000000000000e+01,0.000000000000000000e+00
3.091171503067016602e+00,2.836101531982421875e+00,9.000000000000000000e+00,0.000000000000000000e+00
2.838199377059936523e+00,1.903413295745849609e+00,1.900000000000000000e+01,0.000000000000000000e+00
3.094964742660522461e+00,2.879333257675170898e+00,9.000000000000000000e+00,0.000000000000000000e+00
3.370459079742431641e+00,1.842262387275695801e+00,9.000000000000000000e+00,0.000000000000000000e+00
2.879029989242553711e+00,2.247816562652587891e+00,1.900000000000000000e+01,0.000000000000000000e+00
3.143702030181884766e+00,2.190721511840820312e+00,1.900000000000000000e+01,0.000000000000000000e+00
2.906389474868774414e+00,2.176997900009155273e+00,1.900000000000000000e+01,0.000000000000000000e+00
3.065250396728515625e+00,2.845114231109619141e+00,9.000000000000000000e+00,0.000000000000000000e+00
3.204361915588378906e+00,3.060048341751098633e+00,9.000000000000000000e+00,0.000000000000000000e+00
2.958511352539062500e+00,1.797547459602355957e+00,9.000000000000000000e+00,0.000000000000000000e+00
3.083045005798339844e+00,1.778179883956909180e+00,1.900000000000000000e+01,0.000000000000000000e+00
2.653134346008300781e+00,2.075052022933959961e+00,9.000000000000000000e+00,0.000000000000000000e+00
3.230979681015014648e+00,1.944752812385559082e+00,1.900000000000000000e+01,0.000000000000000000e+00
7.152345180511474609e+00,-4.103487491607666016e+00,9.000000000000000000e+00,0.000000000000000000e+00
3.060211896896362305e+00,2.025465250015258789e+00,9.000000000000000000e+00,0.000000000000000000e+00
3.474005699157714844e+00,1.484112024307250977e+00,9.000000000000000000e+00,0.000000000000000000e+00
3.081697463989257812e+00,2.835019588470458984e+00,9.000000000000000000e+00,0.000000000000000000e+00
3.483292102813720703e+00,1.484345436096191406e+00,1.900000000000000000e+01,0.000000000000000000e+00
7.098885059356689453e+00,-4.082458019256591797e+00,9.000000000000000000e+00,0.000000000000000000e+00
2.911162853240966797e+00,1.843692302703857422e+00,1.900000000000000000e+01,0.000000000000000000e+00
3.129498004913330078e+00,1.778980493545532227e+00,1.900000000000000000e+01,0.000000000000000000e+00
2.799649477005004883e+00,1.927373051643371582e+00,1.900000000000000000e+01,0.000000000000000000e+00
3.065497398376464844e+00,2.731882095336914062e+00,9.000000000000000000e+00,0.000000000000000000e+00
3.388931751251220703e+00,1.741141200065612793e+00,9.000000000000000000e+00,0.000000000000000000e+00
2.660846233367919922e+00,2.147943973541259766e+00,9.000000000000000000e+00,0.000000000000000000e+00
3.165984869003295898e+00,2.965964794158935547e+00,9.000000000000000000e+00,0.000000000000000000e+00
3.264195919036865234e+00,1.897775530815124512e+00,9.000000000000000000e+00,0.000000000000000000e+00
3.733167648315429688e+00,1.280711770057678223e+00,9.000000000000000000e+00,0.000000000000000000e+00
3.021362543106079102e+00,2.053965091705322266e+00,9.000000000000000000e+00,0.000000000000000000e+00
3.266532182693481445e+00,1.677264332771301270e+00,9.000000000000000000e+00,0.000000000000000000e+00
2.644007682800292969e+00,2.149679422378540039e+00,9.000000000000000000e+00,0.000000000000000000e+00
3.478093624114990234e+00,1.514135599136352539e+00,9.000000000000000000e+00,0.000000000000000000e+00
4.079856872558593750e+00,1.336585998535156250e+01,9.000000000000000000e+00,0.000000000000000000e+00
3.701885700225830078e+00,1.322393417358398438e+00,9.000000000000000000e+00,0.000000000000000000e+00
3.317455291748046875e+00,1.758501172065734863e+00,9.000000000000000000e+00,0.000000000000000000e+00
3.406147480010986328e+00,1.568760991096496582e+00,1.900000000000000000e+01,0.000000000000000000e+00
3.443572521209716797e+00,1.520187020301818848e+00,9.000000000000000000e+00,0.000000000000000000e+00
2.969435453414916992e+00,1.852013230323791504e+00,1.900000000000000000e+01,0.000000000000000000e+00
3.211465358734130859e+00,1.963086128234863281e+00,1.900000000000000000e+01,0.000000000000000000e+00
3.102865219116210938e+00,2.902428388595581055e+00,9.000000000000000000e+00,0.000000000000000000e+00
3.288168191909790039e+00,1.652720332145690918e+00,9.000000000000000000e+00,0.000000000000000000e+00
3.056214570999145508e+00,1.706294894218444824e+00,9.000000000000000000e+00,0.000000000000000000e+00
7.216670513153076172e+00,-4.123669624328613281e+00,9.000000000000000000e+00,0.000000000000000000e+00
2.699938058853149414e+00,2.078051567077636719e+00,9.000000000000000000e+00,0.000000000000000000e+00
2.972844123840332031e+00,2.026345729827880859e+00,9.000000000000000000e+00,0.000000000000000000e+00
3.164741277694702148e+00,2.985045433044433594e+00,9.000000000000000000e+00,0.000000000000000000e+00
3.706110000610351562e+00,1.309545874595642090e+00,9.000000000000000000e+00,0.000000000000000000e+00
2.779259443283081055e+00,1.919743537902832031e+00,1.900000000000000000e+01,0.000000000000000000e+00
3.261100530624389648e+00,1.731328248977661133e+00,9.000000000000000000e+00,0.000000000000000000e+00
2.931263208389282227e+00,2.302768468856811523e+00,9.000000000000000000e+00,0.000000000000000000e+00
3.603719711303710938e+00,1.371197700500488281e+00,9.000000000000000000e+00,0.000000000000000000e+00
3.077765464782714844e+00,1.984414935111999512e+00,9.000000000000000000e+00,0.000000000000000000e+00
3.252269268035888672e+00,1.739223599433898926e+00,1.900000000000000000e+01,0.000000000000000000e+00
3.103724241256713867e+00,2.883692502975463867e+00,9.000000000000000000e+00,0.000000000000000000e+00
2.682171583175659180e+00,2.060763835906982422e+00,9.000000000000000000e+00,0.000000000000000000e+00
2.955513477325439453e+00,2.362388610839843750e+00,9.000000000000000000e+00,0.000000000000000000e+00
3.038461685180664062e+00,2.389995098114013672e+00,9.000000000000000000e+00,0.000000000000000000e+00
3.072299957275390625e+00,2.805437803268432617e+00,9.000000000000000000e+00,0.000000000000000000e+00
3.098159074783325195e+00,2.148809194564819336e+00,9.000000000000000000e+00,0.000000000000000000e+00
3.091733694076538086e+00,2.074586153030395508e+00,9.000000000000000000e+00,0.000000000000000000e+00
3.541665554046630859e+00,1.419746279716491699e+00,9.000000000000000000e+00,0.000000000000000000e+00
7.184279918670654297e+00,-4.131965637207031250e+00,9.000000000000000000e+00,0.000000000000000000e+00
3.019264936447143555e+00,1.769129157066345215e+00,1.900000000000000000e+01,0.000000000000000000e+00
3.704532146453857422e+00,1.283040642738342285e+00,9.000000000000000000e+00,0.000000000000000000e+00
2.668688058853149414e+00,2.108374118804931641e+00,1.900000000000000000e+01,0.000000000000000000e+00
3.045587539672851562e+00,2.281954288482666016e+00,9.000000000000000000e+00,0.000000000000000000e+00
3.008267164230346680e+00,2.292184591293334961e+00,1.900000000000000000e+01,0.000000000000000000e+00
3.565845251083374023e+00,1.340598464012145996e+00,9.000000000000000000e+00,0.000000000000000000e+00
3.012951612472534180e+00,1.987837314605712891e+00,9.000000000000000000e+00,0.000000000000000000e+00
3.410620450973510742e+00,1.538694620132446289e+00,1.900000000000000000e+01,0.000000000000000000e+00
3.444198608398437500e+00,1.520585417747497559e+00,1.900000000000000000e+01,0.000000000000000000e+00
2.740386247634887695e+00,1.984907627105712891e+00,9.000000000000000000e+00,0.000000000000000000e+00
3.114669084548950195e+00,2.045057296752929688e+00,9.000000000000000000e+00,0.000000000000000000e+00
2.964127540588378906e+00,1.915891289710998535e+00,1.900000000000000000e+01,0.000000000000000000e+00
2.911079168319702148e+00,2.183902025222778320e+00,9.000000000000000000e+00,0.000000000000000000e+00
3.069781064987182617e+00,2.862571239471435547e+00,9.000000000000000000e+00,0.000000000000000000e+00
2.922178506851196289e+00,1.855563402175903320e+00,1.900000000000000000e+01,0.000000000000000000e+00
2.750746011734008789e+00,2.167269468307495117e+00,1.900000000000000000e+01,0.000000000000000000e+00
3.331654548645019531e+00,1.796423554420471191e+00,9.000000000000000000e+00,0.000000000000000000e+00
3.126026391983032227e+00,2.107259988784790039e+00,1.900000000000000000e+01,0.000000000000000000e+00
2.663833379745483398e+00,2.153211832046508789e+00,9.000000000000000000e+00,0.000000000000000000e+00
2.794690608978271484e+00,1.960075736045837402e+00,1.900000000000000000e+01,0.000000000000000000e+00
3.059645891189575195e+00,2.058380365371704102e+00,9.000000000000000000e+00,0.000000000000000000e+00
3.123649835586547852e+00,2.935186147689819336e+00,9.000000000000000000e+00,0.000000000000000000e+00
3.129595041275024414e+00,2.147639036178588867e+00,9.000000000000000000e+00,0.000000000000000000e+00
2.963652133941650391e+00,1.882129192352294922e+00,1.900000000000000000e+01,0.000000000000000000e+00
7.093618392944335938e+00,-4.084505558013916016e+00,9.000000000000000000e+00,0.000000000000000000e+00
3.069453239440917969e+00,2.234785795211791992e+00,1.900000000000000000e+01,0.000000000000000000e+00
7.194938659667968750e+00,-4.126143455505371094e+00,9.000000000000000000e+00,0.000000000000000000e+00
3.056157588958740234e+00,2.252431154251098633e+00,9.000000000000000000e+00,0.000000000000000000e+00
3.101343631744384766e+00,2.894629478454589844e+00,9.000000000000000000e+00,0.000000000000000000e+00
3.020735740661621094e+00,1.940103769302368164e+00,1.900000000000000000e+01,0.000000000000000000e+00
5.047904491424560547e+00,1.389306354522705078e+01,2.400000000000000000e+01,0.000000000000000000e+00
3.793605327606201172e+00,1.336610126495361328e+01,2.300000000000000000e+01,0.000000000000000000e+00
4.604107379913330078e+00,1.459999465942382812e+01,2.400000000000000000e+01,0.000000000000000000e+00
4.605786323547363281e+00,1.461328887939453125e+01,2.400000000000000000e+01,0.000000000000000000e+00
5.017337799072265625e+00,1.412830162048339844e+01,2.400000000000000000e+01,0.000000000000000000e+00
5.038639068603515625e+00,1.387148284912109375e+01,2.400000000000000000e+01,0.000000000000000000e+00
5.128905296325683594e+00,1.388717079162597656e+01,2.400000000000000000e+01,0.000000000000000000e+00
4.598557472229003906e+00,1.396658515930175781e+01,2.400000000000000000e+01,0.000000000000000000e+00
5.103376388549804688e+00,1.396571159362792969e+01,2.400000000000000000e+01,0.000000000000000000e+00
5.132421970367431641e+00,1.395844841003417969e+01,2.400000000000000000e+01,0.000000000000000000e+00
4.342591285705566406e+00,1.396661281585693359e+01,2.400000000000000000e+01,0.000000000000000000e+00
4.607291698455810547e+00,1.462433242797851562e+01,2.400000000000000000e+01,0.000000000000000000e+00
5.196328163146972656e+00,1.389978408813476562e+01,2.400000000000000000e+01,0.000000000000000000e+00
5.132266521453857422e+00,1.385756778717041016e+01,2.400000000000000000e+01,0.000000000000000000e+00
5.168933868408203125e+00,1.395011901855468750e+01,2.400000000000000000e+01,0.000000000000000000e+00
5.094592094421386719e+00,1.382283592224121094e+01,2.400000000000000000e+01,0.000000000000000000e+00
5.221547603607177734e+00,1.390314483642578125e+01,2.400000000000000000e+01,0.000000000000000000e+00
3.647107839584350586e+00,1.352439689636230469e+01,2.300000000000000000e+01,0.000000000000000000e+00
4.648097991943359375e+00,1.455415153503417969e+01,2.400000000000000000e+01,0.000000000000000000e+00
3.748495817184448242e+00,1.342313575744628906e+01,2.300000000000000000e+01,0.000000000000000000e+00
4.907247543334960938e+00,1.427839756011962891e+01,2.400000000000000000e+01,0.000000000000000000e+00
4.994976520538330078e+00,1.416100502014160156e+01,2.400000000000000000e+01,0.000000000000000000e+00
3.857301950454711914e+00,1.333914184570312500e+01,2.300000000000000000e+01,0.000000000000000000e+00
3.677228927612304688e+00,1.347534561157226562e+01,2.300000000000000000e+01,0.000000000000000000e+00
5.125009059906005859e+00,1.398439693450927734e+01,2.400000000000000000e+01,0.000000000000000000e+00
4.951495170593261719e+00,1.422727203369140625e+01,2.400000000000000000e+01,0.000000000000000000e+00
4.365861415863037109e+00,1.398995018005371094e+01,2.400000000000000000e+01,0.000000000000000000e+00
5.232277870178222656e+00,1.391818523406982422e+01,2.400000000000000000e+01,0.000000000000000000e+00
4.984392642974853516e+00,1.419993591308593750e+01,2.400000000000000000e+01,0.000000000000000000e+00
4.373857021331787109e+00,1.395246505737304688e+01,2.400000000000000000e+01,0.000000000000000000e+00
4.926555633544921875e+00,1.424552536010742188e+01,2.400000000000000000e+01,0.000000000000000000e+00
4.631704807281494141e+00,1.458426094055175781e+01,2.400000000000000000e+01,0.000000000000000000e+00
4.606185913085937500e+00,1.461377906799316406e+01,2.400000000000000000e+01,0.000000000000000000e+00
4.623302459716796875e+00,1.460940837860107422e+01,2.400000000000000000e+01,0.000000000000000000e+00
4.431133747100830078e+00,1.399505043029785156e+01,9.000000000000000000e+00,0.000000000000000000e+00
4.644605636596679688e+00,1.456522655487060547e+01,2.400000000000000000e+01,0.000000000000000000e+00
5.071036338806152344e+00,1.401532649993896484e+01,9.000000000000000000e+00,0.000000000000000000e+00
4.443338871002197266e+00,1.399709987640380859e+01,9.000000000000000000e+00,0.000000000000000000e+00
4.721867084503173828e+00,1.448371315002441406e+01,2.400000000000000000e+01,0.000000000000000000e+00
4.148496627807617188e+00,1.326593494415283203e+01,2.300000000000000000e+01,0.000000000000000000e+00
4.103706359863281250e+00,1.327927017211914062e+01,2.300000000000000000e+01,0.000000000000000000e+00
5.134699821472167969e+00,1.386661434173583984e+01,2.400000000000000000e+01,0.000000000000000000e+00
4.603586673736572266e+00,1.462259578704833984e+01,2.400000000000000000e+01,0.000000000000000000e+00
5.215834617614746094e+00,1.395504760742187500e+01,2.400000000000000000e+01,0.000000000000000000e+00
3.805183410644531250e+00,1.337174034118652344e+01,2.300000000000000000e+01,0.000000000000000000e+00
5.089168071746826172e+00,1.395983886718750000e+01,2.400000000000000000e+01,0.000000000000000000e+00
4.740328311920166016e+00,1.445042133331298828e+01,2.400000000000000000e+01,0.000000000000000000e+00
5.065230369567871094e+00,1.390405178070068359e+01,2.400000000000000000e+01,0.000000000000000000e+00
4.136480808258056641e+00,1.326612663269042969e+01,2.300000000000000000e+01,0.000000000000000000e+00
4.560250759124755859e+00,1.465052413940429688e+01,2.400000000000000000e+01,0.000000000000000000e+00
3.825336456298828125e+00,1.337370204925537109e+01,2.300000000000000000e+01,0.000000000000000000e+00
4.595371723175048828e+00,1.462406349182128906e+01,2.400000000000000000e+01,0.000000000000000000e+00
4.984997272491455078e+00,1.396394348144531250e+01,2.400000000000000000e+01,0.000000000000000000e+00
5.122190952301025391e+00,1.387815380096435547e+01,2.400000000000000000e+01,0.000000000000000000e+00
3.843496084213256836e+00,1.333598423004150391e+01,2.300000000000000000e+01,0.000000000000000000e+00
4.564408779144287109e+00,1.461173629760742188e+01,2.400000000000000000e+01,0.000000000000000000e+00
4.579948902130126953e+00,1.462397480010986328e+01,2.400000000000000000e+01,0.000000000000000000e+00
5.046412467956542969e+00,1.385371875762939453e+01,2.400000000000000000e+01,0.000000000000000000e+00
3.845604419708251953e+00,1.336617565155029297e+01,2.300000000000000000e+01,0.000000000000000000e+00
4.183536052703857422e+00,1.381741046905517578e+01,9.000000000000000000e+00,0.000000000000000000e+00
4.589859485626220703e+00,1.462189006805419922e+01,2.400000000000000000e+01,0.000000000000000000e+00
4.873711585998535156e+00,1.429801559448242188e+01,2.400000000000000000e+01,0.000000000000000000e+00
4.867953777313232422e+00,1.432223892211914062e+01,2.400000000000000000e+01,0.000000000000000000e+00
4.721262931823730469e+00,1.395368289947509766e+01,2.400000000000000000e+01,0.000000000000000000e+00
4.673680782318115234e+00,1.455424213409423828e+01,2.400000000000000000e+01,0.000000000000000000e+00
4.708655834197998047e+00,1.445263957977294922e+01,2.400000000000000000e+01,0.000000000000000000e+00
4.120972633361816406e+00,1.327715301513671875e+01,2.300000000000000000e+01,0.000000000000000000e+00
5.065068721771240234e+00,1.396292877197265625e+01,2.400000000000000000e+01,0.000000000000000000e+00
5.147296905517578125e+00,1.388791179656982422e+01,2.400000000000000000e+01,0.000000000000000000e+00
3.651184558868408203e+00,1.349003982543945312e+01,2.300000000000000000e+01,0.000000000000000000e+00
4.356073856353759766e+00,1.398201847076416016e+01,2.400000000000000000e+01,0.000000000000000000e+00
4.613278388977050781e+00,1.461466598510742188e+01,2.400000000000000000e+01,0.000000000000000000e+00
3.866623401641845703e+00,1.334816646575927734e+01,2.300000000000000000e+01,0.000000000000000000e+00
3.656280279159545898e+00,1.351705455780029297e+01,2.300000000000000000e+01,0.000000000000000000e+00
5.111169338226318359e+00,1.399125480651855469e+01,9.000000000000000000e+00,0.000000000000000000e+00
5.033115863800048828e+00,1.382783317565917969e+01,2.400000000000000000e+01,0.000000000000000000e+00
4.569499492645263672e+00,1.464148044586181641e+01,2.400000000000000000e+01,0.000000000000000000e+00
5.047245502471923828e+00,1.404731178283691406e+01,2.400000000000000000e+01,0.000000000000000000e+00
3.890147447586059570e+00,1.333137416839599609e+01,2.300000000000000000e+01,0.000000000000000000e+00
3.803361892700195312e+00,1.337687206268310547e+01,2.300000000000000000e+01,0.000000000000000000e+00
3.620172023773193359e+00,1.354832267761230469e+01,2.300000000000000000e+01,0.000000000000000000e+00
3.797485351562500000e+00,1.338676261901855469e+01,2.300000000000000000e+01,0.000000000000000000e+00
4.605460166931152344e+00,1.460696125030517578e+01,2.400000000000000000e+01,0.000000000000000000e+00
3.678411006927490234e+00,1.348216629028320312e+01,2.300000000000000000e+01,0.000000000000000000e+00
4.339089393615722656e+00,1.398592567443847656e+01,2.400000000000000000e+01,0.000000000000000000e+00
4.725739479064941406e+00,1.445520019531250000e+01,2.400000000000000000e+01,0.000000000000000000e+00
4.661988258361816406e+00,1.454002571105957031e+01,2.400000000000000000e+01,0.000000000000000000e+00
3.646457433700561523e+00,1.352438259124755859e+01,2.300000000000000000e+01,0.000000000000000000e+00
5.004264831542968750e+00,1.415888786315917969e+01,2.400000000000000000e+01,0.000000000000000000e+00
4.655241489410400391e+00,1.451717567443847656e+01,2.400000000000000000e+01,0.000000000000000000e+00
5.034952640533447266e+00,1.382374763488769531e+01,2.400000000000000000e+01,0.000000000000000000e+00
4.148275852203369141e+00,1.327776432037353516e+01,2.300000000000000000e+01,0.000000000000000000e+00
4.796261310577392578e+00,1.437841892242431641e+01,2.400000000000000000e+01,0.000000000000000000e+00
5.010276794433593750e+00,1.382350635528564453e+01,2.400000000000000000e+01,0.000000000000000000e+00
4.957118511199951172e+00,1.397397136688232422e+01,2.400000000000000000e+01,0.000000000000000000e+00
4.055953025817871094e+00,1.329754829406738281e+01,2.300000000000000000e+01,0.000000000000000000e+00
4.583059787750244141e+00,1.461528968811035156e+01,2.400000000000000000e+01,0.000000000000000000e+00
3.644308805465698242e+00,1.351466846466064453e+01,2.300000000000000000e+01,0.000000000000000000e+00
4.764398574829101562e+00,1.439357280731201172e+01,2.400000000000000000e+01,0.000000000000000000e+00
5.169467926025390625e+00,1.398847103118896484e+01,2.400000000000000000e+01,0.000000000000000000e+00
3.770575523376464844e+00,1.340756130218505859e+01,2.300000000000000000e+01,0.000000000000000000e+00
4.630304336547851562e+00,1.459897422790527344e+01,2.400000000000000000e+01,0.000000000000000000e+00
4.651738643646240234e+00,1.396058845520019531e+01,2.400000000000000000e+01,0.000000000000000000e+00
4.059159278869628906e+00,1.329919242858886719e+01,2.300000000000000000e+01,0.000000000000000000e+00
5.208473205566406250e+00,1.388679695129394531e+01,2.400000000000000000e+01,0.000000000000000000e+00
4.773743152618408203e+00,1.436554813385009766e+01,2.400000000000000000e+01,0.000000000000000000e+00
4.159925460815429688e+00,1.324244117736816406e+01,2.300000000000000000e+01,0.000000000000000000e+00
5.093690872192382812e+00,1.390218544006347656e+01,2.400000000000000000e+01,0.000000000000000000e+00
5.223735332489013672e+00,1.389397716522216797e+01,2.400000000000000000e+01,0.000000000000000000e+00
4.364377021789550781e+00,1.396573448181152344e+01,2.400000000000000000e+01,0.000000000000000000e+00
5.116225242614746094e+00,1.385028934478759766e+01,2.400000000000000000e+01,0.000000000000000000e+00
4.998887538909912109e+00,1.412117958068847656e+01,2.400000000000000000e+01,0.000000000000000000e+00
3.680922508239746094e+00,1.349170112609863281e+01,2.300000000000000000e+01,0.000000000000000000e+00
5.061712741851806641e+00,1.395814514160156250e+01,2.400000000000000000e+01,0.000000000000000000e+00
5.131740093231201172e+00,1.395853614807128906e+01,2.400000000000000000e+01,0.000000000000000000e+00
3.640279531478881836e+00,1.350428485870361328e+01,2.300000000000000000e+01,0.000000000000000000e+00
3.867674112319946289e+00,1.332999324798583984e+01,2.300000000000000000e+01,0.000000000000000000e+00
5.015457153320312500e+00,1.382532119750976562e+01,2.400000000000000000e+01,0.000000000000000000e+00
3.817884683609008789e+00,1.336371517181396484e+01,2.300000000000000000e+01,0.000000000000000000e+00
4.931210517883300781e+00,1.419531631469726562e+01,2.400000000000000000e+01,0.000000000000000000e+00
5.183728694915771484e+00,1.392554664611816406e+01,2.400000000000000000e+01,0.000000000000000000e+00
3.850570440292358398e+00,1.332410812377929688e+01,2.300000000000000000e+01,0.000000000000000000e+00
4.183065414428710938e+00,1.382697772979736328e+01,9.000000000000000000e+00,0.000000000000000000e+00
4.897297382354736328e+00,1.425866699218750000e+01,9.000000000000000000e+00,0.000000000000000000e+00
3.731711626052856445e+00,1.341927051544189453e+01,2.300000000000000000e+01,0.000000000000000000e+00
5.197779178619384766e+00,1.388754177093505859e+01,2.400000000000000000e+01,0.000000000000000000e+00
5.038828372955322266e+00,1.380538558959960938e+01,2.400000000000000000e+01,0.000000000000000000e+00
5.139891624450683594e+00,1.386941528320312500e+01,2.400000000000000000e+01,0.000000000000000000e+00
4.355272769927978516e+00,1.397575378417968750e+01,2.400000000000000000e+01,0.000000000000000000e+00
3.649601459503173828e+00,1.352508926391601562e+01,2.300000000000000000e+01,0.000000000000000000e+00
5.075253963470458984e+00,1.379045295715332031e+01,2.400000000000000000e+01,0.000000000000000000e+00
4.574720859527587891e+00,1.464094161987304688e+01,2.400000000000000000e+01,0.000000000000000000e+00
5.150346755981445312e+00,1.386578941345214844e+01,2.400000000000000000e+01,0.000000000000000000e+00
3.796974897384643555e+00,1.337326240539550781e+01,2.300000000000000000e+01,0.000000000000000000e+00
5.068131923675537109e+00,1.382247734069824219e+01,2.400000000000000000e+01,0.000000000000000000e+00
4.874802112579345703e+00,1.429142570495605469e+01,2.400000000000000000e+01,0.000000000000000000e+00
4.668550014495849609e+00,1.395096206665039062e+01,2.400000000000000000e+01,0.000000000000000000e+00
3.850902557373046875e+00,1.333226490020751953e+01,2.300000000000000000e+01,0.000000000000000000e+00
5.221111297607421875e+00,1.393692398071289062e+01,2.400000000000000000e+01,0.000000000000000000e+00
4.718956947326660156e+00,1.448134231567382812e+01,2.400000000000000000e+01,0.000000000000000000e+00
4.965211868286132812e+00,1.385829162597656250e+01,2.400000000000000000e+01,0.000000000000000000e+00
5.063523769378662109e+00,1.384750652313232422e+01,2.400000000000000000e+01,0.000000000000000000e+00
4.398092746734619141e+00,1.397656631469726562e+01,2.400000000000000000e+01,0.000000000000000000e+00
5.182006359100341797e+00,1.395543098449707031e+01,2.400000000000000000e+01,0.000000000000000000e+00
3.811498165130615234e+00,1.337865447998046875e+01,2.300000000000000000e+01,0.000000000000000000e+00
4.605123519897460938e+00,1.387397766113281250e+01,9.000000000000000000e+00,0.000000000000000000e+00
3.824880599975585938e+00,1.336820316314697266e+01,2.300000000000000000e+01,0.000000000000000000e+00
3.662859439849853516e+00,1.352222537994384766e+01,2.300000000000000000e+01,0.000000000000000000e+00
3.768200159072875977e+00,1.336905574798583984e+01,2.300000000000000000e+01,0.000000000000000000e+00
4.734812736511230469e+00,1.446285057067871094e+01,2.400000000000000000e+01,0.000000000000000000e+00
3.710674762725830078e+00,1.341857433319091797e+01,2.300000000000000000e+01,0.000000000000000000e+00
3.684672594070434570e+00,1.347766590118408203e+01,2.300000000000000000e+01,0.000000000000000000e+00
4.626724720001220703e+00,1.465859031677246094e+01,2.400000000000000000e+01,0.000000000000000000e+00
5.095874309539794922e+00,1.399253654479980469e+01,9.000000000000000000e+00,0.000000000000000000e+00
4.852748394012451172e+00,1.433923816680908203e+01,2.400000000000000000e+01,0.000000000000000000e+00
3.652595758438110352e+00,1.350575542449951172e+01,9.000000000000000000e+00,0.000000000000000000e+00
4.763751983642578125e+00,1.439769649505615234e+01,2.400000000000000000e+01,0.000000000000000000e+00
4.368919372558593750e+00,1.412100028991699219e+01,9.000000000000000000e+00,0.000000000000000000e+00
5.212389945983886719e+00,1.389617824554443359e+01,2.400000000000000000e+01,0.000000000000000000e+00
5.075715065002441406e+00,1.394198131561279297e+01,2.400000000000000000e+01,0.000000000000000000e+00
3.864253282546997070e+00,1.334425163269042969e+01,2.300000000000000000e+01,0.000000000000000000e+00
4.589223861694335938e+00,1.463166236877441406e+01,2.400000000000000000e+01,0.000000000000000000e+00
4.391880512237548828e+00,1.396135425567626953e+01,2.400000000000000000e+01,0.000000000000000000e+00
3.877956867218017578e+00,1.333222484588623047e+01,2.300000000000000000e+01,0.000000000000000000e+00
3.659670829772949219e+00,1.349327659606933594e+01,2.300000000000000000e+01,0.000000000000000000e+00
5.063117027282714844e+00,1.387426471710205078e+01,2.400000000000000000e+01,0.000000000000000000e+00
3.690418243408203125e+00,1.345404815673828125e+01,2.300000000000000000e+01,0.000000000000000000e+00
5.037948608398437500e+00,1.384474468231201172e+01,2.400000000000000000e+01,0.000000000000000000e+00
5.059421062469482422e+00,1.388103961944580078e+01,2.400000000000000000e+01,0.000000000000000000e+00
5.210277557373046875e+00,1.397066020965576172e+01,2.400000000000000000e+01,0.000000000000000000e+00
5.020343303680419922e+00,1.408710956573486328e+01,2.400000000000000000e+01,0.000000000000000000e+00
4.208309173583984375e+00,1.322953319549560547e+01,2.300000000000000000e+01,0.000000000000000000e+00
4.729655742645263672e+00,1.439727115631103516e+01,2.400000000000000000e+01,0.000000000000000000e+00
4.598664760589599609e+00,1.459063148498535156e+01,2.400000000000000000e+01,0.000000000000000000e+00
4.593760013580322266e+00,1.460858631134033203e+01,2.400000000000000000e+01,0.000000000000000000e+00
4.879708766937255859e+00,1.429839229583740234e+01,2.400000000000000000e+01,0.000000000000000000e+00
3.684529066085815430e+00,1.346316623687744141e+01,2.300000000000000000e+01,0.000000000000000000e+00
5.125476837158203125e+00,1.397340202331542969e+01,9.000000000000000000e+00,0.000000000000000000e+00
5.044599533081054688e+00,1.408847999572753906e+01,2.400000000000000000e+01,0.000000000000000000e+00
4.357398509979248047e+00,1.397689628601074219e+01,2.400000000000000000e+01,0.000000000000000000e+00
4.603723526000976562e+00,1.459473323822021484e+01,2.400000000000000000e+01,0.000000000000000000e+00
5.168000698089599609e+00,1.390730857849121094e+01,2.400000000000000000e+01,0.000000000000000000e+00
5.018386840820312500e+00,1.393329429626464844e+01,2.400000000000000000e+01,0.000000000000000000e+00
3.771672010421752930e+00,1.340409564971923828e+01,2.300000000000000000e+01,0.000000000000000000e+00
4.937530994415283203e+00,1.424507617950439453e+01,2.400000000000000000e+01,0.000000000000000000e+00
4.783650875091552734e+00,1.391736030578613281e+01,2.400000000000000000e+01,0.000000000000000000e+00
3.859591007232666016e+00,1.335390853881835938e+01,9.000000000000000000e+00,0.000000000000000000e+00
4.846082687377929688e+00,1.394967746734619141e+01,9.000000000000000000e+00,0.000000000000000000e+00
4.753155708312988281e+00,1.437053108215332031e+01,2.400000000000000000e+01,0.000000000000000000e+00
3.741109848022460938e+00,1.338947963714599609e+01,2.300000000000000000e+01,0.000000000000000000e+00
4.165182590484619141e+00,1.375328159332275391e+01,2.300000000000000000e+01,0.000000000000000000e+00
4.560913085937500000e+00,1.460438919067382812e+01,2.400000000000000000e+01,0.000000000000000000e+00
4.702103614807128906e+00,1.396861934661865234e+01,2.400000000000000000e+01,0.000000000000000000e+00
4.611040592193603516e+00,1.460607337951660156e+01,2.400000000000000000e+01,0.000000000000000000e+00
3.653932809829711914e+00,1.349041271209716797e+01,2.300000000000000000e+01,0.000000000000000000e+00
5.155870914459228516e+00,1.387413501739501953e+01,2.400000000000000000e+01,0.000000000000000000e+00
3.731937170028686523e+00,1.341159629821777344e+01,2.300000000000000000e+01,0.000000000000000000e+00
3.714878559112548828e+00,1.343016338348388672e+01,2.300000000000000000e+01,0.000000000000000000e+00
4.370702266693115234e+00,1.400474643707275391e+01,9.000000000000000000e+00,0.000000000000000000e+00
4.339761734008789062e+00,1.396338748931884766e+01,2.400000000000000000e+01,0.000000000000000000e+00
4.168200492858886719e+00,1.324890804290771484e+01,2.300000000000000000e+01,0.000000000000000000e+00
3.871337175369262695e+00,1.333450317382812500e+01,2.300000000000000000e+01,0.000000000000000000e+00
4.246730327606201172e+00,1.387765026092529297e+01,2.400000000000000000e+01,0.000000000000000000e+00
3.698850631713867188e+00,1.333094692230224609e+01,2.300000000000000000e+01,0.000000000000000000e+00
4.193822383880615234e+00,1.377530384063720703e+01,9.000000000000000000e+00,0.000000000000000000e+00
5.167399883270263672e+00,1.388329505920410156e+01,2.400000000000000000e+01,0.000000000000000000e+00
4.904889106750488281e+00,1.427089786529541016e+01,2.400000000000000000e+01,0.000000000000000000e+00
4.155552387237548828e+00,1.326540946960449219e+01,2.300000000000000000e+01,0.000000000000000000e+00
4.726498603820800781e+00,1.449956321716308594e+01,2.400000000000000000e+01,0.000000000000000000e+00
4.612997055053710938e+00,1.461583614349365234e+01,2.400000000000000000e+01,0.000000000000000000e+00
1.648481750488281250e+01,1.469604015350341797e+01,1.600000000000000000e+01,0.000000000000000000e+00
1.826635932922363281e+01,1.204141044616699219e+01,9.000000000000000000e+00,0.000000000000000000e+00
1.799562072753906250e+01,1.157392024993896484e+01,9.000000000000000000e+00,0.000000000000000000e+00
1.661942100524902344e+01,1.459081459045410156e+01,1.600000000000000000e+01,0.000000000000000000e+00
1.645359802246093750e+01,1.456771278381347656e+01,1.600000000000000000e+01,0.000000000000000000e+00
1.762095260620117188e+01,1.182743644714355469e+01,2.000000000000000000e+01,0.000000000000000000e+00
1.803182220458984375e+01,1.191842269897460938e+01,2.000000000000000000e+01,0.000000000000000000e+00
1.750731849670410156e+01,1.191471576690673828e+01,2.000000000000000000e+01,0.000000000000000000e+00
1.796162414550781250e+01,1.209646129608154297e+01,2.000000000000000000e+01,0.000000000000000000e+00
1.648599433898925781e+01,1.477072143554687500e+01,1.600000000000000000e+01,0.000000000000000000e+00
1.650927352905273438e+01,1.473415470123291016e+01,1.600000000000000000e+01,0.000000000000000000e+00
1.774175834655761719e+01,1.170571041107177734e+01,2.000000000000000000e+01,0.000000000000000000e+00
1.650265884399414062e+01,1.470106315612792969e+01,1.600000000000000000e+01,0.000000000000000000e+00
1.785180282592773438e+01,1.204013061523437500e+01,2.000000000000000000e+01,0.000000000000000000e+00
1.766923332214355469e+01,1.173075103759765625e+01,2.000000000000000000e+01,0.000000000000000000e+00
1.774605941772460938e+01,1.175946426391601562e+01,2.000000000000000000e+01,0.000000000000000000e+00
1.652961349487304688e+01,1.475534915924072266e+01,1.600000000000000000e+01,0.000000000000000000e+00
1.800057983398437500e+01,1.176799678802490234e+01,2.000000000000000000e+01,0.000000000000000000e+00
1.651381492614746094e+01,1.477845096588134766e+01,1.600000000000000000e+01,0.000000000000000000e+00
1.790390968322753906e+01,1.159798240661621094e+01,9.000000000000000000e+00,0.000000000000000000e+00
1.769915008544921875e+01,1.189781379699707031e+01,2.000000000000000000e+01,0.000000000000000000e+00
1.811774063110351562e+01,1.157625389099121094e+01,9.000000000000000000e+00,0.000000000000000000e+00
1.807213592529296875e+01,1.215787315368652344e+01,2.000000000000000000e+01,0.000000000000000000e+00
1.797704315185546875e+01,1.183390045166015625e+01,2.000000000000000000e+01,0.000000000000000000e+00
1.604796791076660156e+01,1.307069969177246094e+01,9.000000000000000000e+00,0.000000000000000000e+00
1.774306678771972656e+01,1.198470973968505859e+01,2.000000000000000000e+01,0.000000000000000000e+00
1.605333328247070312e+01,-5.069607257843017578e+00,9.000000000000000000e+00,0.000000000000000000e+00
1.779670143127441406e+01,1.155100536346435547e+01,2.000000000000000000e+01,0.000000000000000000e+00
1.644226455688476562e+01,1.467939090728759766e+01,1.600000000000000000e+01,0.000000000000000000e+00
1.813041687011718750e+01,1.182304096221923828e+01,2.000000000000000000e+01,0.000000000000000000e+00
1.775361251831054688e+01,1.184100723266601562e+01,2.000000000000000000e+01,0.000000000000000000e+00
1.647333908081054688e+01,1.468958854675292969e+01,1.600000000000000000e+01,0.000000000000000000e+00
1.780919456481933594e+01,1.111769008636474609e+01,9.000000000000000000e+00,0.000000000000000000e+00
1.769379806518554688e+01,1.167733860015869141e+01,2.000000000000000000e+01,0.000000000000000000e+00
1.789491081237792969e+01,1.212749385833740234e+01,9.000000000000000000e+00,0.000000000000000000e+00
1.727768898010253906e+01,1.209880542755126953e+01,2.000000000000000000e+01,0.000000000000000000e+00
1.796125602722167969e+01,1.175443267822265625e+01,2.000000000000000000e+01,0.000000000000000000e+00
1.757001686096191406e+01,1.186869239807128906e+01,2.000000000000000000e+01,0.000000000000000000e+00
1.647024345397949219e+01,1.441072750091552734e+01,9.000000000000000000e+00,0.000000000000000000e+00
1.644012641906738281e+01,1.465080165863037109e+01,1.600000000000000000e+01,0.000000000000000000e+00
1.648497962951660156e+01,1.470255184173583984e+01,1.600000000000000000e+01,0.000000000000000000e+00
1.788753318786621094e+01,1.183513164520263672e+01,2.000000000000000000e+01,0.000000000000000000e+00
1.801200103759765625e+01,1.193692493438720703e+01,2.000000000000000000e+01,0.000000000000000000e+00
1.697636413574218750e+01,1.225694179534912109e+01,2.000000000000000000e+01,0.000000000000000000e+00
1.781578636169433594e+01,1.198783397674560547e+01,2.000000000000000000e+01,0.000000000000000000e+00
1.816171455383300781e+01,1.192047786712646484e+01,2.000000000000000000e+01,0.000000000000000000e+00
1.653379058837890625e+01,1.460370922088623047e+01,9.000000000000000000e+00,0.000000000000000000e+00
1.649181556701660156e+01,1.473964214324951172e+01,1.600000000000000000e+01,0.000000000000000000e+00
1.644804191589355469e+01,1.468965244293212891e+01,1.600000000000000000e+01,0.000000000000000000e+00
1.801499366760253906e+01,1.162567329406738281e+01,9.000000000000000000e+00,0.000000000000000000e+00
1.798603248596191406e+01,1.209475231170654297e+01,2.000000000000000000e+01,0.000000000000000000e+00
1.775182533264160156e+01,1.162608528137207031e+01,2.000000000000000000e+01,0.000000000000000000e+00
1.790197372436523438e+01,1.206021213531494141e+01,9.000000000000000000e+00,0.000000000000000000e+00
1.792063903808593750e+01,1.205642223358154297e+01,2.000000000000000000e+01,0.000000000000000000e+00
1.785853958129882812e+01,1.204090690612792969e+01,2.000000000000000000e+01,0.000000000000000000e+00
1.647281455993652344e+01,1.466541194915771484e+01,1.600000000000000000e+01,0.000000000000000000e+00
1.643342781066894531e+01,1.475310516357421875e+01,1.600000000000000000e+01,0.000000000000000000e+00
1.644689750671386719e+01,1.467212009429931641e+01,1.600000000000000000e+01,0.000000000000000000e+00
1.725775527954101562e+01,1.290188598632812500e+01,2.000000000000000000e+01,0.000000000000000000e+00
1.640763473510742188e+01,1.464377117156982422e+01,1.600000000000000000e+01,0.000000000000000000e+00
1.772331428527832031e+01,1.173436355590820312e+01,2.000000000000000000e+01,0.000000000000000000e+00
1.649582290649414062e+01,1.467519950866699219e+01,1.600000000000000000e+01,0.000000000000000000e+00
1.649430465698242188e+01,1.475670051574707031e+01,9.000000000000000000e+00,0.000000000000000000e+00
1.636623764038085938e+01,1.269274711608886719e+01,2.000000000000000000e+01,0.000000000000000000e+00
1.783684539794921875e+01,1.200141143798828125e+01,2.000000000000000000e+01,0.000000000000000000e+00
1.796572494506835938e+01,1.212893676757812500e+01,2.000000000000000000e+01,0.000000000000000000e+00
1.817949104309082031e+01,1.173209285736083984e+01,2.000000000000000000e+01,0.000000000000000000e+00
1.649265098571777344e+01,1.472136497497558594e+01,1.600000000000000000e+01,0.000000000000000000e+00
1.775433921813964844e+01,1.179739570617675781e+01,2.000000000000000000e+01,0.000000000000000000e+00
1.784456634521484375e+01,1.202118778228759766e+01,2.000000000000000000e+01,0.000000000000000000e+00
1.803878784179687500e+01,1.172759056091308594e+01,2.000000000000000000e+01,0.000000000000000000e+00
1.804252052307128906e+01,1.152171611785888672e+01,9.000000000000000000e+00,0.000000000000000000e+00
1.809695053100585938e+01,1.208508014678955078e+01,9.000000000000000000e+00,0.000000000000000000e+00
1.649756240844726562e+01,1.474594497680664062e+01,1.600000000000000000e+01,0.000000000000000000e+00
1.777875900268554688e+01,1.183685970306396484e+01,2.000000000000000000e+01,0.000000000000000000e+00
1.651430702209472656e+01,1.476577281951904297e+01,1.600000000000000000e+01,0.000000000000000000e+00
1.618037033081054688e+01,-5.052615642547607422e+00,9.000000000000000000e+00,0.000000000000000000e+00
1.801551055908203125e+01,1.183620166778564453e+01,2.000000000000000000e+01,0.000000000000000000e+00
1.797212028503417969e+01,1.212714576721191406e+01,2.000000000000000000e+01,0.000000000000000000e+00
1.809834480285644531e+01,1.179900550842285156e+01,2.000000000000000000e+01,0.000000000000000000e+00
1.786625862121582031e+01,1.192493820190429688e+01,2.000000000000000000e+01,0.000000000000000000e+00
1.617833709716796875e+01,1.267162990570068359e+01,9.000000000000000000e+00,0.000000000000000000e+00
1.785121345520019531e+01,1.191797733306884766e+01,2.000000000000000000e+01,0.000000000000000000e+00
1.769730758666992188e+01,1.186352348327636719e+01,9.000000000000000000e+00,0.000000000000000000e+00
1.783032035827636719e+01,1.143161106109619141e+01,9.000000000000000000e+00,0.000000000000000000e+00
1.784404182434082031e+01,1.207705211639404297e+01,2.000000000000000000e+01,0.000000000000000000e+00
1.791171455383300781e+01,1.191746425628662109e+01,2.000000000000000000e+01,0.000000000000000000e+00
1.648653221130371094e+01,1.474639320373535156e+01,1.600000000000000000e+01,0.000000000000000000e+00
1.791648864746093750e+01,1.148132610321044922e+01,9.000000000000000000e+00,0.000000000000000000e+00
1.786115837097167969e+01,1.195988464355468750e+01,9.000000000000000000e+00,0.000000000000000000e+00
1.647082710266113281e+01,1.469499397277832031e+01,1.600000000000000000e+01,0.000000000000000000e+00
1.652252578735351562e+01,1.475774288177490234e+01,1.600000000000000000e+01,0.000000000000000000e+00
1.697913742065429688e+01,1.222741317749023438e+01,2.000000000000000000e+01,0.000000000000000000e+00
1.650919914245605469e+01,1.469954967498779297e+01,1.600000000000000000e+01,0.000000000000000000e+00
1.804263114929199219e+01,1.193244171142578125e+01,2.000000000000000000e+01,0.000000000000000000e+00
1.804952239990234375e+01,1.188379383087158203e+01,2.000000000000000000e+01,0.000000000000000000e+00
1.650265121459960938e+01,1.475789642333984375e+01,1.600000000000000000e+01,0.000000000000000000e+00
1.777995300292968750e+01,1.180099487304687500e+01,2.000000000000000000e+01,0.000000000000000000e+00
1.645978736877441406e+01,1.470861721038818359e+01,1.600000000000000000e+01,0.000000000000000000e+00
1.735177230834960938e+01,1.191463184356689453e+01,2.000000000000000000e+01,0.000000000000000000e+00
1.788676834106445312e+01,1.210485553741455078e+01,2.000000000000000000e+01,0.000000000000000000e+00
1.643383216857910156e+01,1.469469451904296875e+01,1.600000000000000000e+01,0.000000000000000000e+00
1.650544738769531250e+01,1.466829204559326172e+01,1.600000000000000000e+01,0.000000000000000000e+00
1.811383819580078125e+01,1.099325466156005859e+01,9.000000000000000000e+00,0.000000000000000000e+00
1.802211761474609375e+01,1.215210914611816406e+01,2.000000000000000000e+01,0.000000000000000000e+00
1.785535621643066406e+01,1.203283023834228516e+01,2.000000000000000000e+01,0.000000000000000000e+00
1.759631347656250000e+01,1.177880573272705078e+01,9.000000000000000000e+00,0.000000000000000000e+00
1.778001785278320312e+01,1.171416187286376953e+01,2.000000000000000000e+01,0.000000000000000000e+00
2.128995704650878906e+01,9.558221817016601562e+00,9.000000000000000000e+00,0.000000000000000000e+00
1.748841094970703125e+01,1.174107170104980469e+01,9.000000000000000000e+00,0.000000000000000000e+00
1.649708366394042969e+01,1.475339508056640625e+01,1.600000000000000000e+01,0.000000000000000000e+00
1.631550979614257812e+01,1.284521484375000000e+01,9.000000000000000000e+00,0.000000000000000000e+00
1.796033096313476562e+01,1.212534046173095703e+01,2.000000000000000000e+01,0.000000000000000000e+00
1.631523895263671875e+01,1.392828559875488281e+01,9.000000000000000000e+00,0.000000000000000000e+00
1.650476646423339844e+01,1.472622108459472656e+01,1.600000000000000000e+01,0.000000000000000000e+00
1.744207191467285156e+01,1.193726253509521484e+01,2.000000000000000000e+01,0.000000000000000000e+00
1.651185989379882812e+01,1.463427543640136719e+01,1.600000000000000000e+01,0.000000000000000000e+00
1.781557464599609375e+01,1.177468299865722656e+01,2.000000000000000000e+01,0.000000000000000000e+00
1.822342491149902344e+01,1.181801319122314453e+01,9.000000000000000000e+00,0.000000000000000000e+00
1.775112342834472656e+01,1.178345394134521484e+01,2.000000000000000000e+01,0.000000000000000000e+00
1.648792457580566406e+01,1.476152229309082031e+01,1.600000000000000000e+01,0.000000000000000000e+00
1.797215270996093750e+01,1.208344936370849609e+01,2.000000000000000000e+01,0.000000000000000000e+00
1.718184089660644531e+01,1.208309650421142578e+01,2.000000000000000000e+01,0.000000000000000000e+00
1.739371871948242188e+01,1.190882492065429688e+01,2.000000000000000000e+01,0.000000000000000000e+00
1.655919075012207031e+01,1.465912532806396484e+01,1.600000000000000000e+01,0.000000000000000000e+00
1.795459938049316406e+01,1.175658798217773438e+01,2.000000000000000000e+01,0.000000000000000000e+00
1.782493591308593750e+01,1.276111316680908203e+01,2.000000000000000000e+01,0.000000000000000000e+00
1.814195251464843750e+01,1.171125125885009766e+01,2.000000000000000000e+01,0.000000000000000000e+00
1.782363510131835938e+01,1.182900333404541016e+01,2.000000000000000000e+01,0.000000000000000000e+00
1.795718193054199219e+01,1.122495746612548828e+01,9.000000000000000000e+00,0.000000000000000000e+00
1.707285499572753906e+01,1.226977348327636719e+01,2.000000000000000000e+01,0.000000000000000000e+00
1.815357971191406250e+01,1.173161315917968750e+01,2.000000000000000000e+01,0.000000000000000000e+00
1.800099945068359375e+01,1.159464836120605469e+01,2.000000000000000000e+01,0.000000000000000000e+00
1.804602432250976562e+01,1.213609027862548828e+01,2.000000000000000000e+01,0.000000000000000000e+00
1.726432800292968750e+01,1.247791576385498047e+01,9.000000000000000000e+00,0.000000000000000000e+00
1.791205406188964844e+01,1.177492713928222656e+01,2.000000000000000000e+01,0.000000000000000000e+00
1.806019973754882812e+01,1.191910934448242188e+01,2.000000000000000000e+01,0.000000000000000000e+00
1.648148536682128906e+01,1.472522258758544922e+01,1.600000000000000000e+01,0.000000000000000000e+00
1.791116142272949219e+01,1.170111370086669922e+01,2.000000000000000000e+01,0.000000000000000000e+00
2.129978370666503906e+01,9.556037902832031250e+00,9.000000000000000000e+00,0.000000000000000000e+00
1.792310905456542969e+01,1.186216163635253906e+01,2.000000000000000000e+01,0.000000000000000000e+00
1.776716423034667969e+01,1.198751735687255859e+01,2.000000000000000000e+01,0.000000000000000000e+00
1.811736106872558594e+01,1.172771549224853516e+01,2.000000000000000000e+01,0.000000000000000000e+00
1.773264122009277344e+01,1.193962764739990234e+01,2.000000000000000000e+01,0.000000000000000000e+00
1.768659591674804688e+01,1.197913837432861328e+01,9.000000000000000000e+00,0.000000000000000000e+00
1.643705940246582031e+01,1.468237686157226562e+01,1.600000000000000000e+01,0.000000000000000000e+00
1.654193687438964844e+01,1.480304622650146484e+01,1.600000000000000000e+01,0.000000000000000000e+00
1.649207115173339844e+01,1.475192260742187500e+01,1.600000000000000000e+01,0.000000000000000000e+00
1.779781341552734375e+01,1.190042209625244141e+01,2.000000000000000000e+01,0.000000000000000000e+00
1.827772331237792969e+01,1.194320869445800781e+01,9.000000000000000000e+00,0.000000000000000000e+00
1.774153709411621094e+01,1.166640949249267578e+01,2.000000000000000000e+01,0.000000000000000000e+00
2.129307365417480469e+01,9.582864761352539062e+00,9.000000000000000000e+00,0.000000000000000000e+00
1.805621528625488281e+01,1.187457084655761719e+01,2.000000000000000000e+01,0.000000000000000000e+00
1.783660507202148438e+01,1.177262592315673828e+01,2.000000000000000000e+01,0.000000000000000000e+00
1.785974121093750000e+01,1.113625049591064453e+01,9.000000000000000000e+00,0.000000000000000000e+00
1.766953086853027344e+01,1.188236999511718750e+01,2.000000000000000000e+01,0.000000000000000000e+00
1.805398750305175781e+01,1.210890102386474609e+01,9.000000000000000000e+00,0.000000000000000000e+00
1.774604415893554688e+01,1.188005924224853516e+01,2.000000000000000000e+01,0.000000000000000000e+00
1.743603706359863281e+01,1.194355010986328125e+01,2.000000000000000000e+01,0.000000000000000000e+00
1.858999061584472656e+01,1.328312873840332031e+01,9.000000000000000000e+00,0.000000000000000000e+00
1.650629997253417969e+01,1.475019836425781250e+01,1.600000000000000000e+01,0.000000000000000000e+00
1.787290000915527344e+01,1.203320312500000000e+01,2.000000000000000000e+01,0.000000000000000000e+00
1.774859237670898438e+01,1.176794338226318359e+01,2.000000000000000000e+01,0.000000000000000000e+00
1.673045349121093750e+01,1.279102706909179688e+01,9.000000000000000000e+00,0.000000000000000000e+00
1.750848579406738281e+01,1.183481597900390625e+01,2.000000000000000000e+01,0.000000000000000000e+00
1.644889640808105469e+01,1.472827148437500000e+01,1.600000000000000000e+01,0.000000000000000000e+00
1.650407409667968750e+01,1.476902484893798828e+01,1.600000000000000000e+01,0.000000000000000000e+00
1.787452888488769531e+01,1.211740398406982422e+01,2.000000000000000000e+01,0.000000000000000000e+00
1.788786315917968750e+01,1.201364040374755859e+01,2.000000000000000000e+01,0.000000000000000000e+00
1.760552978515625000e+01,1.186684036254882812e+01,2.000000000000000000e+01,0.000000000000000000e+00
1.641248893737792969e+01,1.467251205444335938e+01,1.600000000000000000e+01,0.000000000000000000e+00
1.729744911193847656e+01,1.203123188018798828e+01,2.000000000000000000e+01,0.000000000000000000e+00
1.774421501159667969e+01,1.199781036376953125e+01,2.000000000000000000e+01,0.000000000000000000e+00
1.800674819946289062e+01,1.216191577911376953e+01,2.000000000000000000e+01,0.000000000000000000e+00
1.790777969360351562e+01,1.187236309051513672e+01,2.000000000000000000e+01,0.000000000000000000e+00
1.811653518676757812e+01,1.188688755035400391e+01,2.000000000000000000e+01,0.000000000000000000e+00
1.756229019165039062e+01,1.309351444244384766e+01,9.000000000000000000e+00,0.000000000000000000e+00
2.128752136230468750e+01,9.586065292358398438e+00,9.000000000000000000e+00,0.000000000000000000e+00
1.776447868347167969e+01,1.171053695678710938e+01,9.000000000000000000e+00,0.000000000000000000e+00
1.771398544311523438e+01,1.178130531311035156e+01,2.000000000000000000e+01,0.000000000000000000e+00
1.791975975036621094e+01,1.132194328308105469e+01,9.000000000000000000e+00,0.000000000000000000e+00
1.612101554870605469e+01,1.358538818359375000e+01,9.000000000000000000e+00,0.000000000000000000e+00
1.647309112548828125e+01,1.467856121063232422e+01,1.600000000000000000e+01,0.000000000000000000e+00
1.790986061096191406e+01,1.131293964385986328e+01,9.000000000000000000e+00,0.000000000000000000e+00
1.654529953002929688e+01,1.479782104492187500e+01,1.600000000000000000e+01,0.000000000000000000e+00
1.739126396179199219e+01,1.236170768737792969e+01,9.000000000000000000e+00,0.000000000000000000e+00
1.761597251892089844e+01,1.217364406585693359e+01,2.000000000000000000e+01,0.000000000000000000e+00
1.764935684204101562e+01,1.192476367950439453e+01,2.000000000000000000e+01,0.000000000000000000e+00
1.793201637268066406e+01,1.208881950378417969e+01,2.000000000000000000e+01,0.000000000000000000e+00
1.769296073913574219e+01,1.184065341949462891e+01,2.000000000000000000e+01,0.000000000000000000e+00
1.649096679687500000e+01,1.474189662933349609e+01,1.600000000000000000e+01,0.000000000000000000e+00
1.806038093566894531e+01,1.214908027648925781e+01,2.000000000000000000e+01,0.000000000000000000e+00
1.773261833190917969e+01,1.176639938354492188e+01,2.000000000000000000e+01,0.000000000000000000e+00
1.652185630798339844e+01,1.470604038238525391e+01,1.600000000000000000e+01,0.000000000000000000e+00
1.650087165832519531e+01,1.475968456268310547e+01,1.600000000000000000e+01,0.000000000000000000e+00
1.614418411254882812e+01,-5.064722537994384766e+00,9.000000000000000000e+00,0.000000000000000000e+00
1.822588920593261719e+01,1.193188190460205078e+01,9.000000000000000000e+00,0.000000000000000000e+00
1.647509956359863281e+01,1.467697334289550781e+01,1.600000000000000000e+01,0.000000000000000000e+00
1.793945121765136719e+01,1.190633678436279297e+01,2.000000000000000000e+01,0.000000000000000000e+00
1.789501762390136719e+01,1.201332759857177734e+01,2.000000000000000000e+01,0.000000000000000000e+00
1.787105751037597656e+01,1.201530742645263672e+01,2.000000000000000000e+01,0.000000000000000000e+00
2.128805732727050781e+01,9.591343879699707031e+00,9.000000000000000000e+00,0.000000000000000000e+00
1.821843147277832031e+01,1.181111717224121094e+01,9.000000000000000000e+00,0.000000000000000000e+00
1.773586463928222656e+01,1.188747882843017578e+01,2.000000000000000000e+01,0.000000000000000000e+00
1.766038703918457031e+01,1.190844535827636719e+01,9.000000000000000000e+00,0.000000000000000000e+00
1.746909713745117188e+01,1.187515068054199219e+01,2.000000000000000000e+01,0.000000000000000000e+00
1.775513839721679688e+01,1.180362415313720703e+01,9.000000000000000000e+00,0.000000000000000000e+00
1.774088287353515625e+01,1.191232967376708984e+01,2.000000000000000000e+01,0.000000000000000000e+00
1.781026077270507812e+01,1.161713314056396484e+01,9.000000000000000000e+00,0.000000000000000000e+00
1.820981597900390625e+01,1.184245586395263672e+01,9.000000000000000000e+00,0.000000000000000000e+00
-2.374415874481201172e+00,4.612135410308837891e+00,1.300000000000000000e+01,0.000000000000000000e+00
-2.429859161376953125e+00,4.558547496795654297e+00,1.300000000000000000e+01,0.000000000000000000e+00
1.041603088378906250e+01,7.057154655456542969e+00,1.400000000000000000e+01,0.000000000000000000e+00
-2.405844211578369141e+00,4.583260059356689453e+00,1.300000000000000000e+01,0.000000000000000000e+00
1.039130496978759766e+01,7.040832519531250000e+00,1.400000000000000000e+01,0.000000000000000000e+00
1.116200733184814453e+01,7.256780624389648438e+00,1.400000000000000000e+01,0.000000000000000000e+00
-2.382161378860473633e+00,4.606184005737304688e+00,1.300000000000000000e+01,0.000000000000000000e+00
1.291754436492919922e+01,8.426368713378906250e+00,2.600000000000000000e+01,0.000000000000000000e+00
9.133938789367675781e+00,6.294068336486816406e+00,9.000000000000000000e+00,0.000000000000000000e+00
1.290144443511962891e+01,8.471421241760253906e+00,2.600000000000000000e+01,0.000000000000000000e+00
-2.412822961807250977e+00,4.575044155120849609e+00,1.300000000000000000e+01,0.000000000000000000e+00
1.120717525482177734e+01,7.282632827758789062e+00,1.400000000000000000e+01,0.000000000000000000e+00
1.320410251617431641e+01,1.127445602416992188e+01,2.500000000000000000e+01,0.000000000000000000e+00
1.265629196166992188e+01,1.082339572906494141e+01,2.900000000000000000e+01,0.000000000000000000e+00
1.119733238220214844e+01,7.263332366943359375e+00,1.400000000000000000e+01,0.000000000000000000e+00
-2.423203706741333008e+00,4.565402984619140625e+00,1.300000000000000000e+01,0.000000000000000000e+00
1.040201282501220703e+01,7.047453403472900391e+00,1.400000000000000000e+01,0.000000000000000000e+00
1.292048549652099609e+01,8.467334747314453125e+00,2.600000000000000000e+01,0.000000000000000000e+00
1.361411285400390625e+01,7.837211132049560547e+00,2.200000000000000000e+01,0.000000000000000000e+00
1.047743606567382812e+01,7.083699703216552734e+00,1.400000000000000000e+01,0.000000000000000000e+00
1.117430591583251953e+01,7.262594699859619141e+00,1.400000000000000000e+01,0.000000000000000000e+00
-2.414628028869628906e+00,4.574325561523437500e+00,1.300000000000000000e+01,0.000000000000000000e+00
1.035480690002441406e+01,7.022136688232421875e+00,1.400000000000000000e+01,0.000000000000000000e+00
1.322381877899169922e+01,1.129202270507812500e+01,2.500000000000000000e+01,0.000000000000000000e+00
1.359441566467285156e+01,7.845445156097412109e+00,9.000000000000000000e+00,0.000000000000000000e+00
1.271213626861572266e+01,1.076946067810058594e+01,2.900000000000000000e+01,0.000000000000000000e+00
1.314122486114501953e+01,1.049716663360595703e+01,9.000000000000000000e+00,0.000000000000000000e+00
1.294391822814941406e+01,8.391517639160156250e+00,2.600000000000000000e+01,0.000000000000000000e+00
1.291603088378906250e+01,8.444233894348144531e+00,2.600000000000000000e+01,0.000000000000000000e+00
-2.359382152557373047e+00,4.628328323364257812e+00,1.300000000000000000e+01,0.000000000000000000e+00
1.293400478363037109e+01,8.393534660339355469e+00,2.600000000000000000e+01,0.000000000000000000e+00
1.301496124267578125e+01,8.298936843872070312e+00,2.600000000000000000e+01,0.000000000000000000e+00
1.298612403869628906e+01,8.362879753112792969e+00,2.600000000000000000e+01,0.000000000000000000e+00
1.042009067535400391e+01,7.058095932006835938e+00,1.400000000000000000e+01,0.000000000000000000e+00
1.358356857299804688e+01,7.868878364562988281e+00,2.200000000000000000e+01,0.000000000000000000e+00
-2.408984661102294922e+00,4.580285072326660156e+00,1.300000000000000000e+01,0.000000000000000000e+00
1.358179664611816406e+01,7.860088825225830078e+00,9.000000000000000000e+00,0.000000000000000000e+00
1.352740859985351562e+01,7.909177303314208984e+00,9.000000000000000000e+00,0.000000000000000000e+00
1.291843032836914062e+01,8.443407058715820312e+00,2.600000000000000000e+01,0.000000000000000000e+00
1.300097751617431641e+01,8.307529449462890625e+00,9.000000000000000000e+00,0.000000000000000000e+00
1.328983306884765625e+01,1.049999904632568359e+01,9.000000000000000000e+00,0.000000000000000000e+00
1.300296688079833984e+01,8.335391998291015625e+00,9.000000000000000000e+00,0.000000000000000000e+00
1.108891963958740234e+01,7.239854812622070312e+00,1.400000000000000000e+01,0.000000000000000000e+00
1.027666282653808594e+01,6.972106933593750000e+00,1.400000000000000000e+01,0.000000000000000000e+00
1.320801353454589844e+01,1.128601264953613281e+01,2.500000000000000000e+01,0.000000000000000000e+00
1.860443305969238281e+01,-5.350769996643066406e+00,9.000000000000000000e+00,0.000000000000000000e+00
1.114978694915771484e+01,7.239639759063720703e+00,1.400000000000000000e+01,0.000000000000000000e+00
-2.394525527954101562e+00,4.594534873962402344e+00,1.300000000000000000e+01,0.000000000000000000e+00
-2.365340709686279297e+00,4.622180461883544922e+00,1.300000000000000000e+01,0.000000000000000000e+00
1.291835403442382812e+01,8.421263694763183594e+00,2.600000000000000000e+01,0.000000000000000000e+00
1.290998554229736328e+01,8.479117393493652344e+00,2.600000000000000000e+01,0.000000000000000000e+00
1.360892009735107422e+01,7.850648403167724609e+00,2.200000000000000000e+01,0.000000000000000000e+00
1.361533451080322266e+01,7.835711479187011719e+00,2.200000000000000000e+01,0.000000000000000000e+00
-2.374658346176147461e+00,4.612748146057128906e+00,1.300000000000000000e+01,0.000000000000000000e+00
1.297944355010986328e+01,8.357973098754882812e+00,2.600000000000000000e+01,0.000000000000000000e+00
1.291812610626220703e+01,8.422197341918945312e+00,2.600000000000000000e+01,0.000000000000000000e+00
1.320329189300537109e+01,1.128298950195312500e+01,2.500000000000000000e+01,0.000000000000000000e+00
1.299455738067626953e+01,8.326521873474121094e+00,2.600000000000000000e+01,0.000000000000000000e+00
1.278274631500244141e+01,1.085924148559570312e+01,2.900000000000000000e+01,0.000000000000000000e+00
1.040791893005371094e+01,7.051676750183105469e+00,1.400000000000000000e+01,0.000000000000000000e+00
-2.374678611755371094e+00,4.613614082336425781e+00,1.300000000000000000e+01,0.000000000000000000e+00
1.290145874023437500e+01,8.419927597045898438e+00,2.600000000000000000e+01,0.000000000000000000e+00
1.294298171997070312e+01,1.100639343261718750e+01,9.000000000000000000e+00,0.000000000000000000e+00
1.360334968566894531e+01,1.052124977111816406e+01,2.900000000000000000e+01,0.000000000000000000e+00
1.042066478729248047e+01,7.060546398162841797e+00,1.400000000000000000e+01,0.000000000000000000e+00
1.039323902130126953e+01,7.047072410583496094e+00,1.400000000000000000e+01,0.000000000000000000e+00
-2.434631824493408203e+00,4.553727626800537109e+00,1.300000000000000000e+01,0.000000000000000000e+00
1.117976474761962891e+01,7.262914657592773438e+00,1.400000000000000000e+01,0.000000000000000000e+00
1.300276088714599609e+01,8.305479049682617188e+00,9.000000000000000000e+00,0.000000000000000000e+00
-2.441173791885375977e+00,4.547707080841064453e+00,1.300000000000000000e+01,0.000000000000000000e+00
1.036826992034912109e+01,7.026151180267333984e+00,1.400000000000000000e+01,0.000000000000000000e+00
-2.374715328216552734e+00,4.612928867340087891e+00,1.300000000000000000e+01,0.000000000000000000e+00
1.297363948822021484e+01,8.360658645629882812e+00,2.600000000000000000e+01,0.000000000000000000e+00
1.038783073425292969e+01,7.039699077606201172e+00,1.400000000000000000e+01,0.000000000000000000e+00
1.319855690002441406e+01,1.127274990081787109e+01,2.500000000000000000e+01,0.000000000000000000e+00
1.298706626892089844e+01,8.337646484375000000e+00,2.600000000000000000e+01,0.000000000000000000e+00
-2.432426452636718750e+00,4.556281566619873047e+00,1.300000000000000000e+01,0.000000000000000000e+00
1.360794258117675781e+01,7.839018344879150391e+00,2.200000000000000000e+01,0.000000000000000000e+00
1.331393051147460938e+01,1.049526500701904297e+01,9.000000000000000000e+00,0.000000000000000000e+00
1.039974975585937500e+01,7.046758651733398438e+00,1.400000000000000000e+01,0.000000000000000000e+00
1.289804267883300781e+01,8.471077919006347656e+00,2.600000000000000000e+01,0.000000000000000000e+00
1.116540241241455078e+01,7.258228778839111328e+00,1.400000000000000000e+01,0.000000000000000000e+00
1.361112689971923828e+01,7.837848186492919922e+00,2.200000000000000000e+01,0.000000000000000000e+00
1.042161273956298828e+01,7.060375213623046875e+00,1.400000000000000000e+01,0.000000000000000000e+00
1.044049263000488281e+01,7.067700862884521484e+00,1.400000000000000000e+01,0.000000000000000000e+00
1.281038475036621094e+01,1.088328552246093750e+01,2.900000000000000000e+01,0.000000000000000000e+00
1.297912883758544922e+01,8.335672378540039062e+00,9.000000000000000000e+00,0.000000000000000000e+00
-2.370763778686523438e+00,4.616998672485351562e+00,1.300000000000000000e+01,0.000000000000000000e+00
-2.404877424240112305e+00,4.583545207977294922e+00,1.300000000000000000e+01,0.000000000000000000e+00
1.278116607666015625e+01,1.083972358703613281e+01,2.900000000000000000e+01,0.000000000000000000e+00
1.304228878021240234e+01,8.272840499877929688e+00,9.000000000000000000e+00,0.000000000000000000e+00
-2.405189752578735352e+00,4.583724021911621094e+00,1.300000000000000000e+01,0.000000000000000000e+00
1.246227264404296875e+01,1.060345077514648438e+01,3.000000000000000000e+01,0.000000000000000000e+00
1.381719589233398438e+01,1.047939109802246094e+01,9.000000000000000000e+00,0.000000000000000000e+00
-2.411335229873657227e+00,4.577307224273681641e+00,1.300000000000000000e+01,0.000000000000000000e+00
1.292253208160400391e+01,8.432202339172363281e+00,2.600000000000000000e+01,0.000000000000000000e+00
1.294050312042236328e+01,8.410776138305664062e+00,2.600000000000000000e+01,0.000000000000000000e+00
1.047886276245117188e+01,7.096152305603027344e+00,1.400000000000000000e+01,0.000000000000000000e+00
1.319577789306640625e+01,1.127835845947265625e+01,2.500000000000000000e+01,0.000000000000000000e+00
1.042440223693847656e+01,7.060818672180175781e+00,1.400000000000000000e+01,0.000000000000000000e+00
-2.365513563156127930e+00,4.622512340545654297e+00,1.300000000000000000e+01,0.000000000000000000e+00
1.277547931671142578e+01,1.084069442749023438e+01,2.900000000000000000e+01,0.000000000000000000e+00
1.292626476287841797e+01,8.415866851806640625e+00,2.600000000000000000e+01,0.000000000000000000e+00
1.293361854553222656e+01,8.397719383239746094e+00,2.600000000000000000e+01,0.000000000000000000e+00
1.296442508697509766e+01,8.364159584045410156e+00,2.600000000000000000e+01,0.000000000000000000e+00
1.291385746002197266e+01,8.484530448913574219e+00,2.600000000000000000e+01,0.000000000000000000e+00
1.302662563323974609e+01,8.288271903991699219e+00,9.000000000000000000e+00,0.000000000000000000e+00
1.293681335449218750e+01,8.550142288208007812e+00,9.000000000000000000e+00,0.000000000000000000e+00
1.359593105316162109e+01,7.847805023193359375e+00,9.000000000000000000e+00,0.000000000000000000e+00
1.115979671478271484e+01,7.257787227630615234e+00,1.400000000000000000e+01,0.000000000000000000e+00
1.360950946807861328e+01,7.840394496917724609e+00,2.200000000000000000e+01,0.000000000000000000e+00
-2.402169466018676758e+00,4.586353302001953125e+00,1.300000000000000000e+01,0.000000000000000000e+00
1.117207527160644531e+01,7.259099960327148438e+00,1.400000000000000000e+01,0.000000000000000000e+00
-2.358835697174072266e+00,4.628826141357421875e+00,1.300000000000000000e+01,0.000000000000000000e+00
1.321157073974609375e+01,1.127310848236083984e+01,2.500000000000000000e+01,0.000000000000000000e+00
1.360949420928955078e+01,7.838873386383056641e+00,2.200000000000000000e+01,0.000000000000000000e+00
1.320956325531005859e+01,1.126536560058593750e+01,2.500000000000000000e+01,0.000000000000000000e+00
1.044917106628417969e+01,7.080014228820800781e+00,1.400000000000000000e+01,0.000000000000000000e+00
1.359702301025390625e+01,7.832878112792968750e+00,9.000000000000000000e+00,0.000000000000000000e+00
1.360220527648925781e+01,7.842164516448974609e+00,2.200000000000000000e+01,0.000000000000000000e+00
1.295147705078125000e+01,8.377711296081542969e+00,2.600000000000000000e+01,0.000000000000000000e+00
1.293718338012695312e+01,8.393558502197265625e+00,2.600000000000000000e+01,0.000000000000000000e+00
1.298747062683105469e+01,8.333574295043945312e+00,9.000000000000000000e+00,0.000000000000000000e+00
1.042301750183105469e+01,7.064305305480957031e+00,1.400000000000000000e+01,0.000000000000000000e+00
1.297005558013916016e+01,8.401361465454101562e+00,2.600000000000000000e+01,0.000000000000000000e+00
-2.410390138626098633e+00,4.578185558319091797e+00,1.300000000000000000e+01,0.000000000000000000e+00
1.117423152923583984e+01,7.260244846343994141e+00,1.400000000000000000e+01,0.000000000000000000e+00
1.278261566162109375e+01,1.086422348022460938e+01,2.900000000000000000e+01,0.000000000000000000e+00
-2.379881143569946289e+00,4.608660221099853516e+00,1.300000000000000000e+01,0.000000000000000000e+00
1.275205707550048828e+01,1.084906291961669922e+01,2.900000000000000000e+01,0.000000000000000000e+00
1.291826629638671875e+01,8.428480148315429688e+00,2.600000000000000000e+01,0.000000000000000000e+00
1.295319747924804688e+01,8.380691528320312500e+00,2.600000000000000000e+01,0.000000000000000000e+00
1.116884994506835938e+01,7.257578849792480469e+00,1.400000000000000000e+01,0.000000000000000000e+00
1.122272396087646484e+01,7.293732643127441406e+00,1.400000000000000000e+01,0.000000000000000000e+00
-2.386916399002075195e+00,4.601716995239257812e+00,1.300000000000000000e+01,0.000000000000000000e+00
1.357366847991943359e+01,7.861948490142822266e+00,2.200000000000000000e+01,0.000000000000000000e+00
1.301520442962646484e+01,8.299965858459472656e+00,2.600000000000000000e+01,0.000000000000000000e+00
-2.420498847961425781e+00,4.568620681762695312e+00,1.300000000000000000e+01,0.000000000000000000e+00
1.273864078521728516e+01,1.080239009857177734e+01,2.900000000000000000e+01,0.000000000000000000e+00
-2.405473947525024414e+00,4.583448886871337891e+00,1.300000000000000000e+01,0.000000000000000000e+00
1.287448883056640625e+01,1.091831779479980469e+01,9.000000000000000000e+00,0.000000000000000000e+00
1.290380001068115234e+01,8.461980819702148438e+00,2.600000000000000000e+01,0.000000000000000000e+00
1.360048770904541016e+01,7.828079700469970703e+00,2.200000000000000000e+01,0.000000000000000000e+00
1.337904357910156250e+01,1.049245929718017578e+01,9.000000000000000000e+00,0.000000000000000000e+00
1.278917503356933594e+01,1.086788654327392578e+01,9.000000000000000000e+00,0.000000000000000000e+00
1.267760658264160156e+01,1.058031558990478516e+01,9.000000000000000000e+00,0.000000000000000000e+00
1.117328357696533203e+01,7.260330677032470703e+00,1.400000000000000000e+01,0.000000000000000000e+00
1.318597793579101562e+01,1.126658916473388672e+01,2.500000000000000000e+01,0.000000000000000000e+00
1.359264183044433594e+01,7.850752353668212891e+00,2.200000000000000000e+01,0.000000000000000000e+00
1.270675373077392578e+01,1.081437683105468750e+01,2.900000000000000000e+01,0.000000000000000000e+00
1.289478683471679688e+01,8.483138084411621094e+00,9.000000000000000000e+00,0.000000000000000000e+00
1.044798278808593750e+01,7.081934452056884766e+00,1.400000000000000000e+01,0.000000000000000000e+00
1.291801738739013672e+01,8.432863235473632812e+00,2.600000000000000000e+01,0.000000000000000000e+00
1.300129985809326172e+01,8.328014373779296875e+00,2.600000000000000000e+01,0.000000000000000000e+00
-2.377532482147216797e+00,4.610968112945556641e+00,1.300000000000000000e+01,0.000000000000000000e+00
1.301684188842773438e+01,8.303099632263183594e+00,9.000000000000000000e+00,0.000000000000000000e+00
-2.429389238357543945e+00,4.559706687927246094e+00,1.300000000000000000e+01,0.000000000000000000e+00
1.257874107360839844e+01,1.086868286132812500e+01,9.000000000000000000e+00,0.000000000000000000e+00
-2.411629199981689453e+00,4.576753616333007812e+00,1.300000000000000000e+01,0.000000000000000000e+00
1.303797245025634766e+01,8.249881744384765625e+00,2.600000000000000000e+01,0.000000000000000000e+00
-2.401140689849853516e+00,4.587387084960937500e+00,1.300000000000000000e+01,0.000000000000000000e+00
1.319101333618164062e+01,1.123359107971191406e+01,2.500000000000000000e+01,0.000000000000000000e+00
1.039069461822509766e+01,7.040955066680908203e+00,1.400000000000000000e+01,0.000000000000000000e+00
-2.368028640747070312e+00,4.620091438293457031e+00,1.300000000000000000e+01,0.000000000000000000e+00
-2.447326183319091797e+00,4.541101932525634766e+00,1.300000000000000000e+01,0.000000000000000000e+00
-2.413167238235473633e+00,4.575565814971923828e+00,1.300000000000000000e+01,0.000000000000000000e+00
1.322310924530029297e+01,1.126455211639404297e+01,2.500000000000000000e+01,0.000000000000000000e+00
1.292170524597167969e+01,8.504410743713378906e+00,2.600000000000000000e+01,0.000000000000000000e+00
-2.402991056442260742e+00,4.586365222930908203e+00,1.300000000000000000e+01,0.000000000000000000e+00
1.291974067687988281e+01,1.094341468811035156e+01,9.000000000000000000e+00,0.000000000000000000e+00
1.116971015930175781e+01,7.260708332061767578e+00,1.400000000000000000e+01,0.000000000000000000e+00
1.379178047180175781e+01,1.051359367370605469e+01,9.000000000000000000e+00,0.000000000000000000e+00
-2.412766933441162109e+00,4.575735092163085938e+00,1.300000000000000000e+01,0.000000000000000000e+00
1.318102836608886719e+01,1.128763961791992188e+01,2.500000000000000000e+01,0.000000000000000000e+00
-2.407969951629638672e+00,4.580435752868652344e+00,1.300000000000000000e+01,0.000000000000000000e+00
1.290653896331787109e+01,8.455534934997558594e+00,2.600000000000000000e+01,0.000000000000000000e+00
1.041498851776123047e+01,7.056731224060058594e+00,1.400000000000000000e+01,0.000000000000000000e+00
1.039490127563476562e+01,7.043679237365722656e+00,1.400000000000000000e+01,0.000000000000000000e+00
1.272647857666015625e+01,1.083007907867431641e+01,9.000000000000000000e+00,0.000000000000000000e+00
1.275204849243164062e+01,1.083794498443603516e+01,2.900000000000000000e+01,0.000000000000000000e+00
1.320328712463378906e+01,1.127400588989257812e+01,2.500000000000000000e+01,0.000000000000000000e+00
1.299096012115478516e+01,8.342885017395019531e+00,2.600000000000000000e+01,0.000000000000000000e+00
-2.413331031799316406e+00,4.571348667144775391e+00,1.300000000000000000e+01,0.000000000000000000e+00
1.341489410400390625e+01,7.999711036682128906e+00,9.000000000000000000e+00,0.000000000000000000e+00
1.359943199157714844e+01,7.854330539703369141e+00,2.200000000000000000e+01,0.000000000000000000e+00
1.359379386901855469e+01,7.841626644134521484e+00,2.200000000000000000e+01,0.000000000000000000e+00
1.361527729034423828e+01,7.838680744171142578e+00,2.200000000000000000e+01,0.000000000000000000e+00
1.318671798706054688e+01,1.126666450500488281e+01,2.500000000000000000e+01,0.000000000000000000e+00
-2.443058967590332031e+00,4.545575141906738281e+00,1.300000000000000000e+01,0.000000000000000000e+00
1.114019012451171875e+01,7.244499206542968750e+00,1.400000000000000000e+01,0.000000000000000000e+00
1.377460765838623047e+01,1.049222755432128906e+01,9.000000000000000000e+00,0.000000000000000000e+00
1.117743110656738281e+01,7.262212753295898438e+00,1.400000000000000000e+01,0.000000000000000000e+00
1.279040336608886719e+01,1.084031963348388672e+01,2.900000000000000000e+01,0.000000000000000000e+00
1.295275211334228516e+01,8.512601852416992188e+00,2.600000000000000000e+01,0.000000000000000000e+00
1.278862190246582031e+01,1.087238693237304688e+01,9.000000000000000000e+00,0.000000000000000000e+00
1.278301334381103516e+01,1.056272125244140625e+01,9.000000000000000000e+00,0.000000000000000000e+00
1.275451278686523438e+01,1.083756160736083984e+01,2.900000000000000000e+01,0.000000000000000000e+00
1.027103996276855469e+01,6.987774372100830078e+00,1.400000000000000000e+01,0.000000000000000000e+00
1.272761917114257812e+01,1.082628059387207031e+01,2.900000000000000000e+01,0.000000000000000000e+00
1.262398624420166016e+01,1.083506679534912109e+01,9.000000000000000000e+00,0.000000000000000000e+00
1.035442256927490234e+01,7.015501022338867188e+00,1.400000000000000000e+01,0.000000000000000000e+00
1.276570796966552734e+01,1.083277893066406250e+01,2.900000000000000000e+01,0.000000000000000000e+00
1.358457374572753906e+01,7.816673278808593750e+00,2.200000000000000000e+01,0.000000000000000000e+00
1.294161128997802734e+01,8.591345787048339844e+00,9.000000000000000000e+00,0.000000000000000000e+00
-2.373789548873901367e+00,4.614909172058105469e+00,1.300000000000000000e+01,0.000000000000000000e+00
-2.376280546188354492e+00,4.612111091613769531e+00,1.300000000000000000e+01,0.000000000000000000e+00
1.291685390472412109e+01,8.433363914489746094e+00,2.600000000000000000e+01,0.000000000000000000e+00
1.112905120849609375e+01,7.237256050109863281e+00,1.400000000000000000e+01,0.000000000000000000e+00
1.359892845153808594e+01,7.842453956604003906e+00,2.200000000000000000e+01,0.000000000000000000e+00
1.361232852935791016e+01,7.839035511016845703e+00,2.200000000000000000e+01,0.000000000000000000e+00
5.237626552581787109e+00,2.428510856628417969e+01,1.800000000000000000e+01,0.000000000000000000e+00
5.255288600921630859e+00,2.427007865905761719e+01,1.800000000000000000e+01,0.000000000000000000e+00
1.294406700134277344e+01,2.336883544921875000e+01,1.800000000000000000e+01,0.000000000000000000e+00
1.663215255737304688e+01,1.949351501464843750e+01,1.700000000000000000e+01,0.000000000000000000e+00
-3.442406654357910156e+00,1.806298637390136719e+01,1.500000000000000000e+01,0.000000000000000000e+00
5.247966766357421875e+00,2.427330017089843750e+01,1.800000000000000000e+01,0.000000000000000000e+00
1.288907432556152344e+01,2.333499336242675781e+01,1.800000000000000000e+01,0.000000000000000000e+00
5.245646953582763672e+00,2.427243423461914062e+01,1.800000000000000000e+01,0.000000000000000000e+00
-3.455673694610595703e+00,1.804875564575195312e+01,1.500000000000000000e+01,0.000000000000000000e+00
5.202118396759033203e+00,2.431741523742675781e+01,1.800000000000000000e+01,0.000000000000000000e+00
5.389832496643066406e+00,2.413642501831054688e+01,1.800000000000000000e+01,0.000000000000000000e+00
1.662959671020507812e+01,1.948981857299804688e+01,1.700000000000000000e+01,0.000000000000000000e+00
1.663593864440917969e+01,1.949621582031250000e+01,1.700000000000000000e+01,0.000000000000000000e+00
1.291598129272460938e+01,2.336026954650878906e+01,1.800000000000000000e+01,0.000000000000000000e+00
5.284053802490234375e+00,2.423885536193847656e+01,1.800000000000000000e+01,0.000000000000000000e+00
1.663140869140625000e+01,1.949234962463378906e+01,1.700000000000000000e+01,0.000000000000000000e+00
1.291259574890136719e+01,2.335951805114746094e+01,1.800000000000000000e+01,0.000000000000000000e+00
5.270525455474853516e+00,2.425237655639648438e+01,1.800000000000000000e+01,0.000000000000000000e+00
-3.454621791839599609e+00,1.804832458496093750e+01,1.500000000000000000e+01,0.000000000000000000e+00
1.664133834838867188e+01,1.949870109558105469e+01,1.700000000000000000e+01,0.000000000000000000e+00
1.664798736572265625e+01,1.950963401794433594e+01,1.700000000000000000e+01,0.000000000000000000e+00
1.336224365234375000e+01,2.371372032165527344e+01,1.800000000000000000e+01,0.000000000000000000e+00
5.468824863433837891e+00,2.408417701721191406e+01,1.800000000000000000e+01,0.000000000000000000e+00
-3.446781396865844727e+00,1.805797195434570312e+01,1.500000000000000000e+01,0.000000000000000000e+00
1.658728218078613281e+01,1.943875312805175781e+01,1.700000000000000000e+01,0.000000000000000000e+00
5.384304046630859375e+00,2.414208030700683594e+01,1.800000000000000000e+01,0.000000000000000000e+00
1.289182662963867188e+01,2.334501266479492188e+01,1.800000000000000000e+01,0.000000000000000000e+00
5.384967327117919922e+00,2.413657951354980469e+01,1.800000000000000000e+01,0.000000000000000000e+00
1.291075706481933594e+01,2.336123847961425781e+01,1.800000000000000000e+01,0.000000000000000000e+00
5.300631999969482422e+00,2.422174644470214844e+01,1.800000000000000000e+01,0.000000000000000000e+00
1.663524818420410156e+01,1.949592971801757812e+01,1.700000000000000000e+01,0.000000000000000000e+00
1.290396976470947266e+01,2.335610580444335938e+01,1.800000000000000000e+01,0.000000000000000000e+00
-3.466844558715820312e+00,1.804345703125000000e+01,1.500000000000000000e+01,0.000000000000000000e+00
5.157468795776367188e+00,2.436222457885742188e+01,1.800000000000000000e+01,0.000000000000000000e+00
1.664540863037109375e+01,1.950338172912597656e+01,1.700000000000000000e+01,0.000000000000000000e+00
5.279785633087158203e+00,2.424387359619140625e+01,1.800000000000000000e+01,0.000000000000000000e+00
1.336936950683593750e+01,2.372149658203125000e+01,1.800000000000000000e+01,0.000000000000000000e+00
1.320951080322265625e+01,2.358831214904785156e+01,1.800000000000000000e+01,0.000000000000000000e+00
1.319939899444580078e+01,2.357856559753417969e+01,1.800000000000000000e+01,0.000000000000000000e+00
5.448967456817626953e+00,2.407500267028808594e+01,1.800000000000000000e+01,0.000000000000000000e+00
4.966464042663574219e+00,2.455249786376953125e+01,1.800000000000000000e+01,0.000000000000000000e+00
1.338669967651367188e+01,2.373725318908691406e+01,1.800000000000000000e+01,0.000000000000000000e+00
1.315406990051269531e+01,2.354310226440429688e+01,1.800000000000000000e+01,0.000000000000000000e+00
-3.473720073699951172e+00,1.803116607666015625e+01,1.500000000000000000e+01,0.000000000000000000e+00
5.046411037445068359e+00,2.447302436828613281e+01,1.800000000000000000e+01,0.000000000000000000e+00
1.333908557891845703e+01,2.369117355346679688e+01,1.800000000000000000e+01,0.000000000000000000e+00
1.336924552917480469e+01,2.372029876708984375e+01,1.800000000000000000e+01,0.000000000000000000e+00
1.323316669464111328e+01,2.361043167114257812e+01,1.800000000000000000e+01,0.000000000000000000e+00
-3.420341014862060547e+00,1.808568763732910156e+01,1.500000000000000000e+01,0.000000000000000000e+00
5.001432895660400391e+00,2.451811599731445312e+01,1.800000000000000000e+01,0.000000000000000000e+00
5.233259201049804688e+00,2.428676605224609375e+01,1.800000000000000000e+01,0.000000000000000000e+00
5.440211296081542969e+00,2.408348464965820312e+01,1.800000000000000000e+01,0.000000000000000000e+00
1.661553192138671875e+01,1.947364234924316406e+01,1.700000000000000000e+01,0.000000000000000000e+00
5.108517646789550781e+00,2.441071891784667969e+01,1.800000000000000000e+01,0.000000000000000000e+00
1.290324878692626953e+01,2.336068344116210938e+01,1.800000000000000000e+01,0.000000000000000000e+00
-3.447805643081665039e+00,1.805559730529785156e+01,1.500000000000000000e+01,0.000000000000000000e+00
5.465213298797607422e+00,2.405982208251953125e+01,1.800000000000000000e+01,0.000000000000000000e+00
1.322421550750732422e+01,2.359960365295410156e+01,1.800000000000000000e+01,0.000000000000000000e+00
5.431957721710205078e+00,2.406488609313964844e+01,1.800000000000000000e+01,0.000000000000000000e+00
5.476170539855957031e+00,2.404664611816406250e+01,1.800000000000000000e+01,0.000000000000000000e+00
5.307612895965576172e+00,2.421817779541015625e+01,1.800000000000000000e+01,0.000000000000000000e+00
-3.435663938522338867e+00,1.807083702087402344e+01,1.500000000000000000e+01,0.000000000000000000e+00
5.498829841613769531e+00,2.403736305236816406e+01,1.800000000000000000e+01,0.000000000000000000e+00
5.200330734252929688e+00,2.431985473632812500e+01,1.800000000000000000e+01,0.000000000000000000e+00
5.187393665313720703e+00,2.433208465576171875e+01,1.800000000000000000e+01,0.000000000000000000e+00
5.188782215118408203e+00,2.433225822448730469e+01,1.800000000000000000e+01,0.000000000000000000e+00
5.038947582244873047e+00,2.448021507263183594e+01,1.800000000000000000e+01,0.000000000000000000e+00
5.436954021453857422e+00,2.408563613891601562e+01,1.800000000000000000e+01,0.000000000000000000e+00
5.114952564239501953e+00,2.440418052673339844e+01,1.800000000000000000e+01,0.000000000000000000e+00
-3.416728258132934570e+00,1.808985519409179688e+01,1.500000000000000000e+01,0.000000000000000000e+00
5.235880374908447266e+00,2.428421020507812500e+01,1.800000000000000000e+01,0.000000000000000000e+00
1.316950416564941406e+01,2.354958152770996094e+01,1.800000000000000000e+01,0.000000000000000000e+00
5.284471035003662109e+00,2.424257850646972656e+01,1.800000000000000000e+01,0.000000000000000000e+00
-3.434613227844238281e+00,1.807204246520996094e+01,1.500000000000000000e+01,0.000000000000000000e+00
5.264622211456298828e+00,2.425925445556640625e+01,1.800000000000000000e+01,0.000000000000000000e+00
5.237857818603515625e+00,2.428205299377441406e+01,1.800000000000000000e+01,0.000000000000000000e+00
5.250849246978759766e+00,2.426996994018554688e+01,1.800000000000000000e+01,0.000000000000000000e+00
5.353403568267822266e+00,2.416800880432128906e+01,1.800000000000000000e+01,0.000000000000000000e+00
5.281998157501220703e+00,2.424292564392089844e+01,1.800000000000000000e+01,0.000000000000000000e+00
-3.468517780303955078e+00,1.803173065185546875e+01,1.500000000000000000e+01,0.000000000000000000e+00
4.989150524139404297e+00,2.453031349182128906e+01,1.800000000000000000e+01,0.000000000000000000e+00
5.206569671630859375e+00,2.431315994262695312e+01,1.800000000000000000e+01,0.000000000000000000e+00
-3.437409162521362305e+00,1.806442070007324219e+01,1.500000000000000000e+01,0.000000000000000000e+00
-3.442189455032348633e+00,1.806324195861816406e+01,1.500000000000000000e+01,0.000000000000000000e+00
1.660520744323730469e+01,1.946419143676757812e+01,1.700000000000000000e+01,0.000000000000000000e+00
5.015829563140869141e+00,2.450381278991699219e+01,1.800000000000000000e+01,0.000000000000000000e+00
5.393957614898681641e+00,2.412851333618164062e+01,1.800000000000000000e+01,0.000000000000000000e+00
1.335007095336914062e+01,2.370417976379394531e+01,1.800000000000000000e+01,0.000000000000000000e+00
5.237347126007080078e+00,2.428462409973144531e+01,1.800000000000000000e+01,0.000000000000000000e+00
1.334265232086181641e+01,2.369678688049316406e+01,1.800000000000000000e+01,0.000000000000000000e+00
5.431032180786132812e+00,2.409480285644531250e+01,1.800000000000000000e+01,0.000000000000000000e+00
5.190798282623291016e+00,2.432822799682617188e+01,1.800000000000000000e+01,0.000000000000000000e+00
-3.435611963272094727e+00,1.807033348083496094e+01,1.500000000000000000e+01,0.000000000000000000e+00
1.334693431854248047e+01,2.370119857788085938e+01,1.800000000000000000e+01,0.000000000000000000e+00
5.251009941101074219e+00,2.427093887329101562e+01,1.800000000000000000e+01,0.000000000000000000e+00
5.244025707244873047e+00,2.427889442443847656e+01,1.800000000000000000e+01,0.000000000000000000e+00
5.181853771209716797e+00,2.433767318725585938e+01,1.800000000000000000e+01,0.000000000000000000e+00
-3.453653573989868164e+00,1.805224227905273438e+01,1.500000000000000000e+01,0.000000000000000000e+00
1.339400768280029297e+01,2.374241065979003906e+01,1.800000000000000000e+01,0.000000000000000000e+00
1.292286109924316406e+01,2.336684989929199219e+01,1.800000000000000000e+01,0.000000000000000000e+00
1.294303512573242188e+01,2.338245964050292969e+01,1.800000000000000000e+01,0.000000000000000000e+00
5.384712219238281250e+00,2.413677215576171875e+01,1.800000000000000000e+01,0.000000000000000000e+00
-3.454684734344482422e+00,1.804709625244140625e+01,1.500000000000000000e+01,0.000000000000000000e+00
-3.455434799194335938e+00,1.805004501342773438e+01,1.500000000000000000e+01,0.000000000000000000e+00
-3.458342790603637695e+00,1.804364013671875000e+01,1.500000000000000000e+01,0.000000000000000000e+00
5.262895584106445312e+00,2.426110458374023438e+01,1.800000000000000000e+01,0.000000000000000000e+00
1.338956546783447266e+01,2.373918914794921875e+01,1.800000000000000000e+01,0.000000000000000000e+00
-3.432497262954711914e+00,1.807371711730957031e+01,1.500000000000000000e+01,0.000000000000000000e+00
1.318603324890136719e+01,2.357178306579589844e+01,1.800000000000000000e+01,0.000000000000000000e+00
4.973564147949218750e+00,2.454575538635253906e+01,1.800000000000000000e+01,0.000000000000000000e+00
5.443889617919921875e+00,2.408153343200683594e+01,1.800000000000000000e+01,0.000000000000000000e+00
-3.451261281967163086e+00,1.805402946472167969e+01,1.500000000000000000e+01,0.000000000000000000e+00
-3.453221559524536133e+00,1.805033683776855469e+01,1.500000000000000000e+01,0.000000000000000000e+00
1.290311431884765625e+01,2.335156822204589844e+01,1.800000000000000000e+01,0.000000000000000000e+00
1.287282657623291016e+01,2.337631988525390625e+01,1.800000000000000000e+01,0.000000000000000000e+00
5.178139686584472656e+00,2.434093856811523438e+01,1.800000000000000000e+01,0.000000000000000000e+00
-3.456033468246459961e+00,1.804651069641113281e+01,1.500000000000000000e+01,0.000000000000000000e+00
1.663598251342773438e+01,1.949690437316894531e+01,1.700000000000000000e+01,0.000000000000000000e+00
1.323464202880859375e+01,2.361280059814453125e+01,1.800000000000000000e+01,0.000000000000000000e+00
5.403297424316406250e+00,2.412318611145019531e+01,1.800000000000000000e+01,0.000000000000000000e+00
1.291329193115234375e+01,2.336084938049316406e+01,1.800000000000000000e+01,0.000000000000000000e+00
1.663052558898925781e+01,1.949231338500976562e+01,1.700000000000000000e+01,0.000000000000000000e+00
5.477045536041259766e+00,2.406059074401855469e+01,1.800000000000000000e+01,0.000000000000000000e+00
5.242025852203369141e+00,2.427929687500000000e+01,1.800000000000000000e+01,0.000000000000000000e+00
-3.440584659576416016e+00,1.806332778930664062e+01,1.500000000000000000e+01,0.000000000000000000e+00
-3.453087806701660156e+00,1.805091285705566406e+01,1.500000000000000000e+01,0.000000000000000000e+00
5.226419925689697266e+00,2.429502296447753906e+01,1.800000000000000000e+01,0.000000000000000000e+00
1.663503456115722656e+01,1.949510574340820312e+01,1.700000000000000000e+01,0.000000000000000000e+00
5.250645160675048828e+00,2.427013969421386719e+01,1.800000000000000000e+01,0.000000000000000000e+00
4.984142780303955078e+00,2.453517341613769531e+01,1.800000000000000000e+01,0.000000000000000000e+00
5.437396526336669922e+00,2.409106445312500000e+01,1.800000000000000000e+01,0.000000000000000000e+00
1.663442611694335938e+01,1.949247550964355469e+01,1.700000000000000000e+01,0.000000000000000000e+00
1.321462059020996094e+01,2.359310913085937500e+01,1.800000000000000000e+01,0.000000000000000000e+00
1.662758827209472656e+01,1.948607254028320312e+01,1.700000000000000000e+01,0.000000000000000000e+00
-3.479996204376220703e+00,1.802466773986816406e+01,1.500000000000000000e+01,0.000000000000000000e+00
1.663139724731445312e+01,1.949104690551757812e+01,1.700000000000000000e+01,0.000000000000000000e+00
1.331731033325195312e+01,2.367775535583496094e+01,1.800000000000000000e+01,0.000000000000000000e+00
1.338244915008544922e+01,2.373300552368164062e+01,1.800000000000000000e+01,0.000000000000000000e+00
5.199993610382080078e+00,2.431872367858886719e+01,1.800000000000000000e+01,0.000000000000000000e+00
5.446481227874755859e+00,2.407995414733886719e+01,1.800000000000000000e+01,0.000000000000000000e+00
4.989161968231201172e+00,2.453033828735351562e+01,1.800000000000000000e+01,0.000000000000000000e+00
1.662095642089843750e+01,1.947974586486816406e+01,1.700000000000000000e+01,0.000000000000000000e+00
1.663280677795410156e+01,1.949275207519531250e+01,1.700000000000000000e+01,0.000000000000000000e+00
-3.428965091705322266e+00,1.808246421813964844e+01,1.500000000000000000e+01,0.000000000000000000e+00
-3.432527542114257812e+00,1.807260894775390625e+01,1.500000000000000000e+01,0.000000000000000000e+00
5.464038372039794922e+00,2.407024002075195312e+01,1.800000000000000000e+01,0.000000000000000000e+00
5.451874256134033203e+00,2.408071708679199219e+01,1.800000000000000000e+01,0.000000000000000000e+00
-3.443177700042724609e+00,1.806888389587402344e+01,1.500000000000000000e+01,0.000000000000000000e+00
5.278086185455322266e+00,2.424374389648437500e+01,1.800000000000000000e+01,0.000000000000000000e+00
1.292709350585937500e+01,2.337051582336425781e+01,1.800000000000000000e+01,0.000000000000000000e+00
5.025244712829589844e+00,2.449428939819335938e+01,1.800000000000000000e+01,0.000000000000000000e+00
1.784902191162109375e+01,1.046486663818359375e+01,9.000000000000000000e+00,0.000000000000000000e+00
5.471101284027099609e+00,2.406391906738281250e+01,1.800000000000000000e+01,0.000000000000000000e+00
-3.430244922637939453e+00,1.807561683654785156e+01,1.500000000000000000e+01,0.000000000000000000e+00
5.455344676971435547e+00,2.407822418212890625e+01,1.800000000000000000e+01,0.000000000000000000e+00
1.663510513305664062e+01,1.949561882019042969e+01,1.700000000000000000e+01,0.000000000000000000e+00
5.006987094879150391e+00,2.451243591308593750e+01,1.800000000000000000e+01,0.000000000000000000e+00
1.664842033386230469e+01,1.951058387756347656e+01,1.700000000000000000e+01,0.000000000000000000e+00
5.394614219665527344e+00,2.413063621520996094e+01,1.800000000000000000e+01,0.000000000000000000e+00
5.450847625732421875e+00,2.407624816894531250e+01,1.800000000000000000e+01,0.000000000000000000e+00
5.232141494750976562e+00,2.428966903686523438e+01,1.800000000000000000e+01,0.000000000000000000e+00
5.280550956726074219e+00,2.424344825744628906e+01,1.800000000000000000e+01,0.000000000000000000e+00
5.239257812500000000e+00,2.428384780883789062e+01,1.800000000000000000e+01,0.000000000000000000e+00
5.132005214691162109e+00,2.438736724853515625e+01,1.800000000000000000e+01,0.000000000000000000e+00
5.219974517822265625e+00,2.430011749267578125e+01,1.800000000000000000e+01,0.000000000000000000e+00
5.195552825927734375e+00,2.432397842407226562e+01,1.800000000000000000e+01,0.000000000000000000e+00
1.335072040557861328e+01,2.370368957519531250e+01,1.800000000000000000e+01,0.000000000000000000e+00
1.292718219757080078e+01,2.334935760498046875e+01,1.800000000000000000e+01,0.000000000000000000e+00
1.339572620391845703e+01,2.374772644042968750e+01,1.800000000000000000e+01,0.000000000000000000e+00
1.333411598205566406e+01,2.369009590148925781e+01,1.800000000000000000e+01,0.000000000000000000e+00
5.474211215972900391e+00,2.405793571472167969e+01,1.800000000000000000e+01,0.000000000000000000e+00
1.663545417785644531e+01,1.949679946899414062e+01,1.700000000000000000e+01,0.000000000000000000e+00
5.257101058959960938e+00,2.426866531372070312e+01,1.800000000000000000e+01,0.000000000000000000e+00
1.664968872070312500e+01,1.951088714599609375e+01,1.700000000000000000e+01,0.000000000000000000e+00
-3.452955245971679688e+00,1.805173873901367188e+01,1.500000000000000000e+01,0.000000000000000000e+00
1.339309120178222656e+01,2.374230957031250000e+01,1.800000000000000000e+01,0.000000000000000000e+00
1.337452602386474609e+01,2.372609329223632812e+01,1.800000000000000000e+01,0.000000000000000000e+00
1.337675189971923828e+01,2.372728347778320312e+01,1.800000000000000000e+01,0.000000000000000000e+00
1.321419334411621094e+01,2.359220695495605469e+01,1.800000000000000000e+01,0.000000000000000000e+00
-3.447424173355102539e+00,1.805999565124511719e+01,1.500000000000000000e+01,0.000000000000000000e+00
4.983841896057128906e+00,2.453540992736816406e+01,1.800000000000000000e+01,0.000000000000000000e+00
1.289262580871582031e+01,2.335312843322753906e+01,1.800000000000000000e+01,0.000000000000000000e+00
4.963623523712158203e+00,2.455564880371093750e+01,1.800000000000000000e+01,0.000000000000000000e+00
5.135412216186523438e+00,2.438478088378906250e+01,1.800000000000000000e+01,0.000000000000000000e+00
-3.454246044158935547e+00,1.804754066467285156e+01,1.500000000000000000e+01,0.000000000000000000e+00
1.290221118927001953e+01,2.335154724121093750e+01,1.800000000000000000e+01,0.000000000000000000e+00
1.661836051940917969e+01,1.947729492187500000e+01,1.700000000000000000e+01,0.000000000000000000e+00
5.091753959655761719e+00,2.442775726318359375e+01,1.800000000000000000e+01,0.000000000000000000e+00
-3.489782571792602539e+00,1.801616859436035156e+01,1.500000000000000000e+01,0.000000000000000000e+00
5.434353828430175781e+00,2.409168815612792969e+01,1.800000000000000000e+01,0.000000000000000000e+00
-3.427979707717895508e+00,1.807694625854492188e+01,1.500000000000000000e+01,0.000000000000000000e+00
1.663041496276855469e+01,1.949139213562011719e+01,1.700000000000000000e+01,0.000000000000000000e+00
4.997957229614257812e+00,2.452149200439453125e+01,1.800000000000000000e+01,0.000000000000000000e+00
1.316751575469970703e+01,2.355969619750976562e+01,1.800000000000000000e+01,0.000000000000000000e+00
5.093717575073242188e+00,2.442518234252929688e+01,1.800000000000000000e+01,0.000000000000000000e+00
1.327578830718994141e+01,2.364362716674804688e+01,1.800000000000000000e+01,0.000000000000000000e+00
1.334700107574462891e+01,2.370313644409179688e+01,1.800000000000000000e+01,0.000000000000000000e+00
5.023639678955078125e+00,2.449630165100097656e+01,1.800000000000000000e+01,0.000000000000000000e+00
1.662762451171875000e+01,1.948879051208496094e+01,1.700000000000000000e+01,0.000000000000000000e+00
5.377308368682861328e+00,2.414517974853515625e+01,1.800000000000000000e+01,0.000000000000000000e+00
1.662770843505859375e+01,1.948859214782714844e+01,1.700000000000000000e+01,0.000000000000000000e+00
-3.442712545394897461e+00,1.806361770629882812e+01,1.500000000000000000e+01,0.000000000000000000e+00
-3.435119152069091797e+00,1.807215118408203125e+01,1.500000000000000000e+01,0.000000000000000000e+00
1.662568664550781250e+01,1.948597145080566406e+01,1.700000000000000000e+01,0.000000000000000000e+00
1.318379878997802734e+01,2.356597328186035156e+01,1.800000000000000000e+01,0.000000000000000000e+00
1.662983894348144531e+01,1.949039077758789062e+01,1.700000000000000000e+01,0.000000000000000000e+00
1.315077781677246094e+01,2.354230880737304688e+01,1.800000000000000000e+01,0.000000000000000000e+00
1.663218498229980469e+01,1.949180984497070312e+01,1.700000000000000000e+01,0.000000000000000000e+00
1.317334938049316406e+01,2.355678558349609375e+01,1.800000000000000000e+01,0.000000000000000000e+00
5.401481628417968750e+00,2.413676834106445312e+01,1.800000000000000000e+01,0.000000000000000000e+00
1.689092063903808594e+01,-1.163746070861816406e+01,9.000000000000000000e+00,0.000000000000000000e+00
1.676469039916992188e+01,-1.170027351379394531e+01,1.000000000000000000e+01,0.000000000000000000e+00
1.624304580688476562e+01,-1.152223110198974609e+01,1.000000000000000000e+01,0.000000000000000000e+00
1.660390090942382812e+01,-1.166310787200927734e+01,1.000000000000000000e+01,0.000000000000000000e+00
1.634716224670410156e+01,-1.157426738739013672e+01,1.000000000000000000e+01,0.000000000000000000e+00
1.678927040100097656e+01,-1.176060962677001953e+01,1.000000000000000000e+01,0.000000000000000000e+00
1.676320457458496094e+01,-1.175733375549316406e+01,1.000000000000000000e+01,0.000000000000000000e+00
1.701678657531738281e+01,-1.171963882446289062e+01,1.000000000000000000e+01,0.000000000000000000e+00
1.543661594390869141e+01,-1.112986469268798828e+01,1.000000000000000000e+01,0.000000000000000000e+00
1.526912784576416016e+01,-1.101824665069580078e+01,1.000000000000000000e+01,0.000000000000000000e+00
1.600057983398437500e+01,-1.140752983093261719e+01,1.000000000000000000e+01,0.000000000000000000e+00
1.528181552886962891e+01,-1.102457714080810547e+01,1.000000000000000000e+01,0.000000000000000000e+00
1.553971767425537109e+01,-1.118479347229003906e+01,1.000000000000000000e+01,0.000000000000000000e+00
1.607946205139160156e+01,-1.144514369964599609e+01,1.000000000000000000e+01,0.000000000000000000e+00
1.525185585021972656e+01,-1.100326156616210938e+01,1.000000000000000000e+01,0.000000000000000000e+00
1.664946746826171875e+01,-1.168235588073730469e+01,9.000000000000000000e+00,0.000000000000000000e+00
1.636746025085449219e+01,-1.157597255706787109e+01,1.000000000000000000e+01,0.000000000000000000e+00
1.678547286987304688e+01,-1.165781021118164062e+01,9.000000000000000000e+00,0.000000000000000000e+00
1.683373641967773438e+01,-1.179152870178222656e+01,1.000000000000000000e+01,0.000000000000000000e+00
1.650099945068359375e+01,-1.165384578704833984e+01,1.000000000000000000e+01,0.000000000000000000e+00
1.614989852905273438e+01,-1.148690319061279297e+01,1.000000000000000000e+01,0.000000000000000000e+00
1.538520908355712891e+01,-1.108759689331054688e+01,1.000000000000000000e+01,0.000000000000000000e+00
1.533306598663330078e+01,-1.105777645111083984e+01,1.000000000000000000e+01,0.000000000000000000e+00
1.552834415435791016e+01,-1.118192481994628906e+01,1.000000000000000000e+01,0.000000000000000000e+00
1.662778091430664062e+01,-1.163707542419433594e+01,1.000000000000000000e+01,0.000000000000000000e+00
1.703944015502929688e+01,-1.169645690917968750e+01,1.000000000000000000e+01,0.000000000000000000e+00
1.524828243255615234e+01,-1.099879646301269531e+01,1.000000000000000000e+01,0.000000000000000000e+00
1.595293521881103516e+01,-1.136577320098876953e+01,9.000000000000000000e+00,0.000000000000000000e+00
1.592779922485351562e+01,-1.137335681915283203e+01,1.000000000000000000e+01,0.000000000000000000e+00
1.557002258300781250e+01,-1.120461273193359375e+01,1.000000000000000000e+01,0.000000000000000000e+00
1.557102298736572266e+01,-1.121068191528320312e+01,9.000000000000000000e+00,0.000000000000000000e+00
1.667793846130371094e+01,-1.170826435089111328e+01,1.000000000000000000e+01,0.000000000000000000e+00
1.525047874450683594e+01,-1.100159645080566406e+01,1.000000000000000000e+01,0.000000000000000000e+00
1.678847122192382812e+01,-1.175364112854003906e+01,1.000000000000000000e+01,0.000000000000000000e+00
1.676457595825195312e+01,-1.177964687347412109e+01,1.000000000000000000e+01,0.000000000000000000e+00
1.530316925048828125e+01,-1.104072475433349609e+01,1.000000000000000000e+01,0.000000000000000000e+00
1.649416732788085938e+01,-1.164023399353027344e+01,1.000000000000000000e+01,0.000000000000000000e+00
1.667705345153808594e+01,-1.165839195251464844e+01,1.000000000000000000e+01,0.000000000000000000e+00
1.674478340148925781e+01,-1.169303226470947266e+01,1.000000000000000000e+01,0.000000000000000000e+00
1.678050422668457031e+01,-1.173589324951171875e+01,9.000000000000000000e+00,0.000000000000000000e+00
1.664352607727050781e+01,-1.170753383636474609e+01,1.000000000000000000e+01,0.000000000000000000e+00
1.685304069519042969e+01,-1.182387638092041016e+01,1.000000000000000000e+01,0.000000000000000000e+00
1.622821998596191406e+01,-1.152221965789794922e+01,1.000000000000000000e+01,0.000000000000000000e+00
1.647529983520507812e+01,-1.163071727752685547e+01,1.000000000000000000e+01,0.000000000000000000e+00
1.623044586181640625e+01,-1.151923179626464844e+01,9.000000000000000000e+00,0.000000000000000000e+00
1.687858581542968750e+01,-1.166385078430175781e+01,1.000000000000000000e+01,0.000000000000000000e+00
1.605273628234863281e+01,-1.143239307403564453e+01,1.000000000000000000e+01,0.000000000000000000e+00
1.531341648101806641e+01,-1.104197978973388672e+01,1.000000000000000000e+01,0.000000000000000000e+00
1.589693355560302734e+01,-1.135724163055419922e+01,1.000000000000000000e+01,0.000000000000000000e+00
1.561975288391113281e+01,-1.122541999816894531e+01,1.000000000000000000e+01,0.000000000000000000e+00
1.652531623840332031e+01,-1.162234115600585938e+01,9.000000000000000000e+00,0.000000000000000000e+00
1.682687950134277344e+01,-1.170993041992187500e+01,1.000000000000000000e+01,0.000000000000000000e+00
1.525594043731689453e+01,-1.100542449951171875e+01,1.000000000000000000e+01,0.000000000000000000e+00
1.664737892150878906e+01,-1.168726539611816406e+01,1.000000000000000000e+01,0.000000000000000000e+00
1.588577842712402344e+01,-1.134215354919433594e+01,1.000000000000000000e+01,0.000000000000000000e+00
1.647673606872558594e+01,-1.160873317718505859e+01,1.000000000000000000e+01,0.000000000000000000e+00
1.675571060180664062e+01,-1.173962974548339844e+01,1.000000000000000000e+01,0.000000000000000000e+00
1.674162101745605469e+01,-1.167556858062744141e+01,1.000000000000000000e+01,0.000000000000000000e+00
1.542739295959472656e+01,-1.112239170074462891e+01,1.000000000000000000e+01,0.000000000000000000e+00
1.652796745300292969e+01,-1.163743686676025391e+01,1.000000000000000000e+01,0.000000000000000000e+00
1.524933624267578125e+01,-1.100233745574951172e+01,1.000000000000000000e+01,0.000000000000000000e+00
1.530872631072998047e+01,-1.103799819946289062e+01,9.000000000000000000e+00,0.000000000000000000e+00
1.679818916320800781e+01,-1.174594211578369141e+01,1.000000000000000000e+01,0.000000000000000000e+00
1.670296287536621094e+01,-1.173291397094726562e+01,1.000000000000000000e+01,0.000000000000000000e+00
1.673575592041015625e+01,-1.166954708099365234e+01,1.000000000000000000e+01,0.000000000000000000e+00
1.613649559020996094e+01,-1.147354984283447266e+01,1.000000000000000000e+01,0.000000000000000000e+00
1.523542976379394531e+01,-1.098720932006835938e+01,1.000000000000000000e+01,0.000000000000000000e+00
1.691455650329589844e+01,-1.176429271697998047e+01,1.000000000000000000e+01,0.000000000000000000e+00
1.683357620239257812e+01,-1.175130844116210938e+01,9.000000000000000000e+00,0.000000000000000000e+00
1.645834541320800781e+01,-1.165236568450927734e+01,1.000000000000000000e+01,0.000000000000000000e+00
1.597915744781494141e+01,-1.140304946899414062e+01,1.000000000000000000e+01,0.000000000000000000e+00
1.654915046691894531e+01,-1.159527111053466797e+01,1.000000000000000000e+01,0.000000000000000000e+00
1.603549385070800781e+01,-1.142858314514160156e+01,1.000000000000000000e+01,0.000000000000000000e+00
1.523807716369628906e+01,-1.099050521850585938e+01,1.000000000000000000e+01,0.000000000000000000e+00
1.712768363952636719e+01,-1.167204189300537109e+01,9.000000000000000000e+00,0.000000000000000000e+00
1.624365806579589844e+01,-1.152502536773681641e+01,9.000000000000000000e+00,0.000000000000000000e+00
1.606476211547851562e+01,-1.144036769866943359e+01,1.000000000000000000e+01,0.000000000000000000e+00
1.676391601562500000e+01,-1.172749328613281250e+01,1.000000000000000000e+01,0.000000000000000000e+00
1.557768726348876953e+01,-1.120162391662597656e+01,1.000000000000000000e+01,0.000000000000000000e+00
1.661515426635742188e+01,-1.162411975860595703e+01,1.000000000000000000e+01,0.000000000000000000e+00
1.651705741882324219e+01,-1.168130397796630859e+01,1.000000000000000000e+01,0.000000000000000000e+00
1.667372703552246094e+01,-1.174660301208496094e+01,1.000000000000000000e+01,0.000000000000000000e+00
1.527818965911865234e+01,-1.102646636962890625e+01,1.000000000000000000e+01,0.000000000000000000e+00
1.630982780456542969e+01,-1.155684661865234375e+01,1.000000000000000000e+01,0.000000000000000000e+00
1.602724647521972656e+01,-1.141916656494140625e+01,1.000000000000000000e+01,0.000000000000000000e+00
1.671857643127441406e+01,-1.172396755218505859e+01,9.000000000000000000e+00,0.000000000000000000e+00
1.706045532226562500e+01,-1.165771484375000000e+01,9.000000000000000000e+00,0.000000000000000000e+00
1.710737419128417969e+01,-1.168179988861083984e+01,9.000000000000000000e+00,0.000000000000000000e+00
1.571407794952392578e+01,-1.127357196807861328e+01,1.000000000000000000e+01,0.000000000000000000e+00
1.707416343688964844e+01,-1.168000507354736328e+01,9.000000000000000000e+00,0.000000000000000000e+00
1.599393558502197266e+01,-1.140427112579345703e+01,1.000000000000000000e+01,0.000000000000000000e+00
1.587620830535888672e+01,-1.134213066101074219e+01,1.000000000000000000e+01,0.000000000000000000e+00
1.645074272155761719e+01,-1.163591766357421875e+01,1.000000000000000000e+01,0.000000000000000000e+00
1.530047702789306641e+01,-1.103940010070800781e+01,1.000000000000000000e+01,0.000000000000000000e+00
1.681091880798339844e+01,-1.165365028381347656e+01,1.000000000000000000e+01,0.000000000000000000e+00
1.558839988708496094e+01,-1.121203231811523438e+01,1.000000000000000000e+01,0.000000000000000000e+00
1.605519676208496094e+01,-1.144475650787353516e+01,1.000000000000000000e+01,0.000000000000000000e+00
1.674636077880859375e+01,-1.173395156860351562e+01,1.000000000000000000e+01,0.000000000000000000e+00
1.627504348754882812e+01,-1.154688644409179688e+01,1.000000000000000000e+01,0.000000000000000000e+00
1.538720607757568359e+01,-1.109811782836914062e+01,1.000000000000000000e+01,0.000000000000000000e+00
1.661045455932617188e+01,-1.164280986785888672e+01,1.000000000000000000e+01,0.000000000000000000e+00
1.586753654479980469e+01,-1.134096145629882812e+01,1.000000000000000000e+01,0.000000000000000000e+00
1.690094375610351562e+01,-1.164210414886474609e+01,1.000000000000000000e+01,0.000000000000000000e+00
1.600959777832031250e+01,-1.141491603851318359e+01,1.000000000000000000e+01,0.000000000000000000e+00
1.607842445373535156e+01,-1.144603824615478516e+01,1.000000000000000000e+01,0.000000000000000000e+00
1.557594394683837891e+01,-1.121193218231201172e+01,1.000000000000000000e+01,0.000000000000000000e+00
1.711951065063476562e+01,-1.166119956970214844e+01,9.000000000000000000e+00,0.000000000000000000e+00
1.656828308105468750e+01,-1.166471576690673828e+01,1.000000000000000000e+01,0.000000000000000000e+00
1.606622695922851562e+01,-1.145087528228759766e+01,1.000000000000000000e+01,0.000000000000000000e+00
1.600601959228515625e+01,-1.140779113769531250e+01,1.000000000000000000e+01,0.000000000000000000e+00
1.673590469360351562e+01,-1.174841499328613281e+01,1.000000000000000000e+01,0.000000000000000000e+00
1.707112121582031250e+01,-1.166788864135742188e+01,1.000000000000000000e+01,0.000000000000000000e+00
1.564527225494384766e+01,-1.123570156097412109e+01,1.000000000000000000e+01,0.000000000000000000e+00
1.549520015716552734e+01,-1.115707015991210938e+01,1.000000000000000000e+01,0.000000000000000000e+00
1.550846576690673828e+01,-1.116454029083251953e+01,1.000000000000000000e+01,0.000000000000000000e+00
1.563781070709228516e+01,-1.123934268951416016e+01,1.000000000000000000e+01,0.000000000000000000e+00
1.655215072631835938e+01,-1.164100551605224609e+01,9.000000000000000000e+00,0.000000000000000000e+00
1.599767303466796875e+01,-1.140830039978027344e+01,1.000000000000000000e+01,0.000000000000000000e+00
1.698190116882324219e+01,-1.172278118133544922e+01,1.000000000000000000e+01,0.000000000000000000e+00
1.665493965148925781e+01,-1.168745803833007812e+01,1.000000000000000000e+01,0.000000000000000000e+00
1.684702873229980469e+01,-1.175653266906738281e+01,1.000000000000000000e+01,0.000000000000000000e+00
1.707600593566894531e+01,-1.167093181610107422e+01,1.000000000000000000e+01,0.000000000000000000e+00
1.679688835144042969e+01,-1.180038833618164062e+01,1.000000000000000000e+01,0.000000000000000000e+00
1.645251464843750000e+01,-1.163164615631103516e+01,1.000000000000000000e+01,0.000000000000000000e+00
1.526225090026855469e+01,-1.101057338714599609e+01,1.000000000000000000e+01,0.000000000000000000e+00
1.525608921051025391e+01,-1.100791454315185547e+01,1.000000000000000000e+01,0.000000000000000000e+00
1.529590225219726562e+01,-1.103627204895019531e+01,9.000000000000000000e+00,0.000000000000000000e+00
1.625264549255371094e+01,-1.151825237274169922e+01,9.000000000000000000e+00,0.000000000000000000e+00
1.599748611450195312e+01,-1.140781879425048828e+01,9.000000000000000000e+00,0.000000000000000000e+00
1.601150894165039062e+01,-1.141418552398681641e+01,1.000000000000000000e+01,0.000000000000000000e+00
1.707927322387695312e+01,-1.165540409088134766e+01,1.000000000000000000e+01,0.000000000000000000e+00
1.577405071258544922e+01,-1.129683971405029297e+01,1.000000000000000000e+01,0.000000000000000000e+00
1.589753818511962891e+01,-1.135451507568359375e+01,9.000000000000000000e+00,0.000000000000000000e+00
1.578863143920898438e+01,-1.131441402435302734e+01,9.000000000000000000e+00,0.000000000000000000e+00
1.688766860961914062e+01,-1.165884017944335938e+01,9.000000000000000000e+00,0.000000000000000000e+00
1.549635982513427734e+01,-1.116180419921875000e+01,1.000000000000000000e+01,0.000000000000000000e+00
1.525660228729248047e+01,-1.100543880462646484e+01,1.000000000000000000e+01,0.000000000000000000e+00
1.675698852539062500e+01,-1.177915382385253906e+01,1.000000000000000000e+01,0.000000000000000000e+00
1.686909675598144531e+01,-1.167507839202880859e+01,9.000000000000000000e+00,0.000000000000000000e+00
1.702808380126953125e+01,-1.171080303192138672e+01,1.000000000000000000e+01,0.000000000000000000e+00
1.603008842468261719e+01,-1.141770458221435547e+01,1.000000000000000000e+01,0.000000000000000000e+00
1.676423645019531250e+01,-1.166898155212402344e+01,1.000000000000000000e+01,0.000000000000000000e+00
1.646603584289550781e+01,-1.161086845397949219e+01,1.000000000000000000e+01,0.000000000000000000e+00
1.692377662658691406e+01,-1.161921024322509766e+01,9.000000000000000000e+00,0.000000000000000000e+00
1.609866905212402344e+01,-1.145420932769775391e+01,9.000000000000000000e+00,0.000000000000000000e+00
1.651821136474609375e+01,-1.162292766571044922e+01,1.000000000000000000e+01,0.000000000000000000e+00
1.677030944824218750e+01,-1.172083377838134766e+01,1.000000000000000000e+01,0.000000000000000000e+00
1.707887268066406250e+01,-1.167542362213134766e+01,1.000000000000000000e+01,0.000000000000000000e+00
1.561786746978759766e+01,-1.122717285156250000e+01,9.000000000000000000e+00,0.000000000000000000e+00
1.593158817291259766e+01,-1.136688613891601562e+01,1.000000000000000000e+01,0.000000000000000000e+00
1.687331771850585938e+01,-1.178819370269775391e+01,1.000000000000000000e+01,0.000000000000000000e+00
1.680170631408691406e+01,-1.164998912811279297e+01,1.000000000000000000e+01,0.000000000000000000e+00
1.681596374511718750e+01,-1.180116748809814453e+01,1.000000000000000000e+01,0.000000000000000000e+00
1.671250915527343750e+01,-1.168113231658935547e+01,1.000000000000000000e+01,0.000000000000000000e+00
1.677769279479980469e+01,-1.177861976623535156e+01,1.000000000000000000e+01,0.000000000000000000e+00
1.699220275878906250e+01,-1.170798206329345703e+01,1.000000000000000000e+01,0.000000000000000000e+00
1.705673027038574219e+01,-1.169200325012207031e+01,1.000000000000000000e+01,0.000000000000000000e+00
1.671998405456542969e+01,-1.176267910003662109e+01,1.000000000000000000e+01,0.000000000000000000e+00
1.560280799865722656e+01,-1.123010540008544922e+01,1.000000000000000000e+01,0.000000000000000000e+00
1.531881809234619141e+01,-1.105003452301025391e+01,1.000000000000000000e+01,0.000000000000000000e+00
1.690618515014648438e+01,-1.177727031707763672e+01,1.000000000000000000e+01,0.000000000000000000e+00
1.701354980468750000e+01,-1.166460704803466797e+01,1.000000000000000000e+01,0.000000000000000000e+00
1.664562797546386719e+01,-1.168642520904541016e+01,1.000000000000000000e+01,0.000000000000000000e+00
1.555237674713134766e+01,-1.119226455688476562e+01,1.000000000000000000e+01,0.000000000000000000e+00
1.679106330871582031e+01,-1.176479339599609375e+01,1.000000000000000000e+01,0.000000000000000000e+00
1.594868564605712891e+01,-1.137173271179199219e+01,1.000000000000000000e+01,0.000000000000000000e+00
1.564072990417480469e+01,-1.123449230194091797e+01,1.000000000000000000e+01,0.000000000000000000e+00
1.706299591064453125e+01,-1.169563102722167969e+01,1.000000000000000000e+01,0.000000000000000000e+00
1.524777126312255859e+01,-1.099920368194580078e+01,1.000000000000000000e+01,0.000000000000000000e+00
1.576574611663818359e+01,-1.129757976531982422e+01,9.000000000000000000e+00,0.000000000000000000e+00
1.686383438110351562e+01,-1.179798984527587891e+01,1.000000000000000000e+01,0.000000000000000000e+00
1.533959102630615234e+01,-1.106988334655761719e+01,9.000000000000000000e+00,0.000000000000000000e+00
2.650985002517700195e+00,2.123925924301147461e+00,9.000000000000000000e+00,0.000000000000000000e+00
1.604893493652343750e+01,-1.142265605926513672e+01,1.000000000000000000e+01,0.000000000000000000e+00
1.686221504211425781e+01,-1.177852821350097656e+01,1.000000000000000000e+01,0.000000000000000000e+00
1.704351997375488281e+01,-1.169335746765136719e+01,9.000000000000000000e+00,0.000000000000000000e+00
1.672442054748535156e+01,-1.174445629119873047e+01,9.000000000000000000e+00,0.000000000000000000e+00
1.549215698242187500e+01,-1.116396331787109375e+01,1.000000000000000000e+01,0.000000000000000000e+00
1.675510597229003906e+01,-1.171632194519042969e+01,1.000000000000000000e+01,0.000000000000000000e+00
1.529926586151123047e+01,-1.103746509552001953e+01,1.000000000000000000e+01,0.000000000000000000e+00
1.687903022766113281e+01,-1.179546070098876953e+01,1.000000000000000000e+01,0.000000000000000000e+00
1.679244232177734375e+01,-1.167758178710937500e+01,1.000000000000000000e+01,0.000000000000000000e+00
1.673825645446777344e+01,-1.168879795074462891e+01,9.000000000000000000e+00,0.000000000000000000e+00
1.668866539001464844e+01,-1.172002124786376953e+01,1.000000000000000000e+01,0.000000000000000000e+00
1.525615787506103516e+01,-1.100724411010742188e+01,1.000000000000000000e+01,0.000000000000000000e+00
1.591118431091308594e+01,-1.136040019989013672e+01,1.000000000000000000e+01,0.000000000000000000e+00
1.681038856506347656e+01,-1.176983070373535156e+01,1.000000000000000000e+01,0.000000000000000000e+00
1.539205455780029297e+01,-1.109977436065673828e+01,1.000000000000000000e+01,0.000000000000000000e+00
1.543330955505371094e+01,-1.111960506439208984e+01,1.000000000000000000e+01,0.000000000000000000e+00
1.600024223327636719e+01,-1.140606021881103516e+01,9.000000000000000000e+00,0.000000000000000000e+00
1.710039329528808594e+01,-1.170342159271240234e+01,9.000000000000000000e+00,0.000000000000000000e+00
1.685104179382324219e+01,-1.164300155639648438e+01,1.000000000000000000e+01,0.000000000000000000e+00
1.708292388916015625e+01,-1.167748165130615234e+01,9.000000000000000000e+00,0.000000000000000000e+00
1.526951599121093750e+01,-1.101570510864257812e+01,9.000000000000000000e+00,0.000000000000000000e+00
1.677509880065917969e+01,-1.178633594512939453e+01,9.000000000000000000e+00,0.000000000000000000e+00
1.680625724792480469e+01,-1.166195106506347656e+01,1.000000000000000000e+01,0.000000000000000000e+00
1.609149932861328125e+01,-1.144791698455810547e+01,1.000000000000000000e+01,0.000000000000000000e+00
1.042541027069091797e+01,-1.177758598327636719e+01,9.000000000000000000e+00,0.000000000000000000e+00
1.690119361877441406e+01,-1.164217567443847656e+01,1.000000000000000000e+01,0.000000000000000000e+00
1.707212066650390625e+01,-1.167913532257080078e+01,9.000000000000000000e+00,0.000000000000000000e+00
1.539750957489013672e+01,-1.109785556793212891e+01,1.000000000000000000e+01,0.000000000000000000e+00
1.680911636352539062e+01,-1.180358219146728516e+01,9.000000000000000000e+00,0.000000000000000000e+00
1.674766540527343750e+01,-1.172813510894775391e+01,1.000000000000000000e+01,0.000000000000000000e+00
1.640506172180175781e+01,-1.160466766357421875e+01,1.000000000000000000e+01,0.000000000000000000e+00
1.596942520141601562e+01,-1.139197921752929688e+01,1.000000000000000000e+01,0.000000000000000000e+00
1.551205253601074219e+01,-1.117241954803466797e+01,1.000000000000000000e+01,0.000000000000000000e+00
1.524535846710205078e+01,-1.099504852294921875e+01,1.000000000000000000e+01,0.000000000000000000e+00
1.593221950531005859e+01,-1.136786842346191406e+01,1.000000000000000000e+01,0.000000000000000000e+00
1.591265487670898438e+01,-1.134754943847656250e+01,1.000000000000000000e+01,0.000000000000000000e+00
1.664994621276855469e+01,-1.167999458312988281e+01,1.000000000000000000e+01,0.000000000000000000e+00
4.989159107208251953e+00,4.630078971385955811e-01,9.000000000000000000e+00,0.000000000000000000e+00
4.366201400756835938e+00,7.337153553962707520e-01,9.000000000000000000e+00,0.000000000000000000e+00
3.633247852325439453e+00,1.030973553657531738e+00,9.000000000000000000e+00,0.000000000000000000e+00
4.212562084197998047e+00,1.865960508584976196e-01,9.000000000000000000e+00,0.000000000000000000e+00
3.920978546142578125e+00,5.854039788246154785e-01,9.000000000000000000e+00,0.000000000000000000e+00
4.443049430847167969e+00,-2.057451568543910980e-02,9.000000000000000000e+00,0.000000000000000000e+00
3.775927543640136719e+00,8.300193548202514648e-01,9.000000000000000000e+00,0.000000000000000000e+00
4.616981506347656250e+00,-4.972842335700988770e-02,9.000000000000000000e+00,0.000000000000000000e+00
4.786868095397949219e+00,3.875491619110107422e-01,9.000000000000000000e+00,0.000000000000000000e+00
4.687407016754150391e+00,5.236203074455261230e-01,9.000000000000000000e+00,0.000000000000000000e+00
4.540020465850830078e+00,7.551581859588623047e-01,9.000000000000000000e+00,0.000000000000000000e+00
4.563020706176757812e+00,-5.151584371924400330e-02,9.000000000000000000e+00,0.000000000000000000e+00
4.909629344940185547e+00,4.206905066967010498e-01,1.100000000000000000e+01,0.000000000000000000e+00
3.916453123092651367e+00,9.239076972007751465e-01,9.000000000000000000e+00,0.000000000000000000e+00
6.053665637969970703e+00,4.469334781169891357e-01,9.000000000000000000e+00,0.000000000000000000e+00
4.164484024047851562e+00,2.272402644157409668e-01,9.000000000000000000e+00,0.000000000000000000e+00
4.417268753051757812e+00,6.684585809707641602e-01,9.000000000000000000e+00,0.000000000000000000e+00
4.724033832550048828e+00,7.065752744674682617e-01,9.000000000000000000e+00,0.000000000000000000e+00
4.311342716217041016e+00,7.967997193336486816e-01,9.000000000000000000e+00,0.000000000000000000e+00
4.691084384918212891e+00,6.216230392456054688e-01,9.000000000000000000e+00,0.000000000000000000e+00
4.365920066833496094e+00,8.844929337501525879e-01,9.000000000000000000e+00,0.000000000000000000e+00
4.172460556030273438e+00,6.552768349647521973e-01,9.000000000000000000e+00,0.000000000000000000e+00
3.625211954116821289e+00,1.306302785873413086e+00,9.000000000000000000e+00,0.000000000000000000e+00
4.732151508331298828e+00,6.734595894813537598e-01,9.000000000000000000e+00,0.000000000000000000e+00
4.524844169616699219e+00,3.646085262298583984e-01,9.000000000000000000e+00,0.000000000000000000e+00
4.683531284332275391e+00,1.048786863684654236e-01,9.000000000000000000e+00,0.000000000000000000e+00
3.749786138534545898e+00,8.479871153831481934e-01,9.000000000000000000e+00,0.000000000000000000e+00
4.904428482055664062e+00,4.580701589584350586e-01,1.100000000000000000e+01,0.000000000000000000e+00
4.540256500244140625e+00,1.533916145563125610e-01,9.000000000000000000e+00,0.000000000000000000e+00
4.390891075134277344e+00,6.714300513267517090e-01,9.000000000000000000e+00,0.000000000000000000e+00
5.186144351959228516e+00,4.959959089756011963e-01,9.000000000000000000e+00,0.000000000000000000e+00
4.353073120117187500e+00,7.644197940826416016e-01,9.000000000000000000e+00,0.000000000000000000e+00
4.495950698852539062e+00,7.680293917655944824e-01,9.000000000000000000e+00,0.000000000000000000e+00
4.803385734558105469e+00,8.101860880851745605e-01,9.000000000000000000e+00,0.000000000000000000e+00
4.645159244537353516e+00,1.593134850263595581e-01,9.000000000000000000e+00,0.000000000000000000e+00
4.484752178192138672e+00,7.960782647132873535e-01,9.000000000000000000e+00,0.000000000000000000e+00
4.696572780609130859e+00,-6.230258345603942871e-01,9.000000000000000000e+00,0.000000000000000000e+00
4.634371280670166016e+00,1.425799820572137833e-02,9.000000000000000000e+00,0.000000000000000000e+00
4.500920772552490234e+00,7.808355689048767090e-01,9.000000000000000000e+00,0.000000000000000000e+00
3.720347642898559570e+00,8.796184062957763672e-01,9.000000000000000000e+00,0.000000000000000000e+00
4.863927364349365234e+00,6.570380330085754395e-01,9.000000000000000000e+00,0.000000000000000000e+00
4.201518058776855469e+00,2.391515970230102539e-01,9.000000000000000000e+00,0.000000000000000000e+00
4.372983932495117188e+00,1.753784716129302979e-01,9.000000000000000000e+00,0.000000000000000000e+00
4.567550182342529297e+00,4.024852439761161804e-02,9.000000000000000000e+00,0.000000000000000000e+00
3.808995962142944336e+00,8.823097944259643555e-01,9.000000000000000000e+00,0.000000000000000000e+00
3.891795873641967773e+00,5.647951364517211914e-01,9.000000000000000000e+00,0.000000000000000000e+00
4.588153839111328125e+00,6.856820583343505859e-01,9.000000000000000000e+00,0.000000000000000000e+00
5.014223098754882812e+00,4.647292494773864746e-01,1.100000000000000000e+01,0.000000000000000000e+00
4.565426349639892578e+00,-1.386424526572227478e-02,9.000000000000000000e+00,0.000000000000000000e+00
4.513613224029541016e+00,7.903386950492858887e-01,9.000000000000000000e+00,0.000000000000000000e+00
4.315078735351562500e+00,7.188282012939453125e-01,9.000000000000000000e+00,0.000000000000000000e+00
4.986830234527587891e+00,5.153450965881347656e-01,9.000000000000000000e+00,0.000000000000000000e+00
4.475106239318847656e+00,4.319705069065093994e-01,9.000000000000000000e+00,0.000000000000000000e+00
4.698677062988281250e+00,3.658050000667572021e-01,9.000000000000000000e+00,0.000000000000000000e+00
4.409395694732666016e+00,7.798897624015808105e-01,9.000000000000000000e+00,0.000000000000000000e+00
4.184865474700927734e+00,2.392741441726684570e-01,9.000000000000000000e+00,0.000000000000000000e+00
4.694766521453857422e+00,7.398951053619384766e-02,9.000000000000000000e+00,0.000000000000000000e+00
4.726292133331298828e+00,3.253855556249618530e-02,9.000000000000000000e+00,0.000000000000000000e+00
3.715206623077392578e+00,9.241317510604858398e-01,9.000000000000000000e+00,0.000000000000000000e+00
3.789581775665283203e+00,8.184421658515930176e-01,9.000000000000000000e+00,0.000000000000000000e+00
3.716974735260009766e+00,8.010239005088806152e-01,9.000000000000000000e+00,0.000000000000000000e+00
3.717827320098876953e+00,8.529437184333801270e-01,9.000000000000000000e+00,0.000000000000000000e+00
3.763887405395507812e+00,8.321014642715454102e-01,9.000000000000000000e+00,0.000000000000000000e+00
4.447122573852539062e+00,6.687633395195007324e-01,9.000000000000000000e+00,0.000000000000000000e+00
4.913656234741210938e+00,4.442375004291534424e-01,9.000000000000000000e+00,0.000000000000000000e+00
4.312328338623046875e+00,2.414033003151416779e-02,9.000000000000000000e+00,0.000000000000000000e+00
4.193860530853271484e+00,2.477105110883712769e-01,9.000000000000000000e+00,0.000000000000000000e+00
4.653930187225341797e+00,7.119942307472229004e-01,9.000000000000000000e+00,0.000000000000000000e+00
4.471702098846435547e+00,7.380073070526123047e-01,9.000000000000000000e+00,0.000000000000000000e+00
-1.036646485328674316e+00,9.473834037780761719e-01,9.000000000000000000e+00,0.000000000000000000e+00
4.340317249298095703e+00,8.024346828460693359e-01,9.000000000000000000e+00,0.000000000000000000e+00
2.948635578155517578e+00,-1.962223798036575317e-01,9.000000000000000000e+00,0.000000000000000000e+00
4.975670814514160156e+00,4.404330551624298096e-01,9.000000000000000000e+00,0.000000000000000000e+00
5.142848491668701172e+00,8.999927043914794922e-01,9.000000000000000000e+00,0.000000000000000000e+00
5.100346088409423828e+00,5.796484947204589844e-01,9.000000000000000000e+00,0.000000000000000000e+00
4.257509231567382812e+00,6.946485042572021484e-01,9.000000000000000000e+00,0.000000000000000000e+00
4.625246047973632812e+00,5.310252308845520020e-02,9.000000000000000000e+00,0.000000000000000000e+00
3.774442195892333984e+00,7.758530378341674805e-01,9.000000000000000000e+00,0.000000000000000000e+00
4.634436130523681641e+00,-1.023785695433616638e-01,9.000000000000000000e+00,0.000000000000000000e+00
4.932450294494628906e+00,5.980691909790039062e-01,9.000000000000000000e+00,0.000000000000000000e+00
3.643142938613891602e+00,1.169528961181640625e+00,9.000000000000000000e+00,0.000000000000000000e+00
4.145883560180664062e+00,2.603051662445068359e-01,9.000000000000000000e+00,0.000000000000000000e+00
4.800043582916259766e+00,6.914804577827453613e-01,9.000000000000000000e+00,0.000000000000000000e+00
4.295263290405273438e+00,2.158566713333129883e-01,9.000000000000000000e+00,0.000000000000000000e+00
5.167686939239501953e+00,5.673566460609436035e-01,9.000000000000000000e+00,0.000000000000000000e+00
3.743628740310668945e+00,8.777402639389038086e-01,9.000000000000000000e+00,0.000000000000000000e+00
4.526470184326171875e+00,7.701058387756347656e-01,9.000000000000000000e+00,0.000000000000000000e+00
4.056074142456054688e+00,2.987466752529144287e-01,9.000000000000000000e+00,0.000000000000000000e+00
4.935673713684082031e+00,3.386217653751373291e-01,9.000000000000000000e+00,0.000000000000000000e+00
4.322263717651367188e+00,2.298756539821624756e-01,9.000000000000000000e+00,0.000000000000000000e+00
3.837402582168579102e+00,6.879640221595764160e-01,9.000000000000000000e+00,0.000000000000000000e+00
3.696748733520507812e+00,1.121968030929565430e+00,9.000000000000000000e+00,0.000000000000000000e+00
3.739865303039550781e+00,8.050127029418945312e-01,9.000000000000000000e+00,0.000000000000000000e+00
3.227544069290161133e+00,1.926172673702239990e-01,9.000000000000000000e+00,0.000000000000000000e+00
4.385935306549072266e+00,8.448883891105651855e-01,9.000000000000000000e+00,0.000000000000000000e+00
3.953931808471679688e+00,8.568999171257019043e-01,9.000000000000000000e+00,0.000000000000000000e+00
5.918786525726318359e+00,4.610114693641662598e-01,9.000000000000000000e+00,0.000000000000000000e+00
4.438756942749023438e+00,-1.117721945047378540e-02,9.000000000000000000e+00,0.000000000000000000e+00
5.155900001525878906e+00,5.205771923065185547e-01,9.000000000000000000e+00,0.000000000000000000e+00
5.028573989868164062e+00,5.463271141052246094e-01,9.000000000000000000e+00,0.000000000000000000e+00
4.750617980957031250e+00,6.521137952804565430e-01,9.000000000000000000e+00,0.000000000000000000e+00
4.831127166748046875e+00,5.632703900337219238e-01,9.000000000000000000e+00,0.000000000000000000e+00
4.804176330566406250e+00,6.286641359329223633e-01,9.000000000000000000e+00,0.000000000000000000e+00
4.701228618621826172e+00,7.087637186050415039e-01,9.000000000000000000e+00,0.000000000000000000e+00
4.924525260925292969e+00,5.938457250595092773e-01,9.000000000000000000e+00,0.000000000000000000e+00
3.995946645736694336e+00,6.636819839477539062e-01,9.000000000000000000e+00,0.000000000000000000e+00
4.874676227569580078e+00,4.693269431591033936e-01,1.100000000000000000e+01,0.000000000000000000e+00
4.599946498870849609e+00,-2.726799845695495605e-01,9.000000000000000000e+00,0.000000000000000000e+00
4.502398967742919922e+00,7.995005249977111816e-01,9.000000000000000000e+00,0.000000000000000000e+00
3.974438190460205078e+00,1.110085725784301758e+00,9.000000000000000000e+00,0.000000000000000000e+00
4.658659458160400391e+00,-3.055880591273307800e-02,9.000000000000000000e+00,0.000000000000000000e+00
2.672109365463256836e+00,-3.747063279151916504e-01,9.000000000000000000e+00,0.000000000000000000e+00
4.333738803863525391e+00,6.781649589538574219e-01,9.000000000000000000e+00,0.000000000000000000e+00
4.575545787811279297e+00,7.150393724441528320e-01,9.000000000000000000e+00,0.000000000000000000e+00
4.656146526336669922e+00,5.233067274093627930e-01,9.000000000000000000e+00,0.000000000000000000e+00
4.554384231567382812e+00,5.270977616310119629e-01,9.000000000000000000e+00,0.000000000000000000e+00
4.731007099151611328e+00,1.101201549172401428e-01,9.000000000000000000e+00,0.000000000000000000e+00
5.043655872344970703e+00,5.667806267738342285e-01,9.000000000000000000e+00,0.000000000000000000e+00
4.944437503814697266e+00,3.896293342113494873e-01,9.000000000000000000e+00,0.000000000000000000e+00
4.901202201843261719e+00,4.944394528865814209e-01,9.000000000000000000e+00,0.000000000000000000e+00
3.772063016891479492e+00,8.450485467910766602e-01,9.000000000000000000e+00,0.000000000000000000e+00
4.572823047637939453e+00,-1.843723207712173462e-01,9.000000000000000000e+00,0.000000000000000000e+00
4.647875785827636719e+00,1.114231720566749573e-02,9.000000000000000000e+00,0.000000000000000000e+00
4.632140636444091797e+00,6.556486487388610840e-01,9.000000000000000000e+00,0.000000000000000000e+00
3.721696853637695312e+00,8.661143183708190918e-01,9.000000000000000000e+00,0.000000000000000000e+00
4.596338748931884766e+00,7.483293414115905762e-01,9.000000000000000000e+00,0.000000000000000000e+00
4.859476089477539062e+00,5.996587276458740234e-01,1.100000000000000000e+01,0.000000000000000000e+00
4.928382396697998047e+00,4.138725996017456055e-01,9.000000000000000000e+00,0.000000000000000000e+00
4.588731765747070312e+00,4.724900126457214355e-01,9.000000000000000000e+00,0.000000000000000000e+00
4.198160171508789062e+00,1.710145734250545502e-02,9.000000000000000000e+00,0.000000000000000000e+00
4.414605140686035156e+00,8.232879638671875000e-01,9.000000000000000000e+00,0.000000000000000000e+00
4.241221427917480469e+00,2.053043395280838013e-01,9.000000000000000000e+00,0.000000000000000000e+00
4.840310096740722656e+00,2.691719532012939453e-01,9.000000000000000000e+00,0.000000000000000000e+00
3.841359376907348633e+00,6.921320557594299316e-01,9.000000000000000000e+00,0.000000000000000000e+00
4.625248908996582031e+00,-3.792437538504600525e-02,9.000000000000000000e+00,0.000000000000000000e+00
4.203384399414062500e+00,7.253435254096984863e-01,9.000000000000000000e+00,0.000000000000000000e+00
4.575334072113037109e+00,-1.049983501434326172e-01,9.000000000000000000e+00,0.000000000000000000e+00
5.094886302947998047e+00,5.924913883209228516e-01,1.100000000000000000e+01,0.000000000000000000e+00
4.740224838256835938e+00,6.924800276756286621e-01,9.000000000000000000e+00,0.000000000000000000e+00
5.120395183563232422e+00,5.616032481193542480e-01,9.000000000000000000e+00,0.000000000000000000e+00
4.792920589447021484e+00,4.399661719799041748e-01,9.000000000000000000e+00,0.000000000000000000e+00
4.396482467651367188e+00,7.824760079383850098e-01,9.000000000000000000e+00,0.000000000000000000e+00
4.907500267028808594e+00,4.090899527072906494e-01,9.000000000000000000e+00,0.000000000000000000e+00
4.699790477752685547e+00,4.767995851580053568e-04,9.000000000000000000e+00,0.000000000000000000e+00
3.757003545761108398e+00,7.906965017318725586e-01,9.000000000000000000e+00,0.000000000000000000e+00
3.765481233596801758e+00,7.837572097778320312e-01,9.000000000000000000e+00,0.000000000000000000e+00
3.752941131591796875e+00,8.622286915779113770e-01,9.000000000000000000e+00,0.000000000000000000e+00
4.511772155761718750e+00,-8.895905315876007080e-02,9.000000000000000000e+00,0.000000000000000000e+00
3.729618310928344727e+00,8.500826954841613770e-01,9.000000000000000000e+00,0.000000000000000000e+00
4.225441455841064453e+00,4.361825883388519287e-01,9.000000000000000000e+00,0.000000000000000000e+00
4.844019889831542969e+00,6.141616702079772949e-01,9.000000000000000000e+00,0.000000000000000000e+00
4.733425140380859375e+00,6.988047957420349121e-01,9.000000000000000000e+00,0.000000000000000000e+00
4.576633453369140625e+00,-6.512761861085891724e-02,9.000000000000000000e+00,0.000000000000000000e+00
3.716690540313720703e+00,8.672313094139099121e-01,9.000000000000000000e+00,0.000000000000000000e+00
4.495116710662841797e+00,1.525145322084426880e-01,9.000000000000000000e+00,0.000000000000000000e+00
4.614267349243164062e+00,-2.505853176116943359e-01,9.000000000000000000e+00,0.000000000000000000e+00
4.992351055145263672e+00,5.798498392105102539e-01,1.100000000000000000e+01,0.000000000000000000e+00
3.751251220703125000e+00,8.631490468978881836e-01,9.000000000000000000e+00,0.000000000000000000e+00
4.887616634368896484e+00,4.239649474620819092e-01,9.000000000000000000e+00,0.000000000000000000e+00
4.776014328002929688e+00,1.731671243906021118e-01,9.000000000000000000e+00,0.000000000000000000e+00
4.701057434082031250e+00,6.880759596824645996e-01,9.000000000000000000e+00,0.000000000000000000e+00
3.962271928787231445e+00,9.805759787559509277e-01,9.000000000000000000e+00,0.000000000000000000e+00
3.868248939514160156e+00,6.285832524299621582e-01,9.000000000000000000e+00,0.000000000000000000e+00
4.511048316955566406e+00,-4.931635409593582153e-02,9.000000000000000000e+00,0.000000000000000000e+00
4.646050930023193359e+00,-3.797583281993865967e-02,9.000000000000000000e+00,0.000000000000000000e+00
4.747537612915039062e+00,6.626096367835998535e-01,9.000000000000000000e+00,0.000000000000000000e+00
4.882400989532470703e+00,2.694034576416015625e-01,9.000000000000000000e+00,0.000000000000000000e+00
4.672173976898193359e+00,5.449799299240112305e-01,9.000000000000000000e+00,0.000000000000000000e+00
4.883255481719970703e+00,2.690105140209197998e-01,9.000000000000000000e+00,0.000000000000000000e+00
4.821434974670410156e+00,1.808128058910369873e-01,9.000000000000000000e+00,0.000000000000000000e+00
4.647542476654052734e+00,7.279543280601501465e-01,9.000000000000000000e+00,0.000000000000000000e+00
4.750519752502441406e+00,6.632874608039855957e-01,9.000000000000000000e+00,0.000000000000000000e+00
4.702147006988525391e+00,2.158949971199035645e-01,9.000000000000000000e+00,0.000000000000000000e+00
4.374914169311523438e+00,7.891993522644042969e-01,9.000000000000000000e+00,0.000000000000000000e+00
4.731914043426513672e+00,7.228853106498718262e-01,9.000000000000000000e+00,0.000000000000000000e+00
4.418411254882812500e+00,-4.571719467639923096e-02,9.000000000000000000e+00,0.000000000000000000e+00
4.746448516845703125e+00,1.515420526266098022e-01,9.000000000000000000e+00,0.000000000000000000e+00
3.725930929183959961e+00,1.026847481727600098e+00,9.000000000000000000e+00,0.000000000000000000e+00
4.676766395568847656e+00,6.810019016265869141e-01,1.100000000000000000e+01,0.000000000000000000e+00
4.414874076843261719e+00,7.025250196456909180e-01,9.000000000000000000e+00,0.000000000000000000e+00
4.537521839141845703e+00,7.944137454032897949e-01,9.000000000000000000e+00,0.000000000000000000e+00
4.751110553741455078e+00,6.798198223114013672e-01,9.000000000000000000e+00,0.000000000000000000e+00
4.584947109222412109e+00,9.003743529319763184e-03,9.000000000000000000e+00,0.000000000000000000e+00
3.717205047607421875e+00,8.608627915382385254e-01,9.000000000000000000e+00,0.000000000000000000e+00
4.335978984832763672e+00,-2.952978014945983887e-01,9.000000000000000000e+00,0.000000000000000000e+00
4.460335254669189453e+00,7.374841570854187012e-01,9.000000000000000000e+00,0.000000000000000000e+00
5.011477947235107422e+00,4.375634789466857910e-01,9.000000000000000000e+00,0.000000000000000000e+00
4.350885868072509766e+00,8.256756067276000977e-01,9.000000000000000000e+00,0.000000000000000000e+00
4.743373394012451172e+00,7.029163241386413574e-01,9.000000000000000000e+00,0.000000000000000000e+00
4.755724430084228516e+00,1.174162626266479492e-01,9.000000000000000000e+00,0.000000000000000000e+00
4.736584186553955078e+00,4.416350647807121277e-02,9.000000000000000000e+00,0.000000000000000000e+00
4.033119678497314453e+00,8.584154248237609863e-01,9.000000000000000000e+00,0.000000000000000000e+00
4.511276721954345703e+00,7.742806077003479004e-01,9.000000000000000000e+00,0.000000000000000000e+00
4.853434562683105469e+00,4.674088954925537109e-01,9.000000000000000000e+00,0.000000000000000000e+00
4.941226482391357422e+00,3.835780322551727295e-01,1.100000000000000000e+01,0.000000000000000000e+00
4.228976249694824219e+00,8.362375497817993164e-01,9.000000000000000000e+00,0.000000000000000000e+00
5.201263427734375000e+00,5.650048255920410156e-01,9.000000000000000000e+00,0.000000000000000000e+00
3.766263484954833984e+00,8.152608275413513184e-01,9.000000000000000000e+00,0.000000000000000000e+00
4.130414962768554688e+00,2.193506211042404175e-01,9.000000000000000000e+00,0.000000000000000000e+00
4.638086795806884766e+00,6.999183297157287598e-01,9.000000000000000000e+00,0.000000000000000000e+00
4.760444164276123047e+00,5.225681662559509277e-01,1.100000000000000000e+01,0.000000000000000000e+00
3.807758092880249023e+00,8.034225702285766602e-01,9.000000000000000000e+00,0.000000000000000000e+00
3.640144586563110352e+00,8.094506263732910156e-01,9.000000000000000000e+00,0.000000000000000000e+00
4.651641368865966797e+00,3.094566166400909424e-01,9.000000000000000000e+00,0.000000000000000000e+00
3.507564783096313477e+00,2.811089754104614258e-01,9.000000000000000000e+00,0.000000000000000000e+00
3.711954832077026367e+00,8.523662686347961426e-01,9.000000000000000000e+00,0.000000000000000000e+00
4.927096366882324219e+00,5.908615589141845703e-01,9.000000000000000000e+00,0.000000000000000000e+00
4.630150318145751953e+00,-1.988264173269271851e-01,9.000000000000000000e+00,0.000000000000000000e+00
4.730952739715576172e+00,4.744028449058532715e-01,9.000000000000000000e+00,0.000000000000000000e+00
4.124801158905029297e+00,2.689602375030517578e-01,9.000000000000000000e+00,0.000000000000000000e+00
1.833786201477050781e+01,9.616964340209960938e+00,9.000000000000000000e+00,0.000000000000000000e+00
1.843800163269042969e+01,1.010507392883300781e+01,9.000000000000000000e+00,0.000000000000000000e+00
1.876995849609375000e+01,9.153329849243164062e+00,9.000000000000000000e+00,0.000000000000000000e+00
1.835515594482421875e+01,9.093020439147949219e+00,9.000000000000000000e+00,0.000000000000000000e+00
1.819411468505859375e+01,8.945876121520996094e+00,9.000000000000000000e+00,0.000000000000000000e+00
1.815531349182128906e+01,8.859258651733398438e+00,9.000000000000000000e+00,0.000000000000000000e+00
1.836462974548339844e+01,9.025914192199707031e+00,9.000000000000000000e+00,0.000000000000000000e+00
1.884375572204589844e+01,9.222450256347656250e+00,9.000000000000000000e+00,0.000000000000000000e+00
1.836263084411621094e+01,1.181285667419433594e+01,9.000000000000000000e+00,0.000000000000000000e+00
1.843307113647460938e+01,9.716691970825195312e+00,9.000000000000000000e+00,0.000000000000000000e+00
1.895489120483398438e+01,1.038763332366943359e+01,9.000000000000000000e+00,0.000000000000000000e+00
1.832234191894531250e+01,1.078921794891357422e+01,9.000000000000000000e+00,0.000000000000000000e+00
1.872337341308593750e+01,1.022953128814697266e+01,9.000000000000000000e+00,0.000000000000000000e+00
1.842783546447753906e+01,9.292321205139160156e+00,9.000000000000000000e+00,0.000000000000000000e+00
1.842652893066406250e+01,1.047947216033935547e+01,9.000000000000000000e+00,0.000000000000000000e+00
1.832448959350585938e+01,1.062885093688964844e+01,9.000000000000000000e+00,0.000000000000000000e+00
1.879231071472167969e+01,1.078675079345703125e+01,9.000000000000000000e+00,0.000000000000000000e+00
1.835991668701171875e+01,1.068895816802978516e+01,9.000000000000000000e+00,0.000000000000000000e+00
1.833677864074707031e+01,9.700907707214355469e+00,9.000000000000000000e+00,0.000000000000000000e+00
1.834399986267089844e+01,9.016732215881347656e+00,9.000000000000000000e+00,0.000000000000000000e+00
1.895929718017578125e+01,1.001424884796142578e+01,9.000000000000000000e+00,0.000000000000000000e+00
1.854161643981933594e+01,1.004877185821533203e+01,9.000000000000000000e+00,0.000000000000000000e+00
1.845998191833496094e+01,1.061266708374023438e+01,9.000000000000000000e+00,0.000000000000000000e+00
1.817104721069335938e+01,8.870438575744628906e+00,9.000000000000000000e+00,0.000000000000000000e+00
1.831695938110351562e+01,1.082225704193115234e+01,9.000000000000000000e+00,0.000000000000000000e+00
1.888151550292968750e+01,9.157545089721679688e+00,9.000000000000000000e+00,0.000000000000000000e+00
1.819747543334960938e+01,9.351058006286621094e+00,9.000000000000000000e+00,0.000000000000000000e+00
1.893127059936523438e+01,9.181395530700683594e+00,9.000000000000000000e+00,0.000000000000000000e+00
1.832582664489746094e+01,9.745421409606933594e+00,9.000000000000000000e+00,0.000000000000000000e+00
1.853526306152343750e+01,9.535774230957031250e+00,9.000000000000000000e+00,0.000000000000000000e+00
1.836710166931152344e+01,9.051172256469726562e+00,9.000000000000000000e+00,0.000000000000000000e+00
1.768518638610839844e+01,1.152942180633544922e+01,9.000000000000000000e+00,0.000000000000000000e+00
1.819399833679199219e+01,9.145211219787597656e+00,9.000000000000000000e+00,0.000000000000000000e+00
1.831334495544433594e+01,9.670807838439941406e+00,9.000000000000000000e+00,0.000000000000000000e+00
1.909913635253906250e+01,9.273535728454589844e+00,9.000000000000000000e+00,0.000000000000000000e+00
1.827833175659179688e+01,9.619125366210937500e+00,9.000000000000000000e+00,0.000000000000000000e+00
1.837851333618164062e+01,9.504014968872070312e+00,9.000000000000000000e+00,0.000000000000000000e+00
1.833071136474609375e+01,1.035385799407958984e+01,9.000000000000000000e+00,0.000000000000000000e+00
1.894660377502441406e+01,9.222438812255859375e+00,9.000000000000000000e+00,0.000000000000000000e+00
1.811387443542480469e+01,1.089078617095947266e+01,9.000000000000000000e+00,0.000000000000000000e+00
1.858472251892089844e+01,1.049241924285888672e+01,9.000000000000000000e+00,0.000000000000000000e+00
1.768304824829101562e+01,1.174404621124267578e+01,9.000000000000000000e+00,0.000000000000000000e+00
1.903502082824707031e+01,1.031697082519531250e+01,9.000000000000000000e+00,0.000000000000000000e+00
1.832134628295898438e+01,9.669044494628906250e+00,9.000000000000000000e+00,0.000000000000000000e+00
1.789217567443847656e+01,1.125793933868408203e+01,9.000000000000000000e+00,0.000000000000000000e+00
1.813636398315429688e+01,8.834074974060058594e+00,9.000000000000000000e+00,0.000000000000000000e+00
1.836809730529785156e+01,9.790019035339355469e+00,9.000000000000000000e+00,0.000000000000000000e+00
1.832498359680175781e+01,9.498741149902343750e+00,9.000000000000000000e+00,0.000000000000000000e+00
1.833177947998046875e+01,9.078201293945312500e+00,9.000000000000000000e+00,0.000000000000000000e+00
1.826535224914550781e+01,1.047092628479003906e+01,9.000000000000000000e+00,0.000000000000000000e+00
1.888143157958984375e+01,9.176159858703613281e+00,9.000000000000000000e+00,0.000000000000000000e+00
1.815181350708007812e+01,8.891016960144042969e+00,9.000000000000000000e+00,0.000000000000000000e+00
1.822172355651855469e+01,9.558063507080078125e+00,9.000000000000000000e+00,0.000000000000000000e+00
1.854998779296875000e+01,9.468767166137695312e+00,9.000000000000000000e+00,0.000000000000000000e+00
9.970958709716796875e+00,4.800856113433837891e+00,9.000000000000000000e+00,0.000000000000000000e+00
1.814031410217285156e+01,9.199183464050292969e+00,9.000000000000000000e+00,0.000000000000000000e+00
1.830525398254394531e+01,1.068599987030029297e+01,9.000000000000000000e+00,0.000000000000000000e+00
1.859081840515136719e+01,9.148310661315917969e+00,9.000000000000000000e+00,0.000000000000000000e+00
1.814393043518066406e+01,8.853905677795410156e+00,9.000000000000000000e+00,0.000000000000000000e+00
1.834022140502929688e+01,1.067736434936523438e+01,9.000000000000000000e+00,0.000000000000000000e+00
1.839510154724121094e+01,9.467342376708984375e+00,9.000000000000000000e+00,0.000000000000000000e+00
1.851873397827148438e+01,1.028212738037109375e+01,9.000000000000000000e+00,0.000000000000000000e+00
1.832800292968750000e+01,9.589212417602539062e+00,9.000000000000000000e+00,0.000000000000000000e+00
1.844672203063964844e+01,9.189562797546386719e+00,9.000000000000000000e+00,0.000000000000000000e+00
1.886304092407226562e+01,9.148065567016601562e+00,9.000000000000000000e+00,0.000000000000000000e+00
1.818332862854003906e+01,1.098493289947509766e+01,9.000000000000000000e+00,0.000000000000000000e+00
1.848319053649902344e+01,9.473845481872558594e+00,9.000000000000000000e+00,0.000000000000000000e+00
1.702975273132324219e+01,1.301123237609863281e+01,9.000000000000000000e+00,0.000000000000000000e+00
1.842559814453125000e+01,1.034929656982421875e+01,9.000000000000000000e+00,0.000000000000000000e+00
1.864310455322265625e+01,1.022635555267333984e+01,9.000000000000000000e+00,0.000000000000000000e+00
1.877285194396972656e+01,9.119843482971191406e+00,9.000000000000000000e+00,0.000000000000000000e+00
1.842282676696777344e+01,9.976417541503906250e+00,9.000000000000000000e+00,0.000000000000000000e+00
1.846396255493164062e+01,9.132213592529296875e+00,9.000000000000000000e+00,0.000000000000000000e+00
1.876020622253417969e+01,9.113907814025878906e+00,9.000000000000000000e+00,0.000000000000000000e+00
1.834988594055175781e+01,9.014849662780761719e+00,9.000000000000000000e+00,0.000000000000000000e+00
1.888691329956054688e+01,9.181834220886230469e+00,9.000000000000000000e+00,0.000000000000000000e+00
1.844186210632324219e+01,9.223643302917480469e+00,9.000000000000000000e+00,0.000000000000000000e+00
2.011910247802734375e+01,1.063121223449707031e+01,9.000000000000000000e+00,0.000000000000000000e+00
1.845561599731445312e+01,1.045878314971923828e+01,9.000000000000000000e+00,0.000000000000000000e+00
1.840732383728027344e+01,9.709156036376953125e+00,9.000000000000000000e+00,0.000000000000000000e+00
1.814838790893554688e+01,9.174997329711914062e+00,9.000000000000000000e+00,0.000000000000000000e+00
1.844393348693847656e+01,9.509024620056152344e+00,9.000000000000000000e+00,0.000000000000000000e+00
1.843824005126953125e+01,9.207954406738281250e+00,9.000000000000000000e+00,0.000000000000000000e+00
1.834405517578125000e+01,1.190964889526367188e+01,9.000000000000000000e+00,0.000000000000000000e+00
1.834189605712890625e+01,1.054136180877685547e+01,9.000000000000000000e+00,0.000000000000000000e+00
1.862360191345214844e+01,9.114045143127441406e+00,9.000000000000000000e+00,0.000000000000000000e+00
1.836614418029785156e+01,1.051334953308105469e+01,9.000000000000000000e+00,0.000000000000000000e+00
1.824175643920898438e+01,1.062588691711425781e+01,9.000000000000000000e+00,0.000000000000000000e+00
1.833279418945312500e+01,9.031593322753906250e+00,9.000000000000000000e+00,0.000000000000000000e+00
1.832228851318359375e+01,1.046497535705566406e+01,9.000000000000000000e+00,0.000000000000000000e+00
1.821515274047851562e+01,1.060749340057373047e+01,9.000000000000000000e+00,0.000000000000000000e+00
1.884926223754882812e+01,1.057447719573974609e+01,9.000000000000000000e+00,0.000000000000000000e+00
1.841987609863281250e+01,9.756599426269531250e+00,9.000000000000000000e+00,0.000000000000000000e+00
1.803312683105468750e+01,1.118551158905029297e+01,9.000000000000000000e+00,0.000000000000000000e+00
1.877853202819824219e+01,1.045811939239501953e+01,9.000000000000000000e+00,0.000000000000000000e+00
1.834796905517578125e+01,9.560737609863281250e+00,9.000000000000000000e+00,0.000000000000000000e+00
1.845158004760742188e+01,9.498413085937500000e+00,9.000000000000000000e+00,0.000000000000000000e+00
1.819672775268554688e+01,8.884822845458984375e+00,9.000000000000000000e+00,0.000000000000000000e+00
1.828751564025878906e+01,1.053875827789306641e+01,9.000000000000000000e+00,0.000000000000000000e+00
1.844498634338378906e+01,1.042614364624023438e+01,9.000000000000000000e+00,0.000000000000000000e+00
1.853535270690917969e+01,9.130254745483398438e+00,9.000000000000000000e+00,0.000000000000000000e+00
1.841190147399902344e+01,9.317058563232421875e+00,9.000000000000000000e+00,0.000000000000000000e+00
1.847468185424804688e+01,9.138192176818847656e+00,9.000000000000000000e+00,0.000000000000000000e+00
1.853407669067382812e+01,9.499755859375000000e+00,9.000000000000000000e+00,0.000000000000000000e+00
1.852067184448242188e+01,9.115912437438964844e+00,9.000000000000000000e+00,0.000000000000000000e+00
1.890946197509765625e+01,9.190472602844238281e+00,9.000000000000000000e+00,0.000000000000000000e+00
1.873356056213378906e+01,9.106698989868164062e+00,9.000000000000000000e+00,0.000000000000000000e+00
1.827566337585449219e+01,1.056105709075927734e+01,9.000000000000000000e+00,0.000000000000000000e+00
1.906140518188476562e+01,9.240907669067382812e+00,9.000000000000000000e+00,0.000000000000000000e+00
1.920167541503906250e+01,9.280446052551269531e+00,9.000000000000000000e+00,0.000000000000000000e+00
1.853368759155273438e+01,1.024929428100585938e+01,9.000000000000000000e+00,0.000000000000000000e+00
1.813039970397949219e+01,9.216255187988281250e+00,9.000000000000000000e+00,0.000000000000000000e+00
1.851621246337890625e+01,9.648490905761718750e+00,9.000000000000000000e+00,0.000000000000000000e+00
1.884782409667968750e+01,9.135969161987304688e+00,9.000000000000000000e+00,0.000000000000000000e+00
1.842365074157714844e+01,9.838296890258789062e+00,9.000000000000000000e+00,0.000000000000000000e+00
1.835273551940917969e+01,9.687714576721191406e+00,9.000000000000000000e+00,0.000000000000000000e+00
1.820960617065429688e+01,1.058878517150878906e+01,9.000000000000000000e+00,0.000000000000000000e+00
1.843284606933593750e+01,1.091556930541992188e+01,9.000000000000000000e+00,0.000000000000000000e+00
1.833927726745605469e+01,1.200536632537841797e+01,9.000000000000000000e+00,0.000000000000000000e+00
1.816637992858886719e+01,8.860169410705566406e+00,9.000000000000000000e+00,0.000000000000000000e+00
1.825740051269531250e+01,9.220791816711425781e+00,9.000000000000000000e+00,0.000000000000000000e+00
1.905109024047851562e+01,9.241251945495605469e+00,9.000000000000000000e+00,0.000000000000000000e+00
1.813465499877929688e+01,8.851046562194824219e+00,9.000000000000000000e+00,0.000000000000000000e+00
1.879938888549804688e+01,1.022715663909912109e+01,9.000000000000000000e+00,0.000000000000000000e+00
1.848304176330566406e+01,1.034806060791015625e+01,9.000000000000000000e+00,0.000000000000000000e+00
1.843293571472167969e+01,9.460748672485351562e+00,9.000000000000000000e+00,0.000000000000000000e+00
1.845850181579589844e+01,9.371687889099121094e+00,9.000000000000000000e+00,0.000000000000000000e+00
1.831895446777343750e+01,9.675543785095214844e+00,9.000000000000000000e+00,0.000000000000000000e+00
1.825818634033203125e+01,1.104691028594970703e+01,9.000000000000000000e+00,0.000000000000000000e+00
1.832758331298828125e+01,9.943410873413085938e+00,9.000000000000000000e+00,0.000000000000000000e+00
1.843846321105957031e+01,9.340085983276367188e+00,9.000000000000000000e+00,0.000000000000000000e+00
1.813012504577636719e+01,8.835603713989257812e+00,9.000000000000000000e+00,0.000000000000000000e+00
1.842272186279296875e+01,9.384323120117187500e+00,9.000000000000000000e+00,0.000000000000000000e+00
1.835762214660644531e+01,9.739699363708496094e+00,9.000000000000000000e+00,0.000000000000000000e+00
1.852790451049804688e+01,1.024914073944091797e+01,9.000000000000000000e+00,0.000000000000000000e+00
1.847625923156738281e+01,9.706270217895507812e+00,9.000000000000000000e+00,0.000000000000000000e+00
1.840824508666992188e+01,9.346241950988769531e+00,9.000000000000000000e+00,0.000000000000000000e+00
9.939219474792480469e+00,4.823209285736083984e+00,9.000000000000000000e+00,0.000000000000000000e+00
1.840390396118164062e+01,9.509728431701660156e+00,9.000000000000000000e+00,0.000000000000000000e+00
1.842232704162597656e+01,9.760045051574707031e+00,9.000000000000000000e+00,0.000000000000000000e+00
1.811166191101074219e+01,1.098408889770507812e+01,9.000000000000000000e+00,0.000000000000000000e+00
1.841702079772949219e+01,1.059467220306396484e+01,9.000000000000000000e+00,0.000000000000000000e+00
1.914877128601074219e+01,9.312705039978027344e+00,9.000000000000000000e+00,0.000000000000000000e+00
1.848476600646972656e+01,9.188472747802734375e+00,9.000000000000000000e+00,0.000000000000000000e+00
1.831366729736328125e+01,8.990238189697265625e+00,9.000000000000000000e+00,0.000000000000000000e+00
1.833424568176269531e+01,9.506301879882812500e+00,9.000000000000000000e+00,0.000000000000000000e+00
1.843629264831542969e+01,9.713456153869628906e+00,9.000000000000000000e+00,0.000000000000000000e+00
1.811699295043945312e+01,8.865369796752929688e+00,9.000000000000000000e+00,0.000000000000000000e+00
1.839816093444824219e+01,9.737060546875000000e+00,9.000000000000000000e+00,0.000000000000000000e+00
1.857236480712890625e+01,9.102296829223632812e+00,9.000000000000000000e+00,0.000000000000000000e+00
1.831161880493164062e+01,1.046138000488281250e+01,9.000000000000000000e+00,0.000000000000000000e+00
1.856154251098632812e+01,1.024917411804199219e+01,9.000000000000000000e+00,0.000000000000000000e+00
1.821148872375488281e+01,1.067667388916015625e+01,9.000000000000000000e+00,0.000000000000000000e+00
1.837602996826171875e+01,1.181055164337158203e+01,9.000000000000000000e+00,0.000000000000000000e+00
1.814206886291503906e+01,8.838314056396484375e+00,9.000000000000000000e+00,0.000000000000000000e+00
1.841872787475585938e+01,1.051210403442382812e+01,9.000000000000000000e+00,0.000000000000000000e+00
1.861860656738281250e+01,9.105485916137695312e+00,9.000000000000000000e+00,0.000000000000000000e+00
1.821788597106933594e+01,9.191605567932128906e+00,9.000000000000000000e+00,0.000000000000000000e+00
1.841400527954101562e+01,1.047729778289794922e+01,9.000000000000000000e+00,0.000000000000000000e+00
1.828287506103515625e+01,1.055119514465332031e+01,9.000000000000000000e+00,0.000000000000000000e+00
1.844883728027343750e+01,1.011691093444824219e+01,9.000000000000000000e+00,0.000000000000000000e+00
1.832659339904785156e+01,9.047551155090332031e+00,9.000000000000000000e+00,0.000000000000000000e+00
1.835095787048339844e+01,9.766937255859375000e+00,9.000000000000000000e+00,0.000000000000000000e+00
1.833178138732910156e+01,9.516134262084960938e+00,9.000000000000000000e+00,0.000000000000000000e+00
1.886536788940429688e+01,9.143810272216796875e+00,9.000000000000000000e+00,0.000000000000000000e+00
1.843262290954589844e+01,9.883588790893554688e+00,9.000000000000000000e+00,0.000000000000000000e+00
1.824496078491210938e+01,8.924345970153808594e+00,9.000000000000000000e+00,0.000000000000000000e+00
1.897632408142089844e+01,1.044747352600097656e+01,9.000000000000000000e+00,0.000000000000000000e+00
1.834731674194335938e+01,9.490529060363769531e+00,9.000000000000000000e+00,0.000000000000000000e+00
1.837889480590820312e+01,9.659030914306640625e+00,9.000000000000000000e+00,0.000000000000000000e+00
1.845462799072265625e+01,9.894406318664550781e+00,9.000000000000000000e+00,0.000000000000000000e+00
1.834319305419921875e+01,9.043517112731933594e+00,9.000000000000000000e+00,0.000000000000000000e+00
1.827214050292968750e+01,1.056569480895996094e+01,9.000000000000000000e+00,0.000000000000000000e+00
1.851977348327636719e+01,1.022369384765625000e+01,9.000000000000000000e+00,0.000000000000000000e+00
1.836403846740722656e+01,9.797480583190917969e+00,9.000000000000000000e+00,0.000000000000000000e+00
1.844351577758789062e+01,9.645961761474609375e+00,9.000000000000000000e+00,0.000000000000000000e+00
1.839366912841796875e+01,9.079864501953125000e+00,9.000000000000000000e+00,0.000000000000000000e+00
1.817126655578613281e+01,9.227663993835449219e+00,9.000000000000000000e+00,0.000000000000000000e+00
1.843680191040039062e+01,1.078180885314941406e+01,9.000000000000000000e+00,0.000000000000000000e+00
1.842998123168945312e+01,9.838868141174316406e+00,9.000000000000000000e+00,0.000000000000000000e+00
1.829073715209960938e+01,9.018429756164550781e+00,9.000000000000000000e+00,0.000000000000000000e+00
1.824332809448242188e+01,8.946492195129394531e+00,9.000000000000000000e+00,0.000000000000000000e+00
1.865774726867675781e+01,1.017651462554931641e+01,9.000000000000000000e+00,0.000000000000000000e+00
1.000781822204589844e+01,4.778072357177734375e+00,9.000000000000000000e+00,0.000000000000000000e+00
1.870253181457519531e+01,9.117401123046875000e+00,9.000000000000000000e+00,0.000000000000000000e+00
1.837886428833007812e+01,9.018003463745117188e+00,9.000000000000000000e+00,0.000000000000000000e+00
1.843938827514648438e+01,9.829947471618652344e+00,9.000000000000000000e+00,0.000000000000000000e+00
1.853422164916992188e+01,1.057680511474609375e+01,9.000000000000000000e+00,0.000000000000000000e+00
1.844617080688476562e+01,1.014218711853027344e+01,9.000000000000000000e+00,0.000000000000000000e+00
1.817035675048828125e+01,8.864356040954589844e+00,9.000000000000000000e+00,0.000000000000000000e+00
1.815274810791015625e+01,8.845036506652832031e+00,9.000000000000000000e+00,0.000000000000000000e+00
1.895580863952636719e+01,9.190202713012695312e+00,9.000000000000000000e+00,0.000000000000000000e+00
1.851919746398925781e+01,9.928290367126464844e+00,9.000000000000000000e+00,0.000000000000000000e+00
1.815561676025390625e+01,9.208186149597167969e+00,9.000000000000000000e+00,0.000000000000000000e+00
1.837997627258300781e+01,1.039504337310791016e+01,9.000000000000000000e+00,0.000000000000000000e+00
1.831863975524902344e+01,1.078801822662353516e+01,9.000000000000000000e+00,0.000000000000000000e+00
1.881399345397949219e+01,1.045084190368652344e+01,9.000000000000000000e+00,0.000000000000000000e+00
1.837845230102539062e+01,9.929614067077636719e+00,9.000000000000000000e+00,0.000000000000000000e+00
1.841996383666992188e+01,1.063876152038574219e+01,9.000000000000000000e+00,0.000000000000000000e+00
1.843721771240234375e+01,9.360344886779785156e+00,9.000000000000000000e+00,0.000000000000000000e+00
1.831270599365234375e+01,9.572968482971191406e+00,9.000000000000000000e+00,0.000000000000000000e+00
1.843473625183105469e+01,9.409780502319335938e+00,9.000000000000000000e+00,0.000000000000000000e+00
1.831570243835449219e+01,9.658494949340820312e+00,9.000000000000000000e+00,0.000000000000000000e+00
1.837244033813476562e+01,9.554830551147460938e+00,9.000000000000000000e+00,0.000000000000000000e+00
1.843616676330566406e+01,9.811387062072753906e+00,9.000000000000000000e+00,0.000000000000000000e+00
1.812446403503417969e+01,1.099835586547851562e+01,9.000000000000000000e+00,0.000000000000000000e+00
1.836409950256347656e+01,9.728846549987792969e+00,9.000000000000000000e+00,0.000000000000000000e+00
1.868416404724121094e+01,1.044642829895019531e+01,9.000000000000000000e+00,0.000000000000000000e+00
1.856220626831054688e+01,1.052273273468017578e+01,9.000000000000000000e+00,0.000000000000000000e+00
1.828420066833496094e+01,9.442690849304199219e+00,9.000000000000000000e+00,0.000000000000000000e+00
1.843052291870117188e+01,1.326932907104492188e+01,2.100000000000000000e+01,0.000000000000000000e+00
1.783041381835937500e+01,1.329024028778076172e+01,2.100000000000000000e+01,0.000000000000000000e+00
1.885623550415039062e+01,1.347245311737060547e+01,2.100000000000000000e+01,0.000000000000000000e+00
1.865359306335449219e+01,1.348767852783203125e+01,2.100000000000000000e+01,0.000000000000000000e+00
1.857253837585449219e+01,1.353716278076171875e+01,2.100000000000000000e+01,0.000000000000000000e+00
1.884767723083496094e+01,1.358355903625488281e+01,2.100000000000000000e+01,0.000000000000000000e+00
1.873450088500976562e+01,1.362766838073730469e+01,2.100000000000000000e+01,0.000000000000000000e+00
1.841138839721679688e+01,1.325817394256591797e+01,2.100000000000000000e+01,0.000000000000000000e+00
1.788568305969238281e+01,1.333475208282470703e+01,9.000000000000000000e+00,0.000000000000000000e+00
1.809655761718750000e+01,1.068131446838378906e+01,9.000000000000000000e+00,0.000000000000000000e+00
1.833613777160644531e+01,1.328390407562255859e+01,2.100000000000000000e+01,0.000000000000000000e+00
1.862262535095214844e+01,1.363581275939941406e+01,2.100000000000000000e+01,0.000000000000000000e+00
1.764814949035644531e+01,1.099518871307373047e+01,9.000000000000000000e+00,0.000000000000000000e+00
1.839231872558593750e+01,1.366611003875732422e+01,2.100000000000000000e+01,0.000000000000000000e+00
1.803943443298339844e+01,1.323735237121582031e+01,9.000000000000000000e+00,0.000000000000000000e+00
1.888870048522949219e+01,1.339670372009277344e+01,2.100000000000000000e+01,0.000000000000000000e+00
1.769402503967285156e+01,1.101572990417480469e+01,1.200000000000000000e+01,0.000000000000000000e+00
1.842079162597656250e+01,1.356612586975097656e+01,2.100000000000000000e+01,0.000000000000000000e+00
1.886656379699707031e+01,1.338444137573242188e+01,2.100000000000000000e+01,0.000000000000000000e+00
1.853919410705566406e+01,1.376135349273681641e+01,2.100000000000000000e+01,0.000000000000000000e+00
1.831706619262695312e+01,1.372636795043945312e+01,2.100000000000000000e+01,0.000000000000000000e+00
1.774886512756347656e+01,1.326158237457275391e+01,9.000000000000000000e+00,0.000000000000000000e+00
1.809252166748046875e+01,1.065194797515869141e+01,9.000000000000000000e+00,0.000000000000000000e+00
1.825864791870117188e+01,1.301821994781494141e+01,9.000000000000000000e+00,0.000000000000000000e+00
1.881977462768554688e+01,1.350897216796875000e+01,2.100000000000000000e+01,0.000000000000000000e+00
1.851775360107421875e+01,1.344142532348632812e+01,2.100000000000000000e+01,0.000000000000000000e+00
1.858547019958496094e+01,1.338505172729492188e+01,2.100000000000000000e+01,0.000000000000000000e+00
1.854570007324218750e+01,1.361947536468505859e+01,2.100000000000000000e+01,0.000000000000000000e+00
1.860298347473144531e+01,1.364432144165039062e+01,2.100000000000000000e+01,0.000000000000000000e+00
1.824695014953613281e+01,1.352154636383056641e+01,2.100000000000000000e+01,0.000000000000000000e+00
1.869836807250976562e+01,1.358468151092529297e+01,2.100000000000000000e+01,0.000000000000000000e+00
1.812641525268554688e+01,1.329975509643554688e+01,9.000000000000000000e+00,0.000000000000000000e+00
1.845226287841796875e+01,1.343384075164794922e+01,2.100000000000000000e+01,0.000000000000000000e+00
1.866016006469726562e+01,1.342309474945068359e+01,9.000000000000000000e+00,0.000000000000000000e+00
1.856052780151367188e+01,1.327261543273925781e+01,2.100000000000000000e+01,0.000000000000000000e+00
1.791051673889160156e+01,1.327738857269287109e+01,9.000000000000000000e+00,0.000000000000000000e+00
1.848333549499511719e+01,1.360235977172851562e+01,2.100000000000000000e+01,0.000000000000000000e+00
1.764314651489257812e+01,1.096972560882568359e+01,1.200000000000000000e+01,0.000000000000000000e+00
1.785769081115722656e+01,1.332416725158691406e+01,2.100000000000000000e+01,0.000000000000000000e+00
1.842154312133789062e+01,1.374901771545410156e+01,2.100000000000000000e+01,0.000000000000000000e+00
1.836438369750976562e+01,1.342848110198974609e+01,2.100000000000000000e+01,0.000000000000000000e+00
1.882843780517578125e+01,1.363397026062011719e+01,2.100000000000000000e+01,0.000000000000000000e+00
1.803442955017089844e+01,1.338273429870605469e+01,9.000000000000000000e+00,0.000000000000000000e+00
1.878388404846191406e+01,1.351801109313964844e+01,2.100000000000000000e+01,0.000000000000000000e+00
1.880658340454101562e+01,1.361170673370361328e+01,2.100000000000000000e+01,0.000000000000000000e+00
1.879589080810546875e+01,1.362755393981933594e+01,2.100000000000000000e+01,0.000000000000000000e+00
1.872854042053222656e+01,1.367893218994140625e+01,2.100000000000000000e+01,0.000000000000000000e+00
1.852017593383789062e+01,1.380074214935302734e+01,2.100000000000000000e+01,0.000000000000000000e+00
1.838969802856445312e+01,1.372585391998291016e+01,2.100000000000000000e+01,0.000000000000000000e+00
1.886011886596679688e+01,1.343973636627197266e+01,2.100000000000000000e+01,0.000000000000000000e+00
1.848824501037597656e+01,1.376735210418701172e+01,2.100000000000000000e+01,0.000000000000000000e+00
1.881885719299316406e+01,1.368620491027832031e+01,2.100000000000000000e+01,0.000000000000000000e+00
1.852561759948730469e+01,1.351773834228515625e+01,2.100000000000000000e+01,0.000000000000000000e+00
1.864597320556640625e+01,1.356585025787353516e+01,2.100000000000000000e+01,0.000000000000000000e+00
1.834960174560546875e+01,1.347532176971435547e+01,2.100000000000000000e+01,0.000000000000000000e+00
1.806791687011718750e+01,1.345512294769287109e+01,9.000000000000000000e+00,0.000000000000000000e+00
1.839637184143066406e+01,1.332353782653808594e+01,9.000000000000000000e+00,0.000000000000000000e+00
1.877905845642089844e+01,1.349866771697998047e+01,9.000000000000000000e+00,0.000000000000000000e+00
1.869090080261230469e+01,1.355299949645996094e+01,2.100000000000000000e+01,0.000000000000000000e+00
1.874686431884765625e+01,1.365969276428222656e+01,2.100000000000000000e+01,0.000000000000000000e+00
1.859650993347167969e+01,1.332367515563964844e+01,2.100000000000000000e+01,0.000000000000000000e+00
1.838242530822753906e+01,1.344195842742919922e+01,2.100000000000000000e+01,0.000000000000000000e+00
1.838741874694824219e+01,1.345369625091552734e+01,2.100000000000000000e+01,0.000000000000000000e+00
1.868922233581542969e+01,1.353021335601806641e+01,2.100000000000000000e+01,0.000000000000000000e+00
1.820178794860839844e+01,1.360034656524658203e+01,9.000000000000000000e+00,0.000000000000000000e+00
1.851489639282226562e+01,1.354894924163818359e+01,2.100000000000000000e+01,0.000000000000000000e+00
1.856714439392089844e+01,1.363604831695556641e+01,2.100000000000000000e+01,0.000000000000000000e+00
1.848968124389648438e+01,1.355128860473632812e+01,2.100000000000000000e+01,0.000000000000000000e+00
1.849113464355468750e+01,1.348351669311523438e+01,2.100000000000000000e+01,0.000000000000000000e+00
1.834825325012207031e+01,1.371732521057128906e+01,2.100000000000000000e+01,0.000000000000000000e+00
1.880349731445312500e+01,1.360680961608886719e+01,2.100000000000000000e+01,0.000000000000000000e+00
1.781126403808593750e+01,1.323487377166748047e+01,2.000000000000000000e+01,0.000000000000000000e+00
1.832912063598632812e+01,1.358085155487060547e+01,2.100000000000000000e+01,0.000000000000000000e+00
1.790699577331542969e+01,1.335862827301025391e+01,9.000000000000000000e+00,0.000000000000000000e+00
1.890343856811523438e+01,1.342175769805908203e+01,2.100000000000000000e+01,0.000000000000000000e+00
1.725391197204589844e+01,1.261036777496337891e+01,9.000000000000000000e+00,0.000000000000000000e+00
1.878291511535644531e+01,1.351308345794677734e+01,2.100000000000000000e+01,0.000000000000000000e+00
1.837683296203613281e+01,1.339429759979248047e+01,2.100000000000000000e+01,0.000000000000000000e+00
1.764016532897949219e+01,1.311648178100585938e+01,2.000000000000000000e+01,0.000000000000000000e+00
1.845562362670898438e+01,1.349834156036376953e+01,2.100000000000000000e+01,0.000000000000000000e+00
1.762963676452636719e+01,1.097113704681396484e+01,9.000000000000000000e+00,0.000000000000000000e+00
1.806163215637207031e+01,8.972043037414550781e+00,9.000000000000000000e+00,0.000000000000000000e+00
1.837561988830566406e+01,1.340104484558105469e+01,2.100000000000000000e+01,0.000000000000000000e+00
1.886009597778320312e+01,1.344681167602539062e+01,2.100000000000000000e+01,0.000000000000000000e+00
1.885499191284179688e+01,1.366377353668212891e+01,2.100000000000000000e+01,0.000000000000000000e+00
1.819752120971679688e+01,1.314707469940185547e+01,9.000000000000000000e+00,0.000000000000000000e+00
1.867763519287109375e+01,1.362618637084960938e+01,2.100000000000000000e+01,0.000000000000000000e+00
1.871760177612304688e+01,1.355137825012207031e+01,2.100000000000000000e+01,0.000000000000000000e+00
1.832272529602050781e+01,1.376623916625976562e+01,9.000000000000000000e+00,0.000000000000000000e+00
1.808584785461425781e+01,1.340931320190429688e+01,9.000000000000000000e+00,0.000000000000000000e+00
1.791309356689453125e+01,1.323178291320800781e+01,9.000000000000000000e+00,0.000000000000000000e+00
1.833119773864746094e+01,1.356990146636962891e+01,2.100000000000000000e+01,0.000000000000000000e+00
1.767421913146972656e+01,1.099940395355224609e+01,9.000000000000000000e+00,0.000000000000000000e+00
1.833368301391601562e+01,1.361515712738037109e+01,2.100000000000000000e+01,0.000000000000000000e+00
1.762072944641113281e+01,1.096509075164794922e+01,1.200000000000000000e+01,0.000000000000000000e+00
1.833931732177734375e+01,1.346783351898193359e+01,2.100000000000000000e+01,0.000000000000000000e+00
1.866201972961425781e+01,1.374714946746826172e+01,2.100000000000000000e+01,0.000000000000000000e+00
1.882587814331054688e+01,1.336485099792480469e+01,2.100000000000000000e+01,0.000000000000000000e+00
1.862170791625976562e+01,1.380589199066162109e+01,2.100000000000000000e+01,0.000000000000000000e+00
1.882795715332031250e+01,1.353451728820800781e+01,2.100000000000000000e+01,0.000000000000000000e+00
1.888829040527343750e+01,1.343376159667968750e+01,2.100000000000000000e+01,0.000000000000000000e+00
1.862530708312988281e+01,1.382314300537109375e+01,2.100000000000000000e+01,0.000000000000000000e+00
1.791859245300292969e+01,1.316755390167236328e+01,2.000000000000000000e+01,0.000000000000000000e+00
1.851152420043945312e+01,1.388153362274169922e+01,9.000000000000000000e+00,0.000000000000000000e+00
1.866079139709472656e+01,1.360383701324462891e+01,2.100000000000000000e+01,0.000000000000000000e+00
1.842091178894042969e+01,1.352069473266601562e+01,2.100000000000000000e+01,0.000000000000000000e+00
1.783537292480468750e+01,1.110057067871093750e+01,9.000000000000000000e+00,0.000000000000000000e+00
1.755275344848632812e+01,1.288200759887695312e+01,9.000000000000000000e+00,0.000000000000000000e+00
1.836049652099609375e+01,1.339024353027343750e+01,2.100000000000000000e+01,0.000000000000000000e+00
1.876276016235351562e+01,1.358703231811523438e+01,2.100000000000000000e+01,0.000000000000000000e+00
1.857160949707031250e+01,1.385961818695068359e+01,2.100000000000000000e+01,0.000000000000000000e+00
1.869443321228027344e+01,1.346324157714843750e+01,2.100000000000000000e+01,0.000000000000000000e+00
1.844780349731445312e+01,1.324074840545654297e+01,2.100000000000000000e+01,0.000000000000000000e+00
2.537975120544433594e+01,5.373411178588867188e+00,9.000000000000000000e+00,0.000000000000000000e+00
1.788546943664550781e+01,1.335055828094482422e+01,9.000000000000000000e+00,0.000000000000000000e+00
1.840643119812011719e+01,1.375902271270751953e+01,2.100000000000000000e+01,0.000000000000000000e+00
1.857234954833984375e+01,1.355020809173583984e+01,9.000000000000000000e+00,0.000000000000000000e+00
1.849084281921386719e+01,1.374290466308593750e+01,2.100000000000000000e+01,0.000000000000000000e+00
1.886763191223144531e+01,1.362153434753417969e+01,2.100000000000000000e+01,0.000000000000000000e+00
1.858750724792480469e+01,1.352512168884277344e+01,2.100000000000000000e+01,0.000000000000000000e+00
1.852022552490234375e+01,1.371603870391845703e+01,2.100000000000000000e+01,0.000000000000000000e+00
1.763781166076660156e+01,1.094937801361083984e+01,1.200000000000000000e+01,0.000000000000000000e+00
1.679535102844238281e+01,1.313476371765136719e+01,9.000000000000000000e+00,0.000000000000000000e+00
1.861962509155273438e+01,1.383686828613281250e+01,2.100000000000000000e+01,0.000000000000000000e+00
1.792163848876953125e+01,1.321754360198974609e+01,2.000000000000000000e+01,0.000000000000000000e+00
1.786305999755859375e+01,1.314441299438476562e+01,2.000000000000000000e+01,0.000000000000000000e+00
1.856537437438964844e+01,1.379019451141357422e+01,2.100000000000000000e+01,0.000000000000000000e+00
1.887321662902832031e+01,1.338054466247558594e+01,2.100000000000000000e+01,0.000000000000000000e+00
1.831527137756347656e+01,1.368346214294433594e+01,2.100000000000000000e+01,0.000000000000000000e+00
1.871964263916015625e+01,1.372957611083984375e+01,2.100000000000000000e+01,0.000000000000000000e+00
1.806941795349121094e+01,1.065731048583984375e+01,9.000000000000000000e+00,0.000000000000000000e+00
1.849301338195800781e+01,1.371565055847167969e+01,2.100000000000000000e+01,0.000000000000000000e+00
1.817182350158691406e+01,1.343777656555175781e+01,9.000000000000000000e+00,0.000000000000000000e+00
1.802691268920898438e+01,1.081842327117919922e+01,9.000000000000000000e+00,0.000000000000000000e+00
1.762099075317382812e+01,1.095000648498535156e+01,1.200000000000000000e+01,0.000000000000000000e+00
1.867950248718261719e+01,1.357378387451171875e+01,2.100000000000000000e+01,0.000000000000000000e+00
1.828878784179687500e+01,1.327917098999023438e+01,2.100000000000000000e+01,0.000000000000000000e+00
1.830110359191894531e+01,1.348948669433593750e+01,2.100000000000000000e+01,0.000000000000000000e+00
1.871482849121093750e+01,1.358638191223144531e+01,9.000000000000000000e+00,0.000000000000000000e+00
1.829548454284667969e+01,1.366576099395751953e+01,2.100000000000000000e+01,0.000000000000000000e+00
1.862061691284179688e+01,1.369027519226074219e+01,2.100000000000000000e+01,0.000000000000000000e+00
1.832119750976562500e+01,1.336018943786621094e+01,2.100000000000000000e+01,0.000000000000000000e+00
1.804675674438476562e+01,1.342290401458740234e+01,9.000000000000000000e+00,0.000000000000000000e+00
1.832966613769531250e+01,1.338142299652099609e+01,2.100000000000000000e+01,0.000000000000000000e+00
1.872686576843261719e+01,1.354202842712402344e+01,2.100000000000000000e+01,0.000000000000000000e+00
1.878602600097656250e+01,1.343896389007568359e+01,2.100000000000000000e+01,0.000000000000000000e+00
1.784925842285156250e+01,1.114359951019287109e+01,9.000000000000000000e+00,0.000000000000000000e+00
1.888470458984375000e+01,1.355705833435058594e+01,2.100000000000000000e+01,0.000000000000000000e+00
1.760590362548828125e+01,1.091406917572021484e+01,1.200000000000000000e+01,0.000000000000000000e+00
1.884978103637695312e+01,1.337519836425781250e+01,2.100000000000000000e+01,0.000000000000000000e+00
1.842964744567871094e+01,1.319946002960205078e+01,2.100000000000000000e+01,0.000000000000000000e+00
1.865346336364746094e+01,1.353607749938964844e+01,2.100000000000000000e+01,0.000000000000000000e+00
1.764335823059082031e+01,1.094952583312988281e+01,9.000000000000000000e+00,0.000000000000000000e+00
1.771249771118164062e+01,1.311230468750000000e+01,9.000000000000000000e+00,0.000000000000000000e+00
1.859869956970214844e+01,1.352000331878662109e+01,2.100000000000000000e+01,0.000000000000000000e+00
1.877842330932617188e+01,1.355735015869140625e+01,2.100000000000000000e+01,0.000000000000000000e+00
1.805610656738281250e+01,1.063113212585449219e+01,9.000000000000000000e+00,0.000000000000000000e+00
1.590417385101318359e+01,1.312383747100830078e+01,9.000000000000000000e+00,0.000000000000000000e+00
1.784242248535156250e+01,1.322516727447509766e+01,2.000000000000000000e+01,0.000000000000000000e+00
1.869983291625976562e+01,1.351332855224609375e+01,2.100000000000000000e+01,0.000000000000000000e+00
1.856150245666503906e+01,1.384592723846435547e+01,2.100000000000000000e+01,0.000000000000000000e+00
1.825796699523925781e+01,1.358087825775146484e+01,2.100000000000000000e+01,0.000000000000000000e+00
1.884572029113769531e+01,1.364924240112304688e+01,2.100000000000000000e+01,0.000000000000000000e+00
2.525331306457519531e+01,5.458058834075927734e+00,9.000000000000000000e+00,0.000000000000000000e+00
1.774211883544921875e+01,1.324351215362548828e+01,9.000000000000000000e+00,0.000000000000000000e+00
1.841205787658691406e+01,1.385816574096679688e+01,9.000000000000000000e+00,0.000000000000000000e+00
1.877115821838378906e+01,1.353062152862548828e+01,2.100000000000000000e+01,0.000000000000000000e+00
1.766437530517578125e+01,1.324369049072265625e+01,9.000000000000000000e+00,0.000000000000000000e+00
1.793074798583984375e+01,1.333027553558349609e+01,9.000000000000000000e+00,0.000000000000000000e+00
1.854336738586425781e+01,1.352735042572021484e+01,2.100000000000000000e+01,0.000000000000000000e+00
1.764091682434082031e+01,1.097951889038085938e+01,1.200000000000000000e+01,0.000000000000000000e+00
1.890751075744628906e+01,1.335959148406982422e+01,2.100000000000000000e+01,0.000000000000000000e+00
1.841674041748046875e+01,1.320169925689697266e+01,2.100000000000000000e+01,0.000000000000000000e+00
1.769864463806152344e+01,1.280708980560302734e+01,9.000000000000000000e+00,0.000000000000000000e+00
1.764767265319824219e+01,1.097181224822998047e+01,1.200000000000000000e+01,0.000000000000000000e+00
1.806682395935058594e+01,1.346261119842529297e+01,9.000000000000000000e+00,0.000000000000000000e+00
1.835037612915039062e+01,1.377592277526855469e+01,9.000000000000000000e+00,0.000000000000000000e+00
1.831708526611328125e+01,1.327998447418212891e+01,2.100000000000000000e+01,0.000000000000000000e+00
1.834049415588378906e+01,1.340952110290527344e+01,2.100000000000000000e+01,0.000000000000000000e+00
1.874919700622558594e+01,1.368668556213378906e+01,2.100000000000000000e+01,0.000000000000000000e+00
1.778187751770019531e+01,1.326302433013916016e+01,9.000000000000000000e+00,0.000000000000000000e+00
1.765934371948242188e+01,1.101539325714111328e+01,1.200000000000000000e+01,0.000000000000000000e+00
1.766224288940429688e+01,1.101298999786376953e+01,9.000000000000000000e+00,0.000000000000000000e+00
1.856888771057128906e+01,1.383451843261718750e+01,2.100000000000000000e+01,0.000000000000000000e+00
1.884928703308105469e+01,1.344000720977783203e+01,2.100000000000000000e+01,0.000000000000000000e+00
1.761814308166503906e+01,1.095417213439941406e+01,1.200000000000000000e+01,0.000000000000000000e+00
1.762830162048339844e+01,1.094963264465332031e+01,1.200000000000000000e+01,0.000000000000000000e+00
1.872383308410644531e+01,1.355822658538818359e+01,2.100000000000000000e+01,0.000000000000000000e+00
1.878117752075195312e+01,1.369180202484130859e+01,2.100000000000000000e+01,0.000000000000000000e+00
1.882541847229003906e+01,1.361826896667480469e+01,2.100000000000000000e+01,0.000000000000000000e+00
1.834691810607910156e+01,1.324882316589355469e+01,2.100000000000000000e+01,0.000000000000000000e+00
1.801604652404785156e+01,1.248292350769042969e+01,9.000000000000000000e+00,0.000000000000000000e+00
1.863844299316406250e+01,1.374732875823974609e+01,2.100000000000000000e+01,0.000000000000000000e+00
1.782096290588378906e+01,1.306116008758544922e+01,2.000000000000000000e+01,0.000000000000000000e+00
1.791476821899414062e+01,1.317950057983398438e+01,2.000000000000000000e+01,0.000000000000000000e+00
1.857231330871582031e+01,1.367544555664062500e+01,2.100000000000000000e+01,0.000000000000000000e+00
1.809416961669921875e+01,1.063592720031738281e+01,9.000000000000000000e+00,0.000000000000000000e+00
1.834211540222167969e+01,1.356601142883300781e+01,9.000000000000000000e+00,0.000000000000000000e+00
1.875657653808593750e+01,1.354322719573974609e+01,2.100000000000000000e+01,0.000000000000000000e+00
1.759341812133789062e+01,1.097455024719238281e+01,1.200000000000000000e+01,0.000000000000000000e+00
1.837467002868652344e+01,1.324770641326904297e+01,2.100000000000000000e+01,0.000000000000000000e+00
1.878510093688964844e+01,1.359103775024414062e+01,2.100000000000000000e+01,0.000000000000000000e+00
1.871447372436523438e+01,1.374539184570312500e+01,2.100000000000000000e+01,0.000000000000000000e+00
1.878843498229980469e+01,1.374684715270996094e+01,2.100000000000000000e+01,0.000000000000000000e+00
1.778977584838867188e+01,1.327601432800292969e+01,2.100000000000000000e+01,0.000000000000000000e+00
1.884905624389648438e+01,1.364768505096435547e+01,2.100000000000000000e+01,0.000000000000000000e+00
1.793884277343750000e+01,1.334427452087402344e+01,2.100000000000000000e+01,0.000000000000000000e+00
1.833928489685058594e+01,1.349025154113769531e+01,2.100000000000000000e+01,0.000000000000000000e+00
1.845508575439453125e+01,1.371125793457031250e+01,2.100000000000000000e+01,0.000000000000000000e+00
1.852495002746582031e+01,1.358091449737548828e+01,2.100000000000000000e+01,0.000000000000000000e+00
2.303600692749023438e+01,-4.325911030173301697e-02,1.300000000000000000e+01,0.000000000000000000e+00
2.305110359191894531e+01,2.716251015663146973e-01,1.300000000000000000e+01,0.000000000000000000e+00
2.307037544250488281e+01,-8.177744150161743164e-01,9.000000000000000000e+00,0.000000000000000000e+00
2.248725318908691406e+01,-1.396743297576904297e+00,1.300000000000000000e+01,0.000000000000000000e+00
2.285913848876953125e+01,-1.070842146873474121e+00,1.300000000000000000e+01,0.000000000000000000e+00
2.302943801879882812e+01,-2.808685302734375000e-01,1.300000000000000000e+01,0.000000000000000000e+00
2.314126586914062500e+01,1.058994054794311523e+00,1.300000000000000000e+01,0.000000000000000000e+00
2.304821395874023438e+01,-9.252447485923767090e-01,1.300000000000000000e+01,0.000000000000000000e+00
2.298294830322265625e+01,-4.747792612761259079e-03,1.300000000000000000e+01,0.000000000000000000e+00
2.299458503723144531e+01,-1.052338600158691406e+00,1.300000000000000000e+01,0.000000000000000000e+00
2.277199172973632812e+01,-1.144946336746215820e+00,1.300000000000000000e+01,0.000000000000000000e+00
1.829727554321289062e+01,1.190111541748046875e+01,9.000000000000000000e+00,0.000000000000000000e+00
2.277966308593750000e+01,-1.197540402412414551e+00,1.300000000000000000e+01,0.000000000000000000e+00
2.314825439453125000e+01,1.034342050552368164e+00,1.300000000000000000e+01,0.000000000000000000e+00
2.305444526672363281e+01,-1.314493827521800995e-02,1.300000000000000000e+01,0.000000000000000000e+00
1.848342323303222656e+01,1.329857349395751953e+01,9.000000000000000000e+00,0.000000000000000000e+00
2.301795196533203125e+01,1.739464849233627319e-01,1.300000000000000000e+01,0.000000000000000000e+00
2.305309677124023438e+01,2.627581059932708740e-01,1.300000000000000000e+01,0.000000000000000000e+00
2.279136085510253906e+01,-1.187992930412292480e+00,1.300000000000000000e+01,0.000000000000000000e+00
2.303804969787597656e+01,-2.203751206398010254e-01,1.300000000000000000e+01,0.000000000000000000e+00
2.315277862548828125e+01,1.066378355026245117e+00,1.300000000000000000e+01,0.000000000000000000e+00
2.299292564392089844e+01,-3.976968228816986084e-01,1.300000000000000000e+01,0.000000000000000000e+00
2.303988456726074219e+01,-1.834073662757873535e-01,1.300000000000000000e+01,0.000000000000000000e+00
2.276654052734375000e+01,-1.077378153800964355e+00,1.300000000000000000e+01,0.000000000000000000e+00
2.316482543945312500e+01,1.027252793312072754e+00,1.300000000000000000e+01,0.000000000000000000e+00
2.310888671875000000e+01,-8.651131391525268555e-01,1.300000000000000000e+01,0.000000000000000000e+00
2.303909873962402344e+01,1.334774792194366455e-01,1.300000000000000000e+01,0.000000000000000000e+00
2.303801536560058594e+01,-8.549101352691650391e-01,1.300000000000000000e+01,0.000000000000000000e+00
2.299563598632812500e+01,-4.495806097984313965e-01,1.300000000000000000e+01,0.000000000000000000e+00
2.300820732116699219e+01,-8.522062897682189941e-01,1.300000000000000000e+01,0.000000000000000000e+00
2.298630332946777344e+01,-4.004320800304412842e-01,1.300000000000000000e+01,0.000000000000000000e+00
2.299178504943847656e+01,-3.129812777042388916e-01,1.300000000000000000e+01,0.000000000000000000e+00
2.273037147521972656e+01,-1.221963644027709961e+00,1.300000000000000000e+01,0.000000000000000000e+00
2.311532402038574219e+01,-8.543369174003601074e-01,1.300000000000000000e+01,0.000000000000000000e+00
2.312977027893066406e+01,-8.560903668403625488e-01,1.300000000000000000e+01,0.000000000000000000e+00
2.283911514282226562e+01,-1.056241154670715332e+00,1.300000000000000000e+01,0.000000000000000000e+00
2.313392448425292969e+01,1.053626060485839844e+00,1.300000000000000000e+01,0.000000000000000000e+00
2.302761268615722656e+01,-6.747884154319763184e-01,9.000000000000000000e+00,0.000000000000000000e+00
2.314617347717285156e+01,1.075688838958740234e+00,1.300000000000000000e+01,0.000000000000000000e+00
2.314832115173339844e+01,1.062917232513427734e+00,1.300000000000000000e+01,0.000000000000000000e+00
2.299076652526855469e+01,-5.167402699589729309e-02,1.300000000000000000e+01,0.000000000000000000e+00
2.301974678039550781e+01,-8.989691138267517090e-01,1.300000000000000000e+01,0.000000000000000000e+00
2.303709220886230469e+01,-2.025408446788787842e-01,1.300000000000000000e+01,0.000000000000000000e+00
2.314543914794921875e+01,1.049832701683044434e+00,1.300000000000000000e+01,0.000000000000000000e+00
2.286121368408203125e+01,-9.203008413314819336e-01,1.300000000000000000e+01,0.000000000000000000e+00
2.248999404907226562e+01,-1.395620107650756836e+00,1.300000000000000000e+01,0.000000000000000000e+00
2.309636878967285156e+01,1.021767854690551758e+00,1.300000000000000000e+01,0.000000000000000000e+00
2.315063667297363281e+01,1.062580585479736328e+00,1.300000000000000000e+01,0.000000000000000000e+00
2.305355834960937500e+01,3.054362535476684570e-01,1.300000000000000000e+01,0.000000000000000000e+00
2.288199234008789062e+01,-9.731469154357910156e-01,1.300000000000000000e+01,0.000000000000000000e+00
2.303489875793457031e+01,1.519171446561813354e-01,1.300000000000000000e+01,0.000000000000000000e+00
2.309531402587890625e+01,-8.691181540489196777e-01,1.300000000000000000e+01,0.000000000000000000e+00
2.313018417358398438e+01,1.066574096679687500e+00,1.300000000000000000e+01,0.000000000000000000e+00
2.314110946655273438e+01,1.084666371345520020e+00,1.300000000000000000e+01,0.000000000000000000e+00
2.313830757141113281e+01,1.051124334335327148e+00,1.300000000000000000e+01,0.000000000000000000e+00
2.304882049560546875e+01,2.619472444057464600e-01,1.300000000000000000e+01,0.000000000000000000e+00
2.277783966064453125e+01,-1.183110952377319336e+00,1.300000000000000000e+01,0.000000000000000000e+00
2.284111022949218750e+01,-1.074837446212768555e+00,1.300000000000000000e+01,0.000000000000000000e+00
2.306056404113769531e+01,-7.581195235252380371e-01,9.000000000000000000e+00,0.000000000000000000e+00
2.314881896972656250e+01,1.063032865524291992e+00,1.300000000000000000e+01,0.000000000000000000e+00
2.302878379821777344e+01,-1.207381263375282288e-01,1.300000000000000000e+01,0.000000000000000000e+00
2.304925155639648438e+01,2.691022455692291260e-01,1.300000000000000000e+01,0.000000000000000000e+00
2.272761917114257812e+01,-1.213714480400085449e+00,1.300000000000000000e+01,0.000000000000000000e+00
2.285493850708007812e+01,-1.110690236091613770e+00,1.300000000000000000e+01,0.000000000000000000e+00
2.294271850585937500e+01,-1.052413463592529297e+00,1.300000000000000000e+01,0.000000000000000000e+00
2.297878646850585938e+01,-1.018396854400634766e+00,1.300000000000000000e+01,0.000000000000000000e+00
2.291036033630371094e+01,-7.499586939811706543e-01,1.300000000000000000e+01,0.000000000000000000e+00
2.303872871398925781e+01,1.333819031715393066e-01,1.300000000000000000e+01,0.000000000000000000e+00
2.305150985717773438e+01,2.746736407279968262e-01,1.300000000000000000e+01,0.000000000000000000e+00
2.294011116027832031e+01,-9.212827682495117188e-01,1.300000000000000000e+01,0.000000000000000000e+00
2.277967834472656250e+01,-1.162815809249877930e+00,1.300000000000000000e+01,0.000000000000000000e+00
2.303113746643066406e+01,-1.278579235076904297e-01,1.300000000000000000e+01,0.000000000000000000e+00
2.290539550781250000e+01,-9.889731407165527344e-01,1.300000000000000000e+01,0.000000000000000000e+00
2.297784805297851562e+01,-6.418322026729583740e-02,1.300000000000000000e+01,0.000000000000000000e+00
2.298994636535644531e+01,-2.512787580490112305e-01,1.300000000000000000e+01,0.000000000000000000e+00
2.300204467773437500e+01,6.699637323617935181e-02,1.300000000000000000e+01,0.000000000000000000e+00
1.862885665893554688e+01,1.332784748077392578e+01,9.000000000000000000e+00,0.000000000000000000e+00
2.301517295837402344e+01,1.203252896666526794e-01,1.300000000000000000e+01,0.000000000000000000e+00
2.315138816833496094e+01,-8.739864230155944824e-01,1.300000000000000000e+01,0.000000000000000000e+00
2.292825317382812500e+01,-1.076153516769409180e+00,1.300000000000000000e+01,0.000000000000000000e+00
2.306067085266113281e+01,2.447359710931777954e-01,1.300000000000000000e+01,0.000000000000000000e+00
2.302522850036621094e+01,-8.786765933036804199e-01,1.300000000000000000e+01,0.000000000000000000e+00
2.305241775512695312e+01,2.434182465076446533e-01,1.300000000000000000e+01,0.000000000000000000e+00
2.288959121704101562e+01,-7.335947751998901367e-01,1.300000000000000000e+01,0.000000000000000000e+00
2.298277664184570312e+01,-2.345102876424789429e-01,1.300000000000000000e+01,0.000000000000000000e+00
2.298472595214843750e+01,-9.590016305446624756e-02,1.300000000000000000e+01,0.000000000000000000e+00
2.299677085876464844e+01,-1.930680684745311737e-02,1.300000000000000000e+01,0.000000000000000000e+00
2.299101066589355469e+01,-2.667061686515808105e-01,1.300000000000000000e+01,0.000000000000000000e+00
2.305656623840332031e+01,-8.043376803398132324e-01,1.300000000000000000e+01,0.000000000000000000e+00
2.299580955505371094e+01,-3.603083789348602295e-01,1.300000000000000000e+01,0.000000000000000000e+00
2.300040817260742188e+01,-3.715591728687286377e-01,1.300000000000000000e+01,0.000000000000000000e+00
2.295611763000488281e+01,-1.025614738464355469e+00,1.300000000000000000e+01,0.000000000000000000e+00
2.315668678283691406e+01,1.047905921936035156e+00,1.300000000000000000e+01,0.000000000000000000e+00
2.305047798156738281e+01,2.777093350887298584e-01,1.300000000000000000e+01,0.000000000000000000e+00
2.299435424804687500e+01,-4.154413044452667236e-01,1.300000000000000000e+01,0.000000000000000000e+00
2.298847579956054688e+01,-2.349350005388259888e-01,1.300000000000000000e+01,0.000000000000000000e+00
2.302082633972167969e+01,-5.408236980438232422e-01,1.300000000000000000e+01,0.000000000000000000e+00
2.273369598388671875e+01,-1.219782471656799316e+00,1.300000000000000000e+01,0.000000000000000000e+00
2.249051666259765625e+01,-1.400372028350830078e+00,1.300000000000000000e+01,0.000000000000000000e+00
2.303245162963867188e+01,-3.182466626167297363e-01,1.300000000000000000e+01,0.000000000000000000e+00
2.308406639099121094e+01,-9.352715611457824707e-01,1.300000000000000000e+01,0.000000000000000000e+00
2.303285980224609375e+01,2.526186406612396240e-01,1.300000000000000000e+01,0.000000000000000000e+00
2.314047622680664062e+01,1.066527009010314941e+00,1.300000000000000000e+01,0.000000000000000000e+00
2.303918266296386719e+01,-3.109655156731605530e-02,1.300000000000000000e+01,0.000000000000000000e+00
2.281478118896484375e+01,-1.135970354080200195e+00,1.300000000000000000e+01,0.000000000000000000e+00
2.302624702453613281e+01,-6.543156504631042480e-01,9.000000000000000000e+00,0.000000000000000000e+00
2.306772422790527344e+01,-8.404992222785949707e-01,1.300000000000000000e+01,0.000000000000000000e+00
2.305134010314941406e+01,-7.482306361198425293e-01,9.000000000000000000e+00,0.000000000000000000e+00
2.275195312500000000e+01,-1.174382328987121582e+00,1.300000000000000000e+01,0.000000000000000000e+00
2.276597785949707031e+01,-1.200201869010925293e+00,1.300000000000000000e+01,0.000000000000000000e+00
2.304957389831542969e+01,2.615814805030822754e-01,1.300000000000000000e+01,0.000000000000000000e+00
2.273997497558593750e+01,-1.218134403228759766e+00,1.300000000000000000e+01,0.000000000000000000e+00
2.308773612976074219e+01,-9.426993727684020996e-01,1.300000000000000000e+01,0.000000000000000000e+00
2.303490447998046875e+01,3.191792070865631104e-01,1.300000000000000000e+01,0.000000000000000000e+00
2.305524444580078125e+01,-9.382939338684082031e-01,1.300000000000000000e+01,0.000000000000000000e+00
2.278764343261718750e+01,-1.108810067176818848e+00,1.300000000000000000e+01,0.000000000000000000e+00
2.248197174072265625e+01,-1.404161095619201660e+00,1.300000000000000000e+01,0.000000000000000000e+00
2.302634239196777344e+01,-6.619281768798828125e-01,9.000000000000000000e+00,0.000000000000000000e+00
2.298460006713867188e+01,-4.022683799266815186e-01,1.300000000000000000e+01,0.000000000000000000e+00
2.299269294738769531e+01,-4.364677891135215759e-02,1.300000000000000000e+01,0.000000000000000000e+00
2.299988365173339844e+01,-9.394267797470092773e-01,1.300000000000000000e+01,0.000000000000000000e+00
2.299633979797363281e+01,-3.860040605068206787e-01,1.300000000000000000e+01,0.000000000000000000e+00
2.308628463745117188e+01,-7.853036522865295410e-01,1.300000000000000000e+01,0.000000000000000000e+00
2.314772415161132812e+01,1.033521175384521484e+00,1.300000000000000000e+01,0.000000000000000000e+00
2.268565368652343750e+01,-1.255310177803039551e+00,1.300000000000000000e+01,0.000000000000000000e+00
2.275220108032226562e+01,-1.195609092712402344e+00,1.300000000000000000e+01,0.000000000000000000e+00
2.314916229248046875e+01,-8.574255108833312988e-01,1.300000000000000000e+01,0.000000000000000000e+00
2.298927497863769531e+01,-2.575465850532054901e-02,1.300000000000000000e+01,0.000000000000000000e+00
2.298788642883300781e+01,-2.695969343185424805e-01,1.300000000000000000e+01,0.000000000000000000e+00
2.247580528259277344e+01,-1.411030292510986328e+00,1.300000000000000000e+01,0.000000000000000000e+00
2.282402992248535156e+01,-1.147656559944152832e+00,1.300000000000000000e+01,0.000000000000000000e+00
2.298988342285156250e+01,5.509955063462257385e-02,1.300000000000000000e+01,0.000000000000000000e+00
2.272877883911132812e+01,-1.160728931427001953e+00,1.300000000000000000e+01,0.000000000000000000e+00
2.313011169433593750e+01,1.074546933174133301e+00,1.300000000000000000e+01,0.000000000000000000e+00
2.304926300048828125e+01,-9.616158008575439453e-01,1.300000000000000000e+01,0.000000000000000000e+00
2.297764778137207031e+01,-1.142403408885002136e-01,1.300000000000000000e+01,0.000000000000000000e+00
2.303994369506835938e+01,1.110153570771217346e-01,1.300000000000000000e+01,0.000000000000000000e+00
2.290892982482910156e+01,-9.020964503288269043e-01,1.300000000000000000e+01,0.000000000000000000e+00
2.249510192871093750e+01,-1.394145607948303223e+00,1.300000000000000000e+01,0.000000000000000000e+00
2.306557464599609375e+01,2.870460450649261475e-01,1.300000000000000000e+01,0.000000000000000000e+00
2.297839927673339844e+01,-1.703908294439315796e-01,1.300000000000000000e+01,0.000000000000000000e+00
2.303644561767578125e+01,-5.670968294143676758e-01,1.300000000000000000e+01,0.000000000000000000e+00
2.286523437500000000e+01,-1.130371332168579102e+00,1.300000000000000000e+01,0.000000000000000000e+00
2.247340774536132812e+01,-1.411061644554138184e+00,1.300000000000000000e+01,0.000000000000000000e+00
2.303593444824218750e+01,2.134339809417724609e-01,1.300000000000000000e+01,0.000000000000000000e+00
2.314581108093261719e+01,-8.479005098342895508e-01,1.300000000000000000e+01,0.000000000000000000e+00
2.309401321411132812e+01,-8.496535420417785645e-01,1.300000000000000000e+01,0.000000000000000000e+00
2.278715896606445312e+01,-1.172490835189819336e+00,1.300000000000000000e+01,0.000000000000000000e+00
2.303217887878417969e+01,-9.547010064125061035e-01,1.300000000000000000e+01,0.000000000000000000e+00
2.279608917236328125e+01,-1.133502602577209473e+00,1.300000000000000000e+01,0.000000000000000000e+00
2.280914306640625000e+01,-1.041763901710510254e+00,1.300000000000000000e+01,0.000000000000000000e+00
2.303335571289062500e+01,-5.787494182586669922e-01,1.300000000000000000e+01,0.000000000000000000e+00
2.303281021118164062e+01,-1.804969757795333862e-01,1.300000000000000000e+01,0.000000000000000000e+00
2.284823417663574219e+01,-1.089764833450317383e+00,1.300000000000000000e+01,0.000000000000000000e+00
2.311426544189453125e+01,-7.454877495765686035e-01,9.000000000000000000e+00,0.000000000000000000e+00
2.304903602600097656e+01,2.678176760673522949e-01,1.300000000000000000e+01,0.000000000000000000e+00
2.296354484558105469e+01,-8.997303247451782227e-01,1.300000000000000000e+01,0.000000000000000000e+00
2.312029647827148438e+01,-7.484927177429199219e-01,9.000000000000000000e+00,0.000000000000000000e+00
2.292006874084472656e+01,-1.077450156211853027e+00,1.300000000000000000e+01,0.000000000000000000e+00
2.308765029907226562e+01,-7.788627147674560547e-01,1.300000000000000000e+01,0.000000000000000000e+00
2.314496040344238281e+01,1.069450378417968750e+00,1.300000000000000000e+01,0.000000000000000000e+00
2.297058105468750000e+01,-9.440660476684570312e-02,1.300000000000000000e+01,0.000000000000000000e+00
2.255002212524414062e+01,-1.349229812622070312e+00,1.300000000000000000e+01,0.000000000000000000e+00
2.313966178894042969e+01,-8.475531935691833496e-01,1.300000000000000000e+01,0.000000000000000000e+00
2.304809379577636719e+01,2.769683301448822021e-01,1.300000000000000000e+01,0.000000000000000000e+00
2.314394187927246094e+01,1.064275860786437988e+00,1.300000000000000000e+01,0.000000000000000000e+00
2.299825477600097656e+01,-3.743827044963836670e-01,1.300000000000000000e+01,0.000000000000000000e+00
2.313207054138183594e+01,1.042392492294311523e+00,1.300000000000000000e+01,0.000000000000000000e+00
2.311465835571289062e+01,1.099457740783691406e+00,1.300000000000000000e+01,0.000000000000000000e+00
2.275501060485839844e+01,-1.191113233566284180e+00,1.300000000000000000e+01,0.000000000000000000e+00
2.290062141418457031e+01,-8.355982899665832520e-01,1.300000000000000000e+01,0.000000000000000000e+00
2.273739051818847656e+01,-1.194199562072753906e+00,1.300000000000000000e+01,0.000000000000000000e+00
2.246280288696289062e+01,-1.416552066802978516e+00,1.300000000000000000e+01,0.000000000000000000e+00
2.301500320434570312e+01,-8.592785596847534180e-01,1.300000000000000000e+01,0.000000000000000000e+00
2.275326538085937500e+01,-1.145577907562255859e+00,1.300000000000000000e+01,0.000000000000000000e+00
2.305260848999023438e+01,2.832855582237243652e-01,1.300000000000000000e+01,0.000000000000000000e+00
1.786852836608886719e+01,1.057890415191650391e+01,9.000000000000000000e+00,0.000000000000000000e+00
2.313013076782226562e+01,-8.518219590187072754e-01,1.300000000000000000e+01,0.000000000000000000e+00
2.247031021118164062e+01,-1.415771007537841797e+00,1.300000000000000000e+01,0.000000000000000000e+00
2.301915359497070312e+01,-7.251620292663574219e-01,9.000000000000000000e+00,0.000000000000000000e+00
2.250452613830566406e+01,-1.393795013427734375e+00,1.300000000000000000e+01,0.000000000000000000e+00
2.314372634887695312e+01,1.054407238960266113e+00,1.300000000000000000e+01,0.000000000000000000e+00
2.304247474670410156e+01,-3.592955172061920166e-01,1.300000000000000000e+01,0.000000000000000000e+00
2.315789031982421875e+01,9.963908791542053223e-01,1.300000000000000000e+01,0.000000000000000000e+00
2.305316925048828125e+01,-6.177030801773071289e-01,1.300000000000000000e+01,0.000000000000000000e+00
2.281227111816406250e+01,-1.146730661392211914e+00,1.300000000000000000e+01,0.000000000000000000e+00
2.300052833557128906e+01,-3.912777006626129150e-01,1.300000000000000000e+01,0.000000000000000000e+00
2.296307563781738281e+01,-2.626487314701080322e-01,1.300000000000000000e+01,0.000000000000000000e+00
2.314309120178222656e+01,1.063273072242736816e+00,1.300000000000000000e+01,0.000000000000000000e+00
2.292454147338867188e+01,-1.064310073852539062e+00,1.300000000000000000e+01,0.000000000000000000e+00
2.305538177490234375e+01,-4.937211871147155762e-01,1.300000000000000000e+01,0.000000000000000000e+00
2.314118194580078125e+01,1.076221466064453125e+00,1.300000000000000000e+01,0.000000000000000000e+00
1.825299072265625000e+01,1.179154968261718750e+01,9.000000000000000000e+00,0.000000000000000000e+00
2.311194801330566406e+01,-8.712163567543029785e-01,1.300000000000000000e+01,0.000000000000000000e+00
2.276531600952148438e+01,-1.170479416847229004e+00,1.300000000000000000e+01,0.000000000000000000e+00
2.289161682128906250e+01,-8.168202638626098633e-01,1.300000000000000000e+01,0.000000000000000000e+00
2.313267898559570312e+01,1.089361786842346191e+00,1.300000000000000000e+01,0.000000000000000000e+00
2.286097526550292969e+01,-8.528260588645935059e-01,1.300000000000000000e+01,0.000000000000000000e+00
2.311032867431640625e+01,-8.855220079421997070e-01,1.300000000000000000e+01,0.000000000000000000e+00
2.314735603332519531e+01,1.078933835029602051e+00,1.300000000000000000e+01,0.000000000000000000e+00
2.314766502380371094e+01,1.063268661499023438e+00,1.300000000000000000e+01,0.000000000000000000e+00
2.298726654052734375e+01,-4.205932617187500000e-01,1.300000000000000000e+01,0.000000000000000000e+00
2.314065551757812500e+01,1.060088634490966797e+00,1.300000000000000000e+01,0.000000000000000000e+00
2.304663848876953125e+01,2.570257484912872314e-01,1.300000000000000000e+01,0.000000000000000000e+00
2.314082145690917969e+01,-8.515945672988891602e-01,1.300000000000000000e+01,0.000000000000000000e+00
2.251844024658203125e+01,-1.363063097000122070e+00,1.300000000000000000e+01,0.000000000000000000e+00
2.305221748352050781e+01,2.626009583473205566e-01,1.300000000000000000e+01,0.000000000000000000e+00
2.303640556335449219e+01,2.156289815902709961e-01,1.300000000000000000e+01,0.000000000000000000e+00
2.297712326049804688e+01,-1.018190860748291016e+00,1.300000000000000000e+01,0.000000000000000000e+00
2.313126945495605469e+01,1.063019633293151855e+00,1.300000000000000000e+01,0.000000000000000000e+00
1.366232585906982422e+01,-5.978946685791015625e-01,1.400000000000000000e+01,0.000000000000000000e+00
1.359677410125732422e+01,2.776267705485224724e-03,1.400000000000000000e+01,0.000000000000000000e+00
1.367761993408203125e+01,1.801522672176361084e-01,1.400000000000000000e+01,0.000000000000000000e+00
1.399428939819335938e+01,4.230670630931854248e-02,1.400000000000000000e+01,0.000000000000000000e+00
1.362580013275146484e+01,3.460554778575897217e-02,1.400000000000000000e+01,0.000000000000000000e+00
8.360187530517578125e+00,1.177434349060058594e+01,9.000000000000000000e+00,0.000000000000000000e+00
1.363727569580078125e+01,8.941262215375900269e-02,1.400000000000000000e+01,0.000000000000000000e+00
1.376174831390380859e+01,2.215062379837036133e-01,1.400000000000000000e+01,0.000000000000000000e+00
1.362906932830810547e+01,-6.549516320228576660e-01,9.000000000000000000e+00,0.000000000000000000e+00
1.363485908508300781e+01,-2.032696306705474854e-01,1.400000000000000000e+01,0.000000000000000000e+00
1.376097774505615234e+01,2.409271597862243652e-01,1.400000000000000000e+01,0.000000000000000000e+00
1.355330276489257812e+01,-7.196682691574096680e-01,9.000000000000000000e+00,0.000000000000000000e+00
1.368151950836181641e+01,8.371689170598983765e-02,1.400000000000000000e+01,0.000000000000000000e+00
1.386498451232910156e+01,6.576704327017068863e-03,1.400000000000000000e+01,0.000000000000000000e+00
1.356656742095947266e+01,-2.039612829685211182e-01,1.400000000000000000e+01,0.000000000000000000e+00
1.361424446105957031e+01,-5.198199152946472168e-01,1.400000000000000000e+01,0.000000000000000000e+00
1.354572296142578125e+01,-6.354107856750488281e-01,1.400000000000000000e+01,0.000000000000000000e+00
1.364269351959228516e+01,-3.285619020462036133e-01,9.000000000000000000e+00,0.000000000000000000e+00
1.386417007446289062e+01,1.531298924237489700e-02,1.400000000000000000e+01,0.000000000000000000e+00
1.365676212310791016e+01,-5.027599334716796875e-01,1.400000000000000000e+01,0.000000000000000000e+00
1.401920890808105469e+01,1.792928427457809448e-01,1.400000000000000000e+01,0.000000000000000000e+00
1.369799709320068359e+01,-4.653698205947875977e-01,1.400000000000000000e+01,0.000000000000000000e+00
1.380786609649658203e+01,-4.221954345703125000e-01,1.400000000000000000e+01,0.000000000000000000e+00
1.391583442687988281e+01,3.357879519462585449e-01,1.400000000000000000e+01,0.000000000000000000e+00
1.383750343322753906e+01,-1.553979068994522095e-01,1.400000000000000000e+01,0.000000000000000000e+00
1.396043109893798828e+01,1.517393887042999268e-01,1.400000000000000000e+01,0.000000000000000000e+00
1.399037361145019531e+01,2.408282160758972168e-01,1.400000000000000000e+01,0.000000000000000000e+00
1.376453590393066406e+01,-5.035598874092102051e-01,1.400000000000000000e+01,0.000000000000000000e+00
1.362226963043212891e+01,1.118592470884323120e-01,1.400000000000000000e+01,0.000000000000000000e+00
1.384770107269287109e+01,-6.182848662137985229e-02,1.400000000000000000e+01,0.000000000000000000e+00
1.428635692596435547e+01,1.060736846923828125e+01,9.000000000000000000e+00,0.000000000000000000e+00
1.375005054473876953e+01,-8.684363216161727905e-02,1.400000000000000000e+01,0.000000000000000000e+00
1.365432167053222656e+01,6.247077137231826782e-02,1.400000000000000000e+01,0.000000000000000000e+00
1.379578876495361328e+01,2.241807729005813599e-01,1.400000000000000000e+01,0.000000000000000000e+00
1.387625980377197266e+01,-8.783809840679168701e-02,1.400000000000000000e+01,0.000000000000000000e+00
1.388082122802734375e+01,2.918860018253326416e-01,1.400000000000000000e+01,0.000000000000000000e+00
1.354459667205810547e+01,-4.927710592746734619e-01,9.000000000000000000e+00,0.000000000000000000e+00
1.373942661285400391e+01,-1.324923932552337646e-01,1.400000000000000000e+01,0.000000000000000000e+00
1.355111408233642578e+01,-5.832910537719726562e-01,1.400000000000000000e+01,0.000000000000000000e+00
1.373987007141113281e+01,1.961984634399414062e-01,1.400000000000000000e+01,0.000000000000000000e+00
1.352250385284423828e+01,-9.835399687290191650e-02,1.400000000000000000e+01,0.000000000000000000e+00
1.364684677124023438e+01,-2.324479520320892334e-01,1.400000000000000000e+01,0.000000000000000000e+00
1.359525012969970703e+01,-2.664968073368072510e-01,1.400000000000000000e+01,0.000000000000000000e+00
1.371623134613037109e+01,-4.464007616043090820e-01,1.400000000000000000e+01,0.000000000000000000e+00
1.367240238189697266e+01,-5.629123449325561523e-01,1.400000000000000000e+01,0.000000000000000000e+00
1.367361164093017578e+01,-5.206239819526672363e-01,1.400000000000000000e+01,0.000000000000000000e+00
1.356664657592773438e+01,-6.904522776603698730e-01,9.000000000000000000e+00,0.000000000000000000e+00
1.355891990661621094e+01,-4.101502895355224609e-01,9.000000000000000000e+00,0.000000000000000000e+00
1.365247249603271484e+01,7.995421439409255981e-02,1.400000000000000000e+01,0.000000000000000000e+00
1.395253086090087891e+01,1.660626232624053955e-01,1.400000000000000000e+01,0.000000000000000000e+00
1.365717220306396484e+01,-5.940952301025390625e-01,9.000000000000000000e+00,0.000000000000000000e+00
1.359208774566650391e+01,4.430102929472923279e-02,1.400000000000000000e+01,0.000000000000000000e+00
1.372033596038818359e+01,-5.110027790069580078e-01,1.400000000000000000e+01,0.000000000000000000e+00
1.359269714355468750e+01,-5.695300102233886719e-01,1.400000000000000000e+01,0.000000000000000000e+00
1.366310119628906250e+01,7.804714888334274292e-02,1.400000000000000000e+01,0.000000000000000000e+00
1.396589088439941406e+01,3.310559689998626709e-01,1.400000000000000000e+01,0.000000000000000000e+00
1.376392650604248047e+01,2.158726900815963745e-01,1.400000000000000000e+01,0.000000000000000000e+00
1.360324192047119141e+01,-1.955073177814483643e-01,1.400000000000000000e+01,0.000000000000000000e+00
1.363489913940429688e+01,-5.068479776382446289e-01,1.400000000000000000e+01,0.000000000000000000e+00
1.355118751525878906e+01,-8.743301033973693848e-02,1.400000000000000000e+01,0.000000000000000000e+00
1.382794857025146484e+01,1.842669546604156494e-01,1.400000000000000000e+01,0.000000000000000000e+00
1.397382354736328125e+01,7.457416504621505737e-02,1.400000000000000000e+01,0.000000000000000000e+00
1.365085124969482422e+01,-1.591609120368957520e-01,1.400000000000000000e+01,0.000000000000000000e+00
1.398270511627197266e+01,5.834337696433067322e-02,1.400000000000000000e+01,0.000000000000000000e+00
1.397055912017822266e+01,3.553465008735656738e-01,1.400000000000000000e+01,0.000000000000000000e+00
1.375395488739013672e+01,7.914601266384124756e-02,1.400000000000000000e+01,0.000000000000000000e+00
1.604137229919433594e+01,1.306658744812011719e+01,9.000000000000000000e+00,0.000000000000000000e+00
1.361013031005859375e+01,-4.173609614372253418e-01,1.400000000000000000e+01,0.000000000000000000e+00
1.325501537322998047e+01,1.125184822082519531e+01,9.000000000000000000e+00,0.000000000000000000e+00
1.384239292144775391e+01,2.576561868190765381e-01,1.400000000000000000e+01,0.000000000000000000e+00
1.406450080871582031e+01,1.081769466400146484e-01,1.400000000000000000e+01,0.000000000000000000e+00
1.375298023223876953e+01,3.228670954704284668e-01,1.400000000000000000e+01,0.000000000000000000e+00
1.357739257812500000e+01,-5.960873961448669434e-01,1.400000000000000000e+01,0.000000000000000000e+00
1.354187297821044922e+01,-1.140574887394905090e-01,1.400000000000000000e+01,0.000000000000000000e+00
1.371784019470214844e+01,-5.203394889831542969e-01,1.400000000000000000e+01,0.000000000000000000e+00
1.610605049133300781e+01,1.326901340484619141e+01,9.000000000000000000e+00,0.000000000000000000e+00
1.363846588134765625e+01,1.630465835332870483e-01,1.400000000000000000e+01,0.000000000000000000e+00
1.373181152343750000e+01,1.502625793218612671e-01,1.400000000000000000e+01,0.000000000000000000e+00
1.385318946838378906e+01,-3.048280775547027588e-01,1.400000000000000000e+01,0.000000000000000000e+00
1.393158912658691406e+01,3.335445821285247803e-01,1.400000000000000000e+01,0.000000000000000000e+00
1.382595920562744141e+01,-4.012432396411895752e-01,1.400000000000000000e+01,0.000000000000000000e+00
1.385647487640380859e+01,3.369585573673248291e-01,1.400000000000000000e+01,0.000000000000000000e+00
1.372830104827880859e+01,3.023824095726013184e-01,1.400000000000000000e+01,0.000000000000000000e+00
1.643871116638183594e+01,1.199007987976074219e+01,9.000000000000000000e+00,0.000000000000000000e+00
1.355499362945556641e+01,-1.003654152154922485e-01,1.400000000000000000e+01,0.000000000000000000e+00
1.621265983581542969e+01,1.293515014648437500e+01,9.000000000000000000e+00,0.000000000000000000e+00
1.322993659973144531e+01,1.115604591369628906e+01,9.000000000000000000e+00,0.000000000000000000e+00
1.366734123229980469e+01,-8.639138191938400269e-02,1.400000000000000000e+01,0.000000000000000000e+00
1.401869201660156250e+01,1.465726345777511597e-01,1.400000000000000000e+01,0.000000000000000000e+00
1.403233337402343750e+01,1.177067011594772339e-01,1.400000000000000000e+01,0.000000000000000000e+00
1.390233802795410156e+01,3.434062004089355469e-02,1.400000000000000000e+01,0.000000000000000000e+00
1.392125892639160156e+01,3.634787797927856445e-01,1.400000000000000000e+01,0.000000000000000000e+00
1.363288211822509766e+01,-6.781643033027648926e-01,9.000000000000000000e+00,0.000000000000000000e+00
1.355512237548828125e+01,-4.227163195610046387e-01,1.400000000000000000e+01,0.000000000000000000e+00
1.350970458984375000e+01,-3.301624953746795654e-01,1.400000000000000000e+01,0.000000000000000000e+00
1.389358234405517578e+01,-4.379253461956977844e-02,1.400000000000000000e+01,0.000000000000000000e+00
1.374344635009765625e+01,1.436258554458618164e-01,1.400000000000000000e+01,0.000000000000000000e+00
1.368388938903808594e+01,-6.182893738150596619e-02,1.400000000000000000e+01,0.000000000000000000e+00
1.396991252899169922e+01,7.779239118099212646e-02,1.400000000000000000e+01,0.000000000000000000e+00
1.369452571868896484e+01,1.049200147390365601e-01,1.400000000000000000e+01,0.000000000000000000e+00
1.384808635711669922e+01,2.534013390541076660e-01,1.400000000000000000e+01,0.000000000000000000e+00
1.359807682037353516e+01,-4.876270592212677002e-01,1.400000000000000000e+01,0.000000000000000000e+00
1.391187095642089844e+01,-5.591417849063873291e-02,1.400000000000000000e+01,0.000000000000000000e+00
1.381312656402587891e+01,-3.365394175052642822e-01,1.400000000000000000e+01,0.000000000000000000e+00
1.362353515625000000e+01,-6.343581527471542358e-02,1.400000000000000000e+01,0.000000000000000000e+00
1.374256229400634766e+01,-4.520723223686218262e-01,1.400000000000000000e+01,0.000000000000000000e+00
1.396604728698730469e+01,1.455668210983276367e-01,1.400000000000000000e+01,0.000000000000000000e+00
1.356964111328125000e+01,-5.867332220077514648e-01,1.400000000000000000e+01,0.000000000000000000e+00
1.353199958801269531e+01,-1.349983960390090942e-01,1.400000000000000000e+01,0.000000000000000000e+00
1.367599678039550781e+01,-1.852585524320602417e-01,1.400000000000000000e+01,0.000000000000000000e+00
1.378292274475097656e+01,-2.757039107382297516e-02,1.400000000000000000e+01,0.000000000000000000e+00
1.355968284606933594e+01,-5.977836251258850098e-01,1.400000000000000000e+01,0.000000000000000000e+00
1.656556320190429688e+01,1.231436061859130859e+01,9.000000000000000000e+00,0.000000000000000000e+00
1.389778423309326172e+01,-2.331757396459579468e-01,1.400000000000000000e+01,0.000000000000000000e+00
1.390060043334960938e+01,-1.344032734632492065e-01,1.400000000000000000e+01,0.000000000000000000e+00
1.368122005462646484e+01,3.068605661392211914e-01,1.400000000000000000e+01,0.000000000000000000e+00
1.372162246704101562e+01,1.535686403512954712e-01,1.400000000000000000e+01,0.000000000000000000e+00
1.376163005828857422e+01,-2.039718441665172577e-02,1.400000000000000000e+01,0.000000000000000000e+00
1.372213077545166016e+01,-5.201469659805297852e-01,1.400000000000000000e+01,0.000000000000000000e+00
1.316477108001708984e+01,1.110919094085693359e+01,9.000000000000000000e+00,0.000000000000000000e+00
1.367895317077636719e+01,2.251194976270198822e-02,1.400000000000000000e+01,0.000000000000000000e+00
1.385356521606445312e+01,-3.129520714282989502e-01,1.400000000000000000e+01,0.000000000000000000e+00
1.359593582153320312e+01,-5.674212798476219177e-02,1.400000000000000000e+01,0.000000000000000000e+00
1.358392906188964844e+01,-4.906729161739349365e-01,1.400000000000000000e+01,0.000000000000000000e+00
1.352467441558837891e+01,1.674696731567382812e+01,9.000000000000000000e+00,0.000000000000000000e+00
1.390305805206298828e+01,3.910260498523712158e-01,1.400000000000000000e+01,0.000000000000000000e+00
1.377051734924316406e+01,-4.339306354522705078e-01,1.400000000000000000e+01,0.000000000000000000e+00
1.322850036621093750e+01,1.117801952362060547e+01,9.000000000000000000e+00,0.000000000000000000e+00
1.370855331420898438e+01,-1.130032017827033997e-01,1.400000000000000000e+01,0.000000000000000000e+00
1.363091087341308594e+01,-7.197465896606445312e-01,9.000000000000000000e+00,0.000000000000000000e+00
1.375709533691406250e+01,2.373710274696350098e-01,1.400000000000000000e+01,0.000000000000000000e+00
1.797160339355468750e+01,1.118772506713867188e+01,9.000000000000000000e+00,0.000000000000000000e+00
1.394011306762695312e+01,2.267363816499710083e-01,1.400000000000000000e+01,0.000000000000000000e+00
1.383255386352539062e+01,1.914946436882019043e-01,1.400000000000000000e+01,0.000000000000000000e+00
1.373431873321533203e+01,-4.131714999675750732e-01,1.400000000000000000e+01,0.000000000000000000e+00
1.361164283752441406e+01,-3.998299315571784973e-02,1.400000000000000000e+01,0.000000000000000000e+00
1.398782920837402344e+01,2.733085453510284424e-01,1.400000000000000000e+01,0.000000000000000000e+00
1.375886535644531250e+01,-4.715371131896972656e-01,1.400000000000000000e+01,0.000000000000000000e+00
1.413155651092529297e+01,1.062201786041259766e+01,9.000000000000000000e+00,0.000000000000000000e+00
1.369809436798095703e+01,4.957218840718269348e-02,1.400000000000000000e+01,0.000000000000000000e+00
1.354038429260253906e+01,-4.957261383533477783e-01,1.400000000000000000e+01,0.000000000000000000e+00
1.370335578918457031e+01,2.178063690662384033e-01,1.400000000000000000e+01,0.000000000000000000e+00
1.359840774536132812e+01,-4.897673726081848145e-01,1.400000000000000000e+01,0.000000000000000000e+00
1.373044776916503906e+01,2.726578414440155029e-01,1.400000000000000000e+01,0.000000000000000000e+00
1.377508544921875000e+01,1.143200416117906570e-02,1.400000000000000000e+01,0.000000000000000000e+00
1.402595710754394531e+01,1.482563167810440063e-01,1.400000000000000000e+01,0.000000000000000000e+00
1.361773872375488281e+01,-7.536882907152175903e-02,1.400000000000000000e+01,0.000000000000000000e+00
1.381850147247314453e+01,-4.805348813533782959e-02,1.400000000000000000e+01,0.000000000000000000e+00
1.359119415283203125e+01,-3.666260242462158203e-01,1.400000000000000000e+01,0.000000000000000000e+00
1.669304466247558594e+01,1.291977882385253906e+01,9.000000000000000000e+00,0.000000000000000000e+00
1.355763912200927734e+01,-2.118932753801345825e-01,1.400000000000000000e+01,0.000000000000000000e+00
1.386466217041015625e+01,1.331177726387977600e-02,1.400000000000000000e+01,0.000000000000000000e+00
1.331995677947998047e+01,1.119374656677246094e+01,9.000000000000000000e+00,0.000000000000000000e+00
1.367214393615722656e+01,-4.502721428871154785e-01,1.400000000000000000e+01,0.000000000000000000e+00
1.371188640594482422e+01,1.755057722330093384e-01,1.400000000000000000e+01,0.000000000000000000e+00
1.369392681121826172e+01,5.075189471244812012e-02,1.400000000000000000e+01,0.000000000000000000e+00
1.364758968353271484e+01,-3.333481848239898682e-01,1.400000000000000000e+01,0.000000000000000000e+00
1.370897579193115234e+01,-8.644596487283706665e-02,1.400000000000000000e+01,0.000000000000000000e+00
1.358927822113037109e+01,-3.991310298442840576e-01,9.000000000000000000e+00,0.000000000000000000e+00
1.371159648895263672e+01,3.145384788513183594e-01,1.400000000000000000e+01,0.000000000000000000e+00
1.349482631683349609e+01,-2.862443625926971436e-01,1.400000000000000000e+01,0.000000000000000000e+00
1.390081691741943359e+01,-1.515750735998153687e-01,1.400000000000000000e+01,0.000000000000000000e+00
1.358308887481689453e+01,-4.207339137792587280e-02,1.400000000000000000e+01,0.000000000000000000e+00
1.367660427093505859e+01,1.047884970903396606e-01,1.400000000000000000e+01,0.000000000000000000e+00
1.357716464996337891e+01,-4.647286236286163330e-01,1.400000000000000000e+01,0.000000000000000000e+00
1.360265541076660156e+01,-6.282653212547302246e-01,1.400000000000000000e+01,0.000000000000000000e+00
1.371974086761474609e+01,1.905578672885894775e-01,1.400000000000000000e+01,0.000000000000000000e+00
1.375552177429199219e+01,2.495202273130416870e-01,1.400000000000000000e+01,0.000000000000000000e+00
1.374848175048828125e+01,-4.508969783782958984e-01,1.400000000000000000e+01,0.000000000000000000e+00
1.403382205963134766e+01,1.224934309720993042e-01,1.400000000000000000e+01,0.000000000000000000e+00
1.373047637939453125e+01,-1.015659794211387634e-01,1.400000000000000000e+01,0.000000000000000000e+00
1.377112865447998047e+01,1.637274920940399170e-01,1.400000000000000000e+01,0.000000000000000000e+00
1.360024547576904297e+01,-6.061717495322227478e-02,1.400000000000000000e+01,0.000000000000000000e+00
1.382093906402587891e+01,2.768811881542205811e-01,1.400000000000000000e+01,0.000000000000000000e+00
1.348999118804931641e+01,-1.788910627365112305e-01,1.400000000000000000e+01,0.000000000000000000e+00
1.646754455566406250e+01,1.205865859985351562e+01,9.000000000000000000e+00,0.000000000000000000e+00
1.363471317291259766e+01,4.135234281420707703e-03,1.400000000000000000e+01,0.000000000000000000e+00
1.387010478973388672e+01,3.620850145816802979e-01,1.400000000000000000e+01,0.000000000000000000e+00
1.404338073730468750e+01,3.023334443569183350e-01,1.400000000000000000e+01,0.000000000000000000e+00
1.384186172485351562e+01,2.847921252250671387e-01,1.400000000000000000e+01,0.000000000000000000e+00
1.380141448974609375e+01,2.449355870485305786e-01,1.400000000000000000e+01,0.000000000000000000e+00
1.374608993530273438e+01,2.246732562780380249e-01,1.400000000000000000e+01,0.000000000000000000e+00
1.358050155639648438e+01,-5.820391774177551270e-01,1.400000000000000000e+01,0.000000000000000000e+00
1.355912971496582031e+01,-1.586156338453292847e-01,1.400000000000000000e+01,0.000000000000000000e+00
1.373397350311279297e+01,2.869678139686584473e-01,1.400000000000000000e+01,0.000000000000000000e+00
1.358659648895263672e+01,-6.518561840057373047e-01,1.400000000000000000e+01,0.000000000000000000e+00
1.380597686767578125e+01,-4.056337475776672363e-01,1.400000000000000000e+01,0.000000000000000000e+00
1.396185302734375000e+01,3.427932858467102051e-01,1.400000000000000000e+01,0.000000000000000000e+00
1.404522609710693359e+01,1.342715322971343994e-01,9.000000000000000000e+00,0.000000000000000000e+00
1.388626670837402344e+01,8.730615675449371338e-02,1.400000000000000000e+01,0.000000000000000000e+00
1.360603523254394531e+01,1.002404466271400452e-02,1.400000000000000000e+01,0.000000000000000000e+00
1.378989505767822266e+01,3.141703009605407715e-01,1.400000000000000000e+01,0.000000000000000000e+00
1.378168392181396484e+01,2.401417642831802368e-01,1.400000000000000000e+01,0.000000000000000000e+00
1.403481578826904297e+01,2.310773134231567383e-01,1.400000000000000000e+01,0.000000000000000000e+00
1.390060806274414062e+01,3.327622115612030029e-01,1.400000000000000000e+01,0.000000000000000000e+00
1.392809581756591797e+01,-6.862838566303253174e-02,1.400000000000000000e+01,0.000000000000000000e+00
1.394586086273193359e+01,3.700889945030212402e-01,1.400000000000000000e+01,0.000000000000000000e+00
1.356827259063720703e+01,-6.069914698600769043e-01,1.400000000000000000e+01,0.000000000000000000e+00
1.646432304382324219e+01,1.195600605010986328e+01,9.000000000000000000e+00,0.000000000000000000e+00
1.353515625000000000e+01,-2.389787435531616211e-01,1.400000000000000000e+01,0.000000000000000000e+00
1.378029251098632812e+01,2.308214455842971802e-01,1.400000000000000000e+01,0.000000000000000000e+00
1.370244312286376953e+01,7.989162206649780273e-02,1.400000000000000000e+01,0.000000000000000000e+00
1.389355087280273438e+01,3.046369850635528564e-01,1.400000000000000000e+01,0.000000000000000000e+00
1.377308750152587891e+01,-4.864301085472106934e-01,1.400000000000000000e+01,0.000000000000000000e+00
1.388199138641357422e+01,3.535232841968536377e-01,1.400000000000000000e+01,0.000000000000000000e+00
1.388631057739257812e+01,3.371602594852447510e-01,1.400000000000000000e+01,0.000000000000000000e+00
1.385941123962402344e+01,3.077131509780883789e-01,1.400000000000000000e+01,0.000000000000000000e+00
1.409360122680664062e+01,1.938057243824005127e-01,1.400000000000000000e+01,0.000000000000000000e+00
1.362035083770751953e+01,1.661325836181640625e+01,9.000000000000000000e+00,0.000000000000000000e+00
1.371096897125244141e+01,-3.991369605064392090e-01,1.400000000000000000e+01,0.000000000000000000e+00
2.313853073120117188e+01,1.884185791015625000e+01,1.500000000000000000e+01,0.000000000000000000e+00
2.312447547912597656e+01,1.882834053039550781e+01,1.500000000000000000e+01,0.000000000000000000e+00
1.657605648040771484e+00,8.912388801574707031e+00,2.000000000000000000e+01,0.000000000000000000e+00
1.262853622436523438e+00,8.806211471557617188e+00,9.000000000000000000e+00,0.000000000000000000e+00
1.212443828582763672e+00,8.578731536865234375e+00,9.000000000000000000e+00,0.000000000000000000e+00
1.233257770538330078e+00,8.627413749694824219e+00,2.000000000000000000e+01,0.000000000000000000e+00
1.225484967231750488e+00,8.545248031616210938e+00,2.000000000000000000e+01,0.000000000000000000e+00
1.226766347885131836e+00,8.565221786499023438e+00,2.000000000000000000e+01,0.000000000000000000e+00
1.623001813888549805e+00,8.938719749450683594e+00,2.000000000000000000e+01,0.000000000000000000e+00
1.311324477195739746e+00,9.318576812744140625e+00,2.000000000000000000e+01,0.000000000000000000e+00
1.318472266197204590e+00,8.655100822448730469e+00,2.000000000000000000e+01,0.000000000000000000e+00
1.684883713722229004e+00,8.866991996765136719e+00,2.000000000000000000e+01,0.000000000000000000e+00
9.654206633567810059e-01,8.325654029846191406e+00,2.000000000000000000e+01,0.000000000000000000e+00
1.423147439956665039e+00,9.103972434997558594e+00,2.000000000000000000e+01,0.000000000000000000e+00
1.600569725036621094e+00,8.946063041687011719e+00,2.000000000000000000e+01,0.000000000000000000e+00
1.251191616058349609e+00,8.556713104248046875e+00,9.000000000000000000e+00,0.000000000000000000e+00
1.638401746749877930e+00,9.312637329101562500e+00,9.000000000000000000e+00,0.000000000000000000e+00
1.633161425590515137e+00,8.944572448730468750e+00,2.000000000000000000e+01,0.000000000000000000e+00
1.660565257072448730e+00,8.883050918579101562e+00,2.000000000000000000e+01,0.000000000000000000e+00
1.676704645156860352e+00,8.842612266540527344e+00,2.000000000000000000e+01,0.000000000000000000e+00
1.781661605834960938e+01,1.045326423645019531e+01,9.000000000000000000e+00,0.000000000000000000e+00
1.434147000312805176e+00,9.074671745300292969e+00,2.000000000000000000e+01,0.000000000000000000e+00
2.311495971679687500e+01,1.882014274597167969e+01,1.500000000000000000e+01,0.000000000000000000e+00
1.358821868896484375e+00,9.182695388793945312e+00,2.000000000000000000e+01,0.000000000000000000e+00
1.347039461135864258e+00,9.243242263793945312e+00,2.000000000000000000e+01,0.000000000000000000e+00
1.544058918952941895e+00,8.820736885070800781e+00,2.000000000000000000e+01,0.000000000000000000e+00
1.303355813026428223e+00,9.326484680175781250e+00,9.000000000000000000e+00,0.000000000000000000e+00
1.575525999069213867e+00,9.003505706787109375e+00,2.000000000000000000e+01,0.000000000000000000e+00
1.323214650154113770e+00,9.304927825927734375e+00,2.000000000000000000e+01,0.000000000000000000e+00
1.162734746932983398e+00,8.495961189270019531e+00,2.000000000000000000e+01,0.000000000000000000e+00
1.683193445205688477e+00,8.873720169067382812e+00,2.000000000000000000e+01,0.000000000000000000e+00
1.331144928932189941e+00,9.287722587585449219e+00,2.000000000000000000e+01,0.000000000000000000e+00
1.213660359382629395e+00,8.537270545959472656e+00,2.000000000000000000e+01,0.000000000000000000e+00
2.313125419616699219e+01,1.883440971374511719e+01,1.500000000000000000e+01,0.000000000000000000e+00
2.320226287841796875e+01,1.890447807312011719e+01,9.000000000000000000e+00,0.000000000000000000e+00
1.351023316383361816e+00,8.619784355163574219e+00,9.000000000000000000e+00,0.000000000000000000e+00
1.718015551567077637e+00,8.853142738342285156e+00,2.000000000000000000e+01,0.000000000000000000e+00
2.318303298950195312e+01,1.888585281372070312e+01,1.500000000000000000e+01,0.000000000000000000e+00
1.340745687484741211e+00,9.284914970397949219e+00,2.000000000000000000e+01,0.000000000000000000e+00
2.323832893371582031e+01,1.894104003906250000e+01,1.500000000000000000e+01,0.000000000000000000e+00
1.601096272468566895e+00,8.931968688964843750e+00,2.000000000000000000e+01,0.000000000000000000e+00
1.704192638397216797e+00,8.857116699218750000e+00,2.000000000000000000e+01,0.000000000000000000e+00
1.672944068908691406e+00,8.817155838012695312e+00,2.000000000000000000e+01,0.000000000000000000e+00
2.320658302307128906e+01,1.890967559814453125e+01,1.500000000000000000e+01,0.000000000000000000e+00
9.547508358955383301e-01,8.320709228515625000e+00,9.000000000000000000e+00,0.000000000000000000e+00
1.496446251869201660e+00,8.860005378723144531e+00,2.000000000000000000e+01,0.000000000000000000e+00
1.190812706947326660e+00,8.613912582397460938e+00,2.000000000000000000e+01,0.000000000000000000e+00
1.327559471130371094e+00,9.332685470581054688e+00,2.000000000000000000e+01,0.000000000000000000e+00
2.313050079345703125e+01,1.883533668518066406e+01,9.000000000000000000e+00,0.000000000000000000e+00
2.309617424011230469e+01,1.880110549926757812e+01,1.500000000000000000e+01,0.000000000000000000e+00
1.261408090591430664e+00,8.967556953430175781e+00,2.000000000000000000e+01,0.000000000000000000e+00
1.572951436042785645e+00,8.967551231384277344e+00,2.000000000000000000e+01,0.000000000000000000e+00
1.622848033905029297e+00,8.896263122558593750e+00,2.000000000000000000e+01,0.000000000000000000e+00
2.318848991394042969e+01,1.889101028442382812e+01,9.000000000000000000e+00,0.000000000000000000e+00
1.561248421669006348e+00,9.006435394287109375e+00,2.000000000000000000e+01,0.000000000000000000e+00
1.699550390243530273e+00,8.810718536376953125e+00,2.000000000000000000e+01,0.000000000000000000e+00
3.239150047302246094e+00,4.120042324066162109e+00,9.000000000000000000e+00,0.000000000000000000e+00
1.436915040016174316e+00,9.042977333068847656e+00,2.000000000000000000e+01,0.000000000000000000e+00
1.639691948890686035e+00,8.898698806762695312e+00,2.000000000000000000e+01,0.000000000000000000e+00
2.315250778198242188e+01,1.885523033142089844e+01,1.500000000000000000e+01,0.000000000000000000e+00
1.257906436920166016e+00,8.559718132019042969e+00,2.000000000000000000e+01,0.000000000000000000e+00
1.308721184730529785e+00,9.332089424133300781e+00,2.000000000000000000e+01,0.000000000000000000e+00
1.617529749870300293e+00,8.968833923339843750e+00,2.000000000000000000e+01,0.000000000000000000e+00
1.490244865417480469e+00,8.674673080444335938e+00,9.000000000000000000e+00,0.000000000000000000e+00
2.311631965637207031e+01,1.882195663452148438e+01,1.500000000000000000e+01,0.000000000000000000e+00
2.319133377075195312e+01,1.889417457580566406e+01,1.500000000000000000e+01,0.000000000000000000e+00
1.195409059524536133e+00,8.621333122253417969e+00,2.000000000000000000e+01,0.000000000000000000e+00
1.238758802413940430e+00,8.587946891784667969e+00,2.000000000000000000e+01,0.000000000000000000e+00
1.268501877784729004e+00,8.963494300842285156e+00,2.000000000000000000e+01,0.000000000000000000e+00
1.419913768768310547e+00,8.650059700012207031e+00,9.000000000000000000e+00,0.000000000000000000e+00
2.318914985656738281e+01,1.889147567749023438e+01,1.500000000000000000e+01,0.000000000000000000e+00
1.660794973373413086e+00,8.850196838378906250e+00,2.000000000000000000e+01,0.000000000000000000e+00
1.076892733573913574e+00,8.423138618469238281e+00,2.000000000000000000e+01,0.000000000000000000e+00
1.202172160148620605e+00,8.529299736022949219e+00,9.000000000000000000e+00,0.000000000000000000e+00
1.311481475830078125e+00,9.352547645568847656e+00,2.000000000000000000e+01,0.000000000000000000e+00
1.644464492797851562e+00,8.931280136108398438e+00,2.000000000000000000e+01,0.000000000000000000e+00
1.362158536911010742e+00,9.130836486816406250e+00,2.000000000000000000e+01,0.000000000000000000e+00
1.438061118125915527e+00,9.130988121032714844e+00,2.000000000000000000e+01,0.000000000000000000e+00
1.240815520286560059e+00,8.557009696960449219e+00,2.000000000000000000e+01,0.000000000000000000e+00
2.312348175048828125e+01,1.882699584960937500e+01,1.500000000000000000e+01,0.000000000000000000e+00
1.644294142723083496e+00,8.904056549072265625e+00,2.000000000000000000e+01,0.000000000000000000e+00
2.313693046569824219e+01,1.883965301513671875e+01,9.000000000000000000e+00,0.000000000000000000e+00
2.312398338317871094e+01,1.882760810852050781e+01,1.500000000000000000e+01,0.000000000000000000e+00
1.695536851882934570e+00,8.816596031188964844e+00,2.000000000000000000e+01,0.000000000000000000e+00
1.288608670234680176e+00,9.295086860656738281e+00,2.000000000000000000e+01,0.000000000000000000e+00
9.840902090072631836e-01,8.349209785461425781e+00,2.000000000000000000e+01,0.000000000000000000e+00
2.314809417724609375e+01,1.885200881958007812e+01,1.500000000000000000e+01,0.000000000000000000e+00
9.650692939758300781e-01,8.319437026977539062e+00,9.000000000000000000e+00,0.000000000000000000e+00
1.526054859161376953e+00,9.011576652526855469e+00,2.000000000000000000e+01,0.000000000000000000e+00
1.157259106636047363e+00,8.475419998168945312e+00,2.000000000000000000e+01,0.000000000000000000e+00
1.352967500686645508e+00,9.260401725769042969e+00,2.000000000000000000e+01,0.000000000000000000e+00
1.315419793128967285e+00,9.304896354675292969e+00,2.000000000000000000e+01,0.000000000000000000e+00
1.488787770271301270e+00,9.085869789123535156e+00,2.000000000000000000e+01,0.000000000000000000e+00
1.585822105407714844e+00,8.943799018859863281e+00,2.000000000000000000e+01,0.000000000000000000e+00
2.319562149047851562e+01,1.889838790893554688e+01,1.500000000000000000e+01,0.000000000000000000e+00
1.332997918128967285e+00,9.294560432434082031e+00,2.000000000000000000e+01,0.000000000000000000e+00
1.048609375953674316e+00,8.396084785461425781e+00,9.000000000000000000e+00,0.000000000000000000e+00
1.672124505043029785e+00,8.910684585571289062e+00,2.000000000000000000e+01,0.000000000000000000e+00
1.630285143852233887e+00,8.949481010437011719e+00,2.000000000000000000e+01,0.000000000000000000e+00
1.709702849388122559e+00,8.841416358947753906e+00,2.000000000000000000e+01,0.000000000000000000e+00
2.321522712707519531e+01,1.891783905029296875e+01,1.500000000000000000e+01,0.000000000000000000e+00
1.181208610534667969e+00,8.512298583984375000e+00,2.000000000000000000e+01,0.000000000000000000e+00
9.618455767631530762e-01,8.333903312683105469e+00,2.000000000000000000e+01,0.000000000000000000e+00
1.288623571395874023e+00,9.357618331909179688e+00,2.000000000000000000e+01,0.000000000000000000e+00
1.127349734306335449e+00,8.468209266662597656e+00,9.000000000000000000e+00,0.000000000000000000e+00
1.286550521850585938e+00,9.364532470703125000e+00,2.000000000000000000e+01,0.000000000000000000e+00
1.353677988052368164e+00,9.164889335632324219e+00,2.000000000000000000e+01,0.000000000000000000e+00
1.496358990669250488e+00,9.057040214538574219e+00,2.000000000000000000e+01,0.000000000000000000e+00
1.653986215591430664e+00,8.904948234558105469e+00,9.000000000000000000e+00,0.000000000000000000e+00
1.271805167198181152e+00,9.391648292541503906e+00,2.000000000000000000e+01,0.000000000000000000e+00
1.387834191322326660e+00,8.692274093627929688e+00,2.000000000000000000e+01,0.000000000000000000e+00
2.319952964782714844e+01,1.890161323547363281e+01,1.500000000000000000e+01,0.000000000000000000e+00
1.371029973030090332e+00,8.944529533386230469e+00,2.000000000000000000e+01,0.000000000000000000e+00
1.443557381629943848e+00,9.023632049560546875e+00,2.000000000000000000e+01,0.000000000000000000e+00
2.318668174743652344e+01,1.888927078247070312e+01,9.000000000000000000e+00,0.000000000000000000e+00
1.138593673706054688e+00,8.485583305358886719e+00,2.000000000000000000e+01,0.000000000000000000e+00
2.315848922729492188e+01,1.886094093322753906e+01,1.500000000000000000e+01,0.000000000000000000e+00
1.347357511520385742e+00,9.101926803588867188e+00,2.000000000000000000e+01,0.000000000000000000e+00
1.687264919281005859e+00,8.845067977905273438e+00,2.000000000000000000e+01,0.000000000000000000e+00
9.467883706092834473e-01,8.300532341003417969e+00,2.000000000000000000e+01,0.000000000000000000e+00
2.315052986145019531e+01,1.885325431823730469e+01,1.500000000000000000e+01,0.000000000000000000e+00
2.320928382873535156e+01,1.891147041320800781e+01,1.500000000000000000e+01,0.000000000000000000e+00
1.132043480873107910e+00,8.477687835693359375e+00,2.000000000000000000e+01,0.000000000000000000e+00
1.647188544273376465e+00,8.848467826843261719e+00,2.000000000000000000e+01,0.000000000000000000e+00
1.183865904808044434e+00,8.522841453552246094e+00,2.000000000000000000e+01,0.000000000000000000e+00
1.604126334190368652e+00,8.918407440185546875e+00,2.000000000000000000e+01,0.000000000000000000e+00
1.413218975067138672e+01,1.063056755065917969e+01,9.000000000000000000e+00,0.000000000000000000e+00
2.321092033386230469e+01,1.891635704040527344e+01,1.500000000000000000e+01,0.000000000000000000e+00
2.310196876525878906e+01,1.880883789062500000e+01,1.500000000000000000e+01,0.000000000000000000e+00
2.318992424011230469e+01,1.889179420471191406e+01,1.500000000000000000e+01,0.000000000000000000e+00
2.315511322021484375e+01,1.885762405395507812e+01,1.500000000000000000e+01,0.000000000000000000e+00
9.765807390213012695e-01,8.318240165710449219e+00,2.000000000000000000e+01,0.000000000000000000e+00
1.018686056137084961e+00,8.420288085937500000e+00,9.000000000000000000e+00,0.000000000000000000e+00
1.431560993194580078e+00,9.196159362792968750e+00,2.000000000000000000e+01,0.000000000000000000e+00
1.551947474479675293e+00,8.998140335083007812e+00,2.000000000000000000e+01,0.000000000000000000e+00
2.318306732177734375e+01,1.888648223876953125e+01,9.000000000000000000e+00,0.000000000000000000e+00
9.010462760925292969e+00,1.337703037261962891e+01,9.000000000000000000e+00,0.000000000000000000e+00
9.961575269699096680e-01,8.352260589599609375e+00,2.000000000000000000e+01,0.000000000000000000e+00
2.308004951477050781e+01,1.878709793090820312e+01,9.000000000000000000e+00,0.000000000000000000e+00
1.345903396606445312e+01,1.682297325134277344e+01,9.000000000000000000e+00,0.000000000000000000e+00
2.313381004333496094e+01,1.883757781982421875e+01,1.500000000000000000e+01,0.000000000000000000e+00
9.689320325851440430e-01,8.323890686035156250e+00,2.000000000000000000e+01,0.000000000000000000e+00
2.315048217773437500e+01,1.885313606262207031e+01,1.500000000000000000e+01,0.000000000000000000e+00
1.737552642822265625e+00,8.811060905456542969e+00,2.000000000000000000e+01,0.000000000000000000e+00
1.284979581832885742e+00,9.349832534790039062e+00,2.000000000000000000e+01,0.000000000000000000e+00
2.315997314453125000e+01,1.886304473876953125e+01,1.500000000000000000e+01,0.000000000000000000e+00
1.561573743820190430e+00,8.720616340637207031e+00,9.000000000000000000e+00,0.000000000000000000e+00
1.331553339958190918e+00,9.329038619995117188e+00,2.000000000000000000e+01,0.000000000000000000e+00
2.322484588623046875e+01,1.892716979980468750e+01,1.500000000000000000e+01,0.000000000000000000e+00
2.314459228515625000e+01,1.884727859497070312e+01,1.500000000000000000e+01,0.000000000000000000e+00
1.551832199096679688e+00,8.982167243957519531e+00,2.000000000000000000e+01,0.000000000000000000e+00
1.191954135894775391e+00,8.634700775146484375e+00,9.000000000000000000e+00,0.000000000000000000e+00
9.527482986450195312e-01,8.326795578002929688e+00,9.000000000000000000e+00,0.000000000000000000e+00
1.067809700965881348e+00,8.419392585754394531e+00,9.000000000000000000e+00,0.000000000000000000e+00
2.313018989562988281e+01,1.883290100097656250e+01,1.500000000000000000e+01,0.000000000000000000e+00
2.312174797058105469e+01,1.882528114318847656e+01,1.500000000000000000e+01,0.000000000000000000e+00
2.314186668395996094e+01,1.884492111206054688e+01,1.500000000000000000e+01,0.000000000000000000e+00
1.216927528381347656e+00,8.541210174560546875e+00,2.000000000000000000e+01,0.000000000000000000e+00
2.745715141296386719e+00,9.203951835632324219e+00,9.000000000000000000e+00,0.000000000000000000e+00
1.005444169044494629e+00,8.280735969543457031e+00,2.000000000000000000e+01,0.000000000000000000e+00
1.313531994819641113e+00,9.332207679748535156e+00,2.000000000000000000e+01,0.000000000000000000e+00
1.741897821426391602e+00,8.813189506530761719e+00,2.000000000000000000e+01,0.000000000000000000e+00
2.318560218811035156e+01,1.888739967346191406e+01,1.500000000000000000e+01,0.000000000000000000e+00
1.511557340621948242e+00,8.849804878234863281e+00,2.000000000000000000e+01,0.000000000000000000e+00
1.588924050331115723e+00,8.985363960266113281e+00,2.000000000000000000e+01,0.000000000000000000e+00
1.308343768119812012e+00,9.332915306091308594e+00,9.000000000000000000e+00,0.000000000000000000e+00
1.627415180206298828e+00,8.896473884582519531e+00,2.000000000000000000e+01,0.000000000000000000e+00
9.672632813453674316e-01,8.325469970703125000e+00,9.000000000000000000e+00,0.000000000000000000e+00
2.311812591552734375e+01,1.882517433166503906e+01,1.500000000000000000e+01,0.000000000000000000e+00
1.214877963066101074e+00,8.577506065368652344e+00,2.000000000000000000e+01,0.000000000000000000e+00
2.312004470825195312e+01,1.882250213623046875e+01,1.500000000000000000e+01,0.000000000000000000e+00
2.312323760986328125e+01,1.882658576965332031e+01,1.500000000000000000e+01,0.000000000000000000e+00
1.317247986793518066e+00,9.305187225341796875e+00,2.000000000000000000e+01,0.000000000000000000e+00
1.730198860168457031e+00,8.847722053527832031e+00,2.000000000000000000e+01,0.000000000000000000e+00
1.783103179931640625e+01,1.122889137268066406e+01,9.000000000000000000e+00,0.000000000000000000e+00
1.664805531501770020e+00,8.818334579467773438e+00,2.000000000000000000e+01,0.000000000000000000e+00
1.757669329643249512e+00,8.915913581848144531e+00,9.000000000000000000e+00,0.000000000000000000e+00
1.148291826248168945e+00,8.484910011291503906e+00,2.000000000000000000e+01,0.000000000000000000e+00
1.278503060340881348e+00,9.394662857055664062e+00,9.000000000000000000e+00,0.000000000000000000e+00
1.582376480102539062e+00,8.937005996704101562e+00,2.000000000000000000e+01,0.000000000000000000e+00
9.513168334960937500e-01,8.313799858093261719e+00,2.000000000000000000e+01,0.000000000000000000e+00
2.313343811035156250e+01,1.883633804321289062e+01,1.500000000000000000e+01,0.000000000000000000e+00
2.309565162658691406e+01,1.880621528625488281e+01,1.500000000000000000e+01,0.000000000000000000e+00
9.611929655075073242e-01,8.327577590942382812e+00,2.000000000000000000e+01,0.000000000000000000e+00
1.396880507469177246e+00,8.667320251464843750e+00,9.000000000000000000e+00,0.000000000000000000e+00
1.221120357513427734e+00,8.583950042724609375e+00,2.000000000000000000e+01,0.000000000000000000e+00
1.163061022758483887e+00,8.495493888854980469e+00,2.000000000000000000e+01,0.000000000000000000e+00
1.345427751541137695e+00,9.184799194335937500e+00,2.000000000000000000e+01,0.000000000000000000e+00
9.455845952033996582e-01,8.337273597717285156e+00,9.000000000000000000e+00,0.000000000000000000e+00
9.373625516891479492e-01,8.296905517578125000e+00,2.000000000000000000e+01,0.000000000000000000e+00
6.876366615295410156e+00,9.909198284149169922e-01,9.000000000000000000e+00,0.000000000000000000e+00
1.260504245758056641e+00,9.404653549194335938e+00,9.000000000000000000e+00,0.000000000000000000e+00
1.717364072799682617e+00,8.871485710144042969e+00,2.000000000000000000e+01,0.000000000000000000e+00
1.007421970367431641e+00,8.361795425415039062e+00,9.000000000000000000e+00,0.000000000000000000e+00
2.311198997497558594e+01,1.881520652770996094e+01,9.000000000000000000e+00,0.000000000000000000e+00
1.312639117240905762e+00,9.321880340576171875e+00,2.000000000000000000e+01,0.000000000000000000e+00
1.382516980171203613e+00,9.226978302001953125e+00,2.000000000000000000e+01,0.000000000000000000e+00
1.477874159812927246e+00,9.016666412353515625e+00,2.000000000000000000e+01,0.000000000000000000e+00
2.318091964721679688e+01,1.888339614868164062e+01,1.500000000000000000e+01,0.000000000000000000e+00
1.317019820213317871e+00,9.329398155212402344e+00,2.000000000000000000e+01,0.000000000000000000e+00
1.596924901008605957e+00,8.898847579956054688e+00,2.000000000000000000e+01,0.000000000000000000e+00
2.313876342773437500e+01,1.884248733520507812e+01,1.500000000000000000e+01,0.000000000000000000e+00
1.189016699790954590e+00,8.510480880737304688e+00,9.000000000000000000e+00,0.000000000000000000e+00
1.673988938331604004e+00,8.885660171508789062e+00,2.000000000000000000e+01,0.000000000000000000e+00
2.546216011047363281e+00,9.116733551025390625e+00,9.000000000000000000e+00,0.000000000000000000e+00
1.493416905403137207e+00,9.106850624084472656e+00,2.000000000000000000e+01,0.000000000000000000e+00
2.312264633178710938e+01,1.882737541198730469e+01,1.500000000000000000e+01,0.000000000000000000e+00
2.313249397277832031e+01,1.883523750305175781e+01,1.500000000000000000e+01,0.000000000000000000e+00
1.342708826065063477e+00,9.284632682800292969e+00,2.000000000000000000e+01,0.000000000000000000e+00
2.324744606018066406e+01,1.895020866394042969e+01,1.500000000000000000e+01,0.000000000000000000e+00
7.492877483367919922e+00,1.122562503814697266e+01,1.900000000000000000e+01,0.000000000000000000e+00
-1.112644314765930176e+00,1.282977771759033203e+01,2.700000000000000000e+01,0.000000000000000000e+00
7.481903553009033203e+00,1.123560333251953125e+01,1.900000000000000000e+01,0.000000000000000000e+00
-1.480388164520263672e+00,1.316791439056396484e+01,2.700000000000000000e+01,0.000000000000000000e+00
8.828433036804199219e+00,1.153193569183349609e+01,9.000000000000000000e+00,0.000000000000000000e+00
-1.452323675155639648e+00,1.313747024536132812e+01,2.700000000000000000e+01,0.000000000000000000e+00
8.390866279602050781e+00,1.173761558532714844e+01,2.600000000000000000e+01,0.000000000000000000e+00
-1.126550555229187012e+00,1.285152244567871094e+01,2.700000000000000000e+01,0.000000000000000000e+00
7.487461090087890625e+00,1.123877334594726562e+01,1.900000000000000000e+01,0.000000000000000000e+00
7.516036987304687500e+00,1.120488834381103516e+01,9.000000000000000000e+00,0.000000000000000000e+00
-1.526923656463623047e+00,1.321069717407226562e+01,2.700000000000000000e+01,0.000000000000000000e+00
8.341777801513671875e+00,1.176869773864746094e+01,2.600000000000000000e+01,0.000000000000000000e+00
-1.351977825164794922e+00,1.305017662048339844e+01,2.700000000000000000e+01,0.000000000000000000e+00
7.540159702301025391e+00,1.119652080535888672e+01,1.900000000000000000e+01,0.000000000000000000e+00
-1.434363842010498047e+00,1.312070178985595703e+01,2.700000000000000000e+01,0.000000000000000000e+00
-1.154897570610046387e+00,1.287948513031005859e+01,2.700000000000000000e+01,0.000000000000000000e+00
8.785096168518066406e+00,1.155217170715332031e+01,9.000000000000000000e+00,0.000000000000000000e+00
7.448006153106689453e+00,1.127258300781250000e+01,1.900000000000000000e+01,0.000000000000000000e+00
-1.530244588851928711e+00,1.321634769439697266e+01,2.700000000000000000e+01,0.000000000000000000e+00
8.829895973205566406e+00,1.155595684051513672e+01,2.300000000000000000e+01,0.000000000000000000e+00
7.577989101409912109e+00,1.115708255767822266e+01,1.900000000000000000e+01,0.000000000000000000e+00
8.325552940368652344e+00,1.178197669982910156e+01,9.000000000000000000e+00,0.000000000000000000e+00
8.803284645080566406e+00,1.153346157073974609e+01,2.300000000000000000e+01,0.000000000000000000e+00
-1.404140353202819824e+00,1.309574985504150391e+01,2.700000000000000000e+01,0.000000000000000000e+00
7.550689220428466797e+00,1.118537044525146484e+01,1.900000000000000000e+01,0.000000000000000000e+00
7.400325775146484375e+00,1.131966495513916016e+01,1.900000000000000000e+01,0.000000000000000000e+00
8.326913833618164062e+00,1.178323459625244141e+01,2.600000000000000000e+01,0.000000000000000000e+00
-1.211253046989440918e+00,1.292382240295410156e+01,2.700000000000000000e+01,0.000000000000000000e+00
-1.438380718231201172e+00,1.312576866149902344e+01,2.700000000000000000e+01,0.000000000000000000e+00
7.327148437500000000e+00,1.141559791564941406e+01,1.900000000000000000e+01,0.000000000000000000e+00
-1.331697344779968262e+00,1.303554630279541016e+01,2.700000000000000000e+01,0.000000000000000000e+00
-1.491566300392150879e+00,1.317648315429687500e+01,2.700000000000000000e+01,0.000000000000000000e+00
8.872763633728027344e+00,1.144868946075439453e+01,9.000000000000000000e+00,0.000000000000000000e+00
-1.183554887771606445e+00,1.291200637817382812e+01,9.000000000000000000e+00,0.000000000000000000e+00
8.863866806030273438e+00,1.143471527099609375e+01,9.000000000000000000e+00,0.000000000000000000e+00
-1.118965983390808105e+00,1.284665393829345703e+01,2.700000000000000000e+01,0.000000000000000000e+00
-1.661934018135070801e+00,1.334517765045166016e+01,2.700000000000000000e+01,0.000000000000000000e+00
-1.089233279228210449e+00,1.284548664093017578e+01,2.700000000000000000e+01,0.000000000000000000e+00
7.389049530029296875e+00,1.134264183044433594e+01,1.900000000000000000e+01,0.000000000000000000e+00
7.451164245605468750e+00,1.127517604827880859e+01,1.900000000000000000e+01,0.000000000000000000e+00
8.330159187316894531e+00,1.177644062042236328e+01,2.600000000000000000e+01,0.000000000000000000e+00
7.329065322875976562e+00,1.143256092071533203e+01,1.900000000000000000e+01,0.000000000000000000e+00
-1.673206686973571777e+00,1.335429763793945312e+01,2.700000000000000000e+01,0.000000000000000000e+00
7.339830398559570312e+00,1.140332698822021484e+01,1.900000000000000000e+01,0.000000000000000000e+00
7.293450355529785156e+00,1.143770027160644531e+01,1.900000000000000000e+01,0.000000000000000000e+00
-1.486932873725891113e+00,1.317282104492187500e+01,2.700000000000000000e+01,0.000000000000000000e+00
8.343592643737792969e+00,1.176999855041503906e+01,2.600000000000000000e+01,0.000000000000000000e+00
7.570209980010986328e+00,1.117372798919677734e+01,1.900000000000000000e+01,0.000000000000000000e+00
-1.494062662124633789e+00,1.318083477020263672e+01,2.700000000000000000e+01,0.000000000000000000e+00
5.332023620605468750e+00,1.377278041839599609e+01,9.000000000000000000e+00,0.000000000000000000e+00
-1.140813946723937988e+00,1.286516189575195312e+01,2.700000000000000000e+01,0.000000000000000000e+00
-1.104279160499572754e+00,1.283203792572021484e+01,2.700000000000000000e+01,0.000000000000000000e+00
-1.545773863792419434e+00,1.322933006286621094e+01,2.700000000000000000e+01,0.000000000000000000e+00
8.285436630249023438e+00,1.181913280487060547e+01,2.600000000000000000e+01,0.000000000000000000e+00
-1.586075186729431152e+00,1.327179241180419922e+01,2.700000000000000000e+01,0.000000000000000000e+00
-1.559679388999938965e+00,1.324129009246826172e+01,2.700000000000000000e+01,0.000000000000000000e+00
7.313221931457519531e+00,1.142203140258789062e+01,1.900000000000000000e+01,0.000000000000000000e+00
-1.474829196929931641e+00,1.316329669952392578e+01,2.700000000000000000e+01,0.000000000000000000e+00
7.570150375366210938e+00,1.117353630065917969e+01,1.900000000000000000e+01,0.000000000000000000e+00
-1.179197788238525391e+00,1.290241336822509766e+01,2.700000000000000000e+01,0.000000000000000000e+00
8.292239189147949219e+00,1.174392032623291016e+01,2.600000000000000000e+01,0.000000000000000000e+00
7.403340339660644531e+00,1.130257797241210938e+01,9.000000000000000000e+00,0.000000000000000000e+00
-1.127194166183471680e+00,1.285335254669189453e+01,2.700000000000000000e+01,0.000000000000000000e+00
7.445257663726806641e+00,1.126263523101806641e+01,9.000000000000000000e+00,0.000000000000000000e+00
7.451994419097900391e+00,1.128276348114013672e+01,1.900000000000000000e+01,0.000000000000000000e+00
7.443852424621582031e+00,1.128023624420166016e+01,1.900000000000000000e+01,0.000000000000000000e+00
-1.722730517387390137e+00,1.340413188934326172e+01,2.700000000000000000e+01,0.000000000000000000e+00
7.537044048309326172e+00,1.120535373687744141e+01,1.900000000000000000e+01,0.000000000000000000e+00
-1.109998822212219238e+00,1.283618259429931641e+01,2.700000000000000000e+01,0.000000000000000000e+00
7.338531970977783203e+00,1.140078830718994141e+01,1.900000000000000000e+01,0.000000000000000000e+00
-1.729076743125915527e+00,1.340990829467773438e+01,2.700000000000000000e+01,0.000000000000000000e+00
-1.113498449325561523e+00,1.284647274017333984e+01,2.700000000000000000e+01,0.000000000000000000e+00
7.316241741180419922e+00,1.142130947113037109e+01,1.900000000000000000e+01,0.000000000000000000e+00
8.366461753845214844e+00,1.175859069824218750e+01,2.600000000000000000e+01,0.000000000000000000e+00
8.337197303771972656e+00,1.176062202453613281e+01,9.000000000000000000e+00,0.000000000000000000e+00
8.321187973022460938e+00,1.178445339202880859e+01,2.600000000000000000e+01,0.000000000000000000e+00
-1.737979292869567871e+00,1.341790103912353516e+01,2.700000000000000000e+01,0.000000000000000000e+00
-1.436153888702392578e+00,1.312201023101806641e+01,2.700000000000000000e+01,0.000000000000000000e+00
8.831430435180664062e+00,1.155466365814208984e+01,2.300000000000000000e+01,0.000000000000000000e+00
-1.339356660842895508e+00,1.303797054290771484e+01,2.700000000000000000e+01,0.000000000000000000e+00
-1.122919917106628418e+00,1.284972095489501953e+01,2.700000000000000000e+01,0.000000000000000000e+00
7.352083206176757812e+00,1.137581157684326172e+01,1.900000000000000000e+01,0.000000000000000000e+00
-1.308835983276367188e+00,1.301099777221679688e+01,2.700000000000000000e+01,0.000000000000000000e+00
-1.369673490524291992e+00,1.306423759460449219e+01,2.700000000000000000e+01,0.000000000000000000e+00
8.340328216552734375e+00,1.176469326019287109e+01,2.600000000000000000e+01,0.000000000000000000e+00
-1.769100308418273926e+00,1.344947814941406250e+01,2.700000000000000000e+01,0.000000000000000000e+00
8.378526687622070312e+00,1.176098060607910156e+01,2.600000000000000000e+01,0.000000000000000000e+00
8.847881317138671875e+00,1.154890346527099609e+01,2.300000000000000000e+01,0.000000000000000000e+00
-1.149679183959960938e+00,1.287772750854492188e+01,2.700000000000000000e+01,0.000000000000000000e+00
-1.392705798149108887e+00,1.308447170257568359e+01,2.700000000000000000e+01,0.000000000000000000e+00
-1.643211007118225098e+00,1.332404899597167969e+01,2.700000000000000000e+01,0.000000000000000000e+00
-1.241078615188598633e+00,1.295879268646240234e+01,2.700000000000000000e+01,0.000000000000000000e+00
7.434223175048828125e+00,1.132934570312500000e+01,1.900000000000000000e+01,0.000000000000000000e+00
-1.174805521965026855e+00,1.289726448059082031e+01,2.700000000000000000e+01,0.000000000000000000e+00
-1.659996509552001953e+00,1.334275436401367188e+01,2.700000000000000000e+01,0.000000000000000000e+00
-1.658065438270568848e+00,1.333988094329833984e+01,2.700000000000000000e+01,0.000000000000000000e+00
-1.483131885528564453e+00,1.316960239410400391e+01,2.700000000000000000e+01,0.000000000000000000e+00
-1.224613785743713379e+00,1.293746089935302734e+01,2.700000000000000000e+01,0.000000000000000000e+00
-1.279780626296997070e+00,1.298344707489013672e+01,2.700000000000000000e+01,0.000000000000000000e+00
-1.196920871734619141e+00,1.291459465026855469e+01,2.700000000000000000e+01,0.000000000000000000e+00
-1.739114880561828613e+00,1.341966724395751953e+01,2.700000000000000000e+01,0.000000000000000000e+00
-1.354742169380187988e+00,1.305308723449707031e+01,2.700000000000000000e+01,0.000000000000000000e+00
-1.236045122146606445e+00,1.294627761840820312e+01,2.700000000000000000e+01,0.000000000000000000e+00
8.382725715637207031e+00,1.175061321258544922e+01,2.600000000000000000e+01,0.000000000000000000e+00
-1.392825126647949219e+00,1.308642959594726562e+01,2.700000000000000000e+01,0.000000000000000000e+00
-1.248120546340942383e+00,1.295607471466064453e+01,2.700000000000000000e+01,0.000000000000000000e+00
7.485281467437744141e+00,1.124029350280761719e+01,1.900000000000000000e+01,0.000000000000000000e+00
-1.380873680114746094e+00,1.307902240753173828e+01,2.700000000000000000e+01,0.000000000000000000e+00
7.505155563354492188e+00,1.123414134979248047e+01,1.900000000000000000e+01,0.000000000000000000e+00
8.806616783142089844e+00,1.154741001129150391e+01,2.300000000000000000e+01,0.000000000000000000e+00
-1.116589903831481934e+00,1.284915733337402344e+01,2.700000000000000000e+01,0.000000000000000000e+00
-1.484923601150512695e+00,1.317208194732666016e+01,2.700000000000000000e+01,0.000000000000000000e+00
-1.194289326667785645e+00,1.291536331176757812e+01,2.700000000000000000e+01,0.000000000000000000e+00
-1.414240002632141113e+00,1.310509586334228516e+01,2.700000000000000000e+01,0.000000000000000000e+00
8.814563751220703125e+00,1.156973648071289062e+01,2.300000000000000000e+01,0.000000000000000000e+00
8.327131271362304688e+00,1.178043365478515625e+01,9.000000000000000000e+00,0.000000000000000000e+00
-1.439256548881530762e+00,1.312958621978759766e+01,2.700000000000000000e+01,0.000000000000000000e+00
-1.320714354515075684e+00,1.301884365081787109e+01,2.700000000000000000e+01,0.000000000000000000e+00
-1.730344057083129883e+00,1.341226673126220703e+01,2.700000000000000000e+01,0.000000000000000000e+00
-1.357843995094299316e+00,1.305948638916015625e+01,2.700000000000000000e+01,0.000000000000000000e+00
7.346321582794189453e+00,1.138653278350830078e+01,1.900000000000000000e+01,0.000000000000000000e+00
-1.441532492637634277e+00,1.312829494476318359e+01,2.700000000000000000e+01,0.000000000000000000e+00
-1.483981370925903320e+00,1.317290687561035156e+01,2.700000000000000000e+01,0.000000000000000000e+00
7.573366641998291016e+00,1.116659355163574219e+01,1.900000000000000000e+01,0.000000000000000000e+00
7.550259590148925781e+00,1.117983436584472656e+01,1.900000000000000000e+01,0.000000000000000000e+00
7.554374694824218750e+00,1.118217563629150391e+01,1.900000000000000000e+01,0.000000000000000000e+00
7.324340343475341797e+00,1.142303180694580078e+01,1.900000000000000000e+01,0.000000000000000000e+00
7.420855045318603516e+00,1.128702354431152344e+01,9.000000000000000000e+00,0.000000000000000000e+00
-1.653004646301269531e+00,1.333361721038818359e+01,2.700000000000000000e+01,0.000000000000000000e+00
7.543519496917724609e+00,1.118908309936523438e+01,1.900000000000000000e+01,0.000000000000000000e+00
8.833677291870117188e+00,1.154107952117919922e+01,2.300000000000000000e+01,0.000000000000000000e+00
-1.215039014816284180e+00,1.292349815368652344e+01,2.700000000000000000e+01,0.000000000000000000e+00
-1.260119199752807617e+00,1.296904659271240234e+01,2.700000000000000000e+01,0.000000000000000000e+00
-1.303450226783752441e+00,1.300850677490234375e+01,2.700000000000000000e+01,0.000000000000000000e+00
-1.425330519676208496e+00,1.311311531066894531e+01,2.700000000000000000e+01,0.000000000000000000e+00
-1.298814535140991211e+00,1.300354576110839844e+01,2.700000000000000000e+01,0.000000000000000000e+00
-1.496510386466979980e+00,1.318104076385498047e+01,2.700000000000000000e+01,0.000000000000000000e+00
8.841200828552246094e+00,1.157791709899902344e+01,2.300000000000000000e+01,0.000000000000000000e+00
7.485277175903320312e+00,1.122997093200683594e+01,1.900000000000000000e+01,0.000000000000000000e+00
7.356200695037841797e+00,1.135009479522705078e+01,9.000000000000000000e+00,0.000000000000000000e+00
-1.265620231628417969e+00,1.297495174407958984e+01,2.700000000000000000e+01,0.000000000000000000e+00
-1.244729757308959961e+00,1.295207309722900391e+01,2.700000000000000000e+01,0.000000000000000000e+00
-1.459602236747741699e+00,1.314737701416015625e+01,2.700000000000000000e+01,0.000000000000000000e+00
7.531776905059814453e+00,1.120589447021484375e+01,1.900000000000000000e+01,0.000000000000000000e+00
-1.621187329292297363e+00,1.330679035186767578e+01,2.700000000000000000e+01,0.000000000000000000e+00
-1.516554236412048340e+00,1.320058917999267578e+01,2.700000000000000000e+01,0.000000000000000000e+00
-1.473490476608276367e+00,1.316093349456787109e+01,2.700000000000000000e+01,0.000000000000000000e+00
-1.622305274009704590e+00,1.330260276794433594e+01,2.700000000000000000e+01,0.000000000000000000e+00
-1.430628180503845215e+00,1.312106418609619141e+01,2.700000000000000000e+01,0.000000000000000000e+00
-1.597728729248046875e+00,1.328005027770996094e+01,2.700000000000000000e+01,0.000000000000000000e+00
-1.620660662651062012e+00,1.330141639709472656e+01,2.700000000000000000e+01,0.000000000000000000e+00
7.554576396942138672e+00,1.117703247070312500e+01,1.900000000000000000e+01,0.000000000000000000e+00
-1.225605607032775879e+00,1.294068050384521484e+01,2.700000000000000000e+01,0.000000000000000000e+00
-1.448483824729919434e+00,1.313731384277343750e+01,2.700000000000000000e+01,0.000000000000000000e+00
8.838984489440917969e+00,1.155984687805175781e+01,2.300000000000000000e+01,0.000000000000000000e+00
-1.632213115692138672e+00,1.331838130950927734e+01,2.700000000000000000e+01,0.000000000000000000e+00
-1.748547554016113281e+00,1.342819786071777344e+01,2.700000000000000000e+01,0.000000000000000000e+00
-1.175609469413757324e+00,1.289579296112060547e+01,2.700000000000000000e+01,0.000000000000000000e+00
-1.438563466072082520e+00,1.312665367126464844e+01,2.700000000000000000e+01,0.000000000000000000e+00
-1.321035623550415039e+00,1.302622222900390625e+01,2.700000000000000000e+01,0.000000000000000000e+00
-1.545852065086364746e+00,1.323375320434570312e+01,2.700000000000000000e+01,0.000000000000000000e+00
8.801802635192871094e+00,1.156792354583740234e+01,2.300000000000000000e+01,0.000000000000000000e+00
8.357782363891601562e+00,1.176586532592773438e+01,2.600000000000000000e+01,0.000000000000000000e+00
-1.444541692733764648e+00,1.313720607757568359e+01,2.700000000000000000e+01,0.000000000000000000e+00
8.345905303955078125e+00,1.177388572692871094e+01,2.600000000000000000e+01,0.000000000000000000e+00
-1.085850238800048828e+00,1.281265163421630859e+01,2.700000000000000000e+01,0.000000000000000000e+00
-1.457766890525817871e+00,1.314383125305175781e+01,2.700000000000000000e+01,0.000000000000000000e+00
-1.133872151374816895e+00,1.285826587677001953e+01,2.700000000000000000e+01,0.000000000000000000e+00
8.375719070434570312e+00,1.175229930877685547e+01,2.600000000000000000e+01,0.000000000000000000e+00
-1.161064505577087402e+00,1.288059329986572266e+01,2.700000000000000000e+01,0.000000000000000000e+00
7.557811260223388672e+00,1.118149662017822266e+01,1.900000000000000000e+01,0.000000000000000000e+00
-1.662950515747070312e+00,1.334494018554687500e+01,2.700000000000000000e+01,0.000000000000000000e+00
-1.160112977027893066e+00,1.288213253021240234e+01,2.700000000000000000e+01,0.000000000000000000e+00
-1.215881228446960449e+00,1.293432521820068359e+01,2.700000000000000000e+01,0.000000000000000000e+00
7.493623733520507812e+00,1.123304080963134766e+01,1.900000000000000000e+01,0.000000000000000000e+00
-1.231876134872436523e+00,1.294642543792724609e+01,2.700000000000000000e+01,0.000000000000000000e+00
7.538330078125000000e+00,1.119422626495361328e+01,1.900000000000000000e+01,0.000000000000000000e+00
8.338935852050781250e+00,1.176276779174804688e+01,2.600000000000000000e+01,0.000000000000000000e+00
-1.336438179016113281e+00,1.303241157531738281e+01,2.700000000000000000e+01,0.000000000000000000e+00
7.546607971191406250e+00,1.122577095031738281e+01,1.900000000000000000e+01,0.000000000000000000e+00
8.829524993896484375e+00,1.156277942657470703e+01,2.300000000000000000e+01,0.000000000000000000e+00
-1.410230517387390137e+00,1.309903240203857422e+01,2.700000000000000000e+01,0.000000000000000000e+00
-1.263101577758789062e+00,1.296656894683837891e+01,2.700000000000000000e+01,0.000000000000000000e+00
-1.143348455429077148e+00,1.286841583251953125e+01,2.700000000000000000e+01,0.000000000000000000e+00
-1.220483422279357910e+00,1.294783401489257812e+01,2.700000000000000000e+01,0.000000000000000000e+00
-1.728098750114440918e+00,1.340795326232910156e+01,2.700000000000000000e+01,0.000000000000000000e+00
8.352403640747070312e+00,1.176674938201904297e+01,2.600000000000000000e+01,0.000000000000000000e+00
-1.196327209472656250e+00,1.291223144531250000e+01,2.700000000000000000e+01,0.000000000000000000e+00
8.839998245239257812e+00,1.148203563690185547e+01,9.000000000000000000e+00,0.000000000000000000e+00
7.390602111816406250e+00,1.131396293640136719e+01,9.000000000000000000e+00,0.000000000000000000e+00
-1.347486019134521484e+00,1.304344940185546875e+01,2.700000000000000000e+01,0.000000000000000000e+00
8.390410423278808594e+00,1.173828887939453125e+01,2.600000000000000000e+01,0.000000000000000000e+00
-1.705357074737548828e+00,1.338577461242675781e+01,2.700000000000000000e+01,0.000000000000000000e+00
8.342988967895507812e+00,1.177161312103271484e+01,2.600000000000000000e+01,0.000000000000000000e+00
7.328639507293701172e+00,1.141038227081298828e+01,1.900000000000000000e+01,0.000000000000000000e+00
7.369627475738525391e+00,1.136926651000976562e+01,1.900000000000000000e+01,0.000000000000000000e+00
-1.364607453346252441e+00,1.305936336517333984e+01,2.700000000000000000e+01,0.000000000000000000e+00
-1.549460768699645996e+00,1.323355960845947266e+01,2.700000000000000000e+01,0.000000000000000000e+00
7.284025192260742188e+00,1.149927330017089844e+01,1.900000000000000000e+01,0.000000000000000000e+00
-1.393301010131835938e+00,1.308393001556396484e+01,2.700000000000000000e+01,0.000000000000000000e+00
-1.132799267768859863e+00,1.285745811462402344e+01,2.700000000000000000e+01,0.000000000000000000e+00
8.848243713378906250e+00,1.147781372070312500e+01,9.000000000000000000e+00,0.000000000000000000e+00
-1.535187244415283203e+00,1.321947956085205078e+01,2.700000000000000000e+01,0.000000000000000000e+00
-1.202336311340332031e+00,1.291734409332275391e+01,2.700000000000000000e+01,0.000000000000000000e+00
-1.656743288040161133e+00,1.333749580383300781e+01,2.700000000000000000e+01,0.000000000000000000e+00
-1.296524524688720703e+00,1.299838829040527344e+01,2.700000000000000000e+01,0.000000000000000000e+00
-1.438053131103515625e+00,1.312417602539062500e+01,2.700000000000000000e+01,0.000000000000000000e+00
-1.465922951698303223e+00,1.315662002563476562e+01,2.700000000000000000e+01,0.000000000000000000e+00
-1.695225834846496582e+00,1.337599372863769531e+01,2.700000000000000000e+01,0.000000000000000000e+00
7.338461399078369141e+00,1.138157272338867188e+01,9.000000000000000000e+00,0.000000000000000000e+00
-3.277448892593383789e+00,-4.681287765502929688e+00,1.200000000000000000e+01,0.000000000000000000e+00
-3.381978511810302734e+00,-5.378584861755371094e+00,1.200000000000000000e+01,0.000000000000000000e+00
-2.966848850250244141e+00,-5.651686668395996094e+00,1.200000000000000000e+01,0.000000000000000000e+00
-3.375315666198730469e+00,-4.394850254058837891e+00,1.200000000000000000e+01,0.000000000000000000e+00
-3.248969554901123047e+00,-5.315288066864013672e+00,1.200000000000000000e+01,0.000000000000000000e+00
-3.062568664550781250e+00,-5.595297813415527344e+00,1.200000000000000000e+01,0.000000000000000000e+00
-3.383019208908081055e+00,-4.391956329345703125e+00,1.200000000000000000e+01,0.000000000000000000e+00
-3.056263208389282227e+00,-5.570314884185791016e+00,1.200000000000000000e+01,0.000000000000000000e+00
-3.073396682739257812e+00,-5.594014644622802734e+00,1.200000000000000000e+01,0.000000000000000000e+00
-3.310447931289672852e+00,-4.498975753784179688e+00,1.200000000000000000e+01,0.000000000000000000e+00
-3.247709274291992188e+00,-5.199919223785400391e+00,1.200000000000000000e+01,0.000000000000000000e+00
-3.356701612472534180e+00,-5.398242473602294922e+00,1.200000000000000000e+01,0.000000000000000000e+00
-3.318684101104736328e+00,-5.342653751373291016e+00,1.200000000000000000e+01,0.000000000000000000e+00
-3.372998237609863281e+00,-4.446022987365722656e+00,1.200000000000000000e+01,0.000000000000000000e+00
-3.386710643768310547e+00,-5.386439800262451172e+00,1.200000000000000000e+01,0.000000000000000000e+00
-3.297276020050048828e+00,-4.449711799621582031e+00,1.200000000000000000e+01,0.000000000000000000e+00
-3.343908548355102539e+00,-4.712311744689941406e+00,1.200000000000000000e+01,0.000000000000000000e+00
-3.275824785232543945e+00,-5.281806945800781250e+00,1.200000000000000000e+01,0.000000000000000000e+00
-2.998367786407470703e+00,-5.630498409271240234e+00,1.200000000000000000e+01,0.000000000000000000e+00
-3.075716495513916016e+00,-5.601386070251464844e+00,1.200000000000000000e+01,0.000000000000000000e+00
-3.451217651367187500e+00,-4.462769031524658203e+00,1.200000000000000000e+01,0.000000000000000000e+00
-3.329385519027709961e+00,-4.414295673370361328e+00,1.200000000000000000e+01,0.000000000000000000e+00
-2.970890045166015625e+00,-5.637725830078125000e+00,1.200000000000000000e+01,0.000000000000000000e+00
-2.755718946456909180e+00,-5.740029811859130859e+00,1.200000000000000000e+01,0.000000000000000000e+00
-3.416176557540893555e+00,-4.466701507568359375e+00,1.200000000000000000e+01,0.000000000000000000e+00
-3.367806434631347656e+00,-5.278420925140380859e+00,1.200000000000000000e+01,0.000000000000000000e+00
-3.387920379638671875e+00,-4.420847892761230469e+00,1.200000000000000000e+01,0.000000000000000000e+00
-3.397346735000610352e+00,-4.471556186676025391e+00,1.200000000000000000e+01,0.000000000000000000e+00
-3.289339303970336914e+00,-5.353474617004394531e+00,1.200000000000000000e+01,0.000000000000000000e+00
-3.327617883682250977e+00,-4.415271282196044922e+00,1.200000000000000000e+01,0.000000000000000000e+00
-3.138497591018676758e+00,-5.557067394256591797e+00,1.200000000000000000e+01,0.000000000000000000e+00
-3.244307041168212891e+00,-4.672841548919677734e+00,9.000000000000000000e+00,0.000000000000000000e+00
-3.454695224761962891e+00,-4.527073860168457031e+00,1.200000000000000000e+01,0.000000000000000000e+00
-3.284385919570922852e+00,-4.338643074035644531e+00,1.200000000000000000e+01,0.000000000000000000e+00
-3.496688127517700195e+00,-4.540281295776367188e+00,1.200000000000000000e+01,0.000000000000000000e+00
-3.347649574279785156e+00,-5.359117984771728516e+00,1.200000000000000000e+01,0.000000000000000000e+00
-3.294324398040771484e+00,-5.418885231018066406e+00,1.200000000000000000e+01,0.000000000000000000e+00
-3.056015968322753906e+00,-5.617974758148193359e+00,1.200000000000000000e+01,0.000000000000000000e+00
-3.422917127609252930e+00,-4.409757614135742188e+00,1.200000000000000000e+01,0.000000000000000000e+00
-3.316720485687255859e+00,-5.322424411773681641e+00,1.200000000000000000e+01,0.000000000000000000e+00
-3.345595836639404297e+00,-5.396575450897216797e+00,1.200000000000000000e+01,0.000000000000000000e+00
-3.426774501800537109e+00,-4.378646850585937500e+00,1.200000000000000000e+01,0.000000000000000000e+00
-3.067780494689941406e+00,-5.509828090667724609e+00,9.000000000000000000e+00,0.000000000000000000e+00
-3.403227090835571289e+00,-4.475584030151367188e+00,1.200000000000000000e+01,0.000000000000000000e+00
-3.356825590133666992e+00,-5.419454097747802734e+00,1.200000000000000000e+01,0.000000000000000000e+00
-3.363585233688354492e+00,-5.360486984252929688e+00,1.200000000000000000e+01,0.000000000000000000e+00
-3.059383153915405273e+00,-5.599981784820556641e+00,1.200000000000000000e+01,0.000000000000000000e+00
-3.324966192245483398e+00,-4.473611831665039062e+00,1.200000000000000000e+01,0.000000000000000000e+00
-3.412006139755249023e+00,-4.380660057067871094e+00,1.200000000000000000e+01,0.000000000000000000e+00
-3.097959041595458984e+00,-5.632046699523925781e+00,1.200000000000000000e+01,0.000000000000000000e+00
-2.882264137268066406e+00,-5.677647113800048828e+00,1.200000000000000000e+01,0.000000000000000000e+00
-3.090995311737060547e+00,-5.576006889343261719e+00,1.200000000000000000e+01,0.000000000000000000e+00
-3.271364927291870117e+00,-4.408257007598876953e+00,1.200000000000000000e+01,0.000000000000000000e+00
-2.792795181274414062e+00,-5.721570491790771484e+00,1.200000000000000000e+01,0.000000000000000000e+00
-3.322666883468627930e+00,-5.472278594970703125e+00,1.200000000000000000e+01,0.000000000000000000e+00
-3.418099641799926758e+00,-4.420949935913085938e+00,1.200000000000000000e+01,0.000000000000000000e+00
-3.451441764831542969e+00,-4.569722652435302734e+00,1.200000000000000000e+01,0.000000000000000000e+00
1.769208145141601562e+01,1.062773418426513672e+01,9.000000000000000000e+00,0.000000000000000000e+00
-3.296290874481201172e+00,-4.363130092620849609e+00,1.200000000000000000e+01,0.000000000000000000e+00
-3.407370567321777344e+00,-5.336288452148437500e+00,1.200000000000000000e+01,0.000000000000000000e+00
-3.264307975769042969e+00,-4.699071407318115234e+00,1.200000000000000000e+01,0.000000000000000000e+00
-3.464865922927856445e+00,-4.552824974060058594e+00,1.200000000000000000e+01,0.000000000000000000e+00
-2.753138780593872070e+00,-5.737638950347900391e+00,1.200000000000000000e+01,0.000000000000000000e+00
1.770612716674804688e+01,1.062923622131347656e+01,9.000000000000000000e+00,0.000000000000000000e+00
-3.407606840133666992e+00,-4.516491413116455078e+00,1.200000000000000000e+01,0.000000000000000000e+00
-3.415991067886352539e+00,-4.387142181396484375e+00,1.200000000000000000e+01,0.000000000000000000e+00
-3.278717041015625000e+00,-4.335725784301757812e+00,1.200000000000000000e+01,0.000000000000000000e+00
-3.104129314422607422e+00,-5.607068061828613281e+00,1.200000000000000000e+01,0.000000000000000000e+00
-3.393462419509887695e+00,-5.366944789886474609e+00,1.200000000000000000e+01,0.000000000000000000e+00
-3.357031106948852539e+00,-4.433101654052734375e+00,1.200000000000000000e+01,0.000000000000000000e+00
-3.363954305648803711e+00,-4.415235996246337891e+00,1.200000000000000000e+01,0.000000000000000000e+00
-3.065163373947143555e+00,-5.527846336364746094e+00,1.200000000000000000e+01,0.000000000000000000e+00
-2.806110620498657227e+00,-5.688951492309570312e+00,1.200000000000000000e+01,0.000000000000000000e+00
-3.305992364883422852e+00,-4.375701427459716797e+00,1.200000000000000000e+01,0.000000000000000000e+00
-3.394804000854492188e+00,-4.454295635223388672e+00,1.200000000000000000e+01,0.000000000000000000e+00
-3.210037946701049805e+00,-5.437770366668701172e+00,1.200000000000000000e+01,0.000000000000000000e+00
-2.747145652770996094e+00,-5.744562149047851562e+00,9.000000000000000000e+00,0.000000000000000000e+00
-3.408874750137329102e+00,-4.454172611236572266e+00,1.200000000000000000e+01,0.000000000000000000e+00
-3.243434906005859375e+00,-4.819207668304443359e+00,1.200000000000000000e+01,0.000000000000000000e+00
-3.360491037368774414e+00,-4.369900703430175781e+00,1.200000000000000000e+01,0.000000000000000000e+00
-3.312354326248168945e+00,-5.389942646026611328e+00,1.200000000000000000e+01,0.000000000000000000e+00
-3.167126893997192383e+00,-5.480144977569580078e+00,1.200000000000000000e+01,0.000000000000000000e+00
-3.303825855255126953e+00,-4.498171329498291016e+00,1.200000000000000000e+01,0.000000000000000000e+00
-3.313022375106811523e+00,-4.438602447509765625e+00,1.200000000000000000e+01,0.000000000000000000e+00
-3.029035329818725586e+00,-5.639231204986572266e+00,1.200000000000000000e+01,0.000000000000000000e+00
-3.279245615005493164e+00,-5.411479473114013672e+00,1.200000000000000000e+01,0.000000000000000000e+00
-3.078428506851196289e+00,-5.599695205688476562e+00,1.200000000000000000e+01,0.000000000000000000e+00
-3.263909339904785156e+00,-5.486343860626220703e+00,1.200000000000000000e+01,0.000000000000000000e+00
-3.371370315551757812e+00,-4.719286918640136719e+00,1.200000000000000000e+01,0.000000000000000000e+00
-3.412377595901489258e+00,-5.346625804901123047e+00,1.200000000000000000e+01,0.000000000000000000e+00
-3.128126144409179688e+00,-5.532858371734619141e+00,1.200000000000000000e+01,0.000000000000000000e+00
-3.412977695465087891e+00,-5.362035274505615234e+00,1.200000000000000000e+01,0.000000000000000000e+00
4.400166034698486328e+00,7.439627647399902344e-01,9.000000000000000000e+00,0.000000000000000000e+00
-3.207531929016113281e+00,-5.197233200073242188e+00,1.200000000000000000e+01,0.000000000000000000e+00
-3.348157644271850586e+00,-5.417157649993896484e+00,1.200000000000000000e+01,0.000000000000000000e+00
-3.056996107101440430e+00,-5.599936962127685547e+00,1.200000000000000000e+01,0.000000000000000000e+00
-3.387149333953857422e+00,-4.411308288574218750e+00,1.200000000000000000e+01,0.000000000000000000e+00
-2.759838581085205078e+00,-5.737101554870605469e+00,1.200000000000000000e+01,0.000000000000000000e+00
-3.321910381317138672e+00,-4.487466335296630859e+00,1.200000000000000000e+01,0.000000000000000000e+00
-3.285775184631347656e+00,-4.729960441589355469e+00,1.200000000000000000e+01,0.000000000000000000e+00
-3.378553152084350586e+00,-5.389892101287841797e+00,1.200000000000000000e+01,0.000000000000000000e+00
-3.360568523406982422e+00,-4.351298332214355469e+00,1.200000000000000000e+01,0.000000000000000000e+00
-3.178383111953735352e+00,-5.513739585876464844e+00,1.200000000000000000e+01,0.000000000000000000e+00
-3.252665519714355469e+00,-5.278187274932861328e+00,1.200000000000000000e+01,0.000000000000000000e+00
1.769850349426269531e+01,1.064527797698974609e+01,9.000000000000000000e+00,0.000000000000000000e+00
1.769854736328125000e+01,1.063321399688720703e+01,9.000000000000000000e+00,0.000000000000000000e+00
-3.452349424362182617e+00,-4.584832668304443359e+00,1.200000000000000000e+01,0.000000000000000000e+00
-3.119014501571655273e+00,-5.576452732086181641e+00,1.200000000000000000e+01,0.000000000000000000e+00
-3.344650030136108398e+00,-4.506892681121826172e+00,1.200000000000000000e+01,0.000000000000000000e+00
-3.444442272186279297e+00,-4.519250869750976562e+00,1.200000000000000000e+01,0.000000000000000000e+00
-3.401675701141357422e+00,-4.901563644409179688e+00,1.200000000000000000e+01,0.000000000000000000e+00
-3.070546388626098633e+00,-5.380824565887451172e+00,1.200000000000000000e+01,0.000000000000000000e+00
-3.470845222473144531e+00,-4.486061096191406250e+00,1.200000000000000000e+01,0.000000000000000000e+00
-2.778250694274902344e+00,-5.721129894256591797e+00,1.200000000000000000e+01,0.000000000000000000e+00
-3.336133956909179688e+00,-5.367801189422607422e+00,1.200000000000000000e+01,0.000000000000000000e+00
-2.794108867645263672e+00,-5.730949878692626953e+00,1.200000000000000000e+01,0.000000000000000000e+00
-3.421279907226562500e+00,-5.305641174316406250e+00,1.200000000000000000e+01,0.000000000000000000e+00
-3.280111789703369141e+00,-4.331023216247558594e+00,1.200000000000000000e+01,0.000000000000000000e+00
-3.466581344604492188e+00,-4.524970054626464844e+00,1.200000000000000000e+01,0.000000000000000000e+00
-2.744333028793334961e+00,-5.746088504791259766e+00,1.200000000000000000e+01,0.000000000000000000e+00
-3.280206203460693359e+00,-4.405480861663818359e+00,1.200000000000000000e+01,0.000000000000000000e+00
-3.365535736083984375e+00,-4.526835918426513672e+00,1.200000000000000000e+01,0.000000000000000000e+00
-3.442123413085937500e+00,-5.270519733428955078e+00,1.200000000000000000e+01,0.000000000000000000e+00
-3.338038206100463867e+00,-5.342421531677246094e+00,1.200000000000000000e+01,0.000000000000000000e+00
-3.302591562271118164e+00,-5.342514514923095703e+00,1.200000000000000000e+01,0.000000000000000000e+00
-2.804410457611083984e+00,-5.708035945892333984e+00,1.200000000000000000e+01,0.000000000000000000e+00
-3.264612197875976562e+00,-4.831893920898437500e+00,1.200000000000000000e+01,0.000000000000000000e+00
-3.374676227569580078e+00,-5.400708675384521484e+00,1.200000000000000000e+01,0.000000000000000000e+00
-3.261054039001464844e+00,-5.308452606201171875e+00,1.200000000000000000e+01,0.000000000000000000e+00
-3.050017595291137695e+00,-5.611989021301269531e+00,1.200000000000000000e+01,0.000000000000000000e+00
-3.157891035079956055e+00,-5.456282615661621094e+00,1.200000000000000000e+01,0.000000000000000000e+00
-3.036782264709472656e+00,-5.636420726776123047e+00,1.200000000000000000e+01,0.000000000000000000e+00
-2.791013956069946289e+00,-5.720952510833740234e+00,1.200000000000000000e+01,0.000000000000000000e+00
-3.267634868621826172e+00,-4.720571994781494141e+00,1.200000000000000000e+01,0.000000000000000000e+00
-3.161240100860595703e+00,-5.477185726165771484e+00,1.200000000000000000e+01,0.000000000000000000e+00
-3.383979320526123047e+00,-5.404976844787597656e+00,1.200000000000000000e+01,0.000000000000000000e+00
-3.455588102340698242e+00,-4.560554027557373047e+00,1.200000000000000000e+01,0.000000000000000000e+00
-3.311496973037719727e+00,-4.325480461120605469e+00,1.200000000000000000e+01,0.000000000000000000e+00
-3.252609968185424805e+00,-5.404201030731201172e+00,1.200000000000000000e+01,0.000000000000000000e+00
-3.078141927719116211e+00,-5.600595474243164062e+00,1.200000000000000000e+01,0.000000000000000000e+00
-3.281239032745361328e+00,-4.387443065643310547e+00,1.200000000000000000e+01,0.000000000000000000e+00
-3.382324457168579102e+00,-4.402540683746337891e+00,1.200000000000000000e+01,0.000000000000000000e+00
-3.344503641128540039e+00,-5.430534362792968750e+00,1.200000000000000000e+01,0.000000000000000000e+00
-3.051570177078247070e+00,-5.491139888763427734e+00,1.200000000000000000e+01,0.000000000000000000e+00
-3.278625488281250000e+00,-4.528366565704345703e+00,1.200000000000000000e+01,0.000000000000000000e+00
4.663857936859130859e+00,5.320265889167785645e-01,9.000000000000000000e+00,0.000000000000000000e+00
-3.410413980484008789e+00,-4.610240459442138672e+00,1.200000000000000000e+01,0.000000000000000000e+00
-3.215821981430053711e+00,-5.266425132751464844e+00,1.200000000000000000e+01,0.000000000000000000e+00
-3.429837703704833984e+00,-4.458383560180664062e+00,1.200000000000000000e+01,0.000000000000000000e+00
-3.335169792175292969e+00,-4.507678031921386719e+00,1.200000000000000000e+01,0.000000000000000000e+00
-3.118268966674804688e+00,-5.554302215576171875e+00,1.200000000000000000e+01,0.000000000000000000e+00
-3.461634159088134766e+00,-4.511317253112792969e+00,1.200000000000000000e+01,0.000000000000000000e+00
-3.384811639785766602e+00,-4.429457187652587891e+00,1.200000000000000000e+01,0.000000000000000000e+00
-3.135625600814819336e+00,-5.551459312438964844e+00,1.200000000000000000e+01,0.000000000000000000e+00
-3.379750013351440430e+00,-5.392987251281738281e+00,1.200000000000000000e+01,0.000000000000000000e+00
-3.028084993362426758e+00,-5.638335227966308594e+00,1.200000000000000000e+01,0.000000000000000000e+00
-3.319835186004638672e+00,-5.481677532196044922e+00,1.200000000000000000e+01,0.000000000000000000e+00
-3.361825466156005859e+00,-5.327497959136962891e+00,1.200000000000000000e+01,0.000000000000000000e+00
-3.027371168136596680e+00,-5.622472763061523438e+00,1.200000000000000000e+01,0.000000000000000000e+00
-3.305494546890258789e+00,-5.380660533905029297e+00,1.200000000000000000e+01,0.000000000000000000e+00
-3.439067602157592773e+00,-5.316783905029296875e+00,1.200000000000000000e+01,0.000000000000000000e+00
-3.402328491210937500e+00,-4.438593864440917969e+00,1.200000000000000000e+01,0.000000000000000000e+00
-3.292461633682250977e+00,-4.391418457031250000e+00,1.200000000000000000e+01,0.000000000000000000e+00
-2.774600028991699219e+00,-5.724518775939941406e+00,1.200000000000000000e+01,0.000000000000000000e+00
-3.381744861602783203e+00,-4.353944301605224609e+00,1.200000000000000000e+01,0.000000000000000000e+00
-3.414370298385620117e+00,-4.500686168670654297e+00,1.200000000000000000e+01,0.000000000000000000e+00
-3.446106195449829102e+00,-4.474579811096191406e+00,1.200000000000000000e+01,0.000000000000000000e+00
-3.291488409042358398e+00,-4.363119602203369141e+00,1.200000000000000000e+01,0.000000000000000000e+00
-3.136709690093994141e+00,-5.556347370147705078e+00,1.200000000000000000e+01,0.000000000000000000e+00
-3.485773563385009766e+00,-4.573816776275634766e+00,1.200000000000000000e+01,0.000000000000000000e+00
-3.290997743606567383e+00,-5.318749904632568359e+00,1.200000000000000000e+01,0.000000000000000000e+00
-3.307081699371337891e+00,-4.521505355834960938e+00,1.200000000000000000e+01,0.000000000000000000e+00
-3.474756479263305664e+00,-4.491362094879150391e+00,1.200000000000000000e+01,0.000000000000000000e+00
-3.318692922592163086e+00,-5.377940654754638672e+00,1.200000000000000000e+01,0.000000000000000000e+00
-3.317893743515014648e+00,-4.512527942657470703e+00,1.200000000000000000e+01,0.000000000000000000e+00
-3.397841453552246094e+00,-4.496026039123535156e+00,1.200000000000000000e+01,0.000000000000000000e+00
-3.422674417495727539e+00,-4.402563095092773438e+00,1.200000000000000000e+01,0.000000000000000000e+00
-3.256329298019409180e+00,-4.668673515319824219e+00,1.200000000000000000e+01,0.000000000000000000e+00
-2.778764486312866211e+00,-5.729839801788330078e+00,1.200000000000000000e+01,0.000000000000000000e+00
-3.126789808273315430e+00,-5.589716434478759766e+00,1.200000000000000000e+01,0.000000000000000000e+00
-3.368955850601196289e+00,-5.429236888885498047e+00,1.200000000000000000e+01,0.000000000000000000e+00
-3.387366294860839844e+00,-5.402978420257568359e+00,1.200000000000000000e+01,0.000000000000000000e+00
-3.347923755645751953e+00,-4.477069854736328125e+00,1.200000000000000000e+01,0.000000000000000000e+00
-3.263925313949584961e+00,-5.380078792572021484e+00,1.200000000000000000e+01,0.000000000000000000e+00
-3.049441576004028320e+00,-5.622037410736083984e+00,1.200000000000000000e+01,0.000000000000000000e+00
-3.435160160064697266e+00,-4.367282390594482422e+00,1.200000000000000000e+01,0.000000000000000000e+00
-3.362946748733520508e+00,-4.431746006011962891e+00,9.000000000000000000e+00,0.000000000000000000e+00
-3.414841651916503906e+00,-4.397206783294677734e+00,1.200000000000000000e+01,0.000000000000000000e+00
-3.393445253372192383e+00,-5.380571842193603516e+00,1.200000000000000000e+01,0.000000000000000000e+00
-3.371045589447021484e+00,-4.446897983551025391e+00,1.200000000000000000e+01,0.000000000000000000e+00
-3.096418380737304688e+00,-5.581723690032958984e+00,1.200000000000000000e+01,0.000000000000000000e+00
-3.293480396270751953e+00,-5.386627674102783203e+00,1.200000000000000000e+01,0.000000000000000000e+00
-3.066965341567993164e+00,-5.580084800720214844e+00,1.200000000000000000e+01,0.000000000000000000e+00
-3.282741785049438477e+00,-5.498739242553710938e+00,1.200000000000000000e+01,0.000000000000000000e+00
-3.465699911117553711e+00,-4.539175510406494141e+00,1.200000000000000000e+01,0.000000000000000000e+00
-3.240396738052368164e+00,-4.797520160675048828e+00,1.200000000000000000e+01,0.000000000000000000e+00
-3.178305149078369141e+00,-5.553315639495849609e+00,1.200000000000000000e+01,0.000000000000000000e+00
-3.142851114273071289e+00,-5.233201503753662109e+00,1.200000000000000000e+01,0.000000000000000000e+00
-3.069466352462768555e+00,-5.623730659484863281e+00,1.200000000000000000e+01,0.000000000000000000e+00
-3.416502237319946289e+00,-4.353128433227539062e+00,1.200000000000000000e+01,0.000000000000000000e+00
-3.425255537033081055e+00,-5.402730464935302734e+00,1.200000000000000000e+01,0.000000000000000000e+00
-2.749455451965332031e+00,-5.743004322052001953e+00,1.200000000000000000e+01,0.000000000000000000e+00
-3.277777910232543945e+00,-5.364758968353271484e+00,1.200000000000000000e+01,0.000000000000000000e+00
-3.273964166641235352e+00,-5.386045932769775391e+00,1.200000000000000000e+01,0.000000000000000000e+00
-3.307865142822265625e+00,-4.330976009368896484e+00,1.200000000000000000e+01,0.000000000000000000e+00
-3.382206916809082031e+00,-5.373900890350341797e+00,1.200000000000000000e+01,0.000000000000000000e+00
1.771889114379882812e+01,1.064843940734863281e+01,9.000000000000000000e+00,0.000000000000000000e+00
-3.285893440246582031e+00,-5.384065628051757812e+00,1.200000000000000000e+01,0.000000000000000000e+00
-2.826361179351806641e+00,-5.684238910675048828e+00,1.200000000000000000e+01,0.000000000000000000e+00
-3.269506692886352539e+00,-4.652800559997558594e+00,1.200000000000000000e+01,0.000000000000000000e+00
1.095693874359130859e+01,-1.176547813415527344e+01,1.000000000000000000e+01,0.000000000000000000e+00
1.153906822204589844e+01,-1.193455314636230469e+01,1.000000000000000000e+01,0.000000000000000000e+00
1.099451065063476562e+01,-1.177894878387451172e+01,1.000000000000000000e+01,0.000000000000000000e+00
9.665554046630859375e+00,-1.180914878845214844e+01,1.000000000000000000e+01,0.000000000000000000e+00
1.028354072570800781e+01,-1.179576969146728516e+01,1.000000000000000000e+01,0.000000000000000000e+00
9.926046371459960938e+00,-1.196949291229248047e+01,1.000000000000000000e+01,0.000000000000000000e+00
1.021068954467773438e+01,-1.183058166503906250e+01,1.000000000000000000e+01,0.000000000000000000e+00
1.028867626190185547e+01,-1.186522293090820312e+01,1.000000000000000000e+01,0.000000000000000000e+00
1.097296333312988281e+01,-1.183925342559814453e+01,1.000000000000000000e+01,0.000000000000000000e+00
1.121313095092773438e+01,-1.183995723724365234e+01,1.000000000000000000e+01,0.000000000000000000e+00
9.771001815795898438e+00,-1.188950920104980469e+01,1.000000000000000000e+01,0.000000000000000000e+00
1.107085323333740234e+01,-1.179620838165283203e+01,1.000000000000000000e+01,0.000000000000000000e+00
1.044991397857666016e+01,-1.178724670410156250e+01,1.000000000000000000e+01,0.000000000000000000e+00
9.888698577880859375e+00,-1.195717906951904297e+01,1.000000000000000000e+01,0.000000000000000000e+00
1.140219593048095703e+01,-1.188320446014404297e+01,1.000000000000000000e+01,0.000000000000000000e+00
1.094005012512207031e+01,-1.183639240264892578e+01,1.000000000000000000e+01,0.000000000000000000e+00
1.141272258758544922e+01,-1.184739208221435547e+01,1.000000000000000000e+01,0.000000000000000000e+00
1.117298698425292969e+01,-1.181129741668701172e+01,1.000000000000000000e+01,0.000000000000000000e+00
1.063369369506835938e+01,-1.175957107543945312e+01,1.000000000000000000e+01,0.000000000000000000e+00
9.728435516357421875e+00,-1.185602378845214844e+01,1.000000000000000000e+01,0.000000000000000000e+00
5.866413116455078125e+00,-3.832800865173339844e+00,9.000000000000000000e+00,0.000000000000000000e+00
1.488823604583740234e+01,-5.158050060272216797e+00,9.000000000000000000e+00,0.000000000000000000e+00
9.801817893981933594e+00,-1.187355518341064453e+01,1.000000000000000000e+01,0.000000000000000000e+00
1.011445331573486328e+01,-1.193094825744628906e+01,1.000000000000000000e+01,0.000000000000000000e+00
1.053449726104736328e+01,-1.177719879150390625e+01,1.000000000000000000e+01,0.000000000000000000e+00
1.051994705200195312e+01,-1.173672962188720703e+01,1.000000000000000000e+01,0.000000000000000000e+00
9.711882591247558594e+00,-1.185944080352783203e+01,1.000000000000000000e+01,0.000000000000000000e+00
1.060915279388427734e+01,-1.175384140014648438e+01,1.000000000000000000e+01,0.000000000000000000e+00
1.102873134613037109e+01,-1.177833557128906250e+01,1.000000000000000000e+01,0.000000000000000000e+00
1.096113300323486328e+01,-1.178000640869140625e+01,1.000000000000000000e+01,0.000000000000000000e+00
9.698219299316406250e+00,-1.184384250640869141e+01,1.000000000000000000e+01,0.000000000000000000e+00
1.050782203674316406e+01,-1.179990291595458984e+01,1.000000000000000000e+01,0.000000000000000000e+00
9.711540222167968750e+00,-1.183320903778076172e+01,1.000000000000000000e+01,0.000000000000000000e+00
9.771008491516113281e+00,-1.185954093933105469e+01,1.000000000000000000e+01,0.000000000000000000e+00
1.146127986907958984e+01,-1.188191413879394531e+01,1.000000000000000000e+01,0.000000000000000000e+00
1.063698768615722656e+01,-1.178837108612060547e+01,1.000000000000000000e+01,0.000000000000000000e+00
1.068277549743652344e+01,-1.174363231658935547e+01,1.000000000000000000e+01,0.000000000000000000e+00
1.058343887329101562e+01,-1.173009395599365234e+01,1.000000000000000000e+01,0.000000000000000000e+00
1.096097087860107422e+01,-1.177675056457519531e+01,1.000000000000000000e+01,0.000000000000000000e+00
1.074093246459960938e+01,-1.177760601043701172e+01,1.000000000000000000e+01,0.000000000000000000e+00
1.061450099945068359e+01,-1.174805736541748047e+01,1.000000000000000000e+01,0.000000000000000000e+00
1.102435398101806641e+01,-1.177809619903564453e+01,1.000000000000000000e+01,0.000000000000000000e+00
9.825655937194824219e+00,-1.185139369964599609e+01,1.000000000000000000e+01,0.000000000000000000e+00
1.115458869934082031e+01,-1.182846164703369141e+01,1.000000000000000000e+01,0.000000000000000000e+00
9.869651794433593750e+00,-1.196882820129394531e+01,1.000000000000000000e+01,0.000000000000000000e+00
9.781215667724609375e+00,-1.189744186401367188e+01,1.000000000000000000e+01,0.000000000000000000e+00
9.922002792358398438e+00,-1.197782516479492188e+01,1.000000000000000000e+01,0.000000000000000000e+00
1.021067237854003906e+01,-1.182746982574462891e+01,1.000000000000000000e+01,0.000000000000000000e+00
9.765014648437500000e+00,-1.185514450073242188e+01,1.000000000000000000e+01,0.000000000000000000e+00
1.117313480377197266e+01,-1.181644821166992188e+01,1.000000000000000000e+01,0.000000000000000000e+00
1.125918769836425781e+01,-1.180304241180419922e+01,1.000000000000000000e+01,0.000000000000000000e+00
1.086691951751708984e+01,-1.181136512756347656e+01,1.000000000000000000e+01,0.000000000000000000e+00
1.075163269042968750e+01,-1.179197788238525391e+01,1.000000000000000000e+01,0.000000000000000000e+00
1.152336692810058594e+01,-1.194381141662597656e+01,1.000000000000000000e+01,0.000000000000000000e+00
9.901821136474609375e+00,-1.196991539001464844e+01,1.000000000000000000e+01,0.000000000000000000e+00
1.104602622985839844e+01,-1.179056549072265625e+01,1.000000000000000000e+01,0.000000000000000000e+00
1.116409873962402344e+01,-1.177275466918945312e+01,1.000000000000000000e+01,0.000000000000000000e+00
9.903161048889160156e+00,-1.196725845336914062e+01,1.000000000000000000e+01,0.000000000000000000e+00
9.880705833435058594e+00,-1.191530513763427734e+01,1.000000000000000000e+01,0.000000000000000000e+00
9.702488899230957031e+00,-1.184425640106201172e+01,1.000000000000000000e+01,0.000000000000000000e+00
9.986989021301269531e+00,-1.197622680664062500e+01,1.000000000000000000e+01,0.000000000000000000e+00
1.150001621246337891e+01,-1.192218112945556641e+01,1.000000000000000000e+01,0.000000000000000000e+00
1.056459045410156250e+01,-1.173996925354003906e+01,1.000000000000000000e+01,0.000000000000000000e+00
1.006965160369873047e+01,-1.192045021057128906e+01,1.000000000000000000e+01,0.000000000000000000e+00
9.815382957458496094e+00,-1.192032909393310547e+01,1.000000000000000000e+01,0.000000000000000000e+00
9.913899421691894531e+00,-1.199875450134277344e+01,1.000000000000000000e+01,0.000000000000000000e+00
1.032690620422363281e+01,-1.183873271942138672e+01,1.000000000000000000e+01,0.000000000000000000e+00
9.783796310424804688e+00,-1.188464832305908203e+01,1.000000000000000000e+01,0.000000000000000000e+00
1.049897098541259766e+01,-1.177718448638916016e+01,1.000000000000000000e+01,0.000000000000000000e+00
1.050262355804443359e+01,-1.178238964080810547e+01,1.000000000000000000e+01,0.000000000000000000e+00
1.144159793853759766e+01,-1.188625049591064453e+01,1.000000000000000000e+01,0.000000000000000000e+00
1.096266460418701172e+01,-1.178785228729248047e+01,1.000000000000000000e+01,0.000000000000000000e+00
1.064649581909179688e+01,-1.178779792785644531e+01,1.000000000000000000e+01,0.000000000000000000e+00
1.121668910980224609e+01,-1.180826282501220703e+01,1.000000000000000000e+01,0.000000000000000000e+00
1.004264831542968750e+01,-1.195575618743896484e+01,1.000000000000000000e+01,0.000000000000000000e+00
1.153833198547363281e+01,-1.193126964569091797e+01,1.000000000000000000e+01,0.000000000000000000e+00
1.130645084381103516e+01,-1.184863471984863281e+01,1.000000000000000000e+01,0.000000000000000000e+00
1.050395393371582031e+01,-1.175430583953857422e+01,1.000000000000000000e+01,0.000000000000000000e+00
9.921548843383789062e+00,-1.183148384094238281e+01,1.000000000000000000e+01,0.000000000000000000e+00
1.070323371887207031e+01,-1.178361129760742188e+01,1.000000000000000000e+01,0.000000000000000000e+00
9.739602088928222656e+00,-1.185021972656250000e+01,1.000000000000000000e+01,0.000000000000000000e+00
1.154970264434814453e+01,-1.194089031219482422e+01,1.000000000000000000e+01,0.000000000000000000e+00
1.072674751281738281e+01,-1.176014614105224609e+01,1.000000000000000000e+01,0.000000000000000000e+00
9.707657814025878906e+00,-1.185735225677490234e+01,1.000000000000000000e+01,0.000000000000000000e+00
1.034291172027587891e+01,-1.181511783599853516e+01,1.000000000000000000e+01,0.000000000000000000e+00
9.969560623168945312e+00,-1.194859695434570312e+01,1.000000000000000000e+01,0.000000000000000000e+00
1.124160480499267578e+01,-1.178572177886962891e+01,1.000000000000000000e+01,0.000000000000000000e+00
9.786943435668945312e+00,-1.189995861053466797e+01,1.000000000000000000e+01,0.000000000000000000e+00
1.146741294860839844e+01,-1.188827800750732422e+01,1.000000000000000000e+01,0.000000000000000000e+00
9.920320510864257812e+00,-1.198145103454589844e+01,1.000000000000000000e+01,0.000000000000000000e+00
1.098303890228271484e+01,-1.175885295867919922e+01,1.000000000000000000e+01,0.000000000000000000e+00
1.031825637817382812e+01,-1.182679462432861328e+01,1.000000000000000000e+01,0.000000000000000000e+00
1.097800159454345703e+01,-1.177066135406494141e+01,1.000000000000000000e+01,0.000000000000000000e+00
9.815404891967773438e+00,-1.189138984680175781e+01,1.000000000000000000e+01,0.000000000000000000e+00
1.024815750122070312e+01,-1.190451145172119141e+01,1.000000000000000000e+01,0.000000000000000000e+00
1.121644783020019531e+01,-1.183814048767089844e+01,1.000000000000000000e+01,0.000000000000000000e+00
1.138090133666992188e+01,-1.184186458587646484e+01,1.000000000000000000e+01,0.000000000000000000e+00
1.051864814758300781e+01,-1.175144195556640625e+01,1.000000000000000000e+01,0.000000000000000000e+00
1.102151203155517578e+01,-1.178399562835693359e+01,1.000000000000000000e+01,0.000000000000000000e+00
9.799850463867187500e+00,-1.192582416534423828e+01,1.000000000000000000e+01,0.000000000000000000e+00
1.117539024353027344e+01,-1.180148887634277344e+01,1.000000000000000000e+01,0.000000000000000000e+00
1.105929851531982422e+01,-1.187793827056884766e+01,1.000000000000000000e+01,0.000000000000000000e+00
1.115133666992187500e+01,-1.180187225341796875e+01,1.000000000000000000e+01,0.000000000000000000e+00
1.139230060577392578e+01,-1.186758899688720703e+01,1.000000000000000000e+01,0.000000000000000000e+00
9.810607910156250000e+00,-1.192766666412353516e+01,1.000000000000000000e+01,0.000000000000000000e+00
1.025552845001220703e+01,-1.186064910888671875e+01,1.000000000000000000e+01,0.000000000000000000e+00
1.046195697784423828e+01,-1.176866436004638672e+01,1.000000000000000000e+01,0.000000000000000000e+00
1.046644496917724609e+01,-1.180761718750000000e+01,1.000000000000000000e+01,0.000000000000000000e+00
9.816055297851562500e+00,-1.192864513397216797e+01,1.000000000000000000e+01,0.000000000000000000e+00
1.146241569519042969e+01,-1.189225578308105469e+01,1.000000000000000000e+01,0.000000000000000000e+00
1.140280055999755859e+01,-1.187843132019042969e+01,1.000000000000000000e+01,0.000000000000000000e+00
9.930498123168945312e+00,-1.195515632629394531e+01,1.000000000000000000e+01,0.000000000000000000e+00
1.092830562591552734e+01,-1.182787513732910156e+01,1.000000000000000000e+01,0.000000000000000000e+00
1.091186809539794922e+01,-1.179932785034179688e+01,1.000000000000000000e+01,0.000000000000000000e+00
9.879106521606445312e+00,-1.200694942474365234e+01,1.000000000000000000e+01,0.000000000000000000e+00
1.101403236389160156e+01,-1.181343173980712891e+01,1.000000000000000000e+01,0.000000000000000000e+00
1.152845859527587891e+01,-1.193057155609130859e+01,1.000000000000000000e+01,0.000000000000000000e+00
1.108820152282714844e+01,-1.179097461700439453e+01,1.000000000000000000e+01,0.000000000000000000e+00
1.050442314147949219e+01,-1.178779411315917969e+01,1.000000000000000000e+01,0.000000000000000000e+00
1.127905178070068359e+01,-1.178998661041259766e+01,1.000000000000000000e+01,0.000000000000000000e+00
1.056709289550781250e+01,-1.174735164642333984e+01,1.000000000000000000e+01,0.000000000000000000e+00
1.010262107849121094e+01,-1.181141853332519531e+01,1.000000000000000000e+01,0.000000000000000000e+00
1.079819011688232422e+01,-1.179974937438964844e+01,1.000000000000000000e+01,0.000000000000000000e+00
1.047891902923583984e+01,-1.177706146240234375e+01,1.000000000000000000e+01,0.000000000000000000e+00
9.730937004089355469e+00,-1.181084156036376953e+01,1.000000000000000000e+01,0.000000000000000000e+00
1.099207210540771484e+01,-1.184762954711914062e+01,1.000000000000000000e+01,0.000000000000000000e+00
1.107529640197753906e+01,-1.178833389282226562e+01,1.000000000000000000e+01,0.000000000000000000e+00
1.069127273559570312e+01,-1.181326293945312500e+01,1.000000000000000000e+01,0.000000000000000000e+00
1.150804805755615234e+01,-1.192714500427246094e+01,1.000000000000000000e+01,0.000000000000000000e+00
1.067932510375976562e+01,-1.179592323303222656e+01,1.000000000000000000e+01,0.000000000000000000e+00
9.657285690307617188e+00,-1.181580543518066406e+01,1.000000000000000000e+01,0.000000000000000000e+00
1.092215824127197266e+01,-1.176579570770263672e+01,1.000000000000000000e+01,0.000000000000000000e+00
9.859485626220703125e+00,-1.196362686157226562e+01,1.000000000000000000e+01,0.000000000000000000e+00
1.081493568420410156e+01,-1.180236148834228516e+01,1.000000000000000000e+01,0.000000000000000000e+00
1.006278419494628906e+01,-1.190323066711425781e+01,1.000000000000000000e+01,0.000000000000000000e+00
1.095256423950195312e+01,-1.175605106353759766e+01,1.000000000000000000e+01,0.000000000000000000e+00
9.719781875610351562e+00,-1.182239627838134766e+01,1.000000000000000000e+01,0.000000000000000000e+00
9.715830802917480469e+00,-1.183746623992919922e+01,1.000000000000000000e+01,0.000000000000000000e+00
1.139629268646240234e+01,-1.185714721679687500e+01,1.000000000000000000e+01,0.000000000000000000e+00
9.783208847045898438e+00,-1.191689682006835938e+01,1.000000000000000000e+01,0.000000000000000000e+00
1.044397068023681641e+01,-1.178199195861816406e+01,1.000000000000000000e+01,0.000000000000000000e+00
1.148734092712402344e+01,-1.191723251342773438e+01,1.000000000000000000e+01,0.000000000000000000e+00
1.144080352783203125e+01,-1.189117717742919922e+01,1.000000000000000000e+01,0.000000000000000000e+00
1.044044113159179688e+01,-1.175622653961181641e+01,1.000000000000000000e+01,0.000000000000000000e+00
9.879050254821777344e+00,-1.196062755584716797e+01,1.000000000000000000e+01,0.000000000000000000e+00
1.017622566223144531e+01,-1.187481594085693359e+01,1.000000000000000000e+01,0.000000000000000000e+00
1.134837913513183594e+01,-1.181052684783935547e+01,1.000000000000000000e+01,0.000000000000000000e+00
1.048539829254150391e+01,-1.177197456359863281e+01,1.000000000000000000e+01,0.000000000000000000e+00
1.125977134704589844e+01,-1.181201076507568359e+01,1.000000000000000000e+01,0.000000000000000000e+00
1.047161960601806641e+01,-1.172618007659912109e+01,1.000000000000000000e+01,0.000000000000000000e+00
9.758523941040039062e+00,-1.188282775878906250e+01,1.000000000000000000e+01,0.000000000000000000e+00
9.955080986022949219e+00,-1.196889972686767578e+01,1.000000000000000000e+01,0.000000000000000000e+00
1.041624450683593750e+01,-1.176776599884033203e+01,1.000000000000000000e+01,0.000000000000000000e+00
1.112322044372558594e+01,-1.180921745300292969e+01,1.000000000000000000e+01,0.000000000000000000e+00
1.055172061920166016e+01,-1.178909206390380859e+01,1.000000000000000000e+01,0.000000000000000000e+00
1.065938377380371094e+01,-1.178987979888916016e+01,1.000000000000000000e+01,0.000000000000000000e+00
1.080879020690917969e+01,-1.179928016662597656e+01,1.000000000000000000e+01,0.000000000000000000e+00
1.037642860412597656e+01,-1.180434226989746094e+01,1.000000000000000000e+01,0.000000000000000000e+00
9.748737335205078125e+00,-1.186089897155761719e+01,1.000000000000000000e+01,0.000000000000000000e+00
1.045676326751708984e+01,-1.177804374694824219e+01,1.000000000000000000e+01,0.000000000000000000e+00
1.102533054351806641e+01,-1.180295562744140625e+01,1.000000000000000000e+01,0.000000000000000000e+00
1.067786502838134766e+01,-1.176018524169921875e+01,1.000000000000000000e+01,0.000000000000000000e+00
9.921507835388183594e+00,-1.197459125518798828e+01,1.000000000000000000e+01,0.000000000000000000e+00
9.687927246093750000e+00,-1.181969451904296875e+01,1.000000000000000000e+01,0.000000000000000000e+00
9.804591178894042969e+00,-1.187338829040527344e+01,1.000000000000000000e+01,0.000000000000000000e+00
1.156328201293945312e+01,-1.195506477355957031e+01,1.000000000000000000e+01,0.000000000000000000e+00
9.775775909423828125e+00,-1.190191268920898438e+01,1.000000000000000000e+01,0.000000000000000000e+00
1.137868785858154297e+01,-1.185783290863037109e+01,1.000000000000000000e+01,0.000000000000000000e+00
1.137906455993652344e+01,-1.182910442352294922e+01,1.000000000000000000e+01,0.000000000000000000e+00
1.135278892517089844e+01,-1.186169528961181641e+01,1.000000000000000000e+01,0.000000000000000000e+00
9.817701339721679688e+00,-1.194657897949218750e+01,1.000000000000000000e+01,0.000000000000000000e+00
1.155517959594726562e+01,-1.195288658142089844e+01,1.000000000000000000e+01,0.000000000000000000e+00
9.694739341735839844e+00,-1.182040786743164062e+01,1.000000000000000000e+01,0.000000000000000000e+00
1.141117668151855469e+01,-1.185941791534423828e+01,1.000000000000000000e+01,0.000000000000000000e+00
1.108260345458984375e+01,-1.176233291625976562e+01,1.000000000000000000e+01,0.000000000000000000e+00
1.135247516632080078e+01,-1.181218433380126953e+01,1.000000000000000000e+01,0.000000000000000000e+00
1.038642501831054688e+01,-1.182994365692138672e+01,1.000000000000000000e+01,0.000000000000000000e+00
1.153924560546875000e+01,-1.193471527099609375e+01,1.000000000000000000e+01,0.000000000000000000e+00
1.063130855560302734e+01,-1.173487472534179688e+01,1.000000000000000000e+01,0.000000000000000000e+00
1.030837726593017578e+01,-1.187697887420654297e+01,1.000000000000000000e+01,0.000000000000000000e+00
1.153665637969970703e+01,-1.193584346771240234e+01,1.000000000000000000e+01,0.000000000000000000e+00
9.934873580932617188e+00,-1.197561168670654297e+01,1.000000000000000000e+01,0.000000000000000000e+00
1.124937629699707031e+01,-1.183909416198730469e+01,1.000000000000000000e+01,0.000000000000000000e+00
1.041406154632568359e+01,-1.177523994445800781e+01,1.000000000000000000e+01,0.000000000000000000e+00
1.051074314117431641e+01,-1.178438854217529297e+01,1.000000000000000000e+01,0.000000000000000000e+00
1.152266120910644531e+01,-1.192736339569091797e+01,1.000000000000000000e+01,0.000000000000000000e+00
1.126981449127197266e+01,-1.183519268035888672e+01,1.000000000000000000e+01,0.000000000000000000e+00
1.066824340820312500e+01,-1.180912971496582031e+01,1.000000000000000000e+01,0.000000000000000000e+00
9.769816398620605469e+00,-1.190027427673339844e+01,1.000000000000000000e+01,0.000000000000000000e+00
9.779534339904785156e+00,-1.190724182128906250e+01,1.000000000000000000e+01,0.000000000000000000e+00
1.073294925689697266e+01,-1.175547027587890625e+01,1.000000000000000000e+01,0.000000000000000000e+00
1.065135765075683594e+01,-1.179313182830810547e+01,1.000000000000000000e+01,0.000000000000000000e+00
9.734969139099121094e+00,-1.182691287994384766e+01,1.000000000000000000e+01,0.000000000000000000e+00
9.848402976989746094e+00,-1.194991493225097656e+01,1.000000000000000000e+01,0.000000000000000000e+00
9.860399246215820312e+00,-1.194032859802246094e+01,1.000000000000000000e+01,0.000000000000000000e+00
1.022221660614013672e+01,-1.175336647033691406e+01,1.000000000000000000e+01,0.000000000000000000e+00
1.061265754699707031e+01,-1.175020885467529297e+01,1.000000000000000000e+01,0.000000000000000000e+00
1.105566692352294922e+01,-1.177832317352294922e+01,1.000000000000000000e+01,0.000000000000000000e+00
9.827566146850585938e+00,-1.185804080963134766e+01,1.000000000000000000e+01,0.000000000000000000e+00
1.040400981903076172e+01,-1.178322315216064453e+01,1.000000000000000000e+01,0.000000000000000000e+00
1.154530143737792969e+01,-1.193680858612060547e+01,1.000000000000000000e+01,0.000000000000000000e+00
1.127773952484130859e+01,-1.183491897583007812e+01,1.000000000000000000e+01,0.000000000000000000e+00
1.096871471405029297e+01,-1.177831745147705078e+01,1.000000000000000000e+01,0.000000000000000000e+00
1.066858386993408203e+01,-1.175997638702392578e+01,1.000000000000000000e+01,0.000000000000000000e+00
9.802649497985839844e+00,-1.190786743164062500e+01,1.000000000000000000e+01,0.000000000000000000e+00
1.052504444122314453e+01,-1.177330875396728516e+01,1.000000000000000000e+01,0.000000000000000000e+00
1.058587837219238281e+01,-1.171223545074462891e+01,1.000000000000000000e+01,0.000000000000000000e+00
1.012760543823242188e+01,-1.187102890014648438e+01,1.000000000000000000e+01,0.000000000000000000e+00
1.102015972137451172e+01,-1.178018093109130859e+01,1.000000000000000000e+01,0.000000000000000000e+00
1.098578643798828125e+01,-1.177742004394531250e+01,1.000000000000000000e+01,0.000000000000000000e+00
2.988811969757080078e+00,9.305847167968750000e+00,2.100000000000000000e+01,0.000000000000000000e+00
3.199299812316894531e+00,9.498297691345214844e+00,2.100000000000000000e+01,0.000000000000000000e+00
1.399586963653564453e+01,1.039622020721435547e+01,2.900000000000000000e+01,0.000000000000000000e+00
1.415462779998779297e+01,1.065592861175537109e+01,2.900000000000000000e+01,0.000000000000000000e+00
3.065122127532958984e+00,9.364214897155761719e+00,2.100000000000000000e+01,0.000000000000000000e+00
1.451200771331787109e+01,1.048832511901855469e+01,9.000000000000000000e+00,0.000000000000000000e+00
3.180779218673706055e+00,9.469970703125000000e+00,9.000000000000000000e+00,0.000000000000000000e+00
1.402729797363281250e+01,1.033465576171875000e+01,2.900000000000000000e+01,0.000000000000000000e+00
1.447075462341308594e+01,1.054123020172119141e+01,9.000000000000000000e+00,0.000000000000000000e+00
1.405043697357177734e+01,1.030298614501953125e+01,2.900000000000000000e+01,0.000000000000000000e+00
3.086607217788696289e+00,9.374413490295410156e+00,2.100000000000000000e+01,0.000000000000000000e+00
1.448034763336181641e+01,1.042953491210937500e+01,9.000000000000000000e+00,0.000000000000000000e+00
2.956869840621948242e+00,9.291509628295898438e+00,2.100000000000000000e+01,0.000000000000000000e+00
1.396558475494384766e+01,1.043739795684814453e+01,2.900000000000000000e+01,0.000000000000000000e+00
1.408859157562255859e+01,1.057385158538818359e+01,2.900000000000000000e+01,0.000000000000000000e+00
3.028233766555786133e+00,9.336093902587890625e+00,2.100000000000000000e+01,0.000000000000000000e+00
1.521197032928466797e+01,1.215187644958496094e+01,1.800000000000000000e+01,0.000000000000000000e+00
1.446972274780273438e+01,1.045417690277099609e+01,2.800000000000000000e+01,0.000000000000000000e+00
3.006279468536376953e+00,9.310061454772949219e+00,2.100000000000000000e+01,0.000000000000000000e+00
1.387789630889892578e+01,1.037877273559570312e+01,2.900000000000000000e+01,0.000000000000000000e+00
1.448401260375976562e+01,1.051404190063476562e+01,9.000000000000000000e+00,0.000000000000000000e+00
1.524188995361328125e+01,1.217182636260986328e+01,1.800000000000000000e+01,0.000000000000000000e+00
1.399492835998535156e+01,1.044313049316406250e+01,2.900000000000000000e+01,0.000000000000000000e+00
2.964673519134521484e+00,9.289069175720214844e+00,2.100000000000000000e+01,0.000000000000000000e+00
3.179565906524658203e+00,9.476326942443847656e+00,2.100000000000000000e+01,0.000000000000000000e+00
1.649517440795898438e+01,1.202320289611816406e+01,9.000000000000000000e+00,0.000000000000000000e+00
1.648970603942871094e+01,1.205316638946533203e+01,9.000000000000000000e+00,0.000000000000000000e+00
1.417876815795898438e+01,1.069938278198242188e+01,9.000000000000000000e+00,0.000000000000000000e+00
1.405360317230224609e+01,1.028604412078857422e+01,9.000000000000000000e+00,0.000000000000000000e+00
1.418715381622314453e+01,1.070145511627197266e+01,2.900000000000000000e+01,0.000000000000000000e+00
2.989888668060302734e+00,9.296455383300781250e+00,2.100000000000000000e+01,0.000000000000000000e+00
1.405590057373046875e+01,1.029390335083007812e+01,2.900000000000000000e+01,0.000000000000000000e+00
1.566094493865966797e+01,1.272010898590087891e+01,9.000000000000000000e+00,0.000000000000000000e+00
1.392682552337646484e+01,1.033289718627929688e+01,2.900000000000000000e+01,0.000000000000000000e+00
1.413779449462890625e+01,1.061238861083984375e+01,2.900000000000000000e+01,0.000000000000000000e+00
3.194346666336059570e+00,9.490075111389160156e+00,9.000000000000000000e+00,0.000000000000000000e+00
3.194702386856079102e+00,9.491885185241699219e+00,2.100000000000000000e+01,0.000000000000000000e+00
1.406045150756835938e+01,1.061137294769287109e+01,2.900000000000000000e+01,0.000000000000000000e+00
1.407142925262451172e+01,1.040135478973388672e+01,9.000000000000000000e+00,0.000000000000000000e+00
2.994448184967041016e+00,9.301638603210449219e+00,2.100000000000000000e+01,0.000000000000000000e+00
3.119687318801879883e+00,9.418914794921875000e+00,2.100000000000000000e+01,0.000000000000000000e+00
1.397031879425048828e+01,1.035725021362304688e+01,2.900000000000000000e+01,0.000000000000000000e+00
2.944965600967407227e+00,9.284033775329589844e+00,2.100000000000000000e+01,0.000000000000000000e+00
1.393131828308105469e+01,1.036770534515380859e+01,2.900000000000000000e+01,0.000000000000000000e+00
3.144379615783691406e+00,9.441589355468750000e+00,2.100000000000000000e+01,0.000000000000000000e+00
1.523332309722900391e+01,1.217314052581787109e+01,1.800000000000000000e+01,0.000000000000000000e+00
1.402088069915771484e+01,1.041186237335205078e+01,2.900000000000000000e+01,0.000000000000000000e+00
1.411476802825927734e+01,1.069736194610595703e+01,2.900000000000000000e+01,0.000000000000000000e+00
3.064059257507324219e+00,9.350625038146972656e+00,2.100000000000000000e+01,0.000000000000000000e+00
2.985014438629150391e+00,9.299789428710937500e+00,2.100000000000000000e+01,0.000000000000000000e+00
1.638700675964355469e+01,1.198131370544433594e+01,9.000000000000000000e+00,0.000000000000000000e+00
1.523118686676025391e+01,1.216800022125244141e+01,1.800000000000000000e+01,0.000000000000000000e+00
1.389161300659179688e+01,1.033640861511230469e+01,2.900000000000000000e+01,0.000000000000000000e+00
3.001997947692871094e+00,9.311202049255371094e+00,2.100000000000000000e+01,0.000000000000000000e+00
1.412484264373779297e+01,1.063279342651367188e+01,2.900000000000000000e+01,0.000000000000000000e+00
1.390712356567382812e+01,1.037518310546875000e+01,2.900000000000000000e+01,0.000000000000000000e+00
3.111023664474487305e+00,9.413968086242675781e+00,2.100000000000000000e+01,0.000000000000000000e+00
1.398042678833007812e+01,1.048076534271240234e+01,2.900000000000000000e+01,0.000000000000000000e+00
3.074247360229492188e+00,9.358706474304199219e+00,2.100000000000000000e+01,0.000000000000000000e+00
1.413425827026367188e+01,1.065174293518066406e+01,2.900000000000000000e+01,0.000000000000000000e+00
1.413167381286621094e+01,1.065244674682617188e+01,2.900000000000000000e+01,0.000000000000000000e+00
1.522532749176025391e+01,1.215066528320312500e+01,1.800000000000000000e+01,0.000000000000000000e+00
1.399793243408203125e+01,1.038815307617187500e+01,2.900000000000000000e+01,0.000000000000000000e+00
1.419948291778564453e+01,1.064074611663818359e+01,2.900000000000000000e+01,0.000000000000000000e+00
1.394660949707031250e+01,1.041429996490478516e+01,2.900000000000000000e+01,0.000000000000000000e+00
1.522508239746093750e+01,1.215860080718994141e+01,1.800000000000000000e+01,0.000000000000000000e+00
1.650875854492187500e+01,1.205713367462158203e+01,9.000000000000000000e+00,0.000000000000000000e+00
1.407566738128662109e+01,1.033901309967041016e+01,9.000000000000000000e+00,0.000000000000000000e+00
3.144341945648193359e+00,9.445663452148437500e+00,2.100000000000000000e+01,0.000000000000000000e+00
1.410375881195068359e+01,1.061824131011962891e+01,2.900000000000000000e+01,0.000000000000000000e+00
2.943161964416503906e+00,9.275937080383300781e+00,2.100000000000000000e+01,0.000000000000000000e+00
3.112260103225708008e+00,9.365790367126464844e+00,2.100000000000000000e+01,0.000000000000000000e+00
1.520762825012207031e+01,1.217558765411376953e+01,1.800000000000000000e+01,0.000000000000000000e+00
1.390638351440429688e+01,1.039123725891113281e+01,2.900000000000000000e+01,0.000000000000000000e+00
1.387959194183349609e+01,1.034475708007812500e+01,2.900000000000000000e+01,0.000000000000000000e+00
1.522751998901367188e+01,1.216006851196289062e+01,1.800000000000000000e+01,0.000000000000000000e+00
3.130714416503906250e+00,9.416388511657714844e+00,2.100000000000000000e+01,0.000000000000000000e+00
1.394423961639404297e+01,1.038173389434814453e+01,2.900000000000000000e+01,0.000000000000000000e+00
3.004783153533935547e+00,9.298933982849121094e+00,2.100000000000000000e+01,0.000000000000000000e+00
1.416605091094970703e+01,1.067177581787109375e+01,2.900000000000000000e+01,0.000000000000000000e+00
1.779687500000000000e+01,1.050007343292236328e+01,9.000000000000000000e+00,0.000000000000000000e+00
2.982618808746337891e+00,9.284247398376464844e+00,2.100000000000000000e+01,0.000000000000000000e+00
1.522039699554443359e+01,1.215563678741455078e+01,1.800000000000000000e+01,0.000000000000000000e+00
1.563288593292236328e+01,1.262626171112060547e+01,9.000000000000000000e+00,0.000000000000000000e+00
1.414675140380859375e+01,1.066929435729980469e+01,2.900000000000000000e+01,0.000000000000000000e+00
3.198343515396118164e+00,9.491337776184082031e+00,2.100000000000000000e+01,0.000000000000000000e+00
1.447271251678466797e+01,1.053820705413818359e+01,9.000000000000000000e+00,0.000000000000000000e+00
1.451998805999755859e+01,1.047759437561035156e+01,2.800000000000000000e+01,0.000000000000000000e+00
3.087190151214599609e+00,9.393504142761230469e+00,2.100000000000000000e+01,0.000000000000000000e+00
3.182025671005249023e+00,9.476821899414062500e+00,2.100000000000000000e+01,0.000000000000000000e+00
3.136987209320068359e+00,9.436558723449707031e+00,2.100000000000000000e+01,0.000000000000000000e+00
1.401076698303222656e+01,1.027492713928222656e+01,9.000000000000000000e+00,0.000000000000000000e+00
1.451101684570312500e+01,1.047204875946044922e+01,2.800000000000000000e+01,0.000000000000000000e+00
1.449716663360595703e+01,1.044785308837890625e+01,2.800000000000000000e+01,0.000000000000000000e+00
3.175394535064697266e+00,9.473104476928710938e+00,2.100000000000000000e+01,0.000000000000000000e+00
1.404439830780029297e+01,1.047675609588623047e+01,2.900000000000000000e+01,0.000000000000000000e+00
1.541590309143066406e+01,1.238943290710449219e+01,9.000000000000000000e+00,0.000000000000000000e+00
1.521543693542480469e+01,1.214395332336425781e+01,1.800000000000000000e+01,0.000000000000000000e+00
3.032361030578613281e+00,9.328648567199707031e+00,2.100000000000000000e+01,0.000000000000000000e+00
3.196177482604980469e+00,9.492870330810546875e+00,9.000000000000000000e+00,0.000000000000000000e+00
1.648368072509765625e+01,1.202214527130126953e+01,9.000000000000000000e+00,0.000000000000000000e+00
1.430650806427001953e+01,1.073423194885253906e+01,9.000000000000000000e+00,0.000000000000000000e+00
1.390946960449218750e+01,1.035865306854248047e+01,2.900000000000000000e+01,0.000000000000000000e+00
1.401660919189453125e+01,1.030871391296386719e+01,9.000000000000000000e+00,0.000000000000000000e+00
1.404682064056396484e+01,1.029749584197998047e+01,2.900000000000000000e+01,0.000000000000000000e+00
1.527285861968994141e+01,1.222887134552001953e+01,9.000000000000000000e+00,0.000000000000000000e+00
1.388248825073242188e+01,1.034945678710937500e+01,2.900000000000000000e+01,0.000000000000000000e+00
2.998870134353637695e+00,9.317465782165527344e+00,2.100000000000000000e+01,0.000000000000000000e+00
1.449634838104248047e+01,1.045397090911865234e+01,2.800000000000000000e+01,0.000000000000000000e+00
2.887561798095703125e+00,9.241986274719238281e+00,2.100000000000000000e+01,0.000000000000000000e+00
3.123840570449829102e+00,9.418954849243164062e+00,2.100000000000000000e+01,0.000000000000000000e+00
3.067768812179565430e+00,9.372568130493164062e+00,2.100000000000000000e+01,0.000000000000000000e+00
1.603191947937011719e+01,1.291470050811767578e+01,1.700000000000000000e+01,0.000000000000000000e+00
1.419573593139648438e+01,1.070139217376708984e+01,2.900000000000000000e+01,0.000000000000000000e+00
1.523397827148437500e+01,1.217358684539794922e+01,1.800000000000000000e+01,0.000000000000000000e+00
1.402687835693359375e+01,1.030639362335205078e+01,9.000000000000000000e+00,0.000000000000000000e+00
1.547581672668457031e+01,1.252223873138427734e+01,9.000000000000000000e+00,0.000000000000000000e+00
1.396849346160888672e+01,1.039785194396972656e+01,2.900000000000000000e+01,0.000000000000000000e+00
2.869052886962890625e+00,9.242197036743164062e+00,2.100000000000000000e+01,0.000000000000000000e+00
1.393860721588134766e+01,1.041679382324218750e+01,2.900000000000000000e+01,0.000000000000000000e+00
1.394761848449707031e+01,1.041355323791503906e+01,2.900000000000000000e+01,0.000000000000000000e+00
3.022065162658691406e+00,9.334094047546386719e+00,2.100000000000000000e+01,0.000000000000000000e+00
3.017294883728027344e+00,9.320859909057617188e+00,2.100000000000000000e+01,0.000000000000000000e+00
1.412189674377441406e+01,1.046145725250244141e+01,9.000000000000000000e+00,0.000000000000000000e+00
2.978784322738647461e+00,9.290842056274414062e+00,2.100000000000000000e+01,0.000000000000000000e+00
3.113684892654418945e+00,9.418082237243652344e+00,2.100000000000000000e+01,0.000000000000000000e+00
1.520132637023925781e+01,1.213681221008300781e+01,1.800000000000000000e+01,0.000000000000000000e+00
1.449567127227783203e+01,1.052324295043945312e+01,9.000000000000000000e+00,0.000000000000000000e+00
1.522158527374267578e+01,1.215542125701904297e+01,1.800000000000000000e+01,0.000000000000000000e+00
1.407758617401123047e+01,1.055218315124511719e+01,2.900000000000000000e+01,0.000000000000000000e+00
2.989459514617919922e+00,9.304139137268066406e+00,2.100000000000000000e+01,0.000000000000000000e+00
3.069756984710693359e+00,9.350252151489257812e+00,2.100000000000000000e+01,0.000000000000000000e+00
3.110811948776245117e+00,9.416749954223632812e+00,2.100000000000000000e+01,0.000000000000000000e+00
1.405793952941894531e+01,1.060299110412597656e+01,2.900000000000000000e+01,0.000000000000000000e+00
3.191859245300292969e+00,9.505173683166503906e+00,2.100000000000000000e+01,0.000000000000000000e+00
1.522040462493896484e+01,1.215355682373046875e+01,1.800000000000000000e+01,0.000000000000000000e+00
3.118811368942260742e+00,9.417890548706054688e+00,2.100000000000000000e+01,0.000000000000000000e+00
1.398274326324462891e+01,1.041999721527099609e+01,2.900000000000000000e+01,0.000000000000000000e+00
1.388010311126708984e+01,1.036290454864501953e+01,2.900000000000000000e+01,0.000000000000000000e+00
2.997903108596801758e+00,9.316019058227539062e+00,2.100000000000000000e+01,0.000000000000000000e+00
1.404601478576660156e+01,1.052735137939453125e+01,2.900000000000000000e+01,0.000000000000000000e+00
1.557959175109863281e+01,1.259531402587890625e+01,9.000000000000000000e+00,0.000000000000000000e+00
2.972874879837036133e+00,9.282835006713867188e+00,2.100000000000000000e+01,0.000000000000000000e+00
1.645845603942871094e+01,1.196641254425048828e+01,9.000000000000000000e+00,0.000000000000000000e+00
1.521814441680908203e+01,1.215197944641113281e+01,1.800000000000000000e+01,0.000000000000000000e+00
1.401096248626708984e+01,1.045182514190673828e+01,2.900000000000000000e+01,0.000000000000000000e+00
1.404394340515136719e+01,1.031140804290771484e+01,2.900000000000000000e+01,0.000000000000000000e+00
2.940243482589721680e+00,9.275753021240234375e+00,2.100000000000000000e+01,0.000000000000000000e+00
3.226713657379150391e+00,9.521441459655761719e+00,2.100000000000000000e+01,0.000000000000000000e+00
3.187711000442504883e+00,9.483161926269531250e+00,2.100000000000000000e+01,0.000000000000000000e+00
1.401926040649414062e+01,1.027693748474121094e+01,2.900000000000000000e+01,0.000000000000000000e+00
1.545855331420898438e+01,1.245749950408935547e+01,9.000000000000000000e+00,0.000000000000000000e+00
1.393426799774169922e+01,1.035758304595947266e+01,2.900000000000000000e+01,0.000000000000000000e+00
2.994609594345092773e+00,9.329759597778320312e+00,2.100000000000000000e+01,0.000000000000000000e+00
1.404414653778076172e+01,1.029553794860839844e+01,2.900000000000000000e+01,0.000000000000000000e+00
1.546113014221191406e+01,1.246396732330322266e+01,9.000000000000000000e+00,0.000000000000000000e+00
1.395225429534912109e+01,1.036171436309814453e+01,2.900000000000000000e+01,0.000000000000000000e+00
3.238118171691894531e+00,9.533118247985839844e+00,2.100000000000000000e+01,0.000000000000000000e+00
3.133195638656616211e+00,9.429530143737792969e+00,2.100000000000000000e+01,0.000000000000000000e+00
1.406461620330810547e+01,1.048450946807861328e+01,2.900000000000000000e+01,0.000000000000000000e+00
3.217295169830322266e+00,9.513491630554199219e+00,2.100000000000000000e+01,0.000000000000000000e+00
3.175865650177001953e+00,9.471735954284667969e+00,2.100000000000000000e+01,0.000000000000000000e+00
1.390729331970214844e+01,1.039906120300292969e+01,9.000000000000000000e+00,0.000000000000000000e+00
1.423225784301757812e+01,1.068377685546875000e+01,2.900000000000000000e+01,0.000000000000000000e+00
3.105117082595825195e+00,9.351833343505859375e+00,2.100000000000000000e+01,0.000000000000000000e+00
1.574526691436767578e+01,1.195399379730224609e+01,9.000000000000000000e+00,0.000000000000000000e+00
1.413335418701171875e+01,1.063706779479980469e+01,2.900000000000000000e+01,0.000000000000000000e+00
1.414808559417724609e+01,1.069010448455810547e+01,2.900000000000000000e+01,0.000000000000000000e+00
1.642439842224121094e+01,1.192186164855957031e+01,9.000000000000000000e+00,0.000000000000000000e+00
3.068120956420898438e+00,9.381464004516601562e+00,2.100000000000000000e+01,0.000000000000000000e+00
2.995202779769897461e+00,9.305928230285644531e+00,2.100000000000000000e+01,0.000000000000000000e+00
1.450059509277343750e+01,1.045797348022460938e+01,2.800000000000000000e+01,0.000000000000000000e+00
3.081996679306030273e+00,9.384057044982910156e+00,2.100000000000000000e+01,0.000000000000000000e+00
1.450577354431152344e+01,1.051679801940917969e+01,2.800000000000000000e+01,0.000000000000000000e+00
1.398620223999023438e+01,1.041636657714843750e+01,2.900000000000000000e+01,0.000000000000000000e+00
3.209339141845703125e+00,9.506216049194335938e+00,2.100000000000000000e+01,0.000000000000000000e+00
1.388065338134765625e+01,1.039925098419189453e+01,2.900000000000000000e+01,0.000000000000000000e+00
1.383448505401611328e+01,1.042758178710937500e+01,2.900000000000000000e+01,0.000000000000000000e+00
3.206322908401489258e+00,9.503246307373046875e+00,2.100000000000000000e+01,0.000000000000000000e+00
1.628141975402832031e+01,1.178650379180908203e+01,9.000000000000000000e+00,0.000000000000000000e+00
1.412380027770996094e+01,1.064638137817382812e+01,2.900000000000000000e+01,0.000000000000000000e+00
1.521468448638916016e+01,1.214376640319824219e+01,1.800000000000000000e+01,0.000000000000000000e+00
1.386042785644531250e+01,1.039021968841552734e+01,2.900000000000000000e+01,0.000000000000000000e+00
1.408112716674804688e+01,1.060371589660644531e+01,2.900000000000000000e+01,0.000000000000000000e+00
1.404446887969970703e+01,1.049944591522216797e+01,2.900000000000000000e+01,0.000000000000000000e+00
1.452061748504638672e+01,1.045793724060058594e+01,2.800000000000000000e+01,0.000000000000000000e+00
1.389062595367431641e+01,1.050750732421875000e+01,2.900000000000000000e+01,0.000000000000000000e+00
1.450566577911376953e+01,1.045860576629638672e+01,2.800000000000000000e+01,0.000000000000000000e+00
1.413202285766601562e+01,1.060113620758056641e+01,2.900000000000000000e+01,0.000000000000000000e+00
1.448324298858642578e+01,1.042403030395507812e+01,2.800000000000000000e+01,0.000000000000000000e+00
1.450602912902832031e+01,1.045163822174072266e+01,2.800000000000000000e+01,0.000000000000000000e+00
2.979170799255371094e+00,9.300274848937988281e+00,2.100000000000000000e+01,0.000000000000000000e+00
1.395577716827392578e+01,1.048150157928466797e+01,2.900000000000000000e+01,0.000000000000000000e+00
3.186514616012573242e+00,9.475117683410644531e+00,9.000000000000000000e+00,0.000000000000000000e+00
1.401110553741455078e+01,1.039427185058593750e+01,2.900000000000000000e+01,0.000000000000000000e+00
1.521142864227294922e+01,1.214061546325683594e+01,1.800000000000000000e+01,0.000000000000000000e+00
2.991446018218994141e+00,9.283118247985839844e+00,2.100000000000000000e+01,0.000000000000000000e+00
1.522727394104003906e+01,1.216037273406982422e+01,1.800000000000000000e+01,0.000000000000000000e+00
1.418994045257568359e+01,1.070091629028320312e+01,2.900000000000000000e+01,0.000000000000000000e+00
2.984607458114624023e+00,9.275509834289550781e+00,2.100000000000000000e+01,0.000000000000000000e+00
3.194866657257080078e+00,9.492345809936523438e+00,9.000000000000000000e+00,0.000000000000000000e+00
1.445632457733154297e+01,1.046542453765869141e+01,2.800000000000000000e+01,0.000000000000000000e+00
1.391946792602539062e+01,1.033313751220703125e+01,2.900000000000000000e+01,0.000000000000000000e+00
3.110602140426635742e+00,9.409833908081054688e+00,2.100000000000000000e+01,0.000000000000000000e+00
1.523378372192382812e+01,1.213952541351318359e+01,1.800000000000000000e+01,0.000000000000000000e+00
1.521455192565917969e+01,1.215047931671142578e+01,1.800000000000000000e+01,0.000000000000000000e+00
1.523176479339599609e+01,1.216550922393798828e+01,1.800000000000000000e+01,0.000000000000000000e+00
3.062760591506958008e+00,9.360932350158691406e+00,2.100000000000000000e+01,0.000000000000000000e+00
2.900876283645629883e+00,9.255793571472167969e+00,2.100000000000000000e+01,0.000000000000000000e+00
2.916996002197265625e+00,9.265146255493164062e+00,2.100000000000000000e+01,0.000000000000000000e+00
1.484495639801025391e+01,-5.449175834655761719e+00,1.100000000000000000e+01,0.000000000000000000e+00
1.483544445037841797e+01,-5.328464508056640625e+00,1.100000000000000000e+01,0.000000000000000000e+00
1.474667167663574219e+01,-5.428020954132080078e+00,1.100000000000000000e+01,0.000000000000000000e+00
1.369870376586914062e+01,-5.639504909515380859e+00,1.100000000000000000e+01,0.000000000000000000e+00
1.500430488586425781e+01,-5.254501819610595703e+00,1.100000000000000000e+01,0.000000000000000000e+00
1.414907550811767578e+01,-5.417282581329345703e+00,1.100000000000000000e+01,0.000000000000000000e+00
1.462103652954101562e+01,-5.213959693908691406e+00,1.100000000000000000e+01,0.000000000000000000e+00
1.382654666900634766e+01,-5.475324630737304688e+00,1.100000000000000000e+01,0.000000000000000000e+00
1.369785881042480469e+01,-5.496969223022460938e+00,1.100000000000000000e+01,0.000000000000000000e+00
1.473525142669677734e+01,-5.563744068145751953e+00,1.100000000000000000e+01,0.000000000000000000e+00
1.392245578765869141e+01,-5.549569606781005859e+00,1.100000000000000000e+01,0.000000000000000000e+00
1.498712730407714844e+01,-5.266508102416992188e+00,1.100000000000000000e+01,0.000000000000000000e+00
1.378205490112304688e+01,-5.379330635070800781e+00,1.100000000000000000e+01,0.000000000000000000e+00
1.386886405944824219e+01,-5.312251091003417969e+00,1.100000000000000000e+01,0.000000000000000000e+00
1.490880203247070312e+01,-5.274969577789306641e+00,1.100000000000000000e+01,0.000000000000000000e+00
1.384627532958984375e+01,-5.471763610839843750e+00,1.100000000000000000e+01,0.000000000000000000e+00
1.381219577789306641e+01,-5.505099296569824219e+00,1.100000000000000000e+01,0.000000000000000000e+00
1.509057807922363281e+01,-5.177976608276367188e+00,1.100000000000000000e+01,0.000000000000000000e+00
1.367805004119873047e+01,-5.520820140838623047e+00,1.100000000000000000e+01,0.000000000000000000e+00
1.510450649261474609e+01,-5.175289630889892578e+00,1.100000000000000000e+01,0.000000000000000000e+00
1.430050849914550781e+01,-5.394423007965087891e+00,1.100000000000000000e+01,0.000000000000000000e+00
1.395399379730224609e+01,-5.638113975524902344e+00,1.100000000000000000e+01,0.000000000000000000e+00
1.470833110809326172e+01,-5.452733993530273438e+00,1.100000000000000000e+01,0.000000000000000000e+00
1.502018833160400391e+01,-5.254399776458740234e+00,1.100000000000000000e+01,0.000000000000000000e+00
1.481640338897705078e+01,-5.397697925567626953e+00,1.100000000000000000e+01,0.000000000000000000e+00
1.457963085174560547e+01,-5.480228900909423828e+00,1.100000000000000000e+01,0.000000000000000000e+00
1.512545967102050781e+01,-5.185738086700439453e+00,1.100000000000000000e+01,0.000000000000000000e+00
1.379507923126220703e+01,-5.515294075012207031e+00,1.100000000000000000e+01,0.000000000000000000e+00
1.438837432861328125e+01,-5.679997920989990234e+00,1.100000000000000000e+01,0.000000000000000000e+00
1.486938571929931641e+01,-5.387310504913330078e+00,1.100000000000000000e+01,0.000000000000000000e+00
1.512145042419433594e+01,-5.166655063629150391e+00,1.100000000000000000e+01,0.000000000000000000e+00
1.445385360717773438e+01,-5.586559772491455078e+00,1.100000000000000000e+01,0.000000000000000000e+00
1.385903263092041016e+01,-5.521708011627197266e+00,1.100000000000000000e+01,0.000000000000000000e+00
1.432892417907714844e+01,-5.781824111938476562e+00,1.100000000000000000e+01,0.000000000000000000e+00
1.375648021697998047e+01,-5.444323062896728516e+00,1.100000000000000000e+01,0.000000000000000000e+00
1.503302097320556641e+01,-5.194137096405029297e+00,1.100000000000000000e+01,0.000000000000000000e+00
1.369918727874755859e+01,-5.403575897216796875e+00,1.100000000000000000e+01,0.000000000000000000e+00
1.497403907775878906e+01,-5.200212955474853516e+00,1.100000000000000000e+01,0.000000000000000000e+00
1.387747573852539062e+01,-5.423342227935791016e+00,1.100000000000000000e+01,0.000000000000000000e+00
1.378286552429199219e+01,-5.528251647949218750e+00,1.100000000000000000e+01,0.000000000000000000e+00
1.476694297790527344e+01,-5.399844646453857422e+00,1.100000000000000000e+01,0.000000000000000000e+00
1.381820392608642578e+01,-5.707344532012939453e+00,9.000000000000000000e+00,0.000000000000000000e+00
1.381582355499267578e+01,-5.377300262451171875e+00,1.100000000000000000e+01,0.000000000000000000e+00
1.364085197448730469e+01,-5.466488838195800781e+00,1.100000000000000000e+01,0.000000000000000000e+00
1.416600513458251953e+01,-5.853830337524414062e+00,1.100000000000000000e+01,0.000000000000000000e+00
1.492514514923095703e+01,-5.202694416046142578e+00,1.100000000000000000e+01,0.000000000000000000e+00
1.414994621276855469e+01,-5.387307643890380859e+00,1.100000000000000000e+01,0.000000000000000000e+00
1.386256980895996094e+01,-5.356757164001464844e+00,1.100000000000000000e+01,0.000000000000000000e+00
1.479820632934570312e+01,-5.440608978271484375e+00,1.100000000000000000e+01,0.000000000000000000e+00
1.465408515930175781e+01,-5.230570316314697266e+00,1.100000000000000000e+01,0.000000000000000000e+00
1.442179870605468750e+01,-5.594767570495605469e+00,1.100000000000000000e+01,0.000000000000000000e+00
1.474387931823730469e+01,-5.424221515655517578e+00,1.100000000000000000e+01,0.000000000000000000e+00
1.491228866577148438e+01,-5.324707984924316406e+00,1.100000000000000000e+01,0.000000000000000000e+00
1.475714778900146484e+01,-5.521646022796630859e+00,1.100000000000000000e+01,0.000000000000000000e+00
1.372268676757812500e+01,-5.355809211730957031e+00,1.100000000000000000e+01,0.000000000000000000e+00
1.369253349304199219e+01,-5.505661487579345703e+00,1.100000000000000000e+01,0.000000000000000000e+00
1.440590095520019531e+01,-5.768417835235595703e+00,1.100000000000000000e+01,0.000000000000000000e+00
1.426112365722656250e+01,-5.478404998779296875e+00,1.100000000000000000e+01,0.000000000000000000e+00
1.490043449401855469e+01,-5.321447849273681641e+00,1.100000000000000000e+01,0.000000000000000000e+00
1.413965988159179688e+01,-5.428184032440185547e+00,1.100000000000000000e+01,0.000000000000000000e+00
1.507469081878662109e+01,-5.178313732147216797e+00,1.100000000000000000e+01,0.000000000000000000e+00
1.383044815063476562e+01,-5.512072563171386719e+00,1.100000000000000000e+01,0.000000000000000000e+00
1.470719528198242188e+01,-5.414695262908935547e+00,1.100000000000000000e+01,0.000000000000000000e+00
1.474623584747314453e+01,-5.269800186157226562e+00,1.100000000000000000e+01,0.000000000000000000e+00
1.405230522155761719e+01,-5.771270751953125000e+00,1.100000000000000000e+01,0.000000000000000000e+00
1.458613300323486328e+01,-5.659178256988525391e+00,1.100000000000000000e+01,0.000000000000000000e+00
1.459075164794921875e+01,-5.678946018218994141e+00,1.100000000000000000e+01,0.000000000000000000e+00
1.509339046478271484e+01,-5.172179222106933594e+00,1.100000000000000000e+01,0.000000000000000000e+00
1.376435852050781250e+01,-5.433556556701660156e+00,1.100000000000000000e+01,0.000000000000000000e+00
1.497678375244140625e+01,-5.264791965484619141e+00,1.100000000000000000e+01,0.000000000000000000e+00
1.418113422393798828e+01,-5.856169223785400391e+00,1.100000000000000000e+01,0.000000000000000000e+00
1.382463455200195312e+01,-5.366467475891113281e+00,1.100000000000000000e+01,0.000000000000000000e+00
1.389802837371826172e+01,-5.687794685363769531e+00,1.100000000000000000e+01,0.000000000000000000e+00
1.448909091949462891e+01,-5.795446872711181641e+00,1.100000000000000000e+01,0.000000000000000000e+00
1.455714702606201172e+01,-5.670768260955810547e+00,1.100000000000000000e+01,0.000000000000000000e+00
1.393394565582275391e+01,-5.509457111358642578e+00,1.100000000000000000e+01,0.000000000000000000e+00
1.384363555908203125e+01,-5.380216121673583984e+00,1.100000000000000000e+01,0.000000000000000000e+00
1.428997611999511719e+01,-5.793437004089355469e+00,1.100000000000000000e+01,0.000000000000000000e+00
1.479266548156738281e+01,-5.361803531646728516e+00,1.100000000000000000e+01,0.000000000000000000e+00
1.427338409423828125e+01,-5.846083164215087891e+00,1.100000000000000000e+01,0.000000000000000000e+00
1.458321762084960938e+01,-5.561036586761474609e+00,1.100000000000000000e+01,0.000000000000000000e+00
1.372555446624755859e+01,-5.582452774047851562e+00,1.100000000000000000e+01,0.000000000000000000e+00
1.427342224121093750e+01,-5.443631172180175781e+00,1.100000000000000000e+01,0.000000000000000000e+00
1.471014499664306641e+01,-5.542692184448242188e+00,1.100000000000000000e+01,0.000000000000000000e+00
1.477758693695068359e+01,-5.476592540740966797e+00,1.100000000000000000e+01,0.000000000000000000e+00
1.506687259674072266e+01,-5.173124313354492188e+00,1.100000000000000000e+01,0.000000000000000000e+00
1.385745525360107422e+01,-5.732038974761962891e+00,1.100000000000000000e+01,0.000000000000000000e+00
1.463787841796875000e+01,-5.585895061492919922e+00,1.100000000000000000e+01,0.000000000000000000e+00
1.372527313232421875e+01,-5.543133258819580078e+00,1.100000000000000000e+01,0.000000000000000000e+00
1.456351470947265625e+01,-5.711730957031250000e+00,1.100000000000000000e+01,0.000000000000000000e+00
1.511466789245605469e+01,-5.182338714599609375e+00,1.100000000000000000e+01,0.000000000000000000e+00
1.384203624725341797e+01,-5.444020271301269531e+00,1.100000000000000000e+01,0.000000000000000000e+00
1.364712715148925781e+01,-5.555380821228027344e+00,1.100000000000000000e+01,0.000000000000000000e+00
1.517178058624267578e+01,-5.174268722534179688e+00,1.100000000000000000e+01,0.000000000000000000e+00
1.411701488494873047e+01,-5.812227249145507812e+00,1.100000000000000000e+01,0.000000000000000000e+00
1.409761238098144531e+01,-5.826444625854492188e+00,1.100000000000000000e+01,0.000000000000000000e+00
1.375191020965576172e+01,-5.426246643066406250e+00,1.100000000000000000e+01,0.000000000000000000e+00
1.370732402801513672e+01,-5.477057933807373047e+00,1.100000000000000000e+01,0.000000000000000000e+00
1.461541748046875000e+01,-5.234655857086181641e+00,1.100000000000000000e+01,0.000000000000000000e+00
1.506535625457763672e+01,-5.200471401214599609e+00,1.100000000000000000e+01,0.000000000000000000e+00
1.371708679199218750e+01,-5.460237503051757812e+00,1.100000000000000000e+01,0.000000000000000000e+00
1.462306213378906250e+01,-5.510610103607177734e+00,1.100000000000000000e+01,0.000000000000000000e+00
1.389037322998046875e+01,-5.323859691619873047e+00,1.100000000000000000e+01,0.000000000000000000e+00
1.469252109527587891e+01,-5.438960552215576172e+00,1.100000000000000000e+01,0.000000000000000000e+00
1.438112354278564453e+01,-5.702341556549072266e+00,1.100000000000000000e+01,0.000000000000000000e+00
1.506090927124023438e+01,-5.240090847015380859e+00,1.100000000000000000e+01,0.000000000000000000e+00
1.464299964904785156e+01,-5.596742153167724609e+00,1.100000000000000000e+01,0.000000000000000000e+00
1.388668060302734375e+01,-5.543725013732910156e+00,1.100000000000000000e+01,0.000000000000000000e+00
1.459466171264648438e+01,-5.651891231536865234e+00,1.100000000000000000e+01,0.000000000000000000e+00
1.420764732360839844e+01,-5.816967964172363281e+00,1.100000000000000000e+01,0.000000000000000000e+00
1.509646224975585938e+01,-5.236906051635742188e+00,1.100000000000000000e+01,0.000000000000000000e+00
1.422688865661621094e+01,-5.879165172576904297e+00,1.100000000000000000e+01,0.000000000000000000e+00
1.457550621032714844e+01,-5.646544456481933594e+00,1.100000000000000000e+01,0.000000000000000000e+00
1.366275405883789062e+01,-5.643953800201416016e+00,1.100000000000000000e+01,0.000000000000000000e+00
1.369161796569824219e+01,-5.484724044799804688e+00,1.100000000000000000e+01,0.000000000000000000e+00
1.446730041503906250e+01,-5.777686595916748047e+00,1.100000000000000000e+01,0.000000000000000000e+00
1.461650085449218750e+01,-5.580762386322021484e+00,1.100000000000000000e+01,0.000000000000000000e+00
1.463020420074462891e+01,-5.636411666870117188e+00,1.100000000000000000e+01,0.000000000000000000e+00
1.471306610107421875e+01,-5.238587379455566406e+00,1.100000000000000000e+01,0.000000000000000000e+00
1.412998771667480469e+01,-5.847157001495361328e+00,1.100000000000000000e+01,0.000000000000000000e+00
1.504377746582031250e+01,-5.230679988861083984e+00,1.100000000000000000e+01,0.000000000000000000e+00
1.371205806732177734e+01,-5.658211231231689453e+00,1.100000000000000000e+01,0.000000000000000000e+00
1.471196460723876953e+01,-5.388504028320312500e+00,1.100000000000000000e+01,0.000000000000000000e+00
1.477073955535888672e+01,-5.413335323333740234e+00,1.100000000000000000e+01,0.000000000000000000e+00
1.415974903106689453e+01,-5.591114044189453125e+00,1.100000000000000000e+01,0.000000000000000000e+00
1.372878456115722656e+01,-5.612771987915039062e+00,1.100000000000000000e+01,0.000000000000000000e+00
1.453926658630371094e+01,-5.658454895019531250e+00,1.100000000000000000e+01,0.000000000000000000e+00
1.428762340545654297e+01,-5.417795181274414062e+00,1.100000000000000000e+01,0.000000000000000000e+00
1.459609222412109375e+01,-5.638767719268798828e+00,1.100000000000000000e+01,0.000000000000000000e+00
1.514794540405273438e+01,-5.150726318359375000e+00,1.100000000000000000e+01,0.000000000000000000e+00
1.398280048370361328e+01,-5.571360111236572266e+00,1.100000000000000000e+01,0.000000000000000000e+00
1.365343856811523438e+01,-5.420907020568847656e+00,1.100000000000000000e+01,0.000000000000000000e+00
1.398499584197998047e+01,-5.399425029754638672e+00,1.100000000000000000e+01,0.000000000000000000e+00
1.386605739593505859e+01,-5.506524562835693359e+00,1.100000000000000000e+01,0.000000000000000000e+00
1.430158519744873047e+01,-5.399641036987304688e+00,1.100000000000000000e+01,0.000000000000000000e+00
1.447661018371582031e+01,-5.607540130615234375e+00,1.100000000000000000e+01,0.000000000000000000e+00
1.496351909637451172e+01,-5.255009174346923828e+00,1.100000000000000000e+01,0.000000000000000000e+00
1.368000507354736328e+01,-5.566620349884033203e+00,1.100000000000000000e+01,0.000000000000000000e+00
1.402647399902343750e+01,-5.442925930023193359e+00,1.100000000000000000e+01,0.000000000000000000e+00
1.511089897155761719e+01,-5.177774906158447266e+00,1.100000000000000000e+01,0.000000000000000000e+00
1.364819145202636719e+01,-5.536284446716308594e+00,1.100000000000000000e+01,0.000000000000000000e+00
1.374526882171630859e+01,-5.392442226409912109e+00,1.100000000000000000e+01,0.000000000000000000e+00
1.369080829620361328e+01,-5.403565883636474609e+00,1.100000000000000000e+01,0.000000000000000000e+00
1.390214157104492188e+01,-5.316331386566162109e+00,1.100000000000000000e+01,0.000000000000000000e+00
1.500917530059814453e+01,-5.216500759124755859e+00,1.100000000000000000e+01,0.000000000000000000e+00
1.482840347290039062e+01,-5.535765647888183594e+00,1.100000000000000000e+01,0.000000000000000000e+00
1.438169956207275391e+01,-5.637460708618164062e+00,1.100000000000000000e+01,0.000000000000000000e+00
1.483982276916503906e+01,-5.258585453033447266e+00,1.100000000000000000e+01,0.000000000000000000e+00
1.497843074798583984e+01,-5.243285655975341797e+00,1.100000000000000000e+01,0.000000000000000000e+00
1.516049194335937500e+01,-5.167654991149902344e+00,1.100000000000000000e+01,0.000000000000000000e+00
1.510422897338867188e+01,-5.183888912200927734e+00,1.100000000000000000e+01,0.000000000000000000e+00
1.430038356781005859e+01,-5.844297409057617188e+00,1.100000000000000000e+01,0.000000000000000000e+00
1.387038135528564453e+01,-5.337903022766113281e+00,1.100000000000000000e+01,0.000000000000000000e+00
1.483308506011962891e+01,-5.395174503326416016e+00,1.100000000000000000e+01,0.000000000000000000e+00
1.420283126831054688e+01,-5.855895519256591797e+00,1.100000000000000000e+01,0.000000000000000000e+00
1.386144065856933594e+01,-5.447489738464355469e+00,1.100000000000000000e+01,0.000000000000000000e+00
1.429654788970947266e+01,-5.413743972778320312e+00,1.100000000000000000e+01,0.000000000000000000e+00
1.490411853790283203e+01,-5.342498779296875000e+00,1.100000000000000000e+01,0.000000000000000000e+00
1.506058120727539062e+01,-5.191877841949462891e+00,1.100000000000000000e+01,0.000000000000000000e+00
1.399986267089843750e+01,-5.739909172058105469e+00,1.100000000000000000e+01,0.000000000000000000e+00
1.437086009979248047e+01,-5.640130519866943359e+00,1.100000000000000000e+01,0.000000000000000000e+00
1.389032840728759766e+01,-5.712702751159667969e+00,1.100000000000000000e+01,0.000000000000000000e+00
1.440977382659912109e+01,-5.794997692108154297e+00,1.100000000000000000e+01,0.000000000000000000e+00
1.519569873809814453e+01,-5.148215770721435547e+00,1.100000000000000000e+01,0.000000000000000000e+00
1.474228096008300781e+01,-5.479582309722900391e+00,1.100000000000000000e+01,0.000000000000000000e+00
1.395140743255615234e+01,-5.354357242584228516e+00,1.100000000000000000e+01,0.000000000000000000e+00
1.503159332275390625e+01,-5.184731483459472656e+00,1.100000000000000000e+01,0.000000000000000000e+00
1.369724178314208984e+01,-5.585330009460449219e+00,1.100000000000000000e+01,0.000000000000000000e+00
1.490054798126220703e+01,-5.324369907379150391e+00,1.100000000000000000e+01,0.000000000000000000e+00
1.448494911193847656e+01,-5.261533737182617188e+00,1.100000000000000000e+01,0.000000000000000000e+00
1.408513069152832031e+01,-5.738545417785644531e+00,1.100000000000000000e+01,0.000000000000000000e+00
1.394033432006835938e+01,-5.752691268920898438e+00,1.100000000000000000e+01,0.000000000000000000e+00
1.502742481231689453e+01,-5.196563720703125000e+00,1.100000000000000000e+01,0.000000000000000000e+00
1.368033027648925781e+01,-5.465328693389892578e+00,1.100000000000000000e+01,0.000000000000000000e+00
1.415887928009033203e+01,-5.814906120300292969e+00,1.100000000000000000e+01,0.000000000000000000e+00
1.395537376403808594e+01,-5.409351825714111328e+00,1.100000000000000000e+01,0.000000000000000000e+00
1.409008693695068359e+01,-5.777019500732421875e+00,1.100000000000000000e+01,0.000000000000000000e+00
1.400881290435791016e+01,-5.445164680480957031e+00,1.100000000000000000e+01,0.000000000000000000e+00
1.366619300842285156e+01,-5.520355224609375000e+00,1.100000000000000000e+01,0.000000000000000000e+00
1.362745094299316406e+01,-5.415850162506103516e+00,1.100000000000000000e+01,0.000000000000000000e+00
1.370909500122070312e+01,-5.426503658294677734e+00,1.100000000000000000e+01,0.000000000000000000e+00
1.429850769042968750e+01,-5.833454608917236328e+00,1.100000000000000000e+01,0.000000000000000000e+00
1.430647468566894531e+01,-5.819180011749267578e+00,1.100000000000000000e+01,0.000000000000000000e+00
1.470072460174560547e+01,-5.504119396209716797e+00,1.100000000000000000e+01,0.000000000000000000e+00
1.499565601348876953e+01,-5.265164375305175781e+00,1.100000000000000000e+01,0.000000000000000000e+00
1.466977787017822266e+01,-5.639365196228027344e+00,1.100000000000000000e+01,0.000000000000000000e+00
1.509060573577880859e+01,-5.207361698150634766e+00,1.100000000000000000e+01,0.000000000000000000e+00
1.460089111328125000e+01,-5.223135948181152344e+00,1.100000000000000000e+01,0.000000000000000000e+00
1.428219413757324219e+01,-5.839119434356689453e+00,1.100000000000000000e+01,0.000000000000000000e+00
1.511367511749267578e+01,-5.198536872863769531e+00,1.100000000000000000e+01,0.000000000000000000e+00
1.495295047760009766e+01,-5.275538444519042969e+00,1.100000000000000000e+01,0.000000000000000000e+00
1.389609336853027344e+01,-5.585488319396972656e+00,1.100000000000000000e+01,0.000000000000000000e+00
1.509779357910156250e+01,-5.212440013885498047e+00,1.100000000000000000e+01,0.000000000000000000e+00
1.439965534210205078e+01,-5.653319835662841797e+00,1.100000000000000000e+01,0.000000000000000000e+00
1.378942489624023438e+01,-5.563754081726074219e+00,1.100000000000000000e+01,0.000000000000000000e+00
1.362829494476318359e+01,-5.615495681762695312e+00,1.100000000000000000e+01,0.000000000000000000e+00
1.402140235900878906e+01,-5.303111076354980469e+00,1.100000000000000000e+01,0.000000000000000000e+00
1.447951984405517578e+01,-5.783187866210937500e+00,1.100000000000000000e+01,0.000000000000000000e+00
1.436759090423583984e+01,-5.823643207550048828e+00,1.100000000000000000e+01,0.000000000000000000e+00
1.381653213500976562e+01,-5.406767845153808594e+00,1.100000000000000000e+01,0.000000000000000000e+00
1.383024692535400391e+01,-5.498081207275390625e+00,1.100000000000000000e+01,0.000000000000000000e+00
1.367963600158691406e+01,-5.637047290802001953e+00,1.100000000000000000e+01,0.000000000000000000e+00
1.475812721252441406e+01,-5.541468620300292969e+00,1.100000000000000000e+01,0.000000000000000000e+00
1.493522739410400391e+01,-5.308940887451171875e+00,1.100000000000000000e+01,0.000000000000000000e+00
1.474007415771484375e+01,-5.497961521148681641e+00,1.100000000000000000e+01,0.000000000000000000e+00
1.425139713287353516e+01,-5.864798545837402344e+00,1.100000000000000000e+01,0.000000000000000000e+00
1.497226428985595703e+01,-5.250457286834716797e+00,1.100000000000000000e+01,0.000000000000000000e+00
1.516862106323242188e+01,-5.188266754150390625e+00,1.100000000000000000e+01,0.000000000000000000e+00
1.484085845947265625e+01,-5.195392608642578125e+00,1.100000000000000000e+01,0.000000000000000000e+00
1.507795238494873047e+01,-5.208787441253662109e+00,1.100000000000000000e+01,0.000000000000000000e+00
-2.837178707122802734e-01,1.893621253967285156e+01,3.100000000000000000e+01,0.000000000000000000e+00
5.878514796495437622e-02,1.606656646728515625e+01,9.000000000000000000e+00,0.000000000000000000e+00
-2.763002514839172363e-01,1.892883872985839844e+01,3.100000000000000000e+01,0.000000000000000000e+00
-1.179186180233955383e-01,1.876972007751464844e+01,3.100000000000000000e+01,0.000000000000000000e+00
-2.098163962364196777e-01,1.886289978027343750e+01,3.100000000000000000e+01,0.000000000000000000e+00
-2.724893093109130859e-01,1.892562484741210938e+01,3.100000000000000000e+01,0.000000000000000000e+00
-2.315739095211029053e-01,1.636848449707031250e+01,3.000000000000000000e+01,0.000000000000000000e+00
-1.367295235395431519e-01,1.878878593444824219e+01,3.100000000000000000e+01,0.000000000000000000e+00
-2.595434784889221191e-01,1.891354370117187500e+01,3.100000000000000000e+01,0.000000000000000000e+00
-1.378284096717834473e-01,1.880613136291503906e+01,3.100000000000000000e+01,0.000000000000000000e+00
-1.493962705135345459e-01,1.879235839843750000e+01,3.100000000000000000e+01,0.000000000000000000e+00
1.416516208648681641e+01,5.319849967956542969e+00,2.400000000000000000e+01,0.000000000000000000e+00
-1.279668956995010376e-01,1.878097343444824219e+01,3.100000000000000000e+01,0.000000000000000000e+00
1.417761993408203125e+01,5.302832603454589844e+00,2.400000000000000000e+01,0.000000000000000000e+00
-2.042854577302932739e-01,1.634913063049316406e+01,3.000000000000000000e+01,0.000000000000000000e+00
-2.705631852149963379e-01,1.892307853698730469e+01,3.100000000000000000e+01,0.000000000000000000e+00
5.279396057128906250e+00,3.528753757476806641e+00,1.600000000000000000e+01,0.000000000000000000e+00
1.418358230590820312e+01,5.298292160034179688e+00,2.400000000000000000e+01,0.000000000000000000e+00
-2.984806895256042480e-01,1.895181846618652344e+01,3.100000000000000000e+01,0.000000000000000000e+00
5.296905517578125000e+00,3.547792434692382812e+00,1.600000000000000000e+01,0.000000000000000000e+00
1.423141479492187500e+01,5.247130393981933594e+00,2.200000000000000000e+01,0.000000000000000000e+00
-1.992569863796234131e-01,1.642600440979003906e+01,3.000000000000000000e+01,0.000000000000000000e+00
-2.158603817224502563e-01,1.630583381652832031e+01,3.000000000000000000e+01,0.000000000000000000e+00
1.417985057830810547e+01,5.300900459289550781e+00,2.400000000000000000e+01,0.000000000000000000e+00
1.451704978942871094e+01,4.953137397766113281e+00,2.200000000000000000e+01,0.000000000000000000e+00
-1.203378196805715561e-02,1.615378189086914062e+01,9.000000000000000000e+00,0.000000000000000000e+00
-2.250365763902664185e-01,1.637716102600097656e+01,9.000000000000000000e+00,0.000000000000000000e+00
-2.619864642620086670e-01,1.891452598571777344e+01,3.100000000000000000e+01,0.000000000000000000e+00
-2.358114868402481079e-01,1.639821243286132812e+01,3.000000000000000000e+01,0.000000000000000000e+00
1.415172767639160156e+01,5.332467555999755859e+00,2.400000000000000000e+01,0.000000000000000000e+00
-3.107202351093292236e-01,1.896413421630859375e+01,3.100000000000000000e+01,0.000000000000000000e+00
5.296088695526123047e+00,3.545824289321899414e+00,1.600000000000000000e+01,0.000000000000000000e+00
5.300297260284423828e+00,3.548992395401000977e+00,1.600000000000000000e+01,0.000000000000000000e+00
5.285377025604248047e+00,3.533065080642700195e+00,1.600000000000000000e+01,0.000000000000000000e+00
1.414131927490234375e+01,5.320415496826171875e+00,2.400000000000000000e+01,0.000000000000000000e+00
5.265362262725830078e+00,3.523324012756347656e+00,1.600000000000000000e+01,0.000000000000000000e+00
-2.102082520723342896e-01,1.635150718688964844e+01,3.000000000000000000e+01,0.000000000000000000e+00
5.275437355041503906e+00,3.537435054779052734e+00,1.600000000000000000e+01,0.000000000000000000e+00
-2.267675101757049561e-01,1.638928794860839844e+01,3.000000000000000000e+01,0.000000000000000000e+00
1.415401554107666016e+01,5.324785232543945312e+00,2.400000000000000000e+01,0.000000000000000000e+00
-2.594292759895324707e-01,1.891230773925781250e+01,9.000000000000000000e+00,0.000000000000000000e+00
-2.389381378889083862e-01,1.639302635192871094e+01,3.000000000000000000e+01,0.000000000000000000e+00
1.417630672454833984e+01,5.303527355194091797e+00,2.400000000000000000e+01,0.000000000000000000e+00
-1.033987402915954590e-01,1.875618934631347656e+01,3.100000000000000000e+01,0.000000000000000000e+00
-2.485094815492630005e-01,1.638115882873535156e+01,3.000000000000000000e+01,0.000000000000000000e+00
-1.909040845930576324e-02,1.615084266662597656e+01,9.000000000000000000e+00,0.000000000000000000e+00
-1.608647704124450684e-01,1.880884361267089844e+01,3.100000000000000000e+01,0.000000000000000000e+00
-1.893691271543502808e-01,1.635235404968261719e+01,3.000000000000000000e+01,0.000000000000000000e+00
-2.027107328176498413e-01,1.637884140014648438e+01,3.000000000000000000e+01,0.000000000000000000e+00
1.414465618133544922e+01,5.337610721588134766e+00,2.400000000000000000e+01,0.000000000000000000e+00
1.413606262207031250e+01,5.344681262969970703e+00,2.400000000000000000e+01,0.000000000000000000e+00
-3.053512275218963623e-01,1.895813369750976562e+01,3.100000000000000000e+01,0.000000000000000000e+00
5.317303180694580078e+00,3.567839622497558594e+00,1.600000000000000000e+01,0.000000000000000000e+00
5.300146102905273438e+00,3.554096937179565430e+00,1.600000000000000000e+01,0.000000000000000000e+00
1.414898300170898438e+01,5.336473464965820312e+00,2.400000000000000000e+01,0.000000000000000000e+00
5.274653911590576172e+00,3.534811258316040039e+00,1.600000000000000000e+01,0.000000000000000000e+00
-9.082480669021606445e-01,1.633366394042968750e+01,2.500000000000000000e+01,0.000000000000000000e+00
5.286067008972167969e+00,3.541649818420410156e+00,1.600000000000000000e+01,0.000000000000000000e+00
-2.590680718421936035e-01,1.639121818542480469e+01,3.000000000000000000e+01,0.000000000000000000e+00
-1.627224385738372803e-01,1.881597328186035156e+01,3.100000000000000000e+01,0.000000000000000000e+00
1.452110004425048828e+01,4.949008464813232422e+00,2.200000000000000000e+01,0.000000000000000000e+00
-2.174617350101470947e-01,1.636798667907714844e+01,3.000000000000000000e+01,0.000000000000000000e+00
1.452993774414062500e+01,4.939567089080810547e+00,2.200000000000000000e+01,0.000000000000000000e+00
-1.968816071748733521e-01,1.637535095214843750e+01,3.000000000000000000e+01,0.000000000000000000e+00
1.418462276458740234e+01,5.296982288360595703e+00,2.400000000000000000e+01,0.000000000000000000e+00
-2.932278513908386230e-01,1.894579124450683594e+01,3.100000000000000000e+01,0.000000000000000000e+00
1.417733478546142578e+01,5.303930282592773438e+00,2.400000000000000000e+01,0.000000000000000000e+00
-9.160072803497314453e-01,1.633414077758789062e+01,2.500000000000000000e+01,0.000000000000000000e+00
-2.124362587928771973e-01,1.633657264709472656e+01,3.000000000000000000e+01,0.000000000000000000e+00
1.415096664428710938e+01,5.332761764526367188e+00,2.400000000000000000e+01,0.000000000000000000e+00
1.424433422088623047e+01,5.233860015869140625e+00,2.200000000000000000e+01,0.000000000000000000e+00
-9.109696745872497559e-01,1.633343696594238281e+01,2.500000000000000000e+01,0.000000000000000000e+00
-2.325867116451263428e-01,1.631209182739257812e+01,9.000000000000000000e+00,0.000000000000000000e+00
5.273199081420898438e+00,3.537851810455322266e+00,1.600000000000000000e+01,0.000000000000000000e+00
-3.064032196998596191e-01,1.895985794067382812e+01,3.100000000000000000e+01,0.000000000000000000e+00
-2.506708204746246338e-01,1.890772056579589844e+01,3.100000000000000000e+01,0.000000000000000000e+00
-2.400027215480804443e-01,1.889376258850097656e+01,3.100000000000000000e+01,0.000000000000000000e+00
-2.886621654033660889e-01,1.894204902648925781e+01,3.100000000000000000e+01,0.000000000000000000e+00
5.273344039916992188e+00,3.537418365478515625e+00,1.600000000000000000e+01,0.000000000000000000e+00
1.419427204132080078e+01,5.291831493377685547e+00,2.400000000000000000e+01,0.000000000000000000e+00
1.425376510620117188e+01,5.224407196044921875e+00,2.200000000000000000e+01,0.000000000000000000e+00
-2.056147158145904541e-01,1.634149551391601562e+01,3.000000000000000000e+01,0.000000000000000000e+00
-2.199514061212539673e-01,1.887616157531738281e+01,3.100000000000000000e+01,0.000000000000000000e+00
1.415312576293945312e+01,5.335613727569580078e+00,2.400000000000000000e+01,0.000000000000000000e+00
-2.888233661651611328e-01,1.894227981567382812e+01,3.100000000000000000e+01,0.000000000000000000e+00
-9.028303027153015137e-01,1.633191871643066406e+01,2.500000000000000000e+01,0.000000000000000000e+00
1.427046203613281250e+01,5.207637310028076172e+00,2.200000000000000000e+01,0.000000000000000000e+00
5.272773265838623047e+00,3.538016557693481445e+00,9.000000000000000000e+00,0.000000000000000000e+00
1.452173233032226562e+01,4.948190212249755859e+00,2.200000000000000000e+01,0.000000000000000000e+00
-3.301045298576354980e-01,1.898189353942871094e+01,3.100000000000000000e+01,0.000000000000000000e+00
1.416527175903320312e+01,5.313394069671630859e+00,2.400000000000000000e+01,0.000000000000000000e+00
-8.849100470542907715e-01,1.634714889526367188e+01,2.500000000000000000e+01,0.000000000000000000e+00
-1.573124229907989502e-01,1.881019210815429688e+01,3.100000000000000000e+01,0.000000000000000000e+00
1.451875209808349609e+01,4.951287269592285156e+00,2.200000000000000000e+01,0.000000000000000000e+00
-2.896468341350555420e-01,1.894194030761718750e+01,3.100000000000000000e+01,0.000000000000000000e+00
1.407256424427032471e-01,1.598077869415283203e+01,9.000000000000000000e+00,0.000000000000000000e+00
-3.205636739730834961e-01,1.897368049621582031e+01,3.100000000000000000e+01,0.000000000000000000e+00
-3.412790298461914062e-01,1.899242210388183594e+01,3.100000000000000000e+01,0.000000000000000000e+00
5.298493862152099609e+00,3.548228263854980469e+00,1.600000000000000000e+01,0.000000000000000000e+00
-2.590581774711608887e-01,1.639774703979492188e+01,3.000000000000000000e+01,0.000000000000000000e+00
-2.046136409044265747e-01,1.634011077880859375e+01,9.000000000000000000e+00,0.000000000000000000e+00
-1.757605373859405518e-01,1.632198143005371094e+01,3.000000000000000000e+01,0.000000000000000000e+00
-1.648032516241073608e-01,1.881967353820800781e+01,3.100000000000000000e+01,0.000000000000000000e+00
-2.548750936985015869e-01,1.890882492065429688e+01,3.100000000000000000e+01,0.000000000000000000e+00
1.081742197275161743e-01,1.601260566711425781e+01,9.000000000000000000e+00,0.000000000000000000e+00
-2.156321555376052856e-01,1.636511802673339844e+01,3.000000000000000000e+01,0.000000000000000000e+00
1.415121841430664062e+01,5.329701423645019531e+00,2.400000000000000000e+01,0.000000000000000000e+00
1.410792636871337891e+01,5.371593952178955078e+00,2.400000000000000000e+01,0.000000000000000000e+00
-1.660825014114379883e-01,1.881952857971191406e+01,3.100000000000000000e+01,0.000000000000000000e+00
-1.879673302173614502e-01,1.883026885986328125e+01,3.100000000000000000e+01,0.000000000000000000e+00
-2.213591039180755615e-01,1.887612533569335938e+01,3.100000000000000000e+01,0.000000000000000000e+00
-2.172598838806152344e-01,1.887077140808105469e+01,3.100000000000000000e+01,0.000000000000000000e+00
-1.807960122823715210e-01,1.630832862854003906e+01,3.000000000000000000e+01,0.000000000000000000e+00
1.452269935607910156e+01,4.946901798248291016e+00,2.200000000000000000e+01,0.000000000000000000e+00
1.433456987142562866e-01,1.597824287414550781e+01,9.000000000000000000e+00,0.000000000000000000e+00
5.285329818725585938e+00,3.540267705917358398e+00,1.600000000000000000e+01,0.000000000000000000e+00
-1.882996261119842529e-01,1.883990097045898438e+01,3.100000000000000000e+01,0.000000000000000000e+00
-2.230890393257141113e-01,1.637401390075683594e+01,3.000000000000000000e+01,0.000000000000000000e+00
-2.070023566484451294e-01,1.886033248901367188e+01,3.100000000000000000e+01,0.000000000000000000e+00
1.541605442762374878e-01,1.596719646453857422e+01,9.000000000000000000e+00,0.000000000000000000e+00
-2.358936965465545654e-01,1.636919975280761719e+01,3.000000000000000000e+01,0.000000000000000000e+00
5.276329517364501953e+00,3.534898757934570312e+00,1.600000000000000000e+01,0.000000000000000000e+00
1.484644508361816406e+01,-5.100095272064208984e+00,9.000000000000000000e+00,0.000000000000000000e+00
-1.920892447233200073e-01,1.631131744384765625e+01,3.000000000000000000e+01,0.000000000000000000e+00
5.283915519714355469e+00,3.539662599563598633e+00,1.600000000000000000e+01,0.000000000000000000e+00
-9.153817296028137207e-01,1.633391571044921875e+01,2.500000000000000000e+01,0.000000000000000000e+00
1.448136711120605469e+01,4.989599227905273438e+00,2.200000000000000000e+01,0.000000000000000000e+00
-9.113539457321166992e-01,1.633417892456054688e+01,2.500000000000000000e+01,0.000000000000000000e+00
-2.726961374282836914e-01,1.892495727539062500e+01,3.100000000000000000e+01,0.000000000000000000e+00
-1.860499829053878784e-01,1.883829498291015625e+01,3.100000000000000000e+01,0.000000000000000000e+00
5.270207881927490234e+00,3.535212278366088867e+00,1.600000000000000000e+01,0.000000000000000000e+00
-2.164252102375030518e-01,1.636159324645996094e+01,3.000000000000000000e+01,0.000000000000000000e+00
-2.683308124542236328e-01,1.892217826843261719e+01,3.100000000000000000e+01,0.000000000000000000e+00
-1.688473671674728394e-01,1.881365203857421875e+01,3.100000000000000000e+01,0.000000000000000000e+00
5.262495517730712891e+00,3.550490140914916992e+00,1.600000000000000000e+01,0.000000000000000000e+00
-9.021133184432983398e-01,1.633313941955566406e+01,2.500000000000000000e+01,0.000000000000000000e+00
-1.426425129175186157e-01,1.879614257812500000e+01,3.100000000000000000e+01,0.000000000000000000e+00
-3.143467009067535400e-01,1.896743965148925781e+01,3.100000000000000000e+01,0.000000000000000000e+00
-1.549746245145797729e-01,1.880773353576660156e+01,3.100000000000000000e+01,0.000000000000000000e+00
-2.733504474163055420e-01,1.892650794982910156e+01,3.100000000000000000e+01,0.000000000000000000e+00
-2.172113806009292603e-01,1.636291313171386719e+01,3.000000000000000000e+01,0.000000000000000000e+00
-3.180763423442840576e-01,1.897147560119628906e+01,3.100000000000000000e+01,0.000000000000000000e+00
-3.352372050285339355e-01,1.898810005187988281e+01,3.100000000000000000e+01,0.000000000000000000e+00
1.588708311319351196e-01,1.596268081665039062e+01,9.000000000000000000e+00,0.000000000000000000e+00
-3.596481680870056152e-01,1.901256561279296875e+01,3.100000000000000000e+01,0.000000000000000000e+00
-1.047566756606101990e-01,1.875671958923339844e+01,3.100000000000000000e+01,0.000000000000000000e+00
5.295958518981933594e+00,3.545003652572631836e+00,1.600000000000000000e+01,0.000000000000000000e+00
-1.929210871458053589e-01,1.884645462036132812e+01,3.100000000000000000e+01,0.000000000000000000e+00
5.558801931329071522e-04,1.612768363952636719e+01,9.000000000000000000e+00,0.000000000000000000e+00
-1.734568476676940918e-01,1.629001617431640625e+01,3.000000000000000000e+01,0.000000000000000000e+00
-2.353366166353225708e-01,1.637306976318359375e+01,3.000000000000000000e+01,0.000000000000000000e+00
1.424890804290771484e+01,5.228958606719970703e+00,9.000000000000000000e+00,0.000000000000000000e+00
-2.204234898090362549e-01,1.635721969604492188e+01,3.000000000000000000e+01,0.000000000000000000e+00
-2.585723400115966797e-01,1.634596061706542969e+01,3.000000000000000000e+01,0.000000000000000000e+00
1.452696800231933594e+01,4.942804813385009766e+00,2.200000000000000000e+01,0.000000000000000000e+00
-1.945347189903259277e-01,1.632246208190917969e+01,3.000000000000000000e+01,0.000000000000000000e+00
1.417477130889892578e+01,5.310599803924560547e+00,2.400000000000000000e+01,0.000000000000000000e+00
-1.976366937160491943e-01,1.885031890869140625e+01,3.100000000000000000e+01,0.000000000000000000e+00
-6.155630107969045639e-03,1.613512229919433594e+01,9.000000000000000000e+00,0.000000000000000000e+00
-1.769768148660659790e-01,1.631469154357910156e+01,3.000000000000000000e+01,0.000000000000000000e+00
-9.227262735366821289e-01,1.633334159851074219e+01,2.500000000000000000e+01,0.000000000000000000e+00
-2.768954932689666748e-01,1.893041419982910156e+01,3.100000000000000000e+01,0.000000000000000000e+00
-2.159262001514434814e-01,1.635560607910156250e+01,3.000000000000000000e+01,0.000000000000000000e+00
1.416945075988769531e+01,5.311375617980957031e+00,2.400000000000000000e+01,0.000000000000000000e+00
-1.451424658298492432e-01,1.879873085021972656e+01,3.100000000000000000e+01,0.000000000000000000e+00
-3.470126390457153320e-01,1.899869537353515625e+01,3.100000000000000000e+01,0.000000000000000000e+00
5.292553901672363281e+00,3.547592639923095703e+00,1.600000000000000000e+01,0.000000000000000000e+00
-1.672781258821487427e-02,1.614725875854492188e+01,9.000000000000000000e+00,0.000000000000000000e+00
-3.127068877220153809e-01,1.896587562561035156e+01,3.100000000000000000e+01,0.000000000000000000e+00
-3.055759072303771973e-01,1.895901298522949219e+01,3.100000000000000000e+01,0.000000000000000000e+00
5.282351493835449219e+00,3.540311336517333984e+00,1.600000000000000000e+01,0.000000000000000000e+00
1.413034343719482422e+01,5.353923797607421875e+00,2.400000000000000000e+01,0.000000000000000000e+00
-1.922449171543121338e-01,1.632691574096679688e+01,3.000000000000000000e+01,0.000000000000000000e+00
1.418486881256103516e+01,5.295396327972412109e+00,2.400000000000000000e+01,0.000000000000000000e+00
5.228917121887207031e+00,3.497585296630859375e+00,1.600000000000000000e+01,0.000000000000000000e+00
-1.941639780998229980e-01,1.884398269653320312e+01,3.100000000000000000e+01,0.000000000000000000e+00
1.414584827423095703e+01,5.336304664611816406e+00,2.400000000000000000e+01,0.000000000000000000e+00
-2.067220956087112427e-01,1.635259819030761719e+01,9.000000000000000000e+00,0.000000000000000000e+00
1.417850780487060547e+01,5.300278186798095703e+00,2.400000000000000000e+01,0.000000000000000000e+00
1.417553615570068359e+01,5.305351257324218750e+00,2.400000000000000000e+01,0.000000000000000000e+00
-2.216532081365585327e-01,1.887426757812500000e+01,3.100000000000000000e+01,0.000000000000000000e+00
1.415633487701416016e+01,5.330216884613037109e+00,2.400000000000000000e+01,0.000000000000000000e+00
-1.969639509916305542e-01,1.884952926635742188e+01,3.100000000000000000e+01,0.000000000000000000e+00
1.096082627773284912e-01,1.601444435119628906e+01,9.000000000000000000e+00,0.000000000000000000e+00
-1.236372813582420349e-01,1.877527046203613281e+01,3.100000000000000000e+01,0.000000000000000000e+00
-1.884768307209014893e-01,1.884056472778320312e+01,3.100000000000000000e+01,0.000000000000000000e+00
-3.257652223110198975e-01,1.897912788391113281e+01,3.100000000000000000e+01,0.000000000000000000e+00
1.416526889801025391e+01,5.313157081604003906e+00,2.400000000000000000e+01,0.000000000000000000e+00
-2.217185050249099731e-01,1.636826896667480469e+01,3.000000000000000000e+01,0.000000000000000000e+00
-9.195214509963989258e-01,1.633446502685546875e+01,2.500000000000000000e+01,0.000000000000000000e+00
-2.558136284351348877e-01,1.890942573547363281e+01,3.100000000000000000e+01,0.000000000000000000e+00
1.427795124053955078e+01,5.199896812438964844e+00,9.000000000000000000e+00,0.000000000000000000e+00
1.417196083068847656e+01,5.314368247985839844e+00,2.400000000000000000e+01,0.000000000000000000e+00
1.453570747375488281e+01,4.933100700378417969e+00,2.200000000000000000e+01,0.000000000000000000e+00
1.415456485748291016e+01,5.323793888092041016e+00,2.400000000000000000e+01,0.000000000000000000e+00
1.452856063842773438e+01,4.940942287445068359e+00,2.200000000000000000e+01,0.000000000000000000e+00
-1.513947099447250366e-01,1.880466651916503906e+01,3.100000000000000000e+01,0.000000000000000000e+00
5.277026176452636719e+00,3.537671804428100586e+00,1.600000000000000000e+01,0.000000000000000000e+00
-2.800915837287902832e-01,1.893287467956542969e+01,3.100000000000000000e+01,0.000000000000000000e+00
1.498678177595138550e-01,1.597119808197021484e+01,9.000000000000000000e+00,0.000000000000000000e+00
-9.248493313789367676e-01,1.633831024169921875e+01,2.500000000000000000e+01,0.000000000000000000e+00
1.426329165697097778e-01,1.597883224487304688e+01,9.000000000000000000e+00,0.000000000000000000e+00
-9.125123620033264160e-01,1.633369827270507812e+01,2.500000000000000000e+01,0.000000000000000000e+00
-1.402493268251419067e-01,1.879407310485839844e+01,3.100000000000000000e+01,0.000000000000000000e+00
5.278114318847656250e+00,3.538767814636230469e+00,1.600000000000000000e+01,0.000000000000000000e+00
1.418958950042724609e+01,5.292189121246337891e+00,9.000000000000000000e+00,0.000000000000000000e+00
5.259027481079101562e+00,3.523995876312255859e+00,1.600000000000000000e+01,0.000000000000000000e+00
-2.918375730514526367e-01,1.894546699523925781e+01,3.100000000000000000e+01,0.000000000000000000e+00
-9.104887843132019043e-01,1.633407974243164062e+01,2.500000000000000000e+01,0.000000000000000000e+00
1.158484667539596558e-01,1.599871349334716797e+01,9.000000000000000000e+00,0.000000000000000000e+00
1.682246017456054688e+01,1.255700016021728516e+01,1.700000000000000000e+01,0.000000000000000000e+00
1.582313728332519531e+01,1.295831584930419922e+01,1.700000000000000000e+01,0.000000000000000000e+00
1.579877471923828125e+01,1.312798976898193359e+01,1.700000000000000000e+01,0.000000000000000000e+00
1.683372688293457031e+01,1.255463790893554688e+01,1.700000000000000000e+01,0.000000000000000000e+00
1.629903602600097656e+01,1.300152397155761719e+01,1.700000000000000000e+01,0.000000000000000000e+00
1.682931900024414062e+01,1.308897972106933594e+01,1.700000000000000000e+01,0.000000000000000000e+00
1.626873016357421875e+01,1.294335365295410156e+01,1.700000000000000000e+01,0.000000000000000000e+00
1.638957214355468750e+01,1.312990283966064453e+01,1.700000000000000000e+01,0.000000000000000000e+00
1.707973861694335938e+01,1.302836894989013672e+01,1.700000000000000000e+01,0.000000000000000000e+00
1.645453071594238281e+01,1.308231830596923828e+01,9.000000000000000000e+00,0.000000000000000000e+00
1.591350364685058594e+01,1.292989635467529297e+01,1.700000000000000000e+01,0.000000000000000000e+00
1.702256011962890625e+01,1.303875541687011719e+01,1.700000000000000000e+01,0.000000000000000000e+00
1.625925445556640625e+01,1.300809383392333984e+01,1.700000000000000000e+01,0.000000000000000000e+00
1.638142204284667969e+01,1.306161499023437500e+01,9.000000000000000000e+00,0.000000000000000000e+00
1.589176845550537109e+01,1.296237945556640625e+01,1.700000000000000000e+01,0.000000000000000000e+00
1.577831554412841797e+01,1.290050697326660156e+01,1.700000000000000000e+01,0.000000000000000000e+00
1.594446945190429688e+01,1.313283538818359375e+01,1.700000000000000000e+01,0.000000000000000000e+00
1.579913902282714844e+01,1.315587520599365234e+01,1.700000000000000000e+01,0.000000000000000000e+00
1.663129615783691406e+01,1.311088085174560547e+01,1.700000000000000000e+01,0.000000000000000000e+00
1.714509963989257812e+01,1.301371288299560547e+01,1.700000000000000000e+01,0.000000000000000000e+00
1.582036304473876953e+01,1.295938682556152344e+01,1.700000000000000000e+01,0.000000000000000000e+00
1.701237678527832031e+01,1.303271865844726562e+01,1.700000000000000000e+01,0.000000000000000000e+00
1.684548950195312500e+01,1.256646251678466797e+01,1.700000000000000000e+01,0.000000000000000000e+00
1.623976325988769531e+01,1.304769039154052734e+01,1.700000000000000000e+01,0.000000000000000000e+00
1.603428459167480469e+01,1.340005874633789062e+01,9.000000000000000000e+00,0.000000000000000000e+00
1.679022026062011719e+01,1.294503021240234375e+01,1.700000000000000000e+01,0.000000000000000000e+00
1.606788063049316406e+01,1.272519302368164062e+01,1.700000000000000000e+01,0.000000000000000000e+00
1.587123489379882812e+01,1.285956954956054688e+01,1.700000000000000000e+01,0.000000000000000000e+00
1.654161834716796875e+01,1.309903335571289062e+01,1.700000000000000000e+01,0.000000000000000000e+00
1.622809410095214844e+01,1.311986160278320312e+01,1.700000000000000000e+01,0.000000000000000000e+00
1.601281547546386719e+01,1.306201457977294922e+01,1.700000000000000000e+01,0.000000000000000000e+00
1.574165821075439453e+01,1.308755779266357422e+01,1.700000000000000000e+01,0.000000000000000000e+00
1.707202529907226562e+01,1.299538707733154297e+01,1.700000000000000000e+01,0.000000000000000000e+00
1.659095001220703125e+01,1.294785785675048828e+01,1.700000000000000000e+01,0.000000000000000000e+00
1.701258468627929688e+01,1.256787776947021484e+01,1.700000000000000000e+01,0.000000000000000000e+00
1.569505310058593750e+01,1.311567306518554688e+01,1.700000000000000000e+01,0.000000000000000000e+00
1.652079772949218750e+01,1.313427448272705078e+01,1.700000000000000000e+01,0.000000000000000000e+00
1.571813201904296875e+01,1.295144081115722656e+01,1.700000000000000000e+01,0.000000000000000000e+00
1.707681083679199219e+01,1.256879615783691406e+01,1.700000000000000000e+01,0.000000000000000000e+00
1.700376510620117188e+01,1.261165332794189453e+01,1.700000000000000000e+01,0.000000000000000000e+00
1.584142494201660156e+01,1.290333652496337891e+01,1.700000000000000000e+01,0.000000000000000000e+00
1.628890991210937500e+01,1.310232925415039062e+01,9.000000000000000000e+00,0.000000000000000000e+00
1.647633361816406250e+01,1.302958774566650391e+01,1.700000000000000000e+01,0.000000000000000000e+00
1.619851875305175781e+01,1.296341037750244141e+01,1.700000000000000000e+01,0.000000000000000000e+00
1.576324176788330078e+01,1.293251895904541016e+01,1.700000000000000000e+01,0.000000000000000000e+00
1.618581771850585938e+01,1.297214889526367188e+01,1.700000000000000000e+01,0.000000000000000000e+00
1.622948837280273438e+01,1.300915431976318359e+01,1.700000000000000000e+01,0.000000000000000000e+00
1.681262207031250000e+01,1.257486629486083984e+01,1.700000000000000000e+01,0.000000000000000000e+00
1.690776062011718750e+01,1.279396438598632812e+01,9.000000000000000000e+00,0.000000000000000000e+00
1.602863311767578125e+01,1.300921821594238281e+01,1.700000000000000000e+01,0.000000000000000000e+00
1.671801376342773438e+01,1.312967205047607422e+01,1.700000000000000000e+01,0.000000000000000000e+00
1.697334480285644531e+01,1.308366107940673828e+01,1.700000000000000000e+01,0.000000000000000000e+00
1.600863075256347656e+01,1.272591304779052734e+01,1.700000000000000000e+01,0.000000000000000000e+00
1.572268486022949219e+01,1.281268692016601562e+01,1.700000000000000000e+01,0.000000000000000000e+00
1.573822212219238281e+01,1.317543411254882812e+01,1.700000000000000000e+01,0.000000000000000000e+00
1.710586929321289062e+01,1.263274478912353516e+01,9.000000000000000000e+00,0.000000000000000000e+00
1.683639907836914062e+01,1.254834842681884766e+01,1.700000000000000000e+01,0.000000000000000000e+00
1.595465183258056641e+01,1.301118946075439453e+01,1.700000000000000000e+01,0.000000000000000000e+00
1.701383781433105469e+01,1.257486343383789062e+01,1.700000000000000000e+01,0.000000000000000000e+00
1.582349967956542969e+01,1.287721824645996094e+01,1.700000000000000000e+01,0.000000000000000000e+00
1.609302902221679688e+01,1.337500286102294922e+01,9.000000000000000000e+00,0.000000000000000000e+00
1.574043369293212891e+01,1.316166400909423828e+01,1.700000000000000000e+01,0.000000000000000000e+00
1.705443572998046875e+01,1.258704948425292969e+01,1.700000000000000000e+01,0.000000000000000000e+00
1.582246875762939453e+01,1.316071796417236328e+01,1.700000000000000000e+01,0.000000000000000000e+00
1.705964279174804688e+01,1.255610752105712891e+01,1.700000000000000000e+01,0.000000000000000000e+00
1.700626945495605469e+01,1.304089260101318359e+01,1.700000000000000000e+01,0.000000000000000000e+00
1.607967758178710938e+01,1.304511833190917969e+01,1.700000000000000000e+01,0.000000000000000000e+00
1.659097480773925781e+01,1.304580020904541016e+01,1.700000000000000000e+01,0.000000000000000000e+00
1.592545509338378906e+01,1.281796836853027344e+01,1.700000000000000000e+01,0.000000000000000000e+00
1.657853507995605469e+01,1.314892101287841797e+01,1.700000000000000000e+01,0.000000000000000000e+00
1.710103034973144531e+01,1.294746875762939453e+01,1.700000000000000000e+01,0.000000000000000000e+00
1.576030445098876953e+01,1.284869766235351562e+01,1.700000000000000000e+01,0.000000000000000000e+00
1.668703651428222656e+01,1.266805458068847656e+01,1.700000000000000000e+01,0.000000000000000000e+00
1.574510574340820312e+01,1.298117160797119141e+01,1.700000000000000000e+01,0.000000000000000000e+00
1.619627761840820312e+01,1.307044982910156250e+01,1.700000000000000000e+01,0.000000000000000000e+00
1.702445793151855469e+01,1.305484294891357422e+01,1.700000000000000000e+01,0.000000000000000000e+00
1.698149299621582031e+01,1.307129192352294922e+01,1.700000000000000000e+01,0.000000000000000000e+00
1.600578498840332031e+01,1.301116657257080078e+01,1.700000000000000000e+01,0.000000000000000000e+00
1.689671516418457031e+01,1.256400394439697266e+01,1.700000000000000000e+01,0.000000000000000000e+00
1.578233909606933594e+01,1.299992084503173828e+01,1.700000000000000000e+01,0.000000000000000000e+00
1.854880332946777344e+01,1.338326358795166016e+01,9.000000000000000000e+00,0.000000000000000000e+00
1.578851127624511719e+01,1.295209121704101562e+01,1.700000000000000000e+01,0.000000000000000000e+00
1.595660018920898438e+01,1.314123535156250000e+01,1.700000000000000000e+01,0.000000000000000000e+00
1.608551979064941406e+01,1.296956920623779297e+01,1.700000000000000000e+01,0.000000000000000000e+00
1.613240432739257812e+01,1.309085559844970703e+01,1.700000000000000000e+01,0.000000000000000000e+00
1.619707107543945312e+01,1.298631858825683594e+01,1.700000000000000000e+01,0.000000000000000000e+00
1.574848270416259766e+01,1.318379020690917969e+01,1.700000000000000000e+01,0.000000000000000000e+00
1.611635780334472656e+01,1.304683685302734375e+01,1.700000000000000000e+01,0.000000000000000000e+00
1.647969055175781250e+01,1.288671779632568359e+01,1.700000000000000000e+01,0.000000000000000000e+00
1.603690910339355469e+01,1.332935619354248047e+01,9.000000000000000000e+00,0.000000000000000000e+00
1.610058784484863281e+01,1.343808174133300781e+01,9.000000000000000000e+00,0.000000000000000000e+00
1.617092132568359375e+01,1.300130462646484375e+01,1.700000000000000000e+01,0.000000000000000000e+00
1.594455909729003906e+01,1.285160636901855469e+01,1.700000000000000000e+01,0.000000000000000000e+00
1.688664054870605469e+01,1.271177196502685547e+01,9.000000000000000000e+00,0.000000000000000000e+00
1.568046951293945312e+01,1.314561462402343750e+01,1.700000000000000000e+01,0.000000000000000000e+00
1.689394950866699219e+01,1.314112949371337891e+01,9.000000000000000000e+00,0.000000000000000000e+00
1.612683486938476562e+01,1.303237628936767578e+01,1.700000000000000000e+01,0.000000000000000000e+00
1.601202964782714844e+01,1.277691173553466797e+01,1.700000000000000000e+01,0.000000000000000000e+00
1.707348632812500000e+01,1.302928161621093750e+01,1.700000000000000000e+01,0.000000000000000000e+00
1.588297176361083984e+01,1.275580215454101562e+01,1.700000000000000000e+01,0.000000000000000000e+00
1.572371292114257812e+01,1.312791442871093750e+01,1.700000000000000000e+01,0.000000000000000000e+00
1.619939231872558594e+01,1.307929706573486328e+01,1.700000000000000000e+01,0.000000000000000000e+00
1.685752296447753906e+01,1.254869270324707031e+01,1.700000000000000000e+01,0.000000000000000000e+00
1.691690826416015625e+01,1.253704643249511719e+01,1.700000000000000000e+01,0.000000000000000000e+00
1.703417396545410156e+01,1.287407779693603516e+01,1.700000000000000000e+01,0.000000000000000000e+00
1.658812332153320312e+01,1.307973098754882812e+01,1.700000000000000000e+01,0.000000000000000000e+00
1.698747444152832031e+01,1.305838584899902344e+01,1.700000000000000000e+01,0.000000000000000000e+00
1.584379577636718750e+01,1.291555690765380859e+01,1.700000000000000000e+01,0.000000000000000000e+00
1.569191074371337891e+01,1.294944381713867188e+01,1.700000000000000000e+01,0.000000000000000000e+00
1.662330818176269531e+01,1.290532875061035156e+01,1.700000000000000000e+01,0.000000000000000000e+00
1.653717231750488281e+01,1.299169540405273438e+01,1.700000000000000000e+01,0.000000000000000000e+00
1.655279731750488281e+01,1.295798587799072266e+01,1.700000000000000000e+01,0.000000000000000000e+00
1.797570228576660156e+01,1.218706512451171875e+01,9.000000000000000000e+00,0.000000000000000000e+00
1.575015163421630859e+01,1.300799560546875000e+01,1.700000000000000000e+01,0.000000000000000000e+00
1.694861793518066406e+01,1.259321117401123047e+01,1.700000000000000000e+01,0.000000000000000000e+00
1.621683692932128906e+01,1.289296436309814453e+01,1.700000000000000000e+01,0.000000000000000000e+00
1.596521759033203125e+01,1.304566287994384766e+01,1.700000000000000000e+01,0.000000000000000000e+00
1.589278221130371094e+01,1.296470165252685547e+01,1.700000000000000000e+01,0.000000000000000000e+00
1.668008422851562500e+01,1.313789558410644531e+01,1.700000000000000000e+01,0.000000000000000000e+00
1.706709671020507812e+01,1.256193542480468750e+01,1.700000000000000000e+01,0.000000000000000000e+00
1.569165897369384766e+01,1.297114658355712891e+01,1.700000000000000000e+01,0.000000000000000000e+00
1.578720569610595703e+01,1.310473918914794922e+01,1.700000000000000000e+01,0.000000000000000000e+00
1.683400154113769531e+01,1.257224655151367188e+01,1.700000000000000000e+01,0.000000000000000000e+00
1.622576141357421875e+01,1.296129417419433594e+01,1.700000000000000000e+01,0.000000000000000000e+00
1.591647434234619141e+01,1.278519058227539062e+01,1.700000000000000000e+01,0.000000000000000000e+00
1.679101753234863281e+01,1.262388229370117188e+01,1.700000000000000000e+01,0.000000000000000000e+00
1.597994613647460938e+01,1.307016086578369141e+01,1.700000000000000000e+01,0.000000000000000000e+00
1.715312576293945312e+01,1.296615791320800781e+01,1.700000000000000000e+01,0.000000000000000000e+00
1.593186664581298828e+01,1.279983139038085938e+01,1.700000000000000000e+01,0.000000000000000000e+00
1.661145591735839844e+01,1.309193420410156250e+01,1.700000000000000000e+01,0.000000000000000000e+00
1.693280792236328125e+01,1.307535648345947266e+01,1.700000000000000000e+01,0.000000000000000000e+00
1.650302124023437500e+01,1.306342315673828125e+01,1.700000000000000000e+01,0.000000000000000000e+00
1.589859676361083984e+01,1.313160133361816406e+01,1.700000000000000000e+01,0.000000000000000000e+00
1.579749202728271484e+01,1.292583370208740234e+01,1.700000000000000000e+01,0.000000000000000000e+00
1.576453208923339844e+01,1.311635112762451172e+01,1.700000000000000000e+01,0.000000000000000000e+00
1.592734050750732422e+01,1.287358283996582031e+01,1.700000000000000000e+01,0.000000000000000000e+00
1.600256919860839844e+01,1.271559619903564453e+01,1.700000000000000000e+01,0.000000000000000000e+00
1.670532035827636719e+01,1.308842754364013672e+01,1.700000000000000000e+01,0.000000000000000000e+00
1.668796920776367188e+01,1.265836620330810547e+01,1.700000000000000000e+01,0.000000000000000000e+00
1.709737205505371094e+01,1.300867652893066406e+01,1.700000000000000000e+01,0.000000000000000000e+00
1.689387321472167969e+01,1.252391147613525391e+01,1.700000000000000000e+01,0.000000000000000000e+00
1.692280578613281250e+01,1.253652667999267578e+01,1.700000000000000000e+01,0.000000000000000000e+00
1.582681369781494141e+01,1.289931201934814453e+01,1.700000000000000000e+01,0.000000000000000000e+00
1.685305786132812500e+01,1.256873893737792969e+01,1.700000000000000000e+01,0.000000000000000000e+00
1.631447982788085938e+01,1.300351810455322266e+01,1.700000000000000000e+01,0.000000000000000000e+00
1.573772144317626953e+01,1.297008132934570312e+01,1.700000000000000000e+01,0.000000000000000000e+00
1.577884006500244141e+01,1.302708148956298828e+01,1.700000000000000000e+01,0.000000000000000000e+00
1.692156410217285156e+01,1.307312393188476562e+01,1.700000000000000000e+01,0.000000000000000000e+00
1.645637130737304688e+01,1.304434394836425781e+01,1.700000000000000000e+01,0.000000000000000000e+00
1.571968269348144531e+01,1.313967037200927734e+01,1.700000000000000000e+01,0.000000000000000000e+00
1.569883251190185547e+01,1.295200920104980469e+01,1.700000000000000000e+01,0.000000000000000000e+00
1.708067131042480469e+01,1.299040412902832031e+01,1.700000000000000000e+01,0.000000000000000000e+00
1.691942596435546875e+01,1.304009914398193359e+01,1.700000000000000000e+01,0.000000000000000000e+00
1.691028594970703125e+01,1.280392074584960938e+01,9.000000000000000000e+00,0.000000000000000000e+00
1.610988044738769531e+01,1.307402801513671875e+01,1.700000000000000000e+01,0.000000000000000000e+00
1.654091644287109375e+01,1.300663471221923828e+01,1.700000000000000000e+01,0.000000000000000000e+00
1.696800231933593750e+01,1.253967761993408203e+01,1.700000000000000000e+01,0.000000000000000000e+00
1.770814323425292969e+01,1.112549686431884766e+01,9.000000000000000000e+00,0.000000000000000000e+00
1.705692291259765625e+01,1.261851978302001953e+01,1.700000000000000000e+01,0.000000000000000000e+00
1.682836341857910156e+01,1.311368370056152344e+01,1.700000000000000000e+01,0.000000000000000000e+00
1.674663734436035156e+01,1.258236885070800781e+01,1.700000000000000000e+01,0.000000000000000000e+00
1.570341396331787109e+01,1.311868095397949219e+01,1.700000000000000000e+01,0.000000000000000000e+00
1.571952056884765625e+01,1.294969844818115234e+01,1.700000000000000000e+01,0.000000000000000000e+00
1.672985458374023438e+01,1.309008121490478516e+01,1.700000000000000000e+01,0.000000000000000000e+00
1.604155731201171875e+01,1.277893829345703125e+01,1.700000000000000000e+01,0.000000000000000000e+00
1.685186576843261719e+01,1.253269672393798828e+01,1.700000000000000000e+01,0.000000000000000000e+00
1.594763183593750000e+01,1.281360054016113281e+01,1.700000000000000000e+01,0.000000000000000000e+00
1.594349956512451172e+01,1.278903675079345703e+01,1.700000000000000000e+01,0.000000000000000000e+00
1.601308250427246094e+01,1.301851367950439453e+01,1.700000000000000000e+01,0.000000000000000000e+00
1.583874702453613281e+01,1.295667552947998047e+01,1.700000000000000000e+01,0.000000000000000000e+00
1.573690795898437500e+01,1.285182094573974609e+01,1.700000000000000000e+01,0.000000000000000000e+00
1.646685981750488281e+01,1.301750087738037109e+01,1.700000000000000000e+01,0.000000000000000000e+00
1.583255386352539062e+01,1.313807582855224609e+01,1.700000000000000000e+01,0.000000000000000000e+00
1.616423416137695312e+01,1.299037837982177734e+01,1.700000000000000000e+01,0.000000000000000000e+00
1.579576015472412109e+01,1.318464374542236328e+01,1.700000000000000000e+01,0.000000000000000000e+00
1.685695838928222656e+01,1.282322788238525391e+01,9.000000000000000000e+00,0.000000000000000000e+00
1.585263061523437500e+01,1.315928840637207031e+01,1.700000000000000000e+01,0.000000000000000000e+00
1.573905658721923828e+01,1.305634307861328125e+01,1.700000000000000000e+01,0.000000000000000000e+00
1.576185226440429688e+01,1.310411071777343750e+01,1.700000000000000000e+01,0.000000000000000000e+00
1.621127700805664062e+01,1.303894233703613281e+01,1.700000000000000000e+01,0.000000000000000000e+00
1.587080955505371094e+01,1.285729694366455078e+01,1.700000000000000000e+01,0.000000000000000000e+00
1.577825260162353516e+01,1.293762779235839844e+01,1.700000000000000000e+01,0.000000000000000000e+00
1.626310348510742188e+01,1.299836158752441406e+01,1.700000000000000000e+01,0.000000000000000000e+00
1.574091529846191406e+01,1.300529956817626953e+01,1.700000000000000000e+01,0.000000000000000000e+00
1.592810726165771484e+01,1.282568740844726562e+01,1.700000000000000000e+01,0.000000000000000000e+00
1.630073356628417969e+01,1.309010410308837891e+01,1.700000000000000000e+01,0.000000000000000000e+00
1.663988876342773438e+01,1.293671417236328125e+01,1.700000000000000000e+01,0.000000000000000000e+00
1.689368057250976562e+01,1.255309200286865234e+01,1.700000000000000000e+01,0.000000000000000000e+00
1.703365516662597656e+01,1.259084129333496094e+01,1.700000000000000000e+01,0.000000000000000000e+00
1.801902961730957031e+01,1.227694892883300781e+01,9.000000000000000000e+00,0.000000000000000000e+00
1.575518608093261719e+01,1.295874786376953125e+01,1.700000000000000000e+01,0.000000000000000000e+00
1.658096122741699219e+01,1.304456233978271484e+01,1.700000000000000000e+01,0.000000000000000000e+00
1.706872558593750000e+01,1.302001953125000000e+01,1.700000000000000000e+01,0.000000000000000000e+00
1.673453712463378906e+01,1.259346485137939453e+01,1.700000000000000000e+01,0.000000000000000000e+00
1.622120285034179688e+01,1.289099216461181641e+01,1.700000000000000000e+01,0.000000000000000000e+00
1.571546459197998047e+01,1.315795612335205078e+01,1.700000000000000000e+01,0.000000000000000000e+00
1.711137580871582031e+01,1.298981094360351562e+01,1.700000000000000000e+01,0.000000000000000000e+00
1.673879241943359375e+01,1.259169483184814453e+01,1.700000000000000000e+01,0.000000000000000000e+00
1.698990631103515625e+01,1.305257225036621094e+01,1.700000000000000000e+01,0.000000000000000000e+00
1.782338142395019531e+01,1.110989665985107422e+01,9.000000000000000000e+00,0.000000000000000000e+00
1.672009468078613281e+01,1.297903347015380859e+01,1.700000000000000000e+01,0.000000000000000000e+00
1.698293113708496094e+01,1.306094741821289062e+01,1.700000000000000000e+01,0.000000000000000000e+00
1.580751514434814453e+01,1.299380397796630859e+01,1.700000000000000000e+01,0.000000000000000000e+00
1.581405353546142578e+01,1.316143989562988281e+01,1.700000000000000000e+01,0.000000000000000000e+00
1.599406814575195312e+01,1.279426765441894531e+01,1.700000000000000000e+01,0.000000000000000000e+00
1.625143432617187500e+01,1.307063770294189453e+01,1.700000000000000000e+01,0.000000000000000000e+00
1.664538383483886719e+01,1.317407321929931641e+01,9.000000000000000000e+00,0.000000000000000000e+00
1.579965400695800781e+01,1.289380359649658203e+01,1.700000000000000000e+01,0.000000000000000000e+00
1.706309700012207031e+01,1.301819610595703125e+01,1.700000000000000000e+01,0.000000000000000000e+00
1.648871231079101562e+01,1.291362285614013672e+01,1.700000000000000000e+01,0.000000000000000000e+00
8.525120735168457031e+00,1.043895912170410156e+01,2.200000000000000000e+01,1.000000000000000000e+00
9.110092163085937500e+00,1.125115394592285156e+01,2.600000000000000000e+01,1.000000000000000000e+00
8.495457649230957031e+00,1.047076225280761719e+01,2.200000000000000000e+01,1.000000000000000000e+00
9.245795249938964844e+00,1.025031566619873047e+01,2.600000000000000000e+01,1.000000000000000000e+00
9.082296371459960938e+00,1.055801105499267578e+01,9.000000000000000000e+00,1.000000000000000000e+00
9.156167984008789062e+00,1.044663906097412109e+01,2.600000000000000000e+01,1.000000000000000000e+00
8.598815917968750000e+00,1.064568901062011719e+01,9.000000000000000000e+00,1.000000000000000000e+00
9.290300369262695312e+00,1.075429821014404297e+01,9.000000000000000000e+00,1.000000000000000000e+00
9.253608703613281250e+00,1.045290088653564453e+01,2.600000000000000000e+01,1.000000000000000000e+00
8.973067283630371094e+00,1.031912231445312500e+01,2.600000000000000000e+01,1.000000000000000000e+00
8.958517074584960938e+00,1.037685871124267578e+01,9.000000000000000000e+00,1.000000000000000000e+00
9.263585090637207031e+00,1.083075523376464844e+01,2.600000000000000000e+01,1.000000000000000000e+00
8.511181831359863281e+00,1.049028396606445312e+01,2.200000000000000000e+01,1.000000000000000000e+00
9.035354614257812500e+00,1.116343688964843750e+01,9.000000000000000000e+00,1.000000000000000000e+00
9.163279533386230469e+00,1.019434070587158203e+01,2.600000000000000000e+01,1.000000000000000000e+00
8.511511802673339844e+00,1.045356559753417969e+01,2.200000000000000000e+01,1.000000000000000000e+00
9.101733207702636719e+00,1.044498252868652344e+01,2.600000000000000000e+01,1.000000000000000000e+00
9.027790069580078125e+00,1.125013637542724609e+01,2.600000000000000000e+01,1.000000000000000000e+00
9.284230232238769531e+00,1.018650722503662109e+01,2.600000000000000000e+01,1.000000000000000000e+00
8.763914108276367188e+00,1.028972148895263672e+01,9.000000000000000000e+00,1.000000000000000000e+00
8.591426849365234375e+00,1.050543689727783203e+01,9.000000000000000000e+00,1.000000000000000000e+00
8.800708770751953125e+00,1.030101108551025391e+01,9.000000000000000000e+00,1.000000000000000000e+00
9.248754501342773438e+00,1.039323902130126953e+01,2.600000000000000000e+01,1.000000000000000000e+00
8.376955986022949219e+00,1.066258335113525391e+01,9.000000000000000000e+00,1.000000000000000000e+00
8.515575408935546875e+00,1.032572555541992188e+01,9.000000000000000000e+00,1.000000000000000000e+00
8.563093185424804688e+00,1.032744503021240234e+01,2.200000000000000000e+01,1.000000000000000000e+00
9.195149421691894531e+00,1.098882770538330078e+01,9.000000000000000000e+00,1.000000000000000000e+00
9.068091392517089844e+00,1.056034278869628906e+01,2.600000000000000000e+01,1.000000000000000000e+00
9.172571182250976562e+00,1.101653480529785156e+01,9.000000000000000000e+00,1.000000000000000000e+00
9.059451103210449219e+00,1.121022987365722656e+01,9.000000000000000000e+00,1.000000000000000000e+00
9.353855133056640625e+00,1.065410232543945312e+01,9.000000000000000000e+00,1.000000000000000000e+00
9.301887512207031250e+00,1.029805374145507812e+01,2.600000000000000000e+01,1.000000000000000000e+00
8.766704559326171875e+00,1.064070987701416016e+01,9.000000000000000000e+00,1.000000000000000000e+00
9.127924919128417969e+00,1.057195758819580078e+01,9.000000000000000000e+00,1.000000000000000000e+00
9.234246253967285156e+00,1.009815216064453125e+01,9.000000000000000000e+00,1.000000000000000000e+00
9.298419952392578125e+00,1.060671329498291016e+01,2.600000000000000000e+01,1.000000000000000000e+00
8.985567092895507812e+00,1.031443405151367188e+01,9.000000000000000000e+00,1.000000000000000000e+00
9.106601715087890625e+00,1.046966361999511719e+01,2.600000000000000000e+01,1.000000000000000000e+00
8.891802787780761719e+00,1.117205715179443359e+01,9.000000000000000000e+00,1.000000000000000000e+00
8.692578315734863281e+00,1.071784877777099609e+01,9.000000000000000000e+00,1.000000000000000000e+00
9.297128677368164062e+00,1.013558006286621094e+01,2.600000000000000000e+01,1.000000000000000000e+00
8.359296798706054688e+00,1.000131225585937500e+01,9.000000000000000000e+00,1.000000000000000000e+00
8.549682617187500000e+00,1.070072078704833984e+01,9.000000000000000000e+00,1.000000000000000000e+00
9.305069923400878906e+00,1.031878185272216797e+01,2.600000000000000000e+01,1.000000000000000000e+00
8.980695724487304688e+00,1.036110496520996094e+01,2.600000000000000000e+01,1.000000000000000000e+00
8.310335159301757812e+00,1.009284496307373047e+01,9.000000000000000000e+00,1.000000000000000000e+00
9.291817665100097656e+00,1.079162311553955078e+01,9.000000000000000000e+00,1.000000000000000000e+00
8.542950630187988281e+00,1.045602607727050781e+01,9.000000000000000000e+00,1.000000000000000000e+00
9.275788307189941406e+00,1.059443855285644531e+01,2.600000000000000000e+01,1.000000000000000000e+00
8.667963027954101562e+00,1.061296367645263672e+01,9.000000000000000000e+00,1.000000000000000000e+00
9.067664146423339844e+00,1.122844886779785156e+01,2.600000000000000000e+01,1.000000000000000000e+00
9.037918090820312500e+00,1.038141345977783203e+01,2.600000000000000000e+01,1.000000000000000000e+00
9.270257949829101562e+00,1.021170616149902344e+01,2.600000000000000000e+01,1.000000000000000000e+00
9.290703773498535156e+00,1.043765735626220703e+01,2.600000000000000000e+01,1.000000000000000000e+00
9.261045455932617188e+00,1.008657550811767578e+01,2.600000000000000000e+01,1.000000000000000000e+00
8.525359153747558594e+00,1.045948886871337891e+01,2.200000000000000000e+01,1.000000000000000000e+00
9.276245117187500000e+00,1.048266601562500000e+01,2.600000000000000000e+01,1.000000000000000000e+00
9.282612800598144531e+00,1.012871837615966797e+01,2.600000000000000000e+01,1.000000000000000000e+00
8.554655075073242188e+00,1.064884376525878906e+01,9.000000000000000000e+00,1.000000000000000000e+00
9.276455879211425781e+00,1.019554615020751953e+01,2.600000000000000000e+01,1.000000000000000000e+00
9.049435615539550781e+00,1.119951534271240234e+01,9.000000000000000000e+00,1.000000000000000000e+00
9.221553802490234375e+00,1.048354434967041016e+01,2.600000000000000000e+01,1.000000000000000000e+00
8.906346321105957031e+00,1.139984703063964844e+01,9.000000000000000000e+00,1.000000000000000000e+00
8.294445991516113281e+00,1.008003044128417969e+01,9.000000000000000000e+00,1.000000000000000000e+00
8.280851364135742188e+00,1.005469131469726562e+01,9.000000000000000000e+00,1.000000000000000000e+00
8.659794807434082031e+00,1.071570396423339844e+01,9.000000000000000000e+00,1.000000000000000000e+00
9.247156143188476562e+00,1.008387660980224609e+01,9.000000000000000000e+00,1.000000000000000000e+00
8.595387458801269531e+00,1.047351264953613281e+01,9.000000000000000000e+00,1.000000000000000000e+00
9.193204879760742188e+00,1.009996891021728516e+01,2.600000000000000000e+01,1.000000000000000000e+00
9.044978141784667969e+00,1.057495689392089844e+01,9.000000000000000000e+00,1.000000000000000000e+00
8.964303970336914062e+00,1.146558761596679688e+01,9.000000000000000000e+00,1.000000000000000000e+00
9.076579093933105469e+00,1.039734649658203125e+01,2.600000000000000000e+01,1.000000000000000000e+00
9.154595375061035156e+00,1.024160099029541016e+01,9.000000000000000000e+00,1.000000000000000000e+00
8.453617095947265625e+00,1.037820243835449219e+01,9.000000000000000000e+00,1.000000000000000000e+00
8.995817184448242188e+00,1.039657211303710938e+01,2.600000000000000000e+01,1.000000000000000000e+00
9.268640518188476562e+00,1.035502910614013672e+01,2.600000000000000000e+01,1.000000000000000000e+00
8.660336494445800781e+00,1.067032527923583984e+01,9.000000000000000000e+00,1.000000000000000000e+00
8.520696640014648438e+00,1.038834667205810547e+01,2.200000000000000000e+01,1.000000000000000000e+00
8.883713722229003906e+00,1.123300170898437500e+01,9.000000000000000000e+00,1.000000000000000000e+00
8.504144668579101562e+00,1.042326831817626953e+01,9.000000000000000000e+00,1.000000000000000000e+00
8.677640914916992188e+00,1.070792007446289062e+01,9.000000000000000000e+00,1.000000000000000000e+00
9.233077049255371094e+00,1.012771987915039062e+01,2.600000000000000000e+01,1.000000000000000000e+00
9.278499603271484375e+00,1.075469303131103516e+01,9.000000000000000000e+00,1.000000000000000000e+00
9.041803359985351562e+00,1.051441669464111328e+01,2.600000000000000000e+01,1.000000000000000000e+00
9.110356330871582031e+00,1.013954544067382812e+01,9.000000000000000000e+00,1.000000000000000000e+00
9.226254463195800781e+00,1.048853015899658203e+01,2.600000000000000000e+01,1.000000000000000000e+00
8.533035278320312500e+00,1.044457244873046875e+01,2.200000000000000000e+01,1.000000000000000000e+00
8.510690689086914062e+00,1.043293571472167969e+01,2.200000000000000000e+01,1.000000000000000000e+00
9.050631523132324219e+00,1.035163784027099609e+01,2.600000000000000000e+01,1.000000000000000000e+00
8.624984741210937500e+00,1.071650886535644531e+01,9.000000000000000000e+00,1.000000000000000000e+00
9.062719345092773438e+00,1.044058704376220703e+01,2.600000000000000000e+01,1.000000000000000000e+00
9.203629493713378906e+00,1.099522304534912109e+01,2.600000000000000000e+01,1.000000000000000000e+00
8.536013603210449219e+00,1.042417049407958984e+01,2.200000000000000000e+01,1.000000000000000000e+00
9.287474632263183594e+00,1.023420047760009766e+01,2.600000000000000000e+01,1.000000000000000000e+00
9.276387214660644531e+00,1.038089847564697266e+01,2.600000000000000000e+01,1.000000000000000000e+00
8.869788169860839844e+00,1.028968238830566406e+01,9.000000000000000000e+00,1.000000000000000000e+00
9.278543472290039062e+00,1.022832202911376953e+01,2.600000000000000000e+01,1.000000000000000000e+00
9.059563636779785156e+00,1.124040126800537109e+01,2.600000000000000000e+01,1.000000000000000000e+00
9.210391044616699219e+00,1.012148284912109375e+01,2.600000000000000000e+01,1.000000000000000000e+00
9.200225830078125000e+00,1.100575256347656250e+01,9.000000000000000000e+00,1.000000000000000000e+00
9.199687004089355469e+00,1.098627567291259766e+01,9.000000000000000000e+00,1.000000000000000000e+00
9.252651214599609375e+00,1.060551071166992188e+01,2.600000000000000000e+01,1.000000000000000000e+00
8.996957778930664062e+00,1.041219329833984375e+01,2.600000000000000000e+01,1.000000000000000000e+00
9.282945632934570312e+00,1.063265419006347656e+01,2.600000000000000000e+01,1.000000000000000000e+00
8.913444519042968750e+00,1.022356414794921875e+01,9.000000000000000000e+00,1.000000000000000000e+00
9.218509674072265625e+00,1.099569988250732422e+01,9.000000000000000000e+00,1.000000000000000000e+00
9.174385070800781250e+00,1.046791744232177734e+01,2.600000000000000000e+01,1.000000000000000000e+00
8.285552024841308594e+00,1.008178329467773438e+01,9.000000000000000000e+00,1.000000000000000000e+00
9.150852203369140625e+00,1.054569816589355469e+01,2.600000000000000000e+01,1.000000000000000000e+00
9.186793327331542969e+00,1.012446689605712891e+01,9.000000000000000000e+00,1.000000000000000000e+00
8.554135322570800781e+00,1.061451435089111328e+01,9.000000000000000000e+00,1.000000000000000000e+00
8.618828773498535156e+00,1.052450656890869141e+01,9.000000000000000000e+00,1.000000000000000000e+00
9.154527664184570312e+00,1.019833278656005859e+01,9.000000000000000000e+00,1.000000000000000000e+00
8.887907981872558594e+00,1.041186237335205078e+01,9.000000000000000000e+00,1.000000000000000000e+00
9.228479385375976562e+00,1.013748264312744141e+01,2.600000000000000000e+01,1.000000000000000000e+00
8.294159889221191406e+00,1.006934833526611328e+01,9.000000000000000000e+00,1.000000000000000000e+00
8.497154235839843750e+00,1.046029567718505859e+01,9.000000000000000000e+00,1.000000000000000000e+00
9.018751144409179688e+00,1.031494140625000000e+01,9.000000000000000000e+00,1.000000000000000000e+00
8.675979614257812500e+00,1.062516403198242188e+01,9.000000000000000000e+00,1.000000000000000000e+00
8.299125671386718750e+00,1.006519412994384766e+01,9.000000000000000000e+00,1.000000000000000000e+00
8.704560279846191406e+00,1.079110336303710938e+01,9.000000000000000000e+00,1.000000000000000000e+00
9.295982360839843750e+00,1.052065277099609375e+01,2.600000000000000000e+01,1.000000000000000000e+00
8.836910247802734375e+00,1.115072345733642578e+01,9.000000000000000000e+00,1.000000000000000000e+00
8.432186126708984375e+00,1.043904209136962891e+01,9.000000000000000000e+00,1.000000000000000000e+00
9.059462547302246094e+00,1.121057128906250000e+01,9.000000000000000000e+00,1.000000000000000000e+00
9.263810157775878906e+00,1.009336471557617188e+01,9.000000000000000000e+00,1.000000000000000000e+00
9.315325736999511719e+00,1.008483600616455078e+01,9.000000000000000000e+00,1.000000000000000000e+00
8.515844345092773438e+00,1.049414920806884766e+01,2.200000000000000000e+01,1.000000000000000000e+00
9.237734794616699219e+00,1.005928707122802734e+01,9.000000000000000000e+00,1.000000000000000000e+00
8.567544937133789062e+00,1.034951210021972656e+01,9.000000000000000000e+00,1.000000000000000000e+00
9.321945190429687500e+00,1.057985973358154297e+01,2.600000000000000000e+01,1.000000000000000000e+00
8.704862594604492188e+00,1.034227085113525391e+01,9.000000000000000000e+00,1.000000000000000000e+00
9.245137214660644531e+00,1.047778415679931641e+01,2.600000000000000000e+01,1.000000000000000000e+00
9.284952163696289062e+00,1.018973064422607422e+01,2.600000000000000000e+01,1.000000000000000000e+00
8.807763099670410156e+00,1.062874317169189453e+01,9.000000000000000000e+00,1.000000000000000000e+00
7.487103462219238281e+00,2.031308650970458984e+00,9.000000000000000000e+00,1.000000000000000000e+00
8.691623687744140625e+00,1.042124176025390625e+01,9.000000000000000000e+00,1.000000000000000000e+00
9.257250785827636719e+00,1.046313571929931641e+01,2.600000000000000000e+01,1.000000000000000000e+00
8.989981651306152344e+00,1.163653945922851562e+01,9.000000000000000000e+00,1.000000000000000000e+00
8.272030830383300781e+00,1.005926799774169922e+01,9.000000000000000000e+00,1.000000000000000000e+00
9.221259117126464844e+00,1.007094860076904297e+01,2.600000000000000000e+01,1.000000000000000000e+00
8.293934822082519531e+00,1.007788181304931641e+01,9.000000000000000000e+00,1.000000000000000000e+00
9.296973228454589844e+00,1.018050670623779297e+01,2.600000000000000000e+01,1.000000000000000000e+00
9.213432312011718750e+00,1.049937629699707031e+01,2.600000000000000000e+01,1.000000000000000000e+00
9.065481185913085938e+00,1.050993156433105469e+01,2.600000000000000000e+01,1.000000000000000000e+00
9.009026527404785156e+00,1.124860668182373047e+01,9.000000000000000000e+00,1.000000000000000000e+00
9.003148078918457031e+00,1.026917648315429688e+01,9.000000000000000000e+00,1.000000000000000000e+00
9.293894767761230469e+00,1.005888557434082031e+01,9.000000000000000000e+00,1.000000000000000000e+00
8.478666305541992188e+00,1.045400810241699219e+01,2.200000000000000000e+01,1.000000000000000000e+00
9.240016937255859375e+00,1.012483978271484375e+01,2.600000000000000000e+01,1.000000000000000000e+00
8.658286094665527344e+00,1.065872955322265625e+01,9.000000000000000000e+00,1.000000000000000000e+00
9.214243888854980469e+00,1.013645172119140625e+01,2.600000000000000000e+01,1.000000000000000000e+00
9.160675048828125000e+00,1.055936813354492188e+01,9.000000000000000000e+00,1.000000000000000000e+00
9.245875358581542969e+00,1.061093997955322266e+01,2.600000000000000000e+01,1.000000000000000000e+00
9.255240440368652344e+00,1.012213897705078125e+01,2.600000000000000000e+01,1.000000000000000000e+00
8.312284469604492188e+00,1.012317562103271484e+01,9.000000000000000000e+00,1.000000000000000000e+00
9.328965187072753906e+00,1.016156196594238281e+01,9.000000000000000000e+00,1.000000000000000000e+00
9.300272941589355469e+00,1.029536151885986328e+01,2.600000000000000000e+01,1.000000000000000000e+00
9.264654159545898438e+00,1.078130626678466797e+01,9.000000000000000000e+00,1.000000000000000000e+00
9.299125671386718750e+00,1.055085945129394531e+01,2.600000000000000000e+01,1.000000000000000000e+00
8.530578613281250000e+00,1.045480155944824219e+01,9.000000000000000000e+00,1.000000000000000000e+00
9.140033721923828125e+00,1.053430843353271484e+01,9.000000000000000000e+00,1.000000000000000000e+00
9.266261100769042969e+00,1.066500759124755859e+01,2.600000000000000000e+01,1.000000000000000000e+00
9.246224403381347656e+00,1.067536354064941406e+01,9.000000000000000000e+00,1.000000000000000000e+00
9.198095321655273438e+00,1.055285072326660156e+01,2.600000000000000000e+01,1.000000000000000000e+00
9.174325942993164062e+00,1.008232307434082031e+01,9.000000000000000000e+00,1.000000000000000000e+00
8.390495300292968750e+00,1.029197788238525391e+01,9.000000000000000000e+00,1.000000000000000000e+00
8.458324432373046875e+00,1.062440204620361328e+01,9.000000000000000000e+00,1.000000000000000000e+00
8.996767044067382812e+00,1.237940979003906250e+01,9.000000000000000000e+00,1.000000000000000000e+00
8.471163749694824219e+00,1.046699905395507812e+01,2.200000000000000000e+01,1.000000000000000000e+00
9.293215751647949219e+00,1.066029453277587891e+01,9.000000000000000000e+00,1.000000000000000000e+00
9.108938217163085938e+00,1.113405895233154297e+01,9.000000000000000000e+00,1.000000000000000000e+00
9.291212081909179688e+00,1.012328910827636719e+01,2.600000000000000000e+01,1.000000000000000000e+00
8.909560203552246094e+00,1.035994338989257812e+01,9.000000000000000000e+00,1.000000000000000000e+00
9.196952819824218750e+00,1.009493827819824219e+01,2.600000000000000000e+01,1.000000000000000000e+00
8.710058212280273438e+00,1.047574043273925781e+01,9.000000000000000000e+00,1.000000000000000000e+00
8.943100929260253906e+00,1.037877178192138672e+01,2.600000000000000000e+01,1.000000000000000000e+00
8.724599838256835938e+00,1.083920574188232422e+01,9.000000000000000000e+00,1.000000000000000000e+00
9.008739471435546875e+00,1.031621265411376953e+01,2.600000000000000000e+01,1.000000000000000000e+00
9.283614158630371094e+00,1.013285923004150391e+01,9.000000000000000000e+00,1.000000000000000000e+00
8.969452857971191406e+00,1.035093879699707031e+01,2.600000000000000000e+01,1.000000000000000000e+00
9.257562637329101562e+00,1.013529682159423828e+01,2.600000000000000000e+01,1.000000000000000000e+00
9.347369194030761719e+00,1.018878269195556641e+01,9.000000000000000000e+00,1.000000000000000000e+00
9.292409896850585938e+00,1.035092544555664062e+01,2.600000000000000000e+01,1.000000000000000000e+00
8.921793937683105469e+00,1.032615375518798828e+01,2.600000000000000000e+01,1.000000000000000000e+00
8.305474281311035156e+00,1.007950305938720703e+01,9.000000000000000000e+00,1.000000000000000000e+00
9.313987731933593750e+00,1.051776313781738281e+01,2.600000000000000000e+01,1.000000000000000000e+00
9.215203285217285156e+00,1.008457374572753906e+01,9.000000000000000000e+00,1.000000000000000000e+00
8.894159317016601562e+00,1.100783920288085938e+01,9.000000000000000000e+00,1.000000000000000000e+00
9.008708953857421875e+00,1.018392467498779297e+01,9.000000000000000000e+00,1.000000000000000000e+00
9.175749778747558594e+00,1.015912437438964844e+01,2.600000000000000000e+01,1.000000000000000000e+00
8.888843536376953125e+00,1.041358184814453125e+01,9.000000000000000000e+00,1.000000000000000000e+00
8.582606315612792969e+00,1.047868633270263672e+01,9.000000000000000000e+00,1.000000000000000000e+00
9.271419525146484375e+00,1.029847812652587891e+01,2.600000000000000000e+01,1.000000000000000000e+00
8.853878021240234375e+00,1.066714382171630859e+01,9.000000000000000000e+00,1.000000000000000000e+00
9.099775314331054688e+00,1.121027374267578125e+01,2.600000000000000000e+01,1.000000000000000000e+00
9.235713005065917969e+00,1.048565006256103516e+01,2.600000000000000000e+01,1.000000000000000000e+00
9.084499359130859375e+00,1.118475246429443359e+01,9.000000000000000000e+00,1.000000000000000000e+00
8.605990409851074219e+00,1.042488098144531250e+01,9.000000000000000000e+00,1.000000000000000000e+00
8.841841697692871094e+00,1.031641292572021484e+01,9.000000000000000000e+00,1.000000000000000000e+00
8.750925064086914062e+00,1.029920768737792969e+01,9.000000000000000000e+00,1.000000000000000000e+00
9.311233520507812500e+00,1.075019931793212891e+01,9.000000000000000000e+00,1.000000000000000000e+00
8.570652008056640625e+00,1.070588779449462891e+01,9.000000000000000000e+00,1.000000000000000000e+00
9.292254447937011719e+00,1.066495895385742188e+01,2.600000000000000000e+01,1.000000000000000000e+00
9.240817070007324219e+00,1.030116653442382812e+01,2.600000000000000000e+01,1.000000000000000000e+00
9.262698173522949219e+00,1.011469650268554688e+01,2.600000000000000000e+01,1.000000000000000000e+00
8.618405342102050781e+00,1.073285579681396484e+01,9.000000000000000000e+00,1.000000000000000000e+00
9.180464744567871094e+00,1.019318008422851562e+01,2.600000000000000000e+01,1.000000000000000000e+00
8.748160362243652344e+00,1.030132198333740234e+01,9.000000000000000000e+00,1.000000000000000000e+00
8.669981956481933594e+00,1.041622066497802734e+01,9.000000000000000000e+00,1.000000000000000000e+00
1.844518089294433594e+01,2.125886678695678711e+00,1.200000000000000000e+01,1.000000000000000000e+00
1.936322593688964844e+01,2.475421905517578125e+00,1.200000000000000000e+01,1.000000000000000000e+00
1.831708335876464844e+01,2.274020433425903320e+00,1.200000000000000000e+01,1.000000000000000000e+00
1.939572334289550781e+01,2.725984096527099609e+00,1.200000000000000000e+01,1.000000000000000000e+00
1.930496788024902344e+01,2.301592588424682617e+00,1.200000000000000000e+01,1.000000000000000000e+00
1.930948257446289062e+01,2.338644027709960938e+00,1.200000000000000000e+01,1.000000000000000000e+00
1.939057350158691406e+01,2.401179790496826172e+00,1.200000000000000000e+01,1.000000000000000000e+00
1.873362922668457031e+01,1.331335544586181641e+00,1.200000000000000000e+01,1.000000000000000000e+00
1.931896209716796875e+01,2.291765451431274414e+00,1.200000000000000000e+01,1.000000000000000000e+00
1.964426422119140625e+01,2.923962354660034180e+00,1.200000000000000000e+01,1.000000000000000000e+00
1.923394393920898438e+01,2.550017833709716797e+00,1.200000000000000000e+01,1.000000000000000000e+00
1.873949623107910156e+01,1.347451806068420410e+00,1.200000000000000000e+01,1.000000000000000000e+00
1.946199226379394531e+01,2.745442152023315430e+00,1.200000000000000000e+01,1.000000000000000000e+00
1.962376594543457031e+01,2.972816467285156250e+00,1.200000000000000000e+01,1.000000000000000000e+00
1.960544395446777344e+01,2.991405248641967773e+00,1.200000000000000000e+01,1.000000000000000000e+00
1.934355926513671875e+01,2.684407234191894531e+00,1.200000000000000000e+01,1.000000000000000000e+00
1.926086997985839844e+01,2.358357429504394531e+00,1.200000000000000000e+01,1.000000000000000000e+00
1.954060554504394531e+01,2.959796905517578125e+00,1.200000000000000000e+01,1.000000000000000000e+00
1.948515510559082031e+01,2.779954433441162109e+00,1.200000000000000000e+01,1.000000000000000000e+00
1.832505607604980469e+01,2.241395950317382812e+00,1.200000000000000000e+01,1.000000000000000000e+00
1.956015968322753906e+01,2.802064657211303711e+00,1.200000000000000000e+01,1.000000000000000000e+00
1.779019546508789062e+01,1.121915149688720703e+01,9.000000000000000000e+00,1.000000000000000000e+00
1.950567817687988281e+01,2.920724868774414062e+00,1.200000000000000000e+01,1.000000000000000000e+00
1.967497253417968750e+01,3.021949529647827148e+00,1.200000000000000000e+01,1.000000000000000000e+00
1.930553817749023438e+01,2.333344936370849609e+00,1.200000000000000000e+01,1.000000000000000000e+00
1.850876426696777344e+01,2.174161195755004883e+00,1.200000000000000000e+01,1.000000000000000000e+00
1.927219200134277344e+01,2.300391674041748047e+00,1.200000000000000000e+01,1.000000000000000000e+00
1.841397476196289062e+01,2.140659332275390625e+00,1.200000000000000000e+01,1.000000000000000000e+00
1.960458374023437500e+01,2.893114805221557617e+00,1.200000000000000000e+01,1.000000000000000000e+00
1.927025032043457031e+01,2.409640073776245117e+00,1.200000000000000000e+01,1.000000000000000000e+00
1.849592018127441406e+01,2.067163705825805664e+00,1.200000000000000000e+01,1.000000000000000000e+00
1.835070610046386719e+01,2.207876920700073242e+00,1.200000000000000000e+01,1.000000000000000000e+00
1.937596702575683594e+01,2.790575981140136719e+00,1.200000000000000000e+01,1.000000000000000000e+00
1.931495094299316406e+01,2.283234357833862305e+00,1.200000000000000000e+01,1.000000000000000000e+00
1.838115119934082031e+01,2.179011583328247070e+00,1.200000000000000000e+01,1.000000000000000000e+00
1.774963951110839844e+01,1.050460338592529297e+01,9.000000000000000000e+00,1.000000000000000000e+00
1.930875778198242188e+01,2.715093135833740234e+00,1.200000000000000000e+01,1.000000000000000000e+00
1.931505966186523438e+01,2.341516494750976562e+00,1.200000000000000000e+01,1.000000000000000000e+00
1.848917961120605469e+01,2.091534137725830078e+00,1.200000000000000000e+01,1.000000000000000000e+00
1.928185081481933594e+01,2.633435726165771484e+00,1.200000000000000000e+01,1.000000000000000000e+00
1.850514793395996094e+01,2.098058938980102539e+00,1.200000000000000000e+01,1.000000000000000000e+00
1.931976127624511719e+01,2.425152301788330078e+00,1.200000000000000000e+01,1.000000000000000000e+00
1.873806571960449219e+01,1.318418741226196289e+00,1.200000000000000000e+01,1.000000000000000000e+00
1.958572578430175781e+01,2.947671413421630859e+00,1.200000000000000000e+01,1.000000000000000000e+00
1.849573135375976562e+01,2.080540657043457031e+00,1.200000000000000000e+01,1.000000000000000000e+00
1.933304405212402344e+01,2.302368402481079102e+00,1.200000000000000000e+01,1.000000000000000000e+00
1.925634384155273438e+01,2.595863819122314453e+00,1.200000000000000000e+01,1.000000000000000000e+00
1.850070953369140625e+01,2.073558568954467773e+00,1.200000000000000000e+01,1.000000000000000000e+00
1.934314346313476562e+01,2.297716379165649414e+00,1.200000000000000000e+01,1.000000000000000000e+00
1.930967521667480469e+01,2.303337335586547852e+00,1.200000000000000000e+01,1.000000000000000000e+00
1.928083992004394531e+01,2.444881439208984375e+00,1.200000000000000000e+01,1.000000000000000000e+00
1.874137687683105469e+01,1.316526532173156738e+00,1.200000000000000000e+01,1.000000000000000000e+00
1.958521461486816406e+01,2.973738431930541992e+00,1.200000000000000000e+01,1.000000000000000000e+00
1.965194511413574219e+01,2.963467121124267578e+00,1.200000000000000000e+01,1.000000000000000000e+00
1.930378723144531250e+01,2.376485824584960938e+00,1.200000000000000000e+01,1.000000000000000000e+00
1.851190567016601562e+01,2.096757650375366211e+00,1.200000000000000000e+01,1.000000000000000000e+00
1.934156227111816406e+01,2.371800184249877930e+00,1.200000000000000000e+01,1.000000000000000000e+00
1.832198715209960938e+01,2.247338294982910156e+00,1.200000000000000000e+01,1.000000000000000000e+00
1.930396652221679688e+01,2.554873228073120117e+00,1.200000000000000000e+01,1.000000000000000000e+00
1.965295410156250000e+01,3.031096696853637695e+00,1.200000000000000000e+01,1.000000000000000000e+00
1.937047576904296875e+01,2.772910118103027344e+00,1.200000000000000000e+01,1.000000000000000000e+00
1.967016029357910156e+01,3.012842655181884766e+00,1.200000000000000000e+01,1.000000000000000000e+00
1.958680915832519531e+01,2.792946815490722656e+00,1.200000000000000000e+01,1.000000000000000000e+00
1.946691131591796875e+01,2.821598529815673828e+00,1.200000000000000000e+01,1.000000000000000000e+00
1.965410232543945312e+01,2.964252710342407227e+00,1.200000000000000000e+01,1.000000000000000000e+00
1.847108840942382812e+01,2.125720739364624023e+00,1.200000000000000000e+01,1.000000000000000000e+00
1.946293258666992188e+01,2.817499637603759766e+00,1.200000000000000000e+01,1.000000000000000000e+00
1.931062126159667969e+01,2.423492431640625000e+00,1.200000000000000000e+01,1.000000000000000000e+00
1.959697341918945312e+01,2.986621856689453125e+00,1.200000000000000000e+01,1.000000000000000000e+00
1.939402770996093750e+01,2.781893491744995117e+00,1.200000000000000000e+01,1.000000000000000000e+00
1.945689201354980469e+01,2.894184112548828125e+00,1.200000000000000000e+01,1.000000000000000000e+00
1.926435279846191406e+01,2.635446310043334961e+00,1.200000000000000000e+01,1.000000000000000000e+00
1.961915588378906250e+01,2.986449241638183594e+00,1.200000000000000000e+01,1.000000000000000000e+00
1.925441551208496094e+01,2.629674673080444336e+00,1.200000000000000000e+01,1.000000000000000000e+00
1.962660980224609375e+01,3.000571966171264648e+00,1.200000000000000000e+01,1.000000000000000000e+00
1.936960601806640625e+01,2.710477352142333984e+00,1.200000000000000000e+01,1.000000000000000000e+00
1.955039405822753906e+01,2.855380773544311523e+00,1.200000000000000000e+01,1.000000000000000000e+00
1.940831756591796875e+01,2.512229204177856445e+00,1.200000000000000000e+01,1.000000000000000000e+00
1.830707168579101562e+01,2.258513689041137695e+00,1.200000000000000000e+01,1.000000000000000000e+00
1.930382919311523438e+01,2.278807640075683594e+00,1.200000000000000000e+01,1.000000000000000000e+00
1.837220764160156250e+01,2.252848625183105469e+00,1.200000000000000000e+01,1.000000000000000000e+00
1.955604743957519531e+01,2.928380250930786133e+00,1.200000000000000000e+01,1.000000000000000000e+00
1.968089294433593750e+01,3.015027284622192383e+00,1.200000000000000000e+01,1.000000000000000000e+00
1.967736625671386719e+01,3.001919507980346680e+00,1.200000000000000000e+01,1.000000000000000000e+00
1.837310981750488281e+01,2.197557926177978516e+00,1.200000000000000000e+01,1.000000000000000000e+00
1.929987716674804688e+01,2.375552892684936523e+00,1.200000000000000000e+01,1.000000000000000000e+00
1.936204910278320312e+01,2.290745973587036133e+00,1.200000000000000000e+01,1.000000000000000000e+00
1.956369972229003906e+01,2.540652513504028320e+00,1.200000000000000000e+01,1.000000000000000000e+00
1.956399154663085938e+01,2.934429883956909180e+00,1.200000000000000000e+01,1.000000000000000000e+00
1.943062210083007812e+01,2.871591329574584961e+00,1.200000000000000000e+01,1.000000000000000000e+00
1.951503753662109375e+01,2.612604618072509766e+00,1.200000000000000000e+01,1.000000000000000000e+00
1.833764076232910156e+01,2.267750978469848633e+00,1.200000000000000000e+01,1.000000000000000000e+00
1.966340255737304688e+01,3.000666618347167969e+00,1.200000000000000000e+01,1.000000000000000000e+00
1.934737396240234375e+01,2.336342573165893555e+00,1.200000000000000000e+01,1.000000000000000000e+00
1.832492637634277344e+01,2.285048484802246094e+00,1.200000000000000000e+01,1.000000000000000000e+00
1.940677261352539062e+01,2.693467378616333008e+00,1.200000000000000000e+01,1.000000000000000000e+00
1.836059379577636719e+01,2.202553510665893555e+00,1.200000000000000000e+01,1.000000000000000000e+00
1.969655418395996094e+01,3.035738945007324219e+00,1.200000000000000000e+01,1.000000000000000000e+00
1.956850814819335938e+01,3.053715229034423828e+00,1.200000000000000000e+01,1.000000000000000000e+00
1.830441474914550781e+01,2.328114509582519531e+00,1.200000000000000000e+01,1.000000000000000000e+00
1.948000144958496094e+01,2.762730836868286133e+00,1.200000000000000000e+01,1.000000000000000000e+00
1.952349281311035156e+01,2.936529874801635742e+00,1.200000000000000000e+01,1.000000000000000000e+00
1.874113082885742188e+01,1.342388272285461426e+00,1.200000000000000000e+01,1.000000000000000000e+00
1.834266281127929688e+01,2.278303861618041992e+00,1.200000000000000000e+01,1.000000000000000000e+00
1.948252868652343750e+01,2.747604846954345703e+00,1.200000000000000000e+01,1.000000000000000000e+00
1.930509757995605469e+01,2.319207906723022461e+00,1.200000000000000000e+01,1.000000000000000000e+00
1.942770195007324219e+01,2.737558841705322266e+00,1.200000000000000000e+01,1.000000000000000000e+00
1.833124923706054688e+01,2.222464799880981445e+00,1.200000000000000000e+01,1.000000000000000000e+00
1.961462783813476562e+01,2.945354461669921875e+00,1.200000000000000000e+01,1.000000000000000000e+00
1.927844047546386719e+01,2.474857330322265625e+00,1.200000000000000000e+01,1.000000000000000000e+00
1.949733734130859375e+01,2.708454370498657227e+00,1.200000000000000000e+01,1.000000000000000000e+00
1.828209495544433594e+01,2.290817975997924805e+00,1.200000000000000000e+01,1.000000000000000000e+00
1.938022232055664062e+01,2.779512166976928711e+00,1.200000000000000000e+01,1.000000000000000000e+00
1.828145599365234375e+01,2.312328577041625977e+00,1.200000000000000000e+01,1.000000000000000000e+00
1.968575859069824219e+01,3.048936367034912109e+00,1.200000000000000000e+01,1.000000000000000000e+00
1.939907073974609375e+01,2.770294427871704102e+00,1.200000000000000000e+01,1.000000000000000000e+00
1.944034957885742188e+01,2.857413053512573242e+00,1.200000000000000000e+01,1.000000000000000000e+00
1.943669891357421875e+01,2.761699914932250977e+00,1.200000000000000000e+01,1.000000000000000000e+00
1.934024620056152344e+01,2.358363866806030273e+00,1.200000000000000000e+01,1.000000000000000000e+00
1.955599403381347656e+01,2.576792478561401367e+00,1.200000000000000000e+01,1.000000000000000000e+00
1.960381507873535156e+01,2.938064098358154297e+00,1.200000000000000000e+01,1.000000000000000000e+00
1.897627258300781250e+01,2.220365047454833984e+00,1.200000000000000000e+01,1.000000000000000000e+00
1.931900787353515625e+01,2.814332246780395508e+00,1.200000000000000000e+01,1.000000000000000000e+00
1.932018280029296875e+01,2.368216037750244141e+00,1.200000000000000000e+01,1.000000000000000000e+00
1.942514228820800781e+01,2.843269109725952148e+00,1.200000000000000000e+01,1.000000000000000000e+00
1.844860649108886719e+01,2.112175464630126953e+00,1.200000000000000000e+01,1.000000000000000000e+00
1.927720260620117188e+01,2.431051731109619141e+00,1.200000000000000000e+01,1.000000000000000000e+00
1.848483085632324219e+01,2.081767797470092773e+00,1.200000000000000000e+01,1.000000000000000000e+00
1.840863037109375000e+01,2.152831315994262695e+00,1.200000000000000000e+01,1.000000000000000000e+00
1.929916000366210938e+01,2.293750047683715820e+00,1.200000000000000000e+01,1.000000000000000000e+00
1.958743286132812500e+01,2.959322452545166016e+00,1.200000000000000000e+01,1.000000000000000000e+00
1.967633628845214844e+01,2.980300426483154297e+00,1.200000000000000000e+01,1.000000000000000000e+00
1.948796653747558594e+01,2.772295475006103516e+00,1.200000000000000000e+01,1.000000000000000000e+00
1.850902938842773438e+01,2.074418067932128906e+00,1.200000000000000000e+01,1.000000000000000000e+00
1.970508956909179688e+01,3.052378654479980469e+00,1.200000000000000000e+01,1.000000000000000000e+00
1.962522888183593750e+01,3.007847070693969727e+00,1.200000000000000000e+01,1.000000000000000000e+00
1.833025741577148438e+01,2.294495582580566406e+00,1.200000000000000000e+01,1.000000000000000000e+00
1.930919647216796875e+01,2.644780158996582031e+00,1.200000000000000000e+01,1.000000000000000000e+00
1.941190338134765625e+01,2.717204332351684570e+00,1.200000000000000000e+01,1.000000000000000000e+00
1.830518531799316406e+01,2.332390069961547852e+00,1.200000000000000000e+01,1.000000000000000000e+00
1.945417594909667969e+01,2.723926305770874023e+00,1.200000000000000000e+01,1.000000000000000000e+00
1.924565124511718750e+01,2.499522686004638672e+00,1.200000000000000000e+01,1.000000000000000000e+00
1.924429512023925781e+01,2.595505952835083008e+00,1.200000000000000000e+01,1.000000000000000000e+00
1.835899543762207031e+01,2.200551033020019531e+00,1.200000000000000000e+01,1.000000000000000000e+00
1.828856086730957031e+01,2.289054632186889648e+00,1.200000000000000000e+01,1.000000000000000000e+00
1.935722351074218750e+01,2.653815507888793945e+00,1.200000000000000000e+01,1.000000000000000000e+00
1.837483215332031250e+01,2.174256086349487305e+00,1.200000000000000000e+01,1.000000000000000000e+00
1.862910842895507812e+01,2.140927553176879883e+00,1.200000000000000000e+01,1.000000000000000000e+00
1.833152961730957031e+01,2.301426649093627930e+00,1.200000000000000000e+01,1.000000000000000000e+00
1.938510131835937500e+01,2.815235853195190430e+00,1.200000000000000000e+01,1.000000000000000000e+00
1.828579521179199219e+01,2.297380208969116211e+00,1.200000000000000000e+01,1.000000000000000000e+00
1.945615768432617188e+01,2.891130924224853516e+00,1.200000000000000000e+01,1.000000000000000000e+00
1.935368537902832031e+01,2.707281827926635742e+00,1.200000000000000000e+01,1.000000000000000000e+00
1.850676727294921875e+01,2.106857538223266602e+00,1.200000000000000000e+01,1.000000000000000000e+00
1.929597854614257812e+01,2.301708698272705078e+00,1.200000000000000000e+01,1.000000000000000000e+00
1.933665275573730469e+01,2.546682357788085938e+00,1.200000000000000000e+01,1.000000000000000000e+00
1.932220649719238281e+01,2.329374790191650391e+00,1.200000000000000000e+01,1.000000000000000000e+00
1.849735260009765625e+01,2.099388837814331055e+00,1.200000000000000000e+01,1.000000000000000000e+00
1.841709136962890625e+01,2.143734216690063477e+00,1.200000000000000000e+01,1.000000000000000000e+00
1.874313926696777344e+01,1.324415802955627441e+00,1.200000000000000000e+01,1.000000000000000000e+00
1.935509109497070312e+01,2.799298524856567383e+00,1.200000000000000000e+01,1.000000000000000000e+00
1.925416183471679688e+01,2.382887601852416992e+00,1.200000000000000000e+01,1.000000000000000000e+00
1.955959892272949219e+01,2.937967538833618164e+00,1.200000000000000000e+01,1.000000000000000000e+00
1.933908843994140625e+01,2.302063465118408203e+00,1.200000000000000000e+01,1.000000000000000000e+00
1.828363800048828125e+01,2.255535602569580078e+00,1.200000000000000000e+01,1.000000000000000000e+00
1.969197654724121094e+01,3.041157722473144531e+00,1.200000000000000000e+01,1.000000000000000000e+00
1.925280189514160156e+01,2.570961236953735352e+00,1.200000000000000000e+01,1.000000000000000000e+00
1.840469360351562500e+01,2.156145095825195312e+00,1.200000000000000000e+01,1.000000000000000000e+00
1.849794960021972656e+01,2.077039718627929688e+00,1.200000000000000000e+01,1.000000000000000000e+00
1.831740570068359375e+01,2.261091232299804688e+00,1.200000000000000000e+01,1.000000000000000000e+00
1.962549591064453125e+01,3.014553308486938477e+00,1.200000000000000000e+01,1.000000000000000000e+00
1.832546424865722656e+01,2.223889350891113281e+00,1.200000000000000000e+01,1.000000000000000000e+00
1.841746139526367188e+01,2.134785413742065430e+00,1.200000000000000000e+01,1.000000000000000000e+00
1.849692916870117188e+01,2.072219848632812500e+00,1.200000000000000000e+01,1.000000000000000000e+00
1.874112892150878906e+01,1.318139195442199707e+00,1.200000000000000000e+01,1.000000000000000000e+00
1.953117179870605469e+01,2.921398878097534180e+00,1.200000000000000000e+01,1.000000000000000000e+00
1.848929214477539062e+01,2.083533048629760742e+00,1.200000000000000000e+01,1.000000000000000000e+00
1.935397529602050781e+01,2.661925315856933594e+00,1.200000000000000000e+01,1.000000000000000000e+00
1.965029716491699219e+01,2.981252431869506836e+00,1.200000000000000000e+01,1.000000000000000000e+00
1.840151214599609375e+01,2.146811485290527344e+00,1.200000000000000000e+01,1.000000000000000000e+00
1.966355705261230469e+01,3.015660762786865234e+00,1.200000000000000000e+01,1.000000000000000000e+00
1.830035972595214844e+01,2.273132562637329102e+00,1.200000000000000000e+01,1.000000000000000000e+00
1.831558990478515625e+01,2.231399536132812500e+00,1.200000000000000000e+01,1.000000000000000000e+00
1.836734199523925781e+01,2.179193019866943359e+00,1.200000000000000000e+01,1.000000000000000000e+00
1.834731483459472656e+01,2.207151889801025391e+00,1.200000000000000000e+01,1.000000000000000000e+00
1.840615081787109375e+01,2.128527641296386719e+00,1.200000000000000000e+01,1.000000000000000000e+00
1.848939132690429688e+01,2.089957237243652344e+00,1.200000000000000000e+01,1.000000000000000000e+00
1.962656974792480469e+01,2.977674722671508789e+00,1.200000000000000000e+01,1.000000000000000000e+00
1.945297241210937500e+01,2.790597915649414062e+00,1.200000000000000000e+01,1.000000000000000000e+00
1.933618545532226562e+01,2.785218954086303711e+00,1.200000000000000000e+01,1.000000000000000000e+00
1.961177444458007812e+01,2.992590188980102539e+00,1.200000000000000000e+01,1.000000000000000000e+00
1.937962341308593750e+01,2.732391119003295898e+00,1.200000000000000000e+01,1.000000000000000000e+00
1.956402778625488281e+01,2.953693389892578125e+00,1.200000000000000000e+01,1.000000000000000000e+00
1.969807815551757812e+01,3.040197134017944336e+00,1.200000000000000000e+01,1.000000000000000000e+00
1.849629592895507812e+01,2.083914041519165039e+00,1.200000000000000000e+01,1.000000000000000000e+00
1.963637161254882812e+01,3.001786470413208008e+00,1.200000000000000000e+01,1.000000000000000000e+00
1.845155906677246094e+01,2.105912446975708008e+00,1.200000000000000000e+01,1.000000000000000000e+00
1.874728012084960938e+01,1.315290689468383789e+00,1.200000000000000000e+01,1.000000000000000000e+00
1.943903160095214844e+01,2.769514560699462891e+00,1.200000000000000000e+01,1.000000000000000000e+00
1.945733642578125000e+01,2.627589464187622070e+00,1.200000000000000000e+01,1.000000000000000000e+00
1.873998069763183594e+01,1.323667168617248535e+00,1.200000000000000000e+01,1.000000000000000000e+00
1.944859504699707031e+01,2.645368814468383789e+00,1.200000000000000000e+01,1.000000000000000000e+00
1.927181434631347656e+01,2.316005706787109375e+00,1.200000000000000000e+01,1.000000000000000000e+00
1.964585876464843750e+01,2.945984363555908203e+00,1.200000000000000000e+01,1.000000000000000000e+00
1.924958992004394531e+01,2.541304826736450195e+00,1.200000000000000000e+01,1.000000000000000000e+00
1.946071434020996094e+01,2.891534328460693359e+00,1.200000000000000000e+01,1.000000000000000000e+00
1.935921096801757812e+01,2.385000944137573242e+00,1.200000000000000000e+01,1.000000000000000000e+00
1.925943946838378906e+01,2.601068258285522461e+00,1.200000000000000000e+01,1.000000000000000000e+00
1.937671470642089844e+01,2.225730419158935547e+00,1.200000000000000000e+01,1.000000000000000000e+00
1.850966453552246094e+01,2.071714639663696289e+00,1.200000000000000000e+01,1.000000000000000000e+00
-1.206302928924560547e+01,8.381024360656738281e+00,1.000000000000000000e+01,1.000000000000000000e+00
-1.200916194915771484e+01,7.892242908477783203e+00,1.000000000000000000e+01,1.000000000000000000e+00
-1.209063625335693359e+01,8.397607803344726562e+00,1.000000000000000000e+01,1.000000000000000000e+00
-1.193690967559814453e+01,7.613646030426025391e+00,1.000000000000000000e+01,1.000000000000000000e+00
-1.258935832977294922e+01,8.042820930480957031e+00,1.000000000000000000e+01,1.000000000000000000e+00
-1.241076469421386719e+01,8.004338264465332031e+00,1.000000000000000000e+01,1.000000000000000000e+00
-1.252064704895019531e+01,8.068458557128906250e+00,1.000000000000000000e+01,1.000000000000000000e+00
-1.244369888305664062e+01,8.132745742797851562e+00,1.000000000000000000e+01,1.000000000000000000e+00
-1.186060714721679688e+01,8.342857360839843750e+00,1.000000000000000000e+01,1.000000000000000000e+00
-1.249535465240478516e+01,7.922198295593261719e+00,1.000000000000000000e+01,1.000000000000000000e+00
-1.182207775115966797e+01,7.866154670715332031e+00,1.000000000000000000e+01,1.000000000000000000e+00
-1.234385681152343750e+01,8.288318634033203125e+00,1.000000000000000000e+01,1.000000000000000000e+00
-1.216323947906494141e+01,8.351490974426269531e+00,1.000000000000000000e+01,1.000000000000000000e+00
-1.200192165374755859e+01,8.348800659179687500e+00,1.000000000000000000e+01,1.000000000000000000e+00
-1.245029354095458984e+01,7.910865783691406250e+00,1.000000000000000000e+01,1.000000000000000000e+00
-1.179053688049316406e+01,8.356334686279296875e+00,1.000000000000000000e+01,1.000000000000000000e+00
-1.239074325561523438e+01,7.947463035583496094e+00,1.000000000000000000e+01,1.000000000000000000e+00
-1.246391582489013672e+01,7.996602535247802734e+00,1.000000000000000000e+01,1.000000000000000000e+00
-1.257899379730224609e+01,8.085711479187011719e+00,1.000000000000000000e+01,1.000000000000000000e+00
-1.258913516998291016e+01,8.073082923889160156e+00,1.000000000000000000e+01,1.000000000000000000e+00
-1.188854026794433594e+01,7.960376262664794922e+00,1.000000000000000000e+01,1.000000000000000000e+00
-1.184725284576416016e+01,7.878601074218750000e+00,1.000000000000000000e+01,1.000000000000000000e+00
-1.187202930450439453e+01,8.080307960510253906e+00,1.000000000000000000e+01,1.000000000000000000e+00
-1.236768245697021484e+01,7.868190288543701172e+00,1.000000000000000000e+01,1.000000000000000000e+00
-1.257082748413085938e+01,7.968735694885253906e+00,1.000000000000000000e+01,1.000000000000000000e+00
-1.227634811401367188e+01,7.870028018951416016e+00,1.000000000000000000e+01,1.000000000000000000e+00
-1.256581401824951172e+01,8.007936477661132812e+00,1.000000000000000000e+01,1.000000000000000000e+00
-1.237760925292968750e+01,7.890461921691894531e+00,1.000000000000000000e+01,1.000000000000000000e+00
-1.189892959594726562e+01,8.004621505737304688e+00,1.000000000000000000e+01,1.000000000000000000e+00
-1.232783889770507812e+01,8.343940734863281250e+00,1.000000000000000000e+01,1.000000000000000000e+00
-1.188101387023925781e+01,7.598363399505615234e+00,1.000000000000000000e+01,1.000000000000000000e+00
-1.192494678497314453e+01,7.538309574127197266e+00,1.000000000000000000e+01,1.000000000000000000e+00
-1.257613849639892578e+01,8.081505775451660156e+00,1.000000000000000000e+01,1.000000000000000000e+00
-1.213411998748779297e+01,7.725177764892578125e+00,1.000000000000000000e+01,1.000000000000000000e+00
-1.198512172698974609e+01,7.717646598815917969e+00,1.000000000000000000e+01,1.000000000000000000e+00
-1.172839546203613281e+01,8.207120895385742188e+00,1.000000000000000000e+01,1.000000000000000000e+00
-1.251830673217773438e+01,8.046987533569335938e+00,1.000000000000000000e+01,1.000000000000000000e+00
-1.235667991638183594e+01,8.287340164184570312e+00,1.000000000000000000e+01,1.000000000000000000e+00
-1.183350086212158203e+01,8.092349052429199219e+00,1.000000000000000000e+01,1.000000000000000000e+00
-1.205741500854492188e+01,8.287024497985839844e+00,1.000000000000000000e+01,1.000000000000000000e+00
-1.249295997619628906e+01,8.029711723327636719e+00,1.000000000000000000e+01,1.000000000000000000e+00
-1.221878433227539062e+01,7.862054347991943359e+00,1.000000000000000000e+01,1.000000000000000000e+00
-1.189398479461669922e+01,7.586660861968994141e+00,1.000000000000000000e+01,1.000000000000000000e+00
-1.247457790374755859e+01,7.957077980041503906e+00,1.000000000000000000e+01,1.000000000000000000e+00
-1.168089675903320312e+01,8.202113151550292969e+00,1.000000000000000000e+01,1.000000000000000000e+00
-1.201159954071044922e+01,7.979341983795166016e+00,1.000000000000000000e+01,1.000000000000000000e+00
-1.206977558135986328e+01,8.003266334533691406e+00,1.000000000000000000e+01,1.000000000000000000e+00
-1.223969268798828125e+01,8.400263786315917969e+00,1.000000000000000000e+01,1.000000000000000000e+00
-1.167525672912597656e+01,8.169597625732421875e+00,1.000000000000000000e+01,1.000000000000000000e+00
-1.251722049713134766e+01,8.053326606750488281e+00,1.000000000000000000e+01,1.000000000000000000e+00
-1.182455825805664062e+01,8.029599189758300781e+00,1.000000000000000000e+01,1.000000000000000000e+00
-1.197048664093017578e+01,8.113758087158203125e+00,1.000000000000000000e+01,1.000000000000000000e+00
-1.223026943206787109e+01,8.370142936706542969e+00,1.000000000000000000e+01,1.000000000000000000e+00
-1.247380256652832031e+01,8.040454864501953125e+00,1.000000000000000000e+01,1.000000000000000000e+00
-1.232553482055664062e+01,8.312942504882812500e+00,1.000000000000000000e+01,1.000000000000000000e+00
-1.247324085235595703e+01,8.074166297912597656e+00,1.000000000000000000e+01,1.000000000000000000e+00
-1.198748111724853516e+01,8.362668037414550781e+00,1.000000000000000000e+01,1.000000000000000000e+00
-1.197277069091796875e+01,7.935655117034912109e+00,1.000000000000000000e+01,1.000000000000000000e+00
-1.185529899597167969e+01,7.968159198760986328e+00,1.000000000000000000e+01,1.000000000000000000e+00
-1.232002639770507812e+01,7.901372909545898438e+00,1.000000000000000000e+01,1.000000000000000000e+00
-1.246482372283935547e+01,8.049852371215820312e+00,1.000000000000000000e+01,1.000000000000000000e+00
-1.229287147521972656e+01,7.908091545104980469e+00,1.000000000000000000e+01,1.000000000000000000e+00
-1.249392509460449219e+01,8.020120620727539062e+00,1.000000000000000000e+01,1.000000000000000000e+00
-1.192228889465332031e+01,8.011341094970703125e+00,1.000000000000000000e+01,1.000000000000000000e+00
-1.196504783630371094e+01,7.661170005798339844e+00,1.000000000000000000e+01,1.000000000000000000e+00
-1.214586544036865234e+01,8.409644126892089844e+00,1.000000000000000000e+01,1.000000000000000000e+00
-1.247521495819091797e+01,8.021751403808593750e+00,1.000000000000000000e+01,1.000000000000000000e+00
-1.224229240417480469e+01,7.998447418212890625e+00,1.000000000000000000e+01,1.000000000000000000e+00
-1.210541915893554688e+01,8.392640113830566406e+00,1.000000000000000000e+01,1.000000000000000000e+00
-1.184815788269042969e+01,7.596474647521972656e+00,1.000000000000000000e+01,1.000000000000000000e+00
-1.188019275665283203e+01,8.005468368530273438e+00,1.000000000000000000e+01,1.000000000000000000e+00
-1.176134490966796875e+01,8.122881889343261719e+00,1.000000000000000000e+01,1.000000000000000000e+00
-1.225081443786621094e+01,7.905254364013671875e+00,1.000000000000000000e+01,1.000000000000000000e+00
-1.205845165252685547e+01,8.315734863281250000e+00,1.000000000000000000e+01,1.000000000000000000e+00
-1.184421157836914062e+01,7.970081329345703125e+00,1.000000000000000000e+01,1.000000000000000000e+00
-1.170573043823242188e+01,8.145276069641113281e+00,1.000000000000000000e+01,1.000000000000000000e+00
-1.220283508300781250e+01,8.358796119689941406e+00,1.000000000000000000e+01,1.000000000000000000e+00
-1.180760765075683594e+01,7.980301856994628906e+00,1.000000000000000000e+01,1.000000000000000000e+00
-1.255458068847656250e+01,8.059007644653320312e+00,1.000000000000000000e+01,1.000000000000000000e+00
-1.247977066040039062e+01,8.078117370605468750e+00,1.000000000000000000e+01,1.000000000000000000e+00
-1.173467826843261719e+01,8.147114753723144531e+00,1.000000000000000000e+01,1.000000000000000000e+00
-1.182541751861572266e+01,8.031272888183593750e+00,1.000000000000000000e+01,1.000000000000000000e+00
-1.170980167388916016e+01,8.179032325744628906e+00,1.000000000000000000e+01,1.000000000000000000e+00
-1.237824726104736328e+01,7.920491695404052734e+00,1.000000000000000000e+01,1.000000000000000000e+00
-1.203310012817382812e+01,7.700550556182861328e+00,1.000000000000000000e+01,1.000000000000000000e+00
-1.256746959686279297e+01,8.046976089477539062e+00,1.000000000000000000e+01,1.000000000000000000e+00
-1.171559810638427734e+01,8.170245170593261719e+00,1.000000000000000000e+01,1.000000000000000000e+00
-1.192377948760986328e+01,7.952638149261474609e+00,1.000000000000000000e+01,1.000000000000000000e+00
-1.179132461547851562e+01,7.995309829711914062e+00,1.000000000000000000e+01,1.000000000000000000e+00
-1.200857162475585938e+01,7.883434772491455078e+00,1.000000000000000000e+01,1.000000000000000000e+00
-1.196629905700683594e+01,7.702687740325927734e+00,1.000000000000000000e+01,1.000000000000000000e+00
-1.216978263854980469e+01,7.900852203369140625e+00,1.000000000000000000e+01,1.000000000000000000e+00
-1.193919944763183594e+01,8.311803817749023438e+00,1.000000000000000000e+01,1.000000000000000000e+00
-1.256607532501220703e+01,8.057264328002929688e+00,1.000000000000000000e+01,1.000000000000000000e+00
-1.184654712677001953e+01,8.009286880493164062e+00,1.000000000000000000e+01,1.000000000000000000e+00
-1.198798847198486328e+01,8.025382041931152344e+00,1.000000000000000000e+01,1.000000000000000000e+00
-1.253600311279296875e+01,8.039186477661132812e+00,1.000000000000000000e+01,1.000000000000000000e+00
-1.227550506591796875e+01,8.429821014404296875e+00,1.000000000000000000e+01,1.000000000000000000e+00
-1.167130947113037109e+01,8.183743476867675781e+00,1.000000000000000000e+01,1.000000000000000000e+00
-1.197200965881347656e+01,7.638019561767578125e+00,1.000000000000000000e+01,1.000000000000000000e+00
-1.203521251678466797e+01,7.684475421905517578e+00,1.000000000000000000e+01,1.000000000000000000e+00
-1.198767375946044922e+01,7.865015983581542969e+00,1.000000000000000000e+01,1.000000000000000000e+00
-1.184759044647216797e+01,8.024462699890136719e+00,1.000000000000000000e+01,1.000000000000000000e+00
-1.185034275054931641e+01,7.667024612426757812e+00,1.000000000000000000e+01,1.000000000000000000e+00
-1.194276523590087891e+01,7.759734630584716797e+00,1.000000000000000000e+01,1.000000000000000000e+00
-1.185181236267089844e+01,8.325812339782714844e+00,1.000000000000000000e+01,1.000000000000000000e+00
-1.249628639221191406e+01,8.078260421752929688e+00,1.000000000000000000e+01,1.000000000000000000e+00
-1.260199260711669922e+01,8.010404586791992188e+00,1.000000000000000000e+01,1.000000000000000000e+00
-1.256092929840087891e+01,8.071871757507324219e+00,1.000000000000000000e+01,1.000000000000000000e+00
-1.192916774749755859e+01,7.950819492340087891e+00,1.000000000000000000e+01,1.000000000000000000e+00
-1.182399845123291016e+01,8.044363975524902344e+00,1.000000000000000000e+01,1.000000000000000000e+00
-1.246999835968017578e+01,8.080970764160156250e+00,1.000000000000000000e+01,1.000000000000000000e+00
-1.195658302307128906e+01,7.951437950134277344e+00,1.000000000000000000e+01,1.000000000000000000e+00
-1.185947895050048828e+01,7.985728263854980469e+00,1.000000000000000000e+01,1.000000000000000000e+00
-1.213675117492675781e+01,7.870793819427490234e+00,1.000000000000000000e+01,1.000000000000000000e+00
-1.167435455322265625e+01,8.209696769714355469e+00,1.000000000000000000e+01,1.000000000000000000e+00
-1.170573139190673828e+01,8.172409057617187500e+00,1.000000000000000000e+01,1.000000000000000000e+00
-1.252682971954345703e+01,8.061352729797363281e+00,1.000000000000000000e+01,1.000000000000000000e+00
-1.180276203155517578e+01,8.096002578735351562e+00,1.000000000000000000e+01,1.000000000000000000e+00
-1.200874042510986328e+01,7.675279617309570312e+00,1.000000000000000000e+01,1.000000000000000000e+00
-1.170612144470214844e+01,8.170976638793945312e+00,1.000000000000000000e+01,1.000000000000000000e+00
-1.255865764617919922e+01,8.062965393066406250e+00,1.000000000000000000e+01,1.000000000000000000e+00
-1.182446765899658203e+01,7.890518665313720703e+00,1.000000000000000000e+01,1.000000000000000000e+00
-1.195232391357421875e+01,7.826982021331787109e+00,1.000000000000000000e+01,1.000000000000000000e+00
-1.214661026000976562e+01,7.994935035705566406e+00,1.000000000000000000e+01,1.000000000000000000e+00
-1.171721744537353516e+01,8.354495048522949219e+00,1.000000000000000000e+01,1.000000000000000000e+00
-1.191124534606933594e+01,7.909642219543457031e+00,1.000000000000000000e+01,1.000000000000000000e+00
-1.213325023651123047e+01,8.093207359313964844e+00,1.000000000000000000e+01,1.000000000000000000e+00
-1.174236392974853516e+01,8.154086112976074219e+00,1.000000000000000000e+01,1.000000000000000000e+00
-1.219578647613525391e+01,8.383048057556152344e+00,1.000000000000000000e+01,1.000000000000000000e+00
-1.200748920440673828e+01,7.736081600189208984e+00,1.000000000000000000e+01,1.000000000000000000e+00
-1.196712398529052734e+01,7.678204059600830078e+00,1.000000000000000000e+01,1.000000000000000000e+00
-1.187515640258789062e+01,7.589438915252685547e+00,1.000000000000000000e+01,1.000000000000000000e+00
-1.171225643157958984e+01,8.192591667175292969e+00,1.000000000000000000e+01,1.000000000000000000e+00
-1.170840835571289062e+01,8.157414436340332031e+00,1.000000000000000000e+01,1.000000000000000000e+00
-1.189185237884521484e+01,7.926476001739501953e+00,1.000000000000000000e+01,1.000000000000000000e+00
-1.180736732482910156e+01,8.051911354064941406e+00,1.000000000000000000e+01,1.000000000000000000e+00
-1.182084941864013672e+01,8.332763671875000000e+00,1.000000000000000000e+01,1.000000000000000000e+00
-1.173953342437744141e+01,8.157385826110839844e+00,1.000000000000000000e+01,1.000000000000000000e+00
-1.256002140045166016e+01,8.041194915771484375e+00,1.000000000000000000e+01,1.000000000000000000e+00
-1.177342796325683594e+01,8.103149414062500000e+00,1.000000000000000000e+01,1.000000000000000000e+00
-1.171369457244873047e+01,8.138784408569335938e+00,1.000000000000000000e+01,1.000000000000000000e+00
-1.175096607208251953e+01,8.085606575012207031e+00,1.000000000000000000e+01,1.000000000000000000e+00
-1.171187400817871094e+01,8.182248115539550781e+00,1.000000000000000000e+01,1.000000000000000000e+00
-1.224302291870117188e+01,7.908993721008300781e+00,1.000000000000000000e+01,1.000000000000000000e+00
-1.175999259948730469e+01,8.148124694824218750e+00,1.000000000000000000e+01,1.000000000000000000e+00
-1.225892639160156250e+01,8.386529922485351562e+00,1.000000000000000000e+01,1.000000000000000000e+00
-1.195096206665039062e+01,8.388069152832031250e+00,1.000000000000000000e+01,1.000000000000000000e+00
-1.186541366577148438e+01,7.940943717956542969e+00,1.000000000000000000e+01,1.000000000000000000e+00
-1.193394088745117188e+01,7.958370208740234375e+00,1.000000000000000000e+01,1.000000000000000000e+00
-1.207953166961669922e+01,8.307594299316406250e+00,1.000000000000000000e+01,1.000000000000000000e+00
-1.180542469024658203e+01,8.130834579467773438e+00,1.000000000000000000e+01,1.000000000000000000e+00
-1.190981101989746094e+01,7.904819488525390625e+00,1.000000000000000000e+01,1.000000000000000000e+00
-1.247880172729492188e+01,8.079298019409179688e+00,1.000000000000000000e+01,1.000000000000000000e+00
-1.240181350708007812e+01,7.858432769775390625e+00,1.000000000000000000e+01,1.000000000000000000e+00
-1.170631694793701172e+01,8.151823997497558594e+00,1.000000000000000000e+01,1.000000000000000000e+00
-1.171417427062988281e+01,8.326531410217285156e+00,1.000000000000000000e+01,1.000000000000000000e+00
-1.186329746246337891e+01,7.565475463867187500e+00,1.000000000000000000e+01,1.000000000000000000e+00
-1.247743511199951172e+01,8.021501541137695312e+00,1.000000000000000000e+01,1.000000000000000000e+00
-1.213361740112304688e+01,8.400774002075195312e+00,1.000000000000000000e+01,1.000000000000000000e+00
-1.172976207733154297e+01,8.138630867004394531e+00,1.000000000000000000e+01,1.000000000000000000e+00
-1.230300617218017578e+01,7.800166130065917969e+00,1.000000000000000000e+01,1.000000000000000000e+00
-1.185318756103515625e+01,7.606555461883544922e+00,1.000000000000000000e+01,1.000000000000000000e+00
-1.243483924865722656e+01,7.912820816040039062e+00,1.000000000000000000e+01,1.000000000000000000e+00
-1.259423160552978516e+01,7.959800720214843750e+00,1.000000000000000000e+01,1.000000000000000000e+00
-1.204550743103027344e+01,8.288018226623535156e+00,1.000000000000000000e+01,1.000000000000000000e+00
-1.175310230255126953e+01,7.896040439605712891e+00,1.000000000000000000e+01,1.000000000000000000e+00
-1.169458770751953125e+01,8.203791618347167969e+00,1.000000000000000000e+01,1.000000000000000000e+00
-1.189268970489501953e+01,8.365332603454589844e+00,1.000000000000000000e+01,1.000000000000000000e+00
-1.170645809173583984e+01,8.192573547363281250e+00,1.000000000000000000e+01,1.000000000000000000e+00
-1.199237251281738281e+01,7.946158409118652344e+00,1.000000000000000000e+01,1.000000000000000000e+00
-1.195482635498046875e+01,7.660169124603271484e+00,1.000000000000000000e+01,1.000000000000000000e+00
-1.194678592681884766e+01,8.375131607055664062e+00,1.000000000000000000e+01,1.000000000000000000e+00
-1.193268680572509766e+01,8.008556365966796875e+00,1.000000000000000000e+01,1.000000000000000000e+00
-1.252574157714843750e+01,8.046613693237304688e+00,1.000000000000000000e+01,1.000000000000000000e+00
-1.211898994445800781e+01,8.057834625244140625e+00,1.000000000000000000e+01,1.000000000000000000e+00
-1.201884365081787109e+01,7.856584548950195312e+00,1.000000000000000000e+01,1.000000000000000000e+00
-1.240522861480712891e+01,7.941893100738525391e+00,1.000000000000000000e+01,1.000000000000000000e+00
-1.180760097503662109e+01,8.119897842407226562e+00,1.000000000000000000e+01,1.000000000000000000e+00
-1.255397701263427734e+01,8.042055130004882812e+00,1.000000000000000000e+01,1.000000000000000000e+00
-1.195796298980712891e+01,7.691945552825927734e+00,1.000000000000000000e+01,1.000000000000000000e+00
-1.237436008453369141e+01,7.883814334869384766e+00,1.000000000000000000e+01,1.000000000000000000e+00
-1.187187385559082031e+01,8.015389442443847656e+00,1.000000000000000000e+01,1.000000000000000000e+00
-1.192045879364013672e+01,8.016706466674804688e+00,1.000000000000000000e+01,1.000000000000000000e+00
-1.213519287109375000e+01,8.374407768249511719e+00,1.000000000000000000e+01,1.000000000000000000e+00
-1.173569965362548828e+01,8.342228889465332031e+00,1.000000000000000000e+01,1.000000000000000000e+00
-1.187054729461669922e+01,7.610885143280029297e+00,1.000000000000000000e+01,1.000000000000000000e+00
-1.174484825134277344e+01,8.087810516357421875e+00,1.000000000000000000e+01,1.000000000000000000e+00
-1.252903842926025391e+01,8.079155921936035156e+00,1.000000000000000000e+01,1.000000000000000000e+00
-1.173787212371826172e+01,8.138813972473144531e+00,1.000000000000000000e+01,1.000000000000000000e+00
-1.189226436614990234e+01,7.959447383880615234e+00,1.000000000000000000e+01,1.000000000000000000e+00
-1.198720169067382812e+01,7.667224407196044922e+00,1.000000000000000000e+01,1.000000000000000000e+00
-1.258142185211181641e+01,8.056621551513671875e+00,1.000000000000000000e+01,1.000000000000000000e+00
-1.175269794464111328e+01,8.108833312988281250e+00,1.000000000000000000e+01,1.000000000000000000e+00
-1.255985832214355469e+01,8.012238502502441406e+00,1.000000000000000000e+01,1.000000000000000000e+00
-1.187054824829101562e+01,8.055753707885742188e+00,1.000000000000000000e+01,1.000000000000000000e+00
-1.257406044006347656e+01,8.090188026428222656e+00,1.000000000000000000e+01,1.000000000000000000e+00
-1.190070629119873047e+01,8.033260345458984375e+00,1.000000000000000000e+01,1.000000000000000000e+00
-1.218883800506591797e+01,8.412180900573730469e+00,1.000000000000000000e+01,1.000000000000000000e+00
-1.173781585693359375e+01,8.154806137084960938e+00,1.000000000000000000e+01,1.000000000000000000e+00
-1.182345485687255859e+01,7.955736160278320312e+00,1.000000000000000000e+01,1.000000000000000000e+00
-1.222887992858886719e+01,8.406081199645996094e+00,1.000000000000000000e+01,1.000000000000000000e+00
-1.255177021026611328e+01,8.029913902282714844e+00,1.000000000000000000e+01,1.000000000000000000e+00
-1.193768882751464844e+01,7.663604736328125000e+00,1.000000000000000000e+01,1.000000000000000000e+00
-1.243945503234863281e+01,7.899953842163085938e+00,1.000000000000000000e+01,1.000000000000000000e+00
-1.252973747253417969e+01,8.050280570983886719e+00,1.000000000000000000e+01,1.000000000000000000e+00
-1.241496658325195312e+01,7.892038345336914062e+00,1.000000000000000000e+01,1.000000000000000000e+00
-1.184623622894287109e+01,8.033489227294921875e+00,1.000000000000000000e+01,1.000000000000000000e+00
-1.240610218048095703e+01,7.880287170410156250e+00,1.000000000000000000e+01,1.000000000000000000e+00
-1.259834671020507812e+01,8.071523666381835938e+00,1.000000000000000000e+01,1.000000000000000000e+00
9.150643348693847656e+00,2.422822380065917969e+01,1.300000000000000000e+01,1.000000000000000000e+00
8.860195159912109375e+00,2.287941360473632812e+01,1.300000000000000000e+01,1.000000000000000000e+00
9.078594207763671875e+00,2.316530227661132812e+01,1.300000000000000000e+01,1.000000000000000000e+00
9.385277748107910156e+00,2.383984756469726562e+01,1.300000000000000000e+01,1.000000000000000000e+00
9.142654418945312500e+00,2.334186744689941406e+01,1.300000000000000000e+01,1.000000000000000000e+00
8.856426239013671875e+00,2.287364768981933594e+01,1.300000000000000000e+01,1.000000000000000000e+00
9.199175834655761719e+00,2.332171249389648438e+01,1.300000000000000000e+01,1.000000000000000000e+00
1.009288311004638672e+01,2.449732398986816406e+01,1.300000000000000000e+01,1.000000000000000000e+00
9.196170806884765625e+00,2.329542541503906250e+01,1.300000000000000000e+01,1.000000000000000000e+00
8.851835250854492188e+00,2.286681365966796875e+01,1.300000000000000000e+01,1.000000000000000000e+00
9.351520538330078125e+00,2.368177032470703125e+01,1.300000000000000000e+01,1.000000000000000000e+00
9.180661201477050781e+00,2.340889167785644531e+01,1.300000000000000000e+01,1.000000000000000000e+00
1.009762096405029297e+01,2.450673484802246094e+01,1.300000000000000000e+01,1.000000000000000000e+00
9.247282981872558594e+00,2.454227447509765625e+01,1.300000000000000000e+01,1.000000000000000000e+00
9.811316490173339844e+00,2.436188697814941406e+01,1.300000000000000000e+01,1.000000000000000000e+00
9.484395980834960938e+00,2.429119300842285156e+01,1.300000000000000000e+01,1.000000000000000000e+00
9.119679450988769531e+00,2.322646522521972656e+01,1.300000000000000000e+01,1.000000000000000000e+00
9.083305358886718750e+00,2.412094116210937500e+01,1.300000000000000000e+01,1.000000000000000000e+00
9.327131271362304688e+00,2.424049758911132812e+01,1.300000000000000000e+01,1.000000000000000000e+00
9.210130691528320312e+00,2.456510734558105469e+01,1.300000000000000000e+01,1.000000000000000000e+00
9.377414703369140625e+00,2.427404975891113281e+01,1.300000000000000000e+01,1.000000000000000000e+00
9.227262496948242188e+00,2.458611106872558594e+01,1.300000000000000000e+01,1.000000000000000000e+00
8.868562698364257812e+00,2.289075660705566406e+01,1.300000000000000000e+01,1.000000000000000000e+00
1.010758399963378906e+01,2.451432037353515625e+01,1.300000000000000000e+01,1.000000000000000000e+00
1.014276123046875000e+01,2.453893470764160156e+01,1.300000000000000000e+01,1.000000000000000000e+00
8.852545738220214844e+00,2.286832618713378906e+01,1.300000000000000000e+01,1.000000000000000000e+00
9.641286849975585938e+00,2.433508110046386719e+01,1.300000000000000000e+01,1.000000000000000000e+00
9.840711593627929688e+00,2.434627723693847656e+01,1.300000000000000000e+01,1.000000000000000000e+00
9.212294578552246094e+00,2.427979469299316406e+01,1.300000000000000000e+01,1.000000000000000000e+00
1.017969989776611328e+01,2.455917358398437500e+01,1.300000000000000000e+01,1.000000000000000000e+00
9.695749282836914062e+00,2.423623275756835938e+01,1.300000000000000000e+01,1.000000000000000000e+00
1.013828754425048828e+01,2.452550888061523438e+01,1.300000000000000000e+01,1.000000000000000000e+00
1.007970428466796875e+01,2.448956108093261719e+01,1.300000000000000000e+01,1.000000000000000000e+00
8.837736129760742188e+00,2.285358619689941406e+01,1.300000000000000000e+01,1.000000000000000000e+00
9.175473213195800781e+00,2.422070312500000000e+01,1.300000000000000000e+01,1.000000000000000000e+00
9.114572525024414062e+00,2.419764518737792969e+01,1.300000000000000000e+01,1.000000000000000000e+00
9.203814506530761719e+00,2.360650634765625000e+01,1.300000000000000000e+01,1.000000000000000000e+00
9.679963111877441406e+00,2.432396125793457031e+01,1.300000000000000000e+01,1.000000000000000000e+00
9.125339508056640625e+00,2.419185829162597656e+01,1.300000000000000000e+01,1.000000000000000000e+00
9.266398429870605469e+00,2.427785491943359375e+01,1.300000000000000000e+01,1.000000000000000000e+00
9.132533073425292969e+00,2.420201110839843750e+01,1.300000000000000000e+01,1.000000000000000000e+00
1.017385482788085938e+01,2.454922485351562500e+01,1.300000000000000000e+01,1.000000000000000000e+00
9.601506233215332031e+00,2.413541603088378906e+01,1.300000000000000000e+01,1.000000000000000000e+00
9.973602294921875000e+00,2.441505432128906250e+01,1.300000000000000000e+01,1.000000000000000000e+00
9.118517875671386719e+00,2.433994102478027344e+01,1.300000000000000000e+01,1.000000000000000000e+00
9.209568023681640625e+00,2.329517173767089844e+01,1.300000000000000000e+01,1.000000000000000000e+00
9.198043823242187500e+00,2.454448890686035156e+01,1.300000000000000000e+01,1.000000000000000000e+00
8.866335868835449219e+00,2.288638687133789062e+01,1.300000000000000000e+01,1.000000000000000000e+00
9.161816596984863281e+00,2.326262664794921875e+01,1.300000000000000000e+01,1.000000000000000000e+00
9.162308692932128906e+00,2.417455863952636719e+01,1.300000000000000000e+01,1.000000000000000000e+00
1.013109779357910156e+01,2.452607154846191406e+01,1.300000000000000000e+01,1.000000000000000000e+00
9.234931945800781250e+00,2.336163520812988281e+01,1.300000000000000000e+01,1.000000000000000000e+00
9.162309646606445312e+00,2.419610786437988281e+01,1.300000000000000000e+01,1.000000000000000000e+00
1.017320251464843750e+01,2.454920578002929688e+01,1.300000000000000000e+01,1.000000000000000000e+00
9.263498306274414062e+00,2.425746536254882812e+01,1.300000000000000000e+01,1.000000000000000000e+00
9.105700492858886719e+00,2.322605133056640625e+01,1.300000000000000000e+01,1.000000000000000000e+00
9.971836090087890625e+00,2.442028617858886719e+01,1.300000000000000000e+01,1.000000000000000000e+00
1.012193775177001953e+01,2.452054214477539062e+01,1.300000000000000000e+01,1.000000000000000000e+00
9.189135551452636719e+00,2.331055831909179688e+01,1.300000000000000000e+01,1.000000000000000000e+00
9.135367393493652344e+00,2.336571311950683594e+01,1.300000000000000000e+01,1.000000000000000000e+00
9.447579383850097656e+00,2.400848579406738281e+01,9.000000000000000000e+00,1.000000000000000000e+00
9.226274490356445312e+00,2.458662605285644531e+01,1.300000000000000000e+01,1.000000000000000000e+00
8.865157127380371094e+00,2.288274574279785156e+01,1.300000000000000000e+01,1.000000000000000000e+00
9.366166114807128906e+00,2.382314300537109375e+01,1.300000000000000000e+01,1.000000000000000000e+00
9.119556427001953125e+00,2.321862030029296875e+01,1.300000000000000000e+01,1.000000000000000000e+00
1.015878009796142578e+01,2.455743217468261719e+01,1.300000000000000000e+01,1.000000000000000000e+00
9.379835128784179688e+00,2.378952407836914062e+01,1.300000000000000000e+01,1.000000000000000000e+00
9.943971633911132812e+00,2.442096328735351562e+01,1.300000000000000000e+01,1.000000000000000000e+00
9.255366325378417969e+00,2.429107284545898438e+01,1.300000000000000000e+01,1.000000000000000000e+00
9.213973999023437500e+00,2.332599830627441406e+01,1.300000000000000000e+01,1.000000000000000000e+00
1.013612270355224609e+01,2.452815818786621094e+01,1.300000000000000000e+01,1.000000000000000000e+00
9.146977424621582031e+00,2.333760070800781250e+01,1.300000000000000000e+01,1.000000000000000000e+00
-3.359887599945068359e+00,-4.425864219665527344e+00,9.000000000000000000e+00,1.000000000000000000e+00
9.122054100036621094e+00,2.428678321838378906e+01,1.300000000000000000e+01,1.000000000000000000e+00
9.165441513061523438e+00,2.326685905456542969e+01,1.300000000000000000e+01,1.000000000000000000e+00
8.840751647949218750e+00,2.285157203674316406e+01,1.300000000000000000e+01,1.000000000000000000e+00
9.272583007812500000e+00,2.455252075195312500e+01,1.300000000000000000e+01,1.000000000000000000e+00
9.354802131652832031e+00,2.378319168090820312e+01,1.300000000000000000e+01,1.000000000000000000e+00
9.273666381835937500e+00,2.431344604492187500e+01,1.300000000000000000e+01,1.000000000000000000e+00
9.094941139221191406e+00,2.418720436096191406e+01,1.300000000000000000e+01,1.000000000000000000e+00
8.867736816406250000e+00,2.288953399658203125e+01,1.300000000000000000e+01,1.000000000000000000e+00
8.861820220947265625e+00,2.288092231750488281e+01,1.300000000000000000e+01,1.000000000000000000e+00
9.194980621337890625e+00,2.331234359741210938e+01,1.300000000000000000e+01,1.000000000000000000e+00
9.200790405273437500e+00,2.453718376159667969e+01,1.300000000000000000e+01,1.000000000000000000e+00
9.238479614257812500e+00,2.340069389343261719e+01,1.300000000000000000e+01,1.000000000000000000e+00
9.163583755493164062e+00,2.335317420959472656e+01,1.300000000000000000e+01,1.000000000000000000e+00
9.373007774353027344e+00,2.382605743408203125e+01,1.300000000000000000e+01,1.000000000000000000e+00
1.775241279602050781e+01,1.048207378387451172e+01,9.000000000000000000e+00,1.000000000000000000e+00
1.009516143798828125e+01,2.450272369384765625e+01,1.300000000000000000e+01,1.000000000000000000e+00
1.006283664703369141e+01,2.447342300415039062e+01,1.300000000000000000e+01,1.000000000000000000e+00
9.209615707397460938e+00,2.350717735290527344e+01,1.300000000000000000e+01,1.000000000000000000e+00
9.187649726867675781e+00,2.359270095825195312e+01,1.300000000000000000e+01,1.000000000000000000e+00
9.163068771362304688e+00,2.330682945251464844e+01,1.300000000000000000e+01,1.000000000000000000e+00
1.016891765594482422e+01,2.454941749572753906e+01,1.300000000000000000e+01,1.000000000000000000e+00
9.105680465698242188e+00,2.417114067077636719e+01,1.300000000000000000e+01,1.000000000000000000e+00
9.196803092956542969e+00,2.330203247070312500e+01,1.300000000000000000e+01,1.000000000000000000e+00
9.629639625549316406e+00,2.418955230712890625e+01,1.300000000000000000e+01,1.000000000000000000e+00
9.193937301635742188e+00,2.419761085510253906e+01,1.300000000000000000e+01,1.000000000000000000e+00
1.016300106048583984e+01,2.455657386779785156e+01,1.300000000000000000e+01,1.000000000000000000e+00
9.207257270812988281e+00,2.458247756958007812e+01,1.300000000000000000e+01,1.000000000000000000e+00
1.009005928039550781e+01,2.449445915222167969e+01,1.300000000000000000e+01,1.000000000000000000e+00
1.013205432891845703e+01,2.452140235900878906e+01,1.300000000000000000e+01,1.000000000000000000e+00
9.196194648742675781e+00,2.347261428833007812e+01,1.300000000000000000e+01,1.000000000000000000e+00
9.247125625610351562e+00,2.339072418212890625e+01,1.300000000000000000e+01,1.000000000000000000e+00
9.108467102050781250e+00,2.416842269897460938e+01,1.300000000000000000e+01,1.000000000000000000e+00
9.558678627014160156e+00,2.409344291687011719e+01,1.300000000000000000e+01,1.000000000000000000e+00
8.859957695007324219e+00,2.287690544128417969e+01,1.300000000000000000e+01,1.000000000000000000e+00
1.014885997772216797e+01,2.454055404663085938e+01,1.300000000000000000e+01,1.000000000000000000e+00
1.013859653472900391e+01,2.451748085021972656e+01,1.300000000000000000e+01,1.000000000000000000e+00
9.145575523376464844e+00,2.324277114868164062e+01,1.300000000000000000e+01,1.000000000000000000e+00
9.235153198242187500e+00,2.457516479492187500e+01,1.300000000000000000e+01,1.000000000000000000e+00
9.113000869750976562e+00,2.425597763061523438e+01,1.300000000000000000e+01,1.000000000000000000e+00
9.404081344604492188e+00,2.386473655700683594e+01,1.300000000000000000e+01,1.000000000000000000e+00
1.006033992767333984e+01,2.447824859619140625e+01,1.300000000000000000e+01,1.000000000000000000e+00
9.391017913818359375e+00,2.381284713745117188e+01,1.300000000000000000e+01,1.000000000000000000e+00
9.189462661743164062e+00,2.426366233825683594e+01,1.300000000000000000e+01,1.000000000000000000e+00
9.215054512023925781e+00,2.339652252197265625e+01,1.300000000000000000e+01,1.000000000000000000e+00
9.242418289184570312e+00,2.335474395751953125e+01,1.300000000000000000e+01,1.000000000000000000e+00
9.252671241760253906e+00,2.428040122985839844e+01,1.300000000000000000e+01,1.000000000000000000e+00
8.858621597290039062e+00,2.287536811828613281e+01,1.300000000000000000e+01,1.000000000000000000e+00
8.851401329040527344e+00,2.286471366882324219e+01,1.300000000000000000e+01,1.000000000000000000e+00
8.842534065246582031e+00,2.285944938659667969e+01,1.300000000000000000e+01,1.000000000000000000e+00
9.189608573913574219e+00,2.341991806030273438e+01,1.300000000000000000e+01,1.000000000000000000e+00
9.179238319396972656e+00,2.429420852661132812e+01,1.300000000000000000e+01,1.000000000000000000e+00
9.265207290649414062e+00,2.344532394409179688e+01,1.300000000000000000e+01,1.000000000000000000e+00
9.212182998657226562e+00,2.456051254272460938e+01,1.300000000000000000e+01,1.000000000000000000e+00
1.013608741760253906e+01,2.452404022216796875e+01,1.300000000000000000e+01,1.000000000000000000e+00
9.133188247680664062e+00,2.328233337402343750e+01,1.300000000000000000e+01,1.000000000000000000e+00
9.245896339416503906e+00,2.338438987731933594e+01,1.300000000000000000e+01,1.000000000000000000e+00
9.711812973022460938e+00,2.422719001770019531e+01,1.300000000000000000e+01,1.000000000000000000e+00
9.154941558837890625e+00,2.333466148376464844e+01,1.300000000000000000e+01,1.000000000000000000e+00
9.959727287292480469e+00,2.440832138061523438e+01,1.300000000000000000e+01,1.000000000000000000e+00
9.229485511779785156e+00,2.453887748718261719e+01,1.300000000000000000e+01,1.000000000000000000e+00
9.183698654174804688e+00,2.329658699035644531e+01,1.300000000000000000e+01,1.000000000000000000e+00
9.143885612487792969e+00,2.324626350402832031e+01,1.300000000000000000e+01,1.000000000000000000e+00
9.832258224487304688e+00,2.437343597412109375e+01,1.300000000000000000e+01,1.000000000000000000e+00
9.155065536499023438e+00,2.332684707641601562e+01,1.300000000000000000e+01,1.000000000000000000e+00
9.232553482055664062e+00,2.455270385742187500e+01,1.300000000000000000e+01,1.000000000000000000e+00
1.006989574432373047e+01,2.448001098632812500e+01,1.300000000000000000e+01,1.000000000000000000e+00
9.113987922668457031e+00,2.419827270507812500e+01,1.300000000000000000e+01,1.000000000000000000e+00
9.156844139099121094e+00,2.325949096679687500e+01,1.300000000000000000e+01,1.000000000000000000e+00
8.864823341369628906e+00,2.287799263000488281e+01,1.300000000000000000e+01,1.000000000000000000e+00
9.844932556152343750e+00,2.434546470642089844e+01,9.000000000000000000e+00,1.000000000000000000e+00
9.235680580139160156e+00,2.334007835388183594e+01,1.300000000000000000e+01,1.000000000000000000e+00
9.757637023925781250e+00,2.431676292419433594e+01,1.300000000000000000e+01,1.000000000000000000e+00
9.215094566345214844e+00,2.329665374755859375e+01,1.300000000000000000e+01,1.000000000000000000e+00
9.836205482482910156e+00,2.433030509948730469e+01,1.300000000000000000e+01,1.000000000000000000e+00
9.572808265686035156e+00,2.408069038391113281e+01,1.300000000000000000e+01,1.000000000000000000e+00
9.244789123535156250e+00,2.336706924438476562e+01,1.300000000000000000e+01,1.000000000000000000e+00
9.456192970275878906e+00,2.428734397888183594e+01,1.300000000000000000e+01,1.000000000000000000e+00
9.184384346008300781e+00,2.446234893798828125e+01,1.300000000000000000e+01,1.000000000000000000e+00
9.199074745178222656e+00,2.332814216613769531e+01,1.300000000000000000e+01,1.000000000000000000e+00
9.376721382141113281e+00,2.384464073181152344e+01,1.300000000000000000e+01,1.000000000000000000e+00
9.210637092590332031e+00,2.457350349426269531e+01,1.300000000000000000e+01,1.000000000000000000e+00
9.444178581237792969e+00,2.430853843688964844e+01,1.300000000000000000e+01,1.000000000000000000e+00
1.017287063598632812e+01,2.454663658142089844e+01,1.300000000000000000e+01,1.000000000000000000e+00
9.108153343200683594e+00,2.420564651489257812e+01,1.300000000000000000e+01,1.000000000000000000e+00
8.857103347778320312e+00,2.287360572814941406e+01,1.300000000000000000e+01,1.000000000000000000e+00
9.505103111267089844e+00,2.431911468505859375e+01,1.300000000000000000e+01,1.000000000000000000e+00
8.853735923767089844e+00,2.286957931518554688e+01,1.300000000000000000e+01,1.000000000000000000e+00
9.327758789062500000e+00,2.425289344787597656e+01,1.300000000000000000e+01,1.000000000000000000e+00
9.503281593322753906e+00,2.432146263122558594e+01,1.300000000000000000e+01,1.000000000000000000e+00
9.118506431579589844e+00,2.420782852172851562e+01,1.300000000000000000e+01,1.000000000000000000e+00
9.106189727783203125e+00,2.400314521789550781e+01,9.000000000000000000e+00,1.000000000000000000e+00
9.969925880432128906e+00,2.443219566345214844e+01,1.300000000000000000e+01,1.000000000000000000e+00
9.208456039428710938e+00,2.456155204772949219e+01,1.300000000000000000e+01,1.000000000000000000e+00
9.360189437866210938e+00,2.382687187194824219e+01,1.300000000000000000e+01,1.000000000000000000e+00
9.339801788330078125e+00,2.425160598754882812e+01,1.300000000000000000e+01,1.000000000000000000e+00
8.859696388244628906e+00,2.287789916992187500e+01,1.300000000000000000e+01,1.000000000000000000e+00
9.236230850219726562e+00,2.333056449890136719e+01,1.300000000000000000e+01,1.000000000000000000e+00
9.216416358947753906e+00,2.456683921813964844e+01,1.300000000000000000e+01,1.000000000000000000e+00
9.256944656372070312e+00,2.453096389770507812e+01,1.300000000000000000e+01,1.000000000000000000e+00
9.220916748046875000e+00,2.338010406494140625e+01,1.300000000000000000e+01,1.000000000000000000e+00
9.956003189086914062e+00,2.441868591308593750e+01,1.300000000000000000e+01,1.000000000000000000e+00
9.194519042968750000e+00,2.356141090393066406e+01,1.300000000000000000e+01,1.000000000000000000e+00
9.312478065490722656e+00,2.373226737976074219e+01,1.300000000000000000e+01,1.000000000000000000e+00
1.004275894165039062e+01,2.444548988342285156e+01,1.300000000000000000e+01,1.000000000000000000e+00
9.132481575012207031e+00,2.329784393310546875e+01,1.300000000000000000e+01,1.000000000000000000e+00
9.117877960205078125e+00,2.418541908264160156e+01,1.300000000000000000e+01,1.000000000000000000e+00
9.123649597167968750e+00,2.325038337707519531e+01,1.300000000000000000e+01,1.000000000000000000e+00
9.135615348815917969e+00,2.423519897460937500e+01,1.300000000000000000e+01,1.000000000000000000e+00
9.275362968444824219e+00,2.351070594787597656e+01,1.300000000000000000e+01,1.000000000000000000e+00
9.227703094482421875e+00,2.336100196838378906e+01,1.300000000000000000e+01,1.000000000000000000e+00
9.936948776245117188e+00,2.440978240966796875e+01,1.300000000000000000e+01,1.000000000000000000e+00
9.147801399230957031e+00,2.337210464477539062e+01,1.300000000000000000e+01,1.000000000000000000e+00
9.463312149047851562e+00,2.429304313659667969e+01,1.300000000000000000e+01,1.000000000000000000e+00
9.106051445007324219e+00,2.322990989685058594e+01,1.300000000000000000e+01,1.000000000000000000e+00
9.090579986572265625e+00,2.321787071228027344e+01,1.300000000000000000e+01,1.000000000000000000e+00
9.843081474304199219e+00,2.435433578491210938e+01,1.300000000000000000e+01,1.000000000000000000e+00
9.174075126647949219e+00,2.428701972961425781e+01,1.300000000000000000e+01,1.000000000000000000e+00
9.312578201293945312e+00,2.373515129089355469e+01,1.300000000000000000e+01,1.000000000000000000e+00
1.017607212066650391e+01,2.455583000183105469e+01,1.300000000000000000e+01,1.000000000000000000e+00
1.016051101684570312e+01,2.454983139038085938e+01,1.300000000000000000e+01,1.000000000000000000e+00
9.247058868408203125e+00,2.363466072082519531e+01,1.300000000000000000e+01,1.000000000000000000e+00
9.535708427429199219e+00,2.406269645690917969e+01,1.300000000000000000e+01,1.000000000000000000e+00
9.138196945190429688e+00,2.324926948547363281e+01,1.300000000000000000e+01,1.000000000000000000e+00
9.075378417968750000e+00,2.419013595581054688e+01,1.300000000000000000e+01,1.000000000000000000e+00
1.011471176147460938e+01,2.451547813415527344e+01,1.300000000000000000e+01,1.000000000000000000e+00
9.455578804016113281e+00,2.389181137084960938e+01,1.300000000000000000e+01,1.000000000000000000e+00
9.468364715576171875e+00,2.392187690734863281e+01,1.300000000000000000e+01,1.000000000000000000e+00
9.195351600646972656e+00,2.361554718017578125e+01,1.300000000000000000e+01,1.000000000000000000e+00
9.210666656494140625e+00,2.458504295349121094e+01,1.300000000000000000e+01,1.000000000000000000e+00
9.233908653259277344e+00,2.335356330871582031e+01,1.300000000000000000e+01,1.000000000000000000e+00
9.593240737915039062e+00,2.431263923645019531e+01,1.300000000000000000e+01,1.000000000000000000e+00
2.322459793090820312e+01,1.893180274963378906e+01,9.000000000000000000e+00,1.000000000000000000e+00
9.140728950500488281e+00,2.433575820922851562e+01,1.300000000000000000e+01,1.000000000000000000e+00
9.566383361816406250e+00,2.430743789672851562e+01,1.300000000000000000e+01,1.000000000000000000e+00
9.152748107910156250e+00,2.425305938720703125e+01,1.300000000000000000e+01,1.000000000000000000e+00
9.388038635253906250e+00,2.397762680053710938e+01,1.300000000000000000e+01,1.000000000000000000e+00
9.278872489929199219e+00,2.374135589599609375e+01,1.300000000000000000e+01,1.000000000000000000e+00
1.190317153930664062e+01,1.888058853149414062e+01,2.100000000000000000e+01,1.000000000000000000e+00
1.169995212554931641e+01,1.928935432434082031e+01,2.100000000000000000e+01,1.000000000000000000e+00
1.322445583343505859e+01,1.708552169799804688e+01,2.400000000000000000e+01,1.000000000000000000e+00
1.240600204467773438e+01,1.809314537048339844e+01,2.300000000000000000e+01,1.000000000000000000e+00
1.313823318481445312e+01,1.718626022338867188e+01,2.400000000000000000e+01,1.000000000000000000e+00
1.312985134124755859e+01,1.719638633728027344e+01,2.400000000000000000e+01,1.000000000000000000e+00
1.312480163574218750e+01,1.719724082946777344e+01,2.400000000000000000e+01,1.000000000000000000e+00
1.323959064483642578e+01,1.707084274291992188e+01,2.400000000000000000e+01,1.000000000000000000e+00
1.184532642364501953e+01,1.899080085754394531e+01,9.000000000000000000e+00,1.000000000000000000e+00
1.252925300598144531e+01,1.796786117553710938e+01,2.400000000000000000e+01,1.000000000000000000e+00
1.194689273834228516e+01,1.881166458129882812e+01,2.100000000000000000e+01,1.000000000000000000e+00
1.322776699066162109e+01,1.708384895324707031e+01,2.400000000000000000e+01,1.000000000000000000e+00
1.267736530303955078e+01,1.779141235351562500e+01,9.000000000000000000e+00,1.000000000000000000e+00
1.236163234710693359e+01,1.814073944091796875e+01,2.300000000000000000e+01,1.000000000000000000e+00
1.319163513183593750e+01,1.711759567260742188e+01,2.400000000000000000e+01,1.000000000000000000e+00
1.258202648162841797e+01,1.790245056152343750e+01,2.400000000000000000e+01,1.000000000000000000e+00
1.325458812713623047e+01,1.705477142333984375e+01,2.400000000000000000e+01,1.000000000000000000e+00
1.317815017700195312e+01,1.713474273681640625e+01,2.400000000000000000e+01,1.000000000000000000e+00
1.171821308135986328e+01,1.926633262634277344e+01,2.100000000000000000e+01,1.000000000000000000e+00
1.348361015319824219e+01,1.680419540405273438e+01,2.400000000000000000e+01,1.000000000000000000e+00
1.312386322021484375e+01,1.720371627807617188e+01,2.400000000000000000e+01,1.000000000000000000e+00
1.347222328186035156e+01,1.681590270996093750e+01,2.400000000000000000e+01,1.000000000000000000e+00
1.308219718933105469e+01,1.724493980407714844e+01,2.400000000000000000e+01,1.000000000000000000e+00
1.169844532012939453e+01,1.928848266601562500e+01,2.100000000000000000e+01,1.000000000000000000e+00
1.313075828552246094e+01,1.719038009643554688e+01,2.400000000000000000e+01,1.000000000000000000e+00
1.319171333312988281e+01,1.711991310119628906e+01,2.400000000000000000e+01,1.000000000000000000e+00
1.327703952789306641e+01,1.703216171264648438e+01,2.400000000000000000e+01,1.000000000000000000e+00
1.170886135101318359e+01,1.928499412536621094e+01,2.100000000000000000e+01,1.000000000000000000e+00
1.240006828308105469e+01,1.809853553771972656e+01,2.300000000000000000e+01,1.000000000000000000e+00
1.317618274688720703e+01,1.714473152160644531e+01,2.400000000000000000e+01,1.000000000000000000e+00
1.259782791137695312e+01,1.788330650329589844e+01,2.400000000000000000e+01,1.000000000000000000e+00
1.322198295593261719e+01,1.709123611450195312e+01,2.400000000000000000e+01,1.000000000000000000e+00
1.250126361846923828e+01,1.799375915527343750e+01,2.300000000000000000e+01,1.000000000000000000e+00
1.189409828186035156e+01,1.888879776000976562e+01,2.100000000000000000e+01,1.000000000000000000e+00
1.314205265045166016e+01,1.717888450622558594e+01,2.400000000000000000e+01,1.000000000000000000e+00
1.193997287750244141e+01,1.881884384155273438e+01,2.100000000000000000e+01,1.000000000000000000e+00
1.192857360839843750e+01,1.883300971984863281e+01,2.100000000000000000e+01,1.000000000000000000e+00
1.328911972045898438e+01,1.701568222045898438e+01,2.400000000000000000e+01,1.000000000000000000e+00
1.241172027587890625e+01,1.808942604064941406e+01,2.300000000000000000e+01,1.000000000000000000e+00
1.168132019042968750e+01,1.931162071228027344e+01,2.100000000000000000e+01,1.000000000000000000e+00
1.331745338439941406e+01,1.698844909667968750e+01,2.400000000000000000e+01,1.000000000000000000e+00
1.343721866607666016e+01,1.685487174987792969e+01,2.400000000000000000e+01,1.000000000000000000e+00
1.193619728088378906e+01,1.881473731994628906e+01,2.100000000000000000e+01,1.000000000000000000e+00
1.308557510375976562e+01,1.723648262023925781e+01,2.400000000000000000e+01,1.000000000000000000e+00
1.192822360992431641e+01,1.883571434020996094e+01,2.100000000000000000e+01,1.000000000000000000e+00
1.191153144836425781e+01,1.886260986328125000e+01,2.100000000000000000e+01,1.000000000000000000e+00
1.239830303192138672e+01,1.810065650939941406e+01,2.300000000000000000e+01,1.000000000000000000e+00
1.172348880767822266e+01,1.924235916137695312e+01,2.100000000000000000e+01,1.000000000000000000e+00
1.195819759368896484e+01,1.880177688598632812e+01,2.100000000000000000e+01,1.000000000000000000e+00
1.238734149932861328e+01,1.811258506774902344e+01,2.300000000000000000e+01,1.000000000000000000e+00
1.312183761596679688e+01,1.720210838317871094e+01,2.400000000000000000e+01,1.000000000000000000e+00
1.195325565338134766e+01,1.879564476013183594e+01,2.100000000000000000e+01,1.000000000000000000e+00
1.241460895538330078e+01,1.808350753784179688e+01,2.300000000000000000e+01,1.000000000000000000e+00
1.312253952026367188e+01,1.719845199584960938e+01,2.400000000000000000e+01,1.000000000000000000e+00
1.258243083953857422e+01,1.790351867675781250e+01,9.000000000000000000e+00,1.000000000000000000e+00
1.339958381652832031e+01,1.690105438232421875e+01,2.400000000000000000e+01,1.000000000000000000e+00
1.352744197845458984e+01,1.676009559631347656e+01,2.400000000000000000e+01,1.000000000000000000e+00
1.311861515045166016e+01,1.720433235168457031e+01,2.400000000000000000e+01,1.000000000000000000e+00
1.332630062103271484e+01,1.698077011108398438e+01,2.400000000000000000e+01,1.000000000000000000e+00
1.315833759307861328e+01,1.718445396423339844e+01,2.400000000000000000e+01,1.000000000000000000e+00
1.268700695037841797e+01,1.777913284301757812e+01,9.000000000000000000e+00,1.000000000000000000e+00
1.188393688201904297e+01,1.890641975402832031e+01,2.100000000000000000e+01,1.000000000000000000e+00
1.324232482910156250e+01,1.706745719909667969e+01,2.400000000000000000e+01,1.000000000000000000e+00
1.190396976470947266e+01,1.887477302551269531e+01,2.100000000000000000e+01,1.000000000000000000e+00
1.274210166931152344e+01,1.771343231201171875e+01,9.000000000000000000e+00,1.000000000000000000e+00
1.313822174072265625e+01,1.718343162536621094e+01,2.400000000000000000e+01,1.000000000000000000e+00
1.314637851715087891e+01,1.717292022705078125e+01,2.400000000000000000e+01,1.000000000000000000e+00
1.192382526397705078e+01,1.883435821533203125e+01,2.100000000000000000e+01,1.000000000000000000e+00
1.318483829498291016e+01,1.713126373291015625e+01,2.400000000000000000e+01,1.000000000000000000e+00
1.170725345611572266e+01,1.927872467041015625e+01,2.100000000000000000e+01,1.000000000000000000e+00
1.173455905914306641e+01,1.922850608825683594e+01,2.100000000000000000e+01,1.000000000000000000e+00
1.182354164123535156e+01,1.901390457153320312e+01,2.100000000000000000e+01,1.000000000000000000e+00
1.272693252563476562e+01,1.773114204406738281e+01,9.000000000000000000e+00,1.000000000000000000e+00
1.348614311218261719e+01,1.680125045776367188e+01,9.000000000000000000e+00,1.000000000000000000e+00
1.335678291320800781e+01,1.694638633728027344e+01,2.400000000000000000e+01,1.000000000000000000e+00
1.268625068664550781e+01,1.778096961975097656e+01,9.000000000000000000e+00,1.000000000000000000e+00
1.173179149627685547e+01,1.924223327636718750e+01,2.100000000000000000e+01,1.000000000000000000e+00
1.170989608764648438e+01,1.926574134826660156e+01,2.100000000000000000e+01,1.000000000000000000e+00
1.353019046783447266e+01,1.675629425048828125e+01,2.400000000000000000e+01,1.000000000000000000e+00
1.349941158294677734e+01,1.679011726379394531e+01,2.400000000000000000e+01,1.000000000000000000e+00
1.348128128051757812e+01,1.680717468261718750e+01,2.400000000000000000e+01,1.000000000000000000e+00
1.351022720336914062e+01,1.677845573425292969e+01,2.400000000000000000e+01,1.000000000000000000e+00
1.323430442810058594e+01,1.707822608947753906e+01,2.400000000000000000e+01,1.000000000000000000e+00
1.237897014617919922e+01,1.812071800231933594e+01,2.300000000000000000e+01,1.000000000000000000e+00
1.350479888916015625e+01,1.678269195556640625e+01,2.400000000000000000e+01,1.000000000000000000e+00
1.350478649139404297e+01,1.678355216979980469e+01,2.400000000000000000e+01,1.000000000000000000e+00
1.241893386840820312e+01,1.807974243164062500e+01,2.300000000000000000e+01,1.000000000000000000e+00
1.191789913177490234e+01,1.884136581420898438e+01,2.100000000000000000e+01,1.000000000000000000e+00
1.239485740661621094e+01,1.810679054260253906e+01,2.300000000000000000e+01,1.000000000000000000e+00
1.353431224822998047e+01,1.675073051452636719e+01,2.400000000000000000e+01,1.000000000000000000e+00
1.193989276885986328e+01,1.882348632812500000e+01,2.100000000000000000e+01,1.000000000000000000e+00
1.192649745941162109e+01,1.883567619323730469e+01,2.100000000000000000e+01,1.000000000000000000e+00
1.166847896575927734e+01,1.932229232788085938e+01,2.100000000000000000e+01,1.000000000000000000e+00
1.266696929931640625e+01,1.780472183227539062e+01,9.000000000000000000e+00,1.000000000000000000e+00
1.269389247894287109e+01,1.776993560791015625e+01,2.400000000000000000e+01,1.000000000000000000e+00
1.238534259796142578e+01,1.811403846740722656e+01,2.300000000000000000e+01,1.000000000000000000e+00
1.190875434875488281e+01,1.886084556579589844e+01,2.100000000000000000e+01,1.000000000000000000e+00
1.268845844268798828e+01,1.777176666259765625e+01,9.000000000000000000e+00,1.000000000000000000e+00
1.350612926483154297e+01,1.678268432617187500e+01,2.400000000000000000e+01,1.000000000000000000e+00
1.316542148590087891e+01,1.715138626098632812e+01,2.400000000000000000e+01,1.000000000000000000e+00
1.353425788879394531e+01,1.674349975585937500e+01,9.000000000000000000e+00,1.000000000000000000e+00
1.313512229919433594e+01,1.718790817260742188e+01,2.400000000000000000e+01,1.000000000000000000e+00
1.353770160675048828e+01,1.674240112304687500e+01,2.400000000000000000e+01,1.000000000000000000e+00
1.192521762847900391e+01,1.883184623718261719e+01,2.100000000000000000e+01,1.000000000000000000e+00
1.342722415924072266e+01,1.686838912963867188e+01,2.400000000000000000e+01,1.000000000000000000e+00
1.346774387359619141e+01,1.682462882995605469e+01,2.400000000000000000e+01,1.000000000000000000e+00
1.249412536621093750e+01,1.799983024597167969e+01,9.000000000000000000e+00,1.000000000000000000e+00
1.347791290283203125e+01,1.681122970581054688e+01,2.400000000000000000e+01,1.000000000000000000e+00
1.333566188812255859e+01,1.696909523010253906e+01,2.400000000000000000e+01,1.000000000000000000e+00
1.328626441955566406e+01,1.702187538146972656e+01,2.400000000000000000e+01,1.000000000000000000e+00
1.315445518493652344e+01,1.716504669189453125e+01,2.400000000000000000e+01,1.000000000000000000e+00
1.332062244415283203e+01,1.697863960266113281e+01,2.400000000000000000e+01,1.000000000000000000e+00
1.186316108703613281e+01,1.892782402038574219e+01,2.100000000000000000e+01,1.000000000000000000e+00
1.169188785552978516e+01,1.929583740234375000e+01,2.100000000000000000e+01,1.000000000000000000e+00
1.340555191040039062e+01,1.689058494567871094e+01,2.400000000000000000e+01,1.000000000000000000e+00
1.347344875335693359e+01,1.681669044494628906e+01,2.400000000000000000e+01,1.000000000000000000e+00
1.270687294006347656e+01,1.775748252868652344e+01,9.000000000000000000e+00,1.000000000000000000e+00
1.238470458984375000e+01,1.811382675170898438e+01,2.300000000000000000e+01,1.000000000000000000e+00
1.170497798919677734e+01,1.926744651794433594e+01,2.100000000000000000e+01,1.000000000000000000e+00
1.187564563751220703e+01,1.889765548706054688e+01,2.100000000000000000e+01,1.000000000000000000e+00
1.170169258117675781e+01,1.928377723693847656e+01,2.100000000000000000e+01,1.000000000000000000e+00
1.312861728668212891e+01,1.719029235839843750e+01,2.400000000000000000e+01,1.000000000000000000e+00
1.325260353088378906e+01,1.705820465087890625e+01,2.400000000000000000e+01,1.000000000000000000e+00
1.242496299743652344e+01,1.807414436340332031e+01,2.300000000000000000e+01,1.000000000000000000e+00
1.284624671936035156e+01,1.758566856384277344e+01,9.000000000000000000e+00,1.000000000000000000e+00
1.188881778717041016e+01,1.891855049133300781e+01,2.100000000000000000e+01,1.000000000000000000e+00
1.320858097076416016e+01,1.710501098632812500e+01,2.400000000000000000e+01,1.000000000000000000e+00
1.323670959472656250e+01,1.707491111755371094e+01,2.400000000000000000e+01,1.000000000000000000e+00
1.250665855407714844e+01,1.798506164550781250e+01,9.000000000000000000e+00,1.000000000000000000e+00
1.326242256164550781e+01,1.704729843139648438e+01,2.400000000000000000e+01,1.000000000000000000e+00
1.188547706604003906e+01,1.891413307189941406e+01,2.100000000000000000e+01,1.000000000000000000e+00
1.171352005004882812e+01,1.927082443237304688e+01,2.100000000000000000e+01,1.000000000000000000e+00
1.308707046508789062e+01,1.724028778076171875e+01,2.400000000000000000e+01,1.000000000000000000e+00
1.172312545776367188e+01,1.924772834777832031e+01,2.100000000000000000e+01,1.000000000000000000e+00
1.191721248626708984e+01,1.885284614562988281e+01,2.100000000000000000e+01,1.000000000000000000e+00
1.168467903137207031e+01,1.930459785461425781e+01,2.100000000000000000e+01,1.000000000000000000e+00
1.310484981536865234e+01,1.722181129455566406e+01,2.400000000000000000e+01,1.000000000000000000e+00
1.326671504974365234e+01,1.704284858703613281e+01,2.400000000000000000e+01,1.000000000000000000e+00
1.258472347259521484e+01,1.790054893493652344e+01,9.000000000000000000e+00,1.000000000000000000e+00
1.269966697692871094e+01,1.776493263244628906e+01,2.400000000000000000e+01,1.000000000000000000e+00
1.313971805572509766e+01,1.718225860595703125e+01,2.400000000000000000e+01,1.000000000000000000e+00
1.183696937561035156e+01,1.896111679077148438e+01,2.100000000000000000e+01,1.000000000000000000e+00
1.352856159210205078e+01,1.676003265380859375e+01,2.400000000000000000e+01,1.000000000000000000e+00
1.171382904052734375e+01,1.928004074096679688e+01,2.100000000000000000e+01,1.000000000000000000e+00
1.169564819335937500e+01,1.929106330871582031e+01,2.100000000000000000e+01,1.000000000000000000e+00
1.322009658813476562e+01,1.709190750122070312e+01,2.400000000000000000e+01,1.000000000000000000e+00
1.311921882629394531e+01,1.720126914978027344e+01,2.400000000000000000e+01,1.000000000000000000e+00
1.194351005554199219e+01,1.881824111938476562e+01,2.100000000000000000e+01,1.000000000000000000e+00
1.317846679687500000e+01,1.713455390930175781e+01,2.400000000000000000e+01,1.000000000000000000e+00
1.169439697265625000e+01,1.929675102233886719e+01,2.100000000000000000e+01,1.000000000000000000e+00
1.351835441589355469e+01,1.676313018798828125e+01,9.000000000000000000e+00,1.000000000000000000e+00
1.240590476989746094e+01,1.809183120727539062e+01,2.300000000000000000e+01,1.000000000000000000e+00
1.314400577545166016e+01,1.717156982421875000e+01,2.400000000000000000e+01,1.000000000000000000e+00
1.348245334625244141e+01,1.680685234069824219e+01,2.400000000000000000e+01,1.000000000000000000e+00
1.210397720336914062e+01,1.856858062744140625e+01,9.000000000000000000e+00,1.000000000000000000e+00
1.170716476440429688e+01,1.925521278381347656e+01,2.100000000000000000e+01,1.000000000000000000e+00
1.271647834777832031e+01,1.774388122558593750e+01,2.400000000000000000e+01,1.000000000000000000e+00
1.183835887908935547e+01,1.904510688781738281e+01,9.000000000000000000e+00,1.000000000000000000e+00
1.192752647399902344e+01,1.883229255676269531e+01,2.100000000000000000e+01,1.000000000000000000e+00
1.175382232666015625e+01,1.920195388793945312e+01,2.100000000000000000e+01,1.000000000000000000e+00
1.174237346649169922e+01,1.921166801452636719e+01,2.100000000000000000e+01,1.000000000000000000e+00
1.351319885253906250e+01,1.677480506896972656e+01,2.400000000000000000e+01,1.000000000000000000e+00
1.282939243316650391e+01,1.759769058227539062e+01,9.000000000000000000e+00,1.000000000000000000e+00
1.197271347045898438e+01,1.877691841125488281e+01,2.100000000000000000e+01,1.000000000000000000e+00
1.308006668090820312e+01,1.723796844482421875e+01,2.400000000000000000e+01,1.000000000000000000e+00
1.309521675109863281e+01,1.722583961486816406e+01,2.400000000000000000e+01,1.000000000000000000e+00
1.207573986053466797e+01,1.861039352416992188e+01,9.000000000000000000e+00,1.000000000000000000e+00
1.310870170593261719e+01,1.721497726440429688e+01,2.400000000000000000e+01,1.000000000000000000e+00
1.238151550292968750e+01,1.811768341064453125e+01,2.300000000000000000e+01,1.000000000000000000e+00
1.885847663879394531e+01,-5.614143848419189453e+00,1.100000000000000000e+01,1.000000000000000000e+00
1.169363594055175781e+01,1.929608726501464844e+01,2.100000000000000000e+01,1.000000000000000000e+00
1.335315608978271484e+01,1.694860458374023438e+01,2.400000000000000000e+01,1.000000000000000000e+00
1.274792194366455078e+01,1.770161056518554688e+01,2.400000000000000000e+01,1.000000000000000000e+00
1.309894084930419922e+01,1.722335624694824219e+01,2.400000000000000000e+01,1.000000000000000000e+00
1.168347549438476562e+01,1.930213928222656250e+01,2.100000000000000000e+01,1.000000000000000000e+00
1.241278934478759766e+01,1.808590316772460938e+01,2.300000000000000000e+01,1.000000000000000000e+00
1.317356300354003906e+01,1.714296340942382812e+01,2.400000000000000000e+01,1.000000000000000000e+00
1.169141674041748047e+01,1.928029060363769531e+01,2.100000000000000000e+01,1.000000000000000000e+00
1.900833511352539062e+01,-5.730115890502929688e+00,1.100000000000000000e+01,1.000000000000000000e+00
1.353639411926269531e+01,1.675193405151367188e+01,2.400000000000000000e+01,1.000000000000000000e+00
1.339462566375732422e+01,1.690018081665039062e+01,2.400000000000000000e+01,1.000000000000000000e+00
1.345167350769042969e+01,1.683769416809082031e+01,2.400000000000000000e+01,1.000000000000000000e+00
1.351797485351562500e+01,1.677034950256347656e+01,2.400000000000000000e+01,1.000000000000000000e+00
1.354572391510009766e+01,1.674252128601074219e+01,2.400000000000000000e+01,1.000000000000000000e+00
1.297529697418212891e+01,1.740623664855957031e+01,2.400000000000000000e+01,1.000000000000000000e+00
1.168562889099121094e+01,1.930887603759765625e+01,2.100000000000000000e+01,1.000000000000000000e+00
1.280141448974609375e+01,1.763382530212402344e+01,2.400000000000000000e+01,1.000000000000000000e+00
1.239833736419677734e+01,1.810169982910156250e+01,2.300000000000000000e+01,1.000000000000000000e+00
1.238936424255371094e+01,1.811039352416992188e+01,2.300000000000000000e+01,1.000000000000000000e+00
1.194806766510009766e+01,1.880861473083496094e+01,2.100000000000000000e+01,1.000000000000000000e+00
1.194312477111816406e+01,1.880986976623535156e+01,2.100000000000000000e+01,1.000000000000000000e+00
1.319861316680908203e+01,1.711296653747558594e+01,2.400000000000000000e+01,1.000000000000000000e+00
1.213705253601074219e+01,1.852267456054687500e+01,9.000000000000000000e+00,1.000000000000000000e+00
1.311308193206787109e+01,1.721626281738281250e+01,2.400000000000000000e+01,1.000000000000000000e+00
1.238907051086425781e+01,1.810387039184570312e+01,2.300000000000000000e+01,1.000000000000000000e+00
1.191177749633789062e+01,1.884849357604980469e+01,2.100000000000000000e+01,1.000000000000000000e+00
1.348186779022216797e+01,1.680569267272949219e+01,2.400000000000000000e+01,1.000000000000000000e+00
1.315244483947753906e+01,1.716490364074707031e+01,2.400000000000000000e+01,1.000000000000000000e+00
1.312082386016845703e+01,1.720006752014160156e+01,2.400000000000000000e+01,1.000000000000000000e+00
1.268329715728759766e+01,1.778103256225585938e+01,2.400000000000000000e+01,1.000000000000000000e+00
1.313236045837402344e+01,1.719068717956542969e+01,2.400000000000000000e+01,1.000000000000000000e+00
1.348858547210693359e+01,1.680081748962402344e+01,2.400000000000000000e+01,1.000000000000000000e+00
1.349141597747802734e+01,1.679778099060058594e+01,2.400000000000000000e+01,1.000000000000000000e+00
1.250011539459228516e+01,1.799768829345703125e+01,2.400000000000000000e+01,1.000000000000000000e+00
1.349527072906494141e+01,1.679375839233398438e+01,2.400000000000000000e+01,1.000000000000000000e+00
1.311364078521728516e+01,1.720733833312988281e+01,2.400000000000000000e+01,1.000000000000000000e+00
1.342139339447021484e+01,1.686939239501953125e+01,2.400000000000000000e+01,1.000000000000000000e+00
1.191181755065917969e+01,1.884959220886230469e+01,2.100000000000000000e+01,1.000000000000000000e+00
1.183065128326416016e+01,1.900800514221191406e+01,2.100000000000000000e+01,1.000000000000000000e+00
1.347097206115722656e+01,1.681638145446777344e+01,2.400000000000000000e+01,1.000000000000000000e+00
9.829073905944824219e+00,4.951373100280761719e+00,2.000000000000000000e+01,1.000000000000000000e+00
9.514054298400878906e+00,5.505201339721679688e+00,9.000000000000000000e+00,1.000000000000000000e+00
9.908205986022949219e+00,4.831781864166259766e+00,2.000000000000000000e+01,1.000000000000000000e+00
9.283732414245605469e+00,6.250409603118896484e+00,2.000000000000000000e+01,1.000000000000000000e+00
9.796562194824218750e+00,4.991506576538085938e+00,2.000000000000000000e+01,1.000000000000000000e+00
9.298849105834960938e+00,6.104831218719482422e+00,2.000000000000000000e+01,1.000000000000000000e+00
9.021286010742187500e+00,6.419449329376220703e+00,9.000000000000000000e+00,1.000000000000000000e+00
1.022379016876220703e+01,4.028033733367919922e+00,1.900000000000000000e+01,1.000000000000000000e+00
8.417487144470214844e+00,5.997865676879882812e+00,1.800000000000000000e+01,1.000000000000000000e+00
1.000552558898925781e+01,4.733959674835205078e+00,2.000000000000000000e+01,1.000000000000000000e+00
9.879234313964843750e+00,4.872995376586914062e+00,2.000000000000000000e+01,1.000000000000000000e+00
9.417255401611328125e+00,5.732846736907958984e+00,2.000000000000000000e+01,1.000000000000000000e+00
9.928548812866210938e+00,4.784780502319335938e+00,9.000000000000000000e+00,1.000000000000000000e+00
1.006397247314453125e+01,4.520088672637939453e+00,9.000000000000000000e+00,1.000000000000000000e+00
9.275713920593261719e+00,6.220413684844970703e+00,2.000000000000000000e+01,1.000000000000000000e+00
1.006685829162597656e+01,4.496908187866210938e+00,1.900000000000000000e+01,1.000000000000000000e+00
8.409966468811035156e+00,5.956574916839599609e+00,1.800000000000000000e+01,1.000000000000000000e+00
9.510297775268554688e+00,5.555835247039794922e+00,9.000000000000000000e+00,1.000000000000000000e+00
9.933550834655761719e+00,4.806358337402343750e+00,9.000000000000000000e+00,1.000000000000000000e+00
7.872328281402587891e+00,6.086964607238769531e+00,9.000000000000000000e+00,1.000000000000000000e+00
9.851174354553222656e+00,4.912217140197753906e+00,2.000000000000000000e+01,1.000000000000000000e+00
9.881699562072753906e+00,4.878286838531494141e+00,2.000000000000000000e+01,1.000000000000000000e+00
9.294906616210937500e+00,6.189737796783447266e+00,2.000000000000000000e+01,1.000000000000000000e+00
9.871683120727539062e+00,4.893395900726318359e+00,2.000000000000000000e+01,1.000000000000000000e+00
1.008965778350830078e+01,4.448728084564208984e+00,9.000000000000000000e+00,1.000000000000000000e+00
1.019382572174072266e+01,4.065626621246337891e+00,9.000000000000000000e+00,1.000000000000000000e+00
8.504239082336425781e+00,5.896629333496093750e+00,1.800000000000000000e+01,1.000000000000000000e+00
9.857007980346679688e+00,4.894713878631591797e+00,9.000000000000000000e+00,1.000000000000000000e+00
9.572682380676269531e+00,5.415283203125000000e+00,9.000000000000000000e+00,1.000000000000000000e+00
1.018702793121337891e+01,4.137574672698974609e+00,9.000000000000000000e+00,1.000000000000000000e+00
1.021076297760009766e+01,4.036732196807861328e+00,9.000000000000000000e+00,1.000000000000000000e+00
9.879791259765625000e+00,4.861186027526855469e+00,9.000000000000000000e+00,1.000000000000000000e+00
9.896451950073242188e+00,4.844102859497070312e+00,9.000000000000000000e+00,1.000000000000000000e+00
9.224180221557617188e+00,6.214062213897705078e+00,2.000000000000000000e+01,1.000000000000000000e+00
9.900876045227050781e+00,4.826177120208740234e+00,9.000000000000000000e+00,1.000000000000000000e+00
9.765652656555175781e+00,5.027116298675537109e+00,2.000000000000000000e+01,1.000000000000000000e+00
9.007323265075683594e+00,6.339216232299804688e+00,9.000000000000000000e+00,1.000000000000000000e+00
9.766951560974121094e+00,5.049402713775634766e+00,2.000000000000000000e+01,1.000000000000000000e+00
1.000423622131347656e+01,4.712198734283447266e+00,9.000000000000000000e+00,1.000000000000000000e+00
8.483178138732910156e+00,5.931361675262451172e+00,1.800000000000000000e+01,1.000000000000000000e+00
9.874930381774902344e+00,4.902968406677246094e+00,9.000000000000000000e+00,1.000000000000000000e+00
8.384554862976074219e+00,6.031227588653564453e+00,9.000000000000000000e+00,1.000000000000000000e+00
9.998172760009765625e+00,4.736785411834716797e+00,2.000000000000000000e+01,1.000000000000000000e+00
1.022842979431152344e+01,4.026832580566406250e+00,9.000000000000000000e+00,1.000000000000000000e+00
9.869605064392089844e+00,4.887840747833251953e+00,2.000000000000000000e+01,1.000000000000000000e+00
8.353712081909179688e+00,5.982267856597900391e+00,9.000000000000000000e+00,1.000000000000000000e+00
8.532411575317382812e+00,5.863554477691650391e+00,1.800000000000000000e+01,1.000000000000000000e+00
9.794189453125000000e+00,4.992592811584472656e+00,2.000000000000000000e+01,1.000000000000000000e+00
9.232853889465332031e+00,6.192281246185302734e+00,2.000000000000000000e+01,1.000000000000000000e+00
1.022065830230712891e+01,4.029365539550781250e+00,1.900000000000000000e+01,1.000000000000000000e+00
9.611034393310546875e+00,5.312018871307373047e+00,2.000000000000000000e+01,1.000000000000000000e+00
9.829440116882324219e+00,4.963789939880371094e+00,9.000000000000000000e+00,1.000000000000000000e+00
8.592984199523925781e+00,5.830379962921142578e+00,9.000000000000000000e+00,1.000000000000000000e+00
9.207876205444335938e+00,6.220608234405517578e+00,2.000000000000000000e+01,1.000000000000000000e+00
9.947970390319824219e+00,4.733088493347167969e+00,9.000000000000000000e+00,1.000000000000000000e+00
9.288758277893066406e+00,6.223603248596191406e+00,2.000000000000000000e+01,1.000000000000000000e+00
8.364197731018066406e+00,5.971521854400634766e+00,9.000000000000000000e+00,1.000000000000000000e+00
9.727160453796386719e+00,5.152395248413085938e+00,2.000000000000000000e+01,1.000000000000000000e+00
9.707763671875000000e+00,5.130500793457031250e+00,2.000000000000000000e+01,1.000000000000000000e+00
1.021728229522705078e+01,4.032153129577636719e+00,9.000000000000000000e+00,1.000000000000000000e+00
8.479244232177734375e+00,5.913344860076904297e+00,1.800000000000000000e+01,1.000000000000000000e+00
9.242980957031250000e+00,6.191768646240234375e+00,2.000000000000000000e+01,1.000000000000000000e+00
9.883056640625000000e+00,4.861761093139648438e+00,9.000000000000000000e+00,1.000000000000000000e+00
9.366573333740234375e+00,5.789149284362792969e+00,2.000000000000000000e+01,1.000000000000000000e+00
1.010845756530761719e+01,4.383090496063232422e+00,9.000000000000000000e+00,1.000000000000000000e+00
9.398270606994628906e+00,5.775923252105712891e+00,2.000000000000000000e+01,1.000000000000000000e+00
9.676673889160156250e+00,5.185923576354980469e+00,2.000000000000000000e+01,1.000000000000000000e+00
9.936708450317382812e+00,4.804350852966308594e+00,9.000000000000000000e+00,1.000000000000000000e+00
1.023220157623291016e+01,4.030185699462890625e+00,1.900000000000000000e+01,1.000000000000000000e+00
8.439244270324707031e+00,6.097849845886230469e+00,1.800000000000000000e+01,1.000000000000000000e+00
9.799697875976562500e+00,4.972109317779541016e+00,2.000000000000000000e+01,1.000000000000000000e+00
9.547249794006347656e+00,5.399857997894287109e+00,9.000000000000000000e+00,1.000000000000000000e+00
8.783090591430664062e+00,1.241127204895019531e+01,9.000000000000000000e+00,1.000000000000000000e+00
9.902920722961425781e+00,4.833058357238769531e+00,2.000000000000000000e+01,1.000000000000000000e+00
9.252170562744140625e+00,6.254648208618164062e+00,2.000000000000000000e+01,1.000000000000000000e+00
9.562689781188964844e+00,5.359193801879882812e+00,2.000000000000000000e+01,1.000000000000000000e+00
8.513428688049316406e+00,5.886784076690673828e+00,1.800000000000000000e+01,1.000000000000000000e+00
9.194226264953613281e+00,6.190900802612304688e+00,2.000000000000000000e+01,1.000000000000000000e+00
9.392980575561523438e+00,5.805268287658691406e+00,9.000000000000000000e+00,1.000000000000000000e+00
9.597884178161621094e+00,5.370945453643798828e+00,9.000000000000000000e+00,1.000000000000000000e+00
1.019254016876220703e+01,4.093027591705322266e+00,1.900000000000000000e+01,1.000000000000000000e+00
1.022331142425537109e+01,4.027566909790039062e+00,1.900000000000000000e+01,1.000000000000000000e+00
9.880864143371582031e+00,4.865978717803955078e+00,9.000000000000000000e+00,1.000000000000000000e+00
9.840174674987792969e+00,4.945946693420410156e+00,9.000000000000000000e+00,1.000000000000000000e+00
9.125612258911132812e+00,6.202593803405761719e+00,9.000000000000000000e+00,1.000000000000000000e+00
9.878735542297363281e+00,4.882904052734375000e+00,2.000000000000000000e+01,1.000000000000000000e+00
1.018821048736572266e+01,4.079829216003417969e+00,9.000000000000000000e+00,1.000000000000000000e+00
9.796820640563964844e+00,5.013761043548583984e+00,9.000000000000000000e+00,1.000000000000000000e+00
1.012134838104248047e+01,4.347264766693115234e+00,9.000000000000000000e+00,1.000000000000000000e+00
8.444330215454101562e+00,5.940344333648681641e+00,1.800000000000000000e+01,1.000000000000000000e+00
9.949538230895996094e+00,4.783333778381347656e+00,2.000000000000000000e+01,1.000000000000000000e+00
1.003024673461914062e+01,4.620856761932373047e+00,9.000000000000000000e+00,1.000000000000000000e+00
9.976176261901855469e+00,4.762722015380859375e+00,2.000000000000000000e+01,1.000000000000000000e+00
1.021517372131347656e+01,4.041903018951416016e+00,9.000000000000000000e+00,1.000000000000000000e+00
1.008784484863281250e+01,4.448269367218017578e+00,1.900000000000000000e+01,1.000000000000000000e+00
9.938631057739257812e+00,4.789042949676513672e+00,2.000000000000000000e+01,1.000000000000000000e+00
9.622109413146972656e+00,5.296550750732421875e+00,2.000000000000000000e+01,1.000000000000000000e+00
9.691027641296386719e+00,5.205658435821533203e+00,2.000000000000000000e+01,1.000000000000000000e+00
9.851133346557617188e+00,4.936747074127197266e+00,9.000000000000000000e+00,1.000000000000000000e+00
9.561945915222167969e+00,5.371764659881591797e+00,2.000000000000000000e+01,1.000000000000000000e+00
9.931520462036132812e+00,4.791500091552734375e+00,9.000000000000000000e+00,1.000000000000000000e+00
9.360039710998535156e+00,5.927647590637207031e+00,2.000000000000000000e+01,1.000000000000000000e+00
6.378009319305419922e+00,5.202189683914184570e-01,9.000000000000000000e+00,1.000000000000000000e+00
8.570438385009765625e+00,5.797966480255126953e+00,9.000000000000000000e+00,1.000000000000000000e+00
1.022075748443603516e+01,4.035812377929687500e+00,1.900000000000000000e+01,1.000000000000000000e+00
9.636268615722656250e+00,5.189206123352050781e+00,9.000000000000000000e+00,1.000000000000000000e+00
1.021863651275634766e+01,4.037447452545166016e+00,1.900000000000000000e+01,1.000000000000000000e+00
9.589438438415527344e+00,5.325769424438476562e+00,2.000000000000000000e+01,1.000000000000000000e+00
9.579280853271484375e+00,5.358637332916259766e+00,2.000000000000000000e+01,1.000000000000000000e+00
9.961984634399414062e+00,4.724661350250244141e+00,9.000000000000000000e+00,1.000000000000000000e+00
9.990207672119140625e+00,4.741817474365234375e+00,9.000000000000000000e+00,1.000000000000000000e+00
1.007703971862792969e+01,4.473786830902099609e+00,1.900000000000000000e+01,1.000000000000000000e+00
8.490037918090820312e+00,5.914593219757080078e+00,1.800000000000000000e+01,1.000000000000000000e+00
9.452151298522949219e+00,5.667630195617675781e+00,2.000000000000000000e+01,1.000000000000000000e+00
1.004658889770507812e+01,4.555656433105468750e+00,1.900000000000000000e+01,1.000000000000000000e+00
1.001038169860839844e+01,4.720242023468017578e+00,2.000000000000000000e+01,1.000000000000000000e+00
9.975613594055175781e+00,4.702946186065673828e+00,9.000000000000000000e+00,1.000000000000000000e+00
9.343541145324707031e+00,6.013687610626220703e+00,9.000000000000000000e+00,1.000000000000000000e+00
9.673383712768554688e+00,5.191818237304687500e+00,2.000000000000000000e+01,1.000000000000000000e+00
9.756545066833496094e+00,5.063636779785156250e+00,2.000000000000000000e+01,1.000000000000000000e+00
1.021430492401123047e+01,4.043071269989013672e+00,9.000000000000000000e+00,1.000000000000000000e+00
9.291468620300292969e+00,6.257567405700683594e+00,2.000000000000000000e+01,1.000000000000000000e+00
9.287033081054687500e+00,6.247586250305175781e+00,2.000000000000000000e+01,1.000000000000000000e+00
9.539179801940917969e+00,5.400347709655761719e+00,2.000000000000000000e+01,1.000000000000000000e+00
9.751384735107421875e+00,5.043515205383300781e+00,2.000000000000000000e+01,1.000000000000000000e+00
8.522109985351562500e+00,5.901010990142822266e+00,9.000000000000000000e+00,1.000000000000000000e+00
9.491169929504394531e+00,5.476340293884277344e+00,2.000000000000000000e+01,1.000000000000000000e+00
9.261430740356445312e+00,6.177630424499511719e+00,2.000000000000000000e+01,1.000000000000000000e+00
9.978492736816406250e+00,4.755427837371826172e+00,9.000000000000000000e+00,1.000000000000000000e+00
9.654594421386718750e+00,5.235161304473876953e+00,9.000000000000000000e+00,1.000000000000000000e+00
9.931779861450195312e+00,4.792419433593750000e+00,9.000000000000000000e+00,1.000000000000000000e+00
8.562370300292968750e+00,5.825556278228759766e+00,1.800000000000000000e+01,1.000000000000000000e+00
8.538850784301757812e+00,5.860089302062988281e+00,1.800000000000000000e+01,1.000000000000000000e+00
9.645208358764648438e+00,5.240311145782470703e+00,2.000000000000000000e+01,1.000000000000000000e+00
9.228813171386718750e+00,6.198968410491943359e+00,2.000000000000000000e+01,1.000000000000000000e+00
8.533435821533203125e+00,5.859476566314697266e+00,1.800000000000000000e+01,1.000000000000000000e+00
1.020204448699951172e+01,4.076155185699462891e+00,9.000000000000000000e+00,1.000000000000000000e+00
9.415544509887695312e+00,5.749217987060546875e+00,2.000000000000000000e+01,1.000000000000000000e+00
9.333925247192382812e+00,6.024363040924072266e+00,2.000000000000000000e+01,1.000000000000000000e+00
1.003871726989746094e+01,4.638012886047363281e+00,9.000000000000000000e+00,1.000000000000000000e+00
9.799898147583007812e+00,5.030174255371093750e+00,9.000000000000000000e+00,1.000000000000000000e+00
9.830089569091796875e+00,4.939071178436279297e+00,2.000000000000000000e+01,1.000000000000000000e+00
9.389389038085937500e+00,5.798299789428710938e+00,2.000000000000000000e+01,1.000000000000000000e+00
1.327259826660156250e+01,1.701758193969726562e+01,9.000000000000000000e+00,1.000000000000000000e+00
1.019898796081542969e+01,4.068129539489746094e+00,1.900000000000000000e+01,1.000000000000000000e+00
1.002575969696044922e+01,4.711110115051269531e+00,2.000000000000000000e+01,1.000000000000000000e+00
1.021661663055419922e+01,4.044834136962890625e+00,1.900000000000000000e+01,1.000000000000000000e+00
8.506894111633300781e+00,5.891736984252929688e+00,1.800000000000000000e+01,1.000000000000000000e+00
9.177579879760742188e+00,6.224038600921630859e+00,2.000000000000000000e+01,1.000000000000000000e+00
9.287291526794433594e+00,6.247567176818847656e+00,2.000000000000000000e+01,1.000000000000000000e+00
9.985708236694335938e+00,4.743213176727294922e+00,2.000000000000000000e+01,1.000000000000000000e+00
9.347574234008789062e+00,5.973389625549316406e+00,2.000000000000000000e+01,1.000000000000000000e+00
8.322669982910156250e+00,5.971420764923095703e+00,9.000000000000000000e+00,1.000000000000000000e+00
9.255977630615234375e+00,6.166091442108154297e+00,2.000000000000000000e+01,1.000000000000000000e+00
9.663567543029785156e+00,5.188406467437744141e+00,2.000000000000000000e+01,1.000000000000000000e+00
8.504992485046386719e+00,5.917074680328369141e+00,9.000000000000000000e+00,1.000000000000000000e+00
9.954207420349121094e+00,4.778184890747070312e+00,2.000000000000000000e+01,1.000000000000000000e+00
9.758623123168945312e+00,5.033058166503906250e+00,2.000000000000000000e+01,1.000000000000000000e+00
9.796164512634277344e+00,4.983082771301269531e+00,2.000000000000000000e+01,1.000000000000000000e+00
9.398566246032714844e+00,5.837533950805664062e+00,9.000000000000000000e+00,1.000000000000000000e+00
9.458674430847167969e+00,5.653436183929443359e+00,9.000000000000000000e+00,1.000000000000000000e+00
9.483180046081542969e+00,5.573719501495361328e+00,2.000000000000000000e+01,1.000000000000000000e+00
9.302668571472167969e+00,5.763348102569580078e+00,9.000000000000000000e+00,1.000000000000000000e+00
8.834873199462890625e+00,1.236742115020751953e+01,9.000000000000000000e+00,1.000000000000000000e+00
9.297220230102539062e+00,6.145727634429931641e+00,2.000000000000000000e+01,1.000000000000000000e+00
9.264533042907714844e+00,6.179920673370361328e+00,2.000000000000000000e+01,1.000000000000000000e+00
9.307909011840820312e+00,5.772849559783935547e+00,9.000000000000000000e+00,1.000000000000000000e+00
1.022417831420898438e+01,4.027809619903564453e+00,1.900000000000000000e+01,1.000000000000000000e+00
9.542805671691894531e+00,5.420410633087158203e+00,2.000000000000000000e+01,1.000000000000000000e+00
9.401369094848632812e+00,5.692838668823242188e+00,2.000000000000000000e+01,1.000000000000000000e+00
9.991722106933593750e+00,4.743275642395019531e+00,9.000000000000000000e+00,1.000000000000000000e+00
9.637777328491210938e+00,5.264456748962402344e+00,2.000000000000000000e+01,1.000000000000000000e+00
9.310886383056640625e+00,6.231075286865234375e+00,2.000000000000000000e+01,1.000000000000000000e+00
1.002131271362304688e+01,4.610311985015869141e+00,1.900000000000000000e+01,1.000000000000000000e+00
8.532849311828613281e+00,5.846610069274902344e+00,9.000000000000000000e+00,1.000000000000000000e+00
1.020362377166748047e+01,4.058590888977050781e+00,1.900000000000000000e+01,1.000000000000000000e+00
9.830129623413085938e+00,4.938443183898925781e+00,9.000000000000000000e+00,1.000000000000000000e+00
9.990918159484863281e+00,4.755976676940917969e+00,2.000000000000000000e+01,1.000000000000000000e+00
6.326983451843261719e+00,6.164876818656921387e-01,9.000000000000000000e+00,1.000000000000000000e+00
9.788355827331542969e+00,5.003824234008789062e+00,2.000000000000000000e+01,1.000000000000000000e+00
9.291311264038085938e+00,6.186704635620117188e+00,2.000000000000000000e+01,1.000000000000000000e+00
8.516262054443359375e+00,5.886218547821044922e+00,1.800000000000000000e+01,1.000000000000000000e+00
9.844733238220214844e+00,4.916860103607177734e+00,9.000000000000000000e+00,1.000000000000000000e+00
9.406201362609863281e+00,5.773115158081054688e+00,2.000000000000000000e+01,1.000000000000000000e+00
9.397943496704101562e+00,5.860518455505371094e+00,2.000000000000000000e+01,1.000000000000000000e+00
9.881363868713378906e+00,4.878553390502929688e+00,2.000000000000000000e+01,1.000000000000000000e+00
1.003955650329589844e+01,4.577820777893066406e+00,1.900000000000000000e+01,1.000000000000000000e+00
9.422406196594238281e+00,5.723219394683837891e+00,2.000000000000000000e+01,1.000000000000000000e+00
8.497804641723632812e+00,5.889039993286132812e+00,1.800000000000000000e+01,1.000000000000000000e+00
8.466214179992675781e+00,5.928728580474853516e+00,1.800000000000000000e+01,1.000000000000000000e+00
9.880788803100585938e+00,4.833677768707275391e+00,9.000000000000000000e+00,1.000000000000000000e+00
9.172876358032226562e+00,6.221510410308837891e+00,2.000000000000000000e+01,1.000000000000000000e+00
1.003386020660400391e+01,4.593264579772949219e+00,1.900000000000000000e+01,1.000000000000000000e+00
9.262479782104492188e+00,6.193647861480712891e+00,2.000000000000000000e+01,1.000000000000000000e+00
9.416704177856445312e+00,5.740009784698486328e+00,2.000000000000000000e+01,1.000000000000000000e+00
8.538832664489746094e+00,5.954325675964355469e+00,9.000000000000000000e+00,1.000000000000000000e+00
9.976460456848144531e+00,4.745681762695312500e+00,9.000000000000000000e+00,1.000000000000000000e+00
8.579493522644042969e+00,6.131583690643310547e+00,1.800000000000000000e+01,1.000000000000000000e+00
1.001006031036376953e+01,4.719464302062988281e+00,9.000000000000000000e+00,1.000000000000000000e+00
9.780420303344726562e+00,5.003362655639648438e+00,9.000000000000000000e+00,1.000000000000000000e+00
8.534305572509765625e+00,5.855282783508300781e+00,1.800000000000000000e+01,1.000000000000000000e+00
9.289207458496093750e+00,6.245373725891113281e+00,2.000000000000000000e+01,1.000000000000000000e+00
9.904141426086425781e+00,4.882309436798095703e+00,2.000000000000000000e+01,1.000000000000000000e+00
1.010889434814453125e+01,4.370419979095458984e+00,9.000000000000000000e+00,1.000000000000000000e+00
9.991017341613769531e+00,4.734500408172607422e+00,9.000000000000000000e+00,1.000000000000000000e+00
9.022405624389648438e+00,6.417803764343261719e+00,9.000000000000000000e+00,1.000000000000000000e+00
9.338428497314453125e+00,6.040039539337158203e+00,2.000000000000000000e+01,1.000000000000000000e+00
9.277646064758300781e+00,6.248159885406494141e+00,2.000000000000000000e+01,1.000000000000000000e+00
1.021155261993408203e+01,4.054119110107421875e+00,1.900000000000000000e+01,1.000000000000000000e+00
9.638466835021972656e+00,5.255109786987304688e+00,2.000000000000000000e+01,1.000000000000000000e+00
9.075727462768554688e+00,1.339268779754638672e+01,2.800000000000000000e+01,1.000000000000000000e+00
9.101070404052734375e+00,1.369038486480712891e+01,2.800000000000000000e+01,1.000000000000000000e+00
9.097650527954101562e+00,1.364633274078369141e+01,2.800000000000000000e+01,1.000000000000000000e+00
9.242254257202148438e+00,1.490773582458496094e+01,2.800000000000000000e+01,1.000000000000000000e+00
8.500211715698242188e+00,1.348468971252441406e+01,2.500000000000000000e+01,1.000000000000000000e+00
9.102143287658691406e+00,1.369454383850097656e+01,2.800000000000000000e+01,1.000000000000000000e+00
9.091162681579589844e+00,1.344292068481445312e+01,2.800000000000000000e+01,1.000000000000000000e+00
9.082571029663085938e+00,1.334564304351806641e+01,2.800000000000000000e+01,1.000000000000000000e+00
8.902331352233886719e+00,1.304378795623779297e+01,2.800000000000000000e+01,1.000000000000000000e+00
9.135502815246582031e+00,1.466706180572509766e+01,2.800000000000000000e+01,1.000000000000000000e+00
9.107305526733398438e+00,1.360441780090332031e+01,2.800000000000000000e+01,1.000000000000000000e+00
9.073951721191406250e+00,1.339604568481445312e+01,2.800000000000000000e+01,1.000000000000000000e+00
8.929399490356445312e+00,1.314436054229736328e+01,9.000000000000000000e+00,1.000000000000000000e+00
8.975982666015625000e+00,1.237242221832275391e+01,2.700000000000000000e+01,1.000000000000000000e+00
8.990564346313476562e+00,1.236903190612792969e+01,2.700000000000000000e+01,1.000000000000000000e+00
9.120926856994628906e+00,1.452990341186523438e+01,2.800000000000000000e+01,1.000000000000000000e+00
9.241820335388183594e+00,1.491123962402343750e+01,2.800000000000000000e+01,1.000000000000000000e+00
8.991046905517578125e+00,1.233534240722656250e+01,2.700000000000000000e+01,1.000000000000000000e+00
8.497933387756347656e+00,1.348623085021972656e+01,2.500000000000000000e+01,1.000000000000000000e+00
9.115394592285156250e+00,1.367512226104736328e+01,2.800000000000000000e+01,1.000000000000000000e+00
8.987422943115234375e+00,1.315037250518798828e+01,2.800000000000000000e+01,1.000000000000000000e+00
8.935109138488769531e+00,1.308444595336914062e+01,2.800000000000000000e+01,1.000000000000000000e+00
9.063129425048828125e+00,1.420486068725585938e+01,2.800000000000000000e+01,1.000000000000000000e+00
9.185420036315917969e+00,1.479342651367187500e+01,2.800000000000000000e+01,1.000000000000000000e+00
9.258639335632324219e+00,1.494111537933349609e+01,2.800000000000000000e+01,1.000000000000000000e+00
9.186998367309570312e+00,1.468199443817138672e+01,2.800000000000000000e+01,1.000000000000000000e+00
8.900546073913574219e+00,1.305038452148437500e+01,2.800000000000000000e+01,1.000000000000000000e+00
9.185348510742187500e+00,1.479153347015380859e+01,2.800000000000000000e+01,1.000000000000000000e+00
9.070874214172363281e+00,1.431114101409912109e+01,2.800000000000000000e+01,1.000000000000000000e+00
9.067906379699707031e+00,1.407848167419433594e+01,2.800000000000000000e+01,1.000000000000000000e+00
-4.227211475372314453e+00,1.502920055389404297e+01,9.000000000000000000e+00,1.000000000000000000e+00
8.502016067504882812e+00,1.348830032348632812e+01,2.500000000000000000e+01,1.000000000000000000e+00
8.579784393310546875e+00,1.360729408264160156e+01,9.000000000000000000e+00,1.000000000000000000e+00
9.002424240112304688e+00,1.377073001861572266e+01,2.800000000000000000e+01,1.000000000000000000e+00
9.088971138000488281e+00,1.437456226348876953e+01,2.800000000000000000e+01,1.000000000000000000e+00
9.238597869873046875e+00,1.489778614044189453e+01,2.800000000000000000e+01,1.000000000000000000e+00
9.014717102050781250e+00,1.383547115325927734e+01,2.800000000000000000e+01,1.000000000000000000e+00
9.080380439758300781e+00,1.376043701171875000e+01,2.800000000000000000e+01,1.000000000000000000e+00
8.487607002258300781e+00,1.349564170837402344e+01,9.000000000000000000e+00,1.000000000000000000e+00
8.995438575744628906e+00,1.237621402740478516e+01,2.700000000000000000e+01,1.000000000000000000e+00
9.254129409790039062e+00,1.493249034881591797e+01,2.800000000000000000e+01,1.000000000000000000e+00
9.072129249572753906e+00,1.409806156158447266e+01,2.800000000000000000e+01,1.000000000000000000e+00
8.994491577148437500e+00,1.320593547821044922e+01,2.800000000000000000e+01,1.000000000000000000e+00
8.676761627197265625e+00,1.371887207031250000e+01,9.000000000000000000e+00,1.000000000000000000e+00
9.264512062072753906e+00,1.494408512115478516e+01,2.800000000000000000e+01,1.000000000000000000e+00
9.183300018310546875e+00,1.477286529541015625e+01,2.800000000000000000e+01,1.000000000000000000e+00
9.105616569519042969e+00,1.352714252471923828e+01,2.800000000000000000e+01,1.000000000000000000e+00
9.075885772705078125e+00,1.423746395111083984e+01,2.800000000000000000e+01,1.000000000000000000e+00
9.060318946838378906e+00,1.414666557312011719e+01,2.800000000000000000e+01,1.000000000000000000e+00
8.999134063720703125e+00,1.235115146636962891e+01,2.700000000000000000e+01,1.000000000000000000e+00
8.955578804016113281e+00,1.314640998840332031e+01,2.800000000000000000e+01,1.000000000000000000e+00
9.057856559753417969e+00,1.332122230529785156e+01,2.800000000000000000e+01,1.000000000000000000e+00
9.208118438720703125e+00,1.483254146575927734e+01,2.800000000000000000e+01,1.000000000000000000e+00
9.229181289672851562e+00,1.490296459197998047e+01,2.800000000000000000e+01,1.000000000000000000e+00
9.268135070800781250e+00,1.496433734893798828e+01,2.800000000000000000e+01,1.000000000000000000e+00
9.280617713928222656e+00,1.497143077850341797e+01,2.800000000000000000e+01,1.000000000000000000e+00
9.155089378356933594e+00,1.471475028991699219e+01,2.800000000000000000e+01,1.000000000000000000e+00
8.484148979187011719e+00,1.348401451110839844e+01,2.500000000000000000e+01,1.000000000000000000e+00
9.104872703552246094e+00,1.355240440368652344e+01,2.800000000000000000e+01,1.000000000000000000e+00
8.986149787902832031e+00,1.240941238403320312e+01,2.700000000000000000e+01,1.000000000000000000e+00
-4.227333545684814453e+00,1.502922630310058594e+01,9.000000000000000000e+00,1.000000000000000000e+00
9.166926383972167969e+00,1.475478553771972656e+01,2.800000000000000000e+01,1.000000000000000000e+00
9.051891326904296875e+00,1.418059444427490234e+01,2.800000000000000000e+01,1.000000000000000000e+00
9.252185821533203125e+00,1.492485809326171875e+01,2.800000000000000000e+01,1.000000000000000000e+00
9.008564949035644531e+00,1.333015441894531250e+01,2.800000000000000000e+01,1.000000000000000000e+00
9.134726524353027344e+00,1.462573432922363281e+01,2.800000000000000000e+01,1.000000000000000000e+00
8.920557975769042969e+00,1.305958557128906250e+01,9.000000000000000000e+00,1.000000000000000000e+00
8.486342430114746094e+00,1.350261497497558594e+01,2.500000000000000000e+01,1.000000000000000000e+00
9.094441413879394531e+00,1.355250072479248047e+01,2.800000000000000000e+01,1.000000000000000000e+00
8.624510765075683594e+00,1.369999599456787109e+01,9.000000000000000000e+00,1.000000000000000000e+00
9.201330184936523438e+00,1.482840538024902344e+01,2.800000000000000000e+01,1.000000000000000000e+00
9.126386642456054688e+00,1.450885105133056641e+01,2.800000000000000000e+01,1.000000000000000000e+00
9.086681365966796875e+00,1.369057083129882812e+01,2.800000000000000000e+01,1.000000000000000000e+00
9.115335464477539062e+00,1.374203491210937500e+01,2.800000000000000000e+01,1.000000000000000000e+00
8.977341651916503906e+00,1.314368152618408203e+01,2.800000000000000000e+01,1.000000000000000000e+00
8.996486663818359375e+00,1.232016277313232422e+01,2.700000000000000000e+01,1.000000000000000000e+00
8.936484336853027344e+00,1.311380386352539062e+01,2.800000000000000000e+01,1.000000000000000000e+00
9.159358978271484375e+00,1.469187736511230469e+01,2.800000000000000000e+01,1.000000000000000000e+00
9.063755989074707031e+00,1.399955272674560547e+01,2.800000000000000000e+01,1.000000000000000000e+00
-4.227417945861816406e+00,1.502919769287109375e+01,9.000000000000000000e+00,1.000000000000000000e+00
9.287736892700195312e+00,1.498381423950195312e+01,2.800000000000000000e+01,1.000000000000000000e+00
9.090002059936523438e+00,1.362647438049316406e+01,2.800000000000000000e+01,1.000000000000000000e+00
9.031216621398925781e+00,1.320282173156738281e+01,2.800000000000000000e+01,1.000000000000000000e+00
9.267763137817382812e+00,1.494383430480957031e+01,2.800000000000000000e+01,1.000000000000000000e+00
9.079963684082031250e+00,1.433552360534667969e+01,2.800000000000000000e+01,1.000000000000000000e+00
-4.227312564849853516e+00,1.502925968170166016e+01,9.000000000000000000e+00,1.000000000000000000e+00
9.082237243652343750e+00,1.348977184295654297e+01,2.800000000000000000e+01,1.000000000000000000e+00
8.978905677795410156e+00,1.240887641906738281e+01,2.700000000000000000e+01,1.000000000000000000e+00
9.017775535583496094e+00,1.322177219390869141e+01,2.800000000000000000e+01,1.000000000000000000e+00
9.061417579650878906e+00,1.338229274749755859e+01,2.800000000000000000e+01,1.000000000000000000e+00
8.916934967041015625e+00,1.305884361267089844e+01,2.800000000000000000e+01,1.000000000000000000e+00
9.080760002136230469e+00,1.370395469665527344e+01,2.800000000000000000e+01,1.000000000000000000e+00
9.081815719604492188e+00,1.377583312988281250e+01,2.800000000000000000e+01,1.000000000000000000e+00
9.161052703857421875e+00,1.472295475006103516e+01,2.800000000000000000e+01,1.000000000000000000e+00
8.906882286071777344e+00,1.310871791839599609e+01,2.800000000000000000e+01,1.000000000000000000e+00
-4.225856304168701172e+00,1.502931404113769531e+01,9.000000000000000000e+00,1.000000000000000000e+00
9.084762573242187500e+00,1.429972934722900391e+01,2.800000000000000000e+01,1.000000000000000000e+00
9.215467453002929688e+00,1.484632587432861328e+01,2.800000000000000000e+01,1.000000000000000000e+00
8.596573829650878906e+00,1.363827514648437500e+01,9.000000000000000000e+00,1.000000000000000000e+00
9.082367897033691406e+00,1.379583358764648438e+01,2.800000000000000000e+01,1.000000000000000000e+00
9.259625434875488281e+00,1.493491649627685547e+01,2.800000000000000000e+01,1.000000000000000000e+00
-4.227378845214843750e+00,1.502911949157714844e+01,9.000000000000000000e+00,1.000000000000000000e+00
9.003971099853515625e+00,1.233408927917480469e+01,2.700000000000000000e+01,1.000000000000000000e+00
9.229273796081542969e+00,1.488180160522460938e+01,2.800000000000000000e+01,1.000000000000000000e+00
9.067800521850585938e+00,1.432242870330810547e+01,2.800000000000000000e+01,1.000000000000000000e+00
8.968940734863281250e+00,1.333279418945312500e+01,2.800000000000000000e+01,1.000000000000000000e+00
9.023618698120117188e+00,1.315741729736328125e+01,2.800000000000000000e+01,1.000000000000000000e+00
9.154953956604003906e+00,1.468891525268554688e+01,2.800000000000000000e+01,1.000000000000000000e+00
9.170855522155761719e+00,1.471003627777099609e+01,2.800000000000000000e+01,1.000000000000000000e+00
9.197374343872070312e+00,1.480102443695068359e+01,2.800000000000000000e+01,1.000000000000000000e+00
9.141613960266113281e+00,1.466054916381835938e+01,2.800000000000000000e+01,1.000000000000000000e+00
9.255679130554199219e+00,1.494032669067382812e+01,2.800000000000000000e+01,1.000000000000000000e+00
9.262036323547363281e+00,1.493245792388916016e+01,2.800000000000000000e+01,1.000000000000000000e+00
8.501344680786132812e+00,1.342943096160888672e+01,2.500000000000000000e+01,1.000000000000000000e+00
9.080615043640136719e+00,1.374381732940673828e+01,2.800000000000000000e+01,1.000000000000000000e+00
9.061752319335937500e+00,1.356535053253173828e+01,2.800000000000000000e+01,1.000000000000000000e+00
8.492131233215332031e+00,1.347662734985351562e+01,2.500000000000000000e+01,1.000000000000000000e+00
9.053514480590820312e+00,1.328870773315429688e+01,2.800000000000000000e+01,1.000000000000000000e+00
9.013865470886230469e+00,1.332182121276855469e+01,2.800000000000000000e+01,1.000000000000000000e+00
8.507575035095214844e+00,1.343717288970947266e+01,2.500000000000000000e+01,1.000000000000000000e+00
9.200387001037597656e+00,1.482562351226806641e+01,2.800000000000000000e+01,1.000000000000000000e+00
9.089710235595703125e+00,1.350849628448486328e+01,2.800000000000000000e+01,1.000000000000000000e+00
9.061135292053222656e+00,1.413634872436523438e+01,2.800000000000000000e+01,1.000000000000000000e+00
9.070638656616210938e+00,1.398848533630371094e+01,9.000000000000000000e+00,1.000000000000000000e+00
9.128246307373046875e+00,1.454777622222900391e+01,2.800000000000000000e+01,1.000000000000000000e+00
9.045340538024902344e+00,1.326059913635253906e+01,2.800000000000000000e+01,1.000000000000000000e+00
9.099181175231933594e+00,1.441747856140136719e+01,2.800000000000000000e+01,1.000000000000000000e+00
9.101380348205566406e+00,1.439119338989257812e+01,2.800000000000000000e+01,1.000000000000000000e+00
8.857547760009765625e+00,1.301031112670898438e+01,2.800000000000000000e+01,1.000000000000000000e+00
9.135637283325195312e+00,1.465300369262695312e+01,2.800000000000000000e+01,1.000000000000000000e+00
8.496499061584472656e+00,1.348919010162353516e+01,2.500000000000000000e+01,1.000000000000000000e+00
9.043584823608398438e+00,1.321021747589111328e+01,2.800000000000000000e+01,1.000000000000000000e+00
9.234793663024902344e+00,1.489716243743896484e+01,2.800000000000000000e+01,1.000000000000000000e+00
9.174451828002929688e+00,1.472611999511718750e+01,2.800000000000000000e+01,1.000000000000000000e+00
8.496340751647949219e+00,1.348324012756347656e+01,2.500000000000000000e+01,1.000000000000000000e+00
9.185234069824218750e+00,1.479480171203613281e+01,2.800000000000000000e+01,1.000000000000000000e+00
-4.227557659149169922e+00,1.502916145324707031e+01,9.000000000000000000e+00,1.000000000000000000e+00
8.995356559753417969e+00,1.317194271087646484e+01,2.800000000000000000e+01,1.000000000000000000e+00
9.065876007080078125e+00,1.428547668457031250e+01,2.800000000000000000e+01,1.000000000000000000e+00
8.985720634460449219e+00,1.379250431060791016e+01,2.800000000000000000e+01,1.000000000000000000e+00
9.051808357238769531e+00,1.420934104919433594e+01,2.800000000000000000e+01,1.000000000000000000e+00
8.908437728881835938e+00,1.305847072601318359e+01,9.000000000000000000e+00,1.000000000000000000e+00
9.221749305725097656e+00,1.485811233520507812e+01,2.800000000000000000e+01,1.000000000000000000e+00
9.147875785827636719e+00,1.466478538513183594e+01,2.800000000000000000e+01,1.000000000000000000e+00
9.256305694580078125e+00,1.492554759979248047e+01,2.800000000000000000e+01,1.000000000000000000e+00
9.076600074768066406e+00,1.426078701019287109e+01,2.800000000000000000e+01,1.000000000000000000e+00
9.196820259094238281e+00,1.487168979644775391e+01,2.800000000000000000e+01,1.000000000000000000e+00
9.075856208801269531e+00,1.404207897186279297e+01,2.800000000000000000e+01,1.000000000000000000e+00
9.086014747619628906e+00,1.350116252899169922e+01,2.800000000000000000e+01,1.000000000000000000e+00
8.495660781860351562e+00,1.348503494262695312e+01,2.500000000000000000e+01,1.000000000000000000e+00
8.498874664306640625e+00,1.346187210083007812e+01,2.500000000000000000e+01,1.000000000000000000e+00
9.060280799865722656e+00,1.332479095458984375e+01,2.800000000000000000e+01,1.000000000000000000e+00
9.061077117919921875e+00,1.429492473602294922e+01,2.800000000000000000e+01,1.000000000000000000e+00
9.040096282958984375e+00,1.395985889434814453e+01,2.800000000000000000e+01,1.000000000000000000e+00
-4.227430343627929688e+00,1.502918052673339844e+01,9.000000000000000000e+00,1.000000000000000000e+00
8.961169242858886719e+00,1.238886070251464844e+01,2.700000000000000000e+01,1.000000000000000000e+00
9.061871528625488281e+00,1.363841629028320312e+01,2.800000000000000000e+01,1.000000000000000000e+00
9.230415344238281250e+00,1.487093925476074219e+01,2.800000000000000000e+01,1.000000000000000000e+00
9.075031280517578125e+00,1.388935661315917969e+01,2.800000000000000000e+01,1.000000000000000000e+00
8.499835014343261719e+00,1.344355773925781250e+01,2.500000000000000000e+01,1.000000000000000000e+00
8.490100860595703125e+00,1.348672199249267578e+01,2.500000000000000000e+01,1.000000000000000000e+00
9.137126922607421875e+00,1.467385387420654297e+01,2.800000000000000000e+01,1.000000000000000000e+00
9.072630882263183594e+00,1.360405921936035156e+01,2.800000000000000000e+01,1.000000000000000000e+00
9.055447578430175781e+00,1.380797576904296875e+01,2.800000000000000000e+01,1.000000000000000000e+00
9.092144966125488281e+00,1.342404556274414062e+01,2.800000000000000000e+01,1.000000000000000000e+00
8.522313117980957031e+00,1.346004676818847656e+01,2.500000000000000000e+01,1.000000000000000000e+00
9.060457229614257812e+00,1.333741855621337891e+01,2.800000000000000000e+01,1.000000000000000000e+00
4.860782623291015625e+00,1.431640529632568359e+01,9.000000000000000000e+00,1.000000000000000000e+00
9.256074905395507812e+00,1.494509983062744141e+01,2.800000000000000000e+01,1.000000000000000000e+00
9.039792060852050781e+00,1.327037429809570312e+01,2.800000000000000000e+01,1.000000000000000000e+00
9.068478584289550781e+00,1.404882526397705078e+01,2.800000000000000000e+01,1.000000000000000000e+00
8.915266990661621094e+00,1.308394145965576172e+01,9.000000000000000000e+00,1.000000000000000000e+00
9.069859504699707031e+00,1.432990932464599609e+01,2.800000000000000000e+01,1.000000000000000000e+00
9.191555023193359375e+00,1.477558994293212891e+01,2.800000000000000000e+01,1.000000000000000000e+00
9.038566589355468750e+00,1.410615348815917969e+01,2.800000000000000000e+01,1.000000000000000000e+00
9.104804039001464844e+00,1.447152709960937500e+01,2.800000000000000000e+01,1.000000000000000000e+00
9.116247177124023438e+00,1.453946399688720703e+01,2.800000000000000000e+01,1.000000000000000000e+00
9.076979637145996094e+00,1.393470478057861328e+01,2.800000000000000000e+01,1.000000000000000000e+00
9.071169853210449219e+00,1.431054401397705078e+01,9.000000000000000000e+00,1.000000000000000000e+00
9.064539909362792969e+00,1.427317047119140625e+01,2.800000000000000000e+01,1.000000000000000000e+00
8.493535995483398438e+00,1.349556064605712891e+01,2.500000000000000000e+01,1.000000000000000000e+00
9.004863739013671875e+00,1.381049156188964844e+01,2.800000000000000000e+01,1.000000000000000000e+00
8.904505729675292969e+00,1.305915451049804688e+01,2.800000000000000000e+01,1.000000000000000000e+00
9.083022117614746094e+00,1.357770347595214844e+01,2.800000000000000000e+01,1.000000000000000000e+00
8.984784126281738281e+00,1.314277744293212891e+01,2.800000000000000000e+01,1.000000000000000000e+00
9.074224472045898438e+00,1.434718799591064453e+01,2.800000000000000000e+01,1.000000000000000000e+00
9.078667640686035156e+00,1.425663375854492188e+01,2.800000000000000000e+01,1.000000000000000000e+00
9.011095046997070312e+00,1.387105560302734375e+01,2.800000000000000000e+01,1.000000000000000000e+00
-4.226176261901855469e+00,1.502915477752685547e+01,9.000000000000000000e+00,1.000000000000000000e+00
9.070330619812011719e+00,1.434584808349609375e+01,2.800000000000000000e+01,1.000000000000000000e+00
8.468173980712890625e+00,1.346157741546630859e+01,2.500000000000000000e+01,1.000000000000000000e+00
8.938240051269531250e+00,1.323199939727783203e+01,9.000000000000000000e+00,1.000000000000000000e+00
9.103793144226074219e+00,1.344018840789794922e+01,2.800000000000000000e+01,1.000000000000000000e+00
9.139062881469726562e+00,1.467032814025878906e+01,2.800000000000000000e+01,1.000000000000000000e+00
9.074061393737792969e+00,1.382223033905029297e+01,2.800000000000000000e+01,1.000000000000000000e+00
9.154429435729980469e+00,1.468608474731445312e+01,2.800000000000000000e+01,1.000000000000000000e+00
9.071898460388183594e+00,1.427290344238281250e+01,2.800000000000000000e+01,1.000000000000000000e+00
9.012745857238769531e+00,1.389291954040527344e+01,2.800000000000000000e+01,1.000000000000000000e+00
9.139383316040039062e+00,1.461951160430908203e+01,2.800000000000000000e+01,1.000000000000000000e+00
9.264118194580078125e+00,1.495188426971435547e+01,2.800000000000000000e+01,1.000000000000000000e+00
9.272277832031250000e+00,1.496814346313476562e+01,2.800000000000000000e+01,1.000000000000000000e+00
9.124951362609863281e+00,1.365540027618408203e+01,2.800000000000000000e+01,1.000000000000000000e+00
9.092615127563476562e+00,1.364174270629882812e+01,2.800000000000000000e+01,1.000000000000000000e+00
9.048988342285156250e+00,1.377065467834472656e+01,2.800000000000000000e+01,1.000000000000000000e+00
8.504326820373535156e+00,1.347882843017578125e+01,2.500000000000000000e+01,1.000000000000000000e+00
9.068779945373535156e+00,1.417694568634033203e+01,2.800000000000000000e+01,1.000000000000000000e+00
8.902940750122070312e+00,1.303761768341064453e+01,2.800000000000000000e+01,1.000000000000000000e+00
9.167861938476562500e+00,1.472069263458251953e+01,2.800000000000000000e+01,1.000000000000000000e+00
8.892786979675292969e+00,1.302976894378662109e+01,2.800000000000000000e+01,1.000000000000000000e+00
9.084631919860839844e+00,1.343568229675292969e+01,2.800000000000000000e+01,1.000000000000000000e+00
8.408035278320312500e+00,-5.162029266357421875e+00,1.400000000000000000e+01,1.000000000000000000e+00
7.653375148773193359e+00,-4.263170242309570312e+00,1.400000000000000000e+01,1.000000000000000000e+00
7.525923728942871094e+00,-3.877681970596313477e+00,9.000000000000000000e+00,1.000000000000000000e+00
7.970505237579345703e+00,-4.625695705413818359e+00,1.400000000000000000e+01,1.000000000000000000e+00
7.671970367431640625e+00,-4.281226634979248047e+00,1.400000000000000000e+01,1.000000000000000000e+00
4.650438308715820312e+00,-1.009363174438476562e+00,1.400000000000000000e+01,1.000000000000000000e+00
5.041149616241455078e+00,-1.384281992912292480e+00,1.400000000000000000e+01,1.000000000000000000e+00
7.840728759765625000e+00,-4.477915287017822266e+00,1.400000000000000000e+01,1.000000000000000000e+00
5.181003570556640625e+00,-1.535048604011535645e+00,1.400000000000000000e+01,1.000000000000000000e+00
4.928133964538574219e+00,-1.234114170074462891e+00,1.400000000000000000e+01,1.000000000000000000e+00
7.688491344451904297e+00,-4.287044048309326172e+00,1.400000000000000000e+01,1.000000000000000000e+00
8.447737693786621094e+00,-5.204524993896484375e+00,1.400000000000000000e+01,1.000000000000000000e+00
8.447735786437988281e+00,-5.203610897064208984e+00,1.400000000000000000e+01,1.000000000000000000e+00
7.576988220214843750e+00,-4.050158023834228516e+00,1.400000000000000000e+01,1.000000000000000000e+00
7.809831619262695312e+00,-4.423015594482421875e+00,1.400000000000000000e+01,1.000000000000000000e+00
4.758183479309082031e+00,-1.097698569297790527e+00,1.400000000000000000e+01,1.000000000000000000e+00
7.979737758636474609e+00,-4.634021282196044922e+00,1.400000000000000000e+01,1.000000000000000000e+00
8.000032424926757812e+00,-4.669775962829589844e+00,1.400000000000000000e+01,1.000000000000000000e+00
8.400762557983398438e+00,-5.153985500335693359e+00,1.400000000000000000e+01,1.000000000000000000e+00
4.770696163177490234e+00,-1.109652280807495117e+00,1.400000000000000000e+01,1.000000000000000000e+00
4.757927894592285156e+00,-1.086877584457397461e+00,1.400000000000000000e+01,1.000000000000000000e+00
7.507558345794677734e+00,-3.831292152404785156e+00,1.400000000000000000e+01,1.000000000000000000e+00
7.675418376922607422e+00,-4.264760494232177734e+00,1.400000000000000000e+01,1.000000000000000000e+00
4.681245803833007812e+00,-1.027269721031188965e+00,1.400000000000000000e+01,1.000000000000000000e+00
7.440496444702148438e+00,-4.040600299835205078e+00,1.400000000000000000e+01,1.000000000000000000e+00
8.124224662780761719e+00,-4.815897941589355469e+00,1.400000000000000000e+01,1.000000000000000000e+00
7.633991241455078125e+00,-4.243415355682373047e+00,1.400000000000000000e+01,1.000000000000000000e+00
5.093325138092041016e+00,-1.439846158027648926e+00,1.400000000000000000e+01,1.000000000000000000e+00
8.405923843383789062e+00,-5.160666942596435547e+00,1.400000000000000000e+01,1.000000000000000000e+00
7.686930656433105469e+00,-4.293900489807128906e+00,1.400000000000000000e+01,1.000000000000000000e+00
5.196465015411376953e+00,-1.550673484802246094e+00,1.400000000000000000e+01,1.000000000000000000e+00
7.504524707794189453e+00,-3.927164554595947266e+00,1.400000000000000000e+01,1.000000000000000000e+00
7.963623523712158203e+00,-4.620665073394775391e+00,1.400000000000000000e+01,1.000000000000000000e+00
4.866900444030761719e+00,-1.188464403152465820e+00,1.400000000000000000e+01,1.000000000000000000e+00
7.516959667205810547e+00,-4.000335216522216797e+00,1.400000000000000000e+01,1.000000000000000000e+00
7.652639865875244141e+00,-4.250286102294921875e+00,1.400000000000000000e+01,1.000000000000000000e+00
5.166733264923095703e+00,-1.517079591751098633e+00,1.400000000000000000e+01,1.000000000000000000e+00
7.602695941925048828e+00,-4.213918209075927734e+00,1.400000000000000000e+01,1.000000000000000000e+00
7.960253715515136719e+00,-4.617643356323242188e+00,1.400000000000000000e+01,1.000000000000000000e+00
4.700557231903076172e+00,-1.044503211975097656e+00,1.400000000000000000e+01,1.000000000000000000e+00
4.776666164398193359e+00,-1.116519570350646973e+00,1.400000000000000000e+01,1.000000000000000000e+00
5.087893962860107422e+00,-1.431396961212158203e+00,1.400000000000000000e+01,1.000000000000000000e+00
7.880270004272460938e+00,-4.523435115814208984e+00,1.400000000000000000e+01,1.000000000000000000e+00
7.543756008148193359e+00,-3.962117910385131836e+00,1.400000000000000000e+01,1.000000000000000000e+00
7.513068199157714844e+00,-3.901073217391967773e+00,1.400000000000000000e+01,1.000000000000000000e+00
7.398389816284179688e+00,-3.943006038665771484e+00,1.400000000000000000e+01,1.000000000000000000e+00
7.472486495971679688e+00,-3.961729764938354492e+00,1.400000000000000000e+01,1.000000000000000000e+00
7.895381450653076172e+00,-4.535210132598876953e+00,1.400000000000000000e+01,1.000000000000000000e+00
5.035919189453125000e+00,-1.369963169097900391e+00,1.400000000000000000e+01,1.000000000000000000e+00
8.417109489440917969e+00,-5.172938346862792969e+00,1.400000000000000000e+01,1.000000000000000000e+00
5.227898120880126953e+00,-1.584393024444580078e+00,1.400000000000000000e+01,1.000000000000000000e+00
8.396638870239257812e+00,-5.150242805480957031e+00,1.400000000000000000e+01,1.000000000000000000e+00
4.943344116210937500e+00,-1.266425848007202148e+00,1.400000000000000000e+01,1.000000000000000000e+00
7.491278171539306641e+00,-4.051598548889160156e+00,1.400000000000000000e+01,1.000000000000000000e+00
7.673780918121337891e+00,-4.293697357177734375e+00,1.400000000000000000e+01,1.000000000000000000e+00
5.118247985839843750e+00,-1.466728448867797852e+00,1.400000000000000000e+01,1.000000000000000000e+00
7.598510265350341797e+00,-4.124587535858154297e+00,1.400000000000000000e+01,1.000000000000000000e+00
4.666515350341796875e+00,-1.029153227806091309e+00,1.400000000000000000e+01,1.000000000000000000e+00
5.106135845184326172e+00,-1.454919934272766113e+00,1.400000000000000000e+01,1.000000000000000000e+00
7.914473533630371094e+00,-4.561814785003662109e+00,1.400000000000000000e+01,1.000000000000000000e+00
8.308733940124511719e+00,-5.045131206512451172e+00,1.400000000000000000e+01,1.000000000000000000e+00
7.939928054809570312e+00,-4.591155052185058594e+00,1.400000000000000000e+01,1.000000000000000000e+00
4.742466449737548828e+00,-1.070470213890075684e+00,1.400000000000000000e+01,1.000000000000000000e+00
7.924445629119873047e+00,-4.571596622467041016e+00,1.400000000000000000e+01,1.000000000000000000e+00
7.862558841705322266e+00,-4.505370616912841797e+00,1.400000000000000000e+01,1.000000000000000000e+00
4.860871791839599609e+00,-1.167274475097656250e+00,1.400000000000000000e+01,1.000000000000000000e+00
4.724069118499755859e+00,-1.068880796432495117e+00,1.400000000000000000e+01,1.000000000000000000e+00
7.634612560272216797e+00,-4.259956359863281250e+00,1.400000000000000000e+01,1.000000000000000000e+00
5.110770702362060547e+00,-1.456165313720703125e+00,1.400000000000000000e+01,1.000000000000000000e+00
7.969612598419189453e+00,-4.625886440277099609e+00,1.400000000000000000e+01,1.000000000000000000e+00
7.502436161041259766e+00,-3.818429470062255859e+00,1.400000000000000000e+01,1.000000000000000000e+00
7.581458091735839844e+00,-4.065568923950195312e+00,1.400000000000000000e+01,1.000000000000000000e+00
7.753512859344482422e+00,-4.375152587890625000e+00,1.400000000000000000e+01,1.000000000000000000e+00
4.866739749908447266e+00,-1.187650799751281738e+00,1.400000000000000000e+01,1.000000000000000000e+00
4.846242427825927734e+00,-1.155855178833007812e+00,1.400000000000000000e+01,1.000000000000000000e+00
8.290277481079101562e+00,-5.025238037109375000e+00,1.400000000000000000e+01,1.000000000000000000e+00
8.083689689636230469e+00,-4.767809867858886719e+00,1.400000000000000000e+01,1.000000000000000000e+00
5.047857761383056641e+00,-1.383586406707763672e+00,1.400000000000000000e+01,1.000000000000000000e+00
4.927768230438232422e+00,-1.271309494972229004e+00,1.400000000000000000e+01,1.000000000000000000e+00
5.097624301910400391e+00,-1.446921467781066895e+00,1.400000000000000000e+01,1.000000000000000000e+00
7.722461223602294922e+00,-4.312901973724365234e+00,1.400000000000000000e+01,1.000000000000000000e+00
4.760061264038085938e+00,-1.095579385757446289e+00,1.400000000000000000e+01,1.000000000000000000e+00
7.476173400878906250e+00,-3.820019006729125977e+00,1.400000000000000000e+01,1.000000000000000000e+00
7.632253646850585938e+00,-4.217235088348388672e+00,1.400000000000000000e+01,1.000000000000000000e+00
7.603069305419921875e+00,-4.160355567932128906e+00,1.400000000000000000e+01,1.000000000000000000e+00
8.026850700378417969e+00,-4.689293384552001953e+00,1.400000000000000000e+01,1.000000000000000000e+00
8.401273727416992188e+00,-5.154981136322021484e+00,1.400000000000000000e+01,1.000000000000000000e+00
7.507879734039306641e+00,-3.838994026184082031e+00,1.400000000000000000e+01,1.000000000000000000e+00
7.553061962127685547e+00,-3.869583845138549805e+00,1.400000000000000000e+01,1.000000000000000000e+00
7.841792106628417969e+00,-4.469334125518798828e+00,1.400000000000000000e+01,1.000000000000000000e+00
7.938880443572998047e+00,-4.588712215423583984e+00,1.400000000000000000e+01,1.000000000000000000e+00
7.708664417266845703e+00,-4.326148033142089844e+00,1.400000000000000000e+01,1.000000000000000000e+00
7.761125087738037109e+00,-4.386979103088378906e+00,1.400000000000000000e+01,1.000000000000000000e+00
5.103447437286376953e+00,-1.455599427223205566e+00,1.400000000000000000e+01,1.000000000000000000e+00
4.754141807556152344e+00,-1.104984998703002930e+00,1.400000000000000000e+01,1.000000000000000000e+00
7.720170497894287109e+00,-4.307317256927490234e+00,1.400000000000000000e+01,1.000000000000000000e+00
5.028372764587402344e+00,-1.364525198936462402e+00,1.400000000000000000e+01,1.000000000000000000e+00
7.539871215820312500e+00,-3.994677305221557617e+00,1.400000000000000000e+01,1.000000000000000000e+00
8.402460098266601562e+00,-5.156904220581054688e+00,1.400000000000000000e+01,1.000000000000000000e+00
4.718231201171875000e+00,-1.059029936790466309e+00,1.400000000000000000e+01,1.000000000000000000e+00
7.693305015563964844e+00,-4.256620407104492188e+00,1.400000000000000000e+01,1.000000000000000000e+00
7.555132865905761719e+00,-4.052352428436279297e+00,1.400000000000000000e+01,1.000000000000000000e+00
7.959769725799560547e+00,-4.612064361572265625e+00,1.400000000000000000e+01,1.000000000000000000e+00
5.119199752807617188e+00,-1.467931985855102539e+00,1.400000000000000000e+01,1.000000000000000000e+00
7.861211776733398438e+00,-4.508259296417236328e+00,1.400000000000000000e+01,1.000000000000000000e+00
8.386876106262207031e+00,-5.140484809875488281e+00,1.400000000000000000e+01,1.000000000000000000e+00
4.730400562286376953e+00,-1.078436255455017090e+00,1.400000000000000000e+01,1.000000000000000000e+00
4.813845157623291016e+00,-1.146253228187561035e+00,1.400000000000000000e+01,1.000000000000000000e+00
7.942133903503417969e+00,-4.593375682830810547e+00,1.400000000000000000e+01,1.000000000000000000e+00
5.074885845184326172e+00,-1.420251011848449707e+00,1.400000000000000000e+01,1.000000000000000000e+00
7.494287967681884766e+00,-3.947321653366088867e+00,1.400000000000000000e+01,1.000000000000000000e+00
7.495164871215820312e+00,-3.806198596954345703e+00,1.400000000000000000e+01,1.000000000000000000e+00
4.888677597045898438e+00,-1.208438754081726074e+00,1.400000000000000000e+01,1.000000000000000000e+00
7.965733051300048828e+00,-4.615366458892822266e+00,1.400000000000000000e+01,1.000000000000000000e+00
8.423830986022949219e+00,-5.178961753845214844e+00,1.400000000000000000e+01,1.000000000000000000e+00
5.119288921356201172e+00,-1.463967919349670410e+00,1.400000000000000000e+01,1.000000000000000000e+00
8.060152053833007812e+00,-4.734085559844970703e+00,1.400000000000000000e+01,1.000000000000000000e+00
7.896492004394531250e+00,-4.515463829040527344e+00,1.400000000000000000e+01,1.000000000000000000e+00
4.723548412322998047e+00,-1.083927989006042480e+00,1.400000000000000000e+01,1.000000000000000000e+00
7.878312587738037109e+00,-4.528590202331542969e+00,1.400000000000000000e+01,1.000000000000000000e+00
7.945533275604248047e+00,-4.593493461608886719e+00,1.400000000000000000e+01,1.000000000000000000e+00
7.661312580108642578e+00,-4.256700992584228516e+00,1.400000000000000000e+01,1.000000000000000000e+00
4.828783988952636719e+00,-1.146978855133056641e+00,1.400000000000000000e+01,1.000000000000000000e+00
7.536652088165283203e+00,-3.852753639221191406e+00,1.400000000000000000e+01,1.000000000000000000e+00
5.063862323760986328e+00,-1.411268115043640137e+00,1.400000000000000000e+01,1.000000000000000000e+00
7.513424873352050781e+00,-3.950096368789672852e+00,1.400000000000000000e+01,1.000000000000000000e+00
4.666520595550537109e+00,-1.014317393302917480e+00,1.400000000000000000e+01,1.000000000000000000e+00
5.062201976776123047e+00,-1.400162220001220703e+00,1.400000000000000000e+01,1.000000000000000000e+00
8.444223403930664062e+00,-5.200576305389404297e+00,1.400000000000000000e+01,1.000000000000000000e+00
8.026301383972167969e+00,-4.695740222930908203e+00,1.400000000000000000e+01,1.000000000000000000e+00
5.144021034240722656e+00,-1.489473581314086914e+00,1.400000000000000000e+01,1.000000000000000000e+00
7.560508728027343750e+00,-4.053943634033203125e+00,1.400000000000000000e+01,1.000000000000000000e+00
8.089737892150878906e+00,-4.770286083221435547e+00,1.400000000000000000e+01,1.000000000000000000e+00
7.536165714263916016e+00,-3.888931274414062500e+00,1.400000000000000000e+01,1.000000000000000000e+00
7.614967346191406250e+00,-4.100792884826660156e+00,1.400000000000000000e+01,1.000000000000000000e+00
7.694401264190673828e+00,-4.311852455139160156e+00,1.400000000000000000e+01,1.000000000000000000e+00
7.979191780090332031e+00,-4.645959854125976562e+00,1.400000000000000000e+01,1.000000000000000000e+00
8.107108116149902344e+00,-4.798480987548828125e+00,1.400000000000000000e+01,1.000000000000000000e+00
4.658473491668701172e+00,-1.011340379714965820e+00,1.400000000000000000e+01,1.000000000000000000e+00
8.414225578308105469e+00,-5.169713497161865234e+00,1.400000000000000000e+01,1.000000000000000000e+00
7.502346992492675781e+00,-3.992702722549438477e+00,1.400000000000000000e+01,1.000000000000000000e+00
8.413863182067871094e+00,-5.168890476226806641e+00,1.400000000000000000e+01,1.000000000000000000e+00
8.389285087585449219e+00,-5.141043663024902344e+00,1.400000000000000000e+01,1.000000000000000000e+00
7.523712158203125000e+00,-4.016447067260742188e+00,1.400000000000000000e+01,1.000000000000000000e+00
7.562094688415527344e+00,-4.064655303955078125e+00,1.400000000000000000e+01,1.000000000000000000e+00
7.919315338134765625e+00,-4.564429283142089844e+00,1.400000000000000000e+01,1.000000000000000000e+00
4.718180179595947266e+00,-1.064452886581420898e+00,1.400000000000000000e+01,1.000000000000000000e+00
7.462248802185058594e+00,-4.039477825164794922e+00,1.400000000000000000e+01,1.000000000000000000e+00
7.908843994140625000e+00,-4.555647373199462891e+00,1.400000000000000000e+01,1.000000000000000000e+00
7.929526329040527344e+00,-4.579544067382812500e+00,1.400000000000000000e+01,1.000000000000000000e+00
5.118535995483398438e+00,-1.468836426734924316e+00,1.400000000000000000e+01,1.000000000000000000e+00
4.822022438049316406e+00,-1.162303090095520020e+00,1.400000000000000000e+01,1.000000000000000000e+00
5.166657924652099609e+00,-1.518217325210571289e+00,1.400000000000000000e+01,1.000000000000000000e+00
5.059873104095458984e+00,-1.398676276206970215e+00,1.400000000000000000e+01,1.000000000000000000e+00
7.512105941772460938e+00,-3.813937664031982422e+00,1.400000000000000000e+01,1.000000000000000000e+00
8.377390861511230469e+00,-5.129563331604003906e+00,1.400000000000000000e+01,1.000000000000000000e+00
5.035720825195312500e+00,-1.374236345291137695e+00,1.400000000000000000e+01,1.000000000000000000e+00
8.428071022033691406e+00,-5.183505535125732422e+00,1.400000000000000000e+01,1.000000000000000000e+00
7.575273513793945312e+00,-4.051821708679199219e+00,1.400000000000000000e+01,1.000000000000000000e+00
7.516228199005126953e+00,-3.832955837249755859e+00,1.400000000000000000e+01,1.000000000000000000e+00
4.862150669097900391e+00,-1.191499233245849609e+00,1.400000000000000000e+01,1.000000000000000000e+00
7.510726451873779297e+00,-3.854967832565307617e+00,1.400000000000000000e+01,1.000000000000000000e+00
4.857367515563964844e+00,-1.165605306625366211e+00,1.400000000000000000e+01,1.000000000000000000e+00
7.896779537200927734e+00,-4.547577857971191406e+00,1.400000000000000000e+01,1.000000000000000000e+00
4.672197818756103516e+00,-1.024871945381164551e+00,1.400000000000000000e+01,1.000000000000000000e+00
5.051403045654296875e+00,-1.379712700843811035e+00,1.400000000000000000e+01,1.000000000000000000e+00
7.400525569915771484e+00,-4.014174938201904297e+00,1.400000000000000000e+01,1.000000000000000000e+00
4.820238590240478516e+00,-1.151857614517211914e+00,1.400000000000000000e+01,1.000000000000000000e+00
7.511566162109375000e+00,-3.942274093627929688e+00,1.400000000000000000e+01,1.000000000000000000e+00
4.863967895507812500e+00,-1.180299758911132812e+00,1.400000000000000000e+01,1.000000000000000000e+00
5.099329471588134766e+00,-1.445464134216308594e+00,1.400000000000000000e+01,1.000000000000000000e+00
4.668169498443603516e+00,-1.027823567390441895e+00,1.400000000000000000e+01,1.000000000000000000e+00
4.887375831604003906e+00,-1.186752080917358398e+00,1.400000000000000000e+01,1.000000000000000000e+00
4.871245384216308594e+00,-1.194327473640441895e+00,1.400000000000000000e+01,1.000000000000000000e+00
8.049103736877441406e+00,-4.722505092620849609e+00,1.400000000000000000e+01,1.000000000000000000e+00
7.415532588958740234e+00,-3.977756500244140625e+00,1.400000000000000000e+01,1.000000000000000000e+00
4.876280307769775391e+00,-1.202122330665588379e+00,1.400000000000000000e+01,1.000000000000000000e+00
4.920911312103271484e+00,-1.237900018692016602e+00,1.400000000000000000e+01,1.000000000000000000e+00
5.046725273132324219e+00,-1.392227888107299805e+00,1.400000000000000000e+01,1.000000000000000000e+00
4.659307956695556641e+00,-1.032987833023071289e+00,1.400000000000000000e+01,1.000000000000000000e+00
4.649861812591552734e+00,-9.907073974609375000e-01,1.400000000000000000e+01,1.000000000000000000e+00
8.436720848083496094e+00,-5.193325042724609375e+00,1.400000000000000000e+01,1.000000000000000000e+00
7.675459861755371094e+00,-4.271248340606689453e+00,1.400000000000000000e+01,1.000000000000000000e+00
4.719680786132812500e+00,-1.068911552429199219e+00,1.400000000000000000e+01,1.000000000000000000e+00
5.077624320983886719e+00,-1.430796265602111816e+00,1.400000000000000000e+01,1.000000000000000000e+00
4.743580341339111328e+00,-1.103502631187438965e+00,1.400000000000000000e+01,1.000000000000000000e+00
7.573660373687744141e+00,-4.022325992584228516e+00,1.400000000000000000e+01,1.000000000000000000e+00
8.418638229370117188e+00,-5.174801349639892578e+00,1.400000000000000000e+01,1.000000000000000000e+00
8.384890556335449219e+00,-5.136003971099853516e+00,1.400000000000000000e+01,1.000000000000000000e+00
8.427000045776367188e+00,-5.182558536529541016e+00,1.400000000000000000e+01,1.000000000000000000e+00
7.556123256683349609e+00,-4.048785686492919922e+00,1.400000000000000000e+01,1.000000000000000000e+00
7.665202617645263672e+00,-4.251041412353515625e+00,1.400000000000000000e+01,1.000000000000000000e+00
7.977290153503417969e+00,-4.631135463714599609e+00,1.400000000000000000e+01,1.000000000000000000e+00
7.667596817016601562e+00,-4.314195156097412109e+00,1.400000000000000000e+01,1.000000000000000000e+00
8.451875686645507812e+00,-5.208127498626708984e+00,1.400000000000000000e+01,1.000000000000000000e+00
7.927989482879638672e+00,-4.579882144927978516e+00,1.400000000000000000e+01,1.000000000000000000e+00
8.395922660827636719e+00,-5.151256561279296875e+00,1.400000000000000000e+01,1.000000000000000000e+00
7.882812500000000000e+00,-4.521186351776123047e+00,1.400000000000000000e+01,1.000000000000000000e+00
5.165565967559814453e+00,-1.516920208930969238e+00,1.400000000000000000e+01,1.000000000000000000e+00
7.489690303802490234e+00,-3.810759067535400391e+00,1.400000000000000000e+01,1.000000000000000000e+00
5.005859375000000000e+00,-1.347891449928283691e+00,1.400000000000000000e+01,1.000000000000000000e+00
8.011127471923828125e+00,-4.685950279235839844e+00,1.400000000000000000e+01,1.000000000000000000e+00
7.984329700469970703e+00,-4.636798381805419922e+00,1.400000000000000000e+01,1.000000000000000000e+00
7.514555931091308594e+00,-3.818784952163696289e+00,1.400000000000000000e+01,1.000000000000000000e+00
7.893540859222412109e+00,-4.529412746429443359e+00,1.400000000000000000e+01,1.000000000000000000e+00
7.789108276367187500e+00,-4.435305595397949219e+00,1.400000000000000000e+01,1.000000000000000000e+00
7.689512252807617188e+00,-4.283455848693847656e+00,1.400000000000000000e+01,1.000000000000000000e+00
5.163784980773925781e+00,-1.513123154640197754e+00,1.400000000000000000e+01,1.000000000000000000e+00
5.105897903442382812e+00,-1.451850175857543945e+00,1.400000000000000000e+01,1.000000000000000000e+00
7.421482086181640625e+00,-3.983168601989746094e+00,1.400000000000000000e+01,1.000000000000000000e+00
6.474349021911621094e+00,3.949533700942993164e-01,1.500000000000000000e+01,1.000000000000000000e+00
7.487617969512939453e+00,2.018591880798339844e+00,1.600000000000000000e+01,1.000000000000000000e+00
6.957061290740966797e+00,9.928158670663833618e-02,1.500000000000000000e+01,1.000000000000000000e+00
8.621808052062988281e+00,2.325125455856323242e+00,1.700000000000000000e+01,1.000000000000000000e+00
7.243690967559814453e+00,1.843884110450744629e+00,1.600000000000000000e+01,1.000000000000000000e+00
9.812764167785644531e+00,-1.186302471160888672e+01,9.000000000000000000e+00,1.000000000000000000e+00
8.520678520202636719e+00,2.246242761611938477e+00,1.700000000000000000e+01,1.000000000000000000e+00
8.610004425048828125e+00,2.307756662368774414e+00,1.700000000000000000e+01,1.000000000000000000e+00
7.102110385894775391e+00,1.737440347671508789e+00,1.600000000000000000e+01,1.000000000000000000e+00
7.461513519287109375e+00,1.995949268341064453e+00,1.600000000000000000e+01,1.000000000000000000e+00
1.575850963592529297e+01,-1.130979061126708984e+01,9.000000000000000000e+00,1.000000000000000000e+00
6.605034828186035156e+00,3.211360573768615723e-01,1.500000000000000000e+01,1.000000000000000000e+00
7.007593631744384766e+00,5.208997428417205811e-02,1.500000000000000000e+01,1.000000000000000000e+00
7.490586757659912109e+00,2.019076585769653320e+00,1.600000000000000000e+01,1.000000000000000000e+00
6.975536346435546875e+00,1.203809157013893127e-01,1.500000000000000000e+01,1.000000000000000000e+00
7.461182117462158203e+00,1.987967371940612793e+00,1.600000000000000000e+01,1.000000000000000000e+00
7.127845764160156250e+00,-4.104416072368621826e-02,1.500000000000000000e+01,1.000000000000000000e+00
8.656384468078613281e+00,2.356717348098754883e+00,1.700000000000000000e+01,1.000000000000000000e+00
6.523176670074462891e+00,3.535672128200531006e-01,1.500000000000000000e+01,1.000000000000000000e+00
7.144405841827392578e+00,-5.854516103863716125e-02,1.500000000000000000e+01,1.000000000000000000e+00
8.422883987426757812e+00,2.190025329589843750e+00,1.700000000000000000e+01,1.000000000000000000e+00
6.910073757171630859e+00,1.305183917284011841e-01,1.500000000000000000e+01,1.000000000000000000e+00
7.045522212982177734e+00,1.702736377716064453e+00,1.600000000000000000e+01,1.000000000000000000e+00
8.496239662170410156e+00,2.220314979553222656e+00,1.700000000000000000e+01,1.000000000000000000e+00
7.472990036010742188e+00,1.998246908187866211e+00,1.600000000000000000e+01,1.000000000000000000e+00
8.585417747497558594e+00,2.284093379974365234e+00,1.700000000000000000e+01,1.000000000000000000e+00
7.335641384124755859e+00,1.890509843826293945e+00,1.600000000000000000e+01,1.000000000000000000e+00
8.401671409606933594e+00,2.173081636428833008e+00,1.700000000000000000e+01,1.000000000000000000e+00
6.574966430664062500e+00,3.253929018974304199e-01,1.500000000000000000e+01,1.000000000000000000e+00
6.639081001281738281e+00,3.021233975887298584e-01,1.500000000000000000e+01,1.000000000000000000e+00
7.132436275482177734e+00,-4.897175356745719910e-02,1.500000000000000000e+01,1.000000000000000000e+00
7.449946403503417969e+00,1.973378658294677734e+00,1.600000000000000000e+01,1.000000000000000000e+00
6.448023319244384766e+00,4.192307889461517334e-01,1.500000000000000000e+01,1.000000000000000000e+00
6.512704372406005859e+00,3.685547709465026855e-01,1.500000000000000000e+01,1.000000000000000000e+00
7.098806858062744141e+00,1.742342591285705566e+00,1.600000000000000000e+01,1.000000000000000000e+00
6.524137496948242188e+00,3.554186522960662842e-01,1.500000000000000000e+01,1.000000000000000000e+00
8.610133171081542969e+00,2.314878225326538086e+00,1.700000000000000000e+01,1.000000000000000000e+00
7.119602680206298828e+00,-3.767439723014831543e-02,1.500000000000000000e+01,1.000000000000000000e+00
6.797106742858886719e+00,1.951464265584945679e-01,1.500000000000000000e+01,1.000000000000000000e+00
8.610149383544921875e+00,2.307584762573242188e+00,1.700000000000000000e+01,1.000000000000000000e+00
7.112897872924804688e+00,-2.927153930068016052e-02,1.500000000000000000e+01,1.000000000000000000e+00
8.495587348937988281e+00,2.218425273895263672e+00,1.700000000000000000e+01,1.000000000000000000e+00
7.148077964782714844e+00,-6.214831769466400146e-02,1.500000000000000000e+01,1.000000000000000000e+00
6.416279315948486328e+00,4.275866448879241943e-01,1.500000000000000000e+01,1.000000000000000000e+00
6.430610179901123047e+00,4.301161766052246094e-01,1.500000000000000000e+01,1.000000000000000000e+00
7.013519287109375000e+00,4.799988865852355957e-02,1.500000000000000000e+01,1.000000000000000000e+00
7.058345794677734375e+00,7.860349491238594055e-03,1.500000000000000000e+01,1.000000000000000000e+00
8.326039314270019531e+00,2.160988569259643555e+00,1.700000000000000000e+01,1.000000000000000000e+00
7.093512058258056641e+00,1.732819437980651855e+00,1.600000000000000000e+01,1.000000000000000000e+00
8.572421073913574219e+00,2.282782554626464844e+00,1.700000000000000000e+01,1.000000000000000000e+00
6.955563068389892578e+00,1.623656988143920898e+00,1.600000000000000000e+01,1.000000000000000000e+00
6.419513225555419922e+00,4.353333413600921631e-01,1.500000000000000000e+01,1.000000000000000000e+00
7.315610885620117188e+00,1.890501499176025391e+00,1.600000000000000000e+01,1.000000000000000000e+00
5.628082752227783203e+00,-3.856476545333862305e+00,9.000000000000000000e+00,1.000000000000000000e+00
7.117966175079345703e+00,-3.484088554978370667e-02,1.500000000000000000e+01,1.000000000000000000e+00
8.594917297363281250e+00,2.292402267456054688e+00,1.700000000000000000e+01,1.000000000000000000e+00
8.434800148010253906e+00,2.180875778198242188e+00,1.700000000000000000e+01,1.000000000000000000e+00
7.032712936401367188e+00,3.146974369883537292e-02,1.500000000000000000e+01,1.000000000000000000e+00
8.619286537170410156e+00,2.317247629165649414e+00,1.700000000000000000e+01,1.000000000000000000e+00
8.477302551269531250e+00,2.211199045181274414e+00,1.700000000000000000e+01,1.000000000000000000e+00
6.936535358428955078e+00,1.136879846453666687e-01,1.500000000000000000e+01,1.000000000000000000e+00
8.631112098693847656e+00,2.329128742218017578e+00,1.700000000000000000e+01,1.000000000000000000e+00
7.017936706542968750e+00,1.673799633979797363e+00,1.600000000000000000e+01,1.000000000000000000e+00
6.783288002014160156e+00,2.026588916778564453e-01,1.500000000000000000e+01,1.000000000000000000e+00
7.450500011444091797e+00,1.981400609016418457e+00,1.600000000000000000e+01,1.000000000000000000e+00
7.306186676025390625e+00,1.882247686386108398e+00,1.600000000000000000e+01,1.000000000000000000e+00
7.013744354248046875e+00,1.632902741432189941e+00,1.600000000000000000e+01,1.000000000000000000e+00
8.533939361572265625e+00,2.237496614456176758e+00,1.700000000000000000e+01,1.000000000000000000e+00
8.642199516296386719e+00,2.339237451553344727e+00,1.700000000000000000e+01,1.000000000000000000e+00
7.503541946411132812e+00,2.025642633438110352e+00,1.600000000000000000e+01,1.000000000000000000e+00
7.487885475158691406e+00,2.014322757720947266e+00,1.600000000000000000e+01,1.000000000000000000e+00
7.047725677490234375e+00,1.704749703407287598e+00,1.600000000000000000e+01,1.000000000000000000e+00
6.912892341613769531e+00,1.391576081514358521e-01,1.500000000000000000e+01,1.000000000000000000e+00
8.578823089599609375e+00,2.280397415161132812e+00,1.700000000000000000e+01,1.000000000000000000e+00
6.612605094909667969e+00,2.879704535007476807e-01,1.500000000000000000e+01,1.000000000000000000e+00
7.119780063629150391e+00,-3.261619806289672852e-02,1.500000000000000000e+01,1.000000000000000000e+00
6.429398536682128906e+00,4.397495985031127930e-01,1.500000000000000000e+01,1.000000000000000000e+00
7.049427986145019531e+00,1.651858568191528320e+00,9.000000000000000000e+00,1.000000000000000000e+00
7.118322849273681641e+00,-3.617063537240028381e-02,1.500000000000000000e+01,1.000000000000000000e+00
7.486204147338867188e+00,2.017635583877563477e+00,1.600000000000000000e+01,1.000000000000000000e+00
7.097563743591308594e+00,1.742060065269470215e+00,1.600000000000000000e+01,1.000000000000000000e+00
8.643068313598632812e+00,2.345261335372924805e+00,1.700000000000000000e+01,1.000000000000000000e+00
7.477449417114257812e+00,2.015729904174804688e+00,1.600000000000000000e+01,1.000000000000000000e+00
7.986210823059082031e+00,2.094518661499023438e+00,9.000000000000000000e+00,1.000000000000000000e+00
6.627396583557128906e+00,2.819814980030059814e-01,1.500000000000000000e+01,1.000000000000000000e+00
8.400918960571289062e+00,2.168457746505737305e+00,1.700000000000000000e+01,1.000000000000000000e+00
8.650896072387695312e+00,2.349596738815307617e+00,1.700000000000000000e+01,1.000000000000000000e+00
7.153479099273681641e+00,-6.830502301454544067e-02,1.500000000000000000e+01,1.000000000000000000e+00
8.429886817932128906e+00,2.181001901626586914e+00,1.700000000000000000e+01,1.000000000000000000e+00
7.059972286224365234e+00,1.707318067550659180e+00,1.600000000000000000e+01,1.000000000000000000e+00
6.413904190063476562e+00,4.408867955207824707e-01,1.500000000000000000e+01,1.000000000000000000e+00
7.019704818725585938e+00,1.647321462631225586e+00,1.600000000000000000e+01,1.000000000000000000e+00
6.581128597259521484e+00,3.191540241241455078e-01,1.500000000000000000e+01,1.000000000000000000e+00
6.911320686340332031e+00,1.333562135696411133e-01,1.500000000000000000e+01,1.000000000000000000e+00
7.017725467681884766e+00,1.667593955993652344e+00,1.600000000000000000e+01,1.000000000000000000e+00
7.067868709564208984e+00,3.884207457304000854e-03,1.500000000000000000e+01,1.000000000000000000e+00
7.121496200561523438e+00,1.756504297256469727e+00,1.600000000000000000e+01,1.000000000000000000e+00
7.139408111572265625e+00,-5.131037905812263489e-02,1.500000000000000000e+01,1.000000000000000000e+00
8.642215728759765625e+00,2.340631484985351562e+00,1.700000000000000000e+01,1.000000000000000000e+00
9.870803833007812500e+00,-1.185190868377685547e+01,9.000000000000000000e+00,1.000000000000000000e+00
7.027194023132324219e+00,1.689987540245056152e+00,1.600000000000000000e+01,1.000000000000000000e+00
8.640027999877929688e+00,2.337018251419067383e+00,1.700000000000000000e+01,1.000000000000000000e+00
8.594964027404785156e+00,2.302594184875488281e+00,1.700000000000000000e+01,1.000000000000000000e+00
8.676176071166992188e+00,2.375995159149169922e+00,1.700000000000000000e+01,1.000000000000000000e+00
6.692927837371826172e+00,2.631039321422576904e-01,1.500000000000000000e+01,1.000000000000000000e+00
8.351386070251464844e+00,2.150351762771606445e+00,1.700000000000000000e+01,1.000000000000000000e+00
8.676000595092773438e+00,2.376406192779541016e+00,1.700000000000000000e+01,1.000000000000000000e+00
6.551848888397216797e+00,3.447349965572357178e-01,1.500000000000000000e+01,1.000000000000000000e+00
6.988293647766113281e+00,1.659034609794616699e+00,1.600000000000000000e+01,1.000000000000000000e+00
8.673591613769531250e+00,2.370551586151123047e+00,1.700000000000000000e+01,1.000000000000000000e+00
8.607277870178222656e+00,2.309058427810668945e+00,1.700000000000000000e+01,1.000000000000000000e+00
6.586040496826171875e+00,2.978273928165435791e-01,1.500000000000000000e+01,1.000000000000000000e+00
6.418443679809570312e+00,4.315425455570220947e-01,1.500000000000000000e+01,1.000000000000000000e+00
5.259188175201416016e+00,6.424918174743652344e-01,9.000000000000000000e+00,1.000000000000000000e+00
7.488213062286376953e+00,2.018707752227783203e+00,1.600000000000000000e+01,1.000000000000000000e+00
7.112650871276855469e+00,-3.103802353143692017e-02,1.500000000000000000e+01,1.000000000000000000e+00
8.583011627197265625e+00,2.282612085342407227e+00,1.700000000000000000e+01,1.000000000000000000e+00
7.021584033966064453e+00,1.672206401824951172e+00,1.600000000000000000e+01,1.000000000000000000e+00
6.941098690032958984e+00,1.116658374667167664e-01,1.500000000000000000e+01,1.000000000000000000e+00
7.419632911682128906e+00,1.960989594459533691e+00,1.600000000000000000e+01,1.000000000000000000e+00
7.514298439025878906e+00,2.038925647735595703e+00,1.600000000000000000e+01,1.000000000000000000e+00
6.436054229736328125e+00,4.244074225425720215e-01,1.500000000000000000e+01,1.000000000000000000e+00
7.100498676300048828e+00,-1.018918119370937347e-02,1.500000000000000000e+01,1.000000000000000000e+00
6.596601963043212891e+00,3.164237737655639648e-01,1.500000000000000000e+01,1.000000000000000000e+00
6.612183570861816406e+00,4.025294780731201172e-01,1.500000000000000000e+01,1.000000000000000000e+00
8.432075500488281250e+00,2.190823316574096680e+00,1.700000000000000000e+01,1.000000000000000000e+00
6.899754047393798828e+00,1.295734643936157227e-01,1.500000000000000000e+01,1.000000000000000000e+00
6.532358169555664062e+00,3.485565185546875000e-01,1.500000000000000000e+01,1.000000000000000000e+00
7.471831798553466797e+00,2.007364034652709961e+00,1.600000000000000000e+01,1.000000000000000000e+00
7.118337154388427734e+00,-3.229924663901329041e-02,1.500000000000000000e+01,1.000000000000000000e+00
6.998767852783203125e+00,1.683262586593627930e+00,9.000000000000000000e+00,1.000000000000000000e+00
7.047211647033691406e+00,1.701558351516723633e+00,1.600000000000000000e+01,1.000000000000000000e+00
7.045608997344970703e+00,1.705801606178283691e+00,1.600000000000000000e+01,1.000000000000000000e+00
8.607132911682128906e+00,2.313142061233520508e+00,1.700000000000000000e+01,1.000000000000000000e+00
8.538975715637207031e+00,2.250680923461914062e+00,1.700000000000000000e+01,1.000000000000000000e+00
7.039765357971191406e+00,1.687776088714599609e+00,1.600000000000000000e+01,1.000000000000000000e+00
6.802136898040771484e+00,1.882805675268173218e-01,1.500000000000000000e+01,1.000000000000000000e+00
7.166517257690429688e+00,-8.133760839700698853e-02,1.500000000000000000e+01,1.000000000000000000e+00
6.925889968872070312e+00,1.201410368084907532e-01,1.500000000000000000e+01,1.000000000000000000e+00
7.078663349151611328e+00,1.725077629089355469e+00,1.600000000000000000e+01,1.000000000000000000e+00
6.566905498504638672e+00,3.248780369758605957e-01,1.500000000000000000e+01,1.000000000000000000e+00
7.491909503936767578e+00,2.025349140167236328e+00,1.600000000000000000e+01,1.000000000000000000e+00
6.647510051727294922e+00,2.703323066234588623e-01,1.500000000000000000e+01,1.000000000000000000e+00
8.636857986450195312e+00,2.334200382232666016e+00,1.700000000000000000e+01,1.000000000000000000e+00
8.653854370117187500e+00,2.353685379028320312e+00,1.700000000000000000e+01,1.000000000000000000e+00
6.893375396728515625e+00,1.444078981876373291e-01,1.500000000000000000e+01,1.000000000000000000e+00
7.413490295410156250e+00,1.949378490447998047e+00,1.600000000000000000e+01,1.000000000000000000e+00
6.685614109039306641e+00,2.603656947612762451e-01,1.500000000000000000e+01,1.000000000000000000e+00
8.463436126708984375e+00,2.202680110931396484e+00,1.700000000000000000e+01,1.000000000000000000e+00
7.468524932861328125e+00,1.995312809944152832e+00,1.600000000000000000e+01,1.000000000000000000e+00
7.462540626525878906e+00,1.990629673004150391e+00,1.600000000000000000e+01,1.000000000000000000e+00
6.644105911254882812e+00,2.798943221569061279e-01,1.500000000000000000e+01,1.000000000000000000e+00
6.574416160583496094e+00,3.112755417823791504e-01,1.500000000000000000e+01,1.000000000000000000e+00
8.432454109191894531e+00,2.181102514266967773e+00,1.700000000000000000e+01,1.000000000000000000e+00
7.047136783599853516e+00,2.966626174747943878e-02,1.500000000000000000e+01,1.000000000000000000e+00
7.120353698730468750e+00,-3.517497703433036804e-02,1.500000000000000000e+01,1.000000000000000000e+00
7.003629684448242188e+00,1.636337757110595703e+00,1.600000000000000000e+01,1.000000000000000000e+00
9.796857833862304688e+00,-1.187618541717529297e+01,9.000000000000000000e+00,1.000000000000000000e+00
7.409514904022216797e+00,1.948844432830810547e+00,1.600000000000000000e+01,1.000000000000000000e+00
7.475874423980712891e+00,2.003990411758422852e+00,1.600000000000000000e+01,1.000000000000000000e+00
6.425696849822998047e+00,4.371708929538726807e-01,1.500000000000000000e+01,1.000000000000000000e+00
8.335329055786132812e+00,2.157812118530273438e+00,1.700000000000000000e+01,1.000000000000000000e+00
7.044946193695068359e+00,1.680551648139953613e+00,1.600000000000000000e+01,1.000000000000000000e+00
6.931945800781250000e+00,8.560984581708908081e-02,1.500000000000000000e+01,1.000000000000000000e+00
7.293595314025878906e+00,1.876187920570373535e+00,1.600000000000000000e+01,1.000000000000000000e+00
7.480123043060302734e+00,2.007544755935668945e+00,1.600000000000000000e+01,1.000000000000000000e+00
8.636568069458007812e+00,2.323388814926147461e+00,1.700000000000000000e+01,1.000000000000000000e+00
8.629811286926269531e+00,2.328846454620361328e+00,1.700000000000000000e+01,1.000000000000000000e+00
7.090098857879638672e+00,1.732881784439086914e+00,1.600000000000000000e+01,1.000000000000000000e+00
8.636202812194824219e+00,2.333692789077758789e+00,1.700000000000000000e+01,1.000000000000000000e+00
6.572988986968994141e+00,3.197871446609497070e-01,1.500000000000000000e+01,1.000000000000000000e+00
8.493124961853027344e+00,2.220434188842773438e+00,1.700000000000000000e+01,1.000000000000000000e+00
7.040555477142333984e+00,1.696968913078308105e+00,1.600000000000000000e+01,1.000000000000000000e+00
7.060873031616210938e+00,1.717320442199707031e+00,1.600000000000000000e+01,1.000000000000000000e+00
8.660980224609375000e+00,2.359428405761718750e+00,1.700000000000000000e+01,1.000000000000000000e+00
8.621180534362792969e+00,2.326340436935424805e+00,1.700000000000000000e+01,1.000000000000000000e+00
7.035004138946533203e+00,1.677786588668823242e+00,1.600000000000000000e+01,1.000000000000000000e+00
8.434476852416992188e+00,2.186831951141357422e+00,1.700000000000000000e+01,1.000000000000000000e+00
5.592107295989990234e+00,-3.797680854797363281e+00,9.000000000000000000e+00,1.000000000000000000e+00
6.850357055664062500e+00,1.709509342908859253e-01,1.500000000000000000e+01,1.000000000000000000e+00
8.504343986511230469e+00,2.202778339385986328e+00,1.700000000000000000e+01,1.000000000000000000e+00
7.035506725311279297e+00,1.691357851028442383e+00,1.600000000000000000e+01,1.000000000000000000e+00
6.653955936431884766e+00,2.663955092430114746e-01,1.500000000000000000e+01,1.000000000000000000e+00
6.644406318664550781e+00,2.778445184230804443e-01,1.500000000000000000e+01,1.000000000000000000e+00
8.652449607849121094e+00,2.352436542510986328e+00,1.700000000000000000e+01,1.000000000000000000e+00
8.209692001342773438e+00,2.141420841217041016e+00,1.700000000000000000e+01,1.000000000000000000e+00
7.008772850036621094e+00,5.411808192729949951e-02,1.500000000000000000e+01,1.000000000000000000e+00
7.014080524444580078e+00,4.571344330906867981e-02,1.500000000000000000e+01,1.000000000000000000e+00
6.456347942352294922e+00,4.179810881614685059e-01,1.500000000000000000e+01,1.000000000000000000e+00
7.123530387878417969e+00,-3.593929484486579895e-02,1.500000000000000000e+01,1.000000000000000000e+00
7.051275253295898438e+00,1.677539706230163574e+00,9.000000000000000000e+00,1.000000000000000000e+00
6.507513046264648438e+00,3.720636963844299316e-01,1.500000000000000000e+01,1.000000000000000000e+00
6.833115100860595703e+00,1.752530485391616821e-01,1.500000000000000000e+01,1.000000000000000000e+00
6.420814514160156250e+00,4.448066651821136475e-01,1.500000000000000000e+01,1.000000000000000000e+00
7.036056041717529297e+00,1.645053267478942871e+00,1.600000000000000000e+01,1.000000000000000000e+00
6.478537559509277344e+00,3.992546200752258301e-01,1.500000000000000000e+01,1.000000000000000000e+00
7.468713283538818359e+00,2.039842844009399414e+00,1.600000000000000000e+01,1.000000000000000000e+00
6.400392532348632812e+00,4.533706009387969971e-01,1.500000000000000000e+01,1.000000000000000000e+00
7.009015083312988281e+00,1.675567388534545898e+00,1.600000000000000000e+01,1.000000000000000000e+00
6.938493251800537109e+00,1.634910225868225098e+00,9.000000000000000000e+00,1.000000000000000000e+00
6.579372406005859375e+00,3.119857311248779297e-01,1.500000000000000000e+01,1.000000000000000000e+00
6.942671775817871094e+00,1.202874630689620972e-01,1.500000000000000000e+01,1.000000000000000000e+00
6.423092842102050781e+00,4.350819587707519531e-01,1.500000000000000000e+01,1.000000000000000000e+00
6.974857807159423828e+00,7.113549113273620605e-02,1.500000000000000000e+01,1.000000000000000000e+00
7.476929187774658203e+00,2.006535530090332031e+00,1.600000000000000000e+01,1.000000000000000000e+00
8.387726783752441406e+00,2.159436941146850586e+00,1.700000000000000000e+01,1.000000000000000000e+00
8.405178070068359375e+00,2.160768985748291016e+00,1.700000000000000000e+01,1.000000000000000000e+00
8.553926467895507812e+00,2.254859924316406250e+00,1.700000000000000000e+01,1.000000000000000000e+00
6.609003067016601562e+00,2.919273078441619873e-01,1.500000000000000000e+01,1.000000000000000000e+00
6.534107685089111328e+00,3.418486416339874268e-01,1.500000000000000000e+01,1.000000000000000000e+00
1.823385238647460938e+01,-5.104142189025878906e+00,1.100000000000000000e+01,1.000000000000000000e+00
1.959908676147460938e+01,-6.241909027099609375e+00,1.100000000000000000e+01,1.000000000000000000e+00
1.849196052551269531e+01,-5.600528240203857422e+00,1.100000000000000000e+01,1.000000000000000000e+00
1.944538688659667969e+01,-6.092250347137451172e+00,1.100000000000000000e+01,1.000000000000000000e+00
1.954939651489257812e+01,-6.196804523468017578e+00,1.100000000000000000e+01,1.000000000000000000e+00
1.658548164367675781e+01,-5.101664543151855469e+00,1.100000000000000000e+01,1.000000000000000000e+00
1.869536590576171875e+01,-5.461900234222412109e+00,1.100000000000000000e+01,1.000000000000000000e+00
1.657993698120117188e+01,-5.102056026458740234e+00,1.100000000000000000e+01,1.000000000000000000e+00
1.958434104919433594e+01,-6.225333690643310547e+00,1.100000000000000000e+01,1.000000000000000000e+00
1.820242881774902344e+01,-5.339616298675537109e+00,1.100000000000000000e+01,1.000000000000000000e+00
1.821655082702636719e+01,-5.081235885620117188e+00,1.100000000000000000e+01,1.000000000000000000e+00
1.943742561340332031e+01,-6.086303710937500000e+00,1.100000000000000000e+01,1.000000000000000000e+00
1.879214477539062500e+01,-5.536554813385009766e+00,1.100000000000000000e+01,1.000000000000000000e+00
1.956871986389160156e+01,-6.213425159454345703e+00,1.100000000000000000e+01,1.000000000000000000e+00
1.919496345520019531e+01,-5.879079818725585938e+00,1.100000000000000000e+01,1.000000000000000000e+00
1.876082992553710938e+01,-5.503293037414550781e+00,1.100000000000000000e+01,1.000000000000000000e+00
1.964975547790527344e+01,-6.282916545867919922e+00,1.100000000000000000e+01,1.000000000000000000e+00
1.888338470458984375e+01,-5.611917018890380859e+00,1.100000000000000000e+01,1.000000000000000000e+00
1.838403320312500000e+01,-5.219142913818359375e+00,1.100000000000000000e+01,1.000000000000000000e+00
1.883584022521972656e+01,-5.527373790740966797e+00,1.100000000000000000e+01,1.000000000000000000e+00
1.946382141113281250e+01,-6.114069461822509766e+00,1.100000000000000000e+01,1.000000000000000000e+00
1.957198524475097656e+01,-6.214741230010986328e+00,1.100000000000000000e+01,1.000000000000000000e+00
1.952713394165039062e+01,-6.172704219818115234e+00,1.100000000000000000e+01,1.000000000000000000e+00
1.953178405761718750e+01,-6.174660682678222656e+00,1.100000000000000000e+01,1.000000000000000000e+00
1.867385292053222656e+01,-5.409705638885498047e+00,1.100000000000000000e+01,1.000000000000000000e+00
1.943844985961914062e+01,-6.092412948608398438e+00,1.100000000000000000e+01,1.000000000000000000e+00
1.876559638977050781e+01,-5.502196311950683594e+00,1.100000000000000000e+01,1.000000000000000000e+00
1.816573524475097656e+01,-5.068460464477539062e+00,1.100000000000000000e+01,1.000000000000000000e+00
1.943777084350585938e+01,-6.090680122375488281e+00,1.100000000000000000e+01,1.000000000000000000e+00
1.909138870239257812e+01,-5.793011665344238281e+00,1.100000000000000000e+01,1.000000000000000000e+00
1.861128234863281250e+01,-5.390955448150634766e+00,1.100000000000000000e+01,1.000000000000000000e+00
1.872107887268066406e+01,-5.586702823638916016e+00,1.100000000000000000e+01,1.000000000000000000e+00
1.844295692443847656e+01,-5.251967430114746094e+00,1.100000000000000000e+01,1.000000000000000000e+00
1.942253112792968750e+01,-6.086214542388916016e+00,1.100000000000000000e+01,1.000000000000000000e+00
1.875541114807128906e+01,-5.538428306579589844e+00,1.100000000000000000e+01,1.000000000000000000e+00
1.963689804077148438e+01,-6.267883777618408203e+00,1.100000000000000000e+01,1.000000000000000000e+00
1.658918380737304688e+01,-5.101167678833007812e+00,1.100000000000000000e+01,1.000000000000000000e+00
1.878674697875976562e+01,-5.533537864685058594e+00,1.100000000000000000e+01,1.000000000000000000e+00
1.961108398437500000e+01,-6.255360603332519531e+00,1.100000000000000000e+01,1.000000000000000000e+00
1.963883018493652344e+01,-6.276938915252685547e+00,1.100000000000000000e+01,1.000000000000000000e+00
1.841085243225097656e+01,-5.220113754272460938e+00,1.100000000000000000e+01,1.000000000000000000e+00
1.832057571411132812e+01,-5.162748813629150391e+00,1.100000000000000000e+01,1.000000000000000000e+00
1.958624839782714844e+01,-6.226471900939941406e+00,1.100000000000000000e+01,1.000000000000000000e+00
1.831077766418457031e+01,-5.163815498352050781e+00,1.100000000000000000e+01,1.000000000000000000e+00
1.962729835510253906e+01,-6.263848304748535156e+00,1.100000000000000000e+01,1.000000000000000000e+00
1.826429367065429688e+01,-5.138348102569580078e+00,1.100000000000000000e+01,1.000000000000000000e+00
1.869104003906250000e+01,-5.558190345764160156e+00,1.100000000000000000e+01,1.000000000000000000e+00
1.947646331787109375e+01,-6.126303195953369141e+00,1.100000000000000000e+01,1.000000000000000000e+00
1.866273880004882812e+01,-5.438547134399414062e+00,1.100000000000000000e+01,1.000000000000000000e+00
1.658597755432128906e+01,-5.102226257324218750e+00,1.100000000000000000e+01,1.000000000000000000e+00
1.959416007995605469e+01,-6.237259864807128906e+00,1.100000000000000000e+01,1.000000000000000000e+00
1.921307563781738281e+01,-5.891631603240966797e+00,1.100000000000000000e+01,1.000000000000000000e+00
1.858921241760253906e+01,-5.356160640716552734e+00,1.100000000000000000e+01,1.000000000000000000e+00
1.659263610839843750e+01,-5.101630210876464844e+00,1.100000000000000000e+01,1.000000000000000000e+00
1.949198913574218750e+01,-6.108609199523925781e+00,1.100000000000000000e+01,1.000000000000000000e+00
1.821570968627929688e+01,-5.115239620208740234e+00,1.100000000000000000e+01,1.000000000000000000e+00
1.955126190185546875e+01,-6.194699764251708984e+00,1.100000000000000000e+01,1.000000000000000000e+00
1.823086357116699219e+01,-5.425622463226318359e+00,1.100000000000000000e+01,1.000000000000000000e+00
1.889758300781250000e+01,-5.623202800750732422e+00,1.100000000000000000e+01,1.000000000000000000e+00
1.835648345947265625e+01,-5.205733776092529297e+00,1.100000000000000000e+01,1.000000000000000000e+00
1.863654136657714844e+01,-5.418158054351806641e+00,1.100000000000000000e+01,1.000000000000000000e+00
1.872570991516113281e+01,-5.535316944122314453e+00,1.100000000000000000e+01,1.000000000000000000e+00
1.879365348815917969e+01,-5.565472126007080078e+00,1.100000000000000000e+01,1.000000000000000000e+00
1.876648521423339844e+01,-5.508273124694824219e+00,1.100000000000000000e+01,1.000000000000000000e+00
1.952875137329101562e+01,-6.177058219909667969e+00,1.100000000000000000e+01,1.000000000000000000e+00
1.861916542053222656e+01,-5.396038532257080078e+00,1.100000000000000000e+01,1.000000000000000000e+00
1.932287406921386719e+01,-5.995245933532714844e+00,1.100000000000000000e+01,1.000000000000000000e+00
1.964250946044921875e+01,-6.278493404388427734e+00,1.100000000000000000e+01,1.000000000000000000e+00
1.938915443420410156e+01,-6.047071456909179688e+00,1.100000000000000000e+01,1.000000000000000000e+00
1.055257034301757812e+01,-1.176496696472167969e+01,9.000000000000000000e+00,1.000000000000000000e+00
1.924158477783203125e+01,-5.937744140625000000e+00,1.100000000000000000e+01,1.000000000000000000e+00
1.937790489196777344e+01,-6.038064002990722656e+00,1.100000000000000000e+01,1.000000000000000000e+00
1.969393920898437500e+01,-6.323595046997070312e+00,1.100000000000000000e+01,1.000000000000000000e+00
1.867384147644042969e+01,-5.427389144897460938e+00,1.100000000000000000e+01,1.000000000000000000e+00
1.831632232666015625e+01,-5.164457321166992188e+00,1.100000000000000000e+01,1.000000000000000000e+00
1.826790618896484375e+01,-5.126535892486572266e+00,1.100000000000000000e+01,1.000000000000000000e+00
1.851422500610351562e+01,-5.304174900054931641e+00,1.100000000000000000e+01,1.000000000000000000e+00
1.868868446350097656e+01,-5.480024814605712891e+00,1.100000000000000000e+01,1.000000000000000000e+00
1.822540855407714844e+01,-5.113105297088623047e+00,1.100000000000000000e+01,1.000000000000000000e+00
1.837329101562500000e+01,-5.547683238983154297e+00,1.100000000000000000e+01,1.000000000000000000e+00
1.832225990295410156e+01,-5.170526504516601562e+00,1.100000000000000000e+01,1.000000000000000000e+00
1.959076690673828125e+01,-6.231497287750244141e+00,1.100000000000000000e+01,1.000000000000000000e+00
1.888099288940429688e+01,-5.591562747955322266e+00,1.100000000000000000e+01,1.000000000000000000e+00
1.846058654785156250e+01,-5.224805355072021484e+00,1.100000000000000000e+01,1.000000000000000000e+00
1.956113815307617188e+01,-6.206405162811279297e+00,1.100000000000000000e+01,1.000000000000000000e+00
1.845512390136718750e+01,-5.578104496002197266e+00,1.100000000000000000e+01,1.000000000000000000e+00
1.931808280944824219e+01,-5.987197875976562500e+00,1.100000000000000000e+01,1.000000000000000000e+00
1.818670272827148438e+01,-5.079915523529052734e+00,1.100000000000000000e+01,1.000000000000000000e+00
1.893377685546875000e+01,-5.757562637329101562e+00,1.100000000000000000e+01,1.000000000000000000e+00
1.958677864074707031e+01,-6.230581283569335938e+00,1.100000000000000000e+01,1.000000000000000000e+00
1.821068954467773438e+01,-5.118092060089111328e+00,1.100000000000000000e+01,1.000000000000000000e+00
1.907319259643554688e+01,-5.770012855529785156e+00,1.100000000000000000e+01,1.000000000000000000e+00
1.962460136413574219e+01,-6.256898403167724609e+00,1.100000000000000000e+01,1.000000000000000000e+00
1.962601470947265625e+01,-6.261992454528808594e+00,1.100000000000000000e+01,1.000000000000000000e+00
1.836625862121582031e+01,-5.573669433593750000e+00,1.100000000000000000e+01,1.000000000000000000e+00
1.871156120300292969e+01,-5.453594684600830078e+00,1.100000000000000000e+01,1.000000000000000000e+00
1.660867500305175781e+01,-5.103294849395751953e+00,1.100000000000000000e+01,1.000000000000000000e+00
1.842849922180175781e+01,-5.220118999481201172e+00,1.100000000000000000e+01,1.000000000000000000e+00
1.820094871520996094e+01,-5.121488094329833984e+00,1.100000000000000000e+01,1.000000000000000000e+00
1.817907714843750000e+01,-5.081243515014648438e+00,1.100000000000000000e+01,1.000000000000000000e+00
1.961284255981445312e+01,-6.250654220581054688e+00,1.100000000000000000e+01,1.000000000000000000e+00
1.948772811889648438e+01,-6.133260250091552734e+00,1.100000000000000000e+01,1.000000000000000000e+00
1.864491462707519531e+01,-5.415585041046142578e+00,1.100000000000000000e+01,1.000000000000000000e+00
1.942249488830566406e+01,-6.072707653045654297e+00,1.100000000000000000e+01,1.000000000000000000e+00
1.855827903747558594e+01,-5.336709976196289062e+00,1.100000000000000000e+01,1.000000000000000000e+00
1.659181785583496094e+01,-5.100448131561279297e+00,1.100000000000000000e+01,1.000000000000000000e+00
1.929310226440429688e+01,-5.967415809631347656e+00,1.100000000000000000e+01,1.000000000000000000e+00
1.833661842346191406e+01,-5.540724754333496094e+00,1.100000000000000000e+01,1.000000000000000000e+00
1.947280120849609375e+01,-6.123317241668701172e+00,1.100000000000000000e+01,1.000000000000000000e+00
1.915604972839355469e+01,-5.844890117645263672e+00,1.100000000000000000e+01,1.000000000000000000e+00
1.955421257019042969e+01,-6.198644161224365234e+00,1.100000000000000000e+01,1.000000000000000000e+00
1.826278114318847656e+01,-5.444132328033447266e+00,1.100000000000000000e+01,1.000000000000000000e+00
1.833417701721191406e+01,-5.222657203674316406e+00,1.100000000000000000e+01,1.000000000000000000e+00
1.661459732055664062e+01,-5.094153881072998047e+00,1.100000000000000000e+01,1.000000000000000000e+00
1.962019348144531250e+01,-6.255396842956542969e+00,1.100000000000000000e+01,1.000000000000000000e+00
1.952671623229980469e+01,-6.174471378326416016e+00,1.100000000000000000e+01,1.000000000000000000e+00
1.832388496398925781e+01,-5.176158428192138672e+00,1.100000000000000000e+01,1.000000000000000000e+00
1.956867027282714844e+01,-6.211004257202148438e+00,1.100000000000000000e+01,1.000000000000000000e+00
1.963734436035156250e+01,-6.272499561309814453e+00,1.100000000000000000e+01,1.000000000000000000e+00
1.955745887756347656e+01,-6.199341297149658203e+00,1.100000000000000000e+01,1.000000000000000000e+00
1.822201919555664062e+01,-5.094182968139648438e+00,1.100000000000000000e+01,1.000000000000000000e+00
1.818849754333496094e+01,-5.070863723754882812e+00,1.100000000000000000e+01,1.000000000000000000e+00
1.659275627136230469e+01,-5.100100040435791016e+00,1.100000000000000000e+01,1.000000000000000000e+00
1.868637657165527344e+01,-5.415085315704345703e+00,1.100000000000000000e+01,1.000000000000000000e+00
1.818612480163574219e+01,-5.089003086090087891e+00,1.100000000000000000e+01,1.000000000000000000e+00
1.865477752685546875e+01,-5.421646118164062500e+00,1.100000000000000000e+01,1.000000000000000000e+00
1.948374557495117188e+01,-6.131489753723144531e+00,1.100000000000000000e+01,1.000000000000000000e+00
1.833521652221679688e+01,-5.187039852142333984e+00,1.100000000000000000e+01,1.000000000000000000e+00
1.823343467712402344e+01,-5.425282001495361328e+00,1.100000000000000000e+01,1.000000000000000000e+00
1.875848388671875000e+01,-5.533717632293701172e+00,1.100000000000000000e+01,1.000000000000000000e+00
1.830920219421386719e+01,-5.528916835784912109e+00,1.100000000000000000e+01,1.000000000000000000e+00
1.855408287048339844e+01,-5.337219715118408203e+00,1.100000000000000000e+01,1.000000000000000000e+00
1.940986633300781250e+01,-6.061987876892089844e+00,1.100000000000000000e+01,1.000000000000000000e+00
1.958087539672851562e+01,-6.220573902130126953e+00,1.100000000000000000e+01,1.000000000000000000e+00
1.659144783020019531e+01,-5.103265285491943359e+00,1.100000000000000000e+01,1.000000000000000000e+00
1.875889205932617188e+01,-5.535434246063232422e+00,1.100000000000000000e+01,1.000000000000000000e+00
1.946155166625976562e+01,-6.110164642333984375e+00,1.100000000000000000e+01,1.000000000000000000e+00
1.867032814025878906e+01,-5.445146560668945312e+00,1.100000000000000000e+01,1.000000000000000000e+00
1.957156372070312500e+01,-6.216540813446044922e+00,1.100000000000000000e+01,1.000000000000000000e+00
1.954330062866210938e+01,-6.186268329620361328e+00,1.100000000000000000e+01,1.000000000000000000e+00
1.957014846801757812e+01,-6.210921287536621094e+00,1.100000000000000000e+01,1.000000000000000000e+00
1.825747680664062500e+01,-5.498544692993164062e+00,1.100000000000000000e+01,1.000000000000000000e+00
1.963189888000488281e+01,-6.272552967071533203e+00,1.100000000000000000e+01,1.000000000000000000e+00
1.948210716247558594e+01,-6.132579803466796875e+00,1.100000000000000000e+01,1.000000000000000000e+00
1.823785781860351562e+01,-5.437043666839599609e+00,1.100000000000000000e+01,1.000000000000000000e+00
1.864294624328613281e+01,-5.413116455078125000e+00,1.100000000000000000e+01,1.000000000000000000e+00
1.879275894165039062e+01,-5.486416339874267578e+00,1.100000000000000000e+01,1.000000000000000000e+00
1.851480102539062500e+01,-5.262135028839111328e+00,1.100000000000000000e+01,1.000000000000000000e+00
1.849690246582031250e+01,-5.286635398864746094e+00,1.100000000000000000e+01,1.000000000000000000e+00
1.661473655700683594e+01,-5.114950180053710938e+00,1.100000000000000000e+01,1.000000000000000000e+00
1.822639465332031250e+01,-5.110301494598388672e+00,1.100000000000000000e+01,1.000000000000000000e+00
1.958398056030273438e+01,-6.224440097808837891e+00,1.100000000000000000e+01,1.000000000000000000e+00
1.868395423889160156e+01,-5.440000057220458984e+00,1.100000000000000000e+01,1.000000000000000000e+00
1.920692062377929688e+01,-5.892094612121582031e+00,1.100000000000000000e+01,1.000000000000000000e+00
1.962815856933593750e+01,-6.265096187591552734e+00,1.100000000000000000e+01,1.000000000000000000e+00
1.897141647338867188e+01,-5.684793472290039062e+00,1.100000000000000000e+01,1.000000000000000000e+00
1.966173744201660156e+01,-6.279638767242431641e+00,1.100000000000000000e+01,1.000000000000000000e+00
1.957281875610351562e+01,-6.216150760650634766e+00,1.100000000000000000e+01,1.000000000000000000e+00
1.906254577636718750e+01,-5.757107257843017578e+00,1.100000000000000000e+01,1.000000000000000000e+00
1.966108131408691406e+01,-6.294186115264892578e+00,1.100000000000000000e+01,1.000000000000000000e+00
1.963679885864257812e+01,-6.260947227478027344e+00,1.100000000000000000e+01,1.000000000000000000e+00
1.836970901489257812e+01,-5.552336692810058594e+00,1.100000000000000000e+01,1.000000000000000000e+00
1.950216865539550781e+01,-6.148453235626220703e+00,1.100000000000000000e+01,1.000000000000000000e+00
1.962926483154296875e+01,-6.264466285705566406e+00,1.100000000000000000e+01,1.000000000000000000e+00
1.820759963989257812e+01,-5.102097988128662109e+00,1.100000000000000000e+01,1.000000000000000000e+00
1.885081291198730469e+01,-5.575993537902832031e+00,1.100000000000000000e+01,1.000000000000000000e+00
1.818452262878417969e+01,-5.077347755432128906e+00,1.100000000000000000e+01,1.000000000000000000e+00
1.960711479187011719e+01,-6.247573375701904297e+00,1.100000000000000000e+01,1.000000000000000000e+00
1.959917640686035156e+01,-6.239171504974365234e+00,1.100000000000000000e+01,1.000000000000000000e+00
1.934186363220214844e+01,-6.011054992675781250e+00,1.100000000000000000e+01,1.000000000000000000e+00
1.955873298645019531e+01,-6.201594352722167969e+00,1.100000000000000000e+01,1.000000000000000000e+00
1.833891105651855469e+01,-5.170735359191894531e+00,1.100000000000000000e+01,1.000000000000000000e+00
1.820862960815429688e+01,-5.347332954406738281e+00,1.100000000000000000e+01,1.000000000000000000e+00
1.823081970214843750e+01,-5.463463783264160156e+00,1.100000000000000000e+01,1.000000000000000000e+00
1.825891494750976562e+01,-5.115854263305664062e+00,1.100000000000000000e+01,1.000000000000000000e+00
1.943396377563476562e+01,-6.085379600524902344e+00,1.100000000000000000e+01,1.000000000000000000e+00
1.846939086914062500e+01,-5.282458305358886719e+00,1.100000000000000000e+01,1.000000000000000000e+00
1.835509681701660156e+01,-5.192012310028076172e+00,1.100000000000000000e+01,1.000000000000000000e+00
1.829123497009277344e+01,-5.559050083160400391e+00,1.100000000000000000e+01,1.000000000000000000e+00
1.958451652526855469e+01,-6.223049163818359375e+00,1.100000000000000000e+01,1.000000000000000000e+00
1.869039916992187500e+01,-5.448348999023437500e+00,1.100000000000000000e+01,1.000000000000000000e+00
1.868640136718750000e+01,-5.461338996887207031e+00,1.100000000000000000e+01,1.000000000000000000e+00
1.964675903320312500e+01,-6.281538009643554688e+00,1.100000000000000000e+01,1.000000000000000000e+00
1.939626693725585938e+01,-6.046366691589355469e+00,1.100000000000000000e+01,1.000000000000000000e+00
1.831151008605957031e+01,-5.186460494995117188e+00,1.100000000000000000e+01,1.000000000000000000e+00
1.948477935791015625e+01,-6.133725643157958984e+00,1.100000000000000000e+01,1.000000000000000000e+00
1.967603874206542969e+01,-6.310624122619628906e+00,1.100000000000000000e+01,1.000000000000000000e+00
1.823323631286621094e+01,-5.443188190460205078e+00,1.100000000000000000e+01,1.000000000000000000e+00
1.658981704711914062e+01,-5.102328777313232422e+00,1.100000000000000000e+01,1.000000000000000000e+00
1.837929916381835938e+01,-5.565367221832275391e+00,1.100000000000000000e+01,1.000000000000000000e+00
1.864072036743164062e+01,-5.373893260955810547e+00,1.100000000000000000e+01,1.000000000000000000e+00
1.859198951721191406e+01,-5.379369735717773438e+00,1.100000000000000000e+01,1.000000000000000000e+00
1.958900642395019531e+01,-6.230786323547363281e+00,1.100000000000000000e+01,1.000000000000000000e+00
1.967660331726074219e+01,-6.310016632080078125e+00,1.100000000000000000e+01,1.000000000000000000e+00
5.634089469909667969e+00,-3.929347753524780273e+00,9.000000000000000000e+00,1.000000000000000000e+00
1.864745712280273438e+01,-5.437102317810058594e+00,1.100000000000000000e+01,1.000000000000000000e+00
1.867774772644042969e+01,-5.442646026611328125e+00,1.100000000000000000e+01,1.000000000000000000e+00
1.953314018249511719e+01,-6.180840015411376953e+00,1.100000000000000000e+01,1.000000000000000000e+00
1.878098869323730469e+01,-5.548629283905029297e+00,1.100000000000000000e+01,1.000000000000000000e+00
1.659156799316406250e+01,-5.104509830474853516e+00,1.100000000000000000e+01,1.000000000000000000e+00
1.965915489196777344e+01,-6.291808128356933594e+00,1.100000000000000000e+01,1.000000000000000000e+00
1.940380668640136719e+01,-6.054832935333251953e+00,1.100000000000000000e+01,1.000000000000000000e+00
1.943735313415527344e+01,-6.088501930236816406e+00,1.100000000000000000e+01,1.000000000000000000e+00
1.859459495544433594e+01,-5.630614757537841797e+00,1.100000000000000000e+01,1.000000000000000000e+00
1.839084053039550781e+01,-5.223452568054199219e+00,1.100000000000000000e+01,1.000000000000000000e+00
1.843744468688964844e+01,-5.244804382324218750e+00,1.100000000000000000e+01,1.000000000000000000e+00
1.816619110107421875e+01,-5.078579425811767578e+00,1.100000000000000000e+01,1.000000000000000000e+00
1.659549713134765625e+01,-5.101203441619873047e+00,1.100000000000000000e+01,1.000000000000000000e+00
1.827803611755371094e+01,-5.111376285552978516e+00,1.100000000000000000e+01,1.000000000000000000e+00
1.951736259460449219e+01,-6.166305541992187500e+00,1.100000000000000000e+01,1.000000000000000000e+00
