dim1,dim2,operational_label,is_current_round
1.313287639617919922e+01,1.926445579528808594e+01,0.000000000000000000e+00,0.000000000000000000e+00
1.331777763366699219e+01,1.924210739135742188e+01,0.000000000000000000e+00,0.000000000000000000e+00
1.289661884307861328e+01,1.923199081420898438e+01,0.000000000000000000e+00,0.000000000000000000e+00
1.312968158721923828e+01,1.932352256774902344e+01,0.000000000000000000e+00,0.000000000000000000e+00
1.219230461120605469e+01,1.913278579711914062e+01,0.000000000000000000e+00,0.000000000000000000e+00
1.343001556396484375e+01,1.936060523986816406e+01,0.000000000000000000e+00,0.000000000000000000e+00
1.205870056152343750e+01,1.886794853210449219e+01,0.000000000000000000e+00,0.000000000000000000e+00
1.132833385467529297e+01,1.868756103515625000e+01,0.000000000000000000e+00,0.000000000000000000e+00
1.148467445373535156e+01,1.895299530029296875e+01,0.000000000000000000e+00,0.000000000000000000e+00
1.262778759002685547e+01,1.882575988769531250e+01,0.000000000000000000e+00,0.000000000000000000e+00
1.343778133392333984e+01,1.936450767517089844e+01,0.000000000000000000e+00,0.000000000000000000e+00
1.263922023773193359e+01,1.926639366149902344e+01,0.000000000000000000e+00,0.000000000000000000e+00
1.326424980163574219e+01,1.919068717956542969e+01,0.000000000000000000e+00,0.000000000000000000e+00
1.237586498260498047e+01,1.924147796630859375e+01,0.000000000000000000e+00,0.000000000000000000e+00
1.199413013458251953e+01,1.896939086914062500e+01,0.000000000000000000e+00,0.000000000000000000e+00
1.256246757507324219e+01,1.944912528991699219e+01,0.000000000000000000e+00,0.000000000000000000e+00
1.135852050781250000e+01,1.865014266967773438e+01,0.000000000000000000e+00,0.000000000000000000e+00
1.116570472717285156e+01,1.912465476989746094e+01,0.000000000000000000e+00,0.000000000000000000e+00
1.138099193572998047e+01,1.865872955322265625e+01,0.000000000000000000e+00,0.000000000000000000e+00
1.135556793212890625e+01,1.869073104858398438e+01,0.000000000000000000e+00,0.000000000000000000e+00
1.259400749206542969e+01,1.940705871582031250e+01,0.000000000000000000e+00,0.000000000000000000e+00
1.129357719421386719e+01,1.909896469116210938e+01,0.000000000000000000e+00,0.000000000000000000e+00
1.191084003448486328e+01,1.902226448059082031e+01,0.000000000000000000e+00,0.000000000000000000e+00
1.296788215637207031e+01,1.915494346618652344e+01,0.000000000000000000e+00,0.000000000000000000e+00
1.238364696502685547e+01,1.912455177307128906e+01,0.000000000000000000e+00,0.000000000000000000e+00
1.152786254882812500e+01,1.883546447753906250e+01,0.000000000000000000e+00,0.000000000000000000e+00
1.140384864807128906e+01,1.928307914733886719e+01,0.000000000000000000e+00,0.000000000000000000e+00
1.179093837738037109e+01,1.908648300170898438e+01,0.000000000000000000e+00,0.000000000000000000e+00
1.140248870849609375e+01,1.916135787963867188e+01,0.000000000000000000e+00,0.000000000000000000e+00
1.124765110015869141e+01,1.913872718811035156e+01,0.000000000000000000e+00,0.000000000000000000e+00
1.309778499603271484e+01,1.920824050903320312e+01,0.000000000000000000e+00,0.000000000000000000e+00
1.257485389709472656e+01,1.943084144592285156e+01,0.000000000000000000e+00,0.000000000000000000e+00
1.112028217315673828e+01,1.898505020141601562e+01,0.000000000000000000e+00,0.000000000000000000e+00
1.261815834045410156e+01,1.881503295898437500e+01,0.000000000000000000e+00,0.000000000000000000e+00
1.170816421508789062e+01,1.867309379577636719e+01,0.000000000000000000e+00,0.000000000000000000e+00
1.323610115051269531e+01,1.916580772399902344e+01,0.000000000000000000e+00,0.000000000000000000e+00
1.314121437072753906e+01,1.922343444824218750e+01,0.000000000000000000e+00,0.000000000000000000e+00
1.221804714202880859e+01,1.887289619445800781e+01,0.000000000000000000e+00,0.000000000000000000e+00
1.302290153503417969e+01,1.907813072204589844e+01,0.000000000000000000e+00,0.000000000000000000e+00
1.146231746673583984e+01,1.926574516296386719e+01,0.000000000000000000e+00,0.000000000000000000e+00
1.143085670471191406e+01,1.931289482116699219e+01,0.000000000000000000e+00,0.000000000000000000e+00
1.244941806793212891e+01,1.941012191772460938e+01,0.000000000000000000e+00,0.000000000000000000e+00
1.317347812652587891e+01,1.921047401428222656e+01,0.000000000000000000e+00,0.000000000000000000e+00
1.137643527984619141e+01,1.907197952270507812e+01,0.000000000000000000e+00,0.000000000000000000e+00
1.140834712982177734e+01,1.913149261474609375e+01,0.000000000000000000e+00,0.000000000000000000e+00
1.185849761962890625e+01,1.909086418151855469e+01,0.000000000000000000e+00,0.000000000000000000e+00
1.154716682434082031e+01,1.888339996337890625e+01,0.000000000000000000e+00,0.000000000000000000e+00
1.126792430877685547e+01,1.923364830017089844e+01,0.000000000000000000e+00,0.000000000000000000e+00
1.342355918884277344e+01,1.934647178649902344e+01,0.000000000000000000e+00,0.000000000000000000e+00
1.122131538391113281e+01,1.919084358215332031e+01,0.000000000000000000e+00,0.000000000000000000e+00
1.138418579101562500e+01,1.862216567993164062e+01,0.000000000000000000e+00,0.000000000000000000e+00
1.140066623687744141e+01,1.863183784484863281e+01,0.000000000000000000e+00,0.000000000000000000e+00
1.205045127868652344e+01,1.878889465332031250e+01,0.000000000000000000e+00,0.000000000000000000e+00
1.278475761413574219e+01,1.910975456237792969e+01,0.000000000000000000e+00,0.000000000000000000e+00
1.126260566711425781e+01,1.915453720092773438e+01,0.000000000000000000e+00,0.000000000000000000e+00
1.258140087127685547e+01,1.943765830993652344e+01,0.000000000000000000e+00,0.000000000000000000e+00
1.201889133453369141e+01,1.876393699645996094e+01,0.000000000000000000e+00,0.000000000000000000e+00
1.237974834442138672e+01,1.928531074523925781e+01,0.000000000000000000e+00,0.000000000000000000e+00
1.318465042114257812e+01,1.933658790588378906e+01,0.000000000000000000e+00,0.000000000000000000e+00
1.332624435424804688e+01,1.935516166687011719e+01,0.000000000000000000e+00,0.000000000000000000e+00
1.261081886291503906e+01,1.878408241271972656e+01,0.000000000000000000e+00,0.000000000000000000e+00
1.184468078613281250e+01,1.904786300659179688e+01,0.000000000000000000e+00,0.000000000000000000e+00
1.231088066101074219e+01,1.938356971740722656e+01,0.000000000000000000e+00,0.000000000000000000e+00
1.235850238800048828e+01,1.909556007385253906e+01,0.000000000000000000e+00,0.000000000000000000e+00
1.131609630584716797e+01,1.929012298583984375e+01,0.000000000000000000e+00,0.000000000000000000e+00
1.321899127960205078e+01,1.930895614624023438e+01,0.000000000000000000e+00,0.000000000000000000e+00
1.301582241058349609e+01,1.933561325073242188e+01,0.000000000000000000e+00,0.000000000000000000e+00
1.249607086181640625e+01,1.878384399414062500e+01,0.000000000000000000e+00,0.000000000000000000e+00
1.121685695648193359e+01,1.889302253723144531e+01,0.000000000000000000e+00,0.000000000000000000e+00
1.282119083404541016e+01,1.934660530090332031e+01,0.000000000000000000e+00,0.000000000000000000e+00
1.120895862579345703e+01,1.881943130493164062e+01,0.000000000000000000e+00,0.000000000000000000e+00
1.112301540374755859e+01,1.894316101074218750e+01,0.000000000000000000e+00,0.000000000000000000e+00
1.233049488067626953e+01,1.923924827575683594e+01,0.000000000000000000e+00,0.000000000000000000e+00
1.172047805786132812e+01,1.919498062133789062e+01,0.000000000000000000e+00,0.000000000000000000e+00
1.273760223388671875e+01,1.919567298889160156e+01,0.000000000000000000e+00,0.000000000000000000e+00
1.346462249755859375e+01,1.933146095275878906e+01,0.000000000000000000e+00,0.000000000000000000e+00
1.287372207641601562e+01,1.895071983337402344e+01,0.000000000000000000e+00,0.000000000000000000e+00
1.292156791687011719e+01,1.930837821960449219e+01,0.000000000000000000e+00,0.000000000000000000e+00
1.124365615844726562e+01,1.919421958923339844e+01,0.000000000000000000e+00,0.000000000000000000e+00
1.118389415740966797e+01,1.916963958740234375e+01,0.000000000000000000e+00,0.000000000000000000e+00
1.308207225799560547e+01,1.914041709899902344e+01,0.000000000000000000e+00,0.000000000000000000e+00
1.209457683563232422e+01,1.891493606567382812e+01,0.000000000000000000e+00,0.000000000000000000e+00
1.343250560760498047e+01,1.935436058044433594e+01,0.000000000000000000e+00,0.000000000000000000e+00
1.258147048950195312e+01,1.939792251586914062e+01,0.000000000000000000e+00,0.000000000000000000e+00
1.139673614501953125e+01,1.863074684143066406e+01,0.000000000000000000e+00,0.000000000000000000e+00
1.245941162109375000e+01,1.876901817321777344e+01,0.000000000000000000e+00,0.000000000000000000e+00
1.196262168884277344e+01,1.871354484558105469e+01,0.000000000000000000e+00,0.000000000000000000e+00
1.262333583831787109e+01,1.906612014770507812e+01,0.000000000000000000e+00,0.000000000000000000e+00
1.116623020172119141e+01,1.917256927490234375e+01,0.000000000000000000e+00,0.000000000000000000e+00
1.146374893188476562e+01,1.926114463806152344e+01,0.000000000000000000e+00,0.000000000000000000e+00
1.141210746765136719e+01,1.924502754211425781e+01,0.000000000000000000e+00,0.000000000000000000e+00
1.244261741638183594e+01,1.928841209411621094e+01,0.000000000000000000e+00,0.000000000000000000e+00
1.274905776977539062e+01,1.888175201416015625e+01,0.000000000000000000e+00,0.000000000000000000e+00
1.198839187622070312e+01,1.895000457763671875e+01,0.000000000000000000e+00,0.000000000000000000e+00
1.342603969573974609e+01,1.934430503845214844e+01,0.000000000000000000e+00,0.000000000000000000e+00
1.207384300231933594e+01,1.876406097412109375e+01,0.000000000000000000e+00,0.000000000000000000e+00
1.216584777832031250e+01,1.902673530578613281e+01,0.000000000000000000e+00,0.000000000000000000e+00
1.342964267730712891e+01,1.936373138427734375e+01,0.000000000000000000e+00,0.000000000000000000e+00
1.176437950134277344e+01,1.863710021972656250e+01,0.000000000000000000e+00,0.000000000000000000e+00
1.311491489410400391e+01,1.920827102661132812e+01,0.000000000000000000e+00,0.000000000000000000e+00
1.284204769134521484e+01,1.903509712219238281e+01,0.000000000000000000e+00,0.000000000000000000e+00
1.200158596038818359e+01,1.869096374511718750e+01,0.000000000000000000e+00,0.000000000000000000e+00
1.253341197967529297e+01,1.878852272033691406e+01,0.000000000000000000e+00,0.000000000000000000e+00
1.239893341064453125e+01,1.929731559753417969e+01,0.000000000000000000e+00,0.000000000000000000e+00
1.283283901214599609e+01,1.893890380859375000e+01,0.000000000000000000e+00,0.000000000000000000e+00
1.145095157623291016e+01,1.896162033081054688e+01,0.000000000000000000e+00,0.000000000000000000e+00
1.167456150054931641e+01,1.889073753356933594e+01,0.000000000000000000e+00,0.000000000000000000e+00
1.269737243652343750e+01,1.923625373840332031e+01,0.000000000000000000e+00,0.000000000000000000e+00
1.318088340759277344e+01,1.931697082519531250e+01,0.000000000000000000e+00,0.000000000000000000e+00
1.111357784271240234e+01,1.906718254089355469e+01,0.000000000000000000e+00,0.000000000000000000e+00
1.309947681427001953e+01,1.912604141235351562e+01,0.000000000000000000e+00,0.000000000000000000e+00
1.202765846252441406e+01,1.884722137451171875e+01,0.000000000000000000e+00,0.000000000000000000e+00
1.317310714721679688e+01,1.931773185729980469e+01,0.000000000000000000e+00,0.000000000000000000e+00
1.142936897277832031e+01,1.898021316528320312e+01,0.000000000000000000e+00,0.000000000000000000e+00
1.128266811370849609e+01,1.869810295104980469e+01,0.000000000000000000e+00,0.000000000000000000e+00
1.193837928771972656e+01,1.899681663513183594e+01,0.000000000000000000e+00,0.000000000000000000e+00
1.168710803985595703e+01,1.905353927612304688e+01,0.000000000000000000e+00,0.000000000000000000e+00
1.194909572601318359e+01,1.880980682373046875e+01,0.000000000000000000e+00,0.000000000000000000e+00
1.141395378112792969e+01,1.892229270935058594e+01,0.000000000000000000e+00,0.000000000000000000e+00
1.317724990844726562e+01,1.924948120117187500e+01,0.000000000000000000e+00,0.000000000000000000e+00
1.215875530242919922e+01,1.874306297302246094e+01,0.000000000000000000e+00,0.000000000000000000e+00
1.121777915954589844e+01,1.877989768981933594e+01,0.000000000000000000e+00,0.000000000000000000e+00
1.243971538543701172e+01,1.911063575744628906e+01,0.000000000000000000e+00,0.000000000000000000e+00
1.204794120788574219e+01,1.890812110900878906e+01,0.000000000000000000e+00,0.000000000000000000e+00
1.121671581268310547e+01,1.919388961791992188e+01,0.000000000000000000e+00,0.000000000000000000e+00
1.256633949279785156e+01,1.939410209655761719e+01,0.000000000000000000e+00,0.000000000000000000e+00
1.302857589721679688e+01,1.921803474426269531e+01,0.000000000000000000e+00,0.000000000000000000e+00
1.267873668670654297e+01,1.886675071716308594e+01,0.000000000000000000e+00,0.000000000000000000e+00
1.341104125976562500e+01,1.931756401062011719e+01,0.000000000000000000e+00,0.000000000000000000e+00
1.343766117095947266e+01,1.932217979431152344e+01,0.000000000000000000e+00,0.000000000000000000e+00
1.124980735778808594e+01,1.882201385498046875e+01,0.000000000000000000e+00,0.000000000000000000e+00
1.343658351898193359e+01,1.935521697998046875e+01,0.000000000000000000e+00,0.000000000000000000e+00
1.243334484100341797e+01,1.938612365722656250e+01,0.000000000000000000e+00,0.000000000000000000e+00
1.286494064331054688e+01,1.913184738159179688e+01,0.000000000000000000e+00,0.000000000000000000e+00
1.241409492492675781e+01,1.934352111816406250e+01,0.000000000000000000e+00,0.000000000000000000e+00
1.306920909881591797e+01,1.910745620727539062e+01,0.000000000000000000e+00,0.000000000000000000e+00
1.183963203430175781e+01,1.910802650451660156e+01,0.000000000000000000e+00,0.000000000000000000e+00
1.263284301757812500e+01,1.913426971435546875e+01,0.000000000000000000e+00,0.000000000000000000e+00
1.110789108276367188e+01,1.905595970153808594e+01,0.000000000000000000e+00,0.000000000000000000e+00
1.262092018127441406e+01,1.943339920043945312e+01,0.000000000000000000e+00,0.000000000000000000e+00
1.141857814788818359e+01,1.867649841308593750e+01,0.000000000000000000e+00,0.000000000000000000e+00
1.145581340789794922e+01,1.927375793457031250e+01,0.000000000000000000e+00,0.000000000000000000e+00
1.264781570434570312e+01,1.901164054870605469e+01,0.000000000000000000e+00,0.000000000000000000e+00
1.280352687835693359e+01,1.909076499938964844e+01,0.000000000000000000e+00,0.000000000000000000e+00
1.271695232391357422e+01,1.944725036621093750e+01,0.000000000000000000e+00,0.000000000000000000e+00
1.137595462799072266e+01,1.904490661621093750e+01,0.000000000000000000e+00,0.000000000000000000e+00
1.291970539093017578e+01,1.918362617492675781e+01,0.000000000000000000e+00,0.000000000000000000e+00
1.216576862335205078e+01,1.912425994873046875e+01,0.000000000000000000e+00,0.000000000000000000e+00
1.119206333160400391e+01,1.907395553588867188e+01,0.000000000000000000e+00,0.000000000000000000e+00
1.263973712921142578e+01,1.913320350646972656e+01,0.000000000000000000e+00,0.000000000000000000e+00
1.130255794525146484e+01,1.921856880187988281e+01,0.000000000000000000e+00,0.000000000000000000e+00
1.206653213500976562e+01,1.888261985778808594e+01,0.000000000000000000e+00,0.000000000000000000e+00
1.344598674774169922e+01,1.934508895874023438e+01,0.000000000000000000e+00,0.000000000000000000e+00
1.111314487457275391e+01,1.902018356323242188e+01,0.000000000000000000e+00,0.000000000000000000e+00
1.157724189758300781e+01,1.882670783996582031e+01,0.000000000000000000e+00,0.000000000000000000e+00
1.234454250335693359e+01,1.926113891601562500e+01,0.000000000000000000e+00,0.000000000000000000e+00
1.296231555938720703e+01,1.899315261840820312e+01,0.000000000000000000e+00,0.000000000000000000e+00
1.183906078338623047e+01,1.866882705688476562e+01,0.000000000000000000e+00,0.000000000000000000e+00
1.133019638061523438e+01,1.898095893859863281e+01,0.000000000000000000e+00,0.000000000000000000e+00
1.178275108337402344e+01,1.909385490417480469e+01,0.000000000000000000e+00,0.000000000000000000e+00
1.289227104187011719e+01,1.894028854370117188e+01,0.000000000000000000e+00,0.000000000000000000e+00
1.138649272918701172e+01,1.864642143249511719e+01,0.000000000000000000e+00,0.000000000000000000e+00
1.304119491577148438e+01,1.917051696777343750e+01,0.000000000000000000e+00,0.000000000000000000e+00
1.274425697326660156e+01,1.884645271301269531e+01,0.000000000000000000e+00,0.000000000000000000e+00
1.267854022979736328e+01,1.884907150268554688e+01,0.000000000000000000e+00,0.000000000000000000e+00
1.310890674591064453e+01,1.926074790954589844e+01,0.000000000000000000e+00,0.000000000000000000e+00
1.235219097137451172e+01,1.938035964965820312e+01,0.000000000000000000e+00,0.000000000000000000e+00
1.316604804992675781e+01,1.916686820983886719e+01,0.000000000000000000e+00,0.000000000000000000e+00
1.117643165588378906e+01,1.893790054321289062e+01,0.000000000000000000e+00,0.000000000000000000e+00
1.253943824768066406e+01,1.927568435668945312e+01,0.000000000000000000e+00,0.000000000000000000e+00
1.140076351165771484e+01,1.929944229125976562e+01,0.000000000000000000e+00,0.000000000000000000e+00
1.253240585327148438e+01,1.878083229064941406e+01,0.000000000000000000e+00,0.000000000000000000e+00
1.258406543731689453e+01,1.933063507080078125e+01,0.000000000000000000e+00,0.000000000000000000e+00
1.110248279571533203e+01,1.901108169555664062e+01,0.000000000000000000e+00,0.000000000000000000e+00
1.207290172576904297e+01,1.877346992492675781e+01,0.000000000000000000e+00,0.000000000000000000e+00
1.255669689178466797e+01,1.901870727539062500e+01,0.000000000000000000e+00,0.000000000000000000e+00
1.280178737640380859e+01,1.906896400451660156e+01,0.000000000000000000e+00,0.000000000000000000e+00
1.194238376617431641e+01,1.870054054260253906e+01,0.000000000000000000e+00,0.000000000000000000e+00
1.328776931762695312e+01,1.931099700927734375e+01,0.000000000000000000e+00,0.000000000000000000e+00
1.213561534881591797e+01,1.879920196533203125e+01,0.000000000000000000e+00,0.000000000000000000e+00
1.271521663665771484e+01,1.883252143859863281e+01,0.000000000000000000e+00,0.000000000000000000e+00
1.148941326141357422e+01,1.932793998718261719e+01,0.000000000000000000e+00,0.000000000000000000e+00
1.293154430389404297e+01,1.897671127319335938e+01,0.000000000000000000e+00,0.000000000000000000e+00
1.211536407470703125e+01,1.891754913330078125e+01,0.000000000000000000e+00,0.000000000000000000e+00
1.189935398101806641e+01,1.902983665466308594e+01,0.000000000000000000e+00,0.000000000000000000e+00
1.155139160156250000e+01,1.890676498413085938e+01,0.000000000000000000e+00,0.000000000000000000e+00
1.323596477508544922e+01,1.930944633483886719e+01,0.000000000000000000e+00,0.000000000000000000e+00
1.209146022796630859e+01,1.916346549987792969e+01,0.000000000000000000e+00,0.000000000000000000e+00
1.144075679779052734e+01,1.927275848388671875e+01,0.000000000000000000e+00,0.000000000000000000e+00
1.170616531372070312e+01,1.880563735961914062e+01,0.000000000000000000e+00,0.000000000000000000e+00
1.200350284576416016e+01,1.895252418518066406e+01,0.000000000000000000e+00,0.000000000000000000e+00
1.258110809326171875e+01,1.880626296997070312e+01,0.000000000000000000e+00,0.000000000000000000e+00
1.346604919433593750e+01,1.932041740417480469e+01,0.000000000000000000e+00,0.000000000000000000e+00
1.170283126831054688e+01,1.879980087280273438e+01,0.000000000000000000e+00,0.000000000000000000e+00
1.196568775177001953e+01,1.896381187438964844e+01,0.000000000000000000e+00,0.000000000000000000e+00
1.143691921234130859e+01,1.914996528625488281e+01,0.000000000000000000e+00,0.000000000000000000e+00
1.200532436370849609e+01,1.876504135131835938e+01,0.000000000000000000e+00,0.000000000000000000e+00
1.115703487396240234e+01,1.904726982116699219e+01,0.000000000000000000e+00,0.000000000000000000e+00
1.140756511688232422e+01,1.861801719665527344e+01,0.000000000000000000e+00,0.000000000000000000e+00
1.191662311553955078e+01,1.900771713256835938e+01,0.000000000000000000e+00,0.000000000000000000e+00
1.275509071350097656e+01,1.909785461425781250e+01,0.000000000000000000e+00,0.000000000000000000e+00
1.261128616333007812e+01,1.880882263183593750e+01,0.000000000000000000e+00,0.000000000000000000e+00
1.245456981658935547e+01,1.933550071716308594e+01,0.000000000000000000e+00,0.000000000000000000e+00
1.299522399902343750e+01,1.913205337524414062e+01,0.000000000000000000e+00,0.000000000000000000e+00
1.144956588745117188e+01,1.899535369873046875e+01,0.000000000000000000e+00,0.000000000000000000e+00
1.313175392150878906e+01,1.932682991027832031e+01,0.000000000000000000e+00,0.000000000000000000e+00
1.252661705017089844e+01,1.943405342102050781e+01,0.000000000000000000e+00,0.000000000000000000e+00
1.142279529571533203e+01,1.859760475158691406e+01,0.000000000000000000e+00,0.000000000000000000e+00
1.250489044189453125e+01,1.940015983581542969e+01,0.000000000000000000e+00,0.000000000000000000e+00
1.301957225799560547e+01,1.932730865478515625e+01,0.000000000000000000e+00,0.000000000000000000e+00
6.090548992156982422e+00,-1.780425643920898438e+01,1.000000000000000000e+00,0.000000000000000000e+00
6.263813495635986328e+00,-1.750540542602539062e+01,1.000000000000000000e+00,0.000000000000000000e+00
6.899917602539062500e+00,-1.823410224914550781e+01,1.000000000000000000e+00,0.000000000000000000e+00
6.865382194519042969e+00,-1.866755485534667969e+01,1.000000000000000000e+00,0.000000000000000000e+00
5.351550102233886719e+00,-1.738484573364257812e+01,1.000000000000000000e+00,0.000000000000000000e+00
6.218946933746337891e+00,-1.778138160705566406e+01,1.000000000000000000e+00,0.000000000000000000e+00
5.938182353973388672e+00,-1.771599197387695312e+01,1.000000000000000000e+00,0.000000000000000000e+00
6.012321949005126953e+00,-1.773919868469238281e+01,1.000000000000000000e+00,0.000000000000000000e+00
6.694474220275878906e+00,-1.751684951782226562e+01,1.000000000000000000e+00,0.000000000000000000e+00
6.654239654541015625e+00,-1.771740722656250000e+01,1.000000000000000000e+00,0.000000000000000000e+00
6.561872005462646484e+00,-1.849796104431152344e+01,1.000000000000000000e+00,0.000000000000000000e+00
6.441431522369384766e+00,-1.784232330322265625e+01,1.000000000000000000e+00,0.000000000000000000e+00
6.987563133239746094e+00,-1.858868026733398438e+01,1.000000000000000000e+00,0.000000000000000000e+00
7.137476921081542969e+00,-1.844303512573242188e+01,1.000000000000000000e+00,0.000000000000000000e+00
6.229945182800292969e+00,-1.769131088256835938e+01,1.000000000000000000e+00,0.000000000000000000e+00
5.453694343566894531e+00,-1.728533172607421875e+01,1.000000000000000000e+00,0.000000000000000000e+00
5.761479854583740234e+00,-1.756876754760742188e+01,1.000000000000000000e+00,0.000000000000000000e+00
6.389081001281738281e+00,-1.809526062011718750e+01,1.000000000000000000e+00,0.000000000000000000e+00
7.152904033660888672e+00,-1.831005096435546875e+01,1.000000000000000000e+00,0.000000000000000000e+00
6.114634037017822266e+00,-1.795718002319335938e+01,1.000000000000000000e+00,0.000000000000000000e+00
6.890385627746582031e+00,-1.749202728271484375e+01,1.000000000000000000e+00,0.000000000000000000e+00
6.979255676269531250e+00,-1.863624382019042969e+01,1.000000000000000000e+00,0.000000000000000000e+00
7.092284679412841797e+00,-1.830332565307617188e+01,1.000000000000000000e+00,0.000000000000000000e+00
6.882117748260498047e+00,-1.825410079956054688e+01,1.000000000000000000e+00,0.000000000000000000e+00
5.395933628082275391e+00,-1.732366561889648438e+01,1.000000000000000000e+00,0.000000000000000000e+00
6.875320911407470703e+00,-1.743562126159667969e+01,1.000000000000000000e+00,0.000000000000000000e+00
6.241204261779785156e+00,-1.805420112609863281e+01,1.000000000000000000e+00,0.000000000000000000e+00
5.503121376037597656e+00,-1.723098564147949219e+01,1.000000000000000000e+00,0.000000000000000000e+00
5.316276550292968750e+00,-1.739221954345703125e+01,1.000000000000000000e+00,0.000000000000000000e+00
5.973287105560302734e+00,-1.753247451782226562e+01,1.000000000000000000e+00,0.000000000000000000e+00
5.335836410522460938e+00,-1.739383506774902344e+01,1.000000000000000000e+00,0.000000000000000000e+00
6.888269901275634766e+00,-1.743355560302734375e+01,1.000000000000000000e+00,0.000000000000000000e+00
7.142668247222900391e+00,-1.849229431152343750e+01,1.000000000000000000e+00,0.000000000000000000e+00
7.155564785003662109e+00,-1.833804512023925781e+01,1.000000000000000000e+00,0.000000000000000000e+00
7.170544147491455078e+00,-1.829330062866210938e+01,1.000000000000000000e+00,0.000000000000000000e+00
5.352664470672607422e+00,-1.735852622985839844e+01,1.000000000000000000e+00,0.000000000000000000e+00
6.361551284790039062e+00,-1.779528808593750000e+01,1.000000000000000000e+00,0.000000000000000000e+00
6.366915225982666016e+00,-1.782820701599121094e+01,1.000000000000000000e+00,0.000000000000000000e+00
6.282883167266845703e+00,-1.802472496032714844e+01,1.000000000000000000e+00,0.000000000000000000e+00
7.103329658508300781e+00,-1.844173240661621094e+01,1.000000000000000000e+00,0.000000000000000000e+00
6.800116062164306641e+00,-1.751786994934082031e+01,1.000000000000000000e+00,0.000000000000000000e+00
7.136987686157226562e+00,-1.831861686706542969e+01,1.000000000000000000e+00,0.000000000000000000e+00
6.697400093078613281e+00,-1.750169372558593750e+01,1.000000000000000000e+00,0.000000000000000000e+00
6.766793727874755859e+00,-1.748386001586914062e+01,1.000000000000000000e+00,0.000000000000000000e+00
6.254047870635986328e+00,-1.803580856323242188e+01,1.000000000000000000e+00,0.000000000000000000e+00
6.869563102722167969e+00,-1.747151374816894531e+01,1.000000000000000000e+00,0.000000000000000000e+00
6.603031635284423828e+00,-1.855195999145507812e+01,1.000000000000000000e+00,0.000000000000000000e+00
5.959982395172119141e+00,-1.772877693176269531e+01,1.000000000000000000e+00,0.000000000000000000e+00
6.174069404602050781e+00,-1.768402862548828125e+01,1.000000000000000000e+00,0.000000000000000000e+00
6.492456436157226562e+00,-1.839419937133789062e+01,1.000000000000000000e+00,0.000000000000000000e+00
6.616436958312988281e+00,-1.759568977355957031e+01,1.000000000000000000e+00,0.000000000000000000e+00
6.813113689422607422e+00,-1.874215316772460938e+01,1.000000000000000000e+00,0.000000000000000000e+00
6.142515182495117188e+00,-1.798995018005371094e+01,1.000000000000000000e+00,0.000000000000000000e+00
5.705873966217041016e+00,-1.748649406433105469e+01,1.000000000000000000e+00,0.000000000000000000e+00
5.485722541809082031e+00,-1.725211715698242188e+01,1.000000000000000000e+00,0.000000000000000000e+00
6.800517082214355469e+00,-1.874894523620605469e+01,1.000000000000000000e+00,0.000000000000000000e+00
5.729049205780029297e+00,-1.748579788208007812e+01,1.000000000000000000e+00,0.000000000000000000e+00
5.531009674072265625e+00,-1.746319198608398438e+01,1.000000000000000000e+00,0.000000000000000000e+00
5.866703510284423828e+00,-1.767910957336425781e+01,1.000000000000000000e+00,0.000000000000000000e+00
6.315737247467041016e+00,-1.784674453735351562e+01,1.000000000000000000e+00,0.000000000000000000e+00
5.480263710021972656e+00,-1.731955909729003906e+01,1.000000000000000000e+00,0.000000000000000000e+00
5.779218673706054688e+00,-1.755477714538574219e+01,1.000000000000000000e+00,0.000000000000000000e+00
6.335229873657226562e+00,-1.776349449157714844e+01,1.000000000000000000e+00,0.000000000000000000e+00
6.303417682647705078e+00,-1.790210914611816406e+01,1.000000000000000000e+00,0.000000000000000000e+00
6.354783058166503906e+00,-1.749994087219238281e+01,1.000000000000000000e+00,0.000000000000000000e+00
6.250189304351806641e+00,-1.801988220214843750e+01,1.000000000000000000e+00,0.000000000000000000e+00
5.941992759704589844e+00,-1.768182373046875000e+01,1.000000000000000000e+00,0.000000000000000000e+00
7.167021751403808594e+00,-1.830425643920898438e+01,1.000000000000000000e+00,0.000000000000000000e+00
6.219772338867187500e+00,-1.758872413635253906e+01,1.000000000000000000e+00,0.000000000000000000e+00
6.571125984191894531e+00,-1.752470779418945312e+01,1.000000000000000000e+00,0.000000000000000000e+00
6.822909832000732422e+00,-1.873289680480957031e+01,1.000000000000000000e+00,0.000000000000000000e+00
6.877750396728515625e+00,-1.872376823425292969e+01,1.000000000000000000e+00,0.000000000000000000e+00
6.239620208740234375e+00,-1.809815788269042969e+01,1.000000000000000000e+00,0.000000000000000000e+00
5.536202430725097656e+00,-1.727995109558105469e+01,1.000000000000000000e+00,0.000000000000000000e+00
6.227570056915283203e+00,-1.810823822021484375e+01,1.000000000000000000e+00,0.000000000000000000e+00
6.840203285217285156e+00,-1.749152946472167969e+01,1.000000000000000000e+00,0.000000000000000000e+00
5.598242282867431641e+00,-1.746372604370117188e+01,1.000000000000000000e+00,0.000000000000000000e+00
5.890526771545410156e+00,-1.755152130126953125e+01,1.000000000000000000e+00,0.000000000000000000e+00
5.871288776397705078e+00,-1.752281188964843750e+01,1.000000000000000000e+00,0.000000000000000000e+00
6.859866619110107422e+00,-1.744702720642089844e+01,1.000000000000000000e+00,0.000000000000000000e+00
6.984278202056884766e+00,-1.861356925964355469e+01,1.000000000000000000e+00,0.000000000000000000e+00
6.359393119812011719e+00,-1.769498634338378906e+01,1.000000000000000000e+00,0.000000000000000000e+00
6.357673168182373047e+00,-1.788985252380371094e+01,1.000000000000000000e+00,0.000000000000000000e+00
6.740606307983398438e+00,-1.862733840942382812e+01,1.000000000000000000e+00,0.000000000000000000e+00
5.438793659210205078e+00,-1.743197631835937500e+01,1.000000000000000000e+00,0.000000000000000000e+00
5.577175140380859375e+00,-1.744244194030761719e+01,1.000000000000000000e+00,0.000000000000000000e+00
6.296798706054687500e+00,-1.801503181457519531e+01,1.000000000000000000e+00,0.000000000000000000e+00
6.802547454833984375e+00,-1.821662521362304688e+01,1.000000000000000000e+00,0.000000000000000000e+00
6.578881263732910156e+00,-1.849216461181640625e+01,1.000000000000000000e+00,0.000000000000000000e+00
6.477359771728515625e+00,-1.787800598144531250e+01,1.000000000000000000e+00,0.000000000000000000e+00
6.843828678131103516e+00,-1.874466323852539062e+01,1.000000000000000000e+00,0.000000000000000000e+00
6.673223018646240234e+00,-1.778259658813476562e+01,1.000000000000000000e+00,0.000000000000000000e+00
6.855251789093017578e+00,-1.823669433593750000e+01,1.000000000000000000e+00,0.000000000000000000e+00
5.616069316864013672e+00,-1.743246841430664062e+01,1.000000000000000000e+00,0.000000000000000000e+00
6.146975040435791016e+00,-1.801598739624023438e+01,1.000000000000000000e+00,0.000000000000000000e+00
6.806400775909423828e+00,-1.747866821289062500e+01,1.000000000000000000e+00,0.000000000000000000e+00
6.705854892730712891e+00,-1.761931037902832031e+01,1.000000000000000000e+00,0.000000000000000000e+00
6.785214424133300781e+00,-1.873724555969238281e+01,1.000000000000000000e+00,0.000000000000000000e+00
7.036292076110839844e+00,-1.863967704772949219e+01,1.000000000000000000e+00,0.000000000000000000e+00
6.850749969482421875e+00,-1.873045730590820312e+01,1.000000000000000000e+00,0.000000000000000000e+00
5.419759750366210938e+00,-1.739408874511718750e+01,1.000000000000000000e+00,0.000000000000000000e+00
6.875389575958251953e+00,-1.747398948669433594e+01,1.000000000000000000e+00,0.000000000000000000e+00
6.105240345001220703e+00,-1.797581481933593750e+01,1.000000000000000000e+00,0.000000000000000000e+00
6.838695049285888672e+00,-1.822480583190917969e+01,1.000000000000000000e+00,0.000000000000000000e+00
5.457921028137207031e+00,-1.743507957458496094e+01,1.000000000000000000e+00,0.000000000000000000e+00
5.461100101470947266e+00,-1.730340385437011719e+01,1.000000000000000000e+00,0.000000000000000000e+00
5.608413696289062500e+00,-1.748176002502441406e+01,1.000000000000000000e+00,0.000000000000000000e+00
6.122259140014648438e+00,-1.758674049377441406e+01,1.000000000000000000e+00,0.000000000000000000e+00
6.048257350921630859e+00,-1.773517799377441406e+01,1.000000000000000000e+00,0.000000000000000000e+00
5.785685062408447266e+00,-1.751402473449707031e+01,1.000000000000000000e+00,0.000000000000000000e+00
6.376900672912597656e+00,-1.829022598266601562e+01,1.000000000000000000e+00,0.000000000000000000e+00
5.553991794586181641e+00,-1.726578712463378906e+01,1.000000000000000000e+00,0.000000000000000000e+00
6.791271686553955078e+00,-1.872669410705566406e+01,1.000000000000000000e+00,0.000000000000000000e+00
7.173666954040527344e+00,-1.838897705078125000e+01,1.000000000000000000e+00,0.000000000000000000e+00
6.255105972290039062e+00,-1.809474182128906250e+01,1.000000000000000000e+00,0.000000000000000000e+00
5.857797145843505859e+00,-1.765277099609375000e+01,1.000000000000000000e+00,0.000000000000000000e+00
5.948024749755859375e+00,-1.767865180969238281e+01,1.000000000000000000e+00,0.000000000000000000e+00
6.835923194885253906e+00,-1.874803924560546875e+01,1.000000000000000000e+00,0.000000000000000000e+00
7.111629962921142578e+00,-1.805747604370117188e+01,1.000000000000000000e+00,0.000000000000000000e+00
6.241623878479003906e+00,-1.804562187194824219e+01,1.000000000000000000e+00,0.000000000000000000e+00
5.450855255126953125e+00,-1.722457695007324219e+01,1.000000000000000000e+00,0.000000000000000000e+00
5.335209846496582031e+00,-1.739208221435546875e+01,1.000000000000000000e+00,0.000000000000000000e+00
6.163936614990234375e+00,-1.803237152099609375e+01,1.000000000000000000e+00,0.000000000000000000e+00
5.925698280334472656e+00,-1.772258567810058594e+01,1.000000000000000000e+00,0.000000000000000000e+00
7.146188735961914062e+00,-1.817989540100097656e+01,1.000000000000000000e+00,0.000000000000000000e+00
5.887743949890136719e+00,-1.773230934143066406e+01,1.000000000000000000e+00,0.000000000000000000e+00
6.498011589050292969e+00,-1.839663696289062500e+01,1.000000000000000000e+00,0.000000000000000000e+00
6.829698085784912109e+00,-1.874771499633789062e+01,1.000000000000000000e+00,0.000000000000000000e+00
6.491780757904052734e+00,-1.831904029846191406e+01,1.000000000000000000e+00,0.000000000000000000e+00
6.259817123413085938e+00,-1.774936485290527344e+01,1.000000000000000000e+00,0.000000000000000000e+00
5.612328529357910156e+00,-1.748361396789550781e+01,1.000000000000000000e+00,0.000000000000000000e+00
6.703908920288085938e+00,-1.748560523986816406e+01,1.000000000000000000e+00,0.000000000000000000e+00
7.144693374633789062e+00,-1.837570190429687500e+01,1.000000000000000000e+00,0.000000000000000000e+00
6.988252162933349609e+00,-1.865760421752929688e+01,1.000000000000000000e+00,0.000000000000000000e+00
6.899986743927001953e+00,-1.822785758972167969e+01,1.000000000000000000e+00,0.000000000000000000e+00
5.545989990234375000e+00,-1.728759193420410156e+01,1.000000000000000000e+00,0.000000000000000000e+00
6.971282005310058594e+00,-1.867519950866699219e+01,1.000000000000000000e+00,0.000000000000000000e+00
7.135453701019287109e+00,-1.835096549987792969e+01,1.000000000000000000e+00,0.000000000000000000e+00
6.805077552795410156e+00,-1.745114517211914062e+01,1.000000000000000000e+00,0.000000000000000000e+00
6.376114368438720703e+00,-1.774512100219726562e+01,1.000000000000000000e+00,0.000000000000000000e+00
6.866086006164550781e+00,-1.746502304077148438e+01,1.000000000000000000e+00,0.000000000000000000e+00
7.020395755767822266e+00,-1.861972045898437500e+01,1.000000000000000000e+00,0.000000000000000000e+00
6.647043228149414062e+00,-1.773485374450683594e+01,1.000000000000000000e+00,0.000000000000000000e+00
6.652305126190185547e+00,-1.770932388305664062e+01,1.000000000000000000e+00,0.000000000000000000e+00
6.103286266326904297e+00,-1.773210334777832031e+01,1.000000000000000000e+00,0.000000000000000000e+00
6.689428806304931641e+00,-1.862233924865722656e+01,1.000000000000000000e+00,0.000000000000000000e+00
6.543982028961181641e+00,-1.849468421936035156e+01,1.000000000000000000e+00,0.000000000000000000e+00
6.954947471618652344e+00,-1.869644927978515625e+01,1.000000000000000000e+00,0.000000000000000000e+00
6.814918518066406250e+00,-1.866439437866210938e+01,1.000000000000000000e+00,0.000000000000000000e+00
6.747466087341308594e+00,-1.860739707946777344e+01,1.000000000000000000e+00,0.000000000000000000e+00
6.895246028900146484e+00,-1.751062583923339844e+01,1.000000000000000000e+00,0.000000000000000000e+00
6.564162254333496094e+00,-1.849556922912597656e+01,1.000000000000000000e+00,0.000000000000000000e+00
5.348113536834716797e+00,-1.736577224731445312e+01,1.000000000000000000e+00,0.000000000000000000e+00
6.853752136230468750e+00,-1.822504234313964844e+01,1.000000000000000000e+00,0.000000000000000000e+00
5.503187179565429688e+00,-1.725549888610839844e+01,1.000000000000000000e+00,0.000000000000000000e+00
6.732415676116943359e+00,-1.827265357971191406e+01,1.000000000000000000e+00,0.000000000000000000e+00
5.934190750122070312e+00,-1.769627761840820312e+01,1.000000000000000000e+00,0.000000000000000000e+00
6.246058464050292969e+00,-1.779158020019531250e+01,1.000000000000000000e+00,0.000000000000000000e+00
6.205068111419677734e+00,-1.809216880798339844e+01,1.000000000000000000e+00,0.000000000000000000e+00
6.630845069885253906e+00,-1.757159614562988281e+01,1.000000000000000000e+00,0.000000000000000000e+00
5.920636177062988281e+00,-1.762093162536621094e+01,1.000000000000000000e+00,0.000000000000000000e+00
6.189054012298583984e+00,-1.770376396179199219e+01,1.000000000000000000e+00,0.000000000000000000e+00
7.111132144927978516e+00,-1.835179519653320312e+01,1.000000000000000000e+00,0.000000000000000000e+00
5.627106666564941406e+00,-1.741592788696289062e+01,1.000000000000000000e+00,0.000000000000000000e+00
6.912980556488037109e+00,-1.828272438049316406e+01,1.000000000000000000e+00,0.000000000000000000e+00
5.798008918762207031e+00,-1.756835556030273438e+01,1.000000000000000000e+00,0.000000000000000000e+00
6.598132133483886719e+00,-1.773993110656738281e+01,1.000000000000000000e+00,0.000000000000000000e+00
6.157350063323974609e+00,-1.774478721618652344e+01,1.000000000000000000e+00,0.000000000000000000e+00
6.242489814758300781e+00,-1.797083091735839844e+01,1.000000000000000000e+00,0.000000000000000000e+00
5.364631175994873047e+00,-1.737558937072753906e+01,1.000000000000000000e+00,0.000000000000000000e+00
5.679908752441406250e+00,-1.752827835083007812e+01,1.000000000000000000e+00,0.000000000000000000e+00
6.897284030914306641e+00,-1.752910995483398438e+01,1.000000000000000000e+00,0.000000000000000000e+00
7.193676948547363281e+00,-1.831684494018554688e+01,1.000000000000000000e+00,0.000000000000000000e+00
5.574678897857666016e+00,-1.745373153686523438e+01,1.000000000000000000e+00,0.000000000000000000e+00
6.969604969024658203e+00,-1.826366424560546875e+01,1.000000000000000000e+00,0.000000000000000000e+00
6.608417034149169922e+00,-1.750617027282714844e+01,1.000000000000000000e+00,0.000000000000000000e+00
6.601322174072265625e+00,-1.775485801696777344e+01,1.000000000000000000e+00,0.000000000000000000e+00
6.874188423156738281e+00,-1.874197769165039062e+01,1.000000000000000000e+00,0.000000000000000000e+00
6.321014404296875000e+00,-1.792931365966796875e+01,1.000000000000000000e+00,0.000000000000000000e+00
6.515089988708496094e+00,-1.769987678527832031e+01,1.000000000000000000e+00,0.000000000000000000e+00
6.571699142456054688e+00,-1.847640609741210938e+01,1.000000000000000000e+00,0.000000000000000000e+00
5.309694766998291016e+00,-1.738182640075683594e+01,1.000000000000000000e+00,0.000000000000000000e+00
6.272390842437744141e+00,-1.800207901000976562e+01,1.000000000000000000e+00,0.000000000000000000e+00
6.068242073059082031e+00,-1.775201225280761719e+01,1.000000000000000000e+00,0.000000000000000000e+00
6.653996467590332031e+00,-1.747472381591796875e+01,1.000000000000000000e+00,0.000000000000000000e+00
6.835348129272460938e+00,-1.746519088745117188e+01,1.000000000000000000e+00,0.000000000000000000e+00
5.453572273254394531e+00,-1.724539566040039062e+01,1.000000000000000000e+00,0.000000000000000000e+00
7.176648616790771484e+00,-1.833598709106445312e+01,1.000000000000000000e+00,0.000000000000000000e+00
6.612289905548095703e+00,-1.749736976623535156e+01,1.000000000000000000e+00,0.000000000000000000e+00
6.880966663360595703e+00,-1.744462966918945312e+01,1.000000000000000000e+00,0.000000000000000000e+00
6.892887115478515625e+00,-1.870967292785644531e+01,1.000000000000000000e+00,0.000000000000000000e+00
5.301287651062011719e+00,-1.740511703491210938e+01,1.000000000000000000e+00,0.000000000000000000e+00
7.058746814727783203e+00,-1.839299011230468750e+01,1.000000000000000000e+00,0.000000000000000000e+00
6.325802326202392578e+00,-1.752041816711425781e+01,1.000000000000000000e+00,0.000000000000000000e+00
5.614420890808105469e+00,-1.746267509460449219e+01,1.000000000000000000e+00,0.000000000000000000e+00
5.390201091766357422e+00,-1.738867187500000000e+01,1.000000000000000000e+00,0.000000000000000000e+00
6.508483886718750000e+00,-1.842273330688476562e+01,1.000000000000000000e+00,0.000000000000000000e+00
7.127829074859619141e+00,-1.851273918151855469e+01,1.000000000000000000e+00,0.000000000000000000e+00
6.758241653442382812e+00,-1.865429306030273438e+01,1.000000000000000000e+00,0.000000000000000000e+00
5.769392967224121094e+00,-1.758827018737792969e+01,1.000000000000000000e+00,0.000000000000000000e+00
6.648204803466796875e+00,-1.772920989990234375e+01,1.000000000000000000e+00,0.000000000000000000e+00
5.513894081115722656e+00,-1.723858642578125000e+01,1.000000000000000000e+00,0.000000000000000000e+00
6.865622043609619141e+00,-1.744787597656250000e+01,1.000000000000000000e+00,0.000000000000000000e+00
7.141673564910888672e+00,-1.837410163879394531e+01,1.000000000000000000e+00,0.000000000000000000e+00
6.634374618530273438e+00,-1.750272560119628906e+01,1.000000000000000000e+00,0.000000000000000000e+00
6.722307205200195312e+00,-1.821627616882324219e+01,1.000000000000000000e+00,0.000000000000000000e+00
6.116422176361083984e+00,-1.774568939208984375e+01,1.000000000000000000e+00,0.000000000000000000e+00
6.029329776763916016e+00,-1.769306945800781250e+01,1.000000000000000000e+00,0.000000000000000000e+00
6.534700870513916016e+00,-1.835237884521484375e+01,1.000000000000000000e+00,0.000000000000000000e+00
6.661139488220214844e+00,-1.790853500366210938e+01,1.000000000000000000e+00,0.000000000000000000e+00
1.884444046020507812e+01,1.751236915588378906e+01,2.000000000000000000e+00,0.000000000000000000e+00
1.889085578918457031e+01,1.747312736511230469e+01,2.000000000000000000e+00,0.000000000000000000e+00
1.918489265441894531e+01,1.750722885131835938e+01,2.000000000000000000e+00,0.000000000000000000e+00
1.839565658569335938e+01,1.691414260864257812e+01,2.000000000000000000e+00,0.000000000000000000e+00
1.788852882385253906e+01,1.647801589965820312e+01,2.000000000000000000e+00,0.000000000000000000e+00
1.950110626220703125e+01,1.825753784179687500e+01,2.000000000000000000e+00,0.000000000000000000e+00
1.977192878723144531e+01,1.818385124206542969e+01,2.000000000000000000e+00,0.000000000000000000e+00
1.847249603271484375e+01,1.698214340209960938e+01,2.000000000000000000e+00,0.000000000000000000e+00
1.771666336059570312e+01,1.634766769409179688e+01,2.000000000000000000e+00,0.000000000000000000e+00
1.840516662597656250e+01,1.691681480407714844e+01,2.000000000000000000e+00,0.000000000000000000e+00
1.942037963867187500e+01,1.849261856079101562e+01,2.000000000000000000e+00,0.000000000000000000e+00
1.770425605773925781e+01,1.633562469482421875e+01,2.000000000000000000e+00,0.000000000000000000e+00
1.853188133239746094e+01,1.703423690795898438e+01,2.000000000000000000e+00,0.000000000000000000e+00
1.802191925048828125e+01,1.658876991271972656e+01,2.000000000000000000e+00,0.000000000000000000e+00
1.965502548217773438e+01,1.808655738830566406e+01,2.000000000000000000e+00,0.000000000000000000e+00
1.882465934753417969e+01,1.751174354553222656e+01,2.000000000000000000e+00,0.000000000000000000e+00
1.765167617797851562e+01,1.629646301269531250e+01,2.000000000000000000e+00,0.000000000000000000e+00
1.865897750854492188e+01,1.722757530212402344e+01,2.000000000000000000e+00,0.000000000000000000e+00
1.907217788696289062e+01,1.736113548278808594e+01,2.000000000000000000e+00,0.000000000000000000e+00
1.953266143798828125e+01,1.844169616699218750e+01,2.000000000000000000e+00,0.000000000000000000e+00
1.942750549316406250e+01,1.848898124694824219e+01,2.000000000000000000e+00,0.000000000000000000e+00
1.788911247253417969e+01,1.648278045654296875e+01,2.000000000000000000e+00,0.000000000000000000e+00
1.957995605468750000e+01,1.829434776306152344e+01,2.000000000000000000e+00,0.000000000000000000e+00
1.818667030334472656e+01,1.673323249816894531e+01,2.000000000000000000e+00,0.000000000000000000e+00
1.782833480834960938e+01,1.643124771118164062e+01,2.000000000000000000e+00,0.000000000000000000e+00
1.957439422607421875e+01,1.840580368041992188e+01,2.000000000000000000e+00,0.000000000000000000e+00
1.840029335021972656e+01,1.690495681762695312e+01,2.000000000000000000e+00,0.000000000000000000e+00
1.767302703857421875e+01,1.631021690368652344e+01,2.000000000000000000e+00,0.000000000000000000e+00
1.959661674499511719e+01,1.812934303283691406e+01,2.000000000000000000e+00,0.000000000000000000e+00
1.782330894470214844e+01,1.642194747924804688e+01,2.000000000000000000e+00,0.000000000000000000e+00
1.945364761352539062e+01,1.829760360717773438e+01,2.000000000000000000e+00,0.000000000000000000e+00
1.788677406311035156e+01,1.647717857360839844e+01,2.000000000000000000e+00,0.000000000000000000e+00
1.835272979736328125e+01,1.687016487121582031e+01,2.000000000000000000e+00,0.000000000000000000e+00
1.837031173706054688e+01,1.688730239868164062e+01,2.000000000000000000e+00,0.000000000000000000e+00
1.953509330749511719e+01,1.793956565856933594e+01,2.000000000000000000e+00,0.000000000000000000e+00
1.919718360900878906e+01,1.756173324584960938e+01,2.000000000000000000e+00,0.000000000000000000e+00
1.963199615478515625e+01,1.791736602783203125e+01,2.000000000000000000e+00,0.000000000000000000e+00
1.783674812316894531e+01,1.644133377075195312e+01,2.000000000000000000e+00,0.000000000000000000e+00
1.977843666076660156e+01,1.817292976379394531e+01,2.000000000000000000e+00,0.000000000000000000e+00
1.948915100097656250e+01,1.841168212890625000e+01,2.000000000000000000e+00,0.000000000000000000e+00
1.958120346069335938e+01,1.808937835693359375e+01,2.000000000000000000e+00,0.000000000000000000e+00
1.948095130920410156e+01,1.779836273193359375e+01,2.000000000000000000e+00,0.000000000000000000e+00
1.761758995056152344e+01,1.626344108581542969e+01,2.000000000000000000e+00,0.000000000000000000e+00
1.762373161315917969e+01,1.627169990539550781e+01,2.000000000000000000e+00,0.000000000000000000e+00
1.801239776611328125e+01,1.658114624023437500e+01,2.000000000000000000e+00,0.000000000000000000e+00
1.830603027343750000e+01,1.683361053466796875e+01,2.000000000000000000e+00,0.000000000000000000e+00
1.796349143981933594e+01,1.654184532165527344e+01,2.000000000000000000e+00,0.000000000000000000e+00
1.365803003311157227e+00,-5.111025333404541016e+00,2.000000000000000000e+00,0.000000000000000000e+00
1.970118522644042969e+01,1.830180358886718750e+01,2.000000000000000000e+00,0.000000000000000000e+00
1.956516838073730469e+01,1.809783744812011719e+01,2.000000000000000000e+00,0.000000000000000000e+00
1.963961601257324219e+01,1.837806320190429688e+01,2.000000000000000000e+00,0.000000000000000000e+00
1.951045608520507812e+01,1.816380691528320312e+01,2.000000000000000000e+00,0.000000000000000000e+00
1.934821319580078125e+01,1.844700241088867188e+01,2.000000000000000000e+00,0.000000000000000000e+00
1.878499412536621094e+01,1.753335762023925781e+01,2.000000000000000000e+00,0.000000000000000000e+00
1.955266189575195312e+01,1.837909889221191406e+01,2.000000000000000000e+00,0.000000000000000000e+00
1.840299415588378906e+01,1.691453170776367188e+01,2.000000000000000000e+00,0.000000000000000000e+00
1.874250411987304688e+01,1.722953987121582031e+01,2.000000000000000000e+00,0.000000000000000000e+00
1.945608711242675781e+01,1.846085166931152344e+01,2.000000000000000000e+00,0.000000000000000000e+00
1.836431884765625000e+01,1.687891960144042969e+01,2.000000000000000000e+00,0.000000000000000000e+00
1.971288299560546875e+01,1.824696731567382812e+01,2.000000000000000000e+00,0.000000000000000000e+00
1.963361358642578125e+01,1.793771362304687500e+01,2.000000000000000000e+00,0.000000000000000000e+00
1.942690849304199219e+01,1.835366439819335938e+01,2.000000000000000000e+00,0.000000000000000000e+00
1.908256530761718750e+01,1.741279792785644531e+01,2.000000000000000000e+00,0.000000000000000000e+00
1.871276473999023438e+01,1.718544578552246094e+01,2.000000000000000000e+00,0.000000000000000000e+00
1.968089675903320312e+01,1.833771324157714844e+01,2.000000000000000000e+00,0.000000000000000000e+00
1.928482818603515625e+01,1.847181701660156250e+01,2.000000000000000000e+00,0.000000000000000000e+00
1.839692687988281250e+01,1.690149307250976562e+01,2.000000000000000000e+00,0.000000000000000000e+00
1.863150215148925781e+01,1.710562515258789062e+01,2.000000000000000000e+00,0.000000000000000000e+00
1.882220077514648438e+01,1.752322196960449219e+01,2.000000000000000000e+00,0.000000000000000000e+00
1.781076431274414062e+01,1.641847419738769531e+01,2.000000000000000000e+00,0.000000000000000000e+00
1.764562606811523438e+01,1.629126358032226562e+01,2.000000000000000000e+00,0.000000000000000000e+00
1.911962127685546875e+01,1.741541862487792969e+01,2.000000000000000000e+00,0.000000000000000000e+00
1.905397033691406250e+01,1.740225028991699219e+01,2.000000000000000000e+00,0.000000000000000000e+00
1.911597824096679688e+01,1.745566749572753906e+01,2.000000000000000000e+00,0.000000000000000000e+00
1.932515907287597656e+01,1.785581588745117188e+01,2.000000000000000000e+00,0.000000000000000000e+00
1.816367530822753906e+01,1.671410369873046875e+01,2.000000000000000000e+00,0.000000000000000000e+00
1.887672233581542969e+01,1.723198127746582031e+01,2.000000000000000000e+00,0.000000000000000000e+00
1.794007301330566406e+01,1.652231788635253906e+01,2.000000000000000000e+00,0.000000000000000000e+00
1.910430145263671875e+01,1.743698692321777344e+01,2.000000000000000000e+00,0.000000000000000000e+00
1.925326728820800781e+01,1.845023727416992188e+01,2.000000000000000000e+00,0.000000000000000000e+00
1.937623214721679688e+01,1.771808052062988281e+01,2.000000000000000000e+00,0.000000000000000000e+00
1.973372459411621094e+01,1.827733612060546875e+01,2.000000000000000000e+00,0.000000000000000000e+00
1.935727310180664062e+01,1.849949073791503906e+01,2.000000000000000000e+00,0.000000000000000000e+00
1.809808158874511719e+01,1.666054153442382812e+01,2.000000000000000000e+00,0.000000000000000000e+00
1.884222602844238281e+01,1.749424743652343750e+01,2.000000000000000000e+00,0.000000000000000000e+00
1.957879447937011719e+01,1.840469360351562500e+01,2.000000000000000000e+00,0.000000000000000000e+00
1.943112945556640625e+01,1.843573570251464844e+01,2.000000000000000000e+00,0.000000000000000000e+00
1.950909996032714844e+01,1.780062675476074219e+01,2.000000000000000000e+00,0.000000000000000000e+00
1.806747817993164062e+01,1.663025856018066406e+01,2.000000000000000000e+00,0.000000000000000000e+00
1.846966361999511719e+01,1.696842765808105469e+01,2.000000000000000000e+00,0.000000000000000000e+00
1.941260147094726562e+01,1.846957206726074219e+01,2.000000000000000000e+00,0.000000000000000000e+00
1.938604164123535156e+01,1.774165344238281250e+01,2.000000000000000000e+00,0.000000000000000000e+00
1.860034751892089844e+01,1.705191993713378906e+01,2.000000000000000000e+00,0.000000000000000000e+00
1.804546546936035156e+01,1.661207771301269531e+01,2.000000000000000000e+00,0.000000000000000000e+00
1.773021125793457031e+01,1.635895347595214844e+01,2.000000000000000000e+00,0.000000000000000000e+00
1.954085350036621094e+01,1.802386093139648438e+01,2.000000000000000000e+00,0.000000000000000000e+00
1.974674224853515625e+01,1.821875762939453125e+01,2.000000000000000000e+00,0.000000000000000000e+00
1.940983390808105469e+01,1.844038772583007812e+01,2.000000000000000000e+00,0.000000000000000000e+00
1.968807792663574219e+01,1.810660362243652344e+01,2.000000000000000000e+00,0.000000000000000000e+00
1.929808235168457031e+01,1.761928749084472656e+01,2.000000000000000000e+00,0.000000000000000000e+00
1.925416564941406250e+01,1.844628715515136719e+01,2.000000000000000000e+00,0.000000000000000000e+00
1.812971878051757812e+01,1.668698501586914062e+01,2.000000000000000000e+00,0.000000000000000000e+00
1.975069618225097656e+01,1.818638801574707031e+01,2.000000000000000000e+00,0.000000000000000000e+00
1.777521705627441406e+01,1.638720130920410156e+01,2.000000000000000000e+00,0.000000000000000000e+00
1.805926895141601562e+01,1.662510871887207031e+01,2.000000000000000000e+00,0.000000000000000000e+00
1.791690254211425781e+01,1.650547218322753906e+01,2.000000000000000000e+00,0.000000000000000000e+00
1.964688301086425781e+01,1.792095375061035156e+01,2.000000000000000000e+00,0.000000000000000000e+00
1.975309181213378906e+01,1.818164634704589844e+01,2.000000000000000000e+00,0.000000000000000000e+00
1.797813987731933594e+01,1.654881477355957031e+01,2.000000000000000000e+00,0.000000000000000000e+00
1.949273681640625000e+01,1.842851448059082031e+01,2.000000000000000000e+00,0.000000000000000000e+00
1.949220085144042969e+01,1.783133125305175781e+01,2.000000000000000000e+00,0.000000000000000000e+00
1.941138267517089844e+01,1.849120903015136719e+01,2.000000000000000000e+00,0.000000000000000000e+00
1.791833305358886719e+01,1.650275230407714844e+01,2.000000000000000000e+00,0.000000000000000000e+00
1.955284500122070312e+01,1.785692787170410156e+01,2.000000000000000000e+00,0.000000000000000000e+00
1.965987586975097656e+01,1.812652397155761719e+01,2.000000000000000000e+00,0.000000000000000000e+00
1.952920913696289062e+01,1.783083152770996094e+01,2.000000000000000000e+00,0.000000000000000000e+00
1.938595771789550781e+01,1.850625419616699219e+01,2.000000000000000000e+00,0.000000000000000000e+00
1.810265731811523438e+01,1.666234397888183594e+01,2.000000000000000000e+00,0.000000000000000000e+00
1.797844505310058594e+01,1.655400848388671875e+01,2.000000000000000000e+00,0.000000000000000000e+00
1.806389999389648438e+01,1.663667678833007812e+01,2.000000000000000000e+00,0.000000000000000000e+00
1.977345275878906250e+01,1.818238449096679688e+01,2.000000000000000000e+00,0.000000000000000000e+00
1.811965560913085938e+01,1.667775154113769531e+01,2.000000000000000000e+00,0.000000000000000000e+00
1.952290916442871094e+01,1.783613777160644531e+01,2.000000000000000000e+00,0.000000000000000000e+00
1.762664985656738281e+01,1.627440643310546875e+01,2.000000000000000000e+00,0.000000000000000000e+00
1.937904739379882812e+01,1.850914382934570312e+01,2.000000000000000000e+00,0.000000000000000000e+00
1.889960479736328125e+01,1.779104804992675781e+01,2.000000000000000000e+00,0.000000000000000000e+00
1.798760414123535156e+01,1.657185935974121094e+01,2.000000000000000000e+00,0.000000000000000000e+00
1.935405731201171875e+01,1.769398880004882812e+01,2.000000000000000000e+00,0.000000000000000000e+00
1.878564262390136719e+01,1.754710388183593750e+01,2.000000000000000000e+00,0.000000000000000000e+00
1.915989303588867188e+01,1.750144958496093750e+01,2.000000000000000000e+00,0.000000000000000000e+00
1.927527809143066406e+01,1.846019363403320312e+01,2.000000000000000000e+00,0.000000000000000000e+00
1.877330780029296875e+01,1.752281951904296875e+01,2.000000000000000000e+00,0.000000000000000000e+00
1.940629768371582031e+01,1.775013923645019531e+01,2.000000000000000000e+00,0.000000000000000000e+00
1.961752128601074219e+01,1.790565490722656250e+01,2.000000000000000000e+00,0.000000000000000000e+00
1.874370384216308594e+01,1.715492820739746094e+01,2.000000000000000000e+00,0.000000000000000000e+00
1.887261009216308594e+01,1.776217269897460938e+01,2.000000000000000000e+00,0.000000000000000000e+00
1.878727912902832031e+01,1.751046562194824219e+01,2.000000000000000000e+00,0.000000000000000000e+00
1.952449035644531250e+01,1.781271743774414062e+01,2.000000000000000000e+00,0.000000000000000000e+00
1.782888793945312500e+01,1.643225669860839844e+01,2.000000000000000000e+00,0.000000000000000000e+00
1.820348167419433594e+01,1.675706672668457031e+01,2.000000000000000000e+00,0.000000000000000000e+00
1.954895782470703125e+01,1.811827850341796875e+01,2.000000000000000000e+00,0.000000000000000000e+00
1.793142509460449219e+01,1.651496124267578125e+01,2.000000000000000000e+00,0.000000000000000000e+00
1.879145050048828125e+01,1.754449844360351562e+01,2.000000000000000000e+00,0.000000000000000000e+00
1.877518653869628906e+01,1.753184890747070312e+01,2.000000000000000000e+00,0.000000000000000000e+00
1.907486915588378906e+01,1.745273590087890625e+01,2.000000000000000000e+00,0.000000000000000000e+00
1.971339797973632812e+01,1.816008186340332031e+01,2.000000000000000000e+00,0.000000000000000000e+00
1.903521537780761719e+01,1.730243492126464844e+01,2.000000000000000000e+00,0.000000000000000000e+00
1.919489288330078125e+01,1.837240600585937500e+01,2.000000000000000000e+00,0.000000000000000000e+00
1.884926414489746094e+01,1.749097251892089844e+01,2.000000000000000000e+00,0.000000000000000000e+00
1.888824462890625000e+01,1.780871391296386719e+01,2.000000000000000000e+00,0.000000000000000000e+00
1.965559959411621094e+01,1.791489601135253906e+01,2.000000000000000000e+00,0.000000000000000000e+00
1.937997245788574219e+01,1.852286529541015625e+01,2.000000000000000000e+00,0.000000000000000000e+00
1.938528442382812500e+01,1.777383232116699219e+01,2.000000000000000000e+00,0.000000000000000000e+00
1.965104866027832031e+01,1.791648483276367188e+01,2.000000000000000000e+00,0.000000000000000000e+00
1.963918685913085938e+01,1.791598701477050781e+01,2.000000000000000000e+00,0.000000000000000000e+00
1.880122947692871094e+01,1.718188667297363281e+01,2.000000000000000000e+00,0.000000000000000000e+00
1.955736923217773438e+01,1.808405876159667969e+01,2.000000000000000000e+00,0.000000000000000000e+00
1.763611221313476562e+01,1.628072166442871094e+01,2.000000000000000000e+00,0.000000000000000000e+00
1.879282760620117188e+01,1.750310707092285156e+01,2.000000000000000000e+00,0.000000000000000000e+00
1.946797561645507812e+01,1.847588157653808594e+01,2.000000000000000000e+00,0.000000000000000000e+00
1.798525238037109375e+01,1.656026840209960938e+01,2.000000000000000000e+00,0.000000000000000000e+00
1.932472038269042969e+01,1.853358268737792969e+01,2.000000000000000000e+00,0.000000000000000000e+00
1.934296607971191406e+01,1.769198799133300781e+01,2.000000000000000000e+00,0.000000000000000000e+00
1.934782218933105469e+01,1.771578598022460938e+01,2.000000000000000000e+00,0.000000000000000000e+00
1.963724136352539062e+01,1.839115524291992188e+01,2.000000000000000000e+00,0.000000000000000000e+00
1.812448310852050781e+01,1.668342208862304688e+01,2.000000000000000000e+00,0.000000000000000000e+00
1.924160957336425781e+01,1.844602012634277344e+01,2.000000000000000000e+00,0.000000000000000000e+00
1.864202499389648438e+01,1.720959472656250000e+01,2.000000000000000000e+00,0.000000000000000000e+00
1.893283462524414062e+01,1.726772880554199219e+01,2.000000000000000000e+00,0.000000000000000000e+00
1.806472969055175781e+01,1.663076591491699219e+01,2.000000000000000000e+00,0.000000000000000000e+00
1.808382606506347656e+01,1.664781951904296875e+01,2.000000000000000000e+00,0.000000000000000000e+00
1.890324974060058594e+01,1.782335472106933594e+01,2.000000000000000000e+00,0.000000000000000000e+00
1.941843032836914062e+01,1.849992370605468750e+01,2.000000000000000000e+00,0.000000000000000000e+00
1.765073966979980469e+01,1.629322814941406250e+01,2.000000000000000000e+00,0.000000000000000000e+00
1.795549392700195312e+01,1.653703880310058594e+01,2.000000000000000000e+00,0.000000000000000000e+00
1.790928077697753906e+01,1.649354553222656250e+01,2.000000000000000000e+00,0.000000000000000000e+00
1.926304244995117188e+01,1.849670410156250000e+01,2.000000000000000000e+00,0.000000000000000000e+00
1.818885231018066406e+01,1.673736190795898438e+01,2.000000000000000000e+00,0.000000000000000000e+00
1.871884346008300781e+01,1.728838920593261719e+01,2.000000000000000000e+00,0.000000000000000000e+00
1.970377922058105469e+01,1.833357620239257812e+01,2.000000000000000000e+00,0.000000000000000000e+00
1.931839942932128906e+01,1.850352287292480469e+01,2.000000000000000000e+00,0.000000000000000000e+00
1.930009460449218750e+01,1.851553726196289062e+01,2.000000000000000000e+00,0.000000000000000000e+00
1.809569740295410156e+01,1.665944480895996094e+01,2.000000000000000000e+00,0.000000000000000000e+00
1.905364608764648438e+01,1.739207649230957031e+01,2.000000000000000000e+00,0.000000000000000000e+00
1.953305053710937500e+01,1.783647918701171875e+01,2.000000000000000000e+00,0.000000000000000000e+00
1.847742462158203125e+01,1.698247146606445312e+01,2.000000000000000000e+00,0.000000000000000000e+00
1.963657379150390625e+01,1.837450027465820312e+01,2.000000000000000000e+00,0.000000000000000000e+00
1.815832138061523438e+01,1.671564483642578125e+01,2.000000000000000000e+00,0.000000000000000000e+00
1.968770027160644531e+01,1.814222335815429688e+01,2.000000000000000000e+00,0.000000000000000000e+00
1.959611701965332031e+01,1.796651840209960938e+01,2.000000000000000000e+00,0.000000000000000000e+00
1.883186531066894531e+01,1.750797462463378906e+01,2.000000000000000000e+00,0.000000000000000000e+00
1.896012878417968750e+01,1.734226417541503906e+01,2.000000000000000000e+00,0.000000000000000000e+00
1.799654769897460938e+01,1.656588554382324219e+01,2.000000000000000000e+00,0.000000000000000000e+00
1.962681007385253906e+01,1.815527534484863281e+01,2.000000000000000000e+00,0.000000000000000000e+00
1.887564468383789062e+01,1.752939033508300781e+01,2.000000000000000000e+00,0.000000000000000000e+00
1.890499114990234375e+01,1.745232963562011719e+01,2.000000000000000000e+00,0.000000000000000000e+00
1.870242309570312500e+01,1.712765693664550781e+01,2.000000000000000000e+00,0.000000000000000000e+00
1.771604347229003906e+01,1.634213066101074219e+01,2.000000000000000000e+00,0.000000000000000000e+00
1.763688468933105469e+01,1.628221130371093750e+01,2.000000000000000000e+00,0.000000000000000000e+00
1.885339927673339844e+01,1.721979904174804688e+01,2.000000000000000000e+00,0.000000000000000000e+00
1.900190544128417969e+01,1.736866188049316406e+01,2.000000000000000000e+00,0.000000000000000000e+00
1.802203178405761719e+01,1.659448432922363281e+01,2.000000000000000000e+00,0.000000000000000000e+00
1.972192573547363281e+01,1.818062210083007812e+01,2.000000000000000000e+00,0.000000000000000000e+00
1.879188156127929688e+01,1.749285316467285156e+01,2.000000000000000000e+00,0.000000000000000000e+00
1.973964500427246094e+01,1.824340629577636719e+01,2.000000000000000000e+00,0.000000000000000000e+00
1.763407707214355469e+01,1.628025817871093750e+01,2.000000000000000000e+00,0.000000000000000000e+00
1.907126998901367188e+01,1.740573883056640625e+01,2.000000000000000000e+00,0.000000000000000000e+00
1.763100051879882812e+01,1.627773857116699219e+01,2.000000000000000000e+00,0.000000000000000000e+00
1.880215263366699219e+01,1.751252746582031250e+01,2.000000000000000000e+00,0.000000000000000000e+00
1.827895164489746094e+01,1.680761718750000000e+01,2.000000000000000000e+00,0.000000000000000000e+00
-3.259894609451293945e+00,-1.042044830322265625e+01,3.000000000000000000e+00,0.000000000000000000e+00
-2.989970445632934570e+00,-1.014462757110595703e+01,3.000000000000000000e+00,0.000000000000000000e+00
-3.471088409423828125e+00,-1.059244155883789062e+01,3.000000000000000000e+00,0.000000000000000000e+00
-3.189763784408569336e+00,-1.015878486633300781e+01,3.000000000000000000e+00,0.000000000000000000e+00
-2.946289062500000000e+00,-1.022030830383300781e+01,3.000000000000000000e+00,0.000000000000000000e+00
-3.976955652236938477e+00,-1.030370521545410156e+01,3.000000000000000000e+00,0.000000000000000000e+00
-2.435778141021728516e+00,-9.710676193237304688e+00,3.000000000000000000e+00,0.000000000000000000e+00
-3.028622150421142578e+00,-1.009906673431396484e+01,3.000000000000000000e+00,0.000000000000000000e+00
-3.899750471115112305e+00,-1.065135478973388672e+01,3.000000000000000000e+00,0.000000000000000000e+00
-3.362077713012695312e+00,-1.049388027191162109e+01,3.000000000000000000e+00,0.000000000000000000e+00
-2.451890468597412109e+00,-9.924181938171386719e+00,3.000000000000000000e+00,0.000000000000000000e+00
-3.705304622650146484e+00,-1.039492702484130859e+01,3.000000000000000000e+00,0.000000000000000000e+00
-4.298543453216552734e+00,-1.033089542388916016e+01,3.000000000000000000e+00,0.000000000000000000e+00
-4.064811229705810547e+00,-1.008535003662109375e+01,3.000000000000000000e+00,0.000000000000000000e+00
-2.457441329956054688e+00,-9.989703178405761719e+00,3.000000000000000000e+00,0.000000000000000000e+00
-4.063931465148925781e+00,-1.009211921691894531e+01,3.000000000000000000e+00,0.000000000000000000e+00
-4.173549175262451172e+00,-1.035107898712158203e+01,3.000000000000000000e+00,0.000000000000000000e+00
-4.032242774963378906e+00,-1.006315994262695312e+01,3.000000000000000000e+00,0.000000000000000000e+00
-2.593774080276489258e+00,-9.776304244995117188e+00,3.000000000000000000e+00,0.000000000000000000e+00
-3.900292873382568359e+00,-1.051152706146240234e+01,3.000000000000000000e+00,0.000000000000000000e+00
-3.025899887084960938e+00,-1.011738491058349609e+01,3.000000000000000000e+00,0.000000000000000000e+00
-2.835424184799194336e+00,-9.959110260009765625e+00,3.000000000000000000e+00,0.000000000000000000e+00
-4.083763599395751953e+00,-1.027968692779541016e+01,3.000000000000000000e+00,0.000000000000000000e+00
-2.439612388610839844e+00,-9.995445251464843750e+00,3.000000000000000000e+00,0.000000000000000000e+00
-3.911196470260620117e+00,-1.019780063629150391e+01,3.000000000000000000e+00,0.000000000000000000e+00
-2.839009761810302734e+00,-1.008406448364257812e+01,3.000000000000000000e+00,0.000000000000000000e+00
-4.042182922363281250e+00,-1.018633747100830078e+01,3.000000000000000000e+00,0.000000000000000000e+00
-4.147507190704345703e+00,-1.040617847442626953e+01,3.000000000000000000e+00,0.000000000000000000e+00
-3.768533706665039062e+00,-1.036286258697509766e+01,3.000000000000000000e+00,0.000000000000000000e+00
-3.440200328826904297e+00,-1.050981712341308594e+01,3.000000000000000000e+00,0.000000000000000000e+00
-2.443184614181518555e+00,-9.722334861755371094e+00,3.000000000000000000e+00,0.000000000000000000e+00
-2.466335535049438477e+00,-1.002457046508789062e+01,3.000000000000000000e+00,0.000000000000000000e+00
-2.635355949401855469e+00,-1.013215065002441406e+01,3.000000000000000000e+00,0.000000000000000000e+00
-4.161577701568603516e+00,-1.004998207092285156e+01,3.000000000000000000e+00,0.000000000000000000e+00
-2.532309293746948242e+00,-9.750224113464355469e+00,3.000000000000000000e+00,0.000000000000000000e+00
-3.704636812210083008e+00,-1.046388053894042969e+01,3.000000000000000000e+00,0.000000000000000000e+00
-4.157847404479980469e+00,-1.017652797698974609e+01,3.000000000000000000e+00,0.000000000000000000e+00
-2.481123208999633789e+00,-9.785491943359375000e+00,3.000000000000000000e+00,0.000000000000000000e+00
-4.111922740936279297e+00,-1.059553432464599609e+01,3.000000000000000000e+00,0.000000000000000000e+00
-4.096592426300048828e+00,-1.050120162963867188e+01,3.000000000000000000e+00,0.000000000000000000e+00
-4.078152179718017578e+00,-1.006489467620849609e+01,3.000000000000000000e+00,0.000000000000000000e+00
-2.939522266387939453e+00,-1.004619026184082031e+01,3.000000000000000000e+00,0.000000000000000000e+00
-3.432440996170043945e+00,-1.056785488128662109e+01,3.000000000000000000e+00,0.000000000000000000e+00
-4.033154487609863281e+00,-1.010257053375244141e+01,3.000000000000000000e+00,0.000000000000000000e+00
-4.337273120880126953e+00,-1.035631847381591797e+01,3.000000000000000000e+00,0.000000000000000000e+00
-2.469216108322143555e+00,-9.986233711242675781e+00,3.000000000000000000e+00,0.000000000000000000e+00
-4.210518836975097656e+00,-1.029924488067626953e+01,3.000000000000000000e+00,0.000000000000000000e+00
-3.882242202758789062e+00,-1.034388446807861328e+01,3.000000000000000000e+00,0.000000000000000000e+00
-2.398392200469970703e+00,-9.892485618591308594e+00,3.000000000000000000e+00,0.000000000000000000e+00
-2.541230678558349609e+00,-9.737184524536132812e+00,3.000000000000000000e+00,0.000000000000000000e+00
-2.947886466979980469e+00,-1.001025104522705078e+01,3.000000000000000000e+00,0.000000000000000000e+00
-3.703936815261840820e+00,-1.040846443176269531e+01,3.000000000000000000e+00,0.000000000000000000e+00
-4.216423034667968750e+00,-1.016304206848144531e+01,3.000000000000000000e+00,0.000000000000000000e+00
-3.179193735122680664e+00,-1.014005756378173828e+01,3.000000000000000000e+00,0.000000000000000000e+00
-3.070318222045898438e+00,-1.018713760375976562e+01,3.000000000000000000e+00,0.000000000000000000e+00
-2.430586814880371094e+00,-1.000850009918212891e+01,3.000000000000000000e+00,0.000000000000000000e+00
-3.503252983093261719e+00,-1.052274513244628906e+01,3.000000000000000000e+00,0.000000000000000000e+00
-4.113018512725830078e+00,-1.042741489410400391e+01,3.000000000000000000e+00,0.000000000000000000e+00
-3.398187160491943359e+00,-1.044907283782958984e+01,3.000000000000000000e+00,0.000000000000000000e+00
-4.153494834899902344e+00,-1.013890171051025391e+01,3.000000000000000000e+00,0.000000000000000000e+00
-4.205832958221435547e+00,-1.033851242065429688e+01,3.000000000000000000e+00,0.000000000000000000e+00
-2.552564620971679688e+00,-1.007722568511962891e+01,3.000000000000000000e+00,0.000000000000000000e+00
-2.981783866882324219e+00,-1.011224555969238281e+01,3.000000000000000000e+00,0.000000000000000000e+00
-3.728487014770507812e+00,-1.043368530273437500e+01,3.000000000000000000e+00,0.000000000000000000e+00
-2.626543521881103516e+00,-9.876271247863769531e+00,3.000000000000000000e+00,0.000000000000000000e+00
-3.381723880767822266e+00,-1.046431636810302734e+01,3.000000000000000000e+00,0.000000000000000000e+00
-2.958442926406860352e+00,-1.014070606231689453e+01,3.000000000000000000e+00,0.000000000000000000e+00
-4.368945598602294922e+00,-1.031904792785644531e+01,3.000000000000000000e+00,0.000000000000000000e+00
-3.482925415039062500e+00,-1.052341079711914062e+01,3.000000000000000000e+00,0.000000000000000000e+00
-2.986908912658691406e+00,-1.018718719482421875e+01,3.000000000000000000e+00,0.000000000000000000e+00
-3.709537982940673828e+00,-1.036835098266601562e+01,3.000000000000000000e+00,0.000000000000000000e+00
-3.289470195770263672e+00,-1.026854133605957031e+01,3.000000000000000000e+00,0.000000000000000000e+00
-2.494382619857788086e+00,-9.739253997802734375e+00,3.000000000000000000e+00,0.000000000000000000e+00
-2.490649223327636719e+00,-9.750719070434570312e+00,3.000000000000000000e+00,0.000000000000000000e+00
-2.441747665405273438e+00,-9.693956375122070312e+00,3.000000000000000000e+00,0.000000000000000000e+00
-2.426906824111938477e+00,-9.717191696166992188e+00,3.000000000000000000e+00,0.000000000000000000e+00
-3.748066663742065430e+00,-1.042798614501953125e+01,3.000000000000000000e+00,0.000000000000000000e+00
-3.258092403411865234e+00,-1.034858131408691406e+01,3.000000000000000000e+00,0.000000000000000000e+00
-3.043154716491699219e+00,-1.011820983886718750e+01,3.000000000000000000e+00,0.000000000000000000e+00
-4.164709568023681641e+00,-1.032202911376953125e+01,3.000000000000000000e+00,0.000000000000000000e+00
-3.515334367752075195e+00,-1.061822795867919922e+01,3.000000000000000000e+00,0.000000000000000000e+00
-3.245639324188232422e+00,-1.039051055908203125e+01,3.000000000000000000e+00,0.000000000000000000e+00
-2.513634443283081055e+00,-9.741573333740234375e+00,3.000000000000000000e+00,0.000000000000000000e+00
-2.907798051834106445e+00,-1.010343551635742188e+01,3.000000000000000000e+00,0.000000000000000000e+00
-2.390288591384887695e+00,-9.827507019042968750e+00,3.000000000000000000e+00,0.000000000000000000e+00
-3.921422004699707031e+00,-1.046967124938964844e+01,3.000000000000000000e+00,0.000000000000000000e+00
-3.033124685287475586e+00,-1.010242748260498047e+01,3.000000000000000000e+00,0.000000000000000000e+00
-4.048866271972656250e+00,-1.012177276611328125e+01,3.000000000000000000e+00,0.000000000000000000e+00
-2.429000377655029297e+00,-9.727647781372070312e+00,3.000000000000000000e+00,0.000000000000000000e+00
-2.909495592117309570e+00,-1.013172721862792969e+01,3.000000000000000000e+00,0.000000000000000000e+00
-3.953684091567993164e+00,-1.067261505126953125e+01,3.000000000000000000e+00,0.000000000000000000e+00
-2.423344612121582031e+00,-1.001792049407958984e+01,3.000000000000000000e+00,0.000000000000000000e+00
-3.736892700195312500e+00,-1.062709426879882812e+01,3.000000000000000000e+00,0.000000000000000000e+00
-3.930078506469726562e+00,-1.069207954406738281e+01,3.000000000000000000e+00,0.000000000000000000e+00
-4.352245807647705078e+00,-1.032716369628906250e+01,3.000000000000000000e+00,0.000000000000000000e+00
-4.075986385345458984e+00,-1.009778690338134766e+01,3.000000000000000000e+00,0.000000000000000000e+00
-2.739991188049316406e+00,-1.016223430633544922e+01,3.000000000000000000e+00,0.000000000000000000e+00
-2.439673185348510742e+00,-9.719916343688964844e+00,3.000000000000000000e+00,0.000000000000000000e+00
-3.701028585433959961e+00,-1.034687900543212891e+01,3.000000000000000000e+00,0.000000000000000000e+00
-2.743313550949096680e+00,-9.890316963195800781e+00,3.000000000000000000e+00,0.000000000000000000e+00
-2.416686773300170898e+00,-9.875578880310058594e+00,3.000000000000000000e+00,0.000000000000000000e+00
-3.620858669281005859e+00,-1.061069202423095703e+01,3.000000000000000000e+00,0.000000000000000000e+00
-4.169754505157470703e+00,-1.031077003479003906e+01,3.000000000000000000e+00,0.000000000000000000e+00
-3.133768558502197266e+00,-1.033543777465820312e+01,3.000000000000000000e+00,0.000000000000000000e+00
-2.382403850555419922e+00,-9.839685440063476562e+00,3.000000000000000000e+00,0.000000000000000000e+00
-3.926968574523925781e+00,-1.036495304107666016e+01,3.000000000000000000e+00,0.000000000000000000e+00
-4.130070209503173828e+00,-1.046431446075439453e+01,3.000000000000000000e+00,0.000000000000000000e+00
-4.237675189971923828e+00,-1.040019321441650391e+01,3.000000000000000000e+00,0.000000000000000000e+00
-2.464749097824096680e+00,-9.705949783325195312e+00,3.000000000000000000e+00,0.000000000000000000e+00
-3.746630668640136719e+00,-1.038571262359619141e+01,3.000000000000000000e+00,0.000000000000000000e+00
-2.900758504867553711e+00,-9.989609718322753906e+00,3.000000000000000000e+00,0.000000000000000000e+00
-2.864583969116210938e+00,-9.998745918273925781e+00,3.000000000000000000e+00,0.000000000000000000e+00
-3.810889482498168945e+00,-1.060302639007568359e+01,3.000000000000000000e+00,0.000000000000000000e+00
-2.417477130889892578e+00,-9.904930114746093750e+00,3.000000000000000000e+00,0.000000000000000000e+00
-3.018473863601684570e+00,-1.015628814697265625e+01,3.000000000000000000e+00,0.000000000000000000e+00
-3.907199621200561523e+00,-1.062898445129394531e+01,3.000000000000000000e+00,0.000000000000000000e+00
-3.198501348495483398e+00,-1.042024230957031250e+01,3.000000000000000000e+00,0.000000000000000000e+00
-4.285855770111083984e+00,-1.037199020385742188e+01,3.000000000000000000e+00,0.000000000000000000e+00
-3.834490537643432617e+00,-1.059177494049072266e+01,3.000000000000000000e+00,0.000000000000000000e+00
-3.544654607772827148e+00,-1.024405670166015625e+01,3.000000000000000000e+00,0.000000000000000000e+00
-3.538377523422241211e+00,-1.061772346496582031e+01,3.000000000000000000e+00,0.000000000000000000e+00
-3.885930299758911133e+00,-1.056120395660400391e+01,3.000000000000000000e+00,0.000000000000000000e+00
-4.060802936553955078e+00,-1.059357738494873047e+01,3.000000000000000000e+00,0.000000000000000000e+00
-4.297161579132080078e+00,-1.032716751098632812e+01,3.000000000000000000e+00,0.000000000000000000e+00
-3.172065496444702148e+00,-1.010842227935791016e+01,3.000000000000000000e+00,0.000000000000000000e+00
-3.866822004318237305e+00,-1.065032672882080078e+01,3.000000000000000000e+00,0.000000000000000000e+00
-3.708060503005981445e+00,-1.064698982238769531e+01,3.000000000000000000e+00,0.000000000000000000e+00
-4.112317085266113281e+00,-1.006831455230712891e+01,3.000000000000000000e+00,0.000000000000000000e+00
-3.750710487365722656e+00,-1.062471103668212891e+01,3.000000000000000000e+00,0.000000000000000000e+00
-4.191733837127685547e+00,-1.008938407897949219e+01,3.000000000000000000e+00,0.000000000000000000e+00
-3.090872526168823242e+00,-1.018757534027099609e+01,3.000000000000000000e+00,0.000000000000000000e+00
-3.339833259582519531e+00,-1.048005962371826172e+01,3.000000000000000000e+00,0.000000000000000000e+00
-2.388718843460083008e+00,-9.996799468994140625e+00,3.000000000000000000e+00,0.000000000000000000e+00
-3.006634950637817383e+00,-1.012489795684814453e+01,3.000000000000000000e+00,0.000000000000000000e+00
-2.966516256332397461e+00,-1.021853542327880859e+01,3.000000000000000000e+00,0.000000000000000000e+00
-3.760924577713012695e+00,-1.063880920410156250e+01,3.000000000000000000e+00,0.000000000000000000e+00
-4.017702579498291016e+00,-1.025551891326904297e+01,3.000000000000000000e+00,0.000000000000000000e+00
-2.452704906463623047e+00,-9.740248680114746094e+00,3.000000000000000000e+00,0.000000000000000000e+00
-2.401221513748168945e+00,-9.973856925964355469e+00,3.000000000000000000e+00,0.000000000000000000e+00
-3.341323852539062500e+00,-1.043536949157714844e+01,3.000000000000000000e+00,0.000000000000000000e+00
-3.468587875366210938e+00,-1.059636402130126953e+01,3.000000000000000000e+00,0.000000000000000000e+00
-4.262579917907714844e+00,-1.033474349975585938e+01,3.000000000000000000e+00,0.000000000000000000e+00
-4.286792278289794922e+00,-1.034247589111328125e+01,3.000000000000000000e+00,0.000000000000000000e+00
-3.288147687911987305e+00,-1.042028522491455078e+01,3.000000000000000000e+00,0.000000000000000000e+00
-3.773786783218383789e+00,-1.064396381378173828e+01,3.000000000000000000e+00,0.000000000000000000e+00
-2.483166217803955078e+00,-9.721657752990722656e+00,3.000000000000000000e+00,0.000000000000000000e+00
-2.451279878616333008e+00,-9.712859153747558594e+00,3.000000000000000000e+00,0.000000000000000000e+00
-3.263623476028442383e+00,-1.042827701568603516e+01,3.000000000000000000e+00,0.000000000000000000e+00
-3.007855653762817383e+00,-1.016509532928466797e+01,3.000000000000000000e+00,0.000000000000000000e+00
-3.676993370056152344e+00,-1.061931896209716797e+01,3.000000000000000000e+00,0.000000000000000000e+00
-3.343295097351074219e+00,-1.046128654479980469e+01,3.000000000000000000e+00,0.000000000000000000e+00
-3.793847322463989258e+00,-1.052339935302734375e+01,3.000000000000000000e+00,0.000000000000000000e+00
-3.957859039306640625e+00,-1.049612712860107422e+01,3.000000000000000000e+00,0.000000000000000000e+00
-3.593646287918090820e+00,-1.059993648529052734e+01,3.000000000000000000e+00,0.000000000000000000e+00
-3.336397886276245117e+00,-1.044750308990478516e+01,3.000000000000000000e+00,0.000000000000000000e+00
-2.583706617355346680e+00,-9.768404960632324219e+00,3.000000000000000000e+00,0.000000000000000000e+00
-4.086235523223876953e+00,-1.017532730102539062e+01,3.000000000000000000e+00,0.000000000000000000e+00
-2.881097555160522461e+00,-9.975993156433105469e+00,3.000000000000000000e+00,0.000000000000000000e+00
-3.899181365966796875e+00,-1.051162815093994141e+01,3.000000000000000000e+00,0.000000000000000000e+00
-4.144578933715820312e+00,-1.043654441833496094e+01,3.000000000000000000e+00,0.000000000000000000e+00
-4.058305740356445312e+00,-1.042492008209228516e+01,3.000000000000000000e+00,0.000000000000000000e+00
-2.843253135681152344e+00,-1.008975982666015625e+01,3.000000000000000000e+00,0.000000000000000000e+00
-4.327361106872558594e+00,-1.033346557617187500e+01,3.000000000000000000e+00,0.000000000000000000e+00
-3.618090391159057617e+00,-1.062778759002685547e+01,3.000000000000000000e+00,0.000000000000000000e+00
-3.648679971694946289e+00,-1.046198272705078125e+01,3.000000000000000000e+00,0.000000000000000000e+00
-2.391548156738281250e+00,-9.814644813537597656e+00,3.000000000000000000e+00,0.000000000000000000e+00
-3.489483833312988281e+00,-1.061299610137939453e+01,3.000000000000000000e+00,0.000000000000000000e+00
-2.910377979278564453e+00,-1.015373992919921875e+01,3.000000000000000000e+00,0.000000000000000000e+00
-2.993859767913818359e+00,-1.018364143371582031e+01,3.000000000000000000e+00,0.000000000000000000e+00
-4.081048011779785156e+00,-1.016315364837646484e+01,3.000000000000000000e+00,0.000000000000000000e+00
-2.567571640014648438e+00,-1.005704498291015625e+01,3.000000000000000000e+00,0.000000000000000000e+00
-4.161177635192871094e+00,-1.004718685150146484e+01,3.000000000000000000e+00,0.000000000000000000e+00
-2.394196271896362305e+00,-9.947568893432617188e+00,3.000000000000000000e+00,0.000000000000000000e+00
-3.536641597747802734e+00,-1.053808498382568359e+01,3.000000000000000000e+00,0.000000000000000000e+00
-3.878849506378173828e+00,-1.064583110809326172e+01,3.000000000000000000e+00,0.000000000000000000e+00
-3.548385858535766602e+00,-1.053654384613037109e+01,3.000000000000000000e+00,0.000000000000000000e+00
-2.569546699523925781e+00,-1.010134315490722656e+01,3.000000000000000000e+00,0.000000000000000000e+00
-3.853467702865600586e+00,-1.045941162109375000e+01,3.000000000000000000e+00,0.000000000000000000e+00
-3.460022211074829102e+00,-1.059546852111816406e+01,3.000000000000000000e+00,0.000000000000000000e+00
-3.453778505325317383e+00,-1.049142837524414062e+01,3.000000000000000000e+00,0.000000000000000000e+00
-4.158557415008544922e+00,-1.015900611877441406e+01,3.000000000000000000e+00,0.000000000000000000e+00
-2.889452457427978516e+00,-1.008157730102539062e+01,3.000000000000000000e+00,0.000000000000000000e+00
-4.389790058135986328e+00,-1.034763622283935547e+01,3.000000000000000000e+00,0.000000000000000000e+00
-3.492470979690551758e+00,-1.063948345184326172e+01,3.000000000000000000e+00,0.000000000000000000e+00
-3.575025081634521484e+00,-1.059094047546386719e+01,3.000000000000000000e+00,0.000000000000000000e+00
-3.739588499069213867e+00,-1.046908473968505859e+01,3.000000000000000000e+00,0.000000000000000000e+00
-2.827167749404907227e+00,-1.005951499938964844e+01,3.000000000000000000e+00,0.000000000000000000e+00
-4.192981719970703125e+00,-1.012986660003662109e+01,3.000000000000000000e+00,0.000000000000000000e+00
-2.395853757858276367e+00,-9.982217788696289062e+00,3.000000000000000000e+00,0.000000000000000000e+00
-4.174435138702392578e+00,-1.005950450897216797e+01,3.000000000000000000e+00,0.000000000000000000e+00
-3.469271421432495117e+00,-1.057460498809814453e+01,3.000000000000000000e+00,0.000000000000000000e+00
-4.153991699218750000e+00,-1.046498012542724609e+01,3.000000000000000000e+00,0.000000000000000000e+00
-3.877726316452026367e+00,-1.029488372802734375e+01,3.000000000000000000e+00,0.000000000000000000e+00
-3.771708488464355469e+00,-1.045068740844726562e+01,3.000000000000000000e+00,0.000000000000000000e+00
-2.471622943878173828e+00,-1.001150798797607422e+01,3.000000000000000000e+00,0.000000000000000000e+00
-3.781442165374755859e+00,-1.033393287658691406e+01,3.000000000000000000e+00,0.000000000000000000e+00
-3.916725635528564453e+00,-1.051176929473876953e+01,3.000000000000000000e+00,0.000000000000000000e+00
-3.276217699050903320e+00,-1.012492752075195312e+01,3.000000000000000000e+00,0.000000000000000000e+00
-3.874405622482299805e+00,-1.064433860778808594e+01,3.000000000000000000e+00,0.000000000000000000e+00
-3.343084335327148438e+00,-1.046683311462402344e+01,3.000000000000000000e+00,0.000000000000000000e+00
-4.360737800598144531e+00,-1.033095836639404297e+01,3.000000000000000000e+00,0.000000000000000000e+00
-3.375144243240356445e+00,-1.051635837554931641e+01,3.000000000000000000e+00,0.000000000000000000e+00
-2.469660997390747070e+00,-9.716174125671386719e+00,3.000000000000000000e+00,0.000000000000000000e+00
-4.383367538452148438e+00,-1.032956886291503906e+01,3.000000000000000000e+00,0.000000000000000000e+00
-2.561220645904541016e+00,-9.754131317138671875e+00,3.000000000000000000e+00,0.000000000000000000e+00
-3.518331050872802734e+00,-1.059421443939208984e+01,3.000000000000000000e+00,0.000000000000000000e+00
-4.178978443145751953e+00,-1.025027370452880859e+01,3.000000000000000000e+00,0.000000000000000000e+00
-3.155642986297607422e+00,-1.026158905029296875e+01,3.000000000000000000e+00,0.000000000000000000e+00
-4.155107498168945312e+00,-1.012189102172851562e+01,3.000000000000000000e+00,0.000000000000000000e+00
-4.147095680236816406e+00,-1.008199977874755859e+01,3.000000000000000000e+00,0.000000000000000000e+00
1.275411963462829590e+00,-1.497126960754394531e+01,4.000000000000000000e+00,0.000000000000000000e+00
1.588053941726684570e+00,-1.469905567169189453e+01,4.000000000000000000e+00,0.000000000000000000e+00
1.401135802268981934e+00,-1.483603096008300781e+01,4.000000000000000000e+00,0.000000000000000000e+00
1.091602325439453125e+00,-1.449248313903808594e+01,4.000000000000000000e+00,0.000000000000000000e+00
1.132629752159118652e+00,-1.438092708587646484e+01,4.000000000000000000e+00,0.000000000000000000e+00
1.978973770141601562e+01,-2.529080152511596680e+00,4.000000000000000000e+00,0.000000000000000000e+00
1.459178328514099121e+00,-1.430952644348144531e+01,4.000000000000000000e+00,0.000000000000000000e+00
1.978690147399902344e+01,-2.537508487701416016e+00,4.000000000000000000e+00,0.000000000000000000e+00
1.751495718955993652e+00,-1.506303024291992188e+01,4.000000000000000000e+00,0.000000000000000000e+00
1.761192798614501953e+00,-1.443517494201660156e+01,4.000000000000000000e+00,0.000000000000000000e+00
1.627777576446533203e+00,-1.437123775482177734e+01,4.000000000000000000e+00,0.000000000000000000e+00
1.723474740982055664e+00,-1.421124362945556641e+01,4.000000000000000000e+00,0.000000000000000000e+00
1.861382246017456055e+00,-1.458972167968750000e+01,4.000000000000000000e+00,0.000000000000000000e+00
1.175163507461547852e+00,-1.491658115386962891e+01,4.000000000000000000e+00,0.000000000000000000e+00
1.582411766052246094e+00,-1.504681396484375000e+01,4.000000000000000000e+00,0.000000000000000000e+00
1.303234219551086426e+00,-1.420813655853271484e+01,4.000000000000000000e+00,0.000000000000000000e+00
1.099692940711975098e+00,-1.446413993835449219e+01,4.000000000000000000e+00,0.000000000000000000e+00
2.002214050292968750e+01,-2.407673358917236328e+00,4.000000000000000000e+00,0.000000000000000000e+00
1.504458785057067871e+00,-1.496805667877197266e+01,4.000000000000000000e+00,0.000000000000000000e+00
1.173651099205017090e+00,-1.486230087280273438e+01,4.000000000000000000e+00,0.000000000000000000e+00
1.531633734703063965e+00,-1.487620449066162109e+01,4.000000000000000000e+00,0.000000000000000000e+00
1.782387852668762207e+00,-1.451811695098876953e+01,4.000000000000000000e+00,0.000000000000000000e+00
1.594488620758056641e+00,-1.413174819946289062e+01,4.000000000000000000e+00,0.000000000000000000e+00
1.422432899475097656e+00,-1.474187850952148438e+01,4.000000000000000000e+00,0.000000000000000000e+00
1.581890583038330078e+00,-1.449837017059326172e+01,4.000000000000000000e+00,0.000000000000000000e+00
1.845239400863647461e+00,-1.481864738464355469e+01,4.000000000000000000e+00,0.000000000000000000e+00
1.979459571838378906e+01,-2.524617433547973633e+00,4.000000000000000000e+00,0.000000000000000000e+00
1.583867549896240234e+00,-1.426081943511962891e+01,4.000000000000000000e+00,0.000000000000000000e+00
1.290904641151428223e+00,-1.458149051666259766e+01,4.000000000000000000e+00,0.000000000000000000e+00
1.802843570709228516e+00,-1.430607509613037109e+01,4.000000000000000000e+00,0.000000000000000000e+00
1.445045113563537598e+00,-1.491449260711669922e+01,4.000000000000000000e+00,0.000000000000000000e+00
1.553409218788146973e+00,-1.509181594848632812e+01,4.000000000000000000e+00,0.000000000000000000e+00
1.124333620071411133e+00,-1.452894115447998047e+01,4.000000000000000000e+00,0.000000000000000000e+00
1.419493198394775391e+00,-1.481055259704589844e+01,4.000000000000000000e+00,0.000000000000000000e+00
1.240053176879882812e+00,-1.493964576721191406e+01,4.000000000000000000e+00,0.000000000000000000e+00
1.769662261009216309e+00,-1.430013942718505859e+01,4.000000000000000000e+00,0.000000000000000000e+00
1.902086257934570312e+00,-1.478526878356933594e+01,4.000000000000000000e+00,0.000000000000000000e+00
1.978770637512207031e+01,-2.531900882720947266e+00,4.000000000000000000e+00,0.000000000000000000e+00
1.995354461669921875e+01,-2.394039392471313477e+00,4.000000000000000000e+00,0.000000000000000000e+00
1.601073026657104492e+00,-1.414627552032470703e+01,4.000000000000000000e+00,0.000000000000000000e+00
1.183965802192687988e+00,-1.457472324371337891e+01,4.000000000000000000e+00,0.000000000000000000e+00
1.786063075065612793e+00,-1.429122543334960938e+01,4.000000000000000000e+00,0.000000000000000000e+00
1.987799453735351562e+01,-2.468698740005493164e+00,4.000000000000000000e+00,0.000000000000000000e+00
1.978227043151855469e+01,-2.540170669555664062e+00,4.000000000000000000e+00,0.000000000000000000e+00
1.678678870201110840e+00,-1.422819614410400391e+01,4.000000000000000000e+00,0.000000000000000000e+00
1.153551578521728516e+00,-1.436053466796875000e+01,4.000000000000000000e+00,0.000000000000000000e+00
1.908446192741394043e+00,-1.489347362518310547e+01,4.000000000000000000e+00,0.000000000000000000e+00
1.582282900810241699e+00,-1.427541542053222656e+01,4.000000000000000000e+00,0.000000000000000000e+00
1.215601921081542969e+00,-1.460750007629394531e+01,4.000000000000000000e+00,0.000000000000000000e+00
1.146601557731628418e+00,-1.431911182403564453e+01,4.000000000000000000e+00,0.000000000000000000e+00
1.466154575347900391e+00,-1.420175933837890625e+01,4.000000000000000000e+00,0.000000000000000000e+00
1.154261350631713867e+00,-1.481717872619628906e+01,4.000000000000000000e+00,0.000000000000000000e+00
1.378527164459228516e+00,-1.424523830413818359e+01,4.000000000000000000e+00,0.000000000000000000e+00
1.646459579467773438e+00,-1.468107414245605469e+01,4.000000000000000000e+00,0.000000000000000000e+00
1.594879031181335449e+00,-1.504736137390136719e+01,4.000000000000000000e+00,0.000000000000000000e+00
1.373285055160522461e+00,-1.430715084075927734e+01,4.000000000000000000e+00,0.000000000000000000e+00
1.670647978782653809e+00,-1.462024497985839844e+01,4.000000000000000000e+00,0.000000000000000000e+00
1.830090165138244629e+00,-1.469502925872802734e+01,4.000000000000000000e+00,0.000000000000000000e+00
1.127501726150512695e+00,-1.460785675048828125e+01,4.000000000000000000e+00,0.000000000000000000e+00
1.754890561103820801e+00,-1.424509811401367188e+01,4.000000000000000000e+00,0.000000000000000000e+00
1.287536144256591797e+00,-1.431167221069335938e+01,4.000000000000000000e+00,0.000000000000000000e+00
1.224050045013427734e+00,-1.452402210235595703e+01,4.000000000000000000e+00,0.000000000000000000e+00
1.615121722221374512e+00,-1.412276268005371094e+01,4.000000000000000000e+00,0.000000000000000000e+00
1.453569650650024414e+00,-1.508490657806396484e+01,4.000000000000000000e+00,0.000000000000000000e+00
1.350904107093811035e+00,-1.504630184173583984e+01,4.000000000000000000e+00,0.000000000000000000e+00
1.705783724784851074e+00,-1.496456050872802734e+01,4.000000000000000000e+00,0.000000000000000000e+00
1.977183914184570312e+01,-2.552196979522705078e+00,4.000000000000000000e+00,0.000000000000000000e+00
1.592504262924194336e+00,-1.498380470275878906e+01,4.000000000000000000e+00,0.000000000000000000e+00
1.599231123924255371e+00,-1.485894680023193359e+01,4.000000000000000000e+00,0.000000000000000000e+00
1.365713119506835938e+00,-1.464762878417968750e+01,4.000000000000000000e+00,0.000000000000000000e+00
1.507352948188781738e+00,-1.509375572204589844e+01,4.000000000000000000e+00,0.000000000000000000e+00
1.258609175682067871e+00,-1.453935337066650391e+01,4.000000000000000000e+00,0.000000000000000000e+00
1.376321792602539062e+00,-1.494864463806152344e+01,4.000000000000000000e+00,0.000000000000000000e+00
1.102197885513305664e+00,-1.438909339904785156e+01,4.000000000000000000e+00,0.000000000000000000e+00
1.814459085464477539e+00,-1.441471385955810547e+01,4.000000000000000000e+00,0.000000000000000000e+00
1.693267345428466797e+00,-1.502353286743164062e+01,4.000000000000000000e+00,0.000000000000000000e+00
1.177988886833190918e+00,-1.448705291748046875e+01,4.000000000000000000e+00,0.000000000000000000e+00
1.191365718841552734e+00,-1.435408878326416016e+01,4.000000000000000000e+00,0.000000000000000000e+00
1.707518696784973145e+00,-1.424287700653076172e+01,4.000000000000000000e+00,0.000000000000000000e+00
1.752676725387573242e+00,-1.459139537811279297e+01,4.000000000000000000e+00,0.000000000000000000e+00
1.374727129936218262e+00,-1.417374801635742188e+01,4.000000000000000000e+00,0.000000000000000000e+00
1.316722393035888672e+00,-1.488993263244628906e+01,4.000000000000000000e+00,0.000000000000000000e+00
1.986647224426269531e+01,-2.469438791275024414e+00,4.000000000000000000e+00,0.000000000000000000e+00
1.332166433334350586e+00,-1.499633598327636719e+01,4.000000000000000000e+00,0.000000000000000000e+00
1.797140717506408691e+00,-1.504839324951171875e+01,4.000000000000000000e+00,0.000000000000000000e+00
1.757549405097961426e+00,-1.427307224273681641e+01,4.000000000000000000e+00,0.000000000000000000e+00
1.805369257926940918e+00,-1.502074718475341797e+01,4.000000000000000000e+00,0.000000000000000000e+00
1.780370950698852539e+00,-1.501390933990478516e+01,4.000000000000000000e+00,0.000000000000000000e+00
1.979210853576660156e+01,-2.507890224456787109e+00,4.000000000000000000e+00,0.000000000000000000e+00
1.132370829582214355e+00,-1.435330581665039062e+01,4.000000000000000000e+00,0.000000000000000000e+00
1.259419322013854980e+00,-1.455726623535156250e+01,4.000000000000000000e+00,0.000000000000000000e+00
1.392813563346862793e+00,-1.436009979248046875e+01,4.000000000000000000e+00,0.000000000000000000e+00
1.977462577819824219e+01,-2.544644594192504883e+00,4.000000000000000000e+00,0.000000000000000000e+00
1.422455668449401855e+00,-1.505576419830322266e+01,4.000000000000000000e+00,0.000000000000000000e+00
1.997546958923339844e+01,-2.437000513076782227e+00,4.000000000000000000e+00,0.000000000000000000e+00
1.470442891120910645e+00,-1.470075416564941406e+01,4.000000000000000000e+00,0.000000000000000000e+00
1.800751805305480957e+00,-1.438044834136962891e+01,4.000000000000000000e+00,0.000000000000000000e+00
1.282050371170043945e+00,-1.437107372283935547e+01,4.000000000000000000e+00,0.000000000000000000e+00
1.384611845016479492e+00,-1.485265064239501953e+01,4.000000000000000000e+00,0.000000000000000000e+00
1.294693946838378906e+00,-1.438310909271240234e+01,4.000000000000000000e+00,0.000000000000000000e+00
1.678695201873779297e+00,-1.505733299255371094e+01,4.000000000000000000e+00,0.000000000000000000e+00
1.298713564872741699e+00,-1.501477432250976562e+01,4.000000000000000000e+00,0.000000000000000000e+00
1.390085458755493164e+00,-1.508039093017578125e+01,4.000000000000000000e+00,0.000000000000000000e+00
1.856014609336853027e+00,-1.474969100952148438e+01,4.000000000000000000e+00,0.000000000000000000e+00
1.645149230957031250e+00,-1.432769680023193359e+01,4.000000000000000000e+00,0.000000000000000000e+00
1.334588527679443359e+00,-1.496702289581298828e+01,4.000000000000000000e+00,0.000000000000000000e+00
1.188349246978759766e+00,-1.484278106689453125e+01,4.000000000000000000e+00,0.000000000000000000e+00
1.323037743568420410e+00,-1.470274925231933594e+01,4.000000000000000000e+00,0.000000000000000000e+00
1.881870627403259277e+00,-1.485581779479980469e+01,4.000000000000000000e+00,0.000000000000000000e+00
1.600452542304992676e+00,-1.426903152465820312e+01,4.000000000000000000e+00,0.000000000000000000e+00
1.221689939498901367e+00,-1.456920433044433594e+01,4.000000000000000000e+00,0.000000000000000000e+00
1.981439971923828125e+01,-2.500149726867675781e+00,4.000000000000000000e+00,0.000000000000000000e+00
1.203341960906982422e+00,-1.445570182800292969e+01,4.000000000000000000e+00,0.000000000000000000e+00
1.977203178405761719e+01,-2.570063829421997070e+00,4.000000000000000000e+00,0.000000000000000000e+00
1.725963354110717773e+00,-1.417673587799072266e+01,4.000000000000000000e+00,0.000000000000000000e+00
1.756737709045410156e+00,-1.449566173553466797e+01,4.000000000000000000e+00,0.000000000000000000e+00
1.225511074066162109e+00,-1.463869762420654297e+01,4.000000000000000000e+00,0.000000000000000000e+00
1.073577046394348145e+00,-1.438933849334716797e+01,4.000000000000000000e+00,0.000000000000000000e+00
1.645919919013977051e+00,-1.470624256134033203e+01,4.000000000000000000e+00,0.000000000000000000e+00
1.407086014747619629e+00,-1.509380149841308594e+01,4.000000000000000000e+00,0.000000000000000000e+00
1.369574666023254395e+00,-1.505990600585937500e+01,4.000000000000000000e+00,0.000000000000000000e+00
1.357776999473571777e+00,-1.451207351684570312e+01,4.000000000000000000e+00,0.000000000000000000e+00
1.977957916259765625e+01,-2.545561552047729492e+00,4.000000000000000000e+00,0.000000000000000000e+00
1.482277035713195801e+00,-1.462684822082519531e+01,4.000000000000000000e+00,0.000000000000000000e+00
1.363607525825500488e+00,-1.426341724395751953e+01,4.000000000000000000e+00,0.000000000000000000e+00
1.867833971977233887e+00,-1.466292953491210938e+01,4.000000000000000000e+00,0.000000000000000000e+00
1.530519604682922363e+00,-1.418488121032714844e+01,4.000000000000000000e+00,0.000000000000000000e+00
1.339721441268920898e+00,-1.436258029937744141e+01,4.000000000000000000e+00,0.000000000000000000e+00
1.109730124473571777e+00,-1.447768592834472656e+01,4.000000000000000000e+00,0.000000000000000000e+00
1.811225414276123047e+00,-1.448141956329345703e+01,4.000000000000000000e+00,0.000000000000000000e+00
1.106603145599365234e+00,-1.444102382659912109e+01,4.000000000000000000e+00,0.000000000000000000e+00
1.766801714897155762e+00,-1.463029289245605469e+01,4.000000000000000000e+00,0.000000000000000000e+00
1.285457849502563477e+00,-1.468698692321777344e+01,4.000000000000000000e+00,0.000000000000000000e+00
1.814060449600219727e+00,-1.495669364929199219e+01,4.000000000000000000e+00,0.000000000000000000e+00
1.678687572479248047e+00,-1.445261859893798828e+01,4.000000000000000000e+00,0.000000000000000000e+00
8.586325645446777344e+00,8.411446571350097656e+00,4.000000000000000000e+00,0.000000000000000000e+00
1.342979788780212402e+00,-1.499858570098876953e+01,4.000000000000000000e+00,0.000000000000000000e+00
1.190400838851928711e+00,-1.490674781799316406e+01,4.000000000000000000e+00,0.000000000000000000e+00
1.829329967498779297e+00,-1.500400161743164062e+01,4.000000000000000000e+00,0.000000000000000000e+00
1.208305001258850098e+00,-1.449091625213623047e+01,4.000000000000000000e+00,0.000000000000000000e+00
1.272401690483093262e+00,-1.436113262176513672e+01,4.000000000000000000e+00,0.000000000000000000e+00
1.080644369125366211e+00,-1.445979022979736328e+01,4.000000000000000000e+00,0.000000000000000000e+00
1.545514583587646484e+00,-1.462204360961914062e+01,4.000000000000000000e+00,0.000000000000000000e+00
1.977290534973144531e+01,-2.543970823287963867e+00,4.000000000000000000e+00,0.000000000000000000e+00
1.363242626190185547e+00,-1.423699855804443359e+01,4.000000000000000000e+00,0.000000000000000000e+00
1.602612614631652832e+00,-1.412871742248535156e+01,4.000000000000000000e+00,0.000000000000000000e+00
1.611006021499633789e+00,-1.495679283142089844e+01,4.000000000000000000e+00,0.000000000000000000e+00
1.252497315406799316e+00,-1.430755615234375000e+01,4.000000000000000000e+00,0.000000000000000000e+00
1.380342245101928711e+00,-1.424699211120605469e+01,4.000000000000000000e+00,0.000000000000000000e+00
1.788225889205932617e+00,-1.464914226531982422e+01,4.000000000000000000e+00,0.000000000000000000e+00
1.746381998062133789e+00,-1.422057533264160156e+01,4.000000000000000000e+00,0.000000000000000000e+00
1.280962705612182617e+00,-1.451603507995605469e+01,4.000000000000000000e+00,0.000000000000000000e+00
1.461100816726684570e+00,-1.426286888122558594e+01,4.000000000000000000e+00,0.000000000000000000e+00
1.751091241836547852e+00,-1.432462501525878906e+01,4.000000000000000000e+00,0.000000000000000000e+00
1.720928549766540527e+00,-1.428003597259521484e+01,4.000000000000000000e+00,0.000000000000000000e+00
1.726525783538818359e+00,-1.506547927856445312e+01,4.000000000000000000e+00,0.000000000000000000e+00
1.445870995521545410e+00,-1.512343120574951172e+01,4.000000000000000000e+00,0.000000000000000000e+00
1.465212583541870117e+00,-1.415418910980224609e+01,4.000000000000000000e+00,0.000000000000000000e+00
1.200224876403808594e+00,-1.489590835571289062e+01,4.000000000000000000e+00,0.000000000000000000e+00
1.359799861907958984e+00,-1.486925411224365234e+01,4.000000000000000000e+00,0.000000000000000000e+00
1.999250411987304688e+01,-2.419095277786254883e+00,4.000000000000000000e+00,0.000000000000000000e+00
1.990806770324707031e+01,-2.458185195922851562e+00,4.000000000000000000e+00,0.000000000000000000e+00
1.427798390388488770e+00,-1.475661373138427734e+01,4.000000000000000000e+00,0.000000000000000000e+00
1.099551439285278320e+00,-1.437510776519775391e+01,4.000000000000000000e+00,0.000000000000000000e+00
1.619165539741516113e+00,-1.449983024597167969e+01,4.000000000000000000e+00,0.000000000000000000e+00
1.750820517539978027e+00,-1.453547286987304688e+01,4.000000000000000000e+00,0.000000000000000000e+00
1.226543307304382324e+00,-1.435395812988281250e+01,4.000000000000000000e+00,0.000000000000000000e+00
1.385888457298278809e+00,-1.479819965362548828e+01,4.000000000000000000e+00,0.000000000000000000e+00
1.158703088760375977e+00,-1.442659282684326172e+01,4.000000000000000000e+00,0.000000000000000000e+00
1.904817104339599609e+00,-1.477384376525878906e+01,4.000000000000000000e+00,0.000000000000000000e+00
1.234559059143066406e+00,-1.444636535644531250e+01,4.000000000000000000e+00,0.000000000000000000e+00
2.006110191345214844e+01,-2.416675329208374023e+00,4.000000000000000000e+00,0.000000000000000000e+00
1.451914072036743164e+00,-1.483862781524658203e+01,4.000000000000000000e+00,0.000000000000000000e+00
1.397312402725219727e+00,-1.474931812286376953e+01,4.000000000000000000e+00,0.000000000000000000e+00
1.454009413719177246e+00,-1.490383529663085938e+01,4.000000000000000000e+00,0.000000000000000000e+00
1.129609346389770508e+00,-1.447432327270507812e+01,4.000000000000000000e+00,0.000000000000000000e+00
1.512182235717773438e+00,-1.433642959594726562e+01,4.000000000000000000e+00,0.000000000000000000e+00
1.502287507057189941e+00,-1.507496166229248047e+01,4.000000000000000000e+00,0.000000000000000000e+00
1.094780802726745605e+00,-1.446365642547607422e+01,4.000000000000000000e+00,0.000000000000000000e+00
1.528264522552490234e+00,-1.511773967742919922e+01,4.000000000000000000e+00,0.000000000000000000e+00
1.579490423202514648e+00,-1.440074539184570312e+01,4.000000000000000000e+00,0.000000000000000000e+00
1.576587557792663574e+00,-1.479465293884277344e+01,4.000000000000000000e+00,0.000000000000000000e+00
1.671912550926208496e+00,-1.501830959320068359e+01,4.000000000000000000e+00,0.000000000000000000e+00
1.723205804824829102e+00,-1.506304836273193359e+01,4.000000000000000000e+00,0.000000000000000000e+00
1.338317275047302246e+00,-1.502012252807617188e+01,4.000000000000000000e+00,0.000000000000000000e+00
1.623946785926818848e+00,-1.509616184234619141e+01,4.000000000000000000e+00,0.000000000000000000e+00
1.110269546508789062e+00,-1.449495410919189453e+01,4.000000000000000000e+00,0.000000000000000000e+00
1.631420254707336426e+00,-1.414767169952392578e+01,4.000000000000000000e+00,0.000000000000000000e+00
1.724368453025817871e+00,-1.446405124664306641e+01,4.000000000000000000e+00,0.000000000000000000e+00
1.450998663902282715e+00,-1.486540794372558594e+01,4.000000000000000000e+00,0.000000000000000000e+00
1.735465764999389648e+00,-1.490628433227539062e+01,4.000000000000000000e+00,0.000000000000000000e+00
1.798787593841552734e+00,-1.424302768707275391e+01,4.000000000000000000e+00,0.000000000000000000e+00
1.494388699531555176e+00,-1.414744853973388672e+01,4.000000000000000000e+00,0.000000000000000000e+00
1.682724118232727051e+00,-1.412321662902832031e+01,4.000000000000000000e+00,0.000000000000000000e+00
1.320137619972229004e+00,-1.497121047973632812e+01,4.000000000000000000e+00,0.000000000000000000e+00
1.337241530418395996e+00,-1.471879863739013672e+01,4.000000000000000000e+00,0.000000000000000000e+00
1.142546057701110840e+00,-1.450471782684326172e+01,4.000000000000000000e+00,0.000000000000000000e+00
1.096232295036315918e+00,-1.441543292999267578e+01,4.000000000000000000e+00,0.000000000000000000e+00
1.734944939613342285e+00,-1.452981090545654297e+01,4.000000000000000000e+00,0.000000000000000000e+00
1.715277433395385742e+00,-1.504582881927490234e+01,4.000000000000000000e+00,0.000000000000000000e+00
1.631532788276672363e+00,-1.413079357147216797e+01,4.000000000000000000e+00,0.000000000000000000e+00
1.824599742889404297e+00,-1.502626705169677734e+01,4.000000000000000000e+00,0.000000000000000000e+00
1.976238059997558594e+01,-2.556168556213378906e+00,4.000000000000000000e+00,0.000000000000000000e+00
1.757492661476135254e+00,-1.429709911346435547e+01,4.000000000000000000e+00,0.000000000000000000e+00
1.182979226112365723e+00,-1.474352073669433594e+01,4.000000000000000000e+00,0.000000000000000000e+00
1.734505176544189453e+00,-1.426465702056884766e+01,4.000000000000000000e+00,0.000000000000000000e+00
1.854058742523193359e+00,-1.456947708129882812e+01,4.000000000000000000e+00,0.000000000000000000e+00
1.882554888725280762e+00,-1.480274677276611328e+01,4.000000000000000000e+00,0.000000000000000000e+00
1.312813878059387207e+00,-1.476723766326904297e+01,4.000000000000000000e+00,0.000000000000000000e+00
1.694894075393676758e+00,-1.419859886169433594e+01,4.000000000000000000e+00,0.000000000000000000e+00
1.950484275817871094e+01,1.223612689971923828e+01,5.000000000000000000e+00,0.000000000000000000e+00
1.957395362854003906e+01,1.246842288970947266e+01,5.000000000000000000e+00,0.000000000000000000e+00
1.970203208923339844e+01,1.215286540985107422e+01,5.000000000000000000e+00,0.000000000000000000e+00
1.933557319641113281e+01,1.195435047149658203e+01,5.000000000000000000e+00,0.000000000000000000e+00
2.036308288574218750e+01,1.147966766357421875e+01,5.000000000000000000e+00,0.000000000000000000e+00
1.932281875610351562e+01,1.258319282531738281e+01,5.000000000000000000e+00,0.000000000000000000e+00
2.017607879638671875e+01,1.109095573425292969e+01,5.000000000000000000e+00,0.000000000000000000e+00
1.921936798095703125e+01,1.254936504364013672e+01,5.000000000000000000e+00,0.000000000000000000e+00
2.037399101257324219e+01,1.119974136352539062e+01,5.000000000000000000e+00,0.000000000000000000e+00
1.921633911132812500e+01,1.212440013885498047e+01,5.000000000000000000e+00,0.000000000000000000e+00
2.045171356201171875e+01,1.130286502838134766e+01,5.000000000000000000e+00,0.000000000000000000e+00
2.031235885620117188e+01,1.118064212799072266e+01,5.000000000000000000e+00,0.000000000000000000e+00
2.039607429504394531e+01,1.128265094757080078e+01,5.000000000000000000e+00,0.000000000000000000e+00
1.929390716552734375e+01,1.247435855865478516e+01,5.000000000000000000e+00,0.000000000000000000e+00
2.040285873413085938e+01,1.125222873687744141e+01,5.000000000000000000e+00,0.000000000000000000e+00
2.033969116210937500e+01,1.127029609680175781e+01,5.000000000000000000e+00,0.000000000000000000e+00
1.987688064575195312e+01,1.205220603942871094e+01,5.000000000000000000e+00,0.000000000000000000e+00
1.930226707458496094e+01,1.251442050933837891e+01,5.000000000000000000e+00,0.000000000000000000e+00
2.042836570739746094e+01,1.137962722778320312e+01,5.000000000000000000e+00,0.000000000000000000e+00
1.972752571105957031e+01,1.160289382934570312e+01,5.000000000000000000e+00,0.000000000000000000e+00
1.973430442810058594e+01,1.139190959930419922e+01,5.000000000000000000e+00,0.000000000000000000e+00
1.971289634704589844e+01,1.186583518981933594e+01,5.000000000000000000e+00,0.000000000000000000e+00
1.982565879821777344e+01,1.123358917236328125e+01,5.000000000000000000e+00,0.000000000000000000e+00
2.040616989135742188e+01,1.131912517547607422e+01,5.000000000000000000e+00,0.000000000000000000e+00
1.932994842529296875e+01,1.214857864379882812e+01,5.000000000000000000e+00,0.000000000000000000e+00
2.017485427856445312e+01,1.112944889068603516e+01,5.000000000000000000e+00,0.000000000000000000e+00
1.943054962158203125e+01,1.256845664978027344e+01,5.000000000000000000e+00,0.000000000000000000e+00
1.973047256469726562e+01,1.133203887939453125e+01,5.000000000000000000e+00,0.000000000000000000e+00
1.964321136474609375e+01,1.138181686401367188e+01,5.000000000000000000e+00,0.000000000000000000e+00
1.972949028015136719e+01,1.135717201232910156e+01,5.000000000000000000e+00,0.000000000000000000e+00
1.959775733947753906e+01,1.243481159210205078e+01,5.000000000000000000e+00,0.000000000000000000e+00
2.021481513977050781e+01,1.146759033203125000e+01,5.000000000000000000e+00,0.000000000000000000e+00
2.025136566162109375e+01,1.165615940093994141e+01,5.000000000000000000e+00,0.000000000000000000e+00
2.011494445800781250e+01,1.120296764373779297e+01,5.000000000000000000e+00,0.000000000000000000e+00
1.977006912231445312e+01,1.222433567047119141e+01,5.000000000000000000e+00,0.000000000000000000e+00
1.967460441589355469e+01,1.170007705688476562e+01,5.000000000000000000e+00,0.000000000000000000e+00
1.921729850769042969e+01,1.209264755249023438e+01,5.000000000000000000e+00,0.000000000000000000e+00
1.980225372314453125e+01,1.197769451141357422e+01,5.000000000000000000e+00,0.000000000000000000e+00
2.016800117492675781e+01,1.165468406677246094e+01,5.000000000000000000e+00,0.000000000000000000e+00
1.923698806762695312e+01,1.208815479278564453e+01,5.000000000000000000e+00,0.000000000000000000e+00
2.043435668945312500e+01,1.130066299438476562e+01,5.000000000000000000e+00,0.000000000000000000e+00
1.987348747253417969e+01,1.203856277465820312e+01,5.000000000000000000e+00,0.000000000000000000e+00
1.926143455505371094e+01,1.207432365417480469e+01,5.000000000000000000e+00,0.000000000000000000e+00
1.935182571411132812e+01,1.191241931915283203e+01,5.000000000000000000e+00,0.000000000000000000e+00
2.038679504394531250e+01,1.149798202514648438e+01,5.000000000000000000e+00,0.000000000000000000e+00
1.988676261901855469e+01,1.217925071716308594e+01,5.000000000000000000e+00,0.000000000000000000e+00
1.947671127319335938e+01,1.252495288848876953e+01,5.000000000000000000e+00,0.000000000000000000e+00
2.018311500549316406e+01,1.121726989746093750e+01,5.000000000000000000e+00,0.000000000000000000e+00
1.966555404663085938e+01,1.131788921356201172e+01,5.000000000000000000e+00,0.000000000000000000e+00
2.025634956359863281e+01,1.159084415435791016e+01,5.000000000000000000e+00,0.000000000000000000e+00
2.024218940734863281e+01,1.124921131134033203e+01,5.000000000000000000e+00,0.000000000000000000e+00
1.920717620849609375e+01,1.252589988708496094e+01,5.000000000000000000e+00,0.000000000000000000e+00
1.936090087890625000e+01,1.252349758148193359e+01,5.000000000000000000e+00,0.000000000000000000e+00
1.922432136535644531e+01,1.210516834259033203e+01,5.000000000000000000e+00,0.000000000000000000e+00
2.029844093322753906e+01,1.130784225463867188e+01,5.000000000000000000e+00,0.000000000000000000e+00
2.017872238159179688e+01,1.115230751037597656e+01,5.000000000000000000e+00,0.000000000000000000e+00
1.922576141357421875e+01,1.238851547241210938e+01,5.000000000000000000e+00,0.000000000000000000e+00
1.921575546264648438e+01,1.256052303314208984e+01,5.000000000000000000e+00,0.000000000000000000e+00
2.004535675048828125e+01,1.166157150268554688e+01,5.000000000000000000e+00,0.000000000000000000e+00
2.021052169799804688e+01,1.150042247772216797e+01,5.000000000000000000e+00,0.000000000000000000e+00
2.043197822570800781e+01,1.131018257141113281e+01,5.000000000000000000e+00,0.000000000000000000e+00
1.941028594970703125e+01,1.251328277587890625e+01,5.000000000000000000e+00,0.000000000000000000e+00
1.927315139770507812e+01,1.216353225708007812e+01,5.000000000000000000e+00,0.000000000000000000e+00
1.932726860046386719e+01,1.257543277740478516e+01,5.000000000000000000e+00,0.000000000000000000e+00
1.959289550781250000e+01,1.246809482574462891e+01,5.000000000000000000e+00,0.000000000000000000e+00
9.261878967285156250e+00,-2.906137228012084961e+00,5.000000000000000000e+00,0.000000000000000000e+00
2.030992317199707031e+01,1.153968715667724609e+01,5.000000000000000000e+00,0.000000000000000000e+00
2.040944290161132812e+01,1.125141334533691406e+01,5.000000000000000000e+00,0.000000000000000000e+00
2.005023765563964844e+01,1.184486484527587891e+01,5.000000000000000000e+00,0.000000000000000000e+00
1.950514984130859375e+01,1.253510284423828125e+01,5.000000000000000000e+00,0.000000000000000000e+00
1.954680824279785156e+01,1.147549724578857422e+01,5.000000000000000000e+00,0.000000000000000000e+00
1.954267120361328125e+01,1.251462459564208984e+01,5.000000000000000000e+00,0.000000000000000000e+00
2.017203712463378906e+01,1.109132862091064453e+01,5.000000000000000000e+00,0.000000000000000000e+00
1.974533081054687500e+01,1.123152637481689453e+01,5.000000000000000000e+00,0.000000000000000000e+00
2.035578346252441406e+01,1.134643554687500000e+01,5.000000000000000000e+00,0.000000000000000000e+00
1.936369705200195312e+01,1.189572811126708984e+01,5.000000000000000000e+00,0.000000000000000000e+00
1.920726966857910156e+01,1.221096515655517578e+01,5.000000000000000000e+00,0.000000000000000000e+00
2.009966659545898438e+01,1.109973526000976562e+01,5.000000000000000000e+00,0.000000000000000000e+00
1.931642723083496094e+01,1.200981998443603516e+01,5.000000000000000000e+00,0.000000000000000000e+00
2.019732475280761719e+01,1.155406665802001953e+01,5.000000000000000000e+00,0.000000000000000000e+00
1.969839859008789062e+01,1.176029968261718750e+01,5.000000000000000000e+00,0.000000000000000000e+00
2.010941696166992188e+01,1.111662673950195312e+01,5.000000000000000000e+00,0.000000000000000000e+00
1.937331962585449219e+01,1.258049488067626953e+01,5.000000000000000000e+00,0.000000000000000000e+00
1.943579864501953125e+01,1.255362319946289062e+01,5.000000000000000000e+00,0.000000000000000000e+00
2.039938354492187500e+01,1.123458480834960938e+01,5.000000000000000000e+00,0.000000000000000000e+00
1.999977111816406250e+01,1.118170642852783203e+01,5.000000000000000000e+00,0.000000000000000000e+00
1.969096755981445312e+01,1.139092159271240234e+01,5.000000000000000000e+00,0.000000000000000000e+00
1.954365921020507812e+01,1.250496101379394531e+01,5.000000000000000000e+00,0.000000000000000000e+00
1.923537254333496094e+01,1.211093711853027344e+01,5.000000000000000000e+00,0.000000000000000000e+00
1.981633567810058594e+01,1.154035568237304688e+01,5.000000000000000000e+00,0.000000000000000000e+00
1.975314712524414062e+01,1.224448585510253906e+01,5.000000000000000000e+00,0.000000000000000000e+00
1.947404670715332031e+01,1.247520351409912109e+01,5.000000000000000000e+00,0.000000000000000000e+00
1.934103012084960938e+01,1.188633728027343750e+01,5.000000000000000000e+00,0.000000000000000000e+00
2.001272392272949219e+01,1.185548400878906250e+01,5.000000000000000000e+00,0.000000000000000000e+00
1.934417343139648438e+01,1.257086849212646484e+01,5.000000000000000000e+00,0.000000000000000000e+00
1.919570350646972656e+01,1.229417037963867188e+01,5.000000000000000000e+00,0.000000000000000000e+00
1.932010841369628906e+01,1.256542396545410156e+01,5.000000000000000000e+00,0.000000000000000000e+00
2.044580459594726562e+01,1.131311321258544922e+01,5.000000000000000000e+00,0.000000000000000000e+00
1.983439064025878906e+01,1.219234275817871094e+01,5.000000000000000000e+00,0.000000000000000000e+00
2.024725341796875000e+01,1.120572185516357422e+01,5.000000000000000000e+00,0.000000000000000000e+00
1.941891860961914062e+01,1.248980426788330078e+01,5.000000000000000000e+00,0.000000000000000000e+00
1.955698204040527344e+01,1.220174407958984375e+01,5.000000000000000000e+00,0.000000000000000000e+00
1.982412147521972656e+01,1.121758747100830078e+01,5.000000000000000000e+00,0.000000000000000000e+00
2.004014968872070312e+01,1.117019844055175781e+01,5.000000000000000000e+00,0.000000000000000000e+00
1.963497543334960938e+01,1.151578807830810547e+01,5.000000000000000000e+00,0.000000000000000000e+00
1.987572860717773438e+01,1.124841308593750000e+01,5.000000000000000000e+00,0.000000000000000000e+00
1.959000396728515625e+01,1.165358734130859375e+01,5.000000000000000000e+00,0.000000000000000000e+00
2.015863418579101562e+01,1.105620765686035156e+01,5.000000000000000000e+00,0.000000000000000000e+00
1.921985816955566406e+01,1.242835712432861328e+01,5.000000000000000000e+00,0.000000000000000000e+00
2.000190162658691406e+01,1.185216140747070312e+01,5.000000000000000000e+00,0.000000000000000000e+00
1.941739273071289062e+01,1.252781295776367188e+01,5.000000000000000000e+00,0.000000000000000000e+00
1.997862243652343750e+01,1.155766487121582031e+01,5.000000000000000000e+00,0.000000000000000000e+00
1.957517623901367188e+01,1.249869632720947266e+01,5.000000000000000000e+00,0.000000000000000000e+00
2.008255004882812500e+01,1.189908218383789062e+01,5.000000000000000000e+00,0.000000000000000000e+00
1.991984176635742188e+01,1.201649665832519531e+01,5.000000000000000000e+00,0.000000000000000000e+00
2.036076354980468750e+01,1.130110645294189453e+01,5.000000000000000000e+00,0.000000000000000000e+00
2.019273376464843750e+01,1.120067214965820312e+01,5.000000000000000000e+00,0.000000000000000000e+00
1.971966743469238281e+01,1.189187717437744141e+01,5.000000000000000000e+00,0.000000000000000000e+00
2.032824897766113281e+01,1.150770950317382812e+01,5.000000000000000000e+00,0.000000000000000000e+00
1.980583572387695312e+01,1.118413448333740234e+01,5.000000000000000000e+00,0.000000000000000000e+00
2.013462257385253906e+01,1.162093639373779297e+01,5.000000000000000000e+00,0.000000000000000000e+00
1.919219207763671875e+01,1.216471672058105469e+01,5.000000000000000000e+00,0.000000000000000000e+00
1.965891075134277344e+01,1.179629325866699219e+01,5.000000000000000000e+00,0.000000000000000000e+00
1.969937133789062500e+01,1.137085914611816406e+01,5.000000000000000000e+00,0.000000000000000000e+00
2.018185997009277344e+01,1.176623821258544922e+01,5.000000000000000000e+00,0.000000000000000000e+00
1.968912696838378906e+01,1.126469039916992188e+01,5.000000000000000000e+00,0.000000000000000000e+00
1.923742294311523438e+01,1.206142044067382812e+01,5.000000000000000000e+00,0.000000000000000000e+00
1.962397384643554688e+01,1.144568061828613281e+01,5.000000000000000000e+00,0.000000000000000000e+00
2.021422004699707031e+01,1.110861206054687500e+01,5.000000000000000000e+00,0.000000000000000000e+00
1.990657043457031250e+01,1.209398841857910156e+01,5.000000000000000000e+00,0.000000000000000000e+00
1.978640556335449219e+01,1.118176269531250000e+01,5.000000000000000000e+00,0.000000000000000000e+00
1.977543640136718750e+01,1.165231800079345703e+01,5.000000000000000000e+00,0.000000000000000000e+00
1.924789047241210938e+01,1.212520790100097656e+01,5.000000000000000000e+00,0.000000000000000000e+00
1.924322700500488281e+01,1.253653812408447266e+01,5.000000000000000000e+00,0.000000000000000000e+00
1.951268386840820312e+01,1.252429962158203125e+01,5.000000000000000000e+00,0.000000000000000000e+00
1.965424156188964844e+01,1.238398838043212891e+01,5.000000000000000000e+00,0.000000000000000000e+00
1.929653549194335938e+01,1.232661914825439453e+01,5.000000000000000000e+00,0.000000000000000000e+00
1.987119102478027344e+01,1.118280124664306641e+01,5.000000000000000000e+00,0.000000000000000000e+00
1.997489356994628906e+01,1.180579757690429688e+01,5.000000000000000000e+00,0.000000000000000000e+00
1.953164672851562500e+01,1.243612098693847656e+01,5.000000000000000000e+00,0.000000000000000000e+00
1.972983169555664062e+01,1.227421188354492188e+01,5.000000000000000000e+00,0.000000000000000000e+00
2.007254981994628906e+01,1.118296146392822266e+01,5.000000000000000000e+00,0.000000000000000000e+00
2.033826637268066406e+01,1.142109584808349609e+01,5.000000000000000000e+00,0.000000000000000000e+00
1.994245147705078125e+01,1.180428981781005859e+01,5.000000000000000000e+00,0.000000000000000000e+00
1.960671234130859375e+01,1.211680507659912109e+01,5.000000000000000000e+00,0.000000000000000000e+00
1.923838996887207031e+01,1.216615962982177734e+01,5.000000000000000000e+00,0.000000000000000000e+00
1.988964843750000000e+01,1.125645446777343750e+01,5.000000000000000000e+00,0.000000000000000000e+00
1.944166946411132812e+01,1.192201328277587891e+01,5.000000000000000000e+00,0.000000000000000000e+00
2.021010971069335938e+01,1.109133625030517578e+01,5.000000000000000000e+00,0.000000000000000000e+00
1.999113273620605469e+01,1.186768817901611328e+01,5.000000000000000000e+00,0.000000000000000000e+00
1.982631683349609375e+01,1.122527408599853516e+01,5.000000000000000000e+00,0.000000000000000000e+00
1.968121910095214844e+01,1.129984664916992188e+01,5.000000000000000000e+00,0.000000000000000000e+00
2.020099830627441406e+01,1.161037731170654297e+01,5.000000000000000000e+00,0.000000000000000000e+00
1.962821769714355469e+01,1.242585945129394531e+01,5.000000000000000000e+00,0.000000000000000000e+00
1.941163444519042969e+01,1.251603126525878906e+01,5.000000000000000000e+00,0.000000000000000000e+00
2.019230079650878906e+01,1.113123703002929688e+01,5.000000000000000000e+00,0.000000000000000000e+00
1.929523086547851562e+01,1.261882877349853516e+01,5.000000000000000000e+00,0.000000000000000000e+00
1.970837020874023438e+01,1.124572181701660156e+01,5.000000000000000000e+00,0.000000000000000000e+00
1.964717483520507812e+01,1.161119461059570312e+01,5.000000000000000000e+00,0.000000000000000000e+00
1.927825164794921875e+01,1.253343963623046875e+01,5.000000000000000000e+00,0.000000000000000000e+00
2.026915550231933594e+01,1.112850570678710938e+01,5.000000000000000000e+00,0.000000000000000000e+00
2.025204467773437500e+01,1.122951793670654297e+01,5.000000000000000000e+00,0.000000000000000000e+00
1.977668952941894531e+01,1.195570850372314453e+01,5.000000000000000000e+00,0.000000000000000000e+00
1.932933616638183594e+01,1.218492603302001953e+01,5.000000000000000000e+00,0.000000000000000000e+00
1.928300476074218750e+01,1.257940769195556641e+01,5.000000000000000000e+00,0.000000000000000000e+00
2.002715301513671875e+01,1.112111282348632812e+01,5.000000000000000000e+00,0.000000000000000000e+00
2.004251289367675781e+01,1.106226825714111328e+01,5.000000000000000000e+00,0.000000000000000000e+00
1.969633865356445312e+01,1.235561084747314453e+01,5.000000000000000000e+00,0.000000000000000000e+00
1.943883514404296875e+01,1.248384284973144531e+01,5.000000000000000000e+00,0.000000000000000000e+00
1.989108848571777344e+01,1.193428897857666016e+01,5.000000000000000000e+00,0.000000000000000000e+00
1.996599197387695312e+01,1.195333099365234375e+01,5.000000000000000000e+00,0.000000000000000000e+00
2.022023010253906250e+01,1.172772216796875000e+01,5.000000000000000000e+00,0.000000000000000000e+00
1.998897361755371094e+01,1.157656574249267578e+01,5.000000000000000000e+00,0.000000000000000000e+00
2.020591163635253906e+01,1.135338878631591797e+01,5.000000000000000000e+00,0.000000000000000000e+00
1.994347000122070312e+01,1.137519359588623047e+01,5.000000000000000000e+00,0.000000000000000000e+00
2.028130149841308594e+01,1.117372035980224609e+01,5.000000000000000000e+00,0.000000000000000000e+00
2.012264633178710938e+01,1.178182792663574219e+01,5.000000000000000000e+00,0.000000000000000000e+00
2.027963447570800781e+01,1.139080142974853516e+01,5.000000000000000000e+00,0.000000000000000000e+00
2.010566902160644531e+01,1.174099540710449219e+01,5.000000000000000000e+00,0.000000000000000000e+00
2.003532028198242188e+01,1.153566646575927734e+01,5.000000000000000000e+00,0.000000000000000000e+00
1.968846511840820312e+01,1.233876419067382812e+01,5.000000000000000000e+00,0.000000000000000000e+00
2.005960083007812500e+01,1.105480098724365234e+01,5.000000000000000000e+00,0.000000000000000000e+00
2.030033111572265625e+01,1.113198471069335938e+01,5.000000000000000000e+00,0.000000000000000000e+00
1.980072593688964844e+01,1.119226646423339844e+01,5.000000000000000000e+00,0.000000000000000000e+00
1.930648040771484375e+01,1.221952819824218750e+01,5.000000000000000000e+00,0.000000000000000000e+00
2.043830299377441406e+01,1.140035724639892578e+01,5.000000000000000000e+00,0.000000000000000000e+00
1.977066802978515625e+01,1.206801700592041016e+01,5.000000000000000000e+00,0.000000000000000000e+00
1.975780296325683594e+01,1.135063934326171875e+01,5.000000000000000000e+00,0.000000000000000000e+00
1.960183715820312500e+01,1.153340721130371094e+01,5.000000000000000000e+00,0.000000000000000000e+00
1.951326560974121094e+01,1.247165298461914062e+01,5.000000000000000000e+00,0.000000000000000000e+00
2.020546913146972656e+01,1.112610435485839844e+01,5.000000000000000000e+00,0.000000000000000000e+00
1.933156013488769531e+01,1.248372459411621094e+01,5.000000000000000000e+00,0.000000000000000000e+00
2.046734046936035156e+01,1.134218025207519531e+01,5.000000000000000000e+00,0.000000000000000000e+00
1.988583564758300781e+01,1.173814487457275391e+01,5.000000000000000000e+00,0.000000000000000000e+00
1.978282356262207031e+01,1.117221164703369141e+01,5.000000000000000000e+00,0.000000000000000000e+00
1.918656158447265625e+01,1.215777873992919922e+01,5.000000000000000000e+00,0.000000000000000000e+00
1.963662528991699219e+01,1.244763851165771484e+01,5.000000000000000000e+00,0.000000000000000000e+00
1.920580482482910156e+01,1.243977928161621094e+01,5.000000000000000000e+00,0.000000000000000000e+00
1.966769790649414062e+01,1.142384529113769531e+01,5.000000000000000000e+00,0.000000000000000000e+00
1.985156059265136719e+01,1.198018455505371094e+01,5.000000000000000000e+00,0.000000000000000000e+00
1.946443939208984375e+01,1.250314235687255859e+01,5.000000000000000000e+00,0.000000000000000000e+00
1.975159645080566406e+01,1.190542316436767578e+01,5.000000000000000000e+00,0.000000000000000000e+00
2.014447593688964844e+01,1.168340778350830078e+01,5.000000000000000000e+00,0.000000000000000000e+00
2.010925483703613281e+01,1.112142372131347656e+01,5.000000000000000000e+00,0.000000000000000000e+00
2.017373085021972656e+01,1.119019126892089844e+01,5.000000000000000000e+00,0.000000000000000000e+00
1.925561904907226562e+01,1.215570163726806641e+01,5.000000000000000000e+00,0.000000000000000000e+00
2.016398239135742188e+01,1.106283378601074219e+01,5.000000000000000000e+00,0.000000000000000000e+00
1.974289512634277344e+01,1.158887577056884766e+01,5.000000000000000000e+00,0.000000000000000000e+00
2.028336524963378906e+01,1.158579921722412109e+01,5.000000000000000000e+00,0.000000000000000000e+00
2.014845466613769531e+01,1.106593418121337891e+01,5.000000000000000000e+00,0.000000000000000000e+00
-5.100965976715087891e+00,6.129179477691650391e+00,6.000000000000000000e+00,0.000000000000000000e+00
-5.252693176269531250e+00,5.820775032043457031e+00,6.000000000000000000e+00,0.000000000000000000e+00
-5.073597431182861328e+00,6.154543399810791016e+00,6.000000000000000000e+00,0.000000000000000000e+00
-4.799549579620361328e+00,5.838167667388916016e+00,6.000000000000000000e+00,0.000000000000000000e+00
-4.107901096343994141e+00,6.154438018798828125e+00,6.000000000000000000e+00,0.000000000000000000e+00
-4.112633228302001953e+00,6.124542236328125000e+00,6.000000000000000000e+00,0.000000000000000000e+00
-4.893065452575683594e+00,5.696262359619140625e+00,6.000000000000000000e+00,0.000000000000000000e+00
-5.464247703552246094e+00,5.449556350708007812e+00,6.000000000000000000e+00,0.000000000000000000e+00
-5.453924655914306641e+00,5.543365955352783203e+00,6.000000000000000000e+00,0.000000000000000000e+00
-4.149044036865234375e+00,6.130324840545654297e+00,6.000000000000000000e+00,0.000000000000000000e+00
-4.546704769134521484e+00,5.958847045898437500e+00,6.000000000000000000e+00,0.000000000000000000e+00
-4.344315052032470703e+00,6.293412208557128906e+00,6.000000000000000000e+00,0.000000000000000000e+00
-5.517915248870849609e+00,5.452414989471435547e+00,6.000000000000000000e+00,0.000000000000000000e+00
-4.925209999084472656e+00,5.678744792938232422e+00,6.000000000000000000e+00,0.000000000000000000e+00
-4.227495193481445312e+00,6.207142829895019531e+00,6.000000000000000000e+00,0.000000000000000000e+00
-5.361353874206542969e+00,5.829577445983886719e+00,6.000000000000000000e+00,0.000000000000000000e+00
-4.748140811920166016e+00,6.321146965026855469e+00,6.000000000000000000e+00,0.000000000000000000e+00
-4.702121734619140625e+00,6.367887973785400391e+00,6.000000000000000000e+00,0.000000000000000000e+00
-4.678002357482910156e+00,6.396183967590332031e+00,6.000000000000000000e+00,0.000000000000000000e+00
-4.086295127868652344e+00,6.151930332183837891e+00,6.000000000000000000e+00,0.000000000000000000e+00
-5.415057659149169922e+00,5.440911769866943359e+00,6.000000000000000000e+00,0.000000000000000000e+00
-4.616321086883544922e+00,6.273703575134277344e+00,6.000000000000000000e+00,0.000000000000000000e+00
-4.663125991821289062e+00,5.889761924743652344e+00,6.000000000000000000e+00,0.000000000000000000e+00
-4.638729095458984375e+00,5.748888015747070312e+00,6.000000000000000000e+00,0.000000000000000000e+00
-4.224163532257080078e+00,6.226899623870849609e+00,6.000000000000000000e+00,0.000000000000000000e+00
-4.910413265228271484e+00,5.770553588867187500e+00,6.000000000000000000e+00,0.000000000000000000e+00
-5.356064796447753906e+00,5.693766593933105469e+00,6.000000000000000000e+00,0.000000000000000000e+00
-4.159652233123779297e+00,6.108870506286621094e+00,6.000000000000000000e+00,0.000000000000000000e+00
-4.581075191497802734e+00,5.832362174987792969e+00,6.000000000000000000e+00,0.000000000000000000e+00
-5.101256370544433594e+00,5.509294509887695312e+00,6.000000000000000000e+00,0.000000000000000000e+00
-4.406021118164062500e+00,5.806363105773925781e+00,6.000000000000000000e+00,0.000000000000000000e+00
-4.211067676544189453e+00,6.197969436645507812e+00,6.000000000000000000e+00,0.000000000000000000e+00
-4.074162006378173828e+00,6.103697299957275391e+00,6.000000000000000000e+00,0.000000000000000000e+00
-5.336751461029052734e+00,5.458977222442626953e+00,6.000000000000000000e+00,0.000000000000000000e+00
-5.501769065856933594e+00,5.534278392791748047e+00,6.000000000000000000e+00,0.000000000000000000e+00
-5.247859001159667969e+00,5.978973388671875000e+00,6.000000000000000000e+00,0.000000000000000000e+00
-4.673093795776367188e+00,6.348144531250000000e+00,6.000000000000000000e+00,0.000000000000000000e+00
-5.051512241363525391e+00,5.680275440216064453e+00,6.000000000000000000e+00,0.000000000000000000e+00
-5.182974338531494141e+00,5.814358234405517578e+00,6.000000000000000000e+00,0.000000000000000000e+00
-4.914858341217041016e+00,5.819469451904296875e+00,6.000000000000000000e+00,0.000000000000000000e+00
-5.194880008697509766e+00,5.841963768005371094e+00,6.000000000000000000e+00,0.000000000000000000e+00
-5.127440929412841797e+00,5.605711460113525391e+00,6.000000000000000000e+00,0.000000000000000000e+00
-5.153484821319580078e+00,5.785152435302734375e+00,6.000000000000000000e+00,0.000000000000000000e+00
-4.355979919433593750e+00,6.311647891998291016e+00,6.000000000000000000e+00,0.000000000000000000e+00
-5.042294979095458984e+00,6.162274360656738281e+00,6.000000000000000000e+00,0.000000000000000000e+00
-4.679116725921630859e+00,6.424746513366699219e+00,6.000000000000000000e+00,0.000000000000000000e+00
-4.324905395507812500e+00,5.883178710937500000e+00,6.000000000000000000e+00,0.000000000000000000e+00
-5.204608917236328125e+00,6.061574459075927734e+00,6.000000000000000000e+00,0.000000000000000000e+00
-4.121120929718017578e+00,6.125604152679443359e+00,6.000000000000000000e+00,0.000000000000000000e+00
-4.115375995635986328e+00,6.152557373046875000e+00,6.000000000000000000e+00,0.000000000000000000e+00
-5.462510585784912109e+00,5.433842182159423828e+00,6.000000000000000000e+00,0.000000000000000000e+00
-4.781696796417236328e+00,5.841900348663330078e+00,6.000000000000000000e+00,0.000000000000000000e+00
-5.357346534729003906e+00,5.836586952209472656e+00,6.000000000000000000e+00,0.000000000000000000e+00
-5.269683361053466797e+00,5.778240680694580078e+00,6.000000000000000000e+00,0.000000000000000000e+00
-5.304438591003417969e+00,5.433584690093994141e+00,6.000000000000000000e+00,0.000000000000000000e+00
-5.228513240814208984e+00,5.779752254486083984e+00,6.000000000000000000e+00,0.000000000000000000e+00
-5.329226016998291016e+00,5.884930133819580078e+00,6.000000000000000000e+00,0.000000000000000000e+00
-4.510488986968994141e+00,5.691595077514648438e+00,6.000000000000000000e+00,0.000000000000000000e+00
-5.264620304107666016e+00,5.586824893951416016e+00,6.000000000000000000e+00,0.000000000000000000e+00
-5.453261852264404297e+00,5.511203289031982422e+00,6.000000000000000000e+00,0.000000000000000000e+00
-4.710422992706298828e+00,5.880250930786132812e+00,6.000000000000000000e+00,0.000000000000000000e+00
-4.184782028198242188e+00,6.099923133850097656e+00,6.000000000000000000e+00,0.000000000000000000e+00
-5.176094532012939453e+00,5.997134685516357422e+00,6.000000000000000000e+00,0.000000000000000000e+00
-5.411799907684326172e+00,5.647107124328613281e+00,6.000000000000000000e+00,0.000000000000000000e+00
-5.310877799987792969e+00,5.444083213806152344e+00,6.000000000000000000e+00,0.000000000000000000e+00
-4.290481567382812500e+00,6.109977722167968750e+00,6.000000000000000000e+00,0.000000000000000000e+00
-4.542046546936035156e+00,6.415422916412353516e+00,6.000000000000000000e+00,0.000000000000000000e+00
-5.482563495635986328e+00,5.537080287933349609e+00,6.000000000000000000e+00,0.000000000000000000e+00
-4.758036613464355469e+00,5.842648983001708984e+00,6.000000000000000000e+00,0.000000000000000000e+00
-5.495595932006835938e+00,5.549490928649902344e+00,6.000000000000000000e+00,0.000000000000000000e+00
-4.235249042510986328e+00,6.159667015075683594e+00,6.000000000000000000e+00,0.000000000000000000e+00
-4.160098552703857422e+00,6.198076725006103516e+00,6.000000000000000000e+00,0.000000000000000000e+00
-4.383854389190673828e+00,5.860826015472412109e+00,6.000000000000000000e+00,0.000000000000000000e+00
-4.577854633331298828e+00,6.387123107910156250e+00,6.000000000000000000e+00,0.000000000000000000e+00
-4.666409015655517578e+00,6.388023376464843750e+00,6.000000000000000000e+00,0.000000000000000000e+00
-4.628818988800048828e+00,6.330713748931884766e+00,6.000000000000000000e+00,0.000000000000000000e+00
-4.303554058074951172e+00,6.307967185974121094e+00,6.000000000000000000e+00,0.000000000000000000e+00
-4.255890369415283203e+00,6.145382881164550781e+00,6.000000000000000000e+00,0.000000000000000000e+00
-4.677124500274658203e+00,6.381505012512207031e+00,6.000000000000000000e+00,0.000000000000000000e+00
-5.464244842529296875e+00,5.481900691986083984e+00,6.000000000000000000e+00,0.000000000000000000e+00
-4.876611709594726562e+00,5.828100681304931641e+00,6.000000000000000000e+00,0.000000000000000000e+00
-4.180343627929687500e+00,6.197096824645996094e+00,6.000000000000000000e+00,0.000000000000000000e+00
-4.348804950714111328e+00,6.310472965240478516e+00,6.000000000000000000e+00,0.000000000000000000e+00
-4.308943271636962891e+00,5.933607101440429688e+00,6.000000000000000000e+00,0.000000000000000000e+00
-5.461813926696777344e+00,5.589501857757568359e+00,6.000000000000000000e+00,0.000000000000000000e+00
-4.944681167602539062e+00,5.815249919891357422e+00,6.000000000000000000e+00,0.000000000000000000e+00
-5.484259605407714844e+00,5.746114253997802734e+00,6.000000000000000000e+00,0.000000000000000000e+00
-5.007682323455810547e+00,6.017013072967529297e+00,6.000000000000000000e+00,0.000000000000000000e+00
-5.475618362426757812e+00,5.459499835968017578e+00,6.000000000000000000e+00,0.000000000000000000e+00
-4.659812927246093750e+00,6.351227283477783203e+00,6.000000000000000000e+00,0.000000000000000000e+00
-5.071144104003906250e+00,5.935042858123779297e+00,6.000000000000000000e+00,0.000000000000000000e+00
-5.345531463623046875e+00,5.694078445434570312e+00,6.000000000000000000e+00,0.000000000000000000e+00
-5.233751773834228516e+00,6.055541038513183594e+00,6.000000000000000000e+00,0.000000000000000000e+00
-4.637353420257568359e+00,5.821458816528320312e+00,6.000000000000000000e+00,0.000000000000000000e+00
-5.135380268096923828e+00,5.541934967041015625e+00,6.000000000000000000e+00,0.000000000000000000e+00
-4.437160968780517578e+00,6.334079742431640625e+00,6.000000000000000000e+00,0.000000000000000000e+00
-5.016784191131591797e+00,5.576861381530761719e+00,6.000000000000000000e+00,0.000000000000000000e+00
-5.018692493438720703e+00,5.886924266815185547e+00,6.000000000000000000e+00,0.000000000000000000e+00
-4.797418117523193359e+00,5.690263271331787109e+00,6.000000000000000000e+00,0.000000000000000000e+00
-4.179741859436035156e+00,6.186482429504394531e+00,6.000000000000000000e+00,0.000000000000000000e+00
-4.694764137268066406e+00,6.356086254119873047e+00,6.000000000000000000e+00,0.000000000000000000e+00
-4.143613338470458984e+00,6.147393226623535156e+00,6.000000000000000000e+00,0.000000000000000000e+00
-4.236455440521240234e+00,6.235205650329589844e+00,6.000000000000000000e+00,0.000000000000000000e+00
-5.418968200683593750e+00,5.607632160186767578e+00,6.000000000000000000e+00,0.000000000000000000e+00
-4.612469673156738281e+00,5.787230968475341797e+00,6.000000000000000000e+00,0.000000000000000000e+00
-4.095864772796630859e+00,6.151451587677001953e+00,6.000000000000000000e+00,0.000000000000000000e+00
-5.168808937072753906e+00,5.464215755462646484e+00,6.000000000000000000e+00,0.000000000000000000e+00
-4.918180942535400391e+00,5.766042232513427734e+00,6.000000000000000000e+00,0.000000000000000000e+00
-4.338691234588623047e+00,6.143734455108642578e+00,6.000000000000000000e+00,0.000000000000000000e+00
-4.521662235260009766e+00,6.111636638641357422e+00,6.000000000000000000e+00,0.000000000000000000e+00
-4.774543762207031250e+00,5.941999435424804688e+00,6.000000000000000000e+00,0.000000000000000000e+00
-5.497119426727294922e+00,5.483057022094726562e+00,6.000000000000000000e+00,0.000000000000000000e+00
-5.314379692077636719e+00,5.896703720092773438e+00,6.000000000000000000e+00,0.000000000000000000e+00
-5.437243461608886719e+00,5.467360973358154297e+00,6.000000000000000000e+00,0.000000000000000000e+00
-4.908351421356201172e+00,5.679165363311767578e+00,6.000000000000000000e+00,0.000000000000000000e+00
-4.634342670440673828e+00,6.405362606048583984e+00,6.000000000000000000e+00,0.000000000000000000e+00
-4.568699836730957031e+00,6.405424118041992188e+00,6.000000000000000000e+00,0.000000000000000000e+00
-4.558772087097167969e+00,6.318052291870117188e+00,6.000000000000000000e+00,0.000000000000000000e+00
-5.492356300354003906e+00,5.475299835205078125e+00,6.000000000000000000e+00,0.000000000000000000e+00
-4.717870235443115234e+00,6.000931262969970703e+00,6.000000000000000000e+00,0.000000000000000000e+00
-4.585559844970703125e+00,6.116286277770996094e+00,6.000000000000000000e+00,0.000000000000000000e+00
-4.771158695220947266e+00,5.893249988555908203e+00,6.000000000000000000e+00,0.000000000000000000e+00
-5.392868995666503906e+00,5.771942615509033203e+00,6.000000000000000000e+00,0.000000000000000000e+00
-5.435852527618408203e+00,5.501583576202392578e+00,6.000000000000000000e+00,0.000000000000000000e+00
-4.630071163177490234e+00,5.809551239013671875e+00,6.000000000000000000e+00,0.000000000000000000e+00
-4.804774284362792969e+00,6.189305305480957031e+00,6.000000000000000000e+00,0.000000000000000000e+00
-5.028467655181884766e+00,5.594657421112060547e+00,6.000000000000000000e+00,0.000000000000000000e+00
-4.754326343536376953e+00,6.349882602691650391e+00,6.000000000000000000e+00,0.000000000000000000e+00
-4.423629760742187500e+00,6.046166419982910156e+00,6.000000000000000000e+00,0.000000000000000000e+00
-4.971095561981201172e+00,5.937346935272216797e+00,6.000000000000000000e+00,0.000000000000000000e+00
-4.762637615203857422e+00,5.636410236358642578e+00,6.000000000000000000e+00,0.000000000000000000e+00
-5.450315952301025391e+00,5.463426589965820312e+00,6.000000000000000000e+00,0.000000000000000000e+00
-5.014036178588867188e+00,5.632817268371582031e+00,6.000000000000000000e+00,0.000000000000000000e+00
-5.007998466491699219e+00,6.097369670867919922e+00,6.000000000000000000e+00,0.000000000000000000e+00
-4.115393638610839844e+00,6.164845943450927734e+00,6.000000000000000000e+00,0.000000000000000000e+00
-4.797894954681396484e+00,5.784351825714111328e+00,6.000000000000000000e+00,0.000000000000000000e+00
-5.075845241546630859e+00,6.129255294799804688e+00,6.000000000000000000e+00,0.000000000000000000e+00
-4.091417789459228516e+00,6.200985908508300781e+00,6.000000000000000000e+00,0.000000000000000000e+00
-4.499248504638671875e+00,6.272512435913085938e+00,6.000000000000000000e+00,0.000000000000000000e+00
-4.521792411804199219e+00,6.390363693237304688e+00,6.000000000000000000e+00,0.000000000000000000e+00
-4.848432540893554688e+00,6.280191421508789062e+00,6.000000000000000000e+00,0.000000000000000000e+00
-4.291960239410400391e+00,6.089835166931152344e+00,6.000000000000000000e+00,0.000000000000000000e+00
-5.028134346008300781e+00,5.812633991241455078e+00,6.000000000000000000e+00,0.000000000000000000e+00
-4.611651420593261719e+00,5.764986038208007812e+00,6.000000000000000000e+00,0.000000000000000000e+00
-5.037337303161621094e+00,5.589249610900878906e+00,6.000000000000000000e+00,0.000000000000000000e+00
-5.466439247131347656e+00,5.564012527465820312e+00,6.000000000000000000e+00,0.000000000000000000e+00
-4.651194572448730469e+00,6.270388603210449219e+00,6.000000000000000000e+00,0.000000000000000000e+00
-4.781323432922363281e+00,6.262129306793212891e+00,6.000000000000000000e+00,0.000000000000000000e+00
-5.404521942138671875e+00,5.688440799713134766e+00,6.000000000000000000e+00,0.000000000000000000e+00
-5.250721454620361328e+00,6.011187076568603516e+00,6.000000000000000000e+00,0.000000000000000000e+00
-4.892427444458007812e+00,5.805563449859619141e+00,6.000000000000000000e+00,0.000000000000000000e+00
-5.047463417053222656e+00,5.551385402679443359e+00,6.000000000000000000e+00,0.000000000000000000e+00
-4.693303108215332031e+00,5.694318771362304688e+00,6.000000000000000000e+00,0.000000000000000000e+00
-4.133903503417968750e+00,6.177307128906250000e+00,6.000000000000000000e+00,0.000000000000000000e+00
-4.778207778930664062e+00,6.348961353302001953e+00,6.000000000000000000e+00,0.000000000000000000e+00
-5.445641517639160156e+00,5.458683967590332031e+00,6.000000000000000000e+00,0.000000000000000000e+00
-4.198094844818115234e+00,6.088213443756103516e+00,6.000000000000000000e+00,0.000000000000000000e+00
-4.777147769927978516e+00,6.233327388763427734e+00,6.000000000000000000e+00,0.000000000000000000e+00
-5.237396717071533203e+00,6.064414978027343750e+00,6.000000000000000000e+00,0.000000000000000000e+00
-4.741372108459472656e+00,5.811410427093505859e+00,6.000000000000000000e+00,0.000000000000000000e+00
-5.422004699707031250e+00,5.491248607635498047e+00,6.000000000000000000e+00,0.000000000000000000e+00
-4.694115638732910156e+00,6.379133701324462891e+00,6.000000000000000000e+00,0.000000000000000000e+00
-4.586460590362548828e+00,5.792650222778320312e+00,6.000000000000000000e+00,0.000000000000000000e+00
-5.477495670318603516e+00,5.479435443878173828e+00,6.000000000000000000e+00,0.000000000000000000e+00
-5.474553585052490234e+00,5.640420913696289062e+00,6.000000000000000000e+00,0.000000000000000000e+00
-4.679872035980224609e+00,5.891711711883544922e+00,6.000000000000000000e+00,0.000000000000000000e+00
-4.704959392547607422e+00,6.330936431884765625e+00,6.000000000000000000e+00,0.000000000000000000e+00
-4.673646450042724609e+00,6.339115142822265625e+00,6.000000000000000000e+00,0.000000000000000000e+00
-4.610005378723144531e+00,6.413108348846435547e+00,6.000000000000000000e+00,0.000000000000000000e+00
-5.135055065155029297e+00,5.841013431549072266e+00,6.000000000000000000e+00,0.000000000000000000e+00
-5.279276371002197266e+00,5.731184005737304688e+00,6.000000000000000000e+00,0.000000000000000000e+00
-4.399174213409423828e+00,5.831538677215576172e+00,6.000000000000000000e+00,0.000000000000000000e+00
-4.577451229095458984e+00,5.662412643432617188e+00,6.000000000000000000e+00,0.000000000000000000e+00
-4.379701137542724609e+00,5.956765651702880859e+00,6.000000000000000000e+00,0.000000000000000000e+00
-5.427222251892089844e+00,5.567314147949218750e+00,6.000000000000000000e+00,0.000000000000000000e+00
-4.984077930450439453e+00,6.082065582275390625e+00,6.000000000000000000e+00,0.000000000000000000e+00
-5.487080097198486328e+00,5.446910858154296875e+00,6.000000000000000000e+00,0.000000000000000000e+00
-5.427559852600097656e+00,5.435161590576171875e+00,6.000000000000000000e+00,0.000000000000000000e+00
-4.635901451110839844e+00,6.419183254241943359e+00,6.000000000000000000e+00,0.000000000000000000e+00
-5.087800502777099609e+00,5.884443283081054688e+00,6.000000000000000000e+00,0.000000000000000000e+00
-5.496125221252441406e+00,5.573396205902099609e+00,6.000000000000000000e+00,0.000000000000000000e+00
-5.406552791595458984e+00,5.541971206665039062e+00,6.000000000000000000e+00,0.000000000000000000e+00
-5.241326808929443359e+00,6.078148365020751953e+00,6.000000000000000000e+00,0.000000000000000000e+00
-4.658112049102783203e+00,6.411749839782714844e+00,6.000000000000000000e+00,0.000000000000000000e+00
-5.509091377258300781e+00,5.509634017944335938e+00,6.000000000000000000e+00,0.000000000000000000e+00
-4.841104030609130859e+00,5.744053840637207031e+00,6.000000000000000000e+00,0.000000000000000000e+00
-5.253797054290771484e+00,5.740602016448974609e+00,6.000000000000000000e+00,0.000000000000000000e+00
-5.055322647094726562e+00,5.944221019744873047e+00,6.000000000000000000e+00,0.000000000000000000e+00
-4.227865219116210938e+00,6.189924240112304688e+00,6.000000000000000000e+00,0.000000000000000000e+00
-4.635332107543945312e+00,6.226077556610107422e+00,6.000000000000000000e+00,0.000000000000000000e+00
-4.580552577972412109e+00,6.436255455017089844e+00,6.000000000000000000e+00,0.000000000000000000e+00
-4.946488380432128906e+00,5.883509635925292969e+00,6.000000000000000000e+00,0.000000000000000000e+00
-5.232861042022705078e+00,5.422591686248779297e+00,6.000000000000000000e+00,0.000000000000000000e+00
-5.034230232238769531e+00,6.048257827758789062e+00,6.000000000000000000e+00,0.000000000000000000e+00
-4.521694183349609375e+00,6.342392921447753906e+00,6.000000000000000000e+00,0.000000000000000000e+00
-4.137391567230224609e+00,6.174984931945800781e+00,6.000000000000000000e+00,0.000000000000000000e+00
-5.130072116851806641e+00,5.930480957031250000e+00,6.000000000000000000e+00,0.000000000000000000e+00
-5.497169494628906250e+00,5.447336196899414062e+00,6.000000000000000000e+00,0.000000000000000000e+00
-5.226850509643554688e+00,5.809221744537353516e+00,6.000000000000000000e+00,0.000000000000000000e+00
-4.203786373138427734e+00,6.246274948120117188e+00,6.000000000000000000e+00,0.000000000000000000e+00
-5.282815933227539062e+00,6.016653060913085938e+00,6.000000000000000000e+00,0.000000000000000000e+00
-5.067827224731445312e+00,5.862845420837402344e+00,6.000000000000000000e+00,0.000000000000000000e+00
-5.142543315887451172e+00,5.709935665130615234e+00,6.000000000000000000e+00,0.000000000000000000e+00
-5.146391868591308594e+00,6.034353733062744141e+00,6.000000000000000000e+00,0.000000000000000000e+00
-5.496574878692626953e+00,5.581000804901123047e+00,6.000000000000000000e+00,0.000000000000000000e+00
-4.905955314636230469e+00,6.053212165832519531e+00,6.000000000000000000e+00,0.000000000000000000e+00
-5.499617576599121094e+00,5.499979496002197266e+00,6.000000000000000000e+00,0.000000000000000000e+00
-5.508860588073730469e+00,5.490062713623046875e+00,6.000000000000000000e+00,0.000000000000000000e+00
-5.067556381225585938e+00,6.172895431518554688e+00,6.000000000000000000e+00,0.000000000000000000e+00
-5.482664585113525391e+00,5.477971553802490234e+00,6.000000000000000000e+00,0.000000000000000000e+00
1.803247833251953125e+01,-1.148214721679687500e+01,7.000000000000000000e+00,0.000000000000000000e+00
1.818332099914550781e+01,-1.155216026306152344e+01,7.000000000000000000e+00,0.000000000000000000e+00
1.818492889404296875e+01,-1.034293556213378906e+01,7.000000000000000000e+00,0.000000000000000000e+00
1.794026184082031250e+01,-1.162611770629882812e+01,7.000000000000000000e+00,0.000000000000000000e+00
1.770171356201171875e+01,-1.116271114349365234e+01,7.000000000000000000e+00,0.000000000000000000e+00
1.839848136901855469e+01,-1.044332218170166016e+01,7.000000000000000000e+00,0.000000000000000000e+00
1.822322273254394531e+01,-1.036679744720458984e+01,7.000000000000000000e+00,0.000000000000000000e+00
1.802663993835449219e+01,-1.152531242370605469e+01,7.000000000000000000e+00,0.000000000000000000e+00
1.737963676452636719e+01,-1.128244304656982422e+01,7.000000000000000000e+00,0.000000000000000000e+00
1.815792274475097656e+01,-1.037137317657470703e+01,7.000000000000000000e+00,0.000000000000000000e+00
1.781129264831542969e+01,-1.174464511871337891e+01,7.000000000000000000e+00,0.000000000000000000e+00
1.734386444091796875e+01,-1.120250511169433594e+01,7.000000000000000000e+00,0.000000000000000000e+00
1.810427665710449219e+01,-1.128738498687744141e+01,7.000000000000000000e+00,0.000000000000000000e+00
1.785600662231445312e+01,-1.159938716888427734e+01,7.000000000000000000e+00,0.000000000000000000e+00
1.815747833251953125e+01,-1.181142807006835938e+01,7.000000000000000000e+00,0.000000000000000000e+00
1.818804550170898438e+01,-1.053406810760498047e+01,7.000000000000000000e+00,0.000000000000000000e+00
1.846970939636230469e+01,-1.047391605377197266e+01,7.000000000000000000e+00,0.000000000000000000e+00
1.852211570739746094e+01,-1.036024284362792969e+01,7.000000000000000000e+00,0.000000000000000000e+00
1.744846343994140625e+01,-1.143742656707763672e+01,7.000000000000000000e+00,0.000000000000000000e+00
1.778923225402832031e+01,-1.086435890197753906e+01,7.000000000000000000e+00,0.000000000000000000e+00
1.743311691284179688e+01,-1.119790935516357422e+01,7.000000000000000000e+00,0.000000000000000000e+00
1.818889236450195312e+01,-1.032699108123779297e+01,7.000000000000000000e+00,0.000000000000000000e+00
1.773724365234375000e+01,-1.119203567504882812e+01,7.000000000000000000e+00,0.000000000000000000e+00
1.789040756225585938e+01,-1.167544555664062500e+01,7.000000000000000000e+00,0.000000000000000000e+00
1.776559066772460938e+01,-1.174269866943359375e+01,7.000000000000000000e+00,0.000000000000000000e+00
1.792391967773437500e+01,-1.165038967132568359e+01,7.000000000000000000e+00,0.000000000000000000e+00
1.813369560241699219e+01,-1.149350929260253906e+01,7.000000000000000000e+00,0.000000000000000000e+00
1.823340988159179688e+01,-1.031705951690673828e+01,7.000000000000000000e+00,0.000000000000000000e+00
1.844391441345214844e+01,-1.046703529357910156e+01,7.000000000000000000e+00,0.000000000000000000e+00
1.836905670166015625e+01,-1.048803997039794922e+01,7.000000000000000000e+00,0.000000000000000000e+00
1.745187187194824219e+01,-1.123108005523681641e+01,7.000000000000000000e+00,0.000000000000000000e+00
1.788941192626953125e+01,-1.151640224456787109e+01,7.000000000000000000e+00,0.000000000000000000e+00
1.810964775085449219e+01,-1.140796947479248047e+01,7.000000000000000000e+00,0.000000000000000000e+00
1.778002166748046875e+01,-1.098780059814453125e+01,7.000000000000000000e+00,0.000000000000000000e+00
1.753177642822265625e+01,-1.110035514831542969e+01,7.000000000000000000e+00,0.000000000000000000e+00
1.790792655944824219e+01,-1.167207145690917969e+01,7.000000000000000000e+00,0.000000000000000000e+00
1.783148574829101562e+01,-1.136019992828369141e+01,7.000000000000000000e+00,0.000000000000000000e+00
1.817551994323730469e+01,-1.130253887176513672e+01,7.000000000000000000e+00,0.000000000000000000e+00
1.821253776550292969e+01,-1.077110290527343750e+01,7.000000000000000000e+00,0.000000000000000000e+00
1.829323387145996094e+01,-1.048021411895751953e+01,7.000000000000000000e+00,0.000000000000000000e+00
1.814458274841308594e+01,-1.167239093780517578e+01,7.000000000000000000e+00,0.000000000000000000e+00
1.738022041320800781e+01,-1.137811183929443359e+01,7.000000000000000000e+00,0.000000000000000000e+00
1.753895568847656250e+01,-1.122550010681152344e+01,7.000000000000000000e+00,0.000000000000000000e+00
1.752036666870117188e+01,-1.144380760192871094e+01,7.000000000000000000e+00,0.000000000000000000e+00
1.819328498840332031e+01,-1.036412048339843750e+01,7.000000000000000000e+00,0.000000000000000000e+00
1.819180107116699219e+01,-1.032674503326416016e+01,7.000000000000000000e+00,0.000000000000000000e+00
1.821222114562988281e+01,-1.175015544891357422e+01,7.000000000000000000e+00,0.000000000000000000e+00
1.739919281005859375e+01,-1.132782459259033203e+01,7.000000000000000000e+00,0.000000000000000000e+00
1.814033699035644531e+01,-1.159138393402099609e+01,7.000000000000000000e+00,0.000000000000000000e+00
1.801387023925781250e+01,-1.152791595458984375e+01,7.000000000000000000e+00,0.000000000000000000e+00
1.822842788696289062e+01,-1.175864601135253906e+01,7.000000000000000000e+00,0.000000000000000000e+00
1.815669059753417969e+01,-1.125820636749267578e+01,7.000000000000000000e+00,0.000000000000000000e+00
1.823253631591796875e+01,-1.166619873046875000e+01,7.000000000000000000e+00,0.000000000000000000e+00
1.852516555786132812e+01,-1.035121631622314453e+01,7.000000000000000000e+00,0.000000000000000000e+00
1.764036750793457031e+01,-1.124502658843994141e+01,7.000000000000000000e+00,0.000000000000000000e+00
1.851624870300292969e+01,-1.038020515441894531e+01,7.000000000000000000e+00,0.000000000000000000e+00
1.747496223449707031e+01,-1.115726757049560547e+01,7.000000000000000000e+00,0.000000000000000000e+00
1.762214088439941406e+01,-1.090335845947265625e+01,7.000000000000000000e+00,0.000000000000000000e+00
1.792905998229980469e+01,-1.125544071197509766e+01,7.000000000000000000e+00,0.000000000000000000e+00
1.760851860046386719e+01,-1.139602470397949219e+01,7.000000000000000000e+00,0.000000000000000000e+00
1.754401016235351562e+01,-1.117735385894775391e+01,7.000000000000000000e+00,0.000000000000000000e+00
1.817804145812988281e+01,-1.034388637542724609e+01,7.000000000000000000e+00,0.000000000000000000e+00
1.840497016906738281e+01,-1.050878047943115234e+01,7.000000000000000000e+00,0.000000000000000000e+00
1.740579414367675781e+01,-1.133036899566650391e+01,7.000000000000000000e+00,0.000000000000000000e+00
1.737822914123535156e+01,-1.109214687347412109e+01,7.000000000000000000e+00,0.000000000000000000e+00
1.765386199951171875e+01,-1.170105171203613281e+01,7.000000000000000000e+00,0.000000000000000000e+00
1.810788917541503906e+01,-1.135561943054199219e+01,7.000000000000000000e+00,0.000000000000000000e+00
1.823946571350097656e+01,-1.076135253906250000e+01,7.000000000000000000e+00,0.000000000000000000e+00
1.830186462402343750e+01,-1.092978286743164062e+01,7.000000000000000000e+00,0.000000000000000000e+00
1.850979232788085938e+01,-1.037109184265136719e+01,7.000000000000000000e+00,0.000000000000000000e+00
1.731927490234375000e+01,-1.122978115081787109e+01,7.000000000000000000e+00,0.000000000000000000e+00
1.852458572387695312e+01,-1.037560272216796875e+01,7.000000000000000000e+00,0.000000000000000000e+00
1.731430816650390625e+01,-1.128351211547851562e+01,7.000000000000000000e+00,0.000000000000000000e+00
1.819720649719238281e+01,-1.179992294311523438e+01,7.000000000000000000e+00,0.000000000000000000e+00
1.837594985961914062e+01,-1.055193519592285156e+01,7.000000000000000000e+00,0.000000000000000000e+00
1.814008140563964844e+01,-1.147994136810302734e+01,7.000000000000000000e+00,0.000000000000000000e+00
1.828249549865722656e+01,-1.102412986755371094e+01,7.000000000000000000e+00,0.000000000000000000e+00
1.847547721862792969e+01,-1.037078285217285156e+01,7.000000000000000000e+00,0.000000000000000000e+00
1.752949714660644531e+01,-1.130801486968994141e+01,7.000000000000000000e+00,0.000000000000000000e+00
1.738048362731933594e+01,-1.119052600860595703e+01,7.000000000000000000e+00,0.000000000000000000e+00
1.813939666748046875e+01,-1.145933723449707031e+01,7.000000000000000000e+00,0.000000000000000000e+00
1.833050155639648438e+01,-1.094446277618408203e+01,7.000000000000000000e+00,0.000000000000000000e+00
1.774894905090332031e+01,-1.178351211547851562e+01,7.000000000000000000e+00,0.000000000000000000e+00
1.778651237487792969e+01,-1.145158863067626953e+01,7.000000000000000000e+00,0.000000000000000000e+00
1.759684181213378906e+01,-1.160714435577392578e+01,7.000000000000000000e+00,0.000000000000000000e+00
1.780000877380371094e+01,-1.107188320159912109e+01,7.000000000000000000e+00,0.000000000000000000e+00
1.793299102783203125e+01,-1.176888465881347656e+01,7.000000000000000000e+00,0.000000000000000000e+00
1.852090072631835938e+01,-1.036116313934326172e+01,7.000000000000000000e+00,0.000000000000000000e+00
1.846621704101562500e+01,-1.040731334686279297e+01,7.000000000000000000e+00,0.000000000000000000e+00
1.814910316467285156e+01,-1.180187225341796875e+01,7.000000000000000000e+00,0.000000000000000000e+00
1.828022766113281250e+01,-1.098900032043457031e+01,7.000000000000000000e+00,0.000000000000000000e+00
1.790419578552246094e+01,-1.077723979949951172e+01,7.000000000000000000e+00,0.000000000000000000e+00
1.825793457031250000e+01,-1.137266921997070312e+01,7.000000000000000000e+00,0.000000000000000000e+00
1.810823249816894531e+01,-1.042672920227050781e+01,7.000000000000000000e+00,0.000000000000000000e+00
1.785219383239746094e+01,-1.171024417877197266e+01,7.000000000000000000e+00,0.000000000000000000e+00
1.747851562500000000e+01,-1.119974136352539062e+01,7.000000000000000000e+00,0.000000000000000000e+00
1.831366920471191406e+01,-1.049887752532958984e+01,7.000000000000000000e+00,0.000000000000000000e+00
1.817797088623046875e+01,-1.182372856140136719e+01,7.000000000000000000e+00,0.000000000000000000e+00
1.761863899230957031e+01,-1.117938613891601562e+01,7.000000000000000000e+00,0.000000000000000000e+00
1.745417022705078125e+01,-1.148291492462158203e+01,7.000000000000000000e+00,0.000000000000000000e+00
1.759943962097167969e+01,-1.092848587036132812e+01,7.000000000000000000e+00,0.000000000000000000e+00
1.855109214782714844e+01,-1.033832263946533203e+01,7.000000000000000000e+00,0.000000000000000000e+00
1.745852661132812500e+01,-1.150009155273437500e+01,7.000000000000000000e+00,0.000000000000000000e+00
1.841568946838378906e+01,-1.049480247497558594e+01,7.000000000000000000e+00,0.000000000000000000e+00
1.830981254577636719e+01,-1.049913120269775391e+01,7.000000000000000000e+00,0.000000000000000000e+00
1.784937286376953125e+01,-1.174698734283447266e+01,7.000000000000000000e+00,0.000000000000000000e+00
1.825113677978515625e+01,-1.107754421234130859e+01,7.000000000000000000e+00,0.000000000000000000e+00
1.746548271179199219e+01,-1.155876255035400391e+01,7.000000000000000000e+00,0.000000000000000000e+00
1.808109283447265625e+01,-1.151746463775634766e+01,7.000000000000000000e+00,0.000000000000000000e+00
1.742779350280761719e+01,-1.109123802185058594e+01,7.000000000000000000e+00,0.000000000000000000e+00
1.730778121948242188e+01,-1.114489936828613281e+01,7.000000000000000000e+00,0.000000000000000000e+00
1.739774322509765625e+01,-1.142912483215332031e+01,7.000000000000000000e+00,0.000000000000000000e+00
1.740620231628417969e+01,-1.143394756317138672e+01,7.000000000000000000e+00,0.000000000000000000e+00
1.740702247619628906e+01,-1.145234298706054688e+01,7.000000000000000000e+00,0.000000000000000000e+00
1.810940551757812500e+01,-1.154587078094482422e+01,7.000000000000000000e+00,0.000000000000000000e+00
1.741572761535644531e+01,-1.115655422210693359e+01,7.000000000000000000e+00,0.000000000000000000e+00
1.818513298034667969e+01,-1.176665401458740234e+01,7.000000000000000000e+00,0.000000000000000000e+00
1.761935615539550781e+01,-1.138324260711669922e+01,7.000000000000000000e+00,0.000000000000000000e+00
1.816095924377441406e+01,-1.134056472778320312e+01,7.000000000000000000e+00,0.000000000000000000e+00
1.852533531188964844e+01,-1.035336589813232422e+01,7.000000000000000000e+00,0.000000000000000000e+00
1.806325721740722656e+01,-1.144540119171142578e+01,7.000000000000000000e+00,0.000000000000000000e+00
1.834762001037597656e+01,-1.108452415466308594e+01,7.000000000000000000e+00,0.000000000000000000e+00
1.850194358825683594e+01,-1.041698455810546875e+01,7.000000000000000000e+00,0.000000000000000000e+00
1.761350250244140625e+01,-1.132648468017578125e+01,7.000000000000000000e+00,0.000000000000000000e+00
1.790109825134277344e+01,-1.077746200561523438e+01,7.000000000000000000e+00,0.000000000000000000e+00
1.735050201416015625e+01,-1.122964668273925781e+01,7.000000000000000000e+00,0.000000000000000000e+00
1.808032798767089844e+01,-1.155651760101318359e+01,7.000000000000000000e+00,0.000000000000000000e+00
1.822049522399902344e+01,-1.078347969055175781e+01,7.000000000000000000e+00,0.000000000000000000e+00
1.802882194519042969e+01,-1.149092674255371094e+01,7.000000000000000000e+00,0.000000000000000000e+00
1.744187736511230469e+01,-1.115612030029296875e+01,7.000000000000000000e+00,0.000000000000000000e+00
1.730147743225097656e+01,-1.132242679595947266e+01,7.000000000000000000e+00,0.000000000000000000e+00
1.802708435058593750e+01,-1.163855457305908203e+01,7.000000000000000000e+00,0.000000000000000000e+00
1.848663330078125000e+01,-1.037518310546875000e+01,7.000000000000000000e+00,0.000000000000000000e+00
1.795611763000488281e+01,-1.135440254211425781e+01,7.000000000000000000e+00,0.000000000000000000e+00
1.827508735656738281e+01,-1.143737125396728516e+01,7.000000000000000000e+00,0.000000000000000000e+00
1.745392227172851562e+01,-1.121678829193115234e+01,7.000000000000000000e+00,0.000000000000000000e+00
1.821870040893554688e+01,-1.033391857147216797e+01,7.000000000000000000e+00,0.000000000000000000e+00
1.765983009338378906e+01,-1.170952606201171875e+01,7.000000000000000000e+00,0.000000000000000000e+00
1.803894233703613281e+01,-1.152168083190917969e+01,7.000000000000000000e+00,0.000000000000000000e+00
1.826104354858398438e+01,-1.106443023681640625e+01,7.000000000000000000e+00,0.000000000000000000e+00
1.756160926818847656e+01,-1.093395519256591797e+01,7.000000000000000000e+00,0.000000000000000000e+00
1.801605987548828125e+01,-1.106190586090087891e+01,7.000000000000000000e+00,0.000000000000000000e+00
1.830848884582519531e+01,-1.085670566558837891e+01,7.000000000000000000e+00,0.000000000000000000e+00
1.826855659484863281e+01,-1.079013824462890625e+01,7.000000000000000000e+00,0.000000000000000000e+00
1.754847526550292969e+01,-1.155381202697753906e+01,7.000000000000000000e+00,0.000000000000000000e+00
1.754526519775390625e+01,-1.110870933532714844e+01,7.000000000000000000e+00,0.000000000000000000e+00
1.831425094604492188e+01,-1.047849941253662109e+01,7.000000000000000000e+00,0.000000000000000000e+00
1.757248497009277344e+01,-1.119515800476074219e+01,7.000000000000000000e+00,0.000000000000000000e+00
1.811221504211425781e+01,-1.138222217559814453e+01,7.000000000000000000e+00,0.000000000000000000e+00
1.745052719116210938e+01,-1.136395549774169922e+01,7.000000000000000000e+00,0.000000000000000000e+00
1.831665802001953125e+01,-1.090589904785156250e+01,7.000000000000000000e+00,0.000000000000000000e+00
1.819087600708007812e+01,-1.177106380462646484e+01,7.000000000000000000e+00,0.000000000000000000e+00
1.830731773376464844e+01,-1.043396472930908203e+01,7.000000000000000000e+00,0.000000000000000000e+00
1.741339302062988281e+01,-1.119495582580566406e+01,7.000000000000000000e+00,0.000000000000000000e+00
1.841021728515625000e+01,-1.046437931060791016e+01,7.000000000000000000e+00,0.000000000000000000e+00
1.835537338256835938e+01,-1.103088474273681641e+01,7.000000000000000000e+00,0.000000000000000000e+00
1.782073974609375000e+01,-1.177847480773925781e+01,7.000000000000000000e+00,0.000000000000000000e+00
1.728965377807617188e+01,-1.125158977508544922e+01,7.000000000000000000e+00,0.000000000000000000e+00
1.773794364929199219e+01,-1.175242137908935547e+01,7.000000000000000000e+00,0.000000000000000000e+00
1.789446830749511719e+01,-1.164399433135986328e+01,7.000000000000000000e+00,0.000000000000000000e+00
1.824958419799804688e+01,-1.160427093505859375e+01,7.000000000000000000e+00,0.000000000000000000e+00
1.827181053161621094e+01,-1.162574386596679688e+01,7.000000000000000000e+00,0.000000000000000000e+00
1.814834213256835938e+01,-1.072250080108642578e+01,7.000000000000000000e+00,0.000000000000000000e+00
1.813588523864746094e+01,-1.146066093444824219e+01,7.000000000000000000e+00,0.000000000000000000e+00
1.832946205139160156e+01,-1.099165725708007812e+01,7.000000000000000000e+00,0.000000000000000000e+00
1.744964408874511719e+01,-1.146443653106689453e+01,7.000000000000000000e+00,0.000000000000000000e+00
1.773520660400390625e+01,-1.173868274688720703e+01,7.000000000000000000e+00,0.000000000000000000e+00
1.856450080871582031e+01,-1.031876564025878906e+01,7.000000000000000000e+00,0.000000000000000000e+00
1.785694313049316406e+01,-1.172161483764648438e+01,7.000000000000000000e+00,0.000000000000000000e+00
1.824559593200683594e+01,-1.159410381317138672e+01,7.000000000000000000e+00,0.000000000000000000e+00
1.847528457641601562e+01,-1.043597698211669922e+01,7.000000000000000000e+00,0.000000000000000000e+00
1.746531677246093750e+01,-1.152126979827880859e+01,7.000000000000000000e+00,0.000000000000000000e+00
1.735477066040039062e+01,-1.113844680786132812e+01,7.000000000000000000e+00,0.000000000000000000e+00
1.796060752868652344e+01,-1.076041507720947266e+01,7.000000000000000000e+00,0.000000000000000000e+00
1.813584518432617188e+01,-1.178568553924560547e+01,7.000000000000000000e+00,0.000000000000000000e+00
1.792765045166015625e+01,-1.158479213714599609e+01,7.000000000000000000e+00,0.000000000000000000e+00
1.819494438171386719e+01,-1.036729335784912109e+01,7.000000000000000000e+00,0.000000000000000000e+00
1.749599838256835938e+01,-1.133957290649414062e+01,7.000000000000000000e+00,0.000000000000000000e+00
1.772504997253417969e+01,-1.176678085327148438e+01,7.000000000000000000e+00,0.000000000000000000e+00
1.829682350158691406e+01,-1.082915973663330078e+01,7.000000000000000000e+00,0.000000000000000000e+00
1.785374450683593750e+01,-1.178826904296875000e+01,7.000000000000000000e+00,0.000000000000000000e+00
1.819122123718261719e+01,-1.177786254882812500e+01,7.000000000000000000e+00,0.000000000000000000e+00
1.825920486450195312e+01,-1.086312580108642578e+01,7.000000000000000000e+00,0.000000000000000000e+00
1.727620124816894531e+01,-1.123861885070800781e+01,7.000000000000000000e+00,0.000000000000000000e+00
1.849921035766601562e+01,-1.038930606842041016e+01,7.000000000000000000e+00,0.000000000000000000e+00
1.829492187500000000e+01,-1.086020565032958984e+01,7.000000000000000000e+00,0.000000000000000000e+00
1.729712867736816406e+01,-1.122677040100097656e+01,7.000000000000000000e+00,0.000000000000000000e+00
1.768643188476562500e+01,-1.174643230438232422e+01,7.000000000000000000e+00,0.000000000000000000e+00
1.850304222106933594e+01,-1.038080406188964844e+01,7.000000000000000000e+00,0.000000000000000000e+00
1.733404731750488281e+01,-1.129262065887451172e+01,7.000000000000000000e+00,0.000000000000000000e+00
1.817970657348632812e+01,-1.033820533752441406e+01,7.000000000000000000e+00,0.000000000000000000e+00
1.733649253845214844e+01,-1.118188285827636719e+01,7.000000000000000000e+00,0.000000000000000000e+00
1.827076148986816406e+01,-1.043684959411621094e+01,7.000000000000000000e+00,0.000000000000000000e+00
1.801678657531738281e+01,-1.173951339721679688e+01,7.000000000000000000e+00,0.000000000000000000e+00
1.814487075805664062e+01,-1.178807353973388672e+01,7.000000000000000000e+00,0.000000000000000000e+00
1.816839027404785156e+01,-1.108489799499511719e+01,7.000000000000000000e+00,0.000000000000000000e+00
1.801728630065917969e+01,-1.179438018798828125e+01,7.000000000000000000e+00,0.000000000000000000e+00
1.817915344238281250e+01,-1.087070465087890625e+01,7.000000000000000000e+00,0.000000000000000000e+00
1.794904899597167969e+01,-1.115230083465576172e+01,7.000000000000000000e+00,0.000000000000000000e+00
1.786666297912597656e+01,-1.079859447479248047e+01,7.000000000000000000e+00,0.000000000000000000e+00
1.751493453979492188e+01,-1.126622676849365234e+01,7.000000000000000000e+00,0.000000000000000000e+00
1.748576545715332031e+01,-1.126645374298095703e+01,7.000000000000000000e+00,0.000000000000000000e+00
1.820729255676269531e+01,-1.161899566650390625e+01,7.000000000000000000e+00,0.000000000000000000e+00
1.842099571228027344e+01,-1.046228694915771484e+01,7.000000000000000000e+00,0.000000000000000000e+00
1.730800819396972656e+01,-1.129154014587402344e+01,7.000000000000000000e+00,0.000000000000000000e+00
1.834285926818847656e+01,-1.096319866180419922e+01,7.000000000000000000e+00,0.000000000000000000e+00
1.828725051879882812e+01,-1.157745647430419922e+01,7.000000000000000000e+00,0.000000000000000000e+00
1.849427795410156250e+01,-1.037659549713134766e+01,7.000000000000000000e+00,0.000000000000000000e+00
1.780610656738281250e+01,-1.155398559570312500e+01,7.000000000000000000e+00,0.000000000000000000e+00
1.802824974060058594e+01,-1.155740833282470703e+01,7.000000000000000000e+00,0.000000000000000000e+00
2.446718406677246094e+01,6.809209823608398438e+00,8.000000000000000000e+00,0.000000000000000000e+00
2.403212165832519531e+01,5.507572650909423828e+00,8.000000000000000000e+00,0.000000000000000000e+00
2.437445068359375000e+01,5.931064128875732422e+00,8.000000000000000000e+00,0.000000000000000000e+00
2.373880004882812500e+01,5.586444854736328125e+00,8.000000000000000000e+00,0.000000000000000000e+00
2.471169471740722656e+01,6.604283809661865234e+00,8.000000000000000000e+00,0.000000000000000000e+00
2.378124809265136719e+01,5.520596027374267578e+00,8.000000000000000000e+00,0.000000000000000000e+00
2.402805137634277344e+01,5.497932910919189453e+00,8.000000000000000000e+00,0.000000000000000000e+00
2.461325836181640625e+01,6.350795269012451172e+00,8.000000000000000000e+00,0.000000000000000000e+00
2.346517944335937500e+01,5.135181427001953125e+00,8.000000000000000000e+00,0.000000000000000000e+00
2.475576972961425781e+01,6.729348659515380859e+00,8.000000000000000000e+00,0.000000000000000000e+00
2.427986526489257812e+01,5.412878036499023438e+00,8.000000000000000000e+00,0.000000000000000000e+00
2.468566703796386719e+01,6.338284015655517578e+00,8.000000000000000000e+00,0.000000000000000000e+00
2.439434623718261719e+01,5.525281429290771484e+00,8.000000000000000000e+00,0.000000000000000000e+00
2.370748138427734375e+01,5.302449703216552734e+00,8.000000000000000000e+00,0.000000000000000000e+00
2.399247169494628906e+01,5.491789340972900391e+00,8.000000000000000000e+00,0.000000000000000000e+00
2.453549194335937500e+01,6.014911651611328125e+00,8.000000000000000000e+00,0.000000000000000000e+00
2.347701454162597656e+01,5.165695667266845703e+00,8.000000000000000000e+00,0.000000000000000000e+00
2.483555984497070312e+01,6.611917972564697266e+00,8.000000000000000000e+00,0.000000000000000000e+00
2.414785385131835938e+01,5.227616310119628906e+00,8.000000000000000000e+00,0.000000000000000000e+00
2.479097366333007812e+01,6.530175209045410156e+00,8.000000000000000000e+00,0.000000000000000000e+00
2.346840286254882812e+01,5.137666702270507812e+00,8.000000000000000000e+00,0.000000000000000000e+00
2.441520500183105469e+01,5.700371742248535156e+00,8.000000000000000000e+00,0.000000000000000000e+00
2.406315803527832031e+01,5.656975269317626953e+00,8.000000000000000000e+00,0.000000000000000000e+00
2.416217613220214844e+01,5.655666351318359375e+00,8.000000000000000000e+00,0.000000000000000000e+00
2.394978141784667969e+01,5.540099620819091797e+00,8.000000000000000000e+00,0.000000000000000000e+00
2.468599128723144531e+01,6.780809879302978516e+00,8.000000000000000000e+00,0.000000000000000000e+00
2.347060966491699219e+01,5.162432670593261719e+00,8.000000000000000000e+00,0.000000000000000000e+00
2.365007781982421875e+01,5.189498424530029297e+00,8.000000000000000000e+00,0.000000000000000000e+00
2.433988189697265625e+01,5.696206569671630859e+00,8.000000000000000000e+00,0.000000000000000000e+00
2.455697059631347656e+01,6.155559062957763672e+00,8.000000000000000000e+00,0.000000000000000000e+00
2.442622375488281250e+01,5.518958568572998047e+00,8.000000000000000000e+00,0.000000000000000000e+00
2.376338195800781250e+01,5.288402557373046875e+00,8.000000000000000000e+00,0.000000000000000000e+00
2.444866371154785156e+01,5.874821186065673828e+00,8.000000000000000000e+00,0.000000000000000000e+00
2.443969917297363281e+01,5.474428176879882812e+00,8.000000000000000000e+00,0.000000000000000000e+00
2.339782333374023438e+01,5.015191078186035156e+00,8.000000000000000000e+00,0.000000000000000000e+00
2.386087799072265625e+01,5.600481033325195312e+00,8.000000000000000000e+00,0.000000000000000000e+00
2.351070594787597656e+01,5.160442829132080078e+00,8.000000000000000000e+00,0.000000000000000000e+00
2.370046234130859375e+01,5.179018020629882812e+00,8.000000000000000000e+00,0.000000000000000000e+00
2.345626831054687500e+01,5.103756427764892578e+00,8.000000000000000000e+00,0.000000000000000000e+00
2.451489257812500000e+01,6.087108612060546875e+00,8.000000000000000000e+00,0.000000000000000000e+00
2.475118255615234375e+01,6.517367839813232422e+00,8.000000000000000000e+00,0.000000000000000000e+00
2.446980476379394531e+01,5.667235374450683594e+00,8.000000000000000000e+00,0.000000000000000000e+00
2.449909210205078125e+01,5.804953575134277344e+00,8.000000000000000000e+00,0.000000000000000000e+00
2.447776031494140625e+01,6.773531913757324219e+00,8.000000000000000000e+00,0.000000000000000000e+00
2.403209114074707031e+01,5.535001277923583984e+00,8.000000000000000000e+00,0.000000000000000000e+00
2.373315048217773438e+01,5.580777168273925781e+00,8.000000000000000000e+00,0.000000000000000000e+00
2.468221282958984375e+01,6.715812683105468750e+00,8.000000000000000000e+00,0.000000000000000000e+00
2.444560050964355469e+01,6.178894042968750000e+00,8.000000000000000000e+00,0.000000000000000000e+00
2.441301727294921875e+01,5.650148868560791016e+00,8.000000000000000000e+00,0.000000000000000000e+00
2.478013801574707031e+01,6.610502243041992188e+00,8.000000000000000000e+00,0.000000000000000000e+00
2.373207283020019531e+01,5.444962501525878906e+00,8.000000000000000000e+00,0.000000000000000000e+00
2.344424629211425781e+01,5.099203586578369141e+00,8.000000000000000000e+00,0.000000000000000000e+00
2.398193550109863281e+01,5.467568397521972656e+00,8.000000000000000000e+00,0.000000000000000000e+00
2.434139633178710938e+01,5.728954315185546875e+00,8.000000000000000000e+00,0.000000000000000000e+00
2.417533874511718750e+01,5.762032508850097656e+00,8.000000000000000000e+00,0.000000000000000000e+00
2.463603019714355469e+01,6.188326835632324219e+00,8.000000000000000000e+00,0.000000000000000000e+00
2.382645797729492188e+01,5.445861816406250000e+00,8.000000000000000000e+00,0.000000000000000000e+00
2.445071792602539062e+01,5.618546009063720703e+00,8.000000000000000000e+00,0.000000000000000000e+00
2.368700027465820312e+01,5.549452304840087891e+00,8.000000000000000000e+00,0.000000000000000000e+00
2.467504310607910156e+01,6.767754077911376953e+00,8.000000000000000000e+00,0.000000000000000000e+00
2.442193984985351562e+01,5.558473587036132812e+00,8.000000000000000000e+00,0.000000000000000000e+00
2.473201560974121094e+01,6.746695518493652344e+00,8.000000000000000000e+00,0.000000000000000000e+00
2.365331077575683594e+01,5.489418506622314453e+00,8.000000000000000000e+00,0.000000000000000000e+00
2.333733940124511719e+01,4.930932521820068359e+00,8.000000000000000000e+00,0.000000000000000000e+00
2.346639442443847656e+01,5.146504878997802734e+00,8.000000000000000000e+00,0.000000000000000000e+00
2.409622764587402344e+01,5.670972824096679688e+00,8.000000000000000000e+00,0.000000000000000000e+00
2.361646080017089844e+01,5.296065330505371094e+00,8.000000000000000000e+00,0.000000000000000000e+00
2.405683326721191406e+01,5.505027294158935547e+00,8.000000000000000000e+00,0.000000000000000000e+00
2.481459045410156250e+01,6.644376754760742188e+00,8.000000000000000000e+00,0.000000000000000000e+00
2.365626907348632812e+01,5.384237766265869141e+00,8.000000000000000000e+00,0.000000000000000000e+00
2.411920738220214844e+01,5.210724353790283203e+00,8.000000000000000000e+00,0.000000000000000000e+00
2.482892417907714844e+01,6.650104045867919922e+00,8.000000000000000000e+00,0.000000000000000000e+00
2.455385589599609375e+01,6.792159080505371094e+00,8.000000000000000000e+00,0.000000000000000000e+00
2.358915901184082031e+01,5.323808193206787109e+00,8.000000000000000000e+00,0.000000000000000000e+00
2.367829513549804688e+01,5.235342979431152344e+00,8.000000000000000000e+00,0.000000000000000000e+00
2.417000770568847656e+01,5.883300304412841797e+00,8.000000000000000000e+00,0.000000000000000000e+00
2.419539451599121094e+01,5.282356739044189453e+00,8.000000000000000000e+00,0.000000000000000000e+00
2.408813285827636719e+01,5.199563980102539062e+00,8.000000000000000000e+00,0.000000000000000000e+00
2.389126396179199219e+01,5.329829692840576172e+00,8.000000000000000000e+00,0.000000000000000000e+00
2.456796264648437500e+01,6.128743171691894531e+00,8.000000000000000000e+00,0.000000000000000000e+00
2.479470825195312500e+01,6.528236865997314453e+00,8.000000000000000000e+00,0.000000000000000000e+00
2.429231262207031250e+01,5.733687400817871094e+00,8.000000000000000000e+00,0.000000000000000000e+00
2.434477996826171875e+01,5.721979618072509766e+00,8.000000000000000000e+00,0.000000000000000000e+00
2.356664657592773438e+01,5.351419925689697266e+00,8.000000000000000000e+00,0.000000000000000000e+00
2.345919799804687500e+01,5.116958618164062500e+00,8.000000000000000000e+00,0.000000000000000000e+00
2.381231689453125000e+01,5.268150806427001953e+00,8.000000000000000000e+00,0.000000000000000000e+00
2.391825675964355469e+01,5.387073516845703125e+00,8.000000000000000000e+00,0.000000000000000000e+00
2.450021553039550781e+01,5.954260349273681641e+00,8.000000000000000000e+00,0.000000000000000000e+00
2.447225189208984375e+01,6.020934581756591797e+00,8.000000000000000000e+00,0.000000000000000000e+00
2.444491767883300781e+01,6.754524230957031250e+00,8.000000000000000000e+00,0.000000000000000000e+00
2.399264526367187500e+01,5.178972244262695312e+00,8.000000000000000000e+00,0.000000000000000000e+00
2.365863227844238281e+01,5.506258487701416016e+00,8.000000000000000000e+00,0.000000000000000000e+00
2.344059944152832031e+01,5.130464553833007812e+00,8.000000000000000000e+00,0.000000000000000000e+00
2.402405929565429688e+01,5.526718616485595703e+00,8.000000000000000000e+00,0.000000000000000000e+00
2.454451751708984375e+01,6.026425361633300781e+00,8.000000000000000000e+00,0.000000000000000000e+00
2.375114059448242188e+01,5.199413299560546875e+00,8.000000000000000000e+00,0.000000000000000000e+00
2.394721794128417969e+01,5.224955558776855469e+00,8.000000000000000000e+00,0.000000000000000000e+00
2.403535652160644531e+01,5.509580612182617188e+00,8.000000000000000000e+00,0.000000000000000000e+00
2.405161094665527344e+01,5.490974426269531250e+00,8.000000000000000000e+00,0.000000000000000000e+00
2.459516716003417969e+01,6.181437492370605469e+00,8.000000000000000000e+00,0.000000000000000000e+00
2.346100997924804688e+01,5.035712242126464844e+00,8.000000000000000000e+00,0.000000000000000000e+00
2.377111434936523438e+01,5.564966678619384766e+00,8.000000000000000000e+00,0.000000000000000000e+00
2.450372505187988281e+01,5.875921249389648438e+00,8.000000000000000000e+00,0.000000000000000000e+00
2.454644775390625000e+01,6.013024330139160156e+00,8.000000000000000000e+00,0.000000000000000000e+00
2.362417411804199219e+01,5.537014484405517578e+00,8.000000000000000000e+00,0.000000000000000000e+00
2.390749168395996094e+01,5.691716194152832031e+00,8.000000000000000000e+00,0.000000000000000000e+00
2.408264541625976562e+01,5.652245044708251953e+00,8.000000000000000000e+00,0.000000000000000000e+00
2.442366790771484375e+01,5.559178352355957031e+00,8.000000000000000000e+00,0.000000000000000000e+00
2.349920654296875000e+01,5.269489288330078125e+00,8.000000000000000000e+00,0.000000000000000000e+00
2.410167694091796875e+01,5.204470157623291016e+00,8.000000000000000000e+00,0.000000000000000000e+00
2.345143508911132812e+01,5.146624088287353516e+00,8.000000000000000000e+00,0.000000000000000000e+00
2.367976188659667969e+01,5.190731048583984375e+00,8.000000000000000000e+00,0.000000000000000000e+00
2.402818489074707031e+01,5.227862358093261719e+00,8.000000000000000000e+00,0.000000000000000000e+00
2.356516647338867188e+01,5.218338966369628906e+00,8.000000000000000000e+00,0.000000000000000000e+00
2.454913139343261719e+01,6.357312679290771484e+00,8.000000000000000000e+00,0.000000000000000000e+00
2.422672271728515625e+01,5.731614112854003906e+00,8.000000000000000000e+00,0.000000000000000000e+00
2.461466979980468750e+01,6.684703826904296875e+00,8.000000000000000000e+00,0.000000000000000000e+00
2.403348731994628906e+01,5.576382160186767578e+00,8.000000000000000000e+00,0.000000000000000000e+00
2.382077789306640625e+01,5.580967903137207031e+00,8.000000000000000000e+00,0.000000000000000000e+00
2.430628204345703125e+01,5.861200809478759766e+00,8.000000000000000000e+00,0.000000000000000000e+00
2.380797004699707031e+01,5.184839248657226562e+00,8.000000000000000000e+00,0.000000000000000000e+00
2.471107292175292969e+01,6.486291885375976562e+00,8.000000000000000000e+00,0.000000000000000000e+00
2.401357650756835938e+01,5.608744144439697266e+00,8.000000000000000000e+00,0.000000000000000000e+00
2.441344070434570312e+01,5.645340919494628906e+00,8.000000000000000000e+00,0.000000000000000000e+00
2.453582000732421875e+01,6.683160781860351562e+00,8.000000000000000000e+00,0.000000000000000000e+00
2.458304023742675781e+01,6.440985202789306641e+00,8.000000000000000000e+00,0.000000000000000000e+00
2.407926559448242188e+01,5.593752861022949219e+00,8.000000000000000000e+00,0.000000000000000000e+00
2.394946670532226562e+01,5.413896083831787109e+00,8.000000000000000000e+00,0.000000000000000000e+00
2.417922973632812500e+01,5.700064182281494141e+00,8.000000000000000000e+00,0.000000000000000000e+00
2.457012557983398438e+01,6.638675212860107422e+00,8.000000000000000000e+00,0.000000000000000000e+00
2.464413833618164062e+01,6.762160778045654297e+00,8.000000000000000000e+00,0.000000000000000000e+00
2.481902694702148438e+01,6.494459152221679688e+00,8.000000000000000000e+00,0.000000000000000000e+00
2.403686523437500000e+01,5.206086635589599609e+00,8.000000000000000000e+00,0.000000000000000000e+00
2.418477058410644531e+01,5.667548179626464844e+00,8.000000000000000000e+00,0.000000000000000000e+00
2.406991195678710938e+01,5.594880580902099609e+00,8.000000000000000000e+00,0.000000000000000000e+00
2.443585014343261719e+01,5.817936897277832031e+00,8.000000000000000000e+00,0.000000000000000000e+00
2.478606414794921875e+01,6.479358673095703125e+00,8.000000000000000000e+00,0.000000000000000000e+00
2.448583221435546875e+01,6.786956310272216797e+00,8.000000000000000000e+00,0.000000000000000000e+00
2.442894554138183594e+01,6.193281650543212891e+00,8.000000000000000000e+00,0.000000000000000000e+00
2.479882240295410156e+01,6.678911209106445312e+00,8.000000000000000000e+00,0.000000000000000000e+00
2.370516967773437500e+01,5.634401321411132812e+00,8.000000000000000000e+00,0.000000000000000000e+00
2.363555526733398438e+01,5.237509250640869141e+00,8.000000000000000000e+00,0.000000000000000000e+00
2.433411407470703125e+01,5.884271144866943359e+00,8.000000000000000000e+00,0.000000000000000000e+00
2.373661613464355469e+01,5.180688858032226562e+00,8.000000000000000000e+00,0.000000000000000000e+00
2.353813743591308594e+01,5.169719219207763672e+00,8.000000000000000000e+00,0.000000000000000000e+00
2.485729598999023438e+01,6.655559539794921875e+00,8.000000000000000000e+00,0.000000000000000000e+00
2.444660949707031250e+01,5.709634780883789062e+00,8.000000000000000000e+00,0.000000000000000000e+00
2.361198043823242188e+01,5.205445766448974609e+00,8.000000000000000000e+00,0.000000000000000000e+00
2.433946609497070312e+01,5.698565483093261719e+00,8.000000000000000000e+00,0.000000000000000000e+00
2.346180534362792969e+01,5.106955528259277344e+00,8.000000000000000000e+00,0.000000000000000000e+00
2.386282730102539062e+01,5.226879596710205078e+00,8.000000000000000000e+00,0.000000000000000000e+00
2.391786193847656250e+01,5.244726181030273438e+00,8.000000000000000000e+00,0.000000000000000000e+00
2.363651847839355469e+01,5.216162681579589844e+00,8.000000000000000000e+00,0.000000000000000000e+00
2.447605705261230469e+01,6.769293785095214844e+00,8.000000000000000000e+00,0.000000000000000000e+00
2.475294876098632812e+01,6.682867050170898438e+00,8.000000000000000000e+00,0.000000000000000000e+00
2.458865737915039062e+01,6.142922401428222656e+00,8.000000000000000000e+00,0.000000000000000000e+00
2.359032058715820312e+01,5.216258049011230469e+00,8.000000000000000000e+00,0.000000000000000000e+00
2.455029678344726562e+01,6.801325321197509766e+00,8.000000000000000000e+00,0.000000000000000000e+00
2.386491203308105469e+01,5.304433822631835938e+00,8.000000000000000000e+00,0.000000000000000000e+00
2.386063385009765625e+01,5.529548645019531250e+00,8.000000000000000000e+00,0.000000000000000000e+00
2.350058746337890625e+01,5.119840621948242188e+00,8.000000000000000000e+00,0.000000000000000000e+00
2.456818771362304688e+01,6.784767627716064453e+00,8.000000000000000000e+00,0.000000000000000000e+00
2.471613693237304688e+01,6.786798954010009766e+00,8.000000000000000000e+00,0.000000000000000000e+00
2.471492767333984375e+01,6.391798973083496094e+00,8.000000000000000000e+00,0.000000000000000000e+00
2.377822685241699219e+01,5.145729541778564453e+00,8.000000000000000000e+00,0.000000000000000000e+00
2.359228515625000000e+01,5.166436672210693359e+00,8.000000000000000000e+00,0.000000000000000000e+00
2.392388534545898438e+01,5.722367286682128906e+00,8.000000000000000000e+00,0.000000000000000000e+00
2.384926795959472656e+01,5.526146888732910156e+00,8.000000000000000000e+00,0.000000000000000000e+00
2.450969505310058594e+01,5.943242549896240234e+00,8.000000000000000000e+00,0.000000000000000000e+00
2.374083709716796875e+01,5.587682247161865234e+00,8.000000000000000000e+00,0.000000000000000000e+00
2.422546958923339844e+01,5.392587184906005859e+00,8.000000000000000000e+00,0.000000000000000000e+00
2.446862602233886719e+01,6.364516258239746094e+00,8.000000000000000000e+00,0.000000000000000000e+00
2.391086959838867188e+01,5.459466934204101562e+00,8.000000000000000000e+00,0.000000000000000000e+00
2.349571800231933594e+01,5.180799007415771484e+00,8.000000000000000000e+00,0.000000000000000000e+00
2.411230087280273438e+01,5.562523365020751953e+00,8.000000000000000000e+00,0.000000000000000000e+00
2.439557266235351562e+01,5.675166606903076172e+00,8.000000000000000000e+00,0.000000000000000000e+00
2.453232002258300781e+01,6.132530689239501953e+00,8.000000000000000000e+00,0.000000000000000000e+00
2.452035140991210938e+01,5.818822383880615234e+00,8.000000000000000000e+00,0.000000000000000000e+00
2.458201789855957031e+01,6.750832557678222656e+00,8.000000000000000000e+00,0.000000000000000000e+00
2.440481567382812500e+01,5.978806018829345703e+00,8.000000000000000000e+00,0.000000000000000000e+00
2.390975952148437500e+01,5.188962459564208984e+00,8.000000000000000000e+00,0.000000000000000000e+00
2.411349487304687500e+01,5.579359054565429688e+00,8.000000000000000000e+00,0.000000000000000000e+00
2.448727226257324219e+01,6.031208992004394531e+00,8.000000000000000000e+00,0.000000000000000000e+00
2.480803680419921875e+01,6.717521190643310547e+00,8.000000000000000000e+00,0.000000000000000000e+00
2.464172363281250000e+01,6.694030284881591797e+00,8.000000000000000000e+00,0.000000000000000000e+00
2.461647605895996094e+01,6.764448642730712891e+00,8.000000000000000000e+00,0.000000000000000000e+00
2.451381492614746094e+01,6.069229602813720703e+00,8.000000000000000000e+00,0.000000000000000000e+00
2.448469734191894531e+01,6.826776504516601562e+00,8.000000000000000000e+00,0.000000000000000000e+00
2.408438491821289062e+01,5.679067134857177734e+00,8.000000000000000000e+00,0.000000000000000000e+00
2.405997848510742188e+01,5.187735557556152344e+00,8.000000000000000000e+00,0.000000000000000000e+00
2.425775337219238281e+01,5.343214511871337891e+00,8.000000000000000000e+00,0.000000000000000000e+00
2.359777641296386719e+01,5.211828231811523438e+00,8.000000000000000000e+00,0.000000000000000000e+00
2.448262596130371094e+01,5.665654182434082031e+00,8.000000000000000000e+00,0.000000000000000000e+00
2.408394432067871094e+01,5.176665306091308594e+00,8.000000000000000000e+00,0.000000000000000000e+00
2.461349678039550781e+01,6.782024383544921875e+00,8.000000000000000000e+00,0.000000000000000000e+00
2.435568618774414062e+01,5.775652408599853516e+00,8.000000000000000000e+00,0.000000000000000000e+00
2.448166084289550781e+01,5.845636844635009766e+00,8.000000000000000000e+00,0.000000000000000000e+00
2.479730033874511719e+01,6.667198657989501953e+00,8.000000000000000000e+00,0.000000000000000000e+00
2.427797126770019531e+01,5.830370903015136719e+00,8.000000000000000000e+00,0.000000000000000000e+00
2.405496597290039062e+01,5.474261760711669922e+00,8.000000000000000000e+00,0.000000000000000000e+00
2.351734542846679688e+01,5.326412200927734375e+00,8.000000000000000000e+00,0.000000000000000000e+00
2.468588638305664062e+01,6.748042583465576172e+00,8.000000000000000000e+00,0.000000000000000000e+00
2.416811561584472656e+01,5.201718807220458984e+00,8.000000000000000000e+00,0.000000000000000000e+00
2.457962799072265625e+01,6.435194492340087891e+00,8.000000000000000000e+00,0.000000000000000000e+00
2.444026565551757812e+01,5.613171577453613281e+00,8.000000000000000000e+00,0.000000000000000000e+00
2.459840202331542969e+01,6.183548927307128906e+00,8.000000000000000000e+00,0.000000000000000000e+00
2.370122718811035156e+01,5.325289726257324219e+00,8.000000000000000000e+00,0.000000000000000000e+00
2.463809585571289062e+01,6.729187488555908203e+00,8.000000000000000000e+00,0.000000000000000000e+00
2.461964416503906250e+01,6.427236557006835938e+00,8.000000000000000000e+00,0.000000000000000000e+00
2.349223327636718750e+01,5.152063846588134766e+00,8.000000000000000000e+00,0.000000000000000000e+00
1.367149353027343750e+01,-1.292591762542724609e+01,9.000000000000000000e+00,0.000000000000000000e+00
1.394727134704589844e+01,-1.280301189422607422e+01,9.000000000000000000e+00,0.000000000000000000e+00
1.430050086975097656e+01,-1.308786392211914062e+01,9.000000000000000000e+00,0.000000000000000000e+00
1.315678119659423828e+01,-1.378824615478515625e+01,9.000000000000000000e+00,0.000000000000000000e+00
1.374454402923583984e+01,-1.346697521209716797e+01,9.000000000000000000e+00,0.000000000000000000e+00
1.296780490875244141e+01,-1.296177005767822266e+01,9.000000000000000000e+00,0.000000000000000000e+00
1.328048610687255859e+01,-1.280978202819824219e+01,9.000000000000000000e+00,0.000000000000000000e+00
1.398183631896972656e+01,-1.270829868316650391e+01,9.000000000000000000e+00,0.000000000000000000e+00
1.413061046600341797e+01,-1.307824897766113281e+01,9.000000000000000000e+00,0.000000000000000000e+00
1.377693748474121094e+01,-1.292918300628662109e+01,9.000000000000000000e+00,0.000000000000000000e+00
1.304502964019775391e+01,-1.376478099822998047e+01,9.000000000000000000e+00,0.000000000000000000e+00
1.410563659667968750e+01,-1.318264770507812500e+01,9.000000000000000000e+00,0.000000000000000000e+00
1.410842037200927734e+01,-1.290548419952392578e+01,9.000000000000000000e+00,0.000000000000000000e+00
1.292998981475830078e+01,-1.293527603149414062e+01,9.000000000000000000e+00,0.000000000000000000e+00
1.391668224334716797e+01,-1.336686801910400391e+01,9.000000000000000000e+00,0.000000000000000000e+00
1.318405914306640625e+01,-1.330860900878906250e+01,9.000000000000000000e+00,0.000000000000000000e+00
1.361685562133789062e+01,-1.284123134613037109e+01,9.000000000000000000e+00,0.000000000000000000e+00
1.308198261260986328e+01,-1.359943962097167969e+01,9.000000000000000000e+00,0.000000000000000000e+00
1.374151992797851562e+01,-1.345776653289794922e+01,9.000000000000000000e+00,0.000000000000000000e+00
1.294157409667968750e+01,-1.334843063354492188e+01,9.000000000000000000e+00,0.000000000000000000e+00
1.427058219909667969e+01,-1.310040569305419922e+01,9.000000000000000000e+00,0.000000000000000000e+00
1.292953109741210938e+01,-1.295289230346679688e+01,9.000000000000000000e+00,0.000000000000000000e+00
1.365398311614990234e+01,-1.327187824249267578e+01,9.000000000000000000e+00,0.000000000000000000e+00
1.301475906372070312e+01,-1.310142135620117188e+01,9.000000000000000000e+00,0.000000000000000000e+00
1.333657646179199219e+01,-1.270796298980712891e+01,9.000000000000000000e+00,0.000000000000000000e+00
1.316885185241699219e+01,-1.305215740203857422e+01,9.000000000000000000e+00,0.000000000000000000e+00
1.296082305908203125e+01,-1.315387153625488281e+01,9.000000000000000000e+00,0.000000000000000000e+00
1.352253246307373047e+01,-1.266465282440185547e+01,9.000000000000000000e+00,0.000000000000000000e+00
1.301099109649658203e+01,-1.340183067321777344e+01,9.000000000000000000e+00,0.000000000000000000e+00
1.308254814147949219e+01,-1.345239639282226562e+01,9.000000000000000000e+00,0.000000000000000000e+00
1.366484832763671875e+01,-1.303953742980957031e+01,9.000000000000000000e+00,0.000000000000000000e+00
1.291029548645019531e+01,-1.307173156738281250e+01,9.000000000000000000e+00,0.000000000000000000e+00
1.343201351165771484e+01,-1.357753467559814453e+01,9.000000000000000000e+00,0.000000000000000000e+00
1.324266147613525391e+01,-1.275485610961914062e+01,9.000000000000000000e+00,0.000000000000000000e+00
1.357882499694824219e+01,-1.356182479858398438e+01,9.000000000000000000e+00,0.000000000000000000e+00
1.281514644622802734e+01,-1.329883575439453125e+01,9.000000000000000000e+00,0.000000000000000000e+00
1.426944255828857422e+01,-1.306125164031982422e+01,9.000000000000000000e+00,0.000000000000000000e+00
1.282970809936523438e+01,-1.315044498443603516e+01,9.000000000000000000e+00,0.000000000000000000e+00
1.432527256011962891e+01,-1.309477615356445312e+01,9.000000000000000000e+00,0.000000000000000000e+00
1.385904121398925781e+01,-1.341600990295410156e+01,9.000000000000000000e+00,0.000000000000000000e+00
1.299935531616210938e+01,-1.317751693725585938e+01,9.000000000000000000e+00,0.000000000000000000e+00
1.422377586364746094e+01,-1.314952278137207031e+01,9.000000000000000000e+00,0.000000000000000000e+00
1.370736312866210938e+01,-1.350513839721679688e+01,9.000000000000000000e+00,0.000000000000000000e+00
1.428184890747070312e+01,-1.313029384613037109e+01,9.000000000000000000e+00,0.000000000000000000e+00
1.358989334106445312e+01,-1.318734836578369141e+01,9.000000000000000000e+00,0.000000000000000000e+00
1.402310943603515625e+01,-1.276894760131835938e+01,9.000000000000000000e+00,0.000000000000000000e+00
1.430041885375976562e+01,-1.311444759368896484e+01,9.000000000000000000e+00,0.000000000000000000e+00
1.366947174072265625e+01,-1.309089183807373047e+01,9.000000000000000000e+00,0.000000000000000000e+00
1.378689289093017578e+01,-1.344510936737060547e+01,9.000000000000000000e+00,0.000000000000000000e+00
1.422707748413085938e+01,-1.309908008575439453e+01,9.000000000000000000e+00,0.000000000000000000e+00
1.359958553314208984e+01,-1.353586959838867188e+01,9.000000000000000000e+00,0.000000000000000000e+00
1.394469356536865234e+01,-1.268886852264404297e+01,9.000000000000000000e+00,0.000000000000000000e+00
1.429745101928710938e+01,-1.308712673187255859e+01,9.000000000000000000e+00,0.000000000000000000e+00
1.280185222625732422e+01,-1.316337680816650391e+01,9.000000000000000000e+00,0.000000000000000000e+00
1.304474163055419922e+01,-1.313482189178466797e+01,9.000000000000000000e+00,0.000000000000000000e+00
1.303095817565917969e+01,-1.377832221984863281e+01,9.000000000000000000e+00,0.000000000000000000e+00
1.318298244476318359e+01,-1.269616031646728516e+01,9.000000000000000000e+00,0.000000000000000000e+00
1.387037467956542969e+01,-1.280754280090332031e+01,9.000000000000000000e+00,0.000000000000000000e+00
1.405657100677490234e+01,-1.318700695037841797e+01,9.000000000000000000e+00,0.000000000000000000e+00
1.340911197662353516e+01,-1.355875492095947266e+01,9.000000000000000000e+00,0.000000000000000000e+00
1.297440814971923828e+01,-1.301406097412109375e+01,9.000000000000000000e+00,0.000000000000000000e+00
1.428956890106201172e+01,-1.304880714416503906e+01,9.000000000000000000e+00,0.000000000000000000e+00
1.331522560119628906e+01,-1.279764842987060547e+01,9.000000000000000000e+00,0.000000000000000000e+00
1.352561569213867188e+01,-1.313912296295166016e+01,9.000000000000000000e+00,0.000000000000000000e+00
1.397839546203613281e+01,-1.320601367950439453e+01,9.000000000000000000e+00,0.000000000000000000e+00
1.372348117828369141e+01,-1.286735916137695312e+01,9.000000000000000000e+00,0.000000000000000000e+00
1.337313556671142578e+01,-1.269176959991455078e+01,9.000000000000000000e+00,0.000000000000000000e+00
1.301250171661376953e+01,-1.310217285156250000e+01,9.000000000000000000e+00,0.000000000000000000e+00
1.364013004302978516e+01,-1.297094154357910156e+01,9.000000000000000000e+00,0.000000000000000000e+00
1.313903999328613281e+01,-1.377773952484130859e+01,9.000000000000000000e+00,0.000000000000000000e+00
1.301536941528320312e+01,-1.297479629516601562e+01,9.000000000000000000e+00,0.000000000000000000e+00
1.318615818023681641e+01,-1.324777221679687500e+01,9.000000000000000000e+00,0.000000000000000000e+00
1.423393249511718750e+01,-1.298337268829345703e+01,9.000000000000000000e+00,0.000000000000000000e+00
1.398288345336914062e+01,-1.268621540069580078e+01,9.000000000000000000e+00,0.000000000000000000e+00
1.283383274078369141e+01,-1.304392719268798828e+01,9.000000000000000000e+00,0.000000000000000000e+00
1.340235900878906250e+01,-1.274838733673095703e+01,9.000000000000000000e+00,0.000000000000000000e+00
1.431451702117919922e+01,-1.307773113250732422e+01,9.000000000000000000e+00,0.000000000000000000e+00
1.430615425109863281e+01,-1.306879806518554688e+01,9.000000000000000000e+00,0.000000000000000000e+00
1.283714294433593750e+01,-1.329431152343750000e+01,9.000000000000000000e+00,0.000000000000000000e+00
1.418923759460449219e+01,-1.312313652038574219e+01,9.000000000000000000e+00,0.000000000000000000e+00
1.361640644073486328e+01,-1.353276062011718750e+01,9.000000000000000000e+00,0.000000000000000000e+00
1.339436340332031250e+01,-1.364736270904541016e+01,9.000000000000000000e+00,0.000000000000000000e+00
1.330014228820800781e+01,-1.272041034698486328e+01,9.000000000000000000e+00,0.000000000000000000e+00
1.431719398498535156e+01,-1.309418487548828125e+01,9.000000000000000000e+00,0.000000000000000000e+00
1.324109458923339844e+01,-1.297136116027832031e+01,9.000000000000000000e+00,0.000000000000000000e+00
1.294310665130615234e+01,-1.323889064788818359e+01,9.000000000000000000e+00,0.000000000000000000e+00
1.298497676849365234e+01,-1.295417118072509766e+01,9.000000000000000000e+00,0.000000000000000000e+00
1.324071884155273438e+01,-1.373727035522460938e+01,9.000000000000000000e+00,0.000000000000000000e+00
1.281904220581054688e+01,-1.304080963134765625e+01,9.000000000000000000e+00,0.000000000000000000e+00
1.367333030700683594e+01,-1.310178756713867188e+01,9.000000000000000000e+00,0.000000000000000000e+00
1.320129013061523438e+01,-1.346445465087890625e+01,9.000000000000000000e+00,0.000000000000000000e+00
1.426883029937744141e+01,-1.306807327270507812e+01,9.000000000000000000e+00,0.000000000000000000e+00
1.288684082031250000e+01,-1.311501312255859375e+01,9.000000000000000000e+00,0.000000000000000000e+00
1.381081104278564453e+01,-1.270553779602050781e+01,9.000000000000000000e+00,0.000000000000000000e+00
1.394999408721923828e+01,-1.266686820983886719e+01,9.000000000000000000e+00,0.000000000000000000e+00
1.378180789947509766e+01,-1.345789241790771484e+01,9.000000000000000000e+00,0.000000000000000000e+00
1.296584415435791016e+01,-1.311462306976318359e+01,9.000000000000000000e+00,0.000000000000000000e+00
1.312571907043457031e+01,-1.311381721496582031e+01,9.000000000000000000e+00,0.000000000000000000e+00
1.356333923339843750e+01,-1.266409206390380859e+01,9.000000000000000000e+00,0.000000000000000000e+00
1.403002357482910156e+01,-1.323512935638427734e+01,9.000000000000000000e+00,0.000000000000000000e+00
1.305038356781005859e+01,-1.377674102783203125e+01,9.000000000000000000e+00,0.000000000000000000e+00
1.370867633819580078e+01,-1.346841144561767578e+01,9.000000000000000000e+00,0.000000000000000000e+00
1.396963596343994141e+01,-1.274803161621093750e+01,9.000000000000000000e+00,0.000000000000000000e+00
1.288057613372802734e+01,-1.368402385711669922e+01,9.000000000000000000e+00,0.000000000000000000e+00
1.319990539550781250e+01,-1.284771537780761719e+01,9.000000000000000000e+00,0.000000000000000000e+00
1.403772926330566406e+01,-1.275967121124267578e+01,9.000000000000000000e+00,0.000000000000000000e+00
1.289799976348876953e+01,-1.336774444580078125e+01,9.000000000000000000e+00,0.000000000000000000e+00
1.362791728973388672e+01,-1.289156055450439453e+01,9.000000000000000000e+00,0.000000000000000000e+00
1.355452537536621094e+01,-1.313173198699951172e+01,9.000000000000000000e+00,0.000000000000000000e+00
1.316763305664062500e+01,-1.329036521911621094e+01,9.000000000000000000e+00,0.000000000000000000e+00
1.312239265441894531e+01,-1.291867065429687500e+01,9.000000000000000000e+00,0.000000000000000000e+00
1.340348339080810547e+01,-1.273296070098876953e+01,9.000000000000000000e+00,0.000000000000000000e+00
1.300797939300537109e+01,-1.340832042694091797e+01,9.000000000000000000e+00,0.000000000000000000e+00
1.290993881225585938e+01,-1.368333625793457031e+01,9.000000000000000000e+00,0.000000000000000000e+00
1.299610710144042969e+01,-1.318745613098144531e+01,9.000000000000000000e+00,0.000000000000000000e+00
1.329877090454101562e+01,-1.274787902832031250e+01,9.000000000000000000e+00,0.000000000000000000e+00
1.291550922393798828e+01,-1.373580265045166016e+01,9.000000000000000000e+00,0.000000000000000000e+00
1.317513942718505859e+01,-1.286730861663818359e+01,9.000000000000000000e+00,0.000000000000000000e+00
1.316376972198486328e+01,-1.335706233978271484e+01,9.000000000000000000e+00,0.000000000000000000e+00
1.337314224243164062e+01,-1.370662117004394531e+01,9.000000000000000000e+00,0.000000000000000000e+00
1.288917160034179688e+01,-1.300591754913330078e+01,9.000000000000000000e+00,0.000000000000000000e+00
1.299460983276367188e+01,-1.338827514648437500e+01,9.000000000000000000e+00,0.000000000000000000e+00
1.369906616210937500e+01,-1.268601894378662109e+01,9.000000000000000000e+00,0.000000000000000000e+00
1.407839107513427734e+01,-1.294859695434570312e+01,9.000000000000000000e+00,0.000000000000000000e+00
1.292708492279052734e+01,-1.319593906402587891e+01,9.000000000000000000e+00,0.000000000000000000e+00
1.391061592102050781e+01,-1.333833694458007812e+01,9.000000000000000000e+00,0.000000000000000000e+00
1.397868919372558594e+01,-1.320468330383300781e+01,9.000000000000000000e+00,0.000000000000000000e+00
1.341456985473632812e+01,-1.271401405334472656e+01,9.000000000000000000e+00,0.000000000000000000e+00
1.288076972961425781e+01,-1.371669578552246094e+01,9.000000000000000000e+00,0.000000000000000000e+00
1.329425907135009766e+01,-1.297938632965087891e+01,9.000000000000000000e+00,0.000000000000000000e+00
1.363433265686035156e+01,-1.276444339752197266e+01,9.000000000000000000e+00,0.000000000000000000e+00
1.295399093627929688e+01,-1.308212089538574219e+01,9.000000000000000000e+00,0.000000000000000000e+00
1.401168441772460938e+01,-1.320531558990478516e+01,9.000000000000000000e+00,0.000000000000000000e+00
1.321000957489013672e+01,-1.310427951812744141e+01,9.000000000000000000e+00,0.000000000000000000e+00
1.362572669982910156e+01,-1.302223777770996094e+01,9.000000000000000000e+00,0.000000000000000000e+00
1.403865146636962891e+01,-1.272213935852050781e+01,9.000000000000000000e+00,0.000000000000000000e+00
1.380046939849853516e+01,-1.312535095214843750e+01,9.000000000000000000e+00,0.000000000000000000e+00
1.415036296844482422e+01,-1.315795707702636719e+01,9.000000000000000000e+00,0.000000000000000000e+00
1.306749343872070312e+01,-1.305359458923339844e+01,9.000000000000000000e+00,0.000000000000000000e+00
1.429014968872070312e+01,-1.311547660827636719e+01,9.000000000000000000e+00,0.000000000000000000e+00
1.338976955413818359e+01,-1.364634037017822266e+01,9.000000000000000000e+00,0.000000000000000000e+00
1.422534656524658203e+01,-1.314123821258544922e+01,9.000000000000000000e+00,0.000000000000000000e+00
1.365046882629394531e+01,-1.284903144836425781e+01,9.000000000000000000e+00,0.000000000000000000e+00
1.357368755340576172e+01,-1.307417774200439453e+01,9.000000000000000000e+00,0.000000000000000000e+00
1.301339340209960938e+01,-1.361076927185058594e+01,9.000000000000000000e+00,0.000000000000000000e+00
1.396893405914306641e+01,-1.328629016876220703e+01,9.000000000000000000e+00,0.000000000000000000e+00
1.293699359893798828e+01,-1.377840232849121094e+01,9.000000000000000000e+00,0.000000000000000000e+00
1.342867374420166016e+01,-1.273501205444335938e+01,9.000000000000000000e+00,0.000000000000000000e+00
1.314692306518554688e+01,-1.283211803436279297e+01,9.000000000000000000e+00,0.000000000000000000e+00
1.302330589294433594e+01,-1.377832889556884766e+01,9.000000000000000000e+00,0.000000000000000000e+00
1.279616355895996094e+01,-1.305945396423339844e+01,9.000000000000000000e+00,0.000000000000000000e+00
1.282653617858886719e+01,-1.340658092498779297e+01,9.000000000000000000e+00,0.000000000000000000e+00
1.314327621459960938e+01,-1.356414222717285156e+01,9.000000000000000000e+00,0.000000000000000000e+00
1.298101234436035156e+01,-1.376663017272949219e+01,9.000000000000000000e+00,0.000000000000000000e+00
1.398669815063476562e+01,-1.269257926940917969e+01,9.000000000000000000e+00,0.000000000000000000e+00
1.313715076446533203e+01,-1.296736431121826172e+01,9.000000000000000000e+00,0.000000000000000000e+00
1.356090831756591797e+01,-1.354516696929931641e+01,9.000000000000000000e+00,0.000000000000000000e+00
1.289360141754150391e+01,-1.372942066192626953e+01,9.000000000000000000e+00,0.000000000000000000e+00
1.277790927886962891e+01,-1.312306404113769531e+01,9.000000000000000000e+00,0.000000000000000000e+00
1.427015113830566406e+01,-1.305325603485107422e+01,9.000000000000000000e+00,0.000000000000000000e+00
1.366853809356689453e+01,-1.350252437591552734e+01,9.000000000000000000e+00,0.000000000000000000e+00
1.292301368713378906e+01,-1.360709190368652344e+01,9.000000000000000000e+00,0.000000000000000000e+00
1.405039596557617188e+01,-1.280854892730712891e+01,9.000000000000000000e+00,0.000000000000000000e+00
1.384021854400634766e+01,-1.328572845458984375e+01,9.000000000000000000e+00,0.000000000000000000e+00
1.404825019836425781e+01,-1.319201374053955078e+01,9.000000000000000000e+00,0.000000000000000000e+00
1.282783985137939453e+01,-1.315739631652832031e+01,9.000000000000000000e+00,0.000000000000000000e+00
1.376313972473144531e+01,-1.294038963317871094e+01,9.000000000000000000e+00,0.000000000000000000e+00
1.320996475219726562e+01,-1.376216697692871094e+01,9.000000000000000000e+00,0.000000000000000000e+00
1.281541156768798828e+01,-1.318773174285888672e+01,9.000000000000000000e+00,0.000000000000000000e+00
1.357734584808349609e+01,-1.307156372070312500e+01,9.000000000000000000e+00,0.000000000000000000e+00
1.396931934356689453e+01,-1.268719005584716797e+01,9.000000000000000000e+00,0.000000000000000000e+00
1.372177124023437500e+01,-1.283890342712402344e+01,9.000000000000000000e+00,0.000000000000000000e+00
1.409394645690917969e+01,-1.310884094238281250e+01,9.000000000000000000e+00,0.000000000000000000e+00
1.298866176605224609e+01,-1.288615036010742188e+01,9.000000000000000000e+00,0.000000000000000000e+00
1.310882854461669922e+01,-1.311051273345947266e+01,9.000000000000000000e+00,0.000000000000000000e+00
1.341371345520019531e+01,-1.280156898498535156e+01,9.000000000000000000e+00,0.000000000000000000e+00
1.355529403686523438e+01,-1.346828651428222656e+01,9.000000000000000000e+00,0.000000000000000000e+00
1.357011985778808594e+01,-1.288713550567626953e+01,9.000000000000000000e+00,0.000000000000000000e+00
1.378859424591064453e+01,-1.314527893066406250e+01,9.000000000000000000e+00,0.000000000000000000e+00
1.368076992034912109e+01,-1.289020729064941406e+01,9.000000000000000000e+00,0.000000000000000000e+00
1.285555934906005859e+01,-1.364809894561767578e+01,9.000000000000000000e+00,0.000000000000000000e+00
1.325016212463378906e+01,-1.351881217956542969e+01,9.000000000000000000e+00,0.000000000000000000e+00
1.392457771301269531e+01,-1.330944252014160156e+01,9.000000000000000000e+00,0.000000000000000000e+00
1.376589870452880859e+01,-1.349380397796630859e+01,9.000000000000000000e+00,0.000000000000000000e+00
1.312749004364013672e+01,-1.278045368194580078e+01,9.000000000000000000e+00,0.000000000000000000e+00
1.322334289550781250e+01,-1.304566192626953125e+01,9.000000000000000000e+00,0.000000000000000000e+00
1.364032745361328125e+01,-1.305377483367919922e+01,9.000000000000000000e+00,0.000000000000000000e+00
1.296266269683837891e+01,-1.336238288879394531e+01,9.000000000000000000e+00,0.000000000000000000e+00
1.351736545562744141e+01,-1.278793525695800781e+01,9.000000000000000000e+00,0.000000000000000000e+00
1.290900325775146484e+01,-1.337772846221923828e+01,9.000000000000000000e+00,0.000000000000000000e+00
1.289091205596923828e+01,-1.295069313049316406e+01,9.000000000000000000e+00,0.000000000000000000e+00
1.344319915771484375e+01,-1.361471462249755859e+01,9.000000000000000000e+00,0.000000000000000000e+00
1.388310432434082031e+01,-1.280906677246093750e+01,9.000000000000000000e+00,0.000000000000000000e+00
1.348475646972656250e+01,-1.277658939361572266e+01,9.000000000000000000e+00,0.000000000000000000e+00
1.293520164489746094e+01,-1.369440364837646484e+01,9.000000000000000000e+00,0.000000000000000000e+00
1.344285678863525391e+01,-1.269921398162841797e+01,9.000000000000000000e+00,0.000000000000000000e+00
1.298520469665527344e+01,-1.376215267181396484e+01,9.000000000000000000e+00,0.000000000000000000e+00
1.324665737152099609e+01,-1.350500488281250000e+01,9.000000000000000000e+00,0.000000000000000000e+00
1.371996116638183594e+01,-1.346823215484619141e+01,9.000000000000000000e+00,0.000000000000000000e+00
1.348563480377197266e+01,-1.282183551788330078e+01,9.000000000000000000e+00,0.000000000000000000e+00
1.301562500000000000e+01,-1.342868232727050781e+01,9.000000000000000000e+00,0.000000000000000000e+00
1.288615512847900391e+01,-1.362316131591796875e+01,9.000000000000000000e+00,0.000000000000000000e+00
1.321991920471191406e+01,-1.351078987121582031e+01,9.000000000000000000e+00,0.000000000000000000e+00
1.302999114990234375e+01,-1.337003231048583984e+01,9.000000000000000000e+00,0.000000000000000000e+00
1.309960269927978516e+01,-1.377516078948974609e+01,9.000000000000000000e+00,0.000000000000000000e+00
1.221135735511779785e+00,-5.165065765380859375e+00,9.000000000000000000e+00,0.000000000000000000e+00
1.334911060333251953e+01,-1.276797008514404297e+01,9.000000000000000000e+00,0.000000000000000000e+00
1.293710327148437500e+01,-1.301493358612060547e+01,9.000000000000000000e+00,0.000000000000000000e+00
1.319820880889892578e+01,-1.349731063842773438e+01,9.000000000000000000e+00,0.000000000000000000e+00
1.346453666687011719e+01,-1.268989753723144531e+01,9.000000000000000000e+00,0.000000000000000000e+00
-5.721608161926269531e+00,-3.046602010726928711e+00,1.300000000000000000e+01,0.000000000000000000e+00
-6.555838108062744141e+00,-2.582765579223632812e+00,1.300000000000000000e+01,0.000000000000000000e+00
-4.846642017364501953e+00,-3.048321723937988281e+00,1.300000000000000000e+01,0.000000000000000000e+00
-5.639725208282470703e+00,-2.976098775863647461e+00,1.300000000000000000e+01,0.000000000000000000e+00
-6.573313713073730469e+00,-2.579469442367553711e+00,1.300000000000000000e+01,0.000000000000000000e+00
-6.658354759216308594e+00,-2.524555683135986328e+00,1.300000000000000000e+01,0.000000000000000000e+00
-7.204572677612304688e+00,-2.230306863784790039e+00,1.300000000000000000e+01,0.000000000000000000e+00
-5.706063747406005859e+00,-2.995161056518554688e+00,1.300000000000000000e+01,0.000000000000000000e+00
-4.797372341156005859e+00,-3.059394598007202148e+00,1.300000000000000000e+01,0.000000000000000000e+00
-6.492249965667724609e+00,-2.611160755157470703e+00,1.300000000000000000e+01,0.000000000000000000e+00
-5.700783729553222656e+00,-2.936973571777343750e+00,1.300000000000000000e+01,0.000000000000000000e+00
-3.826986789703369141e+00,-3.180427312850952148e+00,1.300000000000000000e+01,0.000000000000000000e+00
-4.907706260681152344e+00,-2.998265504837036133e+00,1.300000000000000000e+01,0.000000000000000000e+00
-6.655266761779785156e+00,-2.515920639038085938e+00,1.300000000000000000e+01,0.000000000000000000e+00
-6.072663307189941406e+00,-2.780288457870483398e+00,1.300000000000000000e+01,0.000000000000000000e+00
-5.764543533325195312e+00,-2.960180521011352539e+00,1.300000000000000000e+01,0.000000000000000000e+00
-5.724243640899658203e+00,-2.965190410614013672e+00,1.300000000000000000e+01,0.000000000000000000e+00
-5.023744106292724609e+00,-2.917047023773193359e+00,1.300000000000000000e+01,0.000000000000000000e+00
-4.896395683288574219e+00,-3.019890069961547852e+00,1.300000000000000000e+01,0.000000000000000000e+00
-5.155292034149169922e+00,-2.881812572479248047e+00,1.300000000000000000e+01,0.000000000000000000e+00
-6.488072395324707031e+00,-2.580862522125244141e+00,1.300000000000000000e+01,0.000000000000000000e+00
-4.955376148223876953e+00,-2.941154718399047852e+00,1.300000000000000000e+01,0.000000000000000000e+00
-5.088029861450195312e+00,-2.971072912216186523e+00,1.300000000000000000e+01,0.000000000000000000e+00
-5.838893890380859375e+00,-2.895748615264892578e+00,1.300000000000000000e+01,0.000000000000000000e+00
-5.714190959930419922e+00,-2.942263603210449219e+00,1.300000000000000000e+01,0.000000000000000000e+00
-3.862535476684570312e+00,-3.175886154174804688e+00,1.300000000000000000e+01,0.000000000000000000e+00
-3.780357837677001953e+00,-3.165583848953247070e+00,1.300000000000000000e+01,0.000000000000000000e+00
-4.980490207672119141e+00,-2.925609350204467773e+00,1.300000000000000000e+01,0.000000000000000000e+00
-6.647751331329345703e+00,-2.537095308303833008e+00,1.300000000000000000e+01,0.000000000000000000e+00
-5.762595176696777344e+00,-3.064531326293945312e+00,1.300000000000000000e+01,0.000000000000000000e+00
-6.966052055358886719e+00,-2.401310443878173828e+00,1.300000000000000000e+01,0.000000000000000000e+00
-5.532083034515380859e+00,-3.014507532119750977e+00,1.300000000000000000e+01,0.000000000000000000e+00
-4.296661853790283203e+00,-3.111033439636230469e+00,1.300000000000000000e+01,0.000000000000000000e+00
-7.090455532073974609e+00,-2.322755813598632812e+00,1.300000000000000000e+01,0.000000000000000000e+00
-6.511609554290771484e+00,-2.617202758789062500e+00,1.300000000000000000e+01,0.000000000000000000e+00
-4.590098381042480469e+00,-3.057564973831176758e+00,1.300000000000000000e+01,0.000000000000000000e+00
-5.006636619567871094e+00,-2.918968915939331055e+00,1.300000000000000000e+01,0.000000000000000000e+00
-6.789439201354980469e+00,-2.476816892623901367e+00,1.300000000000000000e+01,0.000000000000000000e+00
-5.247117519378662109e+00,-2.879655838012695312e+00,1.300000000000000000e+01,0.000000000000000000e+00
-6.499411582946777344e+00,-2.608326435089111328e+00,1.300000000000000000e+01,0.000000000000000000e+00
-3.916002273559570312e+00,-3.159735679626464844e+00,1.300000000000000000e+01,0.000000000000000000e+00
-3.764588832855224609e+00,-3.158588171005249023e+00,1.300000000000000000e+01,0.000000000000000000e+00
-7.045622348785400391e+00,-2.350011587142944336e+00,1.300000000000000000e+01,0.000000000000000000e+00
-5.580751419067382812e+00,-3.030072689056396484e+00,1.300000000000000000e+01,0.000000000000000000e+00
-3.908655881881713867e+00,-3.176472902297973633e+00,1.300000000000000000e+01,0.000000000000000000e+00
-4.811462879180908203e+00,-3.001300096511840820e+00,1.300000000000000000e+01,0.000000000000000000e+00
-5.211961269378662109e+00,-3.021737337112426758e+00,1.300000000000000000e+01,0.000000000000000000e+00
-6.968994617462158203e+00,-2.396736145019531250e+00,1.300000000000000000e+01,0.000000000000000000e+00
-7.240963459014892578e+00,-2.196844100952148438e+00,1.300000000000000000e+01,0.000000000000000000e+00
-7.211001396179199219e+00,-2.225777387619018555e+00,1.300000000000000000e+01,0.000000000000000000e+00
-5.680273056030273438e+00,-2.988734483718872070e+00,1.300000000000000000e+01,0.000000000000000000e+00
-5.112710952758789062e+00,-2.918771266937255859e+00,1.300000000000000000e+01,0.000000000000000000e+00
-6.838950157165527344e+00,-2.444636821746826172e+00,1.300000000000000000e+01,0.000000000000000000e+00
-3.836821794509887695e+00,-3.178256511688232422e+00,1.300000000000000000e+01,0.000000000000000000e+00
-7.172622203826904297e+00,-2.259232044219970703e+00,1.300000000000000000e+01,0.000000000000000000e+00
-4.147848129272460938e+00,-3.128588199615478516e+00,1.300000000000000000e+01,0.000000000000000000e+00
-5.754617691040039062e+00,-3.059364318847656250e+00,1.300000000000000000e+01,0.000000000000000000e+00
-3.835661888122558594e+00,-3.192166805267333984e+00,1.300000000000000000e+01,0.000000000000000000e+00
-5.317101955413818359e+00,-3.033949613571166992e+00,1.300000000000000000e+01,0.000000000000000000e+00
-5.134057521820068359e+00,-2.936314105987548828e+00,1.300000000000000000e+01,0.000000000000000000e+00
-6.745354652404785156e+00,-2.488173484802246094e+00,1.300000000000000000e+01,0.000000000000000000e+00
-6.669556617736816406e+00,-2.531032323837280273e+00,1.300000000000000000e+01,0.000000000000000000e+00
-6.672916412353515625e+00,-2.528768062591552734e+00,1.300000000000000000e+01,0.000000000000000000e+00
-7.030912399291992188e+00,-2.367280960083007812e+00,1.300000000000000000e+01,0.000000000000000000e+00
-3.785877466201782227e+00,-3.183133125305175781e+00,1.300000000000000000e+01,0.000000000000000000e+00
-5.342020511627197266e+00,-2.866949796676635742e+00,1.300000000000000000e+01,0.000000000000000000e+00
-3.919362545013427734e+00,-3.160100698471069336e+00,1.300000000000000000e+01,0.000000000000000000e+00
-7.062913417816162109e+00,-2.340750932693481445e+00,1.300000000000000000e+01,0.000000000000000000e+00
-5.700314998626708984e+00,-2.972842454910278320e+00,1.300000000000000000e+01,0.000000000000000000e+00
-4.096914291381835938e+00,-3.124519109725952148e+00,1.300000000000000000e+01,0.000000000000000000e+00
-6.646379947662353516e+00,-2.538630008697509766e+00,1.300000000000000000e+01,0.000000000000000000e+00
-7.150709629058837891e+00,-2.273977994918823242e+00,1.300000000000000000e+01,0.000000000000000000e+00
-5.575032234191894531e+00,-2.914027214050292969e+00,1.300000000000000000e+01,0.000000000000000000e+00
-7.206054210662841797e+00,-2.226850032806396484e+00,1.300000000000000000e+01,0.000000000000000000e+00
-5.707538127899169922e+00,-2.960434675216674805e+00,1.300000000000000000e+01,0.000000000000000000e+00
-5.752683639526367188e+00,-3.039787292480468750e+00,1.300000000000000000e+01,0.000000000000000000e+00
-5.772977828979492188e+00,-3.101369142532348633e+00,1.300000000000000000e+01,0.000000000000000000e+00
-7.023689270019531250e+00,-2.365050077438354492e+00,1.300000000000000000e+01,0.000000000000000000e+00
-7.050420284271240234e+00,-2.363475084304809570e+00,1.300000000000000000e+01,0.000000000000000000e+00
-4.399631023406982422e+00,-3.105241060256958008e+00,1.300000000000000000e+01,0.000000000000000000e+00
-6.461579799652099609e+00,-2.621361255645751953e+00,1.300000000000000000e+01,0.000000000000000000e+00
-7.202613830566406250e+00,-2.229852199554443359e+00,1.300000000000000000e+01,0.000000000000000000e+00
1.941169929504394531e+01,6.671556234359741211e-01,9.000000000000000000e+00,0.000000000000000000e+00
-4.589942455291748047e+00,-3.071902036666870117e+00,1.300000000000000000e+01,0.000000000000000000e+00
-4.888867378234863281e+00,-2.982798814773559570e+00,1.300000000000000000e+01,0.000000000000000000e+00
-5.681599617004394531e+00,-2.975117921829223633e+00,1.300000000000000000e+01,0.000000000000000000e+00
-6.979129791259765625e+00,-2.397191286087036133e+00,1.300000000000000000e+01,0.000000000000000000e+00
-6.321499347686767578e+00,-2.685852527618408203e+00,1.300000000000000000e+01,0.000000000000000000e+00
-6.387036323547363281e+00,-2.670547485351562500e+00,1.300000000000000000e+01,0.000000000000000000e+00
-5.655464172363281250e+00,-3.004080533981323242e+00,1.300000000000000000e+01,0.000000000000000000e+00
-5.542985916137695312e+00,-2.976118087768554688e+00,1.300000000000000000e+01,0.000000000000000000e+00
-5.753217220306396484e+00,-2.911011457443237305e+00,1.300000000000000000e+01,0.000000000000000000e+00
-5.782452583312988281e+00,-3.058663606643676758e+00,1.300000000000000000e+01,0.000000000000000000e+00
-6.634459495544433594e+00,-2.539257764816284180e+00,1.300000000000000000e+01,0.000000000000000000e+00
-5.745018959045410156e+00,-2.952680349349975586e+00,1.300000000000000000e+01,0.000000000000000000e+00
-5.289928913116455078e+00,-3.026328802108764648e+00,1.300000000000000000e+01,0.000000000000000000e+00
-6.752349376678466797e+00,-2.498573064804077148e+00,1.300000000000000000e+01,0.000000000000000000e+00
-3.966720581054687500e+00,-3.131456613540649414e+00,1.300000000000000000e+01,0.000000000000000000e+00
-3.827222824096679688e+00,-3.170124292373657227e+00,1.300000000000000000e+01,0.000000000000000000e+00
-4.534007072448730469e+00,-3.087001562118530273e+00,1.300000000000000000e+01,0.000000000000000000e+00
-6.527109146118164062e+00,-2.591270446777343750e+00,1.300000000000000000e+01,0.000000000000000000e+00
-3.870178461074829102e+00,-3.205431938171386719e+00,1.300000000000000000e+01,0.000000000000000000e+00
-5.677931308746337891e+00,-2.959276437759399414e+00,1.300000000000000000e+01,0.000000000000000000e+00
-5.714416980743408203e+00,-2.967979907989501953e+00,1.300000000000000000e+01,0.000000000000000000e+00
-4.867796421051025391e+00,-3.014795064926147461e+00,1.300000000000000000e+01,0.000000000000000000e+00
-3.883024215698242188e+00,-3.184798479080200195e+00,1.300000000000000000e+01,0.000000000000000000e+00
-7.089965343475341797e+00,-2.320561647415161133e+00,1.300000000000000000e+01,0.000000000000000000e+00
-7.108552932739257812e+00,-2.301856279373168945e+00,1.300000000000000000e+01,0.000000000000000000e+00
-5.533851146697998047e+00,-2.901005983352661133e+00,1.300000000000000000e+01,0.000000000000000000e+00
-5.782680511474609375e+00,-3.086075544357299805e+00,1.300000000000000000e+01,0.000000000000000000e+00
-5.627837657928466797e+00,-2.949765443801879883e+00,1.300000000000000000e+01,0.000000000000000000e+00
-5.008265018463134766e+00,-2.914345264434814453e+00,1.300000000000000000e+01,0.000000000000000000e+00
-5.276583671569824219e+00,-2.890322923660278320e+00,1.300000000000000000e+01,0.000000000000000000e+00
-4.642050743103027344e+00,-3.059152126312255859e+00,1.300000000000000000e+01,0.000000000000000000e+00
-4.612168312072753906e+00,-3.080787420272827148e+00,1.300000000000000000e+01,0.000000000000000000e+00
-3.879107952117919922e+00,-3.169570684432983398e+00,1.300000000000000000e+01,0.000000000000000000e+00
-7.100228309631347656e+00,-2.315675497055053711e+00,1.300000000000000000e+01,0.000000000000000000e+00
-5.312390327453613281e+00,-3.025788545608520508e+00,1.300000000000000000e+01,0.000000000000000000e+00
-7.143756866455078125e+00,-2.278372764587402344e+00,1.300000000000000000e+01,0.000000000000000000e+00
-5.647342681884765625e+00,-2.880991697311401367e+00,1.300000000000000000e+01,0.000000000000000000e+00
-3.995570898056030273e+00,-3.130466222763061523e+00,1.300000000000000000e+01,0.000000000000000000e+00
-5.698575019836425781e+00,-3.065701246261596680e+00,1.300000000000000000e+01,0.000000000000000000e+00
-7.179862976074218750e+00,-2.250876903533935547e+00,1.300000000000000000e+01,0.000000000000000000e+00
-5.883156299591064453e+00,-2.874337434768676758e+00,1.300000000000000000e+01,0.000000000000000000e+00
-4.017597675323486328e+00,-3.124864101409912109e+00,1.300000000000000000e+01,0.000000000000000000e+00
-6.618900299072265625e+00,-2.535551786422729492e+00,1.300000000000000000e+01,0.000000000000000000e+00
-6.942817211151123047e+00,-2.407392740249633789e+00,1.300000000000000000e+01,0.000000000000000000e+00
-3.804830074310302734e+00,-3.168543100357055664e+00,1.300000000000000000e+01,0.000000000000000000e+00
-5.147928714752197266e+00,-2.920891046524047852e+00,1.300000000000000000e+01,0.000000000000000000e+00
-7.106693267822265625e+00,-2.309092998504638672e+00,1.300000000000000000e+01,0.000000000000000000e+00
-7.065381050109863281e+00,-2.344107389450073242e+00,1.300000000000000000e+01,0.000000000000000000e+00
-5.462987899780273438e+00,-2.870078802108764648e+00,1.300000000000000000e+01,0.000000000000000000e+00
-3.842689752578735352e+00,-3.182114839553833008e+00,1.300000000000000000e+01,0.000000000000000000e+00
-5.664971828460693359e+00,-2.936055421829223633e+00,1.300000000000000000e+01,0.000000000000000000e+00
-5.658701419830322266e+00,-2.913692235946655273e+00,1.300000000000000000e+01,0.000000000000000000e+00
-7.083126544952392578e+00,-2.332402467727661133e+00,1.300000000000000000e+01,0.000000000000000000e+00
-5.374108791351318359e+00,-2.849604606628417969e+00,1.300000000000000000e+01,0.000000000000000000e+00
-5.687810420989990234e+00,-3.004192352294921875e+00,1.300000000000000000e+01,0.000000000000000000e+00
-3.827102184295654297e+00,-3.213801145553588867e+00,1.300000000000000000e+01,0.000000000000000000e+00
-3.916765213012695312e+00,-3.162716150283813477e+00,1.300000000000000000e+01,0.000000000000000000e+00
-5.563687801361083984e+00,-3.015643358230590820e+00,1.300000000000000000e+01,0.000000000000000000e+00
-6.964121818542480469e+00,-2.397019386291503906e+00,1.300000000000000000e+01,0.000000000000000000e+00
-6.518303394317626953e+00,-2.598660230636596680e+00,1.300000000000000000e+01,0.000000000000000000e+00
-6.333690643310546875e+00,-2.687395095825195312e+00,1.300000000000000000e+01,0.000000000000000000e+00
-6.571310520172119141e+00,-2.562444210052490234e+00,1.300000000000000000e+01,0.000000000000000000e+00
-4.410103321075439453e+00,-3.097530126571655273e+00,1.300000000000000000e+01,0.000000000000000000e+00
-4.642075538635253906e+00,-3.064298152923583984e+00,1.300000000000000000e+01,0.000000000000000000e+00
-5.045486450195312500e+00,-2.911053419113159180e+00,1.300000000000000000e+01,0.000000000000000000e+00
-6.554376602172851562e+00,-2.572600841522216797e+00,1.300000000000000000e+01,0.000000000000000000e+00
-6.927732467651367188e+00,-2.415627002716064453e+00,1.300000000000000000e+01,0.000000000000000000e+00
-4.826566219329833984e+00,-3.042004108428955078e+00,1.300000000000000000e+01,0.000000000000000000e+00
-7.182880878448486328e+00,-2.246656656265258789e+00,1.300000000000000000e+01,0.000000000000000000e+00
-7.165691375732421875e+00,-2.259072065353393555e+00,1.300000000000000000e+01,0.000000000000000000e+00
-5.218346118927001953e+00,-2.862547397613525391e+00,1.300000000000000000e+01,0.000000000000000000e+00
-4.602050304412841797e+00,-3.069967985153198242e+00,1.300000000000000000e+01,0.000000000000000000e+00
-3.894726514816284180e+00,-3.172156095504760742e+00,1.300000000000000000e+01,0.000000000000000000e+00
-5.874876499176025391e+00,-2.794364929199218750e+00,1.300000000000000000e+01,0.000000000000000000e+00
-3.908042669296264648e+00,-3.224494457244873047e+00,1.300000000000000000e+01,0.000000000000000000e+00
-5.078260898590087891e+00,-3.014919042587280273e+00,1.300000000000000000e+01,0.000000000000000000e+00
-5.754028797149658203e+00,-3.045096397399902344e+00,1.300000000000000000e+01,0.000000000000000000e+00
-4.351089477539062500e+00,-3.087288379669189453e+00,1.300000000000000000e+01,0.000000000000000000e+00
-3.785014390945434570e+00,-3.168328523635864258e+00,1.300000000000000000e+01,0.000000000000000000e+00
-6.612788677215576172e+00,-2.554954051971435547e+00,1.300000000000000000e+01,0.000000000000000000e+00
-5.578833580017089844e+00,-2.957735776901245117e+00,1.300000000000000000e+01,0.000000000000000000e+00
-4.923241138458251953e+00,-2.981163978576660156e+00,1.300000000000000000e+01,0.000000000000000000e+00
-4.401301383972167969e+00,-3.095203399658203125e+00,1.300000000000000000e+01,0.000000000000000000e+00
-7.065333843231201172e+00,-2.336246490478515625e+00,1.300000000000000000e+01,0.000000000000000000e+00
-6.458709716796875000e+00,-2.621155977249145508e+00,1.300000000000000000e+01,0.000000000000000000e+00
-3.812437295913696289e+00,-3.174816608428955078e+00,1.300000000000000000e+01,0.000000000000000000e+00
-7.220078468322753906e+00,-2.219440460205078125e+00,1.300000000000000000e+01,0.000000000000000000e+00
-4.399779319763183594e+00,-3.107498884201049805e+00,1.300000000000000000e+01,0.000000000000000000e+00
-5.364318370819091797e+00,-2.897393465042114258e+00,1.300000000000000000e+01,0.000000000000000000e+00
-5.639119148254394531e+00,-2.933909654617309570e+00,1.300000000000000000e+01,0.000000000000000000e+00
-6.977662086486816406e+00,-2.392266035079956055e+00,1.300000000000000000e+01,0.000000000000000000e+00
-5.771024703979492188e+00,-3.036361455917358398e+00,1.300000000000000000e+01,0.000000000000000000e+00
-5.653505325317382812e+00,-2.930303335189819336e+00,1.300000000000000000e+01,0.000000000000000000e+00
-7.076077938079833984e+00,-2.317267894744873047e+00,1.300000000000000000e+01,0.000000000000000000e+00
-7.092244625091552734e+00,-2.325599670410156250e+00,1.300000000000000000e+01,0.000000000000000000e+00
-5.682585716247558594e+00,-3.003511190414428711e+00,1.300000000000000000e+01,0.000000000000000000e+00
-7.025550365447998047e+00,-2.361371278762817383e+00,1.300000000000000000e+01,0.000000000000000000e+00
-6.962628364562988281e+00,-2.399248838424682617e+00,1.300000000000000000e+01,0.000000000000000000e+00
-5.769132137298583984e+00,-3.052780628204345703e+00,1.300000000000000000e+01,0.000000000000000000e+00
-4.859737396240234375e+00,-3.019760608673095703e+00,1.300000000000000000e+01,0.000000000000000000e+00
-5.187337398529052734e+00,-3.061176300048828125e+00,1.300000000000000000e+01,0.000000000000000000e+00
-6.460642814636230469e+00,-2.618689298629760742e+00,1.300000000000000000e+01,0.000000000000000000e+00
-3.971914291381835938e+00,-3.146317481994628906e+00,1.300000000000000000e+01,0.000000000000000000e+00
-5.334059238433837891e+00,-2.888001203536987305e+00,1.300000000000000000e+01,0.000000000000000000e+00
-3.994170665740966797e+00,-3.154412746429443359e+00,1.300000000000000000e+01,0.000000000000000000e+00
-5.022021770477294922e+00,-2.911096334457397461e+00,1.300000000000000000e+01,0.000000000000000000e+00
-4.534899234771728516e+00,-3.072449922561645508e+00,1.300000000000000000e+01,0.000000000000000000e+00
-5.363213539123535156e+00,-2.830733776092529297e+00,1.300000000000000000e+01,0.000000000000000000e+00
-5.205803394317626953e+00,-2.880269050598144531e+00,1.300000000000000000e+01,0.000000000000000000e+00
-6.548826217651367188e+00,-2.582096099853515625e+00,1.300000000000000000e+01,0.000000000000000000e+00
-6.982574462890625000e+00,-2.409029960632324219e+00,1.300000000000000000e+01,0.000000000000000000e+00
-4.786294937133789062e+00,-3.054336309432983398e+00,1.300000000000000000e+01,0.000000000000000000e+00
-7.233306884765625000e+00,-2.204819202423095703e+00,1.300000000000000000e+01,0.000000000000000000e+00
-4.567922592163085938e+00,-3.081280946731567383e+00,1.300000000000000000e+01,0.000000000000000000e+00
-3.845252752304077148e+00,-3.178958177566528320e+00,1.300000000000000000e+01,0.000000000000000000e+00
-5.153863906860351562e+00,-2.914781332015991211e+00,1.300000000000000000e+01,0.000000000000000000e+00
-5.018079757690429688e+00,-2.927379131317138672e+00,1.300000000000000000e+01,0.000000000000000000e+00
-6.997188091278076172e+00,-2.383438110351562500e+00,1.300000000000000000e+01,0.000000000000000000e+00
-6.663952350616455078e+00,-2.540671348571777344e+00,1.300000000000000000e+01,0.000000000000000000e+00
-5.634508132934570312e+00,-2.959809064865112305e+00,1.300000000000000000e+01,0.000000000000000000e+00
-4.115407466888427734e+00,-3.131087064743041992e+00,1.300000000000000000e+01,0.000000000000000000e+00
-7.136249542236328125e+00,-2.289458990097045898e+00,1.300000000000000000e+01,0.000000000000000000e+00
-6.672223091125488281e+00,-2.534609794616699219e+00,1.300000000000000000e+01,0.000000000000000000e+00
-7.200642585754394531e+00,-2.233407735824584961e+00,1.300000000000000000e+01,0.000000000000000000e+00
-6.745861053466796875e+00,-2.464566469192504883e+00,1.300000000000000000e+01,0.000000000000000000e+00
-4.370277404785156250e+00,-3.115315914154052734e+00,1.300000000000000000e+01,0.000000000000000000e+00
-6.510397434234619141e+00,-2.593066930770874023e+00,1.300000000000000000e+01,0.000000000000000000e+00
1.280595779418945312e+01,1.070196914672851562e+01,1.400000000000000000e+01,0.000000000000000000e+00
1.395839786529541016e+01,1.011336612701416016e+01,1.400000000000000000e+01,0.000000000000000000e+00
1.380637454986572266e+01,1.019017791748046875e+01,1.400000000000000000e+01,0.000000000000000000e+00
1.248229122161865234e+01,1.104041194915771484e+01,1.400000000000000000e+01,0.000000000000000000e+00
1.260064315795898438e+01,1.090662670135498047e+01,1.400000000000000000e+01,0.000000000000000000e+00
1.378638076782226562e+01,1.018739032745361328e+01,1.400000000000000000e+01,0.000000000000000000e+00
1.366920280456542969e+01,1.025949001312255859e+01,1.400000000000000000e+01,0.000000000000000000e+00
1.390869331359863281e+01,1.012307739257812500e+01,1.400000000000000000e+01,0.000000000000000000e+00
1.394796180725097656e+01,1.010549545288085938e+01,1.400000000000000000e+01,0.000000000000000000e+00
1.430951404571533203e+01,9.967693328857421875e+00,1.400000000000000000e+01,0.000000000000000000e+00
2.719091415405273438e+01,1.670350074768066406e+00,1.100000000000000000e+01,0.000000000000000000e+00
1.422785663604736328e+01,9.996870040893554688e+00,1.400000000000000000e+01,0.000000000000000000e+00
1.445389080047607422e+01,9.880634307861328125e+00,1.400000000000000000e+01,0.000000000000000000e+00
1.275658416748046875e+01,1.074440860748291016e+01,1.400000000000000000e+01,0.000000000000000000e+00
1.369486045837402344e+01,1.028568935394287109e+01,1.400000000000000000e+01,0.000000000000000000e+00
1.252707672119140625e+01,1.099635028839111328e+01,1.400000000000000000e+01,0.000000000000000000e+00
1.173523330688476562e+01,1.057825374603271484e+01,9.000000000000000000e+00,0.000000000000000000e+00
1.290857696533203125e+01,1.064542102813720703e+01,1.400000000000000000e+01,0.000000000000000000e+00
1.253561782836914062e+01,1.098276042938232422e+01,1.400000000000000000e+01,0.000000000000000000e+00
1.378483200073242188e+01,1.020116138458251953e+01,1.400000000000000000e+01,0.000000000000000000e+00
1.435881996154785156e+01,9.948659896850585938e+00,1.400000000000000000e+01,0.000000000000000000e+00
1.369083976745605469e+01,1.026354217529296875e+01,1.400000000000000000e+01,0.000000000000000000e+00
1.441722869873046875e+01,9.907424926757812500e+00,1.400000000000000000e+01,0.000000000000000000e+00
2.719942283630371094e+01,1.669450640678405762e+00,1.100000000000000000e+01,0.000000000000000000e+00
1.161877918243408203e+01,1.053266716003417969e+01,1.500000000000000000e+01,0.000000000000000000e+00
1.180903816223144531e+01,1.060923385620117188e+01,9.000000000000000000e+00,0.000000000000000000e+00
1.378993129730224609e+01,1.017623901367187500e+01,1.400000000000000000e+01,0.000000000000000000e+00
1.166083812713623047e+01,1.055119228363037109e+01,1.500000000000000000e+01,0.000000000000000000e+00
1.248931694030761719e+01,1.103784942626953125e+01,1.400000000000000000e+01,0.000000000000000000e+00
1.281554412841796875e+01,1.069056606292724609e+01,1.400000000000000000e+01,0.000000000000000000e+00
1.418413257598876953e+01,1.001460838317871094e+01,1.400000000000000000e+01,0.000000000000000000e+00
1.386121177673339844e+01,1.016357803344726562e+01,1.400000000000000000e+01,0.000000000000000000e+00
1.253106403350830078e+01,1.080119323730468750e+01,1.400000000000000000e+01,0.000000000000000000e+00
1.161469745635986328e+01,1.053081989288330078e+01,1.500000000000000000e+01,0.000000000000000000e+00
1.387987232208251953e+01,1.018978881835937500e+01,1.400000000000000000e+01,0.000000000000000000e+00
1.433433437347412109e+01,9.959123611450195312e+00,1.400000000000000000e+01,0.000000000000000000e+00
1.368896198272705078e+01,1.024366188049316406e+01,1.400000000000000000e+01,0.000000000000000000e+00
1.403358840942382812e+01,1.006479930877685547e+01,1.400000000000000000e+01,0.000000000000000000e+00
1.163690662384033203e+01,1.054095077514648438e+01,1.500000000000000000e+01,0.000000000000000000e+00
1.447363853454589844e+01,9.874750137329101562e+00,1.400000000000000000e+01,0.000000000000000000e+00
1.424516391754150391e+01,9.973267555236816406e+00,1.400000000000000000e+01,0.000000000000000000e+00
1.369493389129638672e+01,1.024539947509765625e+01,1.400000000000000000e+01,0.000000000000000000e+00
1.265334796905517578e+01,1.084866333007812500e+01,1.400000000000000000e+01,0.000000000000000000e+00
1.377242279052734375e+01,1.017975997924804688e+01,1.400000000000000000e+01,0.000000000000000000e+00
1.195043468475341797e+01,1.064235496520996094e+01,9.000000000000000000e+00,0.000000000000000000e+00
1.328064823150634766e+01,1.046331214904785156e+01,1.400000000000000000e+01,0.000000000000000000e+00
1.372214698791503906e+01,1.023893737792968750e+01,1.400000000000000000e+01,0.000000000000000000e+00
1.447293663024902344e+01,9.868169784545898438e+00,1.400000000000000000e+01,0.000000000000000000e+00
1.439915370941162109e+01,9.908879280090332031e+00,1.400000000000000000e+01,0.000000000000000000e+00
2.719915962219238281e+01,1.669448018074035645e+00,1.100000000000000000e+01,0.000000000000000000e+00
1.332870960235595703e+01,1.044279003143310547e+01,1.400000000000000000e+01,0.000000000000000000e+00
1.446898460388183594e+01,9.875412940979003906e+00,1.400000000000000000e+01,0.000000000000000000e+00
1.277165985107421875e+01,1.071418952941894531e+01,1.400000000000000000e+01,0.000000000000000000e+00
1.393384838104248047e+01,1.011869621276855469e+01,1.400000000000000000e+01,0.000000000000000000e+00
1.243754482269287109e+01,1.067899036407470703e+01,9.000000000000000000e+00,0.000000000000000000e+00
1.445724391937255859e+01,9.885560035705566406e+00,1.400000000000000000e+01,0.000000000000000000e+00
1.161821365356445312e+01,1.053037548065185547e+01,9.000000000000000000e+00,0.000000000000000000e+00
1.165586280822753906e+01,1.054747867584228516e+01,1.500000000000000000e+01,0.000000000000000000e+00
1.419637393951416016e+01,1.001467323303222656e+01,1.400000000000000000e+01,0.000000000000000000e+00
1.443953704833984375e+01,9.902270317077636719e+00,1.400000000000000000e+01,0.000000000000000000e+00
1.280632400512695312e+01,1.070568561553955078e+01,1.400000000000000000e+01,0.000000000000000000e+00
1.165154647827148438e+01,1.054372501373291016e+01,1.500000000000000000e+01,0.000000000000000000e+00
1.252757930755615234e+01,1.096734142303466797e+01,1.400000000000000000e+01,0.000000000000000000e+00
1.273666858673095703e+01,1.076312637329101562e+01,1.400000000000000000e+01,0.000000000000000000e+00
1.445698738098144531e+01,9.872022628784179688e+00,1.400000000000000000e+01,0.000000000000000000e+00
1.249354362487792969e+01,1.103598690032958984e+01,1.400000000000000000e+01,0.000000000000000000e+00
1.272893238067626953e+01,1.076677227020263672e+01,1.400000000000000000e+01,0.000000000000000000e+00
1.411776638031005859e+01,1.005008983612060547e+01,1.400000000000000000e+01,0.000000000000000000e+00
1.330821132659912109e+01,1.045049381256103516e+01,1.400000000000000000e+01,0.000000000000000000e+00
1.437519359588623047e+01,9.947506904602050781e+00,1.400000000000000000e+01,0.000000000000000000e+00
1.256407546997070312e+01,1.095367908477783203e+01,1.400000000000000000e+01,0.000000000000000000e+00
1.414796638488769531e+01,1.004011249542236328e+01,1.400000000000000000e+01,0.000000000000000000e+00
1.254327678680419922e+01,1.097087478637695312e+01,1.400000000000000000e+01,0.000000000000000000e+00
1.380772399902343750e+01,1.019824790954589844e+01,1.400000000000000000e+01,0.000000000000000000e+00
1.439643955230712891e+01,9.929542541503906250e+00,1.400000000000000000e+01,0.000000000000000000e+00
2.719871330261230469e+01,1.669922709465026855e+00,1.100000000000000000e+01,0.000000000000000000e+00
1.446655845642089844e+01,9.874617576599121094e+00,1.400000000000000000e+01,0.000000000000000000e+00
1.289521217346191406e+01,1.065446472167968750e+01,1.400000000000000000e+01,0.000000000000000000e+00
1.446361255645751953e+01,9.872758865356445312e+00,1.400000000000000000e+01,0.000000000000000000e+00
1.252180004119873047e+01,1.103225898742675781e+01,9.000000000000000000e+00,0.000000000000000000e+00
1.362030887603759766e+01,1.034175586700439453e+01,1.400000000000000000e+01,0.000000000000000000e+00
1.245878410339355469e+01,1.107628059387207031e+01,1.400000000000000000e+01,0.000000000000000000e+00
1.388570404052734375e+01,1.013771915435791016e+01,1.400000000000000000e+01,0.000000000000000000e+00
1.444212150573730469e+01,9.887839317321777344e+00,1.400000000000000000e+01,0.000000000000000000e+00
1.412672901153564453e+01,1.004761505126953125e+01,1.400000000000000000e+01,0.000000000000000000e+00
1.364786624908447266e+01,1.030498409271240234e+01,1.400000000000000000e+01,0.000000000000000000e+00
1.165393352508544922e+01,1.054748916625976562e+01,1.500000000000000000e+01,0.000000000000000000e+00
1.357865715026855469e+01,1.033152103424072266e+01,1.400000000000000000e+01,0.000000000000000000e+00
1.383715152740478516e+01,1.016914081573486328e+01,1.400000000000000000e+01,0.000000000000000000e+00
1.266278076171875000e+01,1.084104919433593750e+01,1.400000000000000000e+01,0.000000000000000000e+00
1.298779773712158203e+01,1.060010719299316406e+01,1.400000000000000000e+01,0.000000000000000000e+00
1.256413364410400391e+01,1.092238140106201172e+01,9.000000000000000000e+00,0.000000000000000000e+00
1.300984668731689453e+01,1.058124351501464844e+01,1.400000000000000000e+01,0.000000000000000000e+00
2.719927978515625000e+01,1.669466018676757812e+00,1.100000000000000000e+01,0.000000000000000000e+00
1.330499649047851562e+01,1.045156383514404297e+01,1.400000000000000000e+01,0.000000000000000000e+00
1.329458427429199219e+01,1.045470237731933594e+01,1.400000000000000000e+01,0.000000000000000000e+00
1.276183795928955078e+01,1.072420215606689453e+01,1.400000000000000000e+01,0.000000000000000000e+00
1.405969619750976562e+01,1.006095409393310547e+01,1.400000000000000000e+01,0.000000000000000000e+00
1.407056427001953125e+01,1.006026935577392578e+01,1.400000000000000000e+01,0.000000000000000000e+00
1.424156188964843750e+01,1.000692844390869141e+01,1.400000000000000000e+01,0.000000000000000000e+00
1.331714820861816406e+01,1.044834136962890625e+01,1.400000000000000000e+01,0.000000000000000000e+00
1.410061931610107422e+01,1.005258560180664062e+01,1.400000000000000000e+01,0.000000000000000000e+00
1.248726367950439453e+01,1.099415874481201172e+01,1.400000000000000000e+01,0.000000000000000000e+00
1.175417900085449219e+01,1.061293029785156250e+01,1.500000000000000000e+01,0.000000000000000000e+00
1.437673187255859375e+01,9.944645881652832031e+00,1.400000000000000000e+01,0.000000000000000000e+00
1.371150779724121094e+01,1.025178050994873047e+01,1.400000000000000000e+01,0.000000000000000000e+00
1.295144844055175781e+01,1.060439777374267578e+01,1.400000000000000000e+01,0.000000000000000000e+00
1.164163303375244141e+01,1.054384899139404297e+01,1.500000000000000000e+01,0.000000000000000000e+00
1.426090431213378906e+01,9.942991256713867188e+00,1.400000000000000000e+01,0.000000000000000000e+00
1.254487800598144531e+01,1.091374301910400391e+01,1.400000000000000000e+01,0.000000000000000000e+00
1.382739830017089844e+01,1.016938781738281250e+01,1.400000000000000000e+01,0.000000000000000000e+00
1.268771553039550781e+01,1.074305629730224609e+01,1.400000000000000000e+01,0.000000000000000000e+00
1.327834320068359375e+01,1.047362232208251953e+01,9.000000000000000000e+00,0.000000000000000000e+00
1.443654251098632812e+01,9.885322570800781250e+00,1.400000000000000000e+01,0.000000000000000000e+00
1.410581874847412109e+01,1.003714275360107422e+01,1.400000000000000000e+01,0.000000000000000000e+00
2.719924163818359375e+01,1.669492244720458984e+00,1.100000000000000000e+01,0.000000000000000000e+00
1.261031150817871094e+01,1.072825145721435547e+01,1.400000000000000000e+01,0.000000000000000000e+00
1.438955879211425781e+01,9.911474227905273438e+00,1.400000000000000000e+01,0.000000000000000000e+00
1.204317951202392578e+01,1.067631053924560547e+01,9.000000000000000000e+00,0.000000000000000000e+00
1.383032703399658203e+01,1.016583633422851562e+01,1.400000000000000000e+01,0.000000000000000000e+00
1.164193344116210938e+01,1.054941082000732422e+01,1.500000000000000000e+01,0.000000000000000000e+00
1.252495193481445312e+01,1.098495483398437500e+01,1.400000000000000000e+01,0.000000000000000000e+00
1.332888507843017578e+01,1.043943595886230469e+01,1.400000000000000000e+01,0.000000000000000000e+00
1.378456020355224609e+01,1.019852638244628906e+01,1.400000000000000000e+01,0.000000000000000000e+00
1.380123329162597656e+01,1.018108081817626953e+01,1.400000000000000000e+01,0.000000000000000000e+00
1.184640502929687500e+01,1.061958217620849609e+01,9.000000000000000000e+00,0.000000000000000000e+00
1.158339309692382812e+01,1.051190376281738281e+01,1.500000000000000000e+01,0.000000000000000000e+00
1.370980072021484375e+01,1.024362754821777344e+01,1.400000000000000000e+01,0.000000000000000000e+00
1.382453155517578125e+01,1.016660404205322266e+01,1.400000000000000000e+01,0.000000000000000000e+00
1.382973480224609375e+01,1.016633987426757812e+01,1.400000000000000000e+01,0.000000000000000000e+00
1.383165168762207031e+01,1.016800022125244141e+01,1.400000000000000000e+01,0.000000000000000000e+00
2.719929313659667969e+01,1.669525742530822754e+00,1.100000000000000000e+01,0.000000000000000000e+00
1.256793403625488281e+01,1.094668865203857422e+01,9.000000000000000000e+00,0.000000000000000000e+00
1.247440814971923828e+01,1.104498004913330078e+01,1.400000000000000000e+01,0.000000000000000000e+00
1.275751304626464844e+01,1.069188976287841797e+01,1.400000000000000000e+01,0.000000000000000000e+00
1.246912384033203125e+01,1.105116939544677734e+01,1.400000000000000000e+01,0.000000000000000000e+00
2.719914817810058594e+01,1.669784069061279297e+00,1.100000000000000000e+01,0.000000000000000000e+00
1.421847915649414062e+01,1.000331401824951172e+01,1.400000000000000000e+01,0.000000000000000000e+00
1.339908599853515625e+01,1.040525436401367188e+01,1.400000000000000000e+01,0.000000000000000000e+00
1.357197380065917969e+01,1.033399772644042969e+01,1.400000000000000000e+01,0.000000000000000000e+00
1.176307964324951172e+01,1.059021091461181641e+01,9.000000000000000000e+00,0.000000000000000000e+00
1.250561523437500000e+01,1.101929664611816406e+01,1.400000000000000000e+01,0.000000000000000000e+00
1.392711734771728516e+01,1.012986755371093750e+01,1.400000000000000000e+01,0.000000000000000000e+00
1.164843273162841797e+01,1.055643653869628906e+01,1.500000000000000000e+01,0.000000000000000000e+00
1.287701797485351562e+01,1.064198970794677734e+01,1.400000000000000000e+01,0.000000000000000000e+00
1.250112724304199219e+01,1.102508068084716797e+01,1.400000000000000000e+01,0.000000000000000000e+00
1.269926452636718750e+01,1.067600345611572266e+01,1.400000000000000000e+01,0.000000000000000000e+00
1.249932289123535156e+01,1.099256515502929688e+01,1.400000000000000000e+01,0.000000000000000000e+00
1.378268814086914062e+01,1.022659301757812500e+01,1.400000000000000000e+01,0.000000000000000000e+00
1.259901905059814453e+01,1.080279350280761719e+01,1.400000000000000000e+01,0.000000000000000000e+00
1.161972236633300781e+01,1.053525447845458984e+01,1.500000000000000000e+01,0.000000000000000000e+00
1.264569950103759766e+01,1.085909271240234375e+01,1.400000000000000000e+01,0.000000000000000000e+00
1.249326133728027344e+01,1.102750682830810547e+01,1.400000000000000000e+01,0.000000000000000000e+00
1.269421768188476562e+01,1.079410552978515625e+01,1.400000000000000000e+01,0.000000000000000000e+00
1.247092628479003906e+01,1.105224990844726562e+01,1.400000000000000000e+01,0.000000000000000000e+00
1.447195816040039062e+01,9.874118804931640625e+00,1.400000000000000000e+01,0.000000000000000000e+00
1.378410911560058594e+01,1.020677852630615234e+01,1.400000000000000000e+01,0.000000000000000000e+00
1.182171726226806641e+01,1.062724208831787109e+01,9.000000000000000000e+00,0.000000000000000000e+00
1.264511871337890625e+01,1.076521968841552734e+01,1.400000000000000000e+01,0.000000000000000000e+00
1.283104228973388672e+01,1.068737697601318359e+01,1.400000000000000000e+01,0.000000000000000000e+00
2.719957923889160156e+01,1.669430136680603027e+00,1.100000000000000000e+01,0.000000000000000000e+00
1.375735473632812500e+01,1.021058750152587891e+01,1.400000000000000000e+01,0.000000000000000000e+00
1.395511341094970703e+01,1.011539745330810547e+01,1.400000000000000000e+01,0.000000000000000000e+00
1.161263656616210938e+01,1.052091884613037109e+01,1.500000000000000000e+01,0.000000000000000000e+00
1.278195285797119141e+01,1.073034191131591797e+01,1.400000000000000000e+01,0.000000000000000000e+00
1.434204864501953125e+01,9.951754570007324219e+00,1.400000000000000000e+01,0.000000000000000000e+00
1.281159973144531250e+01,1.069761943817138672e+01,1.400000000000000000e+01,0.000000000000000000e+00
1.442019271850585938e+01,9.929354667663574219e+00,1.400000000000000000e+01,0.000000000000000000e+00
1.262910175323486328e+01,1.088911628723144531e+01,1.400000000000000000e+01,0.000000000000000000e+00
1.388287734985351562e+01,1.016105937957763672e+01,1.400000000000000000e+01,0.000000000000000000e+00
1.276822376251220703e+01,1.074115371704101562e+01,1.400000000000000000e+01,0.000000000000000000e+00
1.192630672454833984e+01,1.064354133605957031e+01,1.400000000000000000e+01,0.000000000000000000e+00
1.446609497070312500e+01,9.878477096557617188e+00,1.400000000000000000e+01,0.000000000000000000e+00
1.382798957824707031e+01,1.018163776397705078e+01,1.400000000000000000e+01,0.000000000000000000e+00
1.380194759368896484e+01,1.019098949432373047e+01,1.400000000000000000e+01,0.000000000000000000e+00
1.202003383636474609e+01,1.065363693237304688e+01,9.000000000000000000e+00,0.000000000000000000e+00
1.272675228118896484e+01,1.077501106262207031e+01,1.400000000000000000e+01,0.000000000000000000e+00
1.374592399597167969e+01,1.023081207275390625e+01,1.400000000000000000e+01,0.000000000000000000e+00
1.249703216552734375e+01,1.103535556793212891e+01,1.400000000000000000e+01,0.000000000000000000e+00
2.719938850402832031e+01,1.669499993324279785e+00,1.100000000000000000e+01,0.000000000000000000e+00
1.284510231018066406e+01,1.065926933288574219e+01,1.400000000000000000e+01,0.000000000000000000e+00
1.278543567657470703e+01,1.070752811431884766e+01,1.400000000000000000e+01,0.000000000000000000e+00
1.446818828582763672e+01,9.876971244812011719e+00,1.400000000000000000e+01,0.000000000000000000e+00
1.327657508850097656e+01,1.046303272247314453e+01,1.400000000000000000e+01,0.000000000000000000e+00
1.442513465881347656e+01,9.905982971191406250e+00,1.400000000000000000e+01,0.000000000000000000e+00
1.279708290100097656e+01,1.071886730194091797e+01,1.400000000000000000e+01,0.000000000000000000e+00
1.287331390380859375e+01,1.066184043884277344e+01,1.400000000000000000e+01,0.000000000000000000e+00
1.252779960632324219e+01,1.099160099029541016e+01,1.400000000000000000e+01,0.000000000000000000e+00
1.281700038909912109e+01,1.068844604492187500e+01,1.400000000000000000e+01,0.000000000000000000e+00
1.289531517028808594e+01,1.063663864135742188e+01,1.400000000000000000e+01,0.000000000000000000e+00
1.353436279296875000e+01,1.028359127044677734e+01,1.400000000000000000e+01,0.000000000000000000e+00
1.398950862884521484e+01,1.011626815795898438e+01,1.400000000000000000e+01,0.000000000000000000e+00
1.366432189941406250e+01,1.025839614868164062e+01,1.400000000000000000e+01,0.000000000000000000e+00
1.163988590240478516e+01,1.054194259643554688e+01,1.500000000000000000e+01,0.000000000000000000e+00
1.381288337707519531e+01,1.017198181152343750e+01,1.400000000000000000e+01,0.000000000000000000e+00
1.404862308502197266e+01,1.007284069061279297e+01,1.400000000000000000e+01,0.000000000000000000e+00
1.250878524780273438e+01,1.101526546478271484e+01,1.400000000000000000e+01,0.000000000000000000e+00
1.281981658935546875e+01,1.069618225097656250e+01,1.400000000000000000e+01,0.000000000000000000e+00
1.372485923767089844e+01,1.024026679992675781e+01,1.400000000000000000e+01,0.000000000000000000e+00
1.317896270751953125e+01,1.052175521850585938e+01,1.400000000000000000e+01,0.000000000000000000e+00
1.338922214508056641e+01,1.041639804840087891e+01,1.400000000000000000e+01,0.000000000000000000e+00
1.161848545074462891e+01,1.053158473968505859e+01,1.500000000000000000e+01,0.000000000000000000e+00
1.301307964324951172e+01,1.058544254302978516e+01,1.400000000000000000e+01,0.000000000000000000e+00
1.423945045471191406e+01,9.992166519165039062e+00,1.400000000000000000e+01,0.000000000000000000e+00
2.719939041137695312e+01,1.669436573982238770e+00,1.100000000000000000e+01,0.000000000000000000e+00
1.402848625183105469e+01,1.007953453063964844e+01,1.400000000000000000e+01,0.000000000000000000e+00
2.719976234436035156e+01,1.669430732727050781e+00,1.100000000000000000e+01,0.000000000000000000e+00
1.387727737426757812e+01,1.013710975646972656e+01,1.400000000000000000e+01,0.000000000000000000e+00
1.169572067260742188e+01,1.056280708312988281e+01,9.000000000000000000e+00,0.000000000000000000e+00
1.441305637359619141e+01,9.920433044433593750e+00,1.400000000000000000e+01,0.000000000000000000e+00
4.305708885192871094e+00,-9.462740898132324219e+00,1.700000000000000000e+01,0.000000000000000000e+00
4.983315944671630859e+00,-8.514365196228027344e+00,1.700000000000000000e+01,0.000000000000000000e+00
5.050334930419921875e+00,-9.021888732910156250e+00,1.700000000000000000e+01,0.000000000000000000e+00
4.917384624481201172e+00,-8.920616149902343750e+00,1.700000000000000000e+01,0.000000000000000000e+00
4.354619979858398438e+00,-9.350694656372070312e+00,1.700000000000000000e+01,0.000000000000000000e+00
4.302484512329101562e+00,-9.639416694641113281e+00,1.700000000000000000e+01,0.000000000000000000e+00
4.196196079254150391e+00,-9.492193222045898438e+00,1.700000000000000000e+01,0.000000000000000000e+00
4.993759155273437500e+00,-9.044102668762207031e+00,1.700000000000000000e+01,0.000000000000000000e+00
4.216422080993652344e+00,-9.573678016662597656e+00,1.700000000000000000e+01,0.000000000000000000e+00
4.369363784790039062e+00,-8.660058021545410156e+00,1.700000000000000000e+01,0.000000000000000000e+00
5.427600860595703125e+00,-7.194915771484375000e+00,1.600000000000000000e+01,0.000000000000000000e+00
4.888864040374755859e+00,-8.577308654785156250e+00,1.700000000000000000e+01,0.000000000000000000e+00
4.279677867889404297e+00,-9.595423698425292969e+00,1.700000000000000000e+01,0.000000000000000000e+00
4.231394767761230469e+00,-9.481209754943847656e+00,1.700000000000000000e+01,0.000000000000000000e+00
4.274610042572021484e+00,-9.082248687744140625e+00,1.700000000000000000e+01,0.000000000000000000e+00
4.241637229919433594e+00,-9.542995452880859375e+00,1.700000000000000000e+01,0.000000000000000000e+00
4.285873889923095703e+00,-9.593101501464843750e+00,1.700000000000000000e+01,0.000000000000000000e+00
5.249642848968505859e+00,-8.195191383361816406e+00,9.000000000000000000e+00,0.000000000000000000e+00
4.885655403137207031e+00,-8.706480026245117188e+00,1.700000000000000000e+01,0.000000000000000000e+00
5.323453903198242188e+00,-8.347239494323730469e+00,1.700000000000000000e+01,0.000000000000000000e+00
4.560459136962890625e+00,-9.212175369262695312e+00,1.700000000000000000e+01,0.000000000000000000e+00
4.376832008361816406e+00,-8.647690773010253906e+00,1.700000000000000000e+01,0.000000000000000000e+00
5.313919544219970703e+00,-8.322711944580078125e+00,1.700000000000000000e+01,0.000000000000000000e+00
5.087574481964111328e+00,-8.348531723022460938e+00,1.700000000000000000e+01,0.000000000000000000e+00
4.362287521362304688e+00,-8.686740875244140625e+00,1.700000000000000000e+01,0.000000000000000000e+00
4.480456829071044922e+00,-8.593187332153320312e+00,1.700000000000000000e+01,0.000000000000000000e+00
5.426473140716552734e+00,-7.200414657592773438e+00,1.600000000000000000e+01,0.000000000000000000e+00
4.662364482879638672e+00,-8.709666252136230469e+00,1.700000000000000000e+01,0.000000000000000000e+00
4.301961898803710938e+00,-9.218969345092773438e+00,1.700000000000000000e+01,0.000000000000000000e+00
5.457096099853515625e+00,-7.152844905853271484e+00,1.600000000000000000e+01,0.000000000000000000e+00
4.429028511047363281e+00,-9.183073997497558594e+00,1.700000000000000000e+01,0.000000000000000000e+00
4.637870311737060547e+00,-9.165360450744628906e+00,1.700000000000000000e+01,0.000000000000000000e+00
5.068529605865478516e+00,-8.988684654235839844e+00,1.700000000000000000e+01,0.000000000000000000e+00
4.836852073669433594e+00,-8.751763343811035156e+00,1.700000000000000000e+01,0.000000000000000000e+00
5.458722114562988281e+00,-7.143971920013427734e+00,9.000000000000000000e+00,0.000000000000000000e+00
5.042517662048339844e+00,-8.820202827453613281e+00,1.700000000000000000e+01,0.000000000000000000e+00
4.301264286041259766e+00,-9.262557983398437500e+00,1.700000000000000000e+01,0.000000000000000000e+00
5.446907997131347656e+00,-7.162497997283935547e+00,1.600000000000000000e+01,0.000000000000000000e+00
4.773697853088378906e+00,-8.637342453002929688e+00,1.700000000000000000e+01,0.000000000000000000e+00
5.093029975891113281e+00,-8.957996368408203125e+00,9.000000000000000000e+00,0.000000000000000000e+00
4.387858390808105469e+00,-8.653922080993652344e+00,1.700000000000000000e+01,0.000000000000000000e+00
4.297054290771484375e+00,-9.235305786132812500e+00,1.700000000000000000e+01,0.000000000000000000e+00
5.024437427520751953e+00,-8.390959739685058594e+00,1.700000000000000000e+01,0.000000000000000000e+00
4.382945060729980469e+00,-8.655923843383789062e+00,1.700000000000000000e+01,0.000000000000000000e+00
4.380490779876708984e+00,-9.119710922241210938e+00,1.700000000000000000e+01,0.000000000000000000e+00
4.500902652740478516e+00,-9.151376724243164062e+00,1.700000000000000000e+01,0.000000000000000000e+00
4.883979797363281250e+00,-8.657558441162109375e+00,1.700000000000000000e+01,0.000000000000000000e+00
4.352190971374511719e+00,-8.739212989807128906e+00,1.700000000000000000e+01,0.000000000000000000e+00
4.778849124908447266e+00,-8.677939414978027344e+00,1.700000000000000000e+01,0.000000000000000000e+00
4.796134948730468750e+00,-8.872628211975097656e+00,1.700000000000000000e+01,0.000000000000000000e+00
5.294451713562011719e+00,-8.313373565673828125e+00,1.700000000000000000e+01,0.000000000000000000e+00
4.948753356933593750e+00,-8.641288757324218750e+00,1.700000000000000000e+01,0.000000000000000000e+00
4.876924514770507812e+00,-9.024641036987304688e+00,1.700000000000000000e+01,0.000000000000000000e+00
4.420224189758300781e+00,-9.300901412963867188e+00,1.700000000000000000e+01,0.000000000000000000e+00
5.210832595825195312e+00,-8.255031585693359375e+00,1.700000000000000000e+01,0.000000000000000000e+00
4.887488365173339844e+00,-8.536787033081054688e+00,1.700000000000000000e+01,0.000000000000000000e+00
5.085517883300781250e+00,-8.969511985778808594e+00,1.700000000000000000e+01,0.000000000000000000e+00
4.390175342559814453e+00,-9.220861434936523438e+00,1.700000000000000000e+01,0.000000000000000000e+00
4.351103305816650391e+00,-9.193899154663085938e+00,1.700000000000000000e+01,0.000000000000000000e+00
5.437455654144287109e+00,-7.183585166931152344e+00,1.600000000000000000e+01,0.000000000000000000e+00
4.972699642181396484e+00,-8.617439270019531250e+00,1.700000000000000000e+01,0.000000000000000000e+00
4.599174499511718750e+00,-8.966781616210937500e+00,1.700000000000000000e+01,0.000000000000000000e+00
4.731049537658691406e+00,-8.925622940063476562e+00,1.700000000000000000e+01,0.000000000000000000e+00
4.423560142517089844e+00,-9.197962760925292969e+00,1.700000000000000000e+01,0.000000000000000000e+00
5.014646053314208984e+00,-9.038841247558593750e+00,1.700000000000000000e+01,0.000000000000000000e+00
4.321079730987548828e+00,-9.537435531616210938e+00,1.700000000000000000e+01,0.000000000000000000e+00
4.681198120117187500e+00,-8.841737747192382812e+00,1.700000000000000000e+01,0.000000000000000000e+00
4.297625541687011719e+00,-9.605230331420898438e+00,1.700000000000000000e+01,0.000000000000000000e+00
5.089156150817871094e+00,-8.862854003906250000e+00,1.700000000000000000e+01,0.000000000000000000e+00
4.866747379302978516e+00,-8.458821296691894531e+00,1.700000000000000000e+01,0.000000000000000000e+00
5.421327590942382812e+00,-7.165155887603759766e+00,1.600000000000000000e+01,0.000000000000000000e+00
4.928916931152343750e+00,-9.103439331054687500e+00,1.700000000000000000e+01,0.000000000000000000e+00
4.362167358398437500e+00,-8.656308174133300781e+00,1.700000000000000000e+01,0.000000000000000000e+00
5.295734882354736328e+00,-8.254074096679687500e+00,1.700000000000000000e+01,0.000000000000000000e+00
4.520402908325195312e+00,-9.180279731750488281e+00,1.700000000000000000e+01,0.000000000000000000e+00
4.328708648681640625e+00,-9.646598815917968750e+00,1.700000000000000000e+01,0.000000000000000000e+00
4.921126365661621094e+00,-8.617269515991210938e+00,1.700000000000000000e+01,0.000000000000000000e+00
4.242079257965087891e+00,-9.502339363098144531e+00,1.700000000000000000e+01,0.000000000000000000e+00
4.878799438476562500e+00,-8.543170928955078125e+00,1.700000000000000000e+01,0.000000000000000000e+00
4.762738227844238281e+00,-8.548583984375000000e+00,1.700000000000000000e+01,0.000000000000000000e+00
5.306240081787109375e+00,-8.190480232238769531e+00,1.700000000000000000e+01,0.000000000000000000e+00
5.349841117858886719e+00,-8.318916320800781250e+00,1.700000000000000000e+01,0.000000000000000000e+00
4.887832641601562500e+00,-8.677761077880859375e+00,1.700000000000000000e+01,0.000000000000000000e+00
5.202533245086669922e+00,-8.232543945312500000e+00,1.700000000000000000e+01,0.000000000000000000e+00
5.466713428497314453e+00,-7.140911579132080078e+00,1.600000000000000000e+01,0.000000000000000000e+00
5.037620544433593750e+00,-8.920625686645507812e+00,1.700000000000000000e+01,0.000000000000000000e+00
4.824750900268554688e+00,-8.785626411437988281e+00,1.700000000000000000e+01,0.000000000000000000e+00
5.221604824066162109e+00,-8.189669609069824219e+00,9.000000000000000000e+00,0.000000000000000000e+00
4.264042854309082031e+00,-9.299916267395019531e+00,1.700000000000000000e+01,0.000000000000000000e+00
5.003437995910644531e+00,-8.929139137268066406e+00,1.700000000000000000e+01,0.000000000000000000e+00
4.329706192016601562e+00,-8.743842124938964844e+00,1.700000000000000000e+01,0.000000000000000000e+00
5.348969459533691406e+00,-7.413424491882324219e+00,1.600000000000000000e+01,0.000000000000000000e+00
4.520663738250732422e+00,-9.186623573303222656e+00,1.700000000000000000e+01,0.000000000000000000e+00
4.192893028259277344e+00,-9.517693519592285156e+00,1.700000000000000000e+01,0.000000000000000000e+00
4.844729423522949219e+00,-8.655252456665039062e+00,1.700000000000000000e+01,0.000000000000000000e+00
4.731115341186523438e+00,-8.739205360412597656e+00,1.700000000000000000e+01,0.000000000000000000e+00
4.897400379180908203e+00,-8.768255233764648438e+00,1.700000000000000000e+01,0.000000000000000000e+00
5.324513912200927734e+00,-8.209536552429199219e+00,1.700000000000000000e+01,0.000000000000000000e+00
4.897887229919433594e+00,-8.680803298950195312e+00,1.700000000000000000e+01,0.000000000000000000e+00
4.368090152740478516e+00,-9.197926521301269531e+00,1.700000000000000000e+01,0.000000000000000000e+00
5.151529312133789062e+00,-8.298124313354492188e+00,1.700000000000000000e+01,0.000000000000000000e+00
5.112823963165283203e+00,-8.855393409729003906e+00,1.700000000000000000e+01,0.000000000000000000e+00
4.351839542388916016e+00,-9.547621726989746094e+00,1.700000000000000000e+01,0.000000000000000000e+00
4.676660060882568359e+00,-8.738872528076171875e+00,1.700000000000000000e+01,0.000000000000000000e+00
4.346796512603759766e+00,-8.681568145751953125e+00,9.000000000000000000e+00,0.000000000000000000e+00
4.748782157897949219e+00,-9.125061035156250000e+00,1.700000000000000000e+01,0.000000000000000000e+00
5.404634952545166016e+00,-7.265409469604492188e+00,9.000000000000000000e+00,0.000000000000000000e+00
4.234076976776123047e+00,-9.566272735595703125e+00,1.700000000000000000e+01,0.000000000000000000e+00
4.409884452819824219e+00,-8.653739929199218750e+00,9.000000000000000000e+00,0.000000000000000000e+00
5.425193309783935547e+00,-7.194581031799316406e+00,1.600000000000000000e+01,0.000000000000000000e+00
4.321198463439941406e+00,-9.406473159790039062e+00,1.700000000000000000e+01,0.000000000000000000e+00
4.866697788238525391e+00,-8.491216659545898438e+00,1.700000000000000000e+01,0.000000000000000000e+00
5.314264297485351562e+00,-8.268275260925292969e+00,1.700000000000000000e+01,0.000000000000000000e+00
4.288868427276611328e+00,-9.480892181396484375e+00,1.700000000000000000e+01,0.000000000000000000e+00
4.220572471618652344e+00,-9.588294029235839844e+00,1.700000000000000000e+01,0.000000000000000000e+00
5.172338485717773438e+00,-8.236354827880859375e+00,1.700000000000000000e+01,0.000000000000000000e+00
4.713740825653076172e+00,-8.316397666931152344e+00,9.000000000000000000e+00,0.000000000000000000e+00
4.347868919372558594e+00,-8.709262847900390625e+00,1.700000000000000000e+01,0.000000000000000000e+00
5.069766521453857422e+00,-8.257050514221191406e+00,1.700000000000000000e+01,0.000000000000000000e+00
4.453836917877197266e+00,-9.389669418334960938e+00,1.700000000000000000e+01,0.000000000000000000e+00
4.292545318603515625e+00,-9.303404808044433594e+00,1.700000000000000000e+01,0.000000000000000000e+00
5.120140075683593750e+00,-8.288783073425292969e+00,1.700000000000000000e+01,0.000000000000000000e+00
5.454808235168457031e+00,-7.152129650115966797e+00,1.600000000000000000e+01,0.000000000000000000e+00
4.698243618011474609e+00,-8.724324226379394531e+00,1.700000000000000000e+01,0.000000000000000000e+00
4.840686798095703125e+00,-8.659388542175292969e+00,1.700000000000000000e+01,0.000000000000000000e+00
4.364329814910888672e+00,-8.741394996643066406e+00,1.700000000000000000e+01,0.000000000000000000e+00
4.306602001190185547e+00,-8.829679489135742188e+00,1.700000000000000000e+01,0.000000000000000000e+00
4.210789203643798828e+00,-9.539624214172363281e+00,1.700000000000000000e+01,0.000000000000000000e+00
5.435751438140869141e+00,-7.188330173492431641e+00,1.600000000000000000e+01,0.000000000000000000e+00
5.148223876953125000e+00,-8.277955055236816406e+00,1.700000000000000000e+01,0.000000000000000000e+00
4.336198806762695312e+00,-9.337517738342285156e+00,1.700000000000000000e+01,0.000000000000000000e+00
5.133079528808593750e+00,-8.228627204895019531e+00,1.700000000000000000e+01,0.000000000000000000e+00
4.303693294525146484e+00,-9.262630462646484375e+00,1.700000000000000000e+01,0.000000000000000000e+00
4.952104091644287109e+00,-8.372826576232910156e+00,1.700000000000000000e+01,0.000000000000000000e+00
4.307947635650634766e+00,-9.604423522949218750e+00,1.700000000000000000e+01,0.000000000000000000e+00
4.439402580261230469e+00,-8.661334037780761719e+00,1.700000000000000000e+01,0.000000000000000000e+00
4.580122947692871094e+00,-8.867964744567871094e+00,1.700000000000000000e+01,0.000000000000000000e+00
5.105448722839355469e+00,-8.275495529174804688e+00,1.700000000000000000e+01,0.000000000000000000e+00
4.377364158630371094e+00,-8.605190277099609375e+00,1.700000000000000000e+01,0.000000000000000000e+00
4.642834186553955078e+00,-9.163094520568847656e+00,1.700000000000000000e+01,0.000000000000000000e+00
4.300789833068847656e+00,-9.632679939270019531e+00,1.700000000000000000e+01,0.000000000000000000e+00
4.380569458007812500e+00,-9.577504158020019531e+00,1.700000000000000000e+01,0.000000000000000000e+00
5.439690113067626953e+00,-7.150731086730957031e+00,1.600000000000000000e+01,0.000000000000000000e+00
4.317336082458496094e+00,-9.592259407043457031e+00,1.700000000000000000e+01,0.000000000000000000e+00
5.054900169372558594e+00,-8.941740036010742188e+00,1.700000000000000000e+01,0.000000000000000000e+00
4.384091854095458984e+00,-8.725148200988769531e+00,1.700000000000000000e+01,0.000000000000000000e+00
4.412773609161376953e+00,-8.620920181274414062e+00,1.700000000000000000e+01,0.000000000000000000e+00
5.302587032318115234e+00,-8.222360610961914062e+00,1.700000000000000000e+01,0.000000000000000000e+00
4.795563220977783203e+00,-8.690840721130371094e+00,1.700000000000000000e+01,0.000000000000000000e+00
4.590808868408203125e+00,-9.358644485473632812e+00,1.700000000000000000e+01,0.000000000000000000e+00
4.408376693725585938e+00,-9.219075202941894531e+00,1.700000000000000000e+01,0.000000000000000000e+00
5.284399032592773438e+00,-8.290358543395996094e+00,1.700000000000000000e+01,0.000000000000000000e+00
5.015365123748779297e+00,-9.004901885986328125e+00,1.700000000000000000e+01,0.000000000000000000e+00
4.611296653747558594e+00,-9.109380722045898438e+00,1.700000000000000000e+01,0.000000000000000000e+00
4.820174694061279297e+00,-8.531359672546386719e+00,9.000000000000000000e+00,0.000000000000000000e+00
5.264256477355957031e+00,-8.248826026916503906e+00,1.700000000000000000e+01,0.000000000000000000e+00
4.829380989074707031e+00,-8.772698402404785156e+00,1.700000000000000000e+01,0.000000000000000000e+00
5.447504997253417969e+00,-7.160459518432617188e+00,1.600000000000000000e+01,0.000000000000000000e+00
4.548948287963867188e+00,-8.769224166870117188e+00,1.700000000000000000e+01,0.000000000000000000e+00
4.223743915557861328e+00,-9.452772140502929688e+00,1.700000000000000000e+01,0.000000000000000000e+00
4.218453884124755859e+00,-9.539583206176757812e+00,1.700000000000000000e+01,0.000000000000000000e+00
5.093136310577392578e+00,-8.952535629272460938e+00,1.700000000000000000e+01,0.000000000000000000e+00
5.447329521179199219e+00,-7.159678459167480469e+00,1.600000000000000000e+01,0.000000000000000000e+00
4.879613399505615234e+00,-8.561815261840820312e+00,1.700000000000000000e+01,0.000000000000000000e+00
5.243213653564453125e+00,-8.256052017211914062e+00,1.700000000000000000e+01,0.000000000000000000e+00
4.270624637603759766e+00,-9.588629722595214844e+00,1.700000000000000000e+01,0.000000000000000000e+00
5.228454589843750000e+00,-8.265774726867675781e+00,1.700000000000000000e+01,0.000000000000000000e+00
4.340145111083984375e+00,-8.716838836669921875e+00,9.000000000000000000e+00,0.000000000000000000e+00
4.299580574035644531e+00,-9.656019210815429688e+00,9.000000000000000000e+00,0.000000000000000000e+00
4.213365554809570312e+00,-9.516753196716308594e+00,1.700000000000000000e+01,0.000000000000000000e+00
4.264925479888916016e+00,-9.534836769104003906e+00,1.700000000000000000e+01,0.000000000000000000e+00
5.395838737487792969e+00,-7.286272525787353516e+00,9.000000000000000000e+00,0.000000000000000000e+00
4.507048130035400391e+00,-9.232615470886230469e+00,1.700000000000000000e+01,0.000000000000000000e+00
4.978974342346191406e+00,-9.035122871398925781e+00,1.700000000000000000e+01,0.000000000000000000e+00
4.931520938873291016e+00,-8.812904357910156250e+00,1.700000000000000000e+01,0.000000000000000000e+00
4.829951286315917969e+00,-8.692210197448730469e+00,1.700000000000000000e+01,0.000000000000000000e+00
5.296025753021240234e+00,-8.401093482971191406e+00,1.700000000000000000e+01,0.000000000000000000e+00
4.353881359100341797e+00,-9.527559280395507812e+00,1.700000000000000000e+01,0.000000000000000000e+00
4.310905456542968750e+00,-8.854958534240722656e+00,1.700000000000000000e+01,0.000000000000000000e+00
5.449952602386474609e+00,-7.154875278472900391e+00,1.600000000000000000e+01,0.000000000000000000e+00
5.227653503417968750e+00,-8.595984458923339844e+00,1.700000000000000000e+01,0.000000000000000000e+00
4.596499443054199219e+00,-8.775748252868652344e+00,1.700000000000000000e+01,0.000000000000000000e+00
4.489517211914062500e+00,-9.309761047363281250e+00,1.700000000000000000e+01,0.000000000000000000e+00
4.874506950378417969e+00,-8.518053054809570312e+00,1.700000000000000000e+01,0.000000000000000000e+00
4.801732540130615234e+00,-8.371665000915527344e+00,9.000000000000000000e+00,0.000000000000000000e+00
4.375604629516601562e+00,-9.422128677368164062e+00,1.700000000000000000e+01,0.000000000000000000e+00
4.887617111206054688e+00,-8.857635498046875000e+00,1.700000000000000000e+01,0.000000000000000000e+00
5.445048809051513672e+00,-7.163406372070312500e+00,9.000000000000000000e+00,0.000000000000000000e+00
4.994154453277587891e+00,-9.071266174316406250e+00,1.700000000000000000e+01,0.000000000000000000e+00
5.041531085968017578e+00,-8.384116172790527344e+00,1.700000000000000000e+01,0.000000000000000000e+00
5.454796314239501953e+00,-7.152263641357421875e+00,1.600000000000000000e+01,0.000000000000000000e+00
4.773702144622802734e+00,-8.737399101257324219e+00,1.700000000000000000e+01,0.000000000000000000e+00
4.548117160797119141e+00,-8.839570045471191406e+00,1.700000000000000000e+01,0.000000000000000000e+00
5.045775890350341797e+00,-8.945155143737792969e+00,1.700000000000000000e+01,0.000000000000000000e+00
5.312919139862060547e+00,-8.231882095336914062e+00,1.700000000000000000e+01,0.000000000000000000e+00
4.282796382904052734e+00,-9.119278907775878906e+00,1.700000000000000000e+01,0.000000000000000000e+00
5.312015056610107422e+00,-8.323948860168457031e+00,1.700000000000000000e+01,0.000000000000000000e+00
5.298163890838623047e+00,-8.329278945922851562e+00,1.700000000000000000e+01,0.000000000000000000e+00
1.289941883087158203e+01,1.062341403961181641e+01,1.400000000000000000e+01,0.000000000000000000e+00
5.451060295104980469e+00,-7.159030437469482422e+00,1.600000000000000000e+01,0.000000000000000000e+00
5.424056529998779297e+00,-7.247278690338134766e+00,9.000000000000000000e+00,0.000000000000000000e+00
4.486995220184326172e+00,-8.593675613403320312e+00,1.700000000000000000e+01,0.000000000000000000e+00
5.477022171020507812e+00,-7.161945343017578125e+00,9.000000000000000000e+00,0.000000000000000000e+00
4.607308387756347656e+00,-8.549624443054199219e+00,1.700000000000000000e+01,0.000000000000000000e+00
5.463714599609375000e+00,-7.143322467803955078e+00,1.600000000000000000e+01,0.000000000000000000e+00
4.623269557952880859e+00,-9.053504943847656250e+00,1.700000000000000000e+01,0.000000000000000000e+00
4.297028064727783203e+00,-9.608451843261718750e+00,1.700000000000000000e+01,0.000000000000000000e+00
5.175310134887695312e+00,-8.788209915161132812e+00,1.700000000000000000e+01,0.000000000000000000e+00
4.722708225250244141e+00,-9.009599685668945312e+00,1.700000000000000000e+01,0.000000000000000000e+00
4.800858497619628906e+00,-8.749495506286621094e+00,1.700000000000000000e+01,0.000000000000000000e+00
2.112266159057617188e+01,-2.546467781066894531e+00,2.000000000000000000e+01,0.000000000000000000e+00
2.176304054260253906e+01,-2.434872388839721680e+00,2.000000000000000000e+01,0.000000000000000000e+00
2.278021049499511719e+01,-2.978949308395385742e+00,2.000000000000000000e+01,0.000000000000000000e+00
2.102740859985351562e+01,-2.516184329986572266e+00,2.000000000000000000e+01,0.000000000000000000e+00
2.278614044189453125e+01,-2.969990968704223633e+00,2.000000000000000000e+01,0.000000000000000000e+00
2.101538658142089844e+01,-2.514169692993164062e+00,2.000000000000000000e+01,0.000000000000000000e+00
2.264966583251953125e+01,-2.822366237640380859e+00,2.000000000000000000e+01,0.000000000000000000e+00
2.257754516601562500e+01,-2.637058496475219727e+00,2.000000000000000000e+01,0.000000000000000000e+00
2.170821571350097656e+01,-2.700820446014404297e+00,2.000000000000000000e+01,0.000000000000000000e+00
2.066571617126464844e+01,-2.357638120651245117e+00,2.000000000000000000e+01,0.000000000000000000e+00
2.115774154663085938e+01,-2.515324831008911133e+00,2.000000000000000000e+01,0.000000000000000000e+00
2.265350532531738281e+01,-2.985549926757812500e+00,2.000000000000000000e+01,0.000000000000000000e+00
2.097150802612304688e+01,-2.485789060592651367e+00,2.000000000000000000e+01,0.000000000000000000e+00
2.181956863403320312e+01,-2.902533531188964844e+00,2.000000000000000000e+01,0.000000000000000000e+00
2.243059730529785156e+01,-2.661479949951171875e+00,2.000000000000000000e+01,0.000000000000000000e+00
2.283930587768554688e+01,-2.815614938735961914e+00,2.000000000000000000e+01,0.000000000000000000e+00
2.102011871337890625e+01,-2.482946872711181641e+00,2.000000000000000000e+01,0.000000000000000000e+00
2.229057884216308594e+01,-2.989053249359130859e+00,2.000000000000000000e+01,0.000000000000000000e+00
2.274223899841308594e+01,-2.635066270828247070e+00,2.000000000000000000e+01,0.000000000000000000e+00
2.205482101440429688e+01,-3.001632452011108398e+00,2.000000000000000000e+01,0.000000000000000000e+00
2.234756660461425781e+01,-3.016878604888916016e+00,2.000000000000000000e+01,0.000000000000000000e+00
2.155234718322753906e+01,-2.544410943984985352e+00,2.000000000000000000e+01,0.000000000000000000e+00
2.070203399658203125e+01,-2.349424839019775391e+00,2.000000000000000000e+01,0.000000000000000000e+00
2.225289154052734375e+01,-2.444285631179809570e+00,2.000000000000000000e+01,0.000000000000000000e+00
2.023939895629882812e+01,-6.853190660476684570e-01,9.000000000000000000e+00,0.000000000000000000e+00
2.230955505371093750e+01,-2.948092937469482422e+00,2.000000000000000000e+01,0.000000000000000000e+00
2.212015342712402344e+01,-2.996348381042480469e+00,2.000000000000000000e+01,0.000000000000000000e+00
2.252683448791503906e+01,-2.684380292892456055e+00,2.000000000000000000e+01,0.000000000000000000e+00
2.274930000305175781e+01,-2.646646022796630859e+00,2.000000000000000000e+01,0.000000000000000000e+00
2.223304176330566406e+01,-2.602375507354736328e+00,2.000000000000000000e+01,0.000000000000000000e+00
2.180546951293945312e+01,-2.442594051361083984e+00,2.000000000000000000e+01,0.000000000000000000e+00
2.200364875793457031e+01,-2.861861228942871094e+00,2.000000000000000000e+01,0.000000000000000000e+00
2.272105598449707031e+01,-2.854435682296752930e+00,9.000000000000000000e+00,0.000000000000000000e+00
2.176082038879394531e+01,-2.737541198730468750e+00,2.000000000000000000e+01,0.000000000000000000e+00
2.195417213439941406e+01,-2.447143316268920898e+00,2.000000000000000000e+01,0.000000000000000000e+00
2.223703956604003906e+01,-3.071418285369873047e+00,2.000000000000000000e+01,0.000000000000000000e+00
2.187923240661621094e+01,-2.845494985580444336e+00,2.000000000000000000e+01,0.000000000000000000e+00
2.275126266479492188e+01,-2.648523807525634766e+00,2.000000000000000000e+01,0.000000000000000000e+00
2.223025894165039062e+01,-3.037300825119018555e+00,2.000000000000000000e+01,0.000000000000000000e+00
2.099394798278808594e+01,-2.499762058258056641e+00,2.000000000000000000e+01,0.000000000000000000e+00
2.232667541503906250e+01,-2.801206350326538086e+00,2.000000000000000000e+01,0.000000000000000000e+00
2.226429748535156250e+01,-2.602515935897827148e+00,2.000000000000000000e+01,0.000000000000000000e+00
2.178541564941406250e+01,-2.453217744827270508e+00,2.000000000000000000e+01,0.000000000000000000e+00
2.230256843566894531e+01,-3.041208744049072266e+00,2.000000000000000000e+01,0.000000000000000000e+00
2.106957054138183594e+01,-2.496947526931762695e+00,2.000000000000000000e+01,0.000000000000000000e+00
2.226623344421386719e+01,-3.041780948638916016e+00,2.000000000000000000e+01,0.000000000000000000e+00
2.263299179077148438e+01,-3.031966209411621094e+00,2.000000000000000000e+01,0.000000000000000000e+00
2.243790817260742188e+01,-2.892033576965332031e+00,2.000000000000000000e+01,0.000000000000000000e+00
2.174272346496582031e+01,-2.711354255676269531e+00,2.000000000000000000e+01,0.000000000000000000e+00
2.158709335327148438e+01,-2.620507001876831055e+00,2.000000000000000000e+01,0.000000000000000000e+00
2.175721740722656250e+01,-2.879570245742797852e+00,2.000000000000000000e+01,0.000000000000000000e+00
2.263740730285644531e+01,-2.607739925384521484e+00,2.000000000000000000e+01,0.000000000000000000e+00
2.212003517150878906e+01,-2.423484325408935547e+00,2.000000000000000000e+01,0.000000000000000000e+00
2.098550987243652344e+01,-2.491866111755371094e+00,2.000000000000000000e+01,0.000000000000000000e+00
2.224599838256835938e+01,-2.503907918930053711e+00,2.000000000000000000e+01,0.000000000000000000e+00
2.264739799499511719e+01,-2.955156326293945312e+00,2.000000000000000000e+01,0.000000000000000000e+00
2.188601493835449219e+01,-2.769561767578125000e+00,2.000000000000000000e+01,0.000000000000000000e+00
2.157862663269042969e+01,-2.612718105316162109e+00,2.000000000000000000e+01,0.000000000000000000e+00
2.209737586975097656e+01,-2.571882009506225586e+00,2.000000000000000000e+01,0.000000000000000000e+00
2.275600624084472656e+01,-3.007779359817504883e+00,2.000000000000000000e+01,0.000000000000000000e+00
2.226952171325683594e+01,-3.023490428924560547e+00,2.000000000000000000e+01,0.000000000000000000e+00
2.184605598449707031e+01,-2.933100700378417969e+00,2.000000000000000000e+01,0.000000000000000000e+00
2.181136703491210938e+01,-2.726555585861206055e+00,2.000000000000000000e+01,0.000000000000000000e+00
2.179998016357421875e+01,-2.807820081710815430e+00,2.000000000000000000e+01,0.000000000000000000e+00
2.213240242004394531e+01,-2.998424768447875977e+00,2.000000000000000000e+01,0.000000000000000000e+00
2.177779197692871094e+01,-2.663438796997070312e+00,2.000000000000000000e+01,0.000000000000000000e+00
2.255296516418457031e+01,-2.852407217025756836e+00,2.000000000000000000e+01,0.000000000000000000e+00
2.003562545776367188e+01,-1.500689387321472168e+00,9.000000000000000000e+00,0.000000000000000000e+00
2.243989944458007812e+01,-3.008011102676391602e+00,2.000000000000000000e+01,0.000000000000000000e+00
2.220829963684082031e+01,-2.461405992507934570e+00,2.000000000000000000e+01,0.000000000000000000e+00
2.159855079650878906e+01,-2.635778665542602539e+00,2.000000000000000000e+01,0.000000000000000000e+00
2.132450294494628906e+01,-2.549074888229370117e+00,2.000000000000000000e+01,0.000000000000000000e+00
2.250752258300781250e+01,-2.428707838058471680e+00,2.000000000000000000e+01,0.000000000000000000e+00
2.271811676025390625e+01,-2.952938318252563477e+00,2.000000000000000000e+01,0.000000000000000000e+00
2.181269645690917969e+01,-2.837937831878662109e+00,2.000000000000000000e+01,0.000000000000000000e+00
2.182572174072265625e+01,-2.815184354782104492e+00,2.000000000000000000e+01,0.000000000000000000e+00
2.222356796264648438e+01,-2.816634416580200195e+00,2.000000000000000000e+01,0.000000000000000000e+00
2.095452308654785156e+01,-2.475617885589599609e+00,2.000000000000000000e+01,0.000000000000000000e+00
2.232711029052734375e+01,-2.462397575378417969e+00,2.000000000000000000e+01,0.000000000000000000e+00
2.107563018798828125e+01,-2.472274541854858398e+00,2.000000000000000000e+01,0.000000000000000000e+00
2.191865539550781250e+01,-2.893527269363403320e+00,2.000000000000000000e+01,0.000000000000000000e+00
2.255030632019042969e+01,-2.653884887695312500e+00,2.000000000000000000e+01,0.000000000000000000e+00
2.158638572692871094e+01,-2.612292766571044922e+00,2.000000000000000000e+01,0.000000000000000000e+00
2.256448745727539062e+01,-2.398947715759277344e+00,2.000000000000000000e+01,0.000000000000000000e+00
2.274775314331054688e+01,-2.728241682052612305e+00,2.000000000000000000e+01,0.000000000000000000e+00
2.145117187500000000e+01,-2.547407388687133789e+00,2.000000000000000000e+01,0.000000000000000000e+00
2.241630363464355469e+01,-2.582994461059570312e+00,2.000000000000000000e+01,0.000000000000000000e+00
2.184138298034667969e+01,-2.886769056320190430e+00,2.000000000000000000e+01,0.000000000000000000e+00
2.104638099670410156e+01,-2.540812730789184570e+00,2.000000000000000000e+01,0.000000000000000000e+00
2.269482803344726562e+01,-2.629689455032348633e+00,2.000000000000000000e+01,0.000000000000000000e+00
2.194947052001953125e+01,-2.890263319015502930e+00,2.000000000000000000e+01,0.000000000000000000e+00
2.142806434631347656e+01,-2.504336357116699219e+00,2.000000000000000000e+01,0.000000000000000000e+00
2.201682090759277344e+01,-2.921026468276977539e+00,2.000000000000000000e+01,0.000000000000000000e+00
2.233514213562011719e+01,-3.070699453353881836e+00,2.000000000000000000e+01,0.000000000000000000e+00
2.282679939270019531e+01,-2.862611055374145508e+00,2.000000000000000000e+01,0.000000000000000000e+00
2.173389434814453125e+01,-2.687216997146606445e+00,2.000000000000000000e+01,0.000000000000000000e+00
2.228278923034667969e+01,-2.439647197723388672e+00,2.000000000000000000e+01,0.000000000000000000e+00
2.173885917663574219e+01,-2.578411102294921875e+00,2.000000000000000000e+01,0.000000000000000000e+00
2.185284423828125000e+01,-2.909095048904418945e+00,2.000000000000000000e+01,0.000000000000000000e+00
2.068971443176269531e+01,-2.359306335449218750e+00,2.000000000000000000e+01,0.000000000000000000e+00
2.099978637695312500e+01,-2.511086940765380859e+00,2.000000000000000000e+01,0.000000000000000000e+00
2.270480155944824219e+01,-3.009859561920166016e+00,2.000000000000000000e+01,0.000000000000000000e+00
2.178766822814941406e+01,-2.702457189559936523e+00,2.000000000000000000e+01,0.000000000000000000e+00
2.266633033752441406e+01,-2.564834117889404297e+00,2.000000000000000000e+01,0.000000000000000000e+00
2.213955879211425781e+01,-2.399710416793823242e+00,2.000000000000000000e+01,0.000000000000000000e+00
2.109849739074707031e+01,-2.535834550857543945e+00,2.000000000000000000e+01,0.000000000000000000e+00
2.277131080627441406e+01,-2.956503391265869141e+00,2.000000000000000000e+01,0.000000000000000000e+00
2.259972190856933594e+01,-3.021202087402343750e+00,2.000000000000000000e+01,0.000000000000000000e+00
2.207322502136230469e+01,-2.447510004043579102e+00,9.000000000000000000e+00,0.000000000000000000e+00
2.265687370300292969e+01,-2.640911340713500977e+00,2.000000000000000000e+01,0.000000000000000000e+00
2.156122016906738281e+01,-2.577444076538085938e+00,2.000000000000000000e+01,0.000000000000000000e+00
2.277833366394042969e+01,-2.877989292144775391e+00,2.000000000000000000e+01,0.000000000000000000e+00
2.227004814147949219e+01,-2.751023769378662109e+00,2.000000000000000000e+01,0.000000000000000000e+00
2.277842140197753906e+01,-2.651849508285522461e+00,2.000000000000000000e+01,0.000000000000000000e+00
2.262944602966308594e+01,-2.701705217361450195e+00,2.000000000000000000e+01,0.000000000000000000e+00
2.261227035522460938e+01,-2.408224105834960938e+00,2.000000000000000000e+01,0.000000000000000000e+00
2.103641700744628906e+01,-2.484244108200073242e+00,2.000000000000000000e+01,0.000000000000000000e+00
2.181258773803710938e+01,-2.819035053253173828e+00,2.000000000000000000e+01,0.000000000000000000e+00
2.225414848327636719e+01,-2.335776329040527344e+00,2.000000000000000000e+01,0.000000000000000000e+00
2.170442199707031250e+01,-2.637074470520019531e+00,2.000000000000000000e+01,0.000000000000000000e+00
2.220767021179199219e+01,-2.437266349792480469e+00,2.000000000000000000e+01,0.000000000000000000e+00
2.181988143920898438e+01,-2.588329076766967773e+00,2.000000000000000000e+01,0.000000000000000000e+00
2.223459053039550781e+01,-3.008494138717651367e+00,2.000000000000000000e+01,0.000000000000000000e+00
2.278317642211914062e+01,-2.697409629821777344e+00,2.000000000000000000e+01,0.000000000000000000e+00
2.182517433166503906e+01,-2.857105255126953125e+00,2.000000000000000000e+01,0.000000000000000000e+00
2.186648368835449219e+01,-2.898663520812988281e+00,2.000000000000000000e+01,0.000000000000000000e+00
2.282436370849609375e+01,-2.748317480087280273e+00,2.000000000000000000e+01,0.000000000000000000e+00
2.101065635681152344e+01,-2.466839313507080078e+00,2.000000000000000000e+01,0.000000000000000000e+00
2.216092300415039062e+01,-3.040500164031982422e+00,2.000000000000000000e+01,0.000000000000000000e+00
2.263350486755371094e+01,-2.464473247528076172e+00,2.000000000000000000e+01,0.000000000000000000e+00
2.215377616882324219e+01,-2.447593688964843750e+00,2.000000000000000000e+01,0.000000000000000000e+00
2.278556632995605469e+01,-2.879047393798828125e+00,2.000000000000000000e+01,0.000000000000000000e+00
2.093998527526855469e+01,-2.476462841033935547e+00,2.000000000000000000e+01,0.000000000000000000e+00
2.224064826965332031e+01,-2.494237184524536133e+00,2.000000000000000000e+01,0.000000000000000000e+00
2.192778587341308594e+01,-2.789017915725708008e+00,2.000000000000000000e+01,0.000000000000000000e+00
2.064624977111816406e+01,-2.396576881408691406e+00,2.000000000000000000e+01,0.000000000000000000e+00
2.261185264587402344e+01,-2.795168638229370117e+00,2.000000000000000000e+01,0.000000000000000000e+00
2.058178329467773438e+01,-2.389382600784301758e+00,2.000000000000000000e+01,0.000000000000000000e+00
2.226796531677246094e+01,-3.112137079238891602e+00,2.000000000000000000e+01,0.000000000000000000e+00
2.192550086975097656e+01,-2.512967109680175781e+00,9.000000000000000000e+00,0.000000000000000000e+00
2.171946144104003906e+01,-2.486305713653564453e+00,2.000000000000000000e+01,0.000000000000000000e+00
2.286645317077636719e+01,-2.863300085067749023e+00,2.000000000000000000e+01,0.000000000000000000e+00
2.092543029785156250e+01,-2.458963632583618164e+00,2.000000000000000000e+01,0.000000000000000000e+00
2.165744018554687500e+01,-2.658439397811889648e+00,2.000000000000000000e+01,0.000000000000000000e+00
2.231700515747070312e+01,-3.021836280822753906e+00,2.000000000000000000e+01,0.000000000000000000e+00
2.176959037780761719e+01,-2.869814395904541016e+00,2.000000000000000000e+01,0.000000000000000000e+00
2.130986595153808594e+01,-2.535236120223999023e+00,2.000000000000000000e+01,0.000000000000000000e+00
2.070786857604980469e+01,-2.411353349685668945e+00,2.000000000000000000e+01,0.000000000000000000e+00
2.235887336730957031e+01,-2.749351263046264648e+00,2.000000000000000000e+01,0.000000000000000000e+00
2.152890777587890625e+01,-2.482984542846679688e+00,2.000000000000000000e+01,0.000000000000000000e+00
2.271898269653320312e+01,-2.989108800888061523e+00,2.000000000000000000e+01,0.000000000000000000e+00
1.864799308776855469e+01,-3.266095876693725586e+00,9.000000000000000000e+00,0.000000000000000000e+00
2.240024948120117188e+01,-2.687023878097534180e+00,2.000000000000000000e+01,0.000000000000000000e+00
2.149046707153320312e+01,-2.537676095962524414e+00,2.000000000000000000e+01,0.000000000000000000e+00
2.184855842590332031e+01,-2.797573328018188477e+00,9.000000000000000000e+00,0.000000000000000000e+00
2.229385375976562500e+01,-3.031006574630737305e+00,2.000000000000000000e+01,0.000000000000000000e+00
2.239846420288085938e+01,-2.224959611892700195e+00,9.000000000000000000e+00,0.000000000000000000e+00
2.174291610717773438e+01,-2.651534557342529297e+00,2.000000000000000000e+01,0.000000000000000000e+00
2.274080276489257812e+01,-3.013991832733154297e+00,2.000000000000000000e+01,0.000000000000000000e+00
2.269702720642089844e+01,-2.516189098358154297e+00,2.000000000000000000e+01,0.000000000000000000e+00
2.069246864318847656e+01,-2.387349843978881836e+00,2.000000000000000000e+01,0.000000000000000000e+00
2.154008483886718750e+01,-2.562130928039550781e+00,2.000000000000000000e+01,0.000000000000000000e+00
2.099337768554687500e+01,-2.489718914031982422e+00,2.000000000000000000e+01,0.000000000000000000e+00
2.272419738769531250e+01,-2.949058532714843750e+00,2.000000000000000000e+01,0.000000000000000000e+00
2.223819923400878906e+01,-2.481440544128417969e+00,2.000000000000000000e+01,0.000000000000000000e+00
2.231965446472167969e+01,-2.833088874816894531e+00,2.000000000000000000e+01,0.000000000000000000e+00
2.170502471923828125e+01,-2.678094148635864258e+00,2.000000000000000000e+01,0.000000000000000000e+00
2.081718826293945312e+01,-2.398229360580444336e+00,2.000000000000000000e+01,0.000000000000000000e+00
2.206093406677246094e+01,-2.428269624710083008e+00,2.000000000000000000e+01,0.000000000000000000e+00
2.240849876403808594e+01,-2.558644294738769531e+00,2.000000000000000000e+01,0.000000000000000000e+00
2.221998786926269531e+01,-3.120851039886474609e+00,2.000000000000000000e+01,0.000000000000000000e+00
2.270521354675292969e+01,-2.746968507766723633e+00,2.000000000000000000e+01,0.000000000000000000e+00
2.202247047424316406e+01,-2.541448831558227539e+00,2.000000000000000000e+01,0.000000000000000000e+00
2.192573356628417969e+01,-2.423542737960815430e+00,2.000000000000000000e+01,0.000000000000000000e+00
2.243389129638671875e+01,-2.560269832611083984e+00,2.000000000000000000e+01,0.000000000000000000e+00
2.184276962280273438e+01,-2.635389089584350586e+00,2.000000000000000000e+01,0.000000000000000000e+00
2.268301582336425781e+01,-2.481679677963256836e+00,2.000000000000000000e+01,0.000000000000000000e+00
1.865445518493652344e+01,-3.205184459686279297e+00,9.000000000000000000e+00,0.000000000000000000e+00
2.068315505981445312e+01,-2.355546712875366211e+00,2.000000000000000000e+01,0.000000000000000000e+00
2.105024147033691406e+01,-2.469962120056152344e+00,2.000000000000000000e+01,0.000000000000000000e+00
2.273218536376953125e+01,-2.548753738403320312e+00,2.000000000000000000e+01,0.000000000000000000e+00
2.264313888549804688e+01,-2.620146989822387695e+00,2.000000000000000000e+01,0.000000000000000000e+00
2.226644515991210938e+01,-3.103171110153198242e+00,2.000000000000000000e+01,0.000000000000000000e+00
2.058560371398925781e+01,-2.423570632934570312e+00,9.000000000000000000e+00,0.000000000000000000e+00
2.273268508911132812e+01,-2.685624837875366211e+00,2.000000000000000000e+01,0.000000000000000000e+00
2.241351127624511719e+01,-2.691816091537475586e+00,2.000000000000000000e+01,0.000000000000000000e+00
2.276113319396972656e+01,-2.685795545578002930e+00,2.000000000000000000e+01,0.000000000000000000e+00
2.185128974914550781e+01,-2.939446449279785156e+00,2.000000000000000000e+01,0.000000000000000000e+00
2.231484222412109375e+01,-2.616219758987426758e+00,2.000000000000000000e+01,0.000000000000000000e+00
2.171927452087402344e+01,-2.692157983779907227e+00,2.000000000000000000e+01,0.000000000000000000e+00
2.277840232849121094e+01,-2.864378213882446289e+00,2.000000000000000000e+01,0.000000000000000000e+00
2.238210105895996094e+01,-3.008485317230224609e+00,2.000000000000000000e+01,0.000000000000000000e+00
2.222802352905273438e+01,-3.017431020736694336e+00,2.000000000000000000e+01,0.000000000000000000e+00
2.225516319274902344e+01,-2.489678621292114258e+00,2.000000000000000000e+01,0.000000000000000000e+00
2.170223617553710938e+01,-2.436217069625854492e+00,2.000000000000000000e+01,0.000000000000000000e+00
2.075794219970703125e+01,-2.394507408142089844e+00,2.000000000000000000e+01,0.000000000000000000e+00
2.220550918579101562e+01,-2.470981359481811523e+00,2.000000000000000000e+01,0.000000000000000000e+00
2.227402114868164062e+01,-2.442554235458374023e+00,2.000000000000000000e+01,0.000000000000000000e+00
2.062943267822265625e+01,-2.395438909530639648e+00,2.000000000000000000e+01,0.000000000000000000e+00
2.126104927062988281e+01,-2.502332925796508789e+00,2.000000000000000000e+01,0.000000000000000000e+00
2.281215286254882812e+01,-2.819909572601318359e+00,2.000000000000000000e+01,0.000000000000000000e+00
1.870662879943847656e+01,-3.095361232757568359e+00,9.000000000000000000e+00,0.000000000000000000e+00
2.173024368286132812e+01,-2.514330387115478516e+00,2.000000000000000000e+01,0.000000000000000000e+00
2.113065719604492188e+01,-2.510819673538208008e+00,2.000000000000000000e+01,0.000000000000000000e+00
2.236369895935058594e+01,-3.094155550003051758e+00,2.000000000000000000e+01,0.000000000000000000e+00
2.253323364257812500e+01,-2.585445642471313477e+00,2.000000000000000000e+01,0.000000000000000000e+00
2.114944267272949219e+01,-2.426387548446655273e+00,2.000000000000000000e+01,0.000000000000000000e+00
2.169531059265136719e+01,-2.691487789154052734e+00,2.000000000000000000e+01,0.000000000000000000e+00
2.206024742126464844e+01,-3.045655012130737305e+00,2.000000000000000000e+01,0.000000000000000000e+00
2.215332031250000000e+01,-3.009405136108398438e+00,2.000000000000000000e+01,0.000000000000000000e+00
1.022109603881835938e+01,-4.070568084716796875e+00,1.900000000000000000e+01,0.000000000000000000e+00
9.444561958312988281e+00,-3.346891880035400391e+00,1.900000000000000000e+01,0.000000000000000000e+00
1.006630706787109375e+01,-3.843343734741210938e+00,1.900000000000000000e+01,0.000000000000000000e+00
9.802602767944335938e+00,-3.914320945739746094e+00,1.900000000000000000e+01,0.000000000000000000e+00
9.645367622375488281e+00,-5.467435836791992188e+00,1.900000000000000000e+01,0.000000000000000000e+00
1.042949771881103516e+01,-3.266222000122070312e+00,1.900000000000000000e+01,0.000000000000000000e+00
9.461958885192871094e+00,-3.320900201797485352e+00,1.900000000000000000e+01,0.000000000000000000e+00
9.229684829711914062e+00,-2.911970853805541992e+00,1.900000000000000000e+01,0.000000000000000000e+00
1.940235137939453125e+01,6.575837135314941406e-01,9.000000000000000000e+00,0.000000000000000000e+00
9.921356201171875000e+00,-3.424320220947265625e+00,1.900000000000000000e+01,0.000000000000000000e+00
9.527611732482910156e+00,-3.858189821243286133e+00,1.900000000000000000e+01,0.000000000000000000e+00
1.000151634216308594e+01,-3.190181255340576172e+00,1.900000000000000000e+01,0.000000000000000000e+00
9.042281150817871094e+00,-6.084224224090576172e+00,1.900000000000000000e+01,0.000000000000000000e+00
9.484433174133300781e+00,-5.610688209533691406e+00,1.900000000000000000e+01,0.000000000000000000e+00
9.972249984741210938e+00,-3.153581380844116211e+00,1.900000000000000000e+01,0.000000000000000000e+00
9.655279159545898438e+00,-3.576674938201904297e+00,1.900000000000000000e+01,0.000000000000000000e+00
1.029037475585937500e+01,-4.109282970428466797e+00,1.900000000000000000e+01,0.000000000000000000e+00
1.013256359100341797e+01,-3.331927061080932617e+00,1.900000000000000000e+01,0.000000000000000000e+00
1.040472507476806641e+01,-2.294064521789550781e+00,1.900000000000000000e+01,0.000000000000000000e+00
1.006872272491455078e+01,-4.983119010925292969e+00,1.900000000000000000e+01,0.000000000000000000e+00
1.037850952148437500e+01,-3.235235929489135742e+00,1.900000000000000000e+01,0.000000000000000000e+00
9.808449745178222656e+00,-4.273626327514648438e+00,1.900000000000000000e+01,0.000000000000000000e+00
1.023346328735351562e+01,-5.854421138763427734e+00,1.900000000000000000e+01,0.000000000000000000e+00
9.032664299011230469e+00,-6.089290618896484375e+00,1.900000000000000000e+01,0.000000000000000000e+00
1.045868301391601562e+01,-2.523644924163818359e+00,1.900000000000000000e+01,0.000000000000000000e+00
9.749562263488769531e+00,-5.151643753051757812e+00,1.900000000000000000e+01,0.000000000000000000e+00
9.377209663391113281e+00,-5.795135974884033203e+00,1.900000000000000000e+01,0.000000000000000000e+00
1.017750930786132812e+01,-3.199038028717041016e+00,1.900000000000000000e+01,0.000000000000000000e+00
9.954137802124023438e+00,-3.446943759918212891e+00,1.900000000000000000e+01,0.000000000000000000e+00
1.088854408264160156e+01,-5.285988807678222656e+00,1.900000000000000000e+01,0.000000000000000000e+00
9.945766448974609375e+00,-3.470604181289672852e+00,1.900000000000000000e+01,0.000000000000000000e+00
1.009885311126708984e+01,-3.195436954498291016e+00,1.900000000000000000e+01,0.000000000000000000e+00
9.477967262268066406e+00,-3.118444919586181641e+00,1.900000000000000000e+01,0.000000000000000000e+00
9.676111221313476562e+00,-3.629415273666381836e+00,1.900000000000000000e+01,0.000000000000000000e+00
1.065580272674560547e+01,-2.665642261505126953e+00,1.900000000000000000e+01,0.000000000000000000e+00
9.971397399902343750e+00,-3.730012655258178711e+00,1.900000000000000000e+01,0.000000000000000000e+00
1.075947856903076172e+01,-2.453118085861206055e+00,9.000000000000000000e+00,0.000000000000000000e+00
1.047302722930908203e+01,-2.597937583923339844e+00,1.900000000000000000e+01,0.000000000000000000e+00
9.735961914062500000e+00,-3.398260831832885742e+00,1.900000000000000000e+01,0.000000000000000000e+00
9.577807426452636719e+00,-3.143615245819091797e+00,1.900000000000000000e+01,0.000000000000000000e+00
9.400460243225097656e+00,-5.796947956085205078e+00,1.900000000000000000e+01,0.000000000000000000e+00
1.050127029418945312e+01,-3.315353870391845703e+00,1.900000000000000000e+01,0.000000000000000000e+00
9.565010070800781250e+00,-3.030851125717163086e+00,1.900000000000000000e+01,0.000000000000000000e+00
9.880603790283203125e+00,-4.143729209899902344e+00,1.900000000000000000e+01,0.000000000000000000e+00
9.023257255554199219e+00,-6.106370449066162109e+00,1.900000000000000000e+01,0.000000000000000000e+00
1.032714366912841797e+01,-1.827920913696289062e+00,9.000000000000000000e+00,0.000000000000000000e+00
9.379660606384277344e+00,-3.073456764221191406e+00,1.900000000000000000e+01,0.000000000000000000e+00
9.814787864685058594e+00,-3.983388662338256836e+00,1.900000000000000000e+01,0.000000000000000000e+00
9.659661293029785156e+00,-3.439254045486450195e+00,1.900000000000000000e+01,0.000000000000000000e+00
9.718049049377441406e+00,-3.275288343429565430e+00,1.900000000000000000e+01,0.000000000000000000e+00
1.017629814147949219e+01,-3.959748506546020508e+00,1.900000000000000000e+01,0.000000000000000000e+00
1.108784580230712891e+01,-1.442248344421386719e+00,9.000000000000000000e+00,0.000000000000000000e+00
1.107260990142822266e+01,-1.556284785270690918e+00,9.000000000000000000e+00,0.000000000000000000e+00
9.347017288208007812e+00,-3.316957712173461914e+00,1.900000000000000000e+01,0.000000000000000000e+00
1.003321361541748047e+01,-3.154363870620727539e+00,1.900000000000000000e+01,0.000000000000000000e+00
1.006515121459960938e+01,-3.237215280532836914e+00,1.900000000000000000e+01,0.000000000000000000e+00
8.999645233154296875e+00,-6.120761871337890625e+00,1.900000000000000000e+01,0.000000000000000000e+00
1.044812202453613281e+01,-3.296189069747924805e+00,1.900000000000000000e+01,0.000000000000000000e+00
9.527716636657714844e+00,-5.368073463439941406e+00,1.900000000000000000e+01,0.000000000000000000e+00
1.008410358428955078e+01,-4.295228004455566406e+00,1.900000000000000000e+01,0.000000000000000000e+00
9.878414154052734375e+00,-4.292126655578613281e+00,1.900000000000000000e+01,0.000000000000000000e+00
9.369687080383300781e+00,-3.075979232788085938e+00,1.900000000000000000e+01,0.000000000000000000e+00
9.175959587097167969e+00,-5.973621368408203125e+00,1.900000000000000000e+01,0.000000000000000000e+00
9.500786781311035156e+00,-5.804409980773925781e+00,1.900000000000000000e+01,0.000000000000000000e+00
1.017314338684082031e+01,-3.962337970733642578e+00,1.900000000000000000e+01,0.000000000000000000e+00
9.724699974060058594e+00,-5.324104309082031250e+00,1.900000000000000000e+01,0.000000000000000000e+00
1.025663280487060547e+01,-4.018136978149414062e+00,1.900000000000000000e+01,0.000000000000000000e+00
1.046266269683837891e+01,-3.298158168792724609e+00,1.900000000000000000e+01,0.000000000000000000e+00
9.980566024780273438e+00,-3.245274782180786133e+00,1.900000000000000000e+01,0.000000000000000000e+00
1.029889011383056641e+01,-4.153891086578369141e+00,1.900000000000000000e+01,0.000000000000000000e+00
9.771506309509277344e+00,-3.559075117111206055e+00,1.900000000000000000e+01,0.000000000000000000e+00
1.028011131286621094e+01,-3.923047780990600586e+00,1.900000000000000000e+01,0.000000000000000000e+00
1.049878978729248047e+01,-3.269015312194824219e+00,1.900000000000000000e+01,0.000000000000000000e+00
1.005222415924072266e+01,-4.917984962463378906e+00,1.900000000000000000e+01,0.000000000000000000e+00
9.028291702270507812e+00,-6.097954273223876953e+00,1.900000000000000000e+01,0.000000000000000000e+00
9.227672576904296875e+00,-2.893022060394287109e+00,9.000000000000000000e+00,0.000000000000000000e+00
9.905447006225585938e+00,-4.088457107543945312e+00,1.900000000000000000e+01,0.000000000000000000e+00
1.093919754028320312e+01,-1.820290207862854004e+00,9.000000000000000000e+00,0.000000000000000000e+00
9.339869499206542969e+00,-5.825414180755615234e+00,1.900000000000000000e+01,0.000000000000000000e+00
1.008489513397216797e+01,-3.997125864028930664e+00,1.900000000000000000e+01,0.000000000000000000e+00
9.725278854370117188e+00,-3.482596635818481445e+00,1.900000000000000000e+01,0.000000000000000000e+00
1.012367248535156250e+01,-3.589601278305053711e+00,1.900000000000000000e+01,0.000000000000000000e+00
1.107379436492919922e+01,-1.172011256217956543e+00,9.000000000000000000e+00,0.000000000000000000e+00
9.865091323852539062e+00,-4.066766262054443359e+00,1.900000000000000000e+01,0.000000000000000000e+00
9.654488563537597656e+00,-3.584446668624877930e+00,1.900000000000000000e+01,0.000000000000000000e+00
9.425140380859375000e+00,-5.577719211578369141e+00,9.000000000000000000e+00,0.000000000000000000e+00
9.317449569702148438e+00,-3.051239490509033203e+00,1.900000000000000000e+01,0.000000000000000000e+00
9.916925430297851562e+00,-4.232604503631591797e+00,1.900000000000000000e+01,0.000000000000000000e+00
9.962403297424316406e+00,-4.281690120697021484e+00,1.900000000000000000e+01,0.000000000000000000e+00
1.042620754241943359e+01,-5.791540145874023438e+00,1.900000000000000000e+01,0.000000000000000000e+00
1.038884544372558594e+01,-3.236524343490600586e+00,1.900000000000000000e+01,0.000000000000000000e+00
9.615414619445800781e+00,-3.220247268676757812e+00,1.900000000000000000e+01,0.000000000000000000e+00
9.462355613708496094e+00,-5.579314231872558594e+00,1.900000000000000000e+01,0.000000000000000000e+00
9.383485794067382812e+00,-5.776866912841796875e+00,1.900000000000000000e+01,0.000000000000000000e+00
9.471469879150390625e+00,-3.268198251724243164e+00,1.900000000000000000e+01,0.000000000000000000e+00
9.983876228332519531e+00,-3.484094619750976562e+00,1.900000000000000000e+01,0.000000000000000000e+00
9.634162902832031250e+00,-3.433651447296142578e+00,1.900000000000000000e+01,0.000000000000000000e+00
1.000144290924072266e+01,-4.627278327941894531e+00,1.900000000000000000e+01,0.000000000000000000e+00
9.025410652160644531e+00,-6.099641799926757812e+00,1.900000000000000000e+01,0.000000000000000000e+00
9.890531539916992188e+00,-4.116157054901123047e+00,1.900000000000000000e+01,0.000000000000000000e+00
9.622957229614257812e+00,-3.380566358566284180e+00,1.900000000000000000e+01,0.000000000000000000e+00
1.007787132263183594e+01,-5.795037269592285156e+00,1.900000000000000000e+01,0.000000000000000000e+00
9.697930335998535156e+00,-3.306253194808959961e+00,1.900000000000000000e+01,0.000000000000000000e+00
9.709312438964843750e+00,-3.115752458572387695e+00,1.900000000000000000e+01,0.000000000000000000e+00
9.589629173278808594e+00,-3.200536489486694336e+00,1.900000000000000000e+01,0.000000000000000000e+00
9.678704261779785156e+00,-3.415405511856079102e+00,1.900000000000000000e+01,0.000000000000000000e+00
1.008129596710205078e+01,-3.260210752487182617e+00,1.900000000000000000e+01,0.000000000000000000e+00
1.094867992401123047e+01,-5.664739608764648438e+00,1.900000000000000000e+01,0.000000000000000000e+00
1.042956924438476562e+01,-2.548376321792602539e+00,1.900000000000000000e+01,0.000000000000000000e+00
9.452482223510742188e+00,-3.100095510482788086e+00,1.900000000000000000e+01,0.000000000000000000e+00
1.109487724304199219e+01,-1.484062194824218750e+00,9.000000000000000000e+00,0.000000000000000000e+00
9.427217483520507812e+00,-3.213122844696044922e+00,1.900000000000000000e+01,0.000000000000000000e+00
9.908075332641601562e+00,-3.215667009353637695e+00,1.900000000000000000e+01,0.000000000000000000e+00
9.979317665100097656e+00,-4.214155197143554688e+00,1.900000000000000000e+01,0.000000000000000000e+00
8.986197471618652344e+00,-6.133723735809326172e+00,1.900000000000000000e+01,0.000000000000000000e+00
1.097685623168945312e+01,-9.720421433448791504e-01,9.000000000000000000e+00,0.000000000000000000e+00
8.995106697082519531e+00,-6.125283241271972656e+00,1.900000000000000000e+01,0.000000000000000000e+00
1.015760707855224609e+01,-5.103318691253662109e+00,1.900000000000000000e+01,0.000000000000000000e+00
1.105108451843261719e+01,-1.150207400321960449e+00,9.000000000000000000e+00,0.000000000000000000e+00
1.043289661407470703e+01,-2.541731357574462891e+00,1.900000000000000000e+01,0.000000000000000000e+00
9.646590232849121094e+00,-3.257557630538940430e+00,1.900000000000000000e+01,0.000000000000000000e+00
1.033543682098388672e+01,-4.052427768707275391e+00,1.900000000000000000e+01,0.000000000000000000e+00
9.473896026611328125e+00,-3.117735862731933594e+00,1.900000000000000000e+01,0.000000000000000000e+00
9.771162033081054688e+00,-3.967350721359252930e+00,1.900000000000000000e+01,0.000000000000000000e+00
9.659843444824218750e+00,-3.164387702941894531e+00,1.900000000000000000e+01,0.000000000000000000e+00
9.836476325988769531e+00,-4.425990581512451172e+00,1.900000000000000000e+01,0.000000000000000000e+00
1.042320728302001953e+01,-3.243800878524780273e+00,1.900000000000000000e+01,0.000000000000000000e+00
9.104250907897949219e+00,-5.999344348907470703e+00,1.900000000000000000e+01,0.000000000000000000e+00
9.704257965087890625e+00,-3.549662351608276367e+00,1.900000000000000000e+01,0.000000000000000000e+00
9.856391906738281250e+00,-5.020265102386474609e+00,1.900000000000000000e+01,0.000000000000000000e+00
1.045674419403076172e+01,-3.325754642486572266e+00,1.900000000000000000e+01,0.000000000000000000e+00
1.029746341705322266e+01,-3.874533653259277344e+00,1.900000000000000000e+01,0.000000000000000000e+00
1.033676910400390625e+01,-3.225662231445312500e+00,1.900000000000000000e+01,0.000000000000000000e+00
1.008618450164794922e+01,-3.180114507675170898e+00,1.900000000000000000e+01,0.000000000000000000e+00
1.013016223907470703e+01,-4.689604759216308594e+00,1.900000000000000000e+01,0.000000000000000000e+00
1.053414916992187500e+01,-2.548824310302734375e+00,1.900000000000000000e+01,0.000000000000000000e+00
1.042447090148925781e+01,-3.272873640060424805e+00,1.900000000000000000e+01,0.000000000000000000e+00
9.462653160095214844e+00,-3.153433799743652344e+00,1.900000000000000000e+01,0.000000000000000000e+00
1.027126026153564453e+01,-5.867931365966796875e+00,1.900000000000000000e+01,0.000000000000000000e+00
9.878057479858398438e+00,-3.984972476959228516e+00,1.900000000000000000e+01,0.000000000000000000e+00
9.254450798034667969e+00,-5.921177387237548828e+00,1.900000000000000000e+01,0.000000000000000000e+00
1.031570529937744141e+01,-4.000209808349609375e+00,1.900000000000000000e+01,0.000000000000000000e+00
1.101873302459716797e+01,-1.186712861061096191e+00,9.000000000000000000e+00,0.000000000000000000e+00
9.394653320312500000e+00,-5.871056556701660156e+00,1.900000000000000000e+01,0.000000000000000000e+00
9.398241043090820312e+00,-5.787671089172363281e+00,1.900000000000000000e+01,0.000000000000000000e+00
9.913311004638671875e+00,-5.070874214172363281e+00,1.900000000000000000e+01,0.000000000000000000e+00
1.045020771026611328e+01,-3.272898674011230469e+00,1.900000000000000000e+01,0.000000000000000000e+00
9.014145851135253906e+00,-6.115920066833496094e+00,1.900000000000000000e+01,0.000000000000000000e+00
1.062934780120849609e+01,-2.561801910400390625e+00,1.900000000000000000e+01,0.000000000000000000e+00
9.721494674682617188e+00,-4.957648754119873047e+00,1.900000000000000000e+01,0.000000000000000000e+00
9.229727745056152344e+00,-2.982340812683105469e+00,1.900000000000000000e+01,0.000000000000000000e+00
9.709393501281738281e+00,-3.424011230468750000e+00,1.900000000000000000e+01,0.000000000000000000e+00
1.104495239257812500e+01,-5.562645912170410156e+00,1.900000000000000000e+01,0.000000000000000000e+00
1.037381744384765625e+01,-3.710875988006591797e+00,1.900000000000000000e+01,0.000000000000000000e+00
1.025354099273681641e+01,-3.926521778106689453e+00,1.900000000000000000e+01,0.000000000000000000e+00
9.469068527221679688e+00,-3.089282751083374023e+00,1.900000000000000000e+01,0.000000000000000000e+00
9.029052734375000000e+00,-2.946009159088134766e+00,1.900000000000000000e+01,0.000000000000000000e+00
9.585206985473632812e+00,-5.403126239776611328e+00,1.900000000000000000e+01,0.000000000000000000e+00
1.025603008270263672e+01,-3.917767047882080078e+00,1.900000000000000000e+01,0.000000000000000000e+00
9.851884841918945312e+00,-3.104882717132568359e+00,1.900000000000000000e+01,0.000000000000000000e+00
9.831043243408203125e+00,-3.977668523788452148e+00,1.900000000000000000e+01,0.000000000000000000e+00
9.019162178039550781e+00,-6.101944923400878906e+00,1.900000000000000000e+01,0.000000000000000000e+00
9.911767959594726562e+00,-4.719250679016113281e+00,1.900000000000000000e+01,0.000000000000000000e+00
9.963595390319824219e+00,-4.143546581268310547e+00,1.900000000000000000e+01,0.000000000000000000e+00
9.521843910217285156e+00,-3.311731576919555664e+00,1.900000000000000000e+01,0.000000000000000000e+00
1.024587345123291016e+01,-3.862216472625732422e+00,1.900000000000000000e+01,0.000000000000000000e+00
9.040438652038574219e+00,-6.083516120910644531e+00,1.900000000000000000e+01,0.000000000000000000e+00
1.010904979705810547e+01,-3.794610738754272461e+00,1.900000000000000000e+01,0.000000000000000000e+00
9.608244895935058594e+00,-3.595545053482055664e+00,1.900000000000000000e+01,0.000000000000000000e+00
9.145253181457519531e+00,-6.001935958862304688e+00,1.900000000000000000e+01,0.000000000000000000e+00
9.489261627197265625e+00,-3.110375404357910156e+00,1.900000000000000000e+01,0.000000000000000000e+00
9.404363632202148438e+00,-5.814278602600097656e+00,1.900000000000000000e+01,0.000000000000000000e+00
1.024678516387939453e+01,-3.885414123535156250e+00,1.900000000000000000e+01,0.000000000000000000e+00
9.035761833190917969e+00,-6.091254711151123047e+00,1.900000000000000000e+01,0.000000000000000000e+00
9.895805358886718750e+00,-4.394859313964843750e+00,1.900000000000000000e+01,0.000000000000000000e+00
9.690364837646484375e+00,-2.876622915267944336e+00,9.000000000000000000e+00,0.000000000000000000e+00
1.030589675903320312e+01,-4.095763683319091797e+00,1.900000000000000000e+01,0.000000000000000000e+00
1.028910636901855469e+01,-4.090361118316650391e+00,1.900000000000000000e+01,0.000000000000000000e+00
9.760132789611816406e+00,-5.054314613342285156e+00,1.900000000000000000e+01,0.000000000000000000e+00
9.360465049743652344e+00,-5.795251369476318359e+00,1.900000000000000000e+01,0.000000000000000000e+00
9.042244911193847656e+00,-6.085124492645263672e+00,1.900000000000000000e+01,0.000000000000000000e+00
1.029416084289550781e+01,-3.877743721008300781e+00,1.900000000000000000e+01,0.000000000000000000e+00
1.027322101593017578e+01,-3.890202045440673828e+00,9.000000000000000000e+00,0.000000000000000000e+00
1.025096893310546875e+01,-3.144315958023071289e+00,1.900000000000000000e+01,0.000000000000000000e+00
1.096547985076904297e+01,-1.238470911979675293e+00,9.000000000000000000e+00,0.000000000000000000e+00
1.030902290344238281e+01,-2.390623569488525391e+00,1.900000000000000000e+01,0.000000000000000000e+00
1.042468070983886719e+01,-2.435667276382446289e+00,1.900000000000000000e+01,0.000000000000000000e+00
9.017709732055664062e+00,-6.111073970794677734e+00,1.900000000000000000e+01,0.000000000000000000e+00
9.938659667968750000e+00,-3.505005598068237305e+00,1.900000000000000000e+01,0.000000000000000000e+00
1.005601882934570312e+01,-3.299699068069458008e+00,1.900000000000000000e+01,0.000000000000000000e+00
1.046873569488525391e+01,-6.337882518768310547e+00,1.900000000000000000e+01,0.000000000000000000e+00
1.053170204162597656e+01,-3.219324350357055664e+00,1.900000000000000000e+01,0.000000000000000000e+00
1.020460700988769531e+01,-5.878960132598876953e+00,1.900000000000000000e+01,0.000000000000000000e+00
9.760439872741699219e+00,-3.489724397659301758e+00,1.900000000000000000e+01,0.000000000000000000e+00
9.274918556213378906e+00,-5.896821022033691406e+00,1.900000000000000000e+01,0.000000000000000000e+00
9.385136604309082031e+00,-5.796222209930419922e+00,1.900000000000000000e+01,0.000000000000000000e+00
9.764410972595214844e+00,-5.356771469116210938e+00,1.900000000000000000e+01,0.000000000000000000e+00
9.838033676147460938e+00,-5.631219863891601562e+00,1.900000000000000000e+01,0.000000000000000000e+00
9.675559997558593750e+00,-5.261456966400146484e+00,1.900000000000000000e+01,0.000000000000000000e+00
1.106465911865234375e+01,-6.164290428161621094e+00,1.900000000000000000e+01,0.000000000000000000e+00
1.015563678741455078e+01,-5.035154342651367188e+00,1.900000000000000000e+01,0.000000000000000000e+00
1.003630828857421875e+01,-5.103816032409667969e+00,1.900000000000000000e+01,0.000000000000000000e+00
1.040446186065673828e+01,-1.417324542999267578e+00,9.000000000000000000e+00,0.000000000000000000e+00
1.107215881347656250e+01,-5.685714244842529297e+00,1.900000000000000000e+01,0.000000000000000000e+00
9.718066215515136719e+00,-5.034250736236572266e+00,1.900000000000000000e+01,0.000000000000000000e+00
9.932632446289062500e+00,-3.735122203826904297e+00,1.900000000000000000e+01,0.000000000000000000e+00
9.670722961425781250e+00,-3.360080242156982422e+00,1.900000000000000000e+01,0.000000000000000000e+00
9.589458465576171875e+00,-3.143615484237670898e+00,1.900000000000000000e+01,0.000000000000000000e+00
1.043496799468994141e+01,-2.495949745178222656e+00,1.900000000000000000e+01,0.000000000000000000e+00
1.076306438446044922e+01,-2.258213520050048828e+00,1.900000000000000000e+01,0.000000000000000000e+00
1.003316020965576172e+01,-5.773328781127929688e+00,1.900000000000000000e+01,0.000000000000000000e+00
1.142511463165283203e+01,-6.211889266967773438e+00,1.900000000000000000e+01,0.000000000000000000e+00
1.140122795104980469e+01,-6.250312328338623047e+00,1.900000000000000000e+01,0.000000000000000000e+00
1.165034389495849609e+01,-6.347147941589355469e+00,1.900000000000000000e+01,0.000000000000000000e+00
1.056439685821533203e+01,-6.344872474670410156e+00,1.900000000000000000e+01,0.000000000000000000e+00
1.144833278656005859e+01,-6.561884880065917969e+00,1.900000000000000000e+01,0.000000000000000000e+00
1.021158313751220703e+01,-6.039388179779052734e+00,1.900000000000000000e+01,0.000000000000000000e+00
1.081132411956787109e+01,-6.526024341583251953e+00,1.900000000000000000e+01,0.000000000000000000e+00
1.143292903900146484e+01,-6.565110206604003906e+00,1.900000000000000000e+01,0.000000000000000000e+00
1.133799457550048828e+01,-6.504120349884033203e+00,1.900000000000000000e+01,0.000000000000000000e+00
1.123772525787353516e+01,-6.598385334014892578e+00,1.900000000000000000e+01,0.000000000000000000e+00
1.059392261505126953e+01,-5.510653972625732422e+00,1.900000000000000000e+01,0.000000000000000000e+00
1.029130744934082031e+01,-5.302390575408935547e+00,1.900000000000000000e+01,0.000000000000000000e+00
1.169944286346435547e+01,-6.382449626922607422e+00,1.900000000000000000e+01,0.000000000000000000e+00
1.173022365570068359e+01,-6.529585361480712891e+00,1.900000000000000000e+01,0.000000000000000000e+00
1.104409980773925781e+01,-6.033833503723144531e+00,1.900000000000000000e+01,0.000000000000000000e+00
1.090474891662597656e+01,-6.348650455474853516e+00,1.900000000000000000e+01,0.000000000000000000e+00
1.170273113250732422e+01,-6.592954158782958984e+00,1.900000000000000000e+01,0.000000000000000000e+00
1.065121650695800781e+01,-5.893282890319824219e+00,1.900000000000000000e+01,0.000000000000000000e+00
1.089182281494140625e+01,-6.199869632720947266e+00,1.900000000000000000e+01,0.000000000000000000e+00
1.172359466552734375e+01,-6.399760246276855469e+00,1.900000000000000000e+01,0.000000000000000000e+00
1.723882102966308594e+01,-1.081316566467285156e+01,1.900000000000000000e+01,0.000000000000000000e+00
1.003769969940185547e+01,-5.951304912567138672e+00,1.900000000000000000e+01,0.000000000000000000e+00
1.074540233612060547e+01,-6.054963111877441406e+00,1.900000000000000000e+01,0.000000000000000000e+00
1.079693412780761719e+01,-5.658541679382324219e+00,1.900000000000000000e+01,0.000000000000000000e+00
1.103092670440673828e+01,-6.394902706146240234e+00,1.900000000000000000e+01,0.000000000000000000e+00
1.084502124786376953e+01,-6.174025058746337891e+00,1.900000000000000000e+01,0.000000000000000000e+00
1.162882137298583984e+01,-6.617405891418457031e+00,1.900000000000000000e+01,0.000000000000000000e+00
1.132333469390869141e+01,-6.189506530761718750e+00,1.900000000000000000e+01,0.000000000000000000e+00
1.168071937561035156e+01,-6.611098289489746094e+00,1.900000000000000000e+01,0.000000000000000000e+00
1.073215103149414062e+01,-6.287199974060058594e+00,1.900000000000000000e+01,0.000000000000000000e+00
1.139797115325927734e+01,-6.218110561370849609e+00,1.900000000000000000e+01,0.000000000000000000e+00
1.061947250366210938e+01,-6.238905906677246094e+00,1.900000000000000000e+01,0.000000000000000000e+00
9.671759605407714844e+00,-5.688879489898681641e+00,1.900000000000000000e+01,0.000000000000000000e+00
1.103593444824218750e+01,-5.809562683105468750e+00,1.900000000000000000e+01,0.000000000000000000e+00
1.176606750488281250e+01,-6.558924198150634766e+00,1.900000000000000000e+01,0.000000000000000000e+00
1.118067741394042969e+01,-5.846441268920898438e+00,1.900000000000000000e+01,0.000000000000000000e+00
1.167520618438720703e+01,-6.363089561462402344e+00,1.900000000000000000e+01,0.000000000000000000e+00
1.124651908874511719e+01,-6.098550796508789062e+00,1.900000000000000000e+01,0.000000000000000000e+00
1.085716438293457031e+01,-6.532429218292236328e+00,1.900000000000000000e+01,0.000000000000000000e+00
1.088205718994140625e+01,-5.731254577636718750e+00,1.900000000000000000e+01,0.000000000000000000e+00
1.000964355468750000e+01,-4.525118827819824219e+00,1.900000000000000000e+01,0.000000000000000000e+00
1.171483516693115234e+01,-6.424110412597656250e+00,1.900000000000000000e+01,0.000000000000000000e+00
1.055392837524414062e+01,-6.215231895446777344e+00,1.900000000000000000e+01,0.000000000000000000e+00
1.064169120788574219e+01,-6.220055103302001953e+00,1.900000000000000000e+01,0.000000000000000000e+00
1.735420799255371094e+01,-1.086214160919189453e+01,1.900000000000000000e+01,0.000000000000000000e+00
1.029946231842041016e+01,-4.848865509033203125e+00,1.900000000000000000e+01,0.000000000000000000e+00
1.143017196655273438e+01,-6.276728630065917969e+00,1.900000000000000000e+01,0.000000000000000000e+00
1.057986736297607422e+01,-6.422268390655517578e+00,1.900000000000000000e+01,0.000000000000000000e+00
1.028226184844970703e+01,-5.133014202117919922e+00,1.900000000000000000e+01,0.000000000000000000e+00
1.159040451049804688e+01,-6.616762638092041016e+00,1.900000000000000000e+01,0.000000000000000000e+00
1.129367828369140625e+01,-6.617824077606201172e+00,1.900000000000000000e+01,0.000000000000000000e+00
1.081575489044189453e+01,-5.694115161895751953e+00,1.900000000000000000e+01,0.000000000000000000e+00
1.015884208679199219e+01,-6.140785217285156250e+00,1.900000000000000000e+01,0.000000000000000000e+00
1.130109024047851562e+01,-6.236936092376708984e+00,1.900000000000000000e+01,0.000000000000000000e+00
1.117067146301269531e+01,-6.109508514404296875e+00,1.900000000000000000e+01,0.000000000000000000e+00
9.997681617736816406e+00,-5.942166805267333984e+00,1.900000000000000000e+01,0.000000000000000000e+00
1.171769523620605469e+01,-6.415843009948730469e+00,1.900000000000000000e+01,0.000000000000000000e+00
9.897111892700195312e+00,-5.811411380767822266e+00,1.900000000000000000e+01,0.000000000000000000e+00
1.061397361755371094e+01,-6.416908264160156250e+00,1.900000000000000000e+01,0.000000000000000000e+00
1.011127662658691406e+01,-6.099289894104003906e+00,1.900000000000000000e+01,0.000000000000000000e+00
1.010552978515625000e+01,-5.765500068664550781e+00,1.900000000000000000e+01,0.000000000000000000e+00
1.109284305572509766e+01,-6.404923915863037109e+00,1.900000000000000000e+01,0.000000000000000000e+00
9.840424537658691406e+00,-5.745866298675537109e+00,1.900000000000000000e+01,0.000000000000000000e+00
1.013233184814453125e+01,-6.129065990447998047e+00,1.900000000000000000e+01,0.000000000000000000e+00
1.132508087158203125e+01,-6.357017040252685547e+00,1.900000000000000000e+01,0.000000000000000000e+00
1.010764884948730469e+01,-6.028609752655029297e+00,1.900000000000000000e+01,0.000000000000000000e+00
1.049494075775146484e+01,-6.312334060668945312e+00,1.900000000000000000e+01,0.000000000000000000e+00
1.112395477294921875e+01,-6.545798301696777344e+00,1.900000000000000000e+01,0.000000000000000000e+00
1.001960945129394531e+01,-5.986615180969238281e+00,1.900000000000000000e+01,0.000000000000000000e+00
9.868526458740234375e+00,-5.784685134887695312e+00,1.900000000000000000e+01,0.000000000000000000e+00
1.163739204406738281e+01,-6.370114803314208984e+00,1.900000000000000000e+01,0.000000000000000000e+00
1.047598457336425781e+01,-6.170897483825683594e+00,1.900000000000000000e+01,0.000000000000000000e+00
9.851498603820800781e+00,-5.768605709075927734e+00,1.900000000000000000e+01,0.000000000000000000e+00
1.089288234710693359e+01,-6.510287761688232422e+00,1.900000000000000000e+01,0.000000000000000000e+00
1.151189231872558594e+01,-6.626663208007812500e+00,1.900000000000000000e+01,0.000000000000000000e+00
1.087622833251953125e+01,-6.406243801116943359e+00,1.900000000000000000e+01,0.000000000000000000e+00
1.164167308807373047e+01,-6.621208190917968750e+00,1.900000000000000000e+01,0.000000000000000000e+00
1.172814178466796875e+01,-6.469813346862792969e+00,1.900000000000000000e+01,0.000000000000000000e+00
1.172834777832031250e+01,-6.586810588836669922e+00,1.900000000000000000e+01,0.000000000000000000e+00
1.106020545959472656e+01,-6.004156589508056641e+00,1.900000000000000000e+01,0.000000000000000000e+00
1.026058864593505859e+01,-6.240741729736328125e+00,1.900000000000000000e+01,0.000000000000000000e+00
1.158240604400634766e+01,-6.360614299774169922e+00,1.900000000000000000e+01,0.000000000000000000e+00
1.074009513854980469e+01,-6.050105094909667969e+00,1.900000000000000000e+01,0.000000000000000000e+00
1.027894783020019531e+01,-5.159134387969970703e+00,1.900000000000000000e+01,0.000000000000000000e+00
1.139830017089843750e+01,-6.032375812530517578e+00,1.900000000000000000e+01,0.000000000000000000e+00
1.058470249176025391e+01,-6.425629138946533203e+00,1.900000000000000000e+01,0.000000000000000000e+00
1.116788673400878906e+01,-5.894319534301757812e+00,1.900000000000000000e+01,0.000000000000000000e+00
1.075118827819824219e+01,-6.278639316558837891e+00,1.900000000000000000e+01,0.000000000000000000e+00
1.141000556945800781e+01,-6.002350807189941406e+00,1.900000000000000000e+01,0.000000000000000000e+00
1.017481517791748047e+01,-6.190332889556884766e+00,1.900000000000000000e+01,0.000000000000000000e+00
1.101470947265625000e+01,-6.519448280334472656e+00,1.900000000000000000e+01,0.000000000000000000e+00
9.882878303527832031e+00,-5.755426406860351562e+00,1.900000000000000000e+01,0.000000000000000000e+00
1.029424381256103516e+01,-5.032071113586425781e+00,1.900000000000000000e+01,0.000000000000000000e+00
1.164342498779296875e+01,-6.612379074096679688e+00,1.900000000000000000e+01,0.000000000000000000e+00
9.910780906677246094e+00,-5.758374214172363281e+00,1.900000000000000000e+01,0.000000000000000000e+00
1.059307098388671875e+01,-6.398448467254638672e+00,1.900000000000000000e+01,0.000000000000000000e+00
1.141671752929687500e+01,-6.286798954010009766e+00,1.900000000000000000e+01,0.000000000000000000e+00
1.750138473510742188e+01,-1.097229480743408203e+01,9.000000000000000000e+00,0.000000000000000000e+00
1.109703540802001953e+01,-5.859629631042480469e+00,1.900000000000000000e+01,0.000000000000000000e+00
1.009943675994873047e+01,-5.247969150543212891e+00,1.900000000000000000e+01,0.000000000000000000e+00
1.004572010040283203e+01,-5.852025508880615234e+00,1.900000000000000000e+01,0.000000000000000000e+00
1.168867492675781250e+01,-6.421303749084472656e+00,1.900000000000000000e+01,0.000000000000000000e+00
1.071420383453369141e+01,-6.401816844940185547e+00,1.900000000000000000e+01,0.000000000000000000e+00
1.173373126983642578e+01,-6.584856986999511719e+00,1.900000000000000000e+01,0.000000000000000000e+00
1.098743534088134766e+01,-6.437252044677734375e+00,1.900000000000000000e+01,0.000000000000000000e+00
1.742600440979003906e+01,-1.091523933410644531e+01,1.900000000000000000e+01,0.000000000000000000e+00
1.009391689300537109e+01,-6.082962036132812500e+00,1.900000000000000000e+01,0.000000000000000000e+00
1.132628917694091797e+01,-6.242036819458007812e+00,1.900000000000000000e+01,0.000000000000000000e+00
1.007024860382080078e+01,-5.220744609832763672e+00,1.900000000000000000e+01,0.000000000000000000e+00
1.066196346282958984e+01,-6.465906143188476562e+00,1.900000000000000000e+01,0.000000000000000000e+00
1.129091453552246094e+01,-6.360982894897460938e+00,1.900000000000000000e+01,0.000000000000000000e+00
1.113988494873046875e+01,-6.089087486267089844e+00,1.900000000000000000e+01,0.000000000000000000e+00
1.035087013244628906e+01,-6.134377956390380859e+00,1.900000000000000000e+01,0.000000000000000000e+00
1.069475936889648438e+01,-6.292143344879150391e+00,1.900000000000000000e+01,0.000000000000000000e+00
1.068870925903320312e+01,-6.345126152038574219e+00,1.900000000000000000e+01,0.000000000000000000e+00
1.131802654266357422e+01,-6.567475318908691406e+00,1.900000000000000000e+01,0.000000000000000000e+00
1.104953575134277344e+01,-6.189495563507080078e+00,1.900000000000000000e+01,0.000000000000000000e+00
1.006910133361816406e+01,-5.403111457824707031e+00,1.900000000000000000e+01,0.000000000000000000e+00
1.082361316680908203e+01,-6.413711547851562500e+00,1.900000000000000000e+01,0.000000000000000000e+00
1.118870067596435547e+01,-6.177976608276367188e+00,1.900000000000000000e+01,0.000000000000000000e+00
1.088550662994384766e+01,-6.050588130950927734e+00,1.900000000000000000e+01,0.000000000000000000e+00
1.096148490905761719e+01,-6.391678810119628906e+00,1.900000000000000000e+01,0.000000000000000000e+00
1.051461505889892578e+01,-6.348899841308593750e+00,1.900000000000000000e+01,0.000000000000000000e+00
1.123741626739501953e+01,-6.081463813781738281e+00,1.900000000000000000e+01,0.000000000000000000e+00
1.148907184600830078e+01,-6.348571300506591797e+00,1.900000000000000000e+01,0.000000000000000000e+00
1.137541007995605469e+01,-6.604139804840087891e+00,1.900000000000000000e+01,0.000000000000000000e+00
1.164643478393554688e+01,-6.466716289520263672e+00,1.900000000000000000e+01,0.000000000000000000e+00
1.165010356903076172e+01,-6.633854389190673828e+00,1.900000000000000000e+01,0.000000000000000000e+00
1.051013088226318359e+01,-5.494493007659912109e+00,1.900000000000000000e+01,0.000000000000000000e+00
1.051936626434326172e+01,-6.464319229125976562e+00,1.900000000000000000e+01,0.000000000000000000e+00
1.041372299194335938e+01,-6.189851284027099609e+00,1.900000000000000000e+01,0.000000000000000000e+00
1.172624683380126953e+01,-6.485846519470214844e+00,1.900000000000000000e+01,0.000000000000000000e+00
1.011804580688476562e+01,-5.642292976379394531e+00,1.900000000000000000e+01,0.000000000000000000e+00
1.137998580932617188e+01,-6.344774723052978516e+00,1.900000000000000000e+01,0.000000000000000000e+00
1.089299583435058594e+01,-5.845344066619873047e+00,1.900000000000000000e+01,0.000000000000000000e+00
1.005074787139892578e+01,-5.433434486389160156e+00,1.900000000000000000e+01,0.000000000000000000e+00
1.033706855773925781e+01,-4.750876426696777344e+00,1.900000000000000000e+01,0.000000000000000000e+00
1.136954212188720703e+01,-6.611516952514648438e+00,1.900000000000000000e+01,0.000000000000000000e+00
1.031741333007812500e+01,-6.301072597503662109e+00,1.900000000000000000e+01,0.000000000000000000e+00
1.035220432281494141e+01,-5.199524402618408203e+00,1.900000000000000000e+01,0.000000000000000000e+00
1.064248657226562500e+01,-5.716542243957519531e+00,1.900000000000000000e+01,0.000000000000000000e+00
1.000328922271728516e+01,-5.279646873474121094e+00,1.900000000000000000e+01,0.000000000000000000e+00
1.006581878662109375e+01,-5.927799224853515625e+00,1.900000000000000000e+01,0.000000000000000000e+00
1.085737228393554688e+01,-6.091778755187988281e+00,1.900000000000000000e+01,0.000000000000000000e+00
9.841432571411132812e+00,-5.766820907592773438e+00,1.900000000000000000e+01,0.000000000000000000e+00
1.110446071624755859e+01,-6.511550426483154297e+00,1.900000000000000000e+01,0.000000000000000000e+00
1.016841220855712891e+01,-5.866373538970947266e+00,1.900000000000000000e+01,0.000000000000000000e+00
1.009415721893310547e+01,-5.091229915618896484e+00,1.900000000000000000e+01,0.000000000000000000e+00
1.000052356719970703e+01,-5.648940086364746094e+00,1.900000000000000000e+01,0.000000000000000000e+00
1.003187084197998047e+01,-5.725403785705566406e+00,1.900000000000000000e+01,0.000000000000000000e+00
2.006923866271972656e+01,1.867814064025878906e+00,9.000000000000000000e+00,0.000000000000000000e+00
1.021983146667480469e+01,-6.182769298553466797e+00,1.900000000000000000e+01,0.000000000000000000e+00
1.085589694976806641e+01,-5.803213596343994141e+00,1.900000000000000000e+01,0.000000000000000000e+00
1.021870040893554688e+01,-6.224342346191406250e+00,1.900000000000000000e+01,0.000000000000000000e+00
1.166685581207275391e+01,-6.581192016601562500e+00,1.900000000000000000e+01,0.000000000000000000e+00
1.059838199615478516e+01,-5.553181171417236328e+00,1.900000000000000000e+01,0.000000000000000000e+00
1.123794269561767578e+01,-6.568630218505859375e+00,1.900000000000000000e+01,0.000000000000000000e+00
1.008896541595458984e+01,-6.082841873168945312e+00,1.900000000000000000e+01,0.000000000000000000e+00
1.106766605377197266e+01,-6.524862766265869141e+00,1.900000000000000000e+01,0.000000000000000000e+00
1.068929100036621094e+01,-6.372376441955566406e+00,1.900000000000000000e+01,0.000000000000000000e+00
1.150431823730468750e+01,-6.571510314941406250e+00,1.900000000000000000e+01,0.000000000000000000e+00
1.042782306671142578e+01,-6.271798133850097656e+00,1.900000000000000000e+01,0.000000000000000000e+00
9.985995292663574219e+00,-5.835031509399414062e+00,1.900000000000000000e+01,0.000000000000000000e+00
1.017628002166748047e+01,-6.043525695800781250e+00,1.900000000000000000e+01,0.000000000000000000e+00
1.023203277587890625e+01,-6.233810424804687500e+00,1.900000000000000000e+01,0.000000000000000000e+00
1.113501071929931641e+01,-5.819312572479248047e+00,1.900000000000000000e+01,0.000000000000000000e+00
1.080805110931396484e+01,-6.316295623779296875e+00,1.900000000000000000e+01,0.000000000000000000e+00
1.743316078186035156e+01,-1.092551040649414062e+01,1.900000000000000000e+01,0.000000000000000000e+00
1.735138511657714844e+01,-1.094108295440673828e+01,1.900000000000000000e+01,0.000000000000000000e+00
1.066670703887939453e+01,-6.360276222229003906e+00,1.900000000000000000e+01,0.000000000000000000e+00
1.177523326873779297e+01,-6.595328807830810547e+00,1.900000000000000000e+01,0.000000000000000000e+00
1.049893665313720703e+01,-6.284088134765625000e+00,1.900000000000000000e+01,0.000000000000000000e+00
1.159281730651855469e+01,-6.582647323608398438e+00,1.900000000000000000e+01,0.000000000000000000e+00
1.043902111053466797e+01,-6.168620109558105469e+00,1.900000000000000000e+01,0.000000000000000000e+00
1.030549240112304688e+01,-4.835781097412109375e+00,1.900000000000000000e+01,0.000000000000000000e+00
1.031755161285400391e+01,-4.730160236358642578e+00,1.900000000000000000e+01,0.000000000000000000e+00
1.731868934631347656e+01,-1.088854026794433594e+01,1.900000000000000000e+01,0.000000000000000000e+00
1.067631149291992188e+01,-6.179708480834960938e+00,1.900000000000000000e+01,0.000000000000000000e+00
1.070071601867675781e+01,-5.832376003265380859e+00,1.900000000000000000e+01,0.000000000000000000e+00
1.005628204345703125e+01,-5.080884456634521484e+00,1.900000000000000000e+01,0.000000000000000000e+00
1.059705924987792969e+01,-6.236792087554931641e+00,1.900000000000000000e+01,0.000000000000000000e+00
9.968751907348632812e+00,-4.940525531768798828e+00,1.900000000000000000e+01,0.000000000000000000e+00
1.074703121185302734e+01,-6.316211700439453125e+00,1.900000000000000000e+01,0.000000000000000000e+00
1.170851516723632812e+01,-6.583811759948730469e+00,1.900000000000000000e+01,0.000000000000000000e+00
9.966766357421875000e+00,-5.711725711822509766e+00,1.900000000000000000e+01,0.000000000000000000e+00
1.104472637176513672e+01,-5.726004600524902344e+00,1.900000000000000000e+01,0.000000000000000000e+00
1.124001884460449219e+01,-6.511247634887695312e+00,1.900000000000000000e+01,0.000000000000000000e+00
1.081028842926025391e+01,-5.784819602966308594e+00,1.900000000000000000e+01,0.000000000000000000e+00
1.068916893005371094e+01,-6.447796344757080078e+00,1.900000000000000000e+01,0.000000000000000000e+00
1.010020160675048828e+01,-5.268413066864013672e+00,1.900000000000000000e+01,0.000000000000000000e+00
1.084685611724853516e+01,-5.733787059783935547e+00,1.900000000000000000e+01,0.000000000000000000e+00
1.114062309265136719e+01,-5.801839351654052734e+00,1.900000000000000000e+01,0.000000000000000000e+00
1.048478507995605469e+01,-6.334293842315673828e+00,1.900000000000000000e+01,0.000000000000000000e+00
1.013053417205810547e+01,-6.087365150451660156e+00,1.900000000000000000e+01,0.000000000000000000e+00
1.133326339721679688e+01,-6.103379249572753906e+00,1.900000000000000000e+01,0.000000000000000000e+00
1.010742950439453125e+01,-5.315619945526123047e+00,1.900000000000000000e+01,0.000000000000000000e+00
1.009235572814941406e+01,-5.198742389678955078e+00,1.900000000000000000e+01,0.000000000000000000e+00
1.044980144500732422e+01,-5.592384815216064453e+00,1.900000000000000000e+01,0.000000000000000000e+00
1.132404327392578125e+01,-6.571175575256347656e+00,1.900000000000000000e+01,0.000000000000000000e+00
1.161156558990478516e+01,-6.458241939544677734e+00,1.900000000000000000e+01,0.000000000000000000e+00
1.019508647918701172e+01,-5.848227977752685547e+00,1.900000000000000000e+01,0.000000000000000000e+00
9.987701416015625000e+00,-5.759994029998779297e+00,1.900000000000000000e+01,0.000000000000000000e+00
1.061321163177490234e+01,-5.573292732238769531e+00,1.900000000000000000e+01,0.000000000000000000e+00
1.162731266021728516e+01,-6.322932720184326172e+00,1.900000000000000000e+01,0.000000000000000000e+00
9.656687736511230469e+00,-5.484420299530029297e+00,1.900000000000000000e+01,0.000000000000000000e+00
1.103521823883056641e+01,-6.334720611572265625e+00,1.900000000000000000e+01,0.000000000000000000e+00
1.037064552307128906e+01,-5.501501560211181641e+00,1.900000000000000000e+01,0.000000000000000000e+00
1.174733734130859375e+01,-6.524399280548095703e+00,1.900000000000000000e+01,0.000000000000000000e+00
1.003501605987548828e+01,-5.983576297760009766e+00,1.900000000000000000e+01,0.000000000000000000e+00
2.634217500686645508e+00,1.815589332580566406e+01,1.000000000000000000e+01,0.000000000000000000e+00
2.689093351364135742e+00,1.812577819824218750e+01,1.000000000000000000e+01,0.000000000000000000e+00
3.203830718994140625e+00,1.831357192993164062e+01,1.000000000000000000e+01,0.000000000000000000e+00
2.682015895843505859e+00,1.825968551635742188e+01,1.000000000000000000e+01,0.000000000000000000e+00
1.947595000267028809e+00,1.797069358825683594e+01,1.000000000000000000e+01,0.000000000000000000e+00
2.613782405853271484e+00,1.823432922363281250e+01,1.000000000000000000e+01,0.000000000000000000e+00
1.640375971794128418e+00,1.790435981750488281e+01,1.000000000000000000e+01,0.000000000000000000e+00
1.573404908180236816e+00,1.786264801025390625e+01,1.000000000000000000e+01,0.000000000000000000e+00
4.109419822692871094e+00,1.817055130004882812e+01,1.000000000000000000e+01,0.000000000000000000e+00
4.018920421600341797e+00,1.805986976623535156e+01,1.000000000000000000e+01,0.000000000000000000e+00
3.234496593475341797e+00,1.807502937316894531e+01,1.000000000000000000e+01,0.000000000000000000e+00
3.597611904144287109e+00,1.805008697509765625e+01,1.000000000000000000e+01,0.000000000000000000e+00
3.720657587051391602e+00,1.809282875061035156e+01,1.000000000000000000e+01,0.000000000000000000e+00
2.980231285095214844e+00,1.821852111816406250e+01,1.000000000000000000e+01,0.000000000000000000e+00
4.118587017059326172e+00,1.803304672241210938e+01,1.000000000000000000e+01,0.000000000000000000e+00
1.608504891395568848e+00,1.788597106933593750e+01,1.000000000000000000e+01,0.000000000000000000e+00
2.600126266479492188e+00,1.822145462036132812e+01,1.000000000000000000e+01,0.000000000000000000e+00
2.791804552078247070e+00,1.810417556762695312e+01,1.000000000000000000e+01,0.000000000000000000e+00
2.013221025466918945e+00,1.803728866577148438e+01,1.000000000000000000e+01,0.000000000000000000e+00
2.368616342544555664e+00,1.805413055419921875e+01,1.000000000000000000e+01,0.000000000000000000e+00
2.825287103652954102e+00,1.817619514465332031e+01,1.000000000000000000e+01,0.000000000000000000e+00
3.472229242324829102e+00,1.808834075927734375e+01,1.000000000000000000e+01,0.000000000000000000e+00
4.184834003448486328e+00,1.814097976684570312e+01,1.000000000000000000e+01,0.000000000000000000e+00
4.045646667480468750e+00,1.818066978454589844e+01,1.000000000000000000e+01,0.000000000000000000e+00
2.781867027282714844e+00,1.814088630676269531e+01,1.000000000000000000e+01,0.000000000000000000e+00
2.179169654846191406e+00,1.810800170898437500e+01,1.000000000000000000e+01,0.000000000000000000e+00
4.139658451080322266e+00,1.810298347473144531e+01,1.000000000000000000e+01,0.000000000000000000e+00
3.387979745864868164e+00,1.816260719299316406e+01,1.000000000000000000e+01,0.000000000000000000e+00
3.285896301269531250e+00,1.811874771118164062e+01,1.000000000000000000e+01,0.000000000000000000e+00
3.873841047286987305e+00,1.824986267089843750e+01,1.000000000000000000e+01,0.000000000000000000e+00
3.997464418411254883e+00,1.822709083557128906e+01,1.000000000000000000e+01,0.000000000000000000e+00
1.962503433227539062e+00,1.807326507568359375e+01,1.000000000000000000e+01,0.000000000000000000e+00
4.058717727661132812e+00,1.804255485534667969e+01,1.000000000000000000e+01,0.000000000000000000e+00
2.115803003311157227e+00,1.809199523925781250e+01,1.000000000000000000e+01,0.000000000000000000e+00
2.734727382659912109e+00,1.822244262695312500e+01,1.000000000000000000e+01,0.000000000000000000e+00
4.117008686065673828e+00,1.805084228515625000e+01,1.000000000000000000e+01,0.000000000000000000e+00
2.687550306320190430e+00,1.823788833618164062e+01,1.000000000000000000e+01,0.000000000000000000e+00
2.450570344924926758e+00,1.821227073669433594e+01,1.000000000000000000e+01,0.000000000000000000e+00
2.078637838363647461e+00,1.811514854431152344e+01,1.000000000000000000e+01,0.000000000000000000e+00
2.387899875640869141e+00,1.822131538391113281e+01,1.000000000000000000e+01,0.000000000000000000e+00
3.284892320632934570e+00,1.830857849121093750e+01,1.000000000000000000e+01,0.000000000000000000e+00
2.242774963378906250e+00,1.816660690307617188e+01,1.000000000000000000e+01,0.000000000000000000e+00
3.211128473281860352e+00,1.810437583923339844e+01,1.000000000000000000e+01,0.000000000000000000e+00
2.511323451995849609e+00,1.816454315185546875e+01,1.000000000000000000e+01,0.000000000000000000e+00
2.666285991668701172e+00,1.823417663574218750e+01,1.000000000000000000e+01,0.000000000000000000e+00
1.843344092369079590e+00,1.797311592102050781e+01,1.000000000000000000e+01,0.000000000000000000e+00
3.418867111206054688e+00,1.831507873535156250e+01,1.000000000000000000e+01,0.000000000000000000e+00
3.932954072952270508e+00,1.828358459472656250e+01,1.000000000000000000e+01,0.000000000000000000e+00
3.619906187057495117e+00,1.820603370666503906e+01,1.000000000000000000e+01,0.000000000000000000e+00
3.942750215530395508e+00,1.808807945251464844e+01,1.000000000000000000e+01,0.000000000000000000e+00
2.706084251403808594e+00,1.813155364990234375e+01,1.000000000000000000e+01,0.000000000000000000e+00
2.105283260345458984e+00,1.814311408996582031e+01,1.000000000000000000e+01,0.000000000000000000e+00
4.104636669158935547e+00,1.806187820434570312e+01,1.000000000000000000e+01,0.000000000000000000e+00
2.664955377578735352e+00,1.824396514892578125e+01,1.000000000000000000e+01,0.000000000000000000e+00
3.270366191864013672e+00,1.825996971130371094e+01,1.000000000000000000e+01,0.000000000000000000e+00
3.200052738189697266e+00,1.809749794006347656e+01,1.000000000000000000e+01,0.000000000000000000e+00
2.046011447906494141e+00,1.806957435607910156e+01,1.000000000000000000e+01,0.000000000000000000e+00
2.130417823791503906e+00,1.810762786865234375e+01,1.000000000000000000e+01,0.000000000000000000e+00
4.058356285095214844e+00,1.808782005310058594e+01,1.000000000000000000e+01,0.000000000000000000e+00
2.691974639892578125e+00,1.826164627075195312e+01,1.000000000000000000e+01,0.000000000000000000e+00
4.047698497772216797e+00,1.806969261169433594e+01,1.000000000000000000e+01,0.000000000000000000e+00
5.386078834533691406e+00,1.360122871398925781e+01,9.000000000000000000e+00,0.000000000000000000e+00
1.660320043563842773e+00,1.792321014404296875e+01,1.000000000000000000e+01,0.000000000000000000e+00
2.646369218826293945e+00,1.817649078369140625e+01,1.000000000000000000e+01,0.000000000000000000e+00
1.557010650634765625e+00,1.785898208618164062e+01,1.000000000000000000e+01,0.000000000000000000e+00
3.593779325485229492e+00,1.830674171447753906e+01,1.000000000000000000e+01,0.000000000000000000e+00
3.688673973083496094e+00,1.805743026733398438e+01,1.000000000000000000e+01,0.000000000000000000e+00
2.594984054565429688e+00,1.823458480834960938e+01,1.000000000000000000e+01,0.000000000000000000e+00
2.206260442733764648e+00,1.817098999023437500e+01,1.000000000000000000e+01,0.000000000000000000e+00
2.670542716979980469e+00,1.816491699218750000e+01,1.000000000000000000e+01,0.000000000000000000e+00
3.234460830688476562e+00,1.823458671569824219e+01,1.000000000000000000e+01,0.000000000000000000e+00
2.925990343093872070e+00,1.817642974853515625e+01,1.000000000000000000e+01,0.000000000000000000e+00
3.222445487976074219e+00,1.810827636718750000e+01,1.000000000000000000e+01,0.000000000000000000e+00
4.078456878662109375e+00,1.804410171508789062e+01,1.000000000000000000e+01,0.000000000000000000e+00
1.778113365173339844e+00,1.797205543518066406e+01,1.000000000000000000e+01,0.000000000000000000e+00
3.447117090225219727e+00,1.833137321472167969e+01,1.000000000000000000e+01,0.000000000000000000e+00
3.265074253082275391e+00,1.809571075439453125e+01,1.000000000000000000e+01,0.000000000000000000e+00
2.604017019271850586e+00,1.824997711181640625e+01,1.000000000000000000e+01,0.000000000000000000e+00
4.001931667327880859e+00,1.810734176635742188e+01,1.000000000000000000e+01,0.000000000000000000e+00
2.795553922653198242e+00,1.821374130249023438e+01,1.000000000000000000e+01,0.000000000000000000e+00
2.167993783950805664e+00,1.806901359558105469e+01,1.000000000000000000e+01,0.000000000000000000e+00
2.804955005645751953e+00,1.815565872192382812e+01,1.000000000000000000e+01,0.000000000000000000e+00
3.757877588272094727e+00,1.804021072387695312e+01,1.000000000000000000e+01,0.000000000000000000e+00
3.008632659912109375e+00,1.825136375427246094e+01,1.000000000000000000e+01,0.000000000000000000e+00
3.429832696914672852e+00,1.832768249511718750e+01,1.000000000000000000e+01,0.000000000000000000e+00
2.022977828979492188e+00,1.811411666870117188e+01,1.000000000000000000e+01,0.000000000000000000e+00
1.881852984428405762e+00,1.798101806640625000e+01,1.000000000000000000e+01,0.000000000000000000e+00
1.557908654212951660e+00,1.785916328430175781e+01,1.000000000000000000e+01,0.000000000000000000e+00
3.866126060485839844e+00,1.825193405151367188e+01,1.000000000000000000e+01,0.000000000000000000e+00
1.547311425209045410e+00,1.787044143676757812e+01,1.000000000000000000e+01,0.000000000000000000e+00
3.178944110870361328e+00,1.822710227966308594e+01,1.000000000000000000e+01,0.000000000000000000e+00
3.193311691284179688e+00,1.814114379882812500e+01,1.000000000000000000e+01,0.000000000000000000e+00
3.177745103836059570e+00,1.815425491333007812e+01,1.000000000000000000e+01,0.000000000000000000e+00
3.948015451431274414e+00,1.806594085693359375e+01,1.000000000000000000e+01,0.000000000000000000e+00
3.377368211746215820e+00,1.834286117553710938e+01,1.000000000000000000e+01,0.000000000000000000e+00
3.794094085693359375e+00,1.826235008239746094e+01,1.000000000000000000e+01,0.000000000000000000e+00
3.502088069915771484e+00,1.834842300415039062e+01,1.000000000000000000e+01,0.000000000000000000e+00
2.124694824218750000e+00,1.812180900573730469e+01,1.000000000000000000e+01,0.000000000000000000e+00
3.051328659057617188e+00,1.811529541015625000e+01,1.000000000000000000e+01,0.000000000000000000e+00
3.544085741043090820e+00,1.810159873962402344e+01,1.000000000000000000e+01,0.000000000000000000e+00
2.491315126419067383e+00,1.805706405639648438e+01,1.000000000000000000e+01,0.000000000000000000e+00
3.396740674972534180e+00,1.811509895324707031e+01,1.000000000000000000e+01,0.000000000000000000e+00
2.185945749282836914e+00,1.810981559753417969e+01,1.000000000000000000e+01,0.000000000000000000e+00
3.340542554855346680e+00,1.829945373535156250e+01,1.000000000000000000e+01,0.000000000000000000e+00
2.729156732559204102e+00,1.820719146728515625e+01,1.000000000000000000e+01,0.000000000000000000e+00
3.879694938659667969e+00,1.806111907958984375e+01,1.000000000000000000e+01,0.000000000000000000e+00
1.561521887779235840e+00,1.785564041137695312e+01,1.000000000000000000e+01,0.000000000000000000e+00
3.188587427139282227e+00,1.825775718688964844e+01,1.000000000000000000e+01,0.000000000000000000e+00
3.886617898941040039e+00,1.808853721618652344e+01,1.000000000000000000e+01,0.000000000000000000e+00
3.534071207046508789e+00,1.819780731201171875e+01,1.000000000000000000e+01,0.000000000000000000e+00
2.624686717987060547e+00,1.827919387817382812e+01,1.000000000000000000e+01,0.000000000000000000e+00
1.560622453689575195e+00,1.785754966735839844e+01,1.000000000000000000e+01,0.000000000000000000e+00
3.355722665786743164e+00,1.814377784729003906e+01,1.000000000000000000e+01,0.000000000000000000e+00
4.086665630340576172e+00,1.818332290649414062e+01,1.000000000000000000e+01,0.000000000000000000e+00
4.069243431091308594e+00,1.810241127014160156e+01,1.000000000000000000e+01,0.000000000000000000e+00
3.296711683273315430e+00,1.825329589843750000e+01,1.000000000000000000e+01,0.000000000000000000e+00
2.188994169235229492e+00,1.812936019897460938e+01,1.000000000000000000e+01,0.000000000000000000e+00
3.536776781082153320e+00,1.813374328613281250e+01,1.000000000000000000e+01,0.000000000000000000e+00
1.561168074607849121e+00,1.784579086303710938e+01,1.000000000000000000e+01,0.000000000000000000e+00
2.892546653747558594e+00,1.822431373596191406e+01,1.000000000000000000e+01,0.000000000000000000e+00
2.148192644119262695e+00,1.816756629943847656e+01,1.000000000000000000e+01,0.000000000000000000e+00
1.585228800773620605e+00,1.786904525756835938e+01,1.000000000000000000e+01,0.000000000000000000e+00
2.644761085510253906e+00,1.820352745056152344e+01,1.000000000000000000e+01,0.000000000000000000e+00
2.490547180175781250e+00,1.812382316589355469e+01,1.000000000000000000e+01,0.000000000000000000e+00
4.123886585235595703e+00,1.807094192504882812e+01,1.000000000000000000e+01,0.000000000000000000e+00
3.819969654083251953e+00,1.803516006469726562e+01,1.000000000000000000e+01,0.000000000000000000e+00
4.070903301239013672e+00,1.806893539428710938e+01,1.000000000000000000e+01,0.000000000000000000e+00
3.098973989486694336e+00,1.811316299438476562e+01,1.000000000000000000e+01,0.000000000000000000e+00
3.414684534072875977e+00,1.835384368896484375e+01,1.000000000000000000e+01,0.000000000000000000e+00
2.868414878845214844e+00,1.817246246337890625e+01,1.000000000000000000e+01,0.000000000000000000e+00
1.534440517425537109e+00,1.784465217590332031e+01,1.000000000000000000e+01,0.000000000000000000e+00
3.459803342819213867e+00,1.830811691284179688e+01,1.000000000000000000e+01,0.000000000000000000e+00
3.774238824844360352e+00,1.826016426086425781e+01,1.000000000000000000e+01,0.000000000000000000e+00
3.802094221115112305e+00,1.805988121032714844e+01,1.000000000000000000e+01,0.000000000000000000e+00
2.081815242767333984e+00,1.810242271423339844e+01,1.000000000000000000e+01,0.000000000000000000e+00
4.051749229431152344e+00,1.821607780456542969e+01,1.000000000000000000e+01,0.000000000000000000e+00
4.140614986419677734e+00,1.802462959289550781e+01,1.000000000000000000e+01,0.000000000000000000e+00
2.068873405456542969e+00,1.806704711914062500e+01,1.000000000000000000e+01,0.000000000000000000e+00
2.015532970428466797e+00,1.803744506835937500e+01,1.000000000000000000e+01,0.000000000000000000e+00
1.615453481674194336e+00,1.787656593322753906e+01,1.000000000000000000e+01,0.000000000000000000e+00
2.645135641098022461e+00,1.822425842285156250e+01,1.000000000000000000e+01,0.000000000000000000e+00
1.857470870018005371e+00,1.797146606445312500e+01,1.000000000000000000e+01,0.000000000000000000e+00
2.923218727111816406e+00,1.823974037170410156e+01,1.000000000000000000e+01,0.000000000000000000e+00
1.627383470535278320e+00,1.788649368286132812e+01,1.000000000000000000e+01,0.000000000000000000e+00
3.332693338394165039e+00,1.817103767395019531e+01,1.000000000000000000e+01,0.000000000000000000e+00
3.254733562469482422e+00,1.833382034301757812e+01,1.000000000000000000e+01,0.000000000000000000e+00
2.221336841583251953e+00,1.811852836608886719e+01,1.000000000000000000e+01,0.000000000000000000e+00
1.563065290451049805e+00,1.785767745971679688e+01,1.000000000000000000e+01,0.000000000000000000e+00
4.110923767089843750e+00,1.809767532348632812e+01,1.000000000000000000e+01,0.000000000000000000e+00
3.265816926956176758e+00,1.824127006530761719e+01,1.000000000000000000e+01,0.000000000000000000e+00
1.638280034065246582e+00,1.790131568908691406e+01,1.000000000000000000e+01,0.000000000000000000e+00
1.638830423355102539e+00,1.786737442016601562e+01,1.000000000000000000e+01,0.000000000000000000e+00
2.011462450027465820e+00,1.803660011291503906e+01,1.000000000000000000e+01,0.000000000000000000e+00
2.366903305053710938e+00,1.818081283569335938e+01,1.000000000000000000e+01,0.000000000000000000e+00
1.616423487663269043e+00,1.788412284851074219e+01,1.000000000000000000e+01,0.000000000000000000e+00
2.706666707992553711e+00,1.813294792175292969e+01,1.000000000000000000e+01,0.000000000000000000e+00
1.639990091323852539e+00,1.789910507202148438e+01,1.000000000000000000e+01,0.000000000000000000e+00
2.090269088745117188e+00,1.809508132934570312e+01,1.000000000000000000e+01,0.000000000000000000e+00
3.477940320968627930e+00,1.805267333984375000e+01,1.000000000000000000e+01,0.000000000000000000e+00
4.173139572143554688e+00,1.809082031250000000e+01,1.000000000000000000e+01,0.000000000000000000e+00
1.649134039878845215e+00,1.789686393737792969e+01,1.000000000000000000e+01,0.000000000000000000e+00
1.590170621871948242e+00,1.787217330932617188e+01,1.000000000000000000e+01,0.000000000000000000e+00
2.201654911041259766e+00,1.811776161193847656e+01,1.000000000000000000e+01,0.000000000000000000e+00
3.804597139358520508e+00,1.806011199951171875e+01,1.000000000000000000e+01,0.000000000000000000e+00
1.695217132568359375e+00,1.791859626770019531e+01,1.000000000000000000e+01,0.000000000000000000e+00
3.297101497650146484e+00,1.828009796142578125e+01,1.000000000000000000e+01,0.000000000000000000e+00
3.990225076675415039e+00,1.820701408386230469e+01,1.000000000000000000e+01,0.000000000000000000e+00
2.006250381469726562e+00,1.800832748413085938e+01,1.000000000000000000e+01,0.000000000000000000e+00
4.106616973876953125e+00,1.807660865783691406e+01,1.000000000000000000e+01,0.000000000000000000e+00
3.617432594299316406e+00,1.814913940429687500e+01,1.000000000000000000e+01,0.000000000000000000e+00
2.489167690277099609e+00,1.826739120483398438e+01,1.000000000000000000e+01,0.000000000000000000e+00
4.110722541809082031e+00,1.804867744445800781e+01,1.000000000000000000e+01,0.000000000000000000e+00
4.154667854309082031e+00,1.810972595214843750e+01,1.000000000000000000e+01,0.000000000000000000e+00
3.566674709320068359e+00,1.823625183105468750e+01,1.000000000000000000e+01,0.000000000000000000e+00
1.996757030487060547e+00,1.809405517578125000e+01,1.000000000000000000e+01,0.000000000000000000e+00
1.876359343528747559e+00,1.794316864013671875e+01,1.000000000000000000e+01,0.000000000000000000e+00
1.950432062149047852e+00,1.806308746337890625e+01,1.000000000000000000e+01,0.000000000000000000e+00
4.064796447753906250e+00,1.813591194152832031e+01,1.000000000000000000e+01,0.000000000000000000e+00
2.816768884658813477e+00,1.823726272583007812e+01,1.000000000000000000e+01,0.000000000000000000e+00
4.081404209136962891e+00,1.816709709167480469e+01,1.000000000000000000e+01,0.000000000000000000e+00
2.053279638290405273e+00,1.809107589721679688e+01,1.000000000000000000e+01,0.000000000000000000e+00
3.156663656234741211e+00,1.811982727050781250e+01,1.000000000000000000e+01,0.000000000000000000e+00
2.048558235168457031e+00,1.806561660766601562e+01,1.000000000000000000e+01,0.000000000000000000e+00
2.235724210739135742e+00,1.814239311218261719e+01,1.000000000000000000e+01,0.000000000000000000e+00
4.158382415771484375e+00,1.806126976013183594e+01,1.000000000000000000e+01,0.000000000000000000e+00
3.502665042877197266e+00,1.807967948913574219e+01,1.000000000000000000e+01,0.000000000000000000e+00
2.633900403976440430e+00,1.822955322265625000e+01,1.000000000000000000e+01,0.000000000000000000e+00
4.115444183349609375e+00,1.811046218872070312e+01,1.000000000000000000e+01,0.000000000000000000e+00
4.165581703186035156e+00,1.813778877258300781e+01,1.000000000000000000e+01,0.000000000000000000e+00
3.236969947814941406e+00,1.809115791320800781e+01,1.000000000000000000e+01,0.000000000000000000e+00
1.556937456130981445e+00,1.785094451904296875e+01,1.000000000000000000e+01,0.000000000000000000e+00
1.573997497558593750e+00,1.786368751525878906e+01,1.000000000000000000e+01,0.000000000000000000e+00
1.611111998558044434e+00,1.788020706176757812e+01,1.000000000000000000e+01,0.000000000000000000e+00
4.089494228363037109e+00,1.802775573730468750e+01,1.000000000000000000e+01,0.000000000000000000e+00
1.676011562347412109e+00,1.792107009887695312e+01,1.000000000000000000e+01,0.000000000000000000e+00
1.671816945075988770e+00,1.791838645935058594e+01,1.000000000000000000e+01,0.000000000000000000e+00
3.192761421203613281e+00,1.825584793090820312e+01,1.000000000000000000e+01,0.000000000000000000e+00
2.168803930282592773e+00,1.810009002685546875e+01,1.000000000000000000e+01,0.000000000000000000e+00
2.080500125885009766e+00,1.806924438476562500e+01,1.000000000000000000e+01,0.000000000000000000e+00
2.070070981979370117e+00,1.807565879821777344e+01,1.000000000000000000e+01,0.000000000000000000e+00
4.007375717163085938e+00,1.821548843383789062e+01,1.000000000000000000e+01,0.000000000000000000e+00
2.024786949157714844e+00,1.809317970275878906e+01,1.000000000000000000e+01,0.000000000000000000e+00
2.586756467819213867e+00,1.816678810119628906e+01,1.000000000000000000e+01,0.000000000000000000e+00
2.446736812591552734e+00,1.808683586120605469e+01,1.000000000000000000e+01,0.000000000000000000e+00
3.378950119018554688e+00,1.817997550964355469e+01,1.000000000000000000e+01,0.000000000000000000e+00
4.001898765563964844e+00,1.819678306579589844e+01,1.000000000000000000e+01,0.000000000000000000e+00
4.044740200042724609e+00,1.808195495605468750e+01,1.000000000000000000e+01,0.000000000000000000e+00
3.412800073623657227e+00,1.831257057189941406e+01,1.000000000000000000e+01,0.000000000000000000e+00
3.193161010742187500e+00,1.811257171630859375e+01,1.000000000000000000e+01,0.000000000000000000e+00
2.677687168121337891e+00,1.814989089965820312e+01,1.000000000000000000e+01,0.000000000000000000e+00
3.040683269500732422e+00,1.074519348144531250e+01,1.200000000000000000e+01,0.000000000000000000e+00
3.121890306472778320e+00,1.123543834686279297e+01,1.200000000000000000e+01,0.000000000000000000e+00
3.040466070175170898e+00,1.039436531066894531e+01,1.200000000000000000e+01,0.000000000000000000e+00
3.031055927276611328e+00,1.041372871398925781e+01,1.200000000000000000e+01,0.000000000000000000e+00
2.551327943801879883e+00,1.078011608123779297e+01,9.000000000000000000e+00,0.000000000000000000e+00
3.552094936370849609e+00,1.035020160675048828e+01,1.200000000000000000e+01,0.000000000000000000e+00
2.935472249984741211e+00,1.018256473541259766e+01,9.000000000000000000e+00,0.000000000000000000e+00
3.094469785690307617e+00,1.031622123718261719e+01,1.200000000000000000e+01,0.000000000000000000e+00
2.567345380783081055e+00,1.140313720703125000e+01,1.200000000000000000e+01,0.000000000000000000e+00
2.733661174774169922e+00,1.059745788574218750e+01,1.200000000000000000e+01,0.000000000000000000e+00
2.707959175109863281e+00,1.008023262023925781e+01,1.200000000000000000e+01,0.000000000000000000e+00
3.110452175140380859e+00,1.049893856048583984e+01,1.200000000000000000e+01,0.000000000000000000e+00
2.592525243759155273e+00,1.030367088317871094e+01,1.200000000000000000e+01,0.000000000000000000e+00
2.533720970153808594e+00,1.142869281768798828e+01,1.200000000000000000e+01,0.000000000000000000e+00
2.866162300109863281e+00,1.081977653503417969e+01,1.200000000000000000e+01,0.000000000000000000e+00
2.178320884704589844e+00,1.116481876373291016e+01,1.200000000000000000e+01,0.000000000000000000e+00
2.977191686630249023e+00,1.068590641021728516e+01,1.200000000000000000e+01,0.000000000000000000e+00
2.137306451797485352e+00,1.101663017272949219e+01,1.200000000000000000e+01,0.000000000000000000e+00
3.221606492996215820e+00,1.120652103424072266e+01,9.000000000000000000e+00,0.000000000000000000e+00
3.357883930206298828e+00,1.067255115509033203e+01,1.200000000000000000e+01,0.000000000000000000e+00
2.306525230407714844e+00,1.107030105590820312e+01,1.200000000000000000e+01,0.000000000000000000e+00
2.845319271087646484e+00,1.100893020629882812e+01,1.200000000000000000e+01,0.000000000000000000e+00
2.176037788391113281e+00,1.097574329376220703e+01,9.000000000000000000e+00,0.000000000000000000e+00
2.506856203079223633e+00,1.143280124664306641e+01,1.200000000000000000e+01,0.000000000000000000e+00
3.561310529708862305e+00,1.035416030883789062e+01,1.200000000000000000e+01,0.000000000000000000e+00
2.479708909988403320e+00,1.053670120239257812e+01,1.200000000000000000e+01,0.000000000000000000e+00
3.073444128036499023e+00,1.094839000701904297e+01,1.200000000000000000e+01,0.000000000000000000e+00
2.715865135192871094e+00,1.074020290374755859e+01,1.200000000000000000e+01,0.000000000000000000e+00
3.132673740386962891e+00,1.028072929382324219e+01,1.200000000000000000e+01,0.000000000000000000e+00
2.604329347610473633e+00,1.029321575164794922e+01,1.200000000000000000e+01,0.000000000000000000e+00
3.183468818664550781e+00,1.103247737884521484e+01,1.200000000000000000e+01,0.000000000000000000e+00
2.132144689559936523e+00,1.105169010162353516e+01,1.200000000000000000e+01,0.000000000000000000e+00
2.744882583618164062e+00,1.004009437561035156e+01,1.200000000000000000e+01,0.000000000000000000e+00
2.157439231872558594e+00,1.107730102539062500e+01,1.200000000000000000e+01,0.000000000000000000e+00
3.244864940643310547e+00,1.082421302795410156e+01,1.200000000000000000e+01,0.000000000000000000e+00
3.029226779937744141e+00,1.059148788452148438e+01,1.200000000000000000e+01,0.000000000000000000e+00
2.387947559356689453e+00,1.094395828247070312e+01,1.200000000000000000e+01,0.000000000000000000e+00
2.800451755523681641e+00,1.075949287414550781e+01,1.200000000000000000e+01,0.000000000000000000e+00
2.516751527786254883e+00,1.086126899719238281e+01,1.200000000000000000e+01,0.000000000000000000e+00
2.511147975921630859e+00,1.051533031463623047e+01,9.000000000000000000e+00,0.000000000000000000e+00
3.010864257812500000e+00,1.036232948303222656e+01,1.200000000000000000e+01,0.000000000000000000e+00
2.499186754226684570e+00,1.142685031890869141e+01,1.200000000000000000e+01,0.000000000000000000e+00
2.181661128997802734e+00,1.097592353820800781e+01,1.200000000000000000e+01,0.000000000000000000e+00
3.240966796875000000e+00,1.041424942016601562e+01,1.200000000000000000e+01,0.000000000000000000e+00
3.068457365036010742e+00,1.108398246765136719e+01,1.200000000000000000e+01,0.000000000000000000e+00
3.195513725280761719e+00,1.043084526062011719e+01,1.200000000000000000e+01,0.000000000000000000e+00
2.165050029754638672e+00,1.098618602752685547e+01,1.200000000000000000e+01,0.000000000000000000e+00
2.891149282455444336e+00,1.072755050659179688e+01,1.200000000000000000e+01,0.000000000000000000e+00
3.519281387329101562e+00,1.034852886199951172e+01,1.200000000000000000e+01,0.000000000000000000e+00
2.630984306335449219e+00,1.019891452789306641e+01,1.200000000000000000e+01,0.000000000000000000e+00
2.558621168136596680e+00,1.141450309753417969e+01,1.200000000000000000e+01,0.000000000000000000e+00
2.650689363479614258e+00,1.075193023681640625e+01,1.200000000000000000e+01,0.000000000000000000e+00
3.081825017929077148e+00,1.036901473999023438e+01,1.200000000000000000e+01,0.000000000000000000e+00
3.034682273864746094e+00,1.130154514312744141e+01,9.000000000000000000e+00,0.000000000000000000e+00
2.664212703704833984e+00,1.011424350738525391e+01,1.200000000000000000e+01,0.000000000000000000e+00
2.140876054763793945e+00,1.109243202209472656e+01,1.200000000000000000e+01,0.000000000000000000e+00
3.296526670455932617e+00,1.040043926239013672e+01,1.200000000000000000e+01,0.000000000000000000e+00
2.886424303054809570e+00,1.072689437866210938e+01,1.200000000000000000e+01,0.000000000000000000e+00
2.432151317596435547e+00,1.117655658721923828e+01,1.200000000000000000e+01,0.000000000000000000e+00
3.057373285293579102e+00,1.125148868560791016e+01,1.200000000000000000e+01,0.000000000000000000e+00
2.956980466842651367e+00,1.015511417388916016e+01,9.000000000000000000e+00,0.000000000000000000e+00
2.845446109771728516e+00,1.014877223968505859e+01,1.200000000000000000e+01,0.000000000000000000e+00
2.413489818572998047e+00,1.138183879852294922e+01,1.200000000000000000e+01,0.000000000000000000e+00
3.150039672851562500e+00,1.113773155212402344e+01,1.200000000000000000e+01,0.000000000000000000e+00
2.539407730102539062e+00,1.064720630645751953e+01,1.200000000000000000e+01,0.000000000000000000e+00
3.268836021423339844e+00,1.041278362274169922e+01,1.200000000000000000e+01,0.000000000000000000e+00
2.483836174011230469e+00,1.141575622558593750e+01,1.200000000000000000e+01,0.000000000000000000e+00
3.099507570266723633e+00,1.097813129425048828e+01,9.000000000000000000e+00,0.000000000000000000e+00
2.723786354064941406e+00,1.006201267242431641e+01,1.200000000000000000e+01,0.000000000000000000e+00
2.138035297393798828e+00,1.100663185119628906e+01,1.200000000000000000e+01,0.000000000000000000e+00
2.205516338348388672e+00,1.093996143341064453e+01,1.200000000000000000e+01,0.000000000000000000e+00
3.225623130798339844e+00,1.116484260559082031e+01,9.000000000000000000e+00,0.000000000000000000e+00
3.546496629714965820e+00,1.035471248626708984e+01,1.200000000000000000e+01,0.000000000000000000e+00
2.409414768218994141e+00,1.109981536865234375e+01,1.200000000000000000e+01,0.000000000000000000e+00
3.121385097503662109e+00,1.109634304046630859e+01,1.200000000000000000e+01,0.000000000000000000e+00
2.518699169158935547e+00,1.122903442382812500e+01,1.200000000000000000e+01,0.000000000000000000e+00
3.050485134124755859e+00,1.028662490844726562e+01,1.200000000000000000e+01,0.000000000000000000e+00
3.167665719985961914e+00,1.044854831695556641e+01,1.200000000000000000e+01,0.000000000000000000e+00
2.905677318572998047e+00,1.043923664093017578e+01,1.200000000000000000e+01,0.000000000000000000e+00
3.099566459655761719e+00,1.117734432220458984e+01,1.200000000000000000e+01,0.000000000000000000e+00
2.703199863433837891e+00,1.009997272491455078e+01,1.200000000000000000e+01,0.000000000000000000e+00
3.089658737182617188e+00,1.041471767425537109e+01,1.200000000000000000e+01,0.000000000000000000e+00
2.236359834671020508e+00,1.101983165740966797e+01,1.200000000000000000e+01,0.000000000000000000e+00
3.094077825546264648e+00,1.130002021789550781e+01,9.000000000000000000e+00,0.000000000000000000e+00
2.550347089767456055e+00,1.085680198669433594e+01,1.200000000000000000e+01,0.000000000000000000e+00
2.145970344543457031e+00,1.117545509338378906e+01,1.200000000000000000e+01,0.000000000000000000e+00
3.076380491256713867e+00,1.110875797271728516e+01,1.200000000000000000e+01,0.000000000000000000e+00
2.494160413742065430e+00,1.142587280273437500e+01,1.200000000000000000e+01,0.000000000000000000e+00
2.569369077682495117e+00,1.078281879425048828e+01,1.200000000000000000e+01,0.000000000000000000e+00
2.238087415695190430e+00,1.119795227050781250e+01,1.200000000000000000e+01,0.000000000000000000e+00
2.402275562286376953e+00,1.102977848052978516e+01,1.200000000000000000e+01,0.000000000000000000e+00
2.673165321350097656e+00,1.016715908050537109e+01,1.200000000000000000e+01,0.000000000000000000e+00
2.710724592208862305e+00,1.004059505462646484e+01,9.000000000000000000e+00,0.000000000000000000e+00
2.840190410614013672e+00,1.012104892730712891e+01,9.000000000000000000e+00,0.000000000000000000e+00
2.698339700698852539e+00,1.010251522064208984e+01,1.200000000000000000e+01,0.000000000000000000e+00
3.062416791915893555e+00,1.119942188262939453e+01,1.200000000000000000e+01,0.000000000000000000e+00
2.543442010879516602e+00,1.137590980529785156e+01,1.200000000000000000e+01,0.000000000000000000e+00
2.701596260070800781e+00,1.009425830841064453e+01,1.200000000000000000e+01,0.000000000000000000e+00
3.081817626953125000e+00,1.059776878356933594e+01,1.200000000000000000e+01,0.000000000000000000e+00
3.355187892913818359e+00,1.058076858520507812e+01,1.200000000000000000e+01,0.000000000000000000e+00
3.557914733886718750e+00,1.035307216644287109e+01,9.000000000000000000e+00,0.000000000000000000e+00
3.157626628875732422e+00,1.096675014495849609e+01,1.200000000000000000e+01,0.000000000000000000e+00
2.611774444580078125e+00,1.085718345642089844e+01,1.200000000000000000e+01,0.000000000000000000e+00
2.483195543289184570e+00,1.141822719573974609e+01,1.200000000000000000e+01,0.000000000000000000e+00
3.067802906036376953e+00,1.105593490600585938e+01,1.200000000000000000e+01,0.000000000000000000e+00
3.230964183807373047e+00,1.083050060272216797e+01,1.200000000000000000e+01,0.000000000000000000e+00
2.982926845550537109e+00,1.058730506896972656e+01,1.200000000000000000e+01,0.000000000000000000e+00
2.681721687316894531e+00,1.028120422363281250e+01,1.200000000000000000e+01,0.000000000000000000e+00
2.704756975173950195e+00,1.070419216156005859e+01,1.200000000000000000e+01,0.000000000000000000e+00
2.200094461441040039e+00,1.095841217041015625e+01,9.000000000000000000e+00,0.000000000000000000e+00
3.561910152435302734e+00,1.035084342956542969e+01,1.200000000000000000e+01,0.000000000000000000e+00
2.107472181320190430e+00,1.106632709503173828e+01,9.000000000000000000e+00,0.000000000000000000e+00
2.604938983917236328e+00,1.074561595916748047e+01,1.200000000000000000e+01,0.000000000000000000e+00
2.150830030441284180e+00,1.103094005584716797e+01,1.200000000000000000e+01,0.000000000000000000e+00
3.436734199523925781e+00,1.039490509033203125e+01,1.200000000000000000e+01,0.000000000000000000e+00
2.658737421035766602e+00,1.017255496978759766e+01,1.200000000000000000e+01,0.000000000000000000e+00
2.557459592819213867e+00,1.069208431243896484e+01,1.200000000000000000e+01,0.000000000000000000e+00
3.105240821838378906e+00,1.119480800628662109e+01,1.200000000000000000e+01,0.000000000000000000e+00
3.270623207092285156e+00,1.077128505706787109e+01,1.200000000000000000e+01,0.000000000000000000e+00
2.453009843826293945e+00,1.096702194213867188e+01,1.200000000000000000e+01,0.000000000000000000e+00
2.712801218032836914e+00,1.009424781799316406e+01,1.200000000000000000e+01,0.000000000000000000e+00
2.989249944686889648e+00,1.019569587707519531e+01,1.200000000000000000e+01,0.000000000000000000e+00
2.711442708969116211e+00,1.028170585632324219e+01,1.200000000000000000e+01,0.000000000000000000e+00
2.851386308670043945e+00,1.027202701568603516e+01,1.200000000000000000e+01,0.000000000000000000e+00
2.485112905502319336e+00,1.142007350921630859e+01,1.200000000000000000e+01,0.000000000000000000e+00
2.851722955703735352e+00,1.065431880950927734e+01,1.200000000000000000e+01,0.000000000000000000e+00
2.536251783370971680e+00,1.084486103057861328e+01,1.200000000000000000e+01,0.000000000000000000e+00
3.124662876129150391e+00,1.042360496520996094e+01,1.200000000000000000e+01,0.000000000000000000e+00
3.491071462631225586e+00,1.042452621459960938e+01,1.200000000000000000e+01,0.000000000000000000e+00
2.478853464126586914e+00,1.139945793151855469e+01,1.200000000000000000e+01,0.000000000000000000e+00
3.132508516311645508e+00,1.092976093292236328e+01,1.200000000000000000e+01,0.000000000000000000e+00
2.364689111709594727e+00,1.136781120300292969e+01,1.200000000000000000e+01,0.000000000000000000e+00
2.548722028732299805e+00,1.061488342285156250e+01,1.200000000000000000e+01,0.000000000000000000e+00
3.104164600372314453e+00,1.024507522583007812e+01,1.200000000000000000e+01,0.000000000000000000e+00
3.442679643630981445e+00,1.030512332916259766e+01,9.000000000000000000e+00,0.000000000000000000e+00
2.691230058670043945e+00,1.008179664611816406e+01,9.000000000000000000e+00,0.000000000000000000e+00
3.164684057235717773e+00,1.040138530731201172e+01,1.200000000000000000e+01,0.000000000000000000e+00
3.159775733947753906e+00,1.125856876373291016e+01,1.200000000000000000e+01,0.000000000000000000e+00
3.283707857131958008e+00,1.119055080413818359e+01,9.000000000000000000e+00,0.000000000000000000e+00
2.405053853988647461e+00,1.111507797241210938e+01,1.200000000000000000e+01,0.000000000000000000e+00
2.939404249191284180e+00,1.057230377197265625e+01,1.200000000000000000e+01,0.000000000000000000e+00
2.340089321136474609e+00,1.101105499267578125e+01,1.200000000000000000e+01,0.000000000000000000e+00
2.495963335037231445e+00,1.144062423706054688e+01,1.200000000000000000e+01,0.000000000000000000e+00
3.503107786178588867e+00,1.032323551177978516e+01,9.000000000000000000e+00,0.000000000000000000e+00
2.900684118270874023e+00,1.012897396087646484e+01,9.000000000000000000e+00,0.000000000000000000e+00
2.544502496719360352e+00,1.085113811492919922e+01,1.200000000000000000e+01,0.000000000000000000e+00
1.242113685607910156e+01,1.105603122711181641e+01,1.200000000000000000e+01,0.000000000000000000e+00
3.137811660766601562e+00,1.051011180877685547e+01,1.200000000000000000e+01,0.000000000000000000e+00
3.125430107116699219e+00,1.050657463073730469e+01,1.200000000000000000e+01,0.000000000000000000e+00
2.470985174179077148e+00,1.136849689483642578e+01,1.200000000000000000e+01,0.000000000000000000e+00
2.714172124862670898e+00,1.073311519622802734e+01,1.200000000000000000e+01,0.000000000000000000e+00
2.450585365295410156e+00,1.107827949523925781e+01,1.200000000000000000e+01,0.000000000000000000e+00
3.310155868530273438e+00,1.059201812744140625e+01,1.200000000000000000e+01,0.000000000000000000e+00
2.249476432800292969e+00,1.084688091278076172e+01,9.000000000000000000e+00,0.000000000000000000e+00
2.859152078628540039e+00,1.019812583923339844e+01,1.200000000000000000e+01,0.000000000000000000e+00
2.731058359146118164e+00,1.011220455169677734e+01,1.200000000000000000e+01,0.000000000000000000e+00
2.160729169845581055e+00,1.097240638732910156e+01,1.200000000000000000e+01,0.000000000000000000e+00
2.588540792465209961e+00,1.027805423736572266e+01,1.200000000000000000e+01,0.000000000000000000e+00
3.134447574615478516e+00,1.120535087585449219e+01,1.200000000000000000e+01,0.000000000000000000e+00
3.298224449157714844e+00,1.042440128326416016e+01,1.200000000000000000e+01,0.000000000000000000e+00
2.799520492553710938e+00,1.014695072174072266e+01,1.200000000000000000e+01,0.000000000000000000e+00
3.107728481292724609e+00,1.110626602172851562e+01,1.200000000000000000e+01,0.000000000000000000e+00
3.091828107833862305e+00,1.122378635406494141e+01,1.200000000000000000e+01,0.000000000000000000e+00
3.561170578002929688e+00,1.034662818908691406e+01,9.000000000000000000e+00,0.000000000000000000e+00
2.959297180175781250e+00,1.082750797271728516e+01,1.200000000000000000e+01,0.000000000000000000e+00
3.078272581100463867e+00,1.108096981048583984e+01,1.200000000000000000e+01,0.000000000000000000e+00
3.488231897354125977e+00,1.045555782318115234e+01,1.200000000000000000e+01,0.000000000000000000e+00
3.547170162200927734e+00,1.034914779663085938e+01,1.200000000000000000e+01,0.000000000000000000e+00
2.795773983001708984e+00,1.072500896453857422e+01,1.200000000000000000e+01,0.000000000000000000e+00
3.600946187973022461e+00,1.037010765075683594e+01,9.000000000000000000e+00,0.000000000000000000e+00
3.071249961853027344e+00,1.124605464935302734e+01,1.200000000000000000e+01,0.000000000000000000e+00
2.490824699401855469e+00,1.144275665283203125e+01,1.200000000000000000e+01,0.000000000000000000e+00
3.166029691696166992e+00,1.031652069091796875e+01,1.200000000000000000e+01,0.000000000000000000e+00
2.246622085571289062e+00,1.114088726043701172e+01,1.200000000000000000e+01,0.000000000000000000e+00
3.131472826004028320e+00,1.115005302429199219e+01,1.200000000000000000e+01,0.000000000000000000e+00
3.194372415542602539e+00,1.045944690704345703e+01,1.200000000000000000e+01,0.000000000000000000e+00
3.522776842117309570e+00,1.032462310791015625e+01,9.000000000000000000e+00,0.000000000000000000e+00
2.834357976913452148e+00,1.011610794067382812e+01,9.000000000000000000e+00,0.000000000000000000e+00
2.404422283172607422e+00,1.072712516784667969e+01,1.200000000000000000e+01,0.000000000000000000e+00
2.136484146118164062e+00,1.103957653045654297e+01,1.200000000000000000e+01,0.000000000000000000e+00
3.051223993301391602e+00,1.105271339416503906e+01,1.200000000000000000e+01,0.000000000000000000e+00
2.373985290527343750e+00,1.099431991577148438e+01,1.200000000000000000e+01,0.000000000000000000e+00
3.543749332427978516e+00,1.034536743164062500e+01,1.200000000000000000e+01,0.000000000000000000e+00
2.726778984069824219e+00,1.009570980072021484e+01,1.200000000000000000e+01,0.000000000000000000e+00
2.477720022201538086e+00,1.125147819519042969e+01,1.200000000000000000e+01,0.000000000000000000e+00
2.535718679428100586e+00,1.084259700775146484e+01,1.200000000000000000e+01,0.000000000000000000e+00
3.523012876510620117e+00,1.036772346496582031e+01,1.200000000000000000e+01,0.000000000000000000e+00
3.089845180511474609e+00,1.115871715545654297e+01,1.200000000000000000e+01,0.000000000000000000e+00
2.552319049835205078e+00,1.085468006134033203e+01,1.200000000000000000e+01,0.000000000000000000e+00
2.636145353317260742e+00,1.037284278869628906e+01,1.200000000000000000e+01,0.000000000000000000e+00
2.478553771972656250e+00,1.081377601623535156e+01,1.200000000000000000e+01,0.000000000000000000e+00
2.682844161987304688e+00,1.011551380157470703e+01,1.200000000000000000e+01,0.000000000000000000e+00
2.304294109344482422e+00,1.103131771087646484e+01,1.200000000000000000e+01,0.000000000000000000e+00
2.500181674957275391e+00,1.142249298095703125e+01,1.200000000000000000e+01,0.000000000000000000e+00
2.387652873992919922e+00,1.077798748016357422e+01,9.000000000000000000e+00,0.000000000000000000e+00
2.721789121627807617e+00,1.000853538513183594e+01,9.000000000000000000e+00,0.000000000000000000e+00
3.173195600509643555e+00,1.081234073638916016e+01,1.200000000000000000e+01,0.000000000000000000e+00
2.694168090820312500e+00,1.007111930847167969e+01,9.000000000000000000e+00,0.000000000000000000e+00
2.176656246185302734e+00,1.117079067230224609e+01,1.200000000000000000e+01,0.000000000000000000e+00
3.095547914505004883e+00,1.128331756591796875e+01,1.200000000000000000e+01,0.000000000000000000e+00
3.178865671157836914e+00,1.095564937591552734e+01,1.200000000000000000e+01,0.000000000000000000e+00
2.484920740127563477e+00,1.140466213226318359e+01,1.200000000000000000e+01,0.000000000000000000e+00
2.496538162231445312e+00,1.144118213653564453e+01,1.200000000000000000e+01,0.000000000000000000e+00
2.501483440399169922e+00,1.144378376007080078e+01,1.200000000000000000e+01,0.000000000000000000e+00
3.041764497756958008e+00,1.083242034912109375e+01,1.200000000000000000e+01,0.000000000000000000e+00
1.159310817718505859e+01,1.051185607910156250e+01,9.000000000000000000e+00,0.000000000000000000e+00
3.092337608337402344e+00,1.113047504425048828e+01,1.200000000000000000e+01,0.000000000000000000e+00
3.290344476699829102e+00,1.073570442199707031e+01,1.200000000000000000e+01,0.000000000000000000e+00
2.527264595031738281e+00,1.084963417053222656e+01,1.200000000000000000e+01,0.000000000000000000e+00
2.349085807800292969e+00,1.135528373718261719e+01,1.200000000000000000e+01,0.000000000000000000e+00
8.751931190490722656e+00,4.182805061340332031e+00,2.200000000000000000e+01,0.000000000000000000e+00
8.705028533935546875e+00,4.181015491485595703e+00,2.200000000000000000e+01,0.000000000000000000e+00
9.472134590148925781e+00,3.828622817993164062e+00,2.300000000000000000e+01,0.000000000000000000e+00
8.953374862670898438e+00,4.285663127899169922e+00,2.200000000000000000e+01,0.000000000000000000e+00
9.793327331542968750e+00,4.392539024353027344e+00,2.200000000000000000e+01,0.000000000000000000e+00
9.821014404296875000e+00,4.317492008209228516e+00,9.000000000000000000e+00,0.000000000000000000e+00
9.738883018493652344e+00,4.257493495941162109e+00,2.200000000000000000e+01,0.000000000000000000e+00
9.484354019165039062e+00,3.813044309616088867e+00,9.000000000000000000e+00,0.000000000000000000e+00
7.960436820983886719e+00,3.911384105682373047e+00,2.200000000000000000e+01,0.000000000000000000e+00
9.082236289978027344e+00,4.365869998931884766e+00,2.200000000000000000e+01,0.000000000000000000e+00
7.921274185180664062e+00,3.870345354080200195e+00,2.200000000000000000e+01,0.000000000000000000e+00
7.847445011138916016e+00,3.855859279632568359e+00,2.200000000000000000e+01,0.000000000000000000e+00
8.084562301635742188e+00,4.164383888244628906e+00,2.200000000000000000e+01,0.000000000000000000e+00
9.671929359436035156e+00,4.249775886535644531e+00,2.200000000000000000e+01,0.000000000000000000e+00
8.187023162841796875e+00,4.002312183380126953e+00,2.200000000000000000e+01,0.000000000000000000e+00
7.982395648956298828e+00,4.185186862945556641e+00,2.200000000000000000e+01,0.000000000000000000e+00
7.587214946746826172e+00,4.086039066314697266e+00,9.000000000000000000e+00,0.000000000000000000e+00
7.999462604522705078e+00,3.794119596481323242e+00,2.200000000000000000e+01,0.000000000000000000e+00
8.463245391845703125e+00,4.160843372344970703e+00,2.200000000000000000e+01,0.000000000000000000e+00
9.445096015930175781e+00,3.814664125442504883e+00,2.300000000000000000e+01,0.000000000000000000e+00
8.123722076416015625e+00,4.220251560211181641e+00,2.200000000000000000e+01,0.000000000000000000e+00
8.779206275939941406e+00,4.151220321655273438e+00,2.200000000000000000e+01,0.000000000000000000e+00
7.999148368835449219e+00,3.795428514480590820e+00,2.200000000000000000e+01,0.000000000000000000e+00
9.490376472473144531e+00,4.012043952941894531e+00,9.000000000000000000e+00,0.000000000000000000e+00
7.905050754547119141e+00,3.814548730850219727e+00,2.200000000000000000e+01,0.000000000000000000e+00
9.421717643737792969e+00,3.794834613800048828e+00,2.300000000000000000e+01,0.000000000000000000e+00
8.177444458007812500e+00,4.217288494110107422e+00,2.200000000000000000e+01,0.000000000000000000e+00
9.334403038024902344e+00,3.744766950607299805e+00,9.000000000000000000e+00,0.000000000000000000e+00
8.526541709899902344e+00,4.172626972198486328e+00,2.200000000000000000e+01,0.000000000000000000e+00
8.863268852233886719e+00,4.206900596618652344e+00,2.200000000000000000e+01,0.000000000000000000e+00
9.707448005676269531e+00,4.273054599761962891e+00,2.200000000000000000e+01,0.000000000000000000e+00
7.560692310333251953e+00,4.113665103912353516e+00,9.000000000000000000e+00,0.000000000000000000e+00
8.004494667053222656e+00,4.179861545562744141e+00,2.200000000000000000e+01,0.000000000000000000e+00
8.882582664489746094e+00,4.223679542541503906e+00,9.000000000000000000e+00,0.000000000000000000e+00
9.312876701354980469e+00,3.735477924346923828e+00,9.000000000000000000e+00,0.000000000000000000e+00
8.357967376708984375e+00,4.186255931854248047e+00,2.200000000000000000e+01,0.000000000000000000e+00
9.222517967224121094e+00,4.417658805847167969e+00,2.200000000000000000e+01,0.000000000000000000e+00
8.717560768127441406e+00,4.138457298278808594e+00,2.200000000000000000e+01,0.000000000000000000e+00
9.349328994750976562e+00,3.796010971069335938e+00,9.000000000000000000e+00,0.000000000000000000e+00
7.969569206237792969e+00,3.803918361663818359e+00,2.200000000000000000e+01,0.000000000000000000e+00
8.057238578796386719e+00,3.793764829635620117e+00,2.200000000000000000e+01,0.000000000000000000e+00
8.164240837097167969e+00,4.175011157989501953e+00,2.200000000000000000e+01,0.000000000000000000e+00
7.904440402984619141e+00,3.953317642211914062e+00,2.200000000000000000e+01,0.000000000000000000e+00
9.046320915222167969e+00,4.316834449768066406e+00,9.000000000000000000e+00,0.000000000000000000e+00
7.861203670501708984e+00,4.091556072235107422e+00,2.200000000000000000e+01,0.000000000000000000e+00
9.803721427917480469e+00,4.336527347564697266e+00,2.200000000000000000e+01,0.000000000000000000e+00
9.292505264282226562e+00,4.368966579437255859e+00,2.200000000000000000e+01,0.000000000000000000e+00
8.522664070129394531e+00,4.181117534637451172e+00,2.200000000000000000e+01,0.000000000000000000e+00
9.772404670715332031e+00,4.290858268737792969e+00,2.200000000000000000e+01,0.000000000000000000e+00
8.628869056701660156e+00,4.150864124298095703e+00,2.200000000000000000e+01,0.000000000000000000e+00
9.462430953979492188e+00,3.829397916793823242e+00,2.300000000000000000e+01,0.000000000000000000e+00
9.662458419799804688e+00,4.452254772186279297e+00,2.200000000000000000e+01,0.000000000000000000e+00
8.399897575378417969e+00,4.171228885650634766e+00,2.200000000000000000e+01,0.000000000000000000e+00
9.498230934143066406e+00,3.868510007858276367e+00,2.300000000000000000e+01,0.000000000000000000e+00
9.392224311828613281e+00,3.858051538467407227e+00,9.000000000000000000e+00,0.000000000000000000e+00
7.972224235534667969e+00,4.190084934234619141e+00,2.200000000000000000e+01,0.000000000000000000e+00
7.966761112213134766e+00,3.769328594207763672e+00,9.000000000000000000e+00,0.000000000000000000e+00
9.578950881958007812e+00,4.174009799957275391e+00,9.000000000000000000e+00,0.000000000000000000e+00
9.826395034790039062e+00,4.437616825103759766e+00,2.200000000000000000e+01,0.000000000000000000e+00
8.255284309387207031e+00,3.903032064437866211e+00,2.200000000000000000e+01,0.000000000000000000e+00
9.072402000427246094e+00,4.330225467681884766e+00,2.200000000000000000e+01,0.000000000000000000e+00
8.128093719482421875e+00,4.210813522338867188e+00,2.200000000000000000e+01,0.000000000000000000e+00
8.951764106750488281e+00,4.277297973632812500e+00,2.200000000000000000e+01,0.000000000000000000e+00
9.826731681823730469e+00,4.420276165008544922e+00,2.200000000000000000e+01,0.000000000000000000e+00
9.404063224792480469e+00,3.777484178543090820e+00,2.300000000000000000e+01,0.000000000000000000e+00
7.852403640747070312e+00,3.912853240966796875e+00,2.200000000000000000e+01,0.000000000000000000e+00
9.625424385070800781e+00,4.311098098754882812e+00,9.000000000000000000e+00,0.000000000000000000e+00
7.442431449890136719e+00,4.108311653137207031e+00,9.000000000000000000e+00,0.000000000000000000e+00
8.065629959106445312e+00,3.964063405990600586e+00,2.200000000000000000e+01,0.000000000000000000e+00
8.146427154541015625e+00,3.976358413696289062e+00,2.200000000000000000e+01,0.000000000000000000e+00
9.642730712890625000e+00,4.124890327453613281e+00,2.200000000000000000e+01,0.000000000000000000e+00
8.742126464843750000e+00,4.189131736755371094e+00,2.200000000000000000e+01,0.000000000000000000e+00
9.757934570312500000e+00,4.296776294708251953e+00,2.200000000000000000e+01,0.000000000000000000e+00
9.333262443542480469e+00,3.740900754928588867e+00,9.000000000000000000e+00,0.000000000000000000e+00
9.843051910400390625e+00,4.410313606262207031e+00,9.000000000000000000e+00,0.000000000000000000e+00
9.460572242736816406e+00,3.861657857894897461e+00,9.000000000000000000e+00,0.000000000000000000e+00
9.802221298217773438e+00,4.413540840148925781e+00,2.200000000000000000e+01,0.000000000000000000e+00
7.128558158874511719e+00,4.117401123046875000e+00,9.000000000000000000e+00,0.000000000000000000e+00
8.232010841369628906e+00,4.040568351745605469e+00,2.200000000000000000e+01,0.000000000000000000e+00
8.787099838256835938e+00,4.209130764007568359e+00,2.200000000000000000e+01,0.000000000000000000e+00
8.232090950012207031e+00,4.243031501770019531e+00,2.200000000000000000e+01,0.000000000000000000e+00
9.406975746154785156e+00,4.286314010620117188e+00,2.200000000000000000e+01,0.000000000000000000e+00
9.670166015625000000e+00,4.212996482849121094e+00,2.200000000000000000e+01,0.000000000000000000e+00
7.823568820953369141e+00,3.868566274642944336e+00,2.200000000000000000e+01,0.000000000000000000e+00
8.278197288513183594e+00,3.998046398162841797e+00,2.200000000000000000e+01,0.000000000000000000e+00
9.595007896423339844e+00,4.237531185150146484e+00,2.200000000000000000e+01,0.000000000000000000e+00
8.441843986511230469e+00,4.153738975524902344e+00,2.200000000000000000e+01,0.000000000000000000e+00
8.343660354614257812e+00,4.006430149078369141e+00,2.200000000000000000e+01,0.000000000000000000e+00
9.462765693664550781e+00,3.863811969757080078e+00,2.300000000000000000e+01,0.000000000000000000e+00
8.960052490234375000e+00,4.221402168273925781e+00,2.200000000000000000e+01,0.000000000000000000e+00
7.945410728454589844e+00,3.817992925643920898e+00,2.200000000000000000e+01,0.000000000000000000e+00
7.993661880493164062e+00,3.815431118011474609e+00,2.200000000000000000e+01,0.000000000000000000e+00
9.369673728942871094e+00,4.411116600036621094e+00,2.200000000000000000e+01,0.000000000000000000e+00
7.552569389343261719e+00,3.999455451965332031e+00,9.000000000000000000e+00,0.000000000000000000e+00
7.975829601287841797e+00,3.881955146789550781e+00,2.200000000000000000e+01,0.000000000000000000e+00
9.177092552185058594e+00,4.362377166748046875e+00,2.200000000000000000e+01,0.000000000000000000e+00
9.827449798583984375e+00,4.365546226501464844e+00,9.000000000000000000e+00,0.000000000000000000e+00
9.837998390197753906e+00,4.412857055664062500e+00,9.000000000000000000e+00,0.000000000000000000e+00
8.177392005920410156e+00,4.221517562866210938e+00,2.200000000000000000e+01,0.000000000000000000e+00
8.399101257324218750e+00,4.033252716064453125e+00,2.200000000000000000e+01,0.000000000000000000e+00
9.704513549804687500e+00,4.224040031433105469e+00,2.200000000000000000e+01,0.000000000000000000e+00
9.741071701049804688e+00,4.448021411895751953e+00,2.200000000000000000e+01,0.000000000000000000e+00
9.760356903076171875e+00,4.282367229461669922e+00,9.000000000000000000e+00,0.000000000000000000e+00
9.572630882263183594e+00,4.268522739410400391e+00,2.200000000000000000e+01,0.000000000000000000e+00
9.781645774841308594e+00,4.322301864624023438e+00,9.000000000000000000e+00,0.000000000000000000e+00
9.319476127624511719e+00,3.720812559127807617e+00,9.000000000000000000e+00,0.000000000000000000e+00
9.459777832031250000e+00,3.806229829788208008e+00,2.300000000000000000e+01,0.000000000000000000e+00
8.039230346679687500e+00,4.122364521026611328e+00,2.200000000000000000e+01,0.000000000000000000e+00
9.201032638549804688e+00,3.700129508972167969e+00,9.000000000000000000e+00,0.000000000000000000e+00
9.232745170593261719e+00,3.753067493438720703e+00,9.000000000000000000e+00,0.000000000000000000e+00
8.492774963378906250e+00,4.109902381896972656e+00,2.200000000000000000e+01,0.000000000000000000e+00
8.174457550048828125e+00,4.250522613525390625e+00,2.200000000000000000e+01,0.000000000000000000e+00
8.932168006896972656e+00,4.161662578582763672e+00,9.000000000000000000e+00,0.000000000000000000e+00
9.267383575439453125e+00,3.734488725662231445e+00,9.000000000000000000e+00,0.000000000000000000e+00
9.520859718322753906e+00,4.442113876342773438e+00,2.200000000000000000e+01,0.000000000000000000e+00
9.309087753295898438e+00,4.397820949554443359e+00,2.200000000000000000e+01,0.000000000000000000e+00
8.571184158325195312e+00,4.102659225463867188e+00,2.200000000000000000e+01,0.000000000000000000e+00
7.629868984222412109e+00,4.065604209899902344e+00,9.000000000000000000e+00,0.000000000000000000e+00
6.973228931427001953e+00,4.115053176879882812e+00,2.100000000000000000e+01,0.000000000000000000e+00
9.783209800720214844e+00,4.314436435699462891e+00,9.000000000000000000e+00,0.000000000000000000e+00
8.959691047668457031e+00,4.276840686798095703e+00,2.200000000000000000e+01,0.000000000000000000e+00
9.271424293518066406e+00,3.717521905899047852e+00,9.000000000000000000e+00,0.000000000000000000e+00
9.839217185974121094e+00,4.474961757659912109e+00,9.000000000000000000e+00,0.000000000000000000e+00
8.207265853881835938e+00,3.984683036804199219e+00,2.200000000000000000e+01,0.000000000000000000e+00
7.994732379913330078e+00,3.911583185195922852e+00,2.200000000000000000e+01,0.000000000000000000e+00
9.727797508239746094e+00,4.487694263458251953e+00,9.000000000000000000e+00,0.000000000000000000e+00
9.230103492736816406e+00,4.420867443084716797e+00,2.200000000000000000e+01,0.000000000000000000e+00
8.944684028625488281e+00,4.313207626342773438e+00,2.200000000000000000e+01,0.000000000000000000e+00
7.705750465393066406e+00,4.154688358306884766e+00,9.000000000000000000e+00,0.000000000000000000e+00
8.177472114562988281e+00,4.237931251525878906e+00,2.200000000000000000e+01,0.000000000000000000e+00
9.809790611267089844e+00,4.456332683563232422e+00,2.200000000000000000e+01,0.000000000000000000e+00
9.840047836303710938e+00,4.525515556335449219e+00,9.000000000000000000e+00,0.000000000000000000e+00
9.009165763854980469e+00,4.335236549377441406e+00,2.200000000000000000e+01,0.000000000000000000e+00
9.375906944274902344e+00,4.445386409759521484e+00,2.200000000000000000e+01,0.000000000000000000e+00
7.990254402160644531e+00,4.122971057891845703e+00,2.200000000000000000e+01,0.000000000000000000e+00
8.989430427551269531e+00,4.269062042236328125e+00,2.200000000000000000e+01,0.000000000000000000e+00
9.452839851379394531e+00,4.471261024475097656e+00,2.200000000000000000e+01,0.000000000000000000e+00
9.416166305541992188e+00,3.819135904312133789e+00,9.000000000000000000e+00,0.000000000000000000e+00
9.211628913879394531e+00,4.405511856079101562e+00,2.200000000000000000e+01,0.000000000000000000e+00
9.016608238220214844e+00,4.329478263854980469e+00,2.200000000000000000e+01,0.000000000000000000e+00
7.869047164916992188e+00,3.904229402542114258e+00,2.200000000000000000e+01,0.000000000000000000e+00
8.039918899536132812e+00,3.938365697860717773e+00,2.200000000000000000e+01,0.000000000000000000e+00
9.283274650573730469e+00,3.714042663574218750e+00,9.000000000000000000e+00,0.000000000000000000e+00
9.336478233337402344e+00,4.434640407562255859e+00,2.200000000000000000e+01,0.000000000000000000e+00
9.730489730834960938e+00,4.238407135009765625e+00,2.200000000000000000e+01,0.000000000000000000e+00
9.013473510742187500e+00,4.305638790130615234e+00,2.200000000000000000e+01,0.000000000000000000e+00
9.074858665466308594e+00,4.357223033905029297e+00,2.200000000000000000e+01,0.000000000000000000e+00
9.774299621582031250e+00,4.520482540130615234e+00,9.000000000000000000e+00,0.000000000000000000e+00
9.060195922851562500e+00,4.344240665435791016e+00,2.200000000000000000e+01,0.000000000000000000e+00
9.595592498779296875e+00,4.076512813568115234e+00,9.000000000000000000e+00,0.000000000000000000e+00
8.752103805541992188e+00,4.143281459808349609e+00,2.200000000000000000e+01,0.000000000000000000e+00
8.095182418823242188e+00,4.126283168792724609e+00,2.200000000000000000e+01,0.000000000000000000e+00
7.796168804168701172e+00,4.154001235961914062e+00,2.200000000000000000e+01,0.000000000000000000e+00
7.404762744903564453e+00,4.086501598358154297e+00,9.000000000000000000e+00,0.000000000000000000e+00
9.778495788574218750e+00,4.407362461090087891e+00,9.000000000000000000e+00,0.000000000000000000e+00
8.527458190917968750e+00,4.074448108673095703e+00,9.000000000000000000e+00,0.000000000000000000e+00
9.585146903991699219e+00,4.009029865264892578e+00,2.300000000000000000e+01,0.000000000000000000e+00
8.286480903625488281e+00,4.216691017150878906e+00,2.200000000000000000e+01,0.000000000000000000e+00
8.169380187988281250e+00,3.938644409179687500e+00,2.200000000000000000e+01,0.000000000000000000e+00
8.254393577575683594e+00,4.095950603485107422e+00,2.200000000000000000e+01,0.000000000000000000e+00
8.504064559936523438e+00,4.135805606842041016e+00,2.200000000000000000e+01,0.000000000000000000e+00
9.389322280883789062e+00,4.378961563110351562e+00,2.200000000000000000e+01,0.000000000000000000e+00
9.240179061889648438e+00,4.409835338592529297e+00,2.200000000000000000e+01,0.000000000000000000e+00
8.826138496398925781e+00,4.243700981140136719e+00,2.200000000000000000e+01,0.000000000000000000e+00
9.507414817810058594e+00,3.838603973388671875e+00,9.000000000000000000e+00,0.000000000000000000e+00
9.148098945617675781e+00,4.438249111175537109e+00,2.200000000000000000e+01,0.000000000000000000e+00
9.638855934143066406e+00,4.503318309783935547e+00,2.200000000000000000e+01,0.000000000000000000e+00
7.927442073822021484e+00,3.764933347702026367e+00,2.200000000000000000e+01,0.000000000000000000e+00
9.071805000305175781e+00,4.346649646759033203e+00,2.200000000000000000e+01,0.000000000000000000e+00
9.054581642150878906e+00,4.364561557769775391e+00,2.200000000000000000e+01,0.000000000000000000e+00
9.189428329467773438e+00,4.425035953521728516e+00,2.200000000000000000e+01,0.000000000000000000e+00
9.721495628356933594e+00,4.510380744934082031e+00,9.000000000000000000e+00,0.000000000000000000e+00
8.385880470275878906e+00,4.151057720184326172e+00,2.200000000000000000e+01,0.000000000000000000e+00
7.989354610443115234e+00,4.188527584075927734e+00,2.200000000000000000e+01,0.000000000000000000e+00
8.572456359863281250e+00,4.105486869812011719e+00,2.200000000000000000e+01,0.000000000000000000e+00
9.270649909973144531e+00,4.331814289093017578e+00,9.000000000000000000e+00,0.000000000000000000e+00
9.683158874511718750e+00,4.440189838409423828e+00,9.000000000000000000e+00,0.000000000000000000e+00
8.152776718139648438e+00,4.224457740783691406e+00,2.200000000000000000e+01,0.000000000000000000e+00
7.931137084960937500e+00,3.846975803375244141e+00,2.200000000000000000e+01,0.000000000000000000e+00
8.905888557434082031e+00,4.250004768371582031e+00,2.200000000000000000e+01,0.000000000000000000e+00
9.209027290344238281e+00,3.944378852844238281e+00,9.000000000000000000e+00,0.000000000000000000e+00
9.779621124267578125e+00,4.470327377319335938e+00,2.200000000000000000e+01,0.000000000000000000e+00
7.974811553955078125e+00,4.184702873229980469e+00,2.200000000000000000e+01,0.000000000000000000e+00
9.459012985229492188e+00,3.911518573760986328e+00,9.000000000000000000e+00,0.000000000000000000e+00
9.783349037170410156e+00,4.327243328094482422e+00,9.000000000000000000e+00,0.000000000000000000e+00
9.483165740966796875e+00,3.822117328643798828e+00,2.300000000000000000e+01,0.000000000000000000e+00
9.158174514770507812e+00,4.425168514251708984e+00,2.200000000000000000e+01,0.000000000000000000e+00
7.772694587707519531e+00,3.872347354888916016e+00,9.000000000000000000e+00,0.000000000000000000e+00
8.419495582580566406e+00,4.073021888732910156e+00,2.200000000000000000e+01,0.000000000000000000e+00
9.595574378967285156e+00,4.519508838653564453e+00,9.000000000000000000e+00,0.000000000000000000e+00
9.869803428649902344e+00,4.518216609954833984e+00,9.000000000000000000e+00,0.000000000000000000e+00
9.296409606933593750e+00,3.720989227294921875e+00,9.000000000000000000e+00,0.000000000000000000e+00
8.527607917785644531e+00,4.123537540435791016e+00,2.200000000000000000e+01,0.000000000000000000e+00
8.019519805908203125e+00,4.188335418701171875e+00,2.200000000000000000e+01,0.000000000000000000e+00
8.150089263916015625e+00,4.218819141387939453e+00,2.200000000000000000e+01,0.000000000000000000e+00
7.853852272033691406e+00,3.943971633911132812e+00,2.200000000000000000e+01,0.000000000000000000e+00
7.927104473114013672e+00,3.803339719772338867e+00,2.200000000000000000e+01,0.000000000000000000e+00
7.800074577331542969e+00,4.176245212554931641e+00,9.000000000000000000e+00,0.000000000000000000e+00
7.884467124938964844e+00,3.845815181732177734e+00,2.200000000000000000e+01,0.000000000000000000e+00
9.601618766784667969e+00,4.243913650512695312e+00,2.200000000000000000e+01,0.000000000000000000e+00
7.966294765472412109e+00,4.202618122100830078e+00,2.200000000000000000e+01,0.000000000000000000e+00
9.487776756286621094e+00,4.337869167327880859e+00,2.200000000000000000e+01,0.000000000000000000e+00
9.056018829345703125e+00,4.339630603790283203e+00,2.200000000000000000e+01,0.000000000000000000e+00
9.139282226562500000e+00,4.380406379699707031e+00,2.200000000000000000e+01,0.000000000000000000e+00
9.226139068603515625e+00,4.419113636016845703e+00,2.200000000000000000e+01,0.000000000000000000e+00
8.059660911560058594e+00,3.822987794876098633e+00,2.200000000000000000e+01,0.000000000000000000e+00
9.355541229248046875e+00,4.381247997283935547e+00,2.200000000000000000e+01,0.000000000000000000e+00
7.933536052703857422e+00,4.027605533599853516e+00,2.200000000000000000e+01,0.000000000000000000e+00
8.224568367004394531e+00,4.197196006774902344e+00,2.200000000000000000e+01,0.000000000000000000e+00
8.215140342712402344e+00,4.206543445587158203e+00,2.200000000000000000e+01,0.000000000000000000e+00
6.255043029785156250e+00,4.273457527160644531e+00,2.100000000000000000e+01,0.000000000000000000e+00
1.830874443054199219e+01,-3.849322080612182617e+00,9.000000000000000000e+00,0.000000000000000000e+00
5.904218673706054688e+00,3.789010047912597656e+00,2.100000000000000000e+01,0.000000000000000000e+00
5.297898292541503906e+00,4.088352680206298828e+00,2.100000000000000000e+01,0.000000000000000000e+00
6.104027271270751953e+00,4.393198013305664062e+00,2.100000000000000000e+01,0.000000000000000000e+00
5.482900142669677734e+00,3.881607532501220703e+00,2.100000000000000000e+01,0.000000000000000000e+00
5.849252700805664062e+00,4.305366039276123047e+00,2.100000000000000000e+01,0.000000000000000000e+00
6.259921073913574219e+00,4.177105426788330078e+00,2.100000000000000000e+01,0.000000000000000000e+00
1.853355216979980469e+01,-3.449158191680908203e+00,9.000000000000000000e+00,0.000000000000000000e+00
1.950982475280761719e+01,7.183390855789184570e-01,9.000000000000000000e+00,0.000000000000000000e+00
6.039108276367187500e+00,4.384819984436035156e+00,2.100000000000000000e+01,0.000000000000000000e+00
5.675402164459228516e+00,4.425980091094970703e+00,2.100000000000000000e+01,0.000000000000000000e+00
1.880106925964355469e+01,-2.896483182907104492e+00,1.800000000000000000e+01,0.000000000000000000e+00
6.278783321380615234e+00,4.335575103759765625e+00,2.100000000000000000e+01,0.000000000000000000e+00
6.192498207092285156e+00,4.086358547210693359e+00,2.100000000000000000e+01,0.000000000000000000e+00
6.281196594238281250e+00,4.256284236907958984e+00,2.100000000000000000e+01,0.000000000000000000e+00
1.992385292053222656e+01,-1.719708919525146484e+00,9.000000000000000000e+00,0.000000000000000000e+00
5.228804111480712891e+00,4.044985771179199219e+00,2.100000000000000000e+01,0.000000000000000000e+00
6.177366256713867188e+00,4.361874103546142578e+00,2.100000000000000000e+01,0.000000000000000000e+00
5.311434745788574219e+00,4.192831516265869141e+00,2.100000000000000000e+01,0.000000000000000000e+00
5.209694862365722656e+00,4.056674957275390625e+00,2.100000000000000000e+01,0.000000000000000000e+00
1.842151451110839844e+01,-3.872033834457397461e+00,9.000000000000000000e+00,0.000000000000000000e+00
1.949720382690429688e+01,7.261123657226562500e-01,9.000000000000000000e+00,0.000000000000000000e+00
6.241926193237304688e+00,4.363556861877441406e+00,2.100000000000000000e+01,0.000000000000000000e+00
6.316397666931152344e+00,4.224761009216308594e+00,2.100000000000000000e+01,0.000000000000000000e+00
5.822658538818359375e+00,3.691802740097045898e+00,2.100000000000000000e+01,0.000000000000000000e+00
5.246049880981445312e+00,3.935030698776245117e+00,2.100000000000000000e+01,0.000000000000000000e+00
6.190927505493164062e+00,3.814882516860961914e+00,2.100000000000000000e+01,0.000000000000000000e+00
6.219281673431396484e+00,3.796209335327148438e+00,2.100000000000000000e+01,0.000000000000000000e+00
2.076259231567382812e+01,-2.394291400909423828e+00,9.000000000000000000e+00,0.000000000000000000e+00
6.323036670684814453e+00,4.072061061859130859e+00,2.100000000000000000e+01,0.000000000000000000e+00
5.425817489624023438e+00,3.798789024353027344e+00,2.100000000000000000e+01,0.000000000000000000e+00
6.249346256256103516e+00,3.863836526870727539e+00,2.100000000000000000e+01,0.000000000000000000e+00
5.646242141723632812e+00,3.846782684326171875e+00,2.100000000000000000e+01,0.000000000000000000e+00
5.706458091735839844e+00,4.278344154357910156e+00,2.100000000000000000e+01,0.000000000000000000e+00
5.514706611633300781e+00,3.880759716033935547e+00,2.100000000000000000e+01,0.000000000000000000e+00
6.418127536773681641e+00,4.260576248168945312e+00,2.100000000000000000e+01,0.000000000000000000e+00
1.881608009338378906e+01,-2.948873281478881836e+00,1.800000000000000000e+01,0.000000000000000000e+00
1.831976509094238281e+01,-3.859357833862304688e+00,9.000000000000000000e+00,0.000000000000000000e+00
6.519792556762695312e+00,4.186954975128173828e+00,9.000000000000000000e+00,0.000000000000000000e+00
5.609041690826416016e+00,4.400920391082763672e+00,2.100000000000000000e+01,0.000000000000000000e+00
5.569009780883789062e+00,4.424140930175781250e+00,2.100000000000000000e+01,0.000000000000000000e+00
1.772079277038574219e+01,-4.914175033569335938e+00,9.000000000000000000e+00,0.000000000000000000e+00
5.471336364746093750e+00,3.806412696838378906e+00,2.100000000000000000e+01,0.000000000000000000e+00
5.177532672882080078e+00,4.067228794097900391e+00,9.000000000000000000e+00,0.000000000000000000e+00
5.574395179748535156e+00,3.889008283615112305e+00,2.100000000000000000e+01,0.000000000000000000e+00
6.272728919982910156e+00,4.330947399139404297e+00,2.100000000000000000e+01,0.000000000000000000e+00
6.582557678222656250e+00,4.155338764190673828e+00,2.100000000000000000e+01,0.000000000000000000e+00
6.242280483245849609e+00,3.827722311019897461e+00,2.100000000000000000e+01,0.000000000000000000e+00
5.436400890350341797e+00,3.809889316558837891e+00,2.100000000000000000e+01,0.000000000000000000e+00
5.303228378295898438e+00,4.127174854278564453e+00,2.100000000000000000e+01,0.000000000000000000e+00
6.197222709655761719e+00,4.172860622406005859e+00,2.100000000000000000e+01,0.000000000000000000e+00
6.359378814697265625e+00,4.206836700439453125e+00,2.100000000000000000e+01,0.000000000000000000e+00
5.645686626434326172e+00,4.453857898712158203e+00,2.100000000000000000e+01,0.000000000000000000e+00
5.257065296173095703e+00,3.888010501861572266e+00,2.100000000000000000e+01,0.000000000000000000e+00
5.552342414855957031e+00,4.357718944549560547e+00,2.100000000000000000e+01,0.000000000000000000e+00
5.385130882263183594e+00,3.521853923797607422e+00,9.000000000000000000e+00,0.000000000000000000e+00
5.440045356750488281e+00,3.751231193542480469e+00,2.100000000000000000e+01,0.000000000000000000e+00
5.308133125305175781e+00,3.794126272201538086e+00,2.100000000000000000e+01,0.000000000000000000e+00
5.763773441314697266e+00,4.296520233154296875e+00,2.100000000000000000e+01,0.000000000000000000e+00
5.994089126586914062e+00,4.293608665466308594e+00,2.100000000000000000e+01,0.000000000000000000e+00
5.191802978515625000e+00,4.044926166534423828e+00,9.000000000000000000e+00,0.000000000000000000e+00
5.608770370483398438e+00,3.795227050781250000e+00,2.100000000000000000e+01,0.000000000000000000e+00
5.659724235534667969e+00,4.408607959747314453e+00,2.100000000000000000e+01,0.000000000000000000e+00
6.200367927551269531e+00,3.798660278320312500e+00,2.100000000000000000e+01,0.000000000000000000e+00
6.413559913635253906e+00,4.244374752044677734e+00,2.100000000000000000e+01,0.000000000000000000e+00
5.853978157043457031e+00,4.287407875061035156e+00,2.100000000000000000e+01,0.000000000000000000e+00
5.602556228637695312e+00,3.878750562667846680e+00,2.100000000000000000e+01,0.000000000000000000e+00
6.183205604553222656e+00,4.177559375762939453e+00,2.100000000000000000e+01,0.000000000000000000e+00
5.581153869628906250e+00,3.999612569808959961e+00,2.100000000000000000e+01,0.000000000000000000e+00
5.344231605529785156e+00,3.760527849197387695e+00,2.100000000000000000e+01,0.000000000000000000e+00
5.403485298156738281e+00,3.591679096221923828e+00,9.000000000000000000e+00,0.000000000000000000e+00
6.321331501007080078e+00,4.200408458709716797e+00,2.100000000000000000e+01,0.000000000000000000e+00
1.799688911437988281e+01,-4.514338016510009766e+00,9.000000000000000000e+00,0.000000000000000000e+00
6.102292537689208984e+00,4.267250061035156250e+00,2.100000000000000000e+01,0.000000000000000000e+00
5.404143333435058594e+00,3.535849094390869141e+00,9.000000000000000000e+00,0.000000000000000000e+00
5.432828903198242188e+00,3.748803138732910156e+00,2.100000000000000000e+01,0.000000000000000000e+00
5.558871746063232422e+00,3.978893280029296875e+00,2.100000000000000000e+01,0.000000000000000000e+00
5.361042976379394531e+00,3.657109498977661133e+00,2.100000000000000000e+01,0.000000000000000000e+00
5.618747234344482422e+00,4.367496013641357422e+00,2.100000000000000000e+01,0.000000000000000000e+00
1.884187126159667969e+01,-2.889941453933715820e+00,1.800000000000000000e+01,0.000000000000000000e+00
9.836539268493652344e+00,4.624856948852539062e+00,9.000000000000000000e+00,0.000000000000000000e+00
6.106450080871582031e+00,4.397656917572021484e+00,2.100000000000000000e+01,0.000000000000000000e+00
5.917546749114990234e+00,4.234324932098388672e+00,2.100000000000000000e+01,0.000000000000000000e+00
5.644994735717773438e+00,4.376120090484619141e+00,2.100000000000000000e+01,0.000000000000000000e+00
5.620138168334960938e+00,4.410049438476562500e+00,2.100000000000000000e+01,0.000000000000000000e+00
6.413837432861328125e+00,4.278037071228027344e+00,2.100000000000000000e+01,0.000000000000000000e+00
6.140120506286621094e+00,4.288970947265625000e+00,2.100000000000000000e+01,0.000000000000000000e+00
5.227536678314208984e+00,3.961277723312377930e+00,2.100000000000000000e+01,0.000000000000000000e+00
5.681086540222167969e+00,4.114964962005615234e+00,2.100000000000000000e+01,0.000000000000000000e+00
5.444266319274902344e+00,4.010618686676025391e+00,2.100000000000000000e+01,0.000000000000000000e+00
6.092029571533203125e+00,3.766712427139282227e+00,2.100000000000000000e+01,0.000000000000000000e+00
1.882471084594726562e+01,-2.888087987899780273e+00,1.800000000000000000e+01,0.000000000000000000e+00
6.364171504974365234e+00,4.245723247528076172e+00,2.100000000000000000e+01,0.000000000000000000e+00
1.887592124938964844e+01,-2.848754644393920898e+00,9.000000000000000000e+00,0.000000000000000000e+00
6.321532726287841797e+00,4.311388492584228516e+00,2.100000000000000000e+01,0.000000000000000000e+00
5.554508209228515625e+00,4.384051322937011719e+00,2.100000000000000000e+01,0.000000000000000000e+00
6.490550518035888672e+00,4.117845058441162109e+00,2.100000000000000000e+01,0.000000000000000000e+00
5.486507415771484375e+00,4.258223533630371094e+00,2.100000000000000000e+01,0.000000000000000000e+00
5.596385002136230469e+00,4.422071456909179688e+00,2.100000000000000000e+01,0.000000000000000000e+00
6.227373123168945312e+00,4.113948822021484375e+00,2.100000000000000000e+01,0.000000000000000000e+00
5.594124794006347656e+00,3.875948667526245117e+00,2.100000000000000000e+01,0.000000000000000000e+00
5.845893859863281250e+00,4.199620246887207031e+00,2.100000000000000000e+01,0.000000000000000000e+00
6.261249542236328125e+00,4.021262645721435547e+00,2.100000000000000000e+01,0.000000000000000000e+00
5.634148120880126953e+00,3.977489471435546875e+00,2.100000000000000000e+01,0.000000000000000000e+00
6.373697280883789062e+00,3.975579500198364258e+00,2.100000000000000000e+01,0.000000000000000000e+00
1.976743316650390625e+01,-1.204332828521728516e+00,9.000000000000000000e+00,0.000000000000000000e+00
5.739439010620117188e+00,4.246024608612060547e+00,2.100000000000000000e+01,0.000000000000000000e+00
5.442697525024414062e+00,3.913711547851562500e+00,2.100000000000000000e+01,0.000000000000000000e+00
6.550209999084472656e+00,4.172692775726318359e+00,2.100000000000000000e+01,0.000000000000000000e+00
6.124787807464599609e+00,3.902262687683105469e+00,2.100000000000000000e+01,0.000000000000000000e+00
5.553343296051025391e+00,4.160693168640136719e+00,2.100000000000000000e+01,0.000000000000000000e+00
6.219208240509033203e+00,4.359863281250000000e+00,2.100000000000000000e+01,0.000000000000000000e+00
1.828982162475585938e+01,-3.850280046463012695e+00,9.000000000000000000e+00,0.000000000000000000e+00
1.851805686950683594e+01,-3.967026710510253906e+00,9.000000000000000000e+00,0.000000000000000000e+00
5.384501457214355469e+00,3.969099998474121094e+00,2.100000000000000000e+01,0.000000000000000000e+00
5.840399742126464844e+00,3.707570552825927734e+00,2.100000000000000000e+01,0.000000000000000000e+00
6.059885025024414062e+00,4.373282909393310547e+00,2.100000000000000000e+01,0.000000000000000000e+00
6.246325016021728516e+00,4.257674694061279297e+00,2.100000000000000000e+01,0.000000000000000000e+00
5.426003456115722656e+00,3.755347013473510742e+00,2.100000000000000000e+01,0.000000000000000000e+00
6.334558963775634766e+00,4.229893207550048828e+00,2.100000000000000000e+01,0.000000000000000000e+00
1.881500244140625000e+01,-2.923535823822021484e+00,1.800000000000000000e+01,0.000000000000000000e+00
6.251031875610351562e+00,4.261264801025390625e+00,2.100000000000000000e+01,0.000000000000000000e+00
5.668189525604248047e+00,4.424180984497070312e+00,2.100000000000000000e+01,0.000000000000000000e+00
5.787187576293945312e+00,4.205280780792236328e+00,2.100000000000000000e+01,0.000000000000000000e+00
5.426699161529541016e+00,3.536504983901977539e+00,9.000000000000000000e+00,0.000000000000000000e+00
5.673816680908203125e+00,4.380659580230712891e+00,2.100000000000000000e+01,0.000000000000000000e+00
5.951973915100097656e+00,4.269762516021728516e+00,2.100000000000000000e+01,0.000000000000000000e+00
5.633949756622314453e+00,3.788072586059570312e+00,2.100000000000000000e+01,0.000000000000000000e+00
6.136138916015625000e+00,3.794518709182739258e+00,2.100000000000000000e+01,0.000000000000000000e+00
1.942020225524902344e+01,6.858671307563781738e-01,9.000000000000000000e+00,0.000000000000000000e+00
5.952740669250488281e+00,3.754959821701049805e+00,2.100000000000000000e+01,0.000000000000000000e+00
5.542771816253662109e+00,4.346292972564697266e+00,2.100000000000000000e+01,0.000000000000000000e+00
1.939587211608886719e+01,6.695181727409362793e-01,9.000000000000000000e+00,0.000000000000000000e+00
1.879383850097656250e+01,-2.928713798522949219e+00,1.800000000000000000e+01,0.000000000000000000e+00
6.279285907745361328e+00,4.253597259521484375e+00,2.100000000000000000e+01,0.000000000000000000e+00
5.256791114807128906e+00,3.897736072540283203e+00,2.100000000000000000e+01,0.000000000000000000e+00
6.240006923675537109e+00,4.232622146606445312e+00,2.100000000000000000e+01,0.000000000000000000e+00
6.518343925476074219e+00,4.205932140350341797e+00,2.100000000000000000e+01,0.000000000000000000e+00
5.489974021911621094e+00,4.338248252868652344e+00,2.100000000000000000e+01,0.000000000000000000e+00
5.389301776885986328e+00,3.573065280914306641e+00,9.000000000000000000e+00,0.000000000000000000e+00
5.439213275909423828e+00,4.348198890686035156e+00,2.100000000000000000e+01,0.000000000000000000e+00
5.311598300933837891e+00,3.826068878173828125e+00,2.100000000000000000e+01,0.000000000000000000e+00
5.769705295562744141e+00,4.442610263824462891e+00,2.100000000000000000e+01,0.000000000000000000e+00
6.167418003082275391e+00,3.762334585189819336e+00,2.100000000000000000e+01,0.000000000000000000e+00
5.220231533050537109e+00,3.989114999771118164e+00,2.100000000000000000e+01,0.000000000000000000e+00
1.874281501770019531e+01,-2.926353931427001953e+00,9.000000000000000000e+00,0.000000000000000000e+00
6.114535331726074219e+00,4.366724014282226562e+00,2.100000000000000000e+01,0.000000000000000000e+00
1.988319778442382812e+01,-1.472530364990234375e+00,9.000000000000000000e+00,0.000000000000000000e+00
5.215104103088378906e+00,4.053802490234375000e+00,2.100000000000000000e+01,0.000000000000000000e+00
6.248032569885253906e+00,4.313650131225585938e+00,2.100000000000000000e+01,0.000000000000000000e+00
5.585492610931396484e+00,3.805772542953491211e+00,2.100000000000000000e+01,0.000000000000000000e+00
1.882581329345703125e+01,-2.885911464691162109e+00,1.800000000000000000e+01,0.000000000000000000e+00
1.858086967468261719e+01,-3.771213293075561523e+00,9.000000000000000000e+00,0.000000000000000000e+00
6.009412765502929688e+00,3.820785999298095703e+00,2.100000000000000000e+01,0.000000000000000000e+00
5.612819671630859375e+00,4.445611000061035156e+00,2.100000000000000000e+01,0.000000000000000000e+00
1.942287445068359375e+01,6.760393381118774414e-01,9.000000000000000000e+00,0.000000000000000000e+00
5.892841815948486328e+00,3.826818704605102539e+00,2.100000000000000000e+01,0.000000000000000000e+00
5.607343196868896484e+00,4.377790927886962891e+00,2.100000000000000000e+01,0.000000000000000000e+00
5.963035106658935547e+00,3.752124309539794922e+00,2.100000000000000000e+01,0.000000000000000000e+00
5.445334911346435547e+00,3.769643783569335938e+00,2.100000000000000000e+01,0.000000000000000000e+00
5.942529201507568359e+00,3.751394510269165039e+00,2.100000000000000000e+01,0.000000000000000000e+00
6.300917625427246094e+00,4.206025600433349609e+00,2.100000000000000000e+01,0.000000000000000000e+00
1.826691436767578125e+01,-3.862565517425537109e+00,9.000000000000000000e+00,0.000000000000000000e+00
1.874395942687988281e+01,-3.191577672958374023e+00,9.000000000000000000e+00,0.000000000000000000e+00
5.249373435974121094e+00,3.968267917633056641e+00,2.100000000000000000e+01,0.000000000000000000e+00
6.069742202758789062e+00,4.364101886749267578e+00,2.100000000000000000e+01,0.000000000000000000e+00
5.686304569244384766e+00,4.352410316467285156e+00,9.000000000000000000e+00,0.000000000000000000e+00
5.304920196533203125e+00,3.799487352371215820e+00,2.100000000000000000e+01,0.000000000000000000e+00
6.213424682617187500e+00,4.325164794921875000e+00,2.100000000000000000e+01,0.000000000000000000e+00
1.881748771667480469e+01,-2.888536214828491211e+00,1.800000000000000000e+01,0.000000000000000000e+00
5.959610462188720703e+00,3.823016643524169922e+00,2.100000000000000000e+01,0.000000000000000000e+00
5.932752609252929688e+00,4.306517601013183594e+00,2.100000000000000000e+01,0.000000000000000000e+00
5.812042236328125000e+00,4.427762508392333984e+00,2.100000000000000000e+01,0.000000000000000000e+00
1.883318138122558594e+01,-2.903183460235595703e+00,1.800000000000000000e+01,0.000000000000000000e+00
6.216477870941162109e+00,4.263953208923339844e+00,2.100000000000000000e+01,0.000000000000000000e+00
2.080011177062988281e+01,-2.418655395507812500e+00,9.000000000000000000e+00,0.000000000000000000e+00
5.261766910552978516e+00,4.029678344726562500e+00,2.100000000000000000e+01,0.000000000000000000e+00
6.014283657073974609e+00,4.348545551300048828e+00,2.100000000000000000e+01,0.000000000000000000e+00
6.321632862091064453e+00,4.217844009399414062e+00,2.100000000000000000e+01,0.000000000000000000e+00
1.851577758789062500e+01,-3.987070798873901367e+00,9.000000000000000000e+00,0.000000000000000000e+00
1.882182502746582031e+01,-2.895006418228149414e+00,1.800000000000000000e+01,0.000000000000000000e+00
1.878520774841308594e+01,-2.935295104980468750e+00,1.800000000000000000e+01,0.000000000000000000e+00
6.114044666290283203e+00,4.294150829315185547e+00,2.100000000000000000e+01,0.000000000000000000e+00
5.879803657531738281e+00,4.272114753723144531e+00,2.100000000000000000e+01,0.000000000000000000e+00
2.006682968139648438e+01,-9.781290292739868164e-01,9.000000000000000000e+00,0.000000000000000000e+00
1.878757667541503906e+01,-2.938491582870483398e+00,9.000000000000000000e+00,0.000000000000000000e+00
5.664503574371337891e+00,4.486675262451171875e+00,2.100000000000000000e+01,0.000000000000000000e+00
5.314099788665771484e+00,3.714970111846923828e+00,2.100000000000000000e+01,0.000000000000000000e+00
5.587032318115234375e+00,3.838052272796630859e+00,2.100000000000000000e+01,0.000000000000000000e+00
5.772652626037597656e+00,4.188484668731689453e+00,2.100000000000000000e+01,0.000000000000000000e+00
5.580596923828125000e+00,3.901464223861694336e+00,2.100000000000000000e+01,0.000000000000000000e+00
5.237958431243896484e+00,3.942432165145874023e+00,2.100000000000000000e+01,0.000000000000000000e+00
6.144759178161621094e+00,4.194638252258300781e+00,2.100000000000000000e+01,0.000000000000000000e+00
6.090829372406005859e+00,4.326054096221923828e+00,2.100000000000000000e+01,0.000000000000000000e+00
5.313487529754638672e+00,3.668831348419189453e+00,9.000000000000000000e+00,0.000000000000000000e+00
1.943550491333007812e+01,7.076427936553955078e-01,9.000000000000000000e+00,0.000000000000000000e+00
5.286491394042968750e+00,3.752693176269531250e+00,9.000000000000000000e+00,0.000000000000000000e+00
5.603646755218505859e+00,4.111592292785644531e+00,2.100000000000000000e+01,0.000000000000000000e+00
1.884548759460449219e+01,-2.881154775619506836e+00,1.800000000000000000e+01,0.000000000000000000e+00
5.464990615844726562e+00,4.009365558624267578e+00,2.100000000000000000e+01,0.000000000000000000e+00
5.389191627502441406e+00,3.609497070312500000e+00,9.000000000000000000e+00,0.000000000000000000e+00
6.233410835266113281e+00,4.330450057983398438e+00,2.100000000000000000e+01,0.000000000000000000e+00
6.151292324066162109e+00,4.289315700531005859e+00,2.100000000000000000e+01,0.000000000000000000e+00
1.831025695800781250e+01,-3.816496849060058594e+00,9.000000000000000000e+00,0.000000000000000000e+00
5.912248611450195312e+00,4.330058097839355469e+00,2.100000000000000000e+01,0.000000000000000000e+00
1.825290679931640625e+01,-3.902607202529907227e+00,9.000000000000000000e+00,0.000000000000000000e+00
6.230599880218505859e+00,3.829661130905151367e+00,2.100000000000000000e+01,0.000000000000000000e+00
6.189971923828125000e+00,4.114116191864013672e+00,2.100000000000000000e+01,0.000000000000000000e+00
5.842638492584228516e+00,4.208222389221191406e+00,2.100000000000000000e+01,0.000000000000000000e+00
2.001029586791992188e+01,1.566551446914672852e+00,1.400000000000000000e+01,1.000000000000000000e+00
2.056413078308105469e+01,1.144996643066406250e+00,1.400000000000000000e+01,1.000000000000000000e+00
1.999997138977050781e+01,1.653876543045043945e+00,9.000000000000000000e+00,1.000000000000000000e+00
1.988854598999023438e+01,-1.277431726455688477e+00,1.400000000000000000e+01,1.000000000000000000e+00
1.994737815856933594e+01,-8.741557598114013672e-01,1.400000000000000000e+01,1.000000000000000000e+00
1.993510627746582031e+01,1.147110581398010254e+00,1.400000000000000000e+01,1.000000000000000000e+00
2.068402099609375000e+01,1.380173683166503906e+00,1.400000000000000000e+01,1.000000000000000000e+00
2.005895042419433594e+01,4.142963141202926636e-02,1.400000000000000000e+01,1.000000000000000000e+00
2.006532859802246094e+01,1.249262452125549316e+00,1.400000000000000000e+01,1.000000000000000000e+00
1.990024566650390625e+01,-1.209429264068603516e+00,1.400000000000000000e+01,1.000000000000000000e+00
2.013948440551757812e+01,-7.913980484008789062e-01,1.400000000000000000e+01,1.000000000000000000e+00
9.804424285888671875e+00,-2.882617712020874023e+00,9.000000000000000000e+00,1.000000000000000000e+00
2.017362213134765625e+01,-7.132152915000915527e-01,1.400000000000000000e+01,1.000000000000000000e+00
2.015774154663085938e+01,1.624838232994079590e+00,1.400000000000000000e+01,1.000000000000000000e+00
2.012869262695312500e+01,1.657492399215698242e+00,9.000000000000000000e+00,1.000000000000000000e+00
1.975109100341796875e+01,-1.238250374794006348e+00,1.400000000000000000e+01,1.000000000000000000e+00
2.004176902770996094e+01,1.275642752647399902e+00,1.400000000000000000e+01,1.000000000000000000e+00
2.018209838867187500e+01,1.628032565116882324e+00,1.400000000000000000e+01,1.000000000000000000e+00
1.995624160766601562e+01,-1.080239057540893555e+00,1.400000000000000000e+01,1.000000000000000000e+00
1.991009902954101562e+01,1.041717529296875000e+00,1.400000000000000000e+01,1.000000000000000000e+00
2.031469726562500000e+01,1.525870084762573242e+00,1.400000000000000000e+01,1.000000000000000000e+00
1.986894989013671875e+01,4.921178817749023438e-01,1.400000000000000000e+01,1.000000000000000000e+00
1.998882675170898438e+01,1.177310228347778320e+00,1.400000000000000000e+01,1.000000000000000000e+00
1.990771675109863281e+01,-1.239574670791625977e+00,1.400000000000000000e+01,1.000000000000000000e+00
2.012935256958007812e+01,1.668578743934631348e+00,1.400000000000000000e+01,1.000000000000000000e+00
1.985151481628417969e+01,-1.108569860458374023e+00,1.400000000000000000e+01,1.000000000000000000e+00
1.995285224914550781e+01,1.427654147148132324e+00,1.400000000000000000e+01,1.000000000000000000e+00
1.986296653747558594e+01,8.536323904991149902e-01,1.400000000000000000e+01,1.000000000000000000e+00
2.005858039855957031e+01,9.977354109287261963e-02,1.400000000000000000e+01,1.000000000000000000e+00
2.005527496337890625e+01,1.027806550264358521e-01,1.400000000000000000e+01,1.000000000000000000e+00
1.989175605773925781e+01,4.204064309597015381e-01,1.400000000000000000e+01,1.000000000000000000e+00
2.000310897827148438e+01,1.172418951988220215e+00,1.400000000000000000e+01,1.000000000000000000e+00
1.965935897827148438e+01,-1.337454199790954590e+00,1.400000000000000000e+01,1.000000000000000000e+00
2.010768890380859375e+01,-7.770460098981857300e-02,1.400000000000000000e+01,1.000000000000000000e+00
2.009730148315429688e+01,-7.117066979408264160e-01,1.400000000000000000e+01,1.000000000000000000e+00
1.984622001647949219e+01,-1.028033256530761719e+00,1.400000000000000000e+01,1.000000000000000000e+00
2.046426963806152344e+01,1.510179996490478516e+00,1.400000000000000000e+01,1.000000000000000000e+00
1.950098419189453125e+01,6.444798111915588379e-01,9.000000000000000000e+00,1.000000000000000000e+00
2.047517204284667969e+01,1.361725687980651855e+00,1.400000000000000000e+01,1.000000000000000000e+00
2.017007637023925781e+01,1.610193729400634766e+00,1.400000000000000000e+01,1.000000000000000000e+00
1.994904518127441406e+01,3.783443570137023926e-01,1.400000000000000000e+01,1.000000000000000000e+00
2.028430366516113281e+01,-7.129308581352233887e-01,1.400000000000000000e+01,1.000000000000000000e+00
1.988724136352539062e+01,1.069663643836975098e+00,1.400000000000000000e+01,1.000000000000000000e+00
2.064958763122558594e+01,1.431101679801940918e+00,1.400000000000000000e+01,1.000000000000000000e+00
2.009955406188964844e+01,-2.693137153983116150e-02,1.400000000000000000e+01,1.000000000000000000e+00
1.994114875793457031e+01,-1.330132246017456055e+00,1.400000000000000000e+01,1.000000000000000000e+00
2.066201591491699219e+01,1.264020085334777832e+00,1.400000000000000000e+01,1.000000000000000000e+00
2.064270019531250000e+01,1.159222364425659180e+00,1.400000000000000000e+01,1.000000000000000000e+00
2.063185119628906250e+01,1.263137578964233398e+00,1.400000000000000000e+01,1.000000000000000000e+00
1.992795562744140625e+01,-1.148827433586120605e+00,1.400000000000000000e+01,1.000000000000000000e+00
1.997157096862792969e+01,1.441178202629089355e+00,1.400000000000000000e+01,1.000000000000000000e+00
2.013706207275390625e+01,-2.908171527087688446e-02,1.400000000000000000e+01,1.000000000000000000e+00
2.071037483215332031e+01,1.369559526443481445e+00,1.400000000000000000e+01,1.000000000000000000e+00
2.063824081420898438e+01,1.276293516159057617e+00,1.400000000000000000e+01,1.000000000000000000e+00
2.072179031372070312e+01,1.295399785041809082e+00,1.400000000000000000e+01,1.000000000000000000e+00
2.034435272216796875e+01,1.530389785766601562e+00,1.400000000000000000e+01,1.000000000000000000e+00
2.023754692077636719e+01,-6.789506077766418457e-01,1.400000000000000000e+01,1.000000000000000000e+00
2.008835792541503906e+01,-2.024499475955963135e-01,1.400000000000000000e+01,1.000000000000000000e+00
1.981505966186523438e+01,9.783739447593688965e-01,9.000000000000000000e+00,1.000000000000000000e+00
2.032177543640136719e+01,1.264643907546997070e+00,1.400000000000000000e+01,1.000000000000000000e+00
1.987645339965820312e+01,1.091006040573120117e+00,1.400000000000000000e+01,1.000000000000000000e+00
2.073799324035644531e+01,1.319222450256347656e+00,1.400000000000000000e+01,1.000000000000000000e+00
1.974908828735351562e+01,-1.199027776718139648e+00,1.400000000000000000e+01,1.000000000000000000e+00
1.974132919311523438e+01,-1.229067206382751465e+00,1.400000000000000000e+01,1.000000000000000000e+00
1.977843475341796875e+01,-1.216234564781188965e+00,1.400000000000000000e+01,1.000000000000000000e+00
2.006887626647949219e+01,3.451547399163246155e-02,1.400000000000000000e+01,1.000000000000000000e+00
1.984931373596191406e+01,9.075125455856323242e-01,1.400000000000000000e+01,1.000000000000000000e+00
1.997720527648925781e+01,1.488966345787048340e+00,1.400000000000000000e+01,1.000000000000000000e+00
2.063325881958007812e+01,1.166844010353088379e+00,1.400000000000000000e+01,1.000000000000000000e+00
2.010952568054199219e+01,-8.398041874170303345e-02,1.400000000000000000e+01,1.000000000000000000e+00
1.987977409362792969e+01,-1.273118734359741211e+00,1.400000000000000000e+01,1.000000000000000000e+00
2.024488830566406250e+01,1.590395808219909668e+00,1.400000000000000000e+01,1.000000000000000000e+00
1.981858253479003906e+01,-1.097880721092224121e+00,1.400000000000000000e+01,1.000000000000000000e+00
2.005876731872558594e+01,1.243094563484191895e+00,1.400000000000000000e+01,1.000000000000000000e+00
1.990920066833496094e+01,1.007618427276611328e+00,1.400000000000000000e+01,1.000000000000000000e+00
2.023961448669433594e+01,1.619848012924194336e+00,1.400000000000000000e+01,1.000000000000000000e+00
1.108074092864990234e+01,-1.509444355964660645e+00,9.000000000000000000e+00,1.000000000000000000e+00
2.014096069335937500e+01,1.278051137924194336e+00,1.400000000000000000e+01,1.000000000000000000e+00
1.998353004455566406e+01,3.048668503761291504e-01,1.400000000000000000e+01,1.000000000000000000e+00
1.976923751831054688e+01,-1.187165021896362305e+00,1.400000000000000000e+01,1.000000000000000000e+00
2.063133621215820312e+01,1.180441617965698242e+00,1.400000000000000000e+01,1.000000000000000000e+00
2.006548881530761719e+01,1.614034734666347504e-02,1.400000000000000000e+01,1.000000000000000000e+00
2.056048202514648438e+01,1.214351892471313477e+00,1.400000000000000000e+01,1.000000000000000000e+00
2.000233078002929688e+01,1.162486553192138672e+00,1.400000000000000000e+01,1.000000000000000000e+00
2.002862548828125000e+01,1.592109322547912598e+00,1.400000000000000000e+01,1.000000000000000000e+00
1.983279228210449219e+01,8.830376863479614258e-01,1.400000000000000000e+01,1.000000000000000000e+00
1.999772453308105469e+01,1.202657103538513184e+00,1.400000000000000000e+01,1.000000000000000000e+00
1.989346694946289062e+01,1.055976152420043945e+00,1.400000000000000000e+01,1.000000000000000000e+00
1.985807418823242188e+01,8.762514591217041016e-01,1.400000000000000000e+01,1.000000000000000000e+00
2.007816314697265625e+01,1.343485832214355469e+00,1.400000000000000000e+01,1.000000000000000000e+00
1.992812919616699219e+01,3.631596565246582031e-01,1.400000000000000000e+01,1.000000000000000000e+00
1.970733642578125000e+01,-1.261634230613708496e+00,1.400000000000000000e+01,1.000000000000000000e+00
2.038579368591308594e+01,1.327257990837097168e+00,1.400000000000000000e+01,1.000000000000000000e+00
2.074106025695800781e+01,1.414047360420227051e+00,1.400000000000000000e+01,1.000000000000000000e+00
1.993474388122558594e+01,3.208989202976226807e-01,1.400000000000000000e+01,1.000000000000000000e+00
2.021007156372070312e+01,1.601982831954956055e+00,1.400000000000000000e+01,1.000000000000000000e+00
1.988876152038574219e+01,3.798455297946929932e-01,1.400000000000000000e+01,1.000000000000000000e+00
2.001265716552734375e+01,-9.063618183135986328e-01,1.400000000000000000e+01,1.000000000000000000e+00
2.021198844909667969e+01,-6.802018284797668457e-01,1.400000000000000000e+01,1.000000000000000000e+00
1.986683273315429688e+01,5.828770399093627930e-01,1.400000000000000000e+01,1.000000000000000000e+00
1.999992370605468750e+01,4.531040787696838379e-02,1.400000000000000000e+01,1.000000000000000000e+00
2.018921852111816406e+01,1.290560364723205566e+00,1.400000000000000000e+01,1.000000000000000000e+00
2.022338485717773438e+01,1.612286448478698730e+00,1.400000000000000000e+01,1.000000000000000000e+00
2.017197799682617188e+01,1.643175840377807617e+00,1.400000000000000000e+01,1.000000000000000000e+00
1.991173744201660156e+01,-1.272077441215515137e+00,1.400000000000000000e+01,1.000000000000000000e+00
1.957287406921386719e+01,6.618861556053161621e-01,9.000000000000000000e+00,1.000000000000000000e+00
1.999705886840820312e+01,-8.027735948562622070e-01,1.400000000000000000e+01,1.000000000000000000e+00
1.989940261840820312e+01,1.025113224983215332e+00,1.400000000000000000e+01,1.000000000000000000e+00
1.990340423583984375e+01,-1.270137190818786621e+00,1.400000000000000000e+01,1.000000000000000000e+00
1.977212524414062500e+01,-1.221581816673278809e+00,1.400000000000000000e+01,1.000000000000000000e+00
2.071379280090332031e+01,1.326971888542175293e+00,1.400000000000000000e+01,1.000000000000000000e+00
2.018962478637695312e+01,-6.009056568145751953e-01,1.400000000000000000e+01,1.000000000000000000e+00
2.016269874572753906e+01,-6.932826638221740723e-01,1.400000000000000000e+01,1.000000000000000000e+00
2.064199256896972656e+01,1.191909790039062500e+00,1.400000000000000000e+01,1.000000000000000000e+00
1.988576126098632812e+01,-1.110450029373168945e+00,1.400000000000000000e+01,1.000000000000000000e+00
1.984356117248535156e+01,-1.211815476417541504e+00,1.400000000000000000e+01,1.000000000000000000e+00
2.021312141418457031e+01,-6.969277262687683105e-01,1.400000000000000000e+01,1.000000000000000000e+00
1.958980369567871094e+01,6.984988451004028320e-01,9.000000000000000000e+00,1.000000000000000000e+00
1.995208358764648438e+01,3.781045973300933838e-01,1.400000000000000000e+01,1.000000000000000000e+00
2.003005409240722656e+01,1.542301654815673828e+00,1.400000000000000000e+01,1.000000000000000000e+00
1.994755744934082031e+01,-4.466548860073089600e-01,1.400000000000000000e+01,1.000000000000000000e+00
1.986906242370605469e+01,9.476729631423950195e-01,1.400000000000000000e+01,1.000000000000000000e+00
2.034435462951660156e+01,1.439349412918090820e+00,1.400000000000000000e+01,1.000000000000000000e+00
2.023669624328613281e+01,1.512987971305847168e+00,1.400000000000000000e+01,1.000000000000000000e+00
1.986502265930175781e+01,-1.221308588981628418e+00,1.400000000000000000e+01,1.000000000000000000e+00
2.025606918334960938e+01,-7.224531769752502441e-01,1.400000000000000000e+01,1.000000000000000000e+00
1.995548629760742188e+01,1.653866469860076904e-01,1.400000000000000000e+01,1.000000000000000000e+00
1.996411132812500000e+01,1.345213055610656738e+00,1.400000000000000000e+01,1.000000000000000000e+00
1.984612464904785156e+01,1.021320700645446777e+00,1.400000000000000000e+01,1.000000000000000000e+00
2.020673561096191406e+01,-6.736149787902832031e-01,1.400000000000000000e+01,1.000000000000000000e+00
1.973895454406738281e+01,-1.205201387405395508e+00,1.400000000000000000e+01,1.000000000000000000e+00
2.012281799316406250e+01,1.287822008132934570e+00,1.400000000000000000e+01,1.000000000000000000e+00
2.022008323669433594e+01,-6.777241230010986328e-01,1.400000000000000000e+01,1.000000000000000000e+00
2.048206138610839844e+01,1.279020071029663086e+00,1.400000000000000000e+01,1.000000000000000000e+00
1.986676788330078125e+01,9.193487167358398438e-01,1.400000000000000000e+01,1.000000000000000000e+00
2.022576904296875000e+01,1.473171591758728027e+00,1.400000000000000000e+01,1.000000000000000000e+00
1.997866630554199219e+01,1.452397227287292480e+00,1.400000000000000000e+01,1.000000000000000000e+00
1.995418167114257812e+01,2.595376968383789062e-02,1.400000000000000000e+01,1.000000000000000000e+00
2.025137710571289062e+01,-6.856275200843811035e-01,1.400000000000000000e+01,1.000000000000000000e+00
2.073364830017089844e+01,1.318367958068847656e+00,1.400000000000000000e+01,1.000000000000000000e+00
2.004138755798339844e+01,1.217259049415588379e+00,1.400000000000000000e+01,1.000000000000000000e+00
1.991962814331054688e+01,3.330211639404296875e-01,1.400000000000000000e+01,1.000000000000000000e+00
1.982098960876464844e+01,-1.070626735687255859e+00,1.400000000000000000e+01,1.000000000000000000e+00
1.974541473388671875e+01,-1.221950531005859375e+00,1.400000000000000000e+01,1.000000000000000000e+00
2.016283607482910156e+01,1.624323487281799316e+00,1.400000000000000000e+01,1.000000000000000000e+00
2.004303359985351562e+01,-7.081562280654907227e-01,1.400000000000000000e+01,1.000000000000000000e+00
2.055274963378906250e+01,1.240042686462402344e+00,1.400000000000000000e+01,1.000000000000000000e+00
1.997307014465332031e+01,-8.498253822326660156e-01,1.400000000000000000e+01,1.000000000000000000e+00
1.999756813049316406e+01,2.488560229539871216e-01,1.400000000000000000e+01,1.000000000000000000e+00
1.977262306213378906e+01,-1.278251886367797852e+00,1.400000000000000000e+01,1.000000000000000000e+00
1.991370964050292969e+01,-1.006887197494506836e+00,1.400000000000000000e+01,1.000000000000000000e+00
2.001694107055664062e+01,1.755923926830291748e-01,1.400000000000000000e+01,1.000000000000000000e+00
2.017930603027343750e+01,1.644013166427612305e+00,1.400000000000000000e+01,1.000000000000000000e+00
2.015876197814941406e+01,-6.912572979927062988e-01,1.400000000000000000e+01,1.000000000000000000e+00
2.002202606201171875e+01,1.677501678466796875e+00,9.000000000000000000e+00,1.000000000000000000e+00
2.032126426696777344e+01,5.344924926757812500e-01,1.400000000000000000e+01,1.000000000000000000e+00
2.014650917053222656e+01,-7.083998322486877441e-01,1.400000000000000000e+01,1.000000000000000000e+00
2.006007957458496094e+01,1.658370018005371094e+00,9.000000000000000000e+00,1.000000000000000000e+00
2.017836189270019531e+01,-6.582590937614440918e-01,1.400000000000000000e+01,1.000000000000000000e+00
2.070854377746582031e+01,1.353768944740295410e+00,1.400000000000000000e+01,1.000000000000000000e+00
2.020484542846679688e+01,1.487225413322448730e+00,1.400000000000000000e+01,1.000000000000000000e+00
1.992421531677246094e+01,1.082523107528686523e+00,1.400000000000000000e+01,1.000000000000000000e+00
2.031893348693847656e+01,-7.526843547821044922e-01,1.400000000000000000e+01,1.000000000000000000e+00
2.015422630310058594e+01,-6.984595060348510742e-01,1.400000000000000000e+01,1.000000000000000000e+00
2.064067649841308594e+01,1.136297106742858887e+00,1.400000000000000000e+01,1.000000000000000000e+00
2.047044563293457031e+01,1.359066724777221680e+00,1.400000000000000000e+01,1.000000000000000000e+00
1.990079689025878906e+01,1.009382486343383789e+00,1.400000000000000000e+01,1.000000000000000000e+00
2.039510726928710938e+01,1.328580617904663086e+00,1.400000000000000000e+01,1.000000000000000000e+00
2.024405860900878906e+01,1.651945590972900391e+00,1.400000000000000000e+01,1.000000000000000000e+00
1.990670394897460938e+01,-9.830762147903442383e-01,1.400000000000000000e+01,1.000000000000000000e+00
1.982735824584960938e+01,8.407031297683715820e-01,1.400000000000000000e+01,1.000000000000000000e+00
1.970882225036621094e+01,-1.266518235206604004e+00,1.400000000000000000e+01,1.000000000000000000e+00
1.989526176452636719e+01,-1.224875211715698242e+00,1.400000000000000000e+01,1.000000000000000000e+00
2.026484107971191406e+01,-6.690143942832946777e-01,1.400000000000000000e+01,1.000000000000000000e+00
1.985738945007324219e+01,-1.038791775703430176e+00,1.400000000000000000e+01,1.000000000000000000e+00
2.061748313903808594e+01,1.181439518928527832e+00,1.400000000000000000e+01,1.000000000000000000e+00
6.321551322937011719e+00,-1.814225006103515625e+01,9.000000000000000000e+00,1.000000000000000000e+00
1.990702819824218750e+01,-9.240800142288208008e-01,1.400000000000000000e+01,1.000000000000000000e+00
2.019701385498046875e+01,-7.008296251296997070e-01,1.400000000000000000e+01,1.000000000000000000e+00
1.859674453735351562e+01,-3.111661195755004883e+00,9.000000000000000000e+00,1.000000000000000000e+00
1.976207733154296875e+01,-1.248004078865051270e+00,1.400000000000000000e+01,1.000000000000000000e+00
2.020362854003906250e+01,1.681866765022277832e+00,1.400000000000000000e+01,1.000000000000000000e+00
2.001478195190429688e+01,2.227616757154464722e-01,1.400000000000000000e+01,1.000000000000000000e+00
2.009970092773437500e+01,1.631026029586791992e+00,1.400000000000000000e+01,1.000000000000000000e+00
2.009161949157714844e+01,6.997817009687423706e-02,1.400000000000000000e+01,1.000000000000000000e+00
2.029593658447265625e+01,-6.771842837333679199e-01,1.400000000000000000e+01,1.000000000000000000e+00
1.990986633300781250e+01,3.354845941066741943e-01,1.400000000000000000e+01,1.000000000000000000e+00
2.003719139099121094e+01,1.227943301200866699e+00,1.400000000000000000e+01,1.000000000000000000e+00
2.045368385314941406e+01,1.511958122253417969e+00,1.400000000000000000e+01,1.000000000000000000e+00
1.954065322875976562e+01,-1.488221287727355957e+00,9.000000000000000000e+00,1.000000000000000000e+00
1.999366760253906250e+01,1.486292004585266113e+00,1.400000000000000000e+01,1.000000000000000000e+00
2.063138771057128906e+01,1.447361469268798828e+00,1.400000000000000000e+01,1.000000000000000000e+00
2.011362266540527344e+01,-5.959957838058471680e-01,1.400000000000000000e+01,1.000000000000000000e+00
2.010611915588378906e+01,-7.308864593505859375e-01,1.400000000000000000e+01,1.000000000000000000e+00
2.036588096618652344e+01,-7.452294826507568359e-01,1.400000000000000000e+01,1.000000000000000000e+00
1.985988616943359375e+01,6.781798601150512695e-01,1.400000000000000000e+01,1.000000000000000000e+00
2.074030113220214844e+01,1.324952960014343262e+00,1.400000000000000000e+01,1.000000000000000000e+00
1.982461738586425781e+01,6.507081985473632812e-01,1.400000000000000000e+01,1.000000000000000000e+00
2.005883026123046875e+01,1.208225712180137634e-01,1.400000000000000000e+01,1.000000000000000000e+00
2.052116584777832031e+01,1.477149963378906250e+00,1.400000000000000000e+01,1.000000000000000000e+00
2.046198844909667969e+01,1.334902405738830566e+00,1.400000000000000000e+01,1.000000000000000000e+00
2.004279899597167969e+01,1.753206104040145874e-01,1.400000000000000000e+01,1.000000000000000000e+00
2.060137367248535156e+01,1.101653099060058594e+00,1.400000000000000000e+01,1.000000000000000000e+00
2.016030502319335938e+01,1.364797472953796387e+00,1.400000000000000000e+01,1.000000000000000000e+00
2.007537841796875000e+01,4.748236760497093201e-02,1.400000000000000000e+01,1.000000000000000000e+00
1.972388839721679688e+01,-1.272359848022460938e+00,1.400000000000000000e+01,1.000000000000000000e+00
2.044060516357421875e+01,1.284770488739013672e+00,1.400000000000000000e+01,1.000000000000000000e+00
2.058393287658691406e+01,1.035024166107177734e+00,1.400000000000000000e+01,1.000000000000000000e+00
1.985270118713378906e+01,-1.009739637374877930e+00,1.400000000000000000e+01,1.000000000000000000e+00
2.069797706604003906e+01,1.409629702568054199e+00,1.400000000000000000e+01,1.000000000000000000e+00
1.439687633514404297e+01,-3.178683757781982422e+00,1.500000000000000000e+01,1.000000000000000000e+00
1.278069591522216797e+01,-3.096489429473876953e+00,1.500000000000000000e+01,1.000000000000000000e+00
1.254206848144531250e+01,-3.152052879333496094e+00,9.000000000000000000e+00,1.000000000000000000e+00
1.338035678863525391e+01,-2.988564968109130859e+00,1.500000000000000000e+01,1.000000000000000000e+00
1.404897880554199219e+01,-2.896036386489868164e+00,1.500000000000000000e+01,1.000000000000000000e+00
9.118688583374023438e+00,-4.507750988006591797e+00,9.000000000000000000e+00,1.000000000000000000e+00
1.397846794128417969e+01,-2.651045083999633789e+00,1.500000000000000000e+01,1.000000000000000000e+00
1.297028923034667969e+01,-3.037553071975708008e+00,1.500000000000000000e+01,1.000000000000000000e+00
1.434605693817138672e+01,-3.002277374267578125e+00,1.500000000000000000e+01,1.000000000000000000e+00
1.279300403594970703e+01,-3.102859258651733398e+00,9.000000000000000000e+00,1.000000000000000000e+00
1.413839530944824219e+01,-2.686202764511108398e+00,1.500000000000000000e+01,1.000000000000000000e+00
1.441263866424560547e+01,-3.105134487152099609e+00,1.500000000000000000e+01,1.000000000000000000e+00
1.337410068511962891e+01,-2.774762868881225586e+00,1.500000000000000000e+01,1.000000000000000000e+00
1.370451736450195312e+01,-2.682447910308837891e+00,1.500000000000000000e+01,1.000000000000000000e+00
1.307330513000488281e+01,-2.940296173095703125e+00,1.500000000000000000e+01,1.000000000000000000e+00
1.425860786437988281e+01,-2.791072845458984375e+00,1.500000000000000000e+01,1.000000000000000000e+00
1.404423618316650391e+01,-2.591147422790527344e+00,1.500000000000000000e+01,1.000000000000000000e+00
1.342024993896484375e+01,-2.771953344345092773e+00,1.500000000000000000e+01,1.000000000000000000e+00
1.352664279937744141e+01,-2.997157335281372070e+00,1.500000000000000000e+01,1.000000000000000000e+00
1.432225322723388672e+01,-2.981256246566772461e+00,1.500000000000000000e+01,1.000000000000000000e+00
1.390985679626464844e+01,-2.928128004074096680e+00,1.500000000000000000e+01,1.000000000000000000e+00
1.421832084655761719e+01,-3.013430595397949219e+00,1.500000000000000000e+01,1.000000000000000000e+00
1.422765064239501953e+01,-3.165923118591308594e+00,1.500000000000000000e+01,1.000000000000000000e+00
1.395549297332763672e+01,-3.042285680770874023e+00,1.500000000000000000e+01,1.000000000000000000e+00
1.396185874938964844e+01,-2.580719709396362305e+00,1.500000000000000000e+01,1.000000000000000000e+00
1.324553775787353516e+01,-2.927593708038330078e+00,1.500000000000000000e+01,1.000000000000000000e+00
1.383578014373779297e+01,-2.613313913345336914e+00,1.500000000000000000e+01,1.000000000000000000e+00
1.432212638854980469e+01,-2.998235702514648438e+00,1.500000000000000000e+01,1.000000000000000000e+00
1.293922328948974609e+01,-3.016513347625732422e+00,1.500000000000000000e+01,1.000000000000000000e+00
1.415560245513916016e+01,-3.018471240997314453e+00,1.500000000000000000e+01,1.000000000000000000e+00
8.712285995483398438e+00,-4.022087097167968750e+00,9.000000000000000000e+00,1.000000000000000000e+00
1.396211814880371094e+01,-2.671849012374877930e+00,1.500000000000000000e+01,1.000000000000000000e+00
1.380531406402587891e+01,-2.606775283813476562e+00,1.500000000000000000e+01,1.000000000000000000e+00
1.316062164306640625e+01,-3.098079919815063477e+00,1.500000000000000000e+01,1.000000000000000000e+00
1.439451217651367188e+01,-3.085989952087402344e+00,1.500000000000000000e+01,1.000000000000000000e+00
1.298254108428955078e+01,-3.003602743148803711e+00,1.500000000000000000e+01,1.000000000000000000e+00
1.297235107421875000e+01,-3.000480651855468750e+00,1.500000000000000000e+01,1.000000000000000000e+00
1.428145790100097656e+01,-2.811546325683593750e+00,1.500000000000000000e+01,1.000000000000000000e+00
1.436581039428710938e+01,-3.176705360412597656e+00,9.000000000000000000e+00,1.000000000000000000e+00
1.327060604095458984e+01,-3.069730043411254883e+00,1.500000000000000000e+01,1.000000000000000000e+00
1.413769435882568359e+01,-3.025165796279907227e+00,1.500000000000000000e+01,1.000000000000000000e+00
1.406475067138671875e+01,-2.509847402572631836e+00,1.500000000000000000e+01,1.000000000000000000e+00
1.434772682189941406e+01,-3.094233989715576172e+00,1.500000000000000000e+01,1.000000000000000000e+00
1.405999851226806641e+01,-2.547950267791748047e+00,1.500000000000000000e+01,1.000000000000000000e+00
1.414557266235351562e+01,-2.847206592559814453e+00,1.500000000000000000e+01,1.000000000000000000e+00
1.287608528137207031e+01,-3.047486066818237305e+00,9.000000000000000000e+00,1.000000000000000000e+00
1.418944549560546875e+01,-3.089157819747924805e+00,1.500000000000000000e+01,1.000000000000000000e+00
1.281417655944824219e+01,-3.075589656829833984e+00,1.500000000000000000e+01,1.000000000000000000e+00
1.402253913879394531e+01,-2.554832696914672852e+00,1.500000000000000000e+01,1.000000000000000000e+00
1.413772296905517578e+01,-2.760194540023803711e+00,1.500000000000000000e+01,1.000000000000000000e+00
1.427572631835937500e+01,-2.974947690963745117e+00,1.500000000000000000e+01,1.000000000000000000e+00
1.300278282165527344e+01,-3.067882061004638672e+00,1.500000000000000000e+01,1.000000000000000000e+00
1.406041812896728516e+01,-2.820337295532226562e+00,1.500000000000000000e+01,1.000000000000000000e+00
1.412669944763183594e+01,-2.546020507812500000e+00,1.500000000000000000e+01,1.000000000000000000e+00
1.295807552337646484e+01,-3.034471273422241211e+00,1.500000000000000000e+01,1.000000000000000000e+00
1.399533081054687500e+01,-2.999281644821166992e+00,1.500000000000000000e+01,1.000000000000000000e+00
1.340175819396972656e+01,-2.770967245101928711e+00,1.500000000000000000e+01,1.000000000000000000e+00
1.357919120788574219e+01,-2.987383127212524414e+00,1.500000000000000000e+01,1.000000000000000000e+00
1.401964664459228516e+01,-2.846292257308959961e+00,1.500000000000000000e+01,1.000000000000000000e+00
1.301929187774658203e+01,-3.071429729461669922e+00,9.000000000000000000e+00,1.000000000000000000e+00
1.350235557556152344e+01,-2.825418233871459961e+00,1.500000000000000000e+01,1.000000000000000000e+00
1.383193302154541016e+01,-3.086748838424682617e+00,1.500000000000000000e+01,1.000000000000000000e+00
1.372324943542480469e+01,-2.592142820358276367e+00,1.500000000000000000e+01,1.000000000000000000e+00
1.335981941223144531e+01,-2.964213848114013672e+00,1.500000000000000000e+01,1.000000000000000000e+00
1.294843196868896484e+01,-3.024922847747802734e+00,1.500000000000000000e+01,1.000000000000000000e+00
1.298364639282226562e+01,-3.047482252120971680e+00,1.500000000000000000e+01,1.000000000000000000e+00
8.777942657470703125e+00,-4.220932006835937500e+00,1.800000000000000000e+01,1.000000000000000000e+00
1.421295261383056641e+01,-2.651458740234375000e+00,1.500000000000000000e+01,1.000000000000000000e+00
9.144243240356445312e+00,-4.655552864074707031e+00,9.000000000000000000e+00,1.000000000000000000e+00
1.336564922332763672e+01,-2.826184511184692383e+00,1.500000000000000000e+01,1.000000000000000000e+00
1.368487358093261719e+01,-3.023038148880004883e+00,1.500000000000000000e+01,1.000000000000000000e+00
1.422257041931152344e+01,-2.922734737396240234e+00,1.500000000000000000e+01,1.000000000000000000e+00
1.439181423187255859e+01,-3.038973093032836914e+00,1.500000000000000000e+01,1.000000000000000000e+00
1.315840339660644531e+01,-3.047154426574707031e+00,1.500000000000000000e+01,1.000000000000000000e+00
1.413353729248046875e+01,-2.562691688537597656e+00,1.500000000000000000e+01,1.000000000000000000e+00
9.126595497131347656e+00,-4.730771064758300781e+00,9.000000000000000000e+00,1.000000000000000000e+00
1.334649753570556641e+01,-2.858203887939453125e+00,1.500000000000000000e+01,1.000000000000000000e+00
1.424302673339843750e+01,-2.862592935562133789e+00,1.500000000000000000e+01,1.000000000000000000e+00
1.409962844848632812e+01,-2.824710130691528320e+00,1.500000000000000000e+01,1.000000000000000000e+00
1.388307666778564453e+01,-2.563364028930664062e+00,1.500000000000000000e+01,1.000000000000000000e+00
1.407973289489746094e+01,-2.963324546813964844e+00,1.500000000000000000e+01,1.000000000000000000e+00
1.389657211303710938e+01,-2.680788993835449219e+00,1.500000000000000000e+01,1.000000000000000000e+00
1.297812557220458984e+01,-3.067356586456298828e+00,1.500000000000000000e+01,1.000000000000000000e+00
9.163685798645019531e+00,-4.559343814849853516e+00,9.000000000000000000e+00,1.000000000000000000e+00
1.413078022003173828e+01,-2.626097440719604492e+00,1.500000000000000000e+01,1.000000000000000000e+00
9.236124038696289062e+00,-5.104199886322021484e+00,1.800000000000000000e+01,1.000000000000000000e+00
9.102682113647460938e+00,-5.137644290924072266e+00,9.000000000000000000e+00,1.000000000000000000e+00
1.292949390411376953e+01,-3.089554309844970703e+00,1.500000000000000000e+01,1.000000000000000000e+00
1.403410053253173828e+01,-2.931736946105957031e+00,1.500000000000000000e+01,1.000000000000000000e+00
1.302617359161376953e+01,-3.069369077682495117e+00,1.500000000000000000e+01,1.000000000000000000e+00
1.366843223571777344e+01,-3.112213611602783203e+00,1.500000000000000000e+01,1.000000000000000000e+00
1.415849018096923828e+01,-2.632114410400390625e+00,1.500000000000000000e+01,1.000000000000000000e+00
1.429584884643554688e+01,-2.777009725570678711e+00,1.500000000000000000e+01,1.000000000000000000e+00
1.425453853607177734e+01,-2.748592853546142578e+00,1.500000000000000000e+01,1.000000000000000000e+00
1.394790744781494141e+01,-2.725692272186279297e+00,1.500000000000000000e+01,1.000000000000000000e+00
1.312402629852294922e+01,-3.012416601181030273e+00,1.500000000000000000e+01,1.000000000000000000e+00
1.412674331665039062e+01,-2.942966699600219727e+00,1.500000000000000000e+01,1.000000000000000000e+00
1.336264801025390625e+01,-3.040103197097778320e+00,1.500000000000000000e+01,1.000000000000000000e+00
1.274606513977050781e+01,-3.112255811691284180e+00,1.500000000000000000e+01,1.000000000000000000e+00
1.343732261657714844e+01,-2.765878200531005859e+00,1.500000000000000000e+01,1.000000000000000000e+00
1.385436439514160156e+01,-3.079061508178710938e+00,1.500000000000000000e+01,1.000000000000000000e+00
1.435064888000488281e+01,-3.003310918807983398e+00,1.500000000000000000e+01,1.000000000000000000e+00
1.384161090850830078e+01,-3.068797349929809570e+00,1.500000000000000000e+01,1.000000000000000000e+00
1.409211158752441406e+01,-2.700532674789428711e+00,1.500000000000000000e+01,1.000000000000000000e+00
1.389781475067138672e+01,-2.640883922576904297e+00,1.500000000000000000e+01,1.000000000000000000e+00
1.432683658599853516e+01,-2.906211853027343750e+00,1.500000000000000000e+01,1.000000000000000000e+00
1.342059326171875000e+01,-2.801539897918701172e+00,1.500000000000000000e+01,1.000000000000000000e+00
1.410469055175781250e+01,-2.531291723251342773e+00,9.000000000000000000e+00,1.000000000000000000e+00
1.431453037261962891e+01,-3.123921155929565430e+00,1.500000000000000000e+01,1.000000000000000000e+00
1.418845939636230469e+01,-2.641922235488891602e+00,1.500000000000000000e+01,1.000000000000000000e+00
1.366237163543701172e+01,-3.084250688552856445e+00,1.500000000000000000e+01,1.000000000000000000e+00
1.414841365814208984e+01,-3.099538087844848633e+00,1.500000000000000000e+01,1.000000000000000000e+00
9.123301506042480469e+00,-4.637231349945068359e+00,9.000000000000000000e+00,1.000000000000000000e+00
1.438013267517089844e+01,-3.192377090454101562e+00,1.500000000000000000e+01,1.000000000000000000e+00
1.390518283843994141e+01,-2.941913604736328125e+00,1.500000000000000000e+01,1.000000000000000000e+00
1.282920551300048828e+01,-3.093924999237060547e+00,1.500000000000000000e+01,1.000000000000000000e+00
1.268730640411376953e+01,-3.132359981536865234e+00,9.000000000000000000e+00,1.000000000000000000e+00
1.323435211181640625e+01,-2.857182741165161133e+00,1.500000000000000000e+01,1.000000000000000000e+00
1.405169391632080078e+01,-2.585301160812377930e+00,1.500000000000000000e+01,1.000000000000000000e+00
8.863366127014160156e+00,-4.870664596557617188e+00,9.000000000000000000e+00,1.000000000000000000e+00
1.422306346893310547e+01,-2.952260255813598633e+00,1.500000000000000000e+01,1.000000000000000000e+00
1.420830726623535156e+01,-3.039283514022827148e+00,1.500000000000000000e+01,1.000000000000000000e+00
1.429675292968750000e+01,-2.965692281723022461e+00,1.500000000000000000e+01,1.000000000000000000e+00
1.410778427124023438e+01,-2.826572656631469727e+00,1.500000000000000000e+01,1.000000000000000000e+00
7.447649002075195312e+00,-3.463415384292602539e+00,9.000000000000000000e+00,1.000000000000000000e+00
1.361586284637451172e+01,-2.659605264663696289e+00,1.500000000000000000e+01,1.000000000000000000e+00
1.410461902618408203e+01,-2.658349752426147461e+00,1.500000000000000000e+01,1.000000000000000000e+00
9.165669441223144531e+00,-4.383526802062988281e+00,9.000000000000000000e+00,1.000000000000000000e+00
1.402733802795410156e+01,-2.666275739669799805e+00,1.500000000000000000e+01,1.000000000000000000e+00
1.438569450378417969e+01,-3.140436172485351562e+00,1.500000000000000000e+01,1.000000000000000000e+00
1.408259677886962891e+01,-2.547129392623901367e+00,1.500000000000000000e+01,1.000000000000000000e+00
1.864994239807128906e+01,-2.963963508605957031e+00,9.000000000000000000e+00,1.000000000000000000e+00
1.407081699371337891e+01,-2.559227228164672852e+00,1.500000000000000000e+01,1.000000000000000000e+00
1.291611480712890625e+01,-3.059557199478149414e+00,1.500000000000000000e+01,1.000000000000000000e+00
1.344085407257080078e+01,-2.961415767669677734e+00,1.500000000000000000e+01,1.000000000000000000e+00
1.324792289733886719e+01,-2.962297439575195312e+00,1.500000000000000000e+01,1.000000000000000000e+00
1.313236236572265625e+01,-2.981707096099853516e+00,1.500000000000000000e+01,1.000000000000000000e+00
1.436853027343750000e+01,-3.159435033798217773e+00,1.500000000000000000e+01,1.000000000000000000e+00
9.188402175903320312e+00,-4.580424785614013672e+00,9.000000000000000000e+00,1.000000000000000000e+00
1.329297637939453125e+01,-2.876628160476684570e+00,1.500000000000000000e+01,1.000000000000000000e+00
1.262056732177734375e+01,-3.133677244186401367e+00,9.000000000000000000e+00,1.000000000000000000e+00
1.363310813903808594e+01,-3.095347404479980469e+00,1.500000000000000000e+01,1.000000000000000000e+00
1.413666629791259766e+01,-3.071691751480102539e+00,1.500000000000000000e+01,1.000000000000000000e+00
1.297055435180664062e+01,-3.009926080703735352e+00,1.500000000000000000e+01,1.000000000000000000e+00
1.406184768676757812e+01,-2.969288587570190430e+00,1.500000000000000000e+01,1.000000000000000000e+00
1.292892932891845703e+01,-3.016082525253295898e+00,1.500000000000000000e+01,1.000000000000000000e+00
1.339059734344482422e+01,-2.917537927627563477e+00,1.500000000000000000e+01,1.000000000000000000e+00
1.417515754699707031e+01,-2.631392955780029297e+00,1.500000000000000000e+01,1.000000000000000000e+00
1.437952709197998047e+01,-3.085775852203369141e+00,1.500000000000000000e+01,1.000000000000000000e+00
8.916450500488281250e+00,-4.864972114562988281e+00,1.800000000000000000e+01,1.000000000000000000e+00
1.351423835754394531e+01,-3.045977830886840820e+00,9.000000000000000000e+00,1.000000000000000000e+00
1.399688243865966797e+01,-2.522740364074707031e+00,1.500000000000000000e+01,1.000000000000000000e+00
9.150200843811035156e+00,-4.622886180877685547e+00,9.000000000000000000e+00,1.000000000000000000e+00
1.421018791198730469e+01,-3.086312770843505859e+00,1.500000000000000000e+01,1.000000000000000000e+00
1.331852531433105469e+01,-2.945196390151977539e+00,1.500000000000000000e+01,1.000000000000000000e+00
1.413256359100341797e+01,-2.597678422927856445e+00,1.500000000000000000e+01,1.000000000000000000e+00
1.390550613403320312e+01,-3.078037738800048828e+00,1.500000000000000000e+01,1.000000000000000000e+00
1.408075904846191406e+01,-2.581428289413452148e+00,1.500000000000000000e+01,1.000000000000000000e+00
1.429505729675292969e+01,-3.153124332427978516e+00,9.000000000000000000e+00,1.000000000000000000e+00
1.407305622100830078e+01,-2.492093324661254883e+00,1.500000000000000000e+01,1.000000000000000000e+00
1.439506149291992188e+01,-3.176446676254272461e+00,1.500000000000000000e+01,1.000000000000000000e+00
1.414570426940917969e+01,-3.099017381668090820e+00,1.500000000000000000e+01,1.000000000000000000e+00
1.306875324249267578e+01,-3.050324678421020508e+00,1.500000000000000000e+01,1.000000000000000000e+00
1.406561660766601562e+01,-2.556166410446166992e+00,1.500000000000000000e+01,1.000000000000000000e+00
1.409256553649902344e+01,-2.533316373825073242e+00,1.500000000000000000e+01,1.000000000000000000e+00
1.437740612030029297e+01,-3.158210515975952148e+00,1.500000000000000000e+01,1.000000000000000000e+00
1.387990188598632812e+01,-2.825416326522827148e+00,1.500000000000000000e+01,1.000000000000000000e+00
1.297904300689697266e+01,-3.053037166595458984e+00,1.500000000000000000e+01,1.000000000000000000e+00
1.436309337615966797e+01,-3.047087669372558594e+00,1.500000000000000000e+01,1.000000000000000000e+00
1.326184368133544922e+01,-2.928855419158935547e+00,1.500000000000000000e+01,1.000000000000000000e+00
1.411080455780029297e+01,-2.814694166183471680e+00,1.500000000000000000e+01,1.000000000000000000e+00
1.315066623687744141e+01,-3.002884387969970703e+00,1.500000000000000000e+01,1.000000000000000000e+00
1.286363506317138672e+01,-3.048369407653808594e+00,1.500000000000000000e+01,1.000000000000000000e+00
1.319742298126220703e+01,-2.917056798934936523e+00,1.500000000000000000e+01,1.000000000000000000e+00
1.408110046386718750e+01,-2.683673858642578125e+00,1.500000000000000000e+01,1.000000000000000000e+00
9.056687355041503906e+00,-4.759152412414550781e+00,1.800000000000000000e+01,1.000000000000000000e+00
1.438258266448974609e+01,-3.082146644592285156e+00,1.500000000000000000e+01,1.000000000000000000e+00
1.352590560913085938e+01,-2.691879510879516602e+00,1.500000000000000000e+01,1.000000000000000000e+00
1.427568721771240234e+01,-2.957442045211791992e+00,1.500000000000000000e+01,1.000000000000000000e+00
1.405779647827148438e+01,-2.527679681777954102e+00,1.500000000000000000e+01,1.000000000000000000e+00
1.346251487731933594e+01,-2.732033252716064453e+00,1.500000000000000000e+01,1.000000000000000000e+00
1.350537300109863281e+01,-2.842183589935302734e+00,1.500000000000000000e+01,1.000000000000000000e+00
1.437772941589355469e+01,-3.148894786834716797e+00,1.500000000000000000e+01,1.000000000000000000e+00
1.415715026855468750e+01,-2.602863550186157227e+00,1.500000000000000000e+01,1.000000000000000000e+00
1.408154487609863281e+01,-2.805717945098876953e+00,1.500000000000000000e+01,1.000000000000000000e+00
1.426149177551269531e+01,-3.019802331924438477e+00,1.500000000000000000e+01,1.000000000000000000e+00
1.435269069671630859e+01,-3.117805242538452148e+00,1.500000000000000000e+01,1.000000000000000000e+00
1.397782516479492188e+01,-2.491944551467895508e+00,1.500000000000000000e+01,1.000000000000000000e+00
1.354965591430664062e+01,-3.033222675323486328e+00,1.500000000000000000e+01,1.000000000000000000e+00
1.429571628570556641e+01,-2.836985349655151367e+00,1.500000000000000000e+01,1.000000000000000000e+00
1.282507991790771484e+01,-3.088670969009399414e+00,1.500000000000000000e+01,1.000000000000000000e+00
1.414369297027587891e+01,-2.637614965438842773e+00,1.500000000000000000e+01,1.000000000000000000e+00
1.332933425903320312e+01,-2.790482997894287109e+00,1.500000000000000000e+01,1.000000000000000000e+00
1.317603397369384766e+01,-2.876201391220092773e+00,1.500000000000000000e+01,1.000000000000000000e+00
1.379575920104980469e+01,-2.697421312332153320e+00,1.500000000000000000e+01,1.000000000000000000e+00
1.364604663848876953e+01,-3.146224260330200195e+00,1.500000000000000000e+01,1.000000000000000000e+00
1.364607048034667969e+01,-2.654597043991088867e+00,1.500000000000000000e+01,1.000000000000000000e+00
1.414137649536132812e+01,-3.059746742248535156e+00,1.500000000000000000e+01,1.000000000000000000e+00
9.312958717346191406e+00,-3.367302894592285156e+00,9.000000000000000000e+00,1.000000000000000000e+00
1.428503131866455078e+01,-2.814810514450073242e+00,1.500000000000000000e+01,1.000000000000000000e+00
1.423827743530273438e+01,-3.093501329421997070e+00,1.500000000000000000e+01,1.000000000000000000e+00
1.338965225219726562e+01,-2.805805683135986328e+00,1.500000000000000000e+01,1.000000000000000000e+00
1.391750335693359375e+01,-2.931633234024047852e+00,1.500000000000000000e+01,1.000000000000000000e+00
1.435601997375488281e+01,-3.173242807388305664e+00,1.500000000000000000e+01,1.000000000000000000e+00
1.349419975280761719e+01,-2.690507411956787109e+00,1.500000000000000000e+01,1.000000000000000000e+00
1.404791355133056641e+01,-2.623176097869873047e+00,1.500000000000000000e+01,1.000000000000000000e+00
1.356706905364990234e+01,-3.003480672836303711e+00,1.500000000000000000e+01,1.000000000000000000e+00
1.292920494079589844e+01,-3.032221794128417969e+00,9.000000000000000000e+00,1.000000000000000000e+00
9.165502548217773438e+00,-4.664825916290283203e+00,9.000000000000000000e+00,1.000000000000000000e+00
1.418822669982910156e+01,-2.935641765594482422e+00,1.500000000000000000e+01,1.000000000000000000e+00
1.098877429962158203e+01,-9.653201699256896973e-01,2.000000000000000000e+01,1.000000000000000000e+00
1.124118423461914062e+01,-1.237953901290893555e+00,2.000000000000000000e+01,1.000000000000000000e+00
8.735401153564453125e+00,-3.608164072036743164e+00,9.000000000000000000e+00,1.000000000000000000e+00
9.383396148681640625e+00,-2.626310586929321289e+00,2.100000000000000000e+01,1.000000000000000000e+00
9.940466880798339844e+00,-2.044224262237548828e+00,2.100000000000000000e+01,1.000000000000000000e+00
9.806414604187011719e+00,-2.227491617202758789e+00,2.100000000000000000e+01,1.000000000000000000e+00
1.071738147735595703e+01,-9.214541316032409668e-01,2.000000000000000000e+01,1.000000000000000000e+00
1.004772281646728516e+01,-1.911300301551818848e+00,2.100000000000000000e+01,1.000000000000000000e+00
8.208555221557617188e+00,-2.930305242538452148e+00,9.000000000000000000e+00,1.000000000000000000e+00
7.398416519165039062e+00,-3.478532075881958008e+00,2.200000000000000000e+01,1.000000000000000000e+00
1.002283668518066406e+01,-1.938652753829956055e+00,2.100000000000000000e+01,1.000000000000000000e+00
9.393179893493652344e+00,-2.684813022613525391e+00,2.100000000000000000e+01,1.000000000000000000e+00
1.060679435729980469e+01,-1.081480741500854492e+00,2.000000000000000000e+01,1.000000000000000000e+00
8.311663627624511719e+00,-3.002550125122070312e+00,2.200000000000000000e+01,1.000000000000000000e+00
8.599517822265625000e+00,-3.550962686538696289e+00,9.000000000000000000e+00,1.000000000000000000e+00
1.006323337554931641e+01,-1.888117551803588867e+00,2.100000000000000000e+01,1.000000000000000000e+00
8.223228454589843750e+00,-3.617307901382446289e+00,9.000000000000000000e+00,1.000000000000000000e+00
9.452259063720703125e+00,-2.650845527648925781e+00,2.100000000000000000e+01,1.000000000000000000e+00
9.410856246948242188e+00,-3.162058353424072266e+00,9.000000000000000000e+00,1.000000000000000000e+00
8.529509544372558594e+00,-3.099996328353881836e+00,2.200000000000000000e+01,1.000000000000000000e+00
1.852963566780090332e+00,-5.002733707427978516e+00,9.000000000000000000e+00,1.000000000000000000e+00
8.032227516174316406e+00,-3.014051675796508789e+00,9.000000000000000000e+00,1.000000000000000000e+00
1.117266654968261719e+01,-1.322692036628723145e+00,9.000000000000000000e+00,1.000000000000000000e+00
8.219003677368164062e+00,-3.143233537673950195e+00,9.000000000000000000e+00,1.000000000000000000e+00
7.853719234466552734e+00,-3.275954008102416992e+00,2.200000000000000000e+01,1.000000000000000000e+00
9.532115936279296875e+00,-2.490596771240234375e+00,2.100000000000000000e+01,1.000000000000000000e+00
8.030161857604980469e+00,-3.501889705657958984e+00,9.000000000000000000e+00,1.000000000000000000e+00
8.529655456542968750e+00,-3.294737339019775391e+00,9.000000000000000000e+00,1.000000000000000000e+00
8.084465026855468750e+00,-3.390125989913940430e+00,2.200000000000000000e+01,1.000000000000000000e+00
1.087196254730224609e+01,-1.096302986145019531e+00,9.000000000000000000e+00,1.000000000000000000e+00
9.461574554443359375e+00,-2.676721096038818359e+00,9.000000000000000000e+00,1.000000000000000000e+00
8.100434303283691406e+00,-3.445380926132202148e+00,2.200000000000000000e+01,1.000000000000000000e+00
9.960690498352050781e+00,-2.013190984725952148e+00,2.100000000000000000e+01,1.000000000000000000e+00
1.124469184875488281e+01,-1.134433031082153320e+00,2.000000000000000000e+01,1.000000000000000000e+00
1.119098186492919922e+01,-1.226614952087402344e+00,9.000000000000000000e+00,1.000000000000000000e+00
9.830965042114257812e+00,-2.315375328063964844e+00,2.100000000000000000e+01,1.000000000000000000e+00
9.525266647338867188e+00,-2.696269035339355469e+00,2.100000000000000000e+01,1.000000000000000000e+00
1.118433094024658203e+01,-1.181685686111450195e+00,2.000000000000000000e+01,1.000000000000000000e+00
8.223750114440917969e+00,-3.468147754669189453e+00,2.200000000000000000e+01,1.000000000000000000e+00
1.089794349670410156e+01,-9.692099690437316895e-01,2.000000000000000000e+01,1.000000000000000000e+00
9.569744110107421875e+00,-2.558619260787963867e+00,2.100000000000000000e+01,1.000000000000000000e+00
9.515249252319335938e+00,-2.895774126052856445e+00,9.000000000000000000e+00,1.000000000000000000e+00
9.479447364807128906e+00,-2.644332408905029297e+00,2.100000000000000000e+01,1.000000000000000000e+00
1.085793209075927734e+01,-1.055494189262390137e+00,2.000000000000000000e+01,1.000000000000000000e+00
1.094003009796142578e+01,-9.743546843528747559e-01,2.000000000000000000e+01,1.000000000000000000e+00
9.424289703369140625e+00,-2.558466196060180664e+00,9.000000000000000000e+00,1.000000000000000000e+00
1.076966953277587891e+01,-1.082864999771118164e+00,2.000000000000000000e+01,1.000000000000000000e+00
8.244188308715820312e+00,-3.648087024688720703e+00,9.000000000000000000e+00,1.000000000000000000e+00
1.041813373565673828e+01,-1.395879745483398438e+00,9.000000000000000000e+00,1.000000000000000000e+00
1.120434284210205078e+01,-1.149273872375488281e+00,2.000000000000000000e+01,1.000000000000000000e+00
9.679119110107421875e+00,-2.398294448852539062e+00,2.100000000000000000e+01,1.000000000000000000e+00
9.047096252441406250e+00,-3.328007698059082031e+00,2.100000000000000000e+01,1.000000000000000000e+00
9.480711936950683594e+00,-2.635195255279541016e+00,2.100000000000000000e+01,1.000000000000000000e+00
1.098829364776611328e+01,-1.114960312843322754e+00,2.000000000000000000e+01,1.000000000000000000e+00
8.547628402709960938e+00,-2.867571592330932617e+00,9.000000000000000000e+00,1.000000000000000000e+00
9.676711082458496094e+00,-2.744215011596679688e+00,9.000000000000000000e+00,1.000000000000000000e+00
1.029429626464843750e+01,-3.143346071243286133e+00,9.000000000000000000e+00,1.000000000000000000e+00
8.744060516357421875e+00,-3.272109746932983398e+00,9.000000000000000000e+00,1.000000000000000000e+00
9.370693206787109375e+00,-2.690283060073852539e+00,9.000000000000000000e+00,1.000000000000000000e+00
1.125351524353027344e+01,-1.111068487167358398e+00,2.000000000000000000e+01,1.000000000000000000e+00
1.082026195526123047e+01,-9.280399084091186523e-01,2.000000000000000000e+01,1.000000000000000000e+00
5.907555103302001953e+00,-3.752649068832397461e+00,9.000000000000000000e+00,1.000000000000000000e+00
9.527954101562500000e+00,-2.844230890274047852e+00,9.000000000000000000e+00,1.000000000000000000e+00
6.991839408874511719e+00,4.129874229431152344e+00,9.000000000000000000e+00,1.000000000000000000e+00
1.086245346069335938e+01,-1.182013392448425293e+00,2.000000000000000000e+01,1.000000000000000000e+00
1.077980136871337891e+01,-1.073008656501770020e+00,2.000000000000000000e+01,1.000000000000000000e+00
1.073367404937744141e+01,-9.040825963020324707e-01,2.000000000000000000e+01,1.000000000000000000e+00
1.000974082946777344e+01,-1.973117947578430176e+00,2.100000000000000000e+01,1.000000000000000000e+00
9.814929962158203125e+00,-2.298968553543090820e+00,9.000000000000000000e+00,1.000000000000000000e+00
9.599701881408691406e+00,-3.109051465988159180e+00,9.000000000000000000e+00,1.000000000000000000e+00
1.124404621124267578e+01,-1.035036802291870117e+00,2.000000000000000000e+01,1.000000000000000000e+00
9.232645034790039062e+00,-3.362042903900146484e+00,9.000000000000000000e+00,1.000000000000000000e+00
1.072991085052490234e+01,-9.123356938362121582e-01,2.000000000000000000e+01,1.000000000000000000e+00
1.077008247375488281e+01,-9.421178698539733887e-01,2.000000000000000000e+01,1.000000000000000000e+00
8.072165489196777344e+00,-3.524088382720947266e+00,9.000000000000000000e+00,1.000000000000000000e+00
8.432014465332031250e+00,-3.016768932342529297e+00,9.000000000000000000e+00,1.000000000000000000e+00
8.460224151611328125e+00,-3.549302816390991211e+00,9.000000000000000000e+00,1.000000000000000000e+00
7.988935947418212891e+00,-3.165102481842041016e+00,2.200000000000000000e+01,1.000000000000000000e+00
1.009508323669433594e+01,-1.854569315910339355e+00,2.100000000000000000e+01,1.000000000000000000e+00
1.118179321289062500e+01,-1.149550795555114746e+00,2.000000000000000000e+01,1.000000000000000000e+00
9.130165100097656250e+00,-2.995263338088989258e+00,2.100000000000000000e+01,1.000000000000000000e+00
1.360492420196533203e+01,2.798854589462280273e+00,9.000000000000000000e+00,1.000000000000000000e+00
1.122020721435546875e+01,-1.087294578552246094e+00,2.000000000000000000e+01,1.000000000000000000e+00
9.349518775939941406e+00,-3.115159749984741211e+00,9.000000000000000000e+00,1.000000000000000000e+00
7.912824630737304688e+00,-3.350432872772216797e+00,2.200000000000000000e+01,1.000000000000000000e+00
1.083382892608642578e+01,-9.510065913200378418e-01,2.000000000000000000e+01,1.000000000000000000e+00
1.086790275573730469e+01,-9.678524136543273926e-01,2.000000000000000000e+01,1.000000000000000000e+00
1.064625644683837891e+01,-1.033792972564697266e+00,2.000000000000000000e+01,1.000000000000000000e+00
8.163189888000488281e+00,-2.887366771697998047e+00,9.000000000000000000e+00,1.000000000000000000e+00
1.075269794464111328e+01,-9.370839595794677734e-01,2.000000000000000000e+01,1.000000000000000000e+00
7.519184589385986328e+00,-3.427495479583740234e+00,2.200000000000000000e+01,1.000000000000000000e+00
8.092978477478027344e+00,-3.417184352874755859e+00,2.200000000000000000e+01,1.000000000000000000e+00
7.796546936035156250e+00,-3.294378757476806641e+00,2.200000000000000000e+01,1.000000000000000000e+00
8.190252304077148438e+00,-2.937380313873291016e+00,9.000000000000000000e+00,1.000000000000000000e+00
1.119503116607666016e+01,-1.149217367172241211e+00,9.000000000000000000e+00,1.000000000000000000e+00
7.837364196777343750e+00,-3.327115297317504883e+00,2.200000000000000000e+01,1.000000000000000000e+00
1.086502361297607422e+01,-1.064909577369689941e+00,2.000000000000000000e+01,1.000000000000000000e+00
9.233292579650878906e+00,-3.185532331466674805e+00,2.100000000000000000e+01,1.000000000000000000e+00
9.100613594055175781e+00,-3.380511999130249023e+00,2.100000000000000000e+01,1.000000000000000000e+00
9.575304985046386719e+00,-2.601027727127075195e+00,2.100000000000000000e+01,1.000000000000000000e+00
1.116409206390380859e+01,-1.200893521308898926e+00,2.000000000000000000e+01,1.000000000000000000e+00
1.051703262329101562e+01,-1.117718935012817383e+00,9.000000000000000000e+00,1.000000000000000000e+00
1.088204193115234375e+01,-9.530153870582580566e-01,2.000000000000000000e+01,1.000000000000000000e+00
7.765623569488525391e+00,-3.329175233840942383e+00,2.200000000000000000e+01,1.000000000000000000e+00
1.067445659637451172e+01,-9.993585348129272461e-01,2.000000000000000000e+01,1.000000000000000000e+00
8.161440849304199219e+00,-3.589054107666015625e+00,9.000000000000000000e+00,1.000000000000000000e+00
8.218414306640625000e+00,-3.049310207366943359e+00,2.200000000000000000e+01,1.000000000000000000e+00
8.333267211914062500e+00,-3.031889438629150391e+00,2.200000000000000000e+01,1.000000000000000000e+00
8.138854026794433594e+00,-3.373743534088134766e+00,2.200000000000000000e+01,1.000000000000000000e+00
8.083126068115234375e+00,-3.414245367050170898e+00,2.200000000000000000e+01,1.000000000000000000e+00
1.080055427551269531e+01,-1.107611536979675293e+00,2.000000000000000000e+01,1.000000000000000000e+00
1.122354221343994141e+01,-9.454751610755920410e-01,2.000000000000000000e+01,1.000000000000000000e+00
9.207326889038085938e+00,-2.740658044815063477e+00,9.000000000000000000e+00,1.000000000000000000e+00
9.711001396179199219e+00,-2.425080060958862305e+00,2.100000000000000000e+01,1.000000000000000000e+00
1.122697639465332031e+01,-1.218316912651062012e+00,2.000000000000000000e+01,1.000000000000000000e+00
1.082434082031250000e+01,-1.186081886291503906e+00,9.000000000000000000e+00,1.000000000000000000e+00
1.124235343933105469e+01,-1.174728989601135254e+00,2.000000000000000000e+01,1.000000000000000000e+00
9.172761917114257812e+00,-2.725494384765625000e+00,9.000000000000000000e+00,1.000000000000000000e+00
9.410333633422851562e+00,-3.407479047775268555e+00,9.000000000000000000e+00,1.000000000000000000e+00
1.084201240539550781e+01,-1.048794507980346680e+00,2.000000000000000000e+01,1.000000000000000000e+00
1.124350833892822266e+01,-1.136863231658935547e+00,2.000000000000000000e+01,1.000000000000000000e+00
1.054765415191650391e+01,-1.099379301071166992e+00,9.000000000000000000e+00,1.000000000000000000e+00
1.070585632324218750e+01,-9.672943949699401855e-01,2.000000000000000000e+01,1.000000000000000000e+00
9.510622978210449219e+00,-2.623576879501342773e+00,2.100000000000000000e+01,1.000000000000000000e+00
9.893216133117675781e+00,-2.349062681198120117e+00,9.000000000000000000e+00,1.000000000000000000e+00
8.251401901245117188e+00,-2.993552684783935547e+00,2.200000000000000000e+01,1.000000000000000000e+00
7.155247688293457031e+00,-3.589675188064575195e+00,9.000000000000000000e+00,1.000000000000000000e+00
1.116748905181884766e+01,-1.165472745895385742e+00,2.000000000000000000e+01,1.000000000000000000e+00
1.045268249511718750e+01,-1.414168000221252441e+00,9.000000000000000000e+00,1.000000000000000000e+00
1.340238761901855469e+01,2.191736459732055664e+00,9.000000000000000000e+00,1.000000000000000000e+00
1.112841224670410156e+01,-1.000718116760253906e+00,2.000000000000000000e+01,1.000000000000000000e+00
1.035236263275146484e+01,-1.461218595504760742e+00,9.000000000000000000e+00,1.000000000000000000e+00
1.088784408569335938e+01,-8.975401520729064941e-01,2.000000000000000000e+01,1.000000000000000000e+00
7.932759284973144531e+00,-3.389215707778930664e+00,2.200000000000000000e+01,1.000000000000000000e+00
8.081701278686523438e+00,-2.975965738296508789e+00,9.000000000000000000e+00,1.000000000000000000e+00
1.087920951843261719e+01,-9.681485891342163086e-01,2.000000000000000000e+01,1.000000000000000000e+00
7.719428062438964844e+00,-3.417601108551025391e+00,9.000000000000000000e+00,1.000000000000000000e+00
1.070667743682861328e+01,-9.931998848915100098e-01,2.000000000000000000e+01,1.000000000000000000e+00
1.344743537902832031e+01,2.325698137283325195e+00,9.000000000000000000e+00,1.000000000000000000e+00
1.033615684509277344e+01,-2.496608018875122070e+00,9.000000000000000000e+00,1.000000000000000000e+00
1.116143608093261719e+01,-1.352838635444641113e+00,9.000000000000000000e+00,1.000000000000000000e+00
1.079574680328369141e+01,-9.381399750709533691e-01,2.000000000000000000e+01,1.000000000000000000e+00
1.125029087066650391e+01,-9.346873164176940918e-01,2.000000000000000000e+01,1.000000000000000000e+00
9.457159996032714844e+00,-2.685937881469726562e+00,2.100000000000000000e+01,1.000000000000000000e+00
6.813116550445556641e+00,-3.653869628906250000e+00,9.000000000000000000e+00,1.000000000000000000e+00
1.084230518341064453e+01,-9.514529705047607422e-01,2.000000000000000000e+01,1.000000000000000000e+00
1.079484558105468750e+01,-1.057691335678100586e+00,2.000000000000000000e+01,1.000000000000000000e+00
7.968091011047363281e+00,-3.389201641082763672e+00,9.000000000000000000e+00,1.000000000000000000e+00
1.126462268829345703e+01,-1.235567569732666016e+00,2.000000000000000000e+01,1.000000000000000000e+00
1.117861175537109375e+01,-1.149516463279724121e+00,2.000000000000000000e+01,1.000000000000000000e+00
8.153612136840820312e+00,-3.158256292343139648e+00,2.200000000000000000e+01,1.000000000000000000e+00
1.009865474700927734e+01,-1.860127329826354980e+00,2.100000000000000000e+01,1.000000000000000000e+00
1.095184040069580078e+01,-9.363070726394653320e-01,2.000000000000000000e+01,1.000000000000000000e+00
9.843906402587890625e+00,-2.541882753372192383e+00,9.000000000000000000e+00,1.000000000000000000e+00
1.122703933715820312e+01,-1.167106986045837402e+00,2.000000000000000000e+01,1.000000000000000000e+00
1.123482990264892578e+01,-1.231321573257446289e+00,2.000000000000000000e+01,1.000000000000000000e+00
1.117628574371337891e+01,-9.945105314254760742e-01,2.000000000000000000e+01,1.000000000000000000e+00
9.470436096191406250e+00,-2.507773637771606445e+00,9.000000000000000000e+00,1.000000000000000000e+00
8.188459396362304688e+00,-3.604781389236450195e+00,9.000000000000000000e+00,1.000000000000000000e+00
1.082515621185302734e+01,-9.321520924568176270e-01,2.000000000000000000e+01,1.000000000000000000e+00
8.150547981262207031e+00,-3.445794105529785156e+00,2.200000000000000000e+01,1.000000000000000000e+00
9.396064758300781250e+00,-2.745482206344604492e+00,2.100000000000000000e+01,1.000000000000000000e+00
1.119469261169433594e+01,-1.083910942077636719e+00,2.000000000000000000e+01,1.000000000000000000e+00
9.557562828063964844e+00,-2.456849575042724609e+00,2.100000000000000000e+01,1.000000000000000000e+00
8.132102012634277344e+00,-3.026613950729370117e+00,2.200000000000000000e+01,1.000000000000000000e+00
7.788428783416748047e+00,-3.320582866668701172e+00,9.000000000000000000e+00,1.000000000000000000e+00
9.348423004150390625e+00,-2.669399738311767578e+00,9.000000000000000000e+00,1.000000000000000000e+00
1.083840560913085938e+01,-9.554901123046875000e-01,2.000000000000000000e+01,1.000000000000000000e+00
1.059411048889160156e+01,-1.060906052589416504e+00,2.000000000000000000e+01,1.000000000000000000e+00
1.085909461975097656e+01,-1.121654748916625977e+00,2.000000000000000000e+01,1.000000000000000000e+00
1.122780799865722656e+01,-1.096423149108886719e+00,2.000000000000000000e+01,1.000000000000000000e+00
1.066993713378906250e+01,-1.022203445434570312e+00,2.000000000000000000e+01,1.000000000000000000e+00
7.803868770599365234e+00,-3.323956251144409180e+00,2.200000000000000000e+01,1.000000000000000000e+00
9.624639511108398438e+00,-2.597747802734375000e+00,9.000000000000000000e+00,1.000000000000000000e+00
1.368612480163574219e+01,-3.057005643844604492e+00,9.000000000000000000e+00,1.000000000000000000e+00
9.697626113891601562e+00,-2.687439918518066406e+00,9.000000000000000000e+00,1.000000000000000000e+00
9.328075408935546875e+00,-3.238541126251220703e+00,9.000000000000000000e+00,1.000000000000000000e+00
1.069047355651855469e+01,-9.747509360313415527e-01,2.000000000000000000e+01,1.000000000000000000e+00
7.701344966888427734e+00,-3.395083904266357422e+00,2.200000000000000000e+01,1.000000000000000000e+00
8.201443672180175781e+00,-2.999815940856933594e+00,2.200000000000000000e+01,1.000000000000000000e+00
1.109094905853271484e+01,-1.094935059547424316e+00,2.000000000000000000e+01,1.000000000000000000e+00
1.105290794372558594e+01,-9.800497889518737793e-01,2.000000000000000000e+01,1.000000000000000000e+00
1.082357120513916016e+01,-9.526915550231933594e-01,2.000000000000000000e+01,1.000000000000000000e+00
1.085398387908935547e+01,-1.122236013412475586e+00,2.000000000000000000e+01,1.000000000000000000e+00
1.003322124481201172e+01,-1.900731325149536133e+00,2.100000000000000000e+01,1.000000000000000000e+00
1.078645324707031250e+01,-1.147653698921203613e+00,2.000000000000000000e+01,1.000000000000000000e+00
1.085445880889892578e+01,-9.538354873657226562e-01,2.000000000000000000e+01,1.000000000000000000e+00
8.317022323608398438e+00,-3.477334976196289062e+00,2.200000000000000000e+01,1.000000000000000000e+00
1.082593154907226562e+01,-9.871405363082885742e-01,2.000000000000000000e+01,1.000000000000000000e+00
1.058607959747314453e+01,-1.061774611473083496e+00,2.000000000000000000e+01,1.000000000000000000e+00
4.770705223083496094e+00,-8.708116531372070312e+00,9.000000000000000000e+00,1.000000000000000000e+00
8.186525344848632812e+00,-3.594657659530639648e+00,9.000000000000000000e+00,1.000000000000000000e+00
9.425472259521484375e+00,-2.705942630767822266e+00,2.100000000000000000e+01,1.000000000000000000e+00
1.093558502197265625e+01,-9.423410892486572266e-01,9.000000000000000000e+00,1.000000000000000000e+00
1.349817466735839844e+01,2.458973407745361328e+00,9.000000000000000000e+00,1.000000000000000000e+00
7.963743209838867188e+00,-3.358366489410400391e+00,2.200000000000000000e+01,1.000000000000000000e+00
8.186098098754882812e+00,-3.422316074371337891e+00,2.200000000000000000e+01,1.000000000000000000e+00
8.340128898620605469e+00,-2.879379749298095703e+00,9.000000000000000000e+00,1.000000000000000000e+00
1.118223953247070312e+01,-1.108858108520507812e+00,2.000000000000000000e+01,1.000000000000000000e+00
8.095133781433105469e+00,-3.545669317245483398e+00,9.000000000000000000e+00,1.000000000000000000e+00
9.361933708190917969e+00,-2.827267408370971680e+00,9.000000000000000000e+00,1.000000000000000000e+00
1.098711872100830078e+01,-9.907753467559814453e-01,2.000000000000000000e+01,1.000000000000000000e+00
1.049314785003662109e+01,-1.169502377510070801e+00,9.000000000000000000e+00,1.000000000000000000e+00
8.492423057556152344e+00,-2.795754671096801758e+00,9.000000000000000000e+00,1.000000000000000000e+00
8.069725990295410156e+00,3.992071866989135742e+00,9.000000000000000000e+00,1.000000000000000000e+00
8.359372138977050781e+00,-3.528958320617675781e+00,9.000000000000000000e+00,1.000000000000000000e+00
1.124058055877685547e+01,-1.172726154327392578e+00,2.000000000000000000e+01,1.000000000000000000e+00
1.126972389221191406e+01,-1.157494544982910156e+00,2.000000000000000000e+01,1.000000000000000000e+00
8.218122482299804688e+00,-3.460436105728149414e+00,2.200000000000000000e+01,1.000000000000000000e+00
1.123038578033447266e+01,-1.089129328727722168e+00,2.000000000000000000e+01,1.000000000000000000e+00
6.255592346191406250e+00,-3.438181638717651367e+00,2.200000000000000000e+01,1.000000000000000000e+00
7.513819217681884766e+00,-3.344185829162597656e+00,2.200000000000000000e+01,1.000000000000000000e+00
6.035396575927734375e+00,-3.332388162612915039e+00,2.200000000000000000e+01,1.000000000000000000e+00
6.661070823669433594e+00,-3.777686119079589844e+00,2.200000000000000000e+01,1.000000000000000000e+00
-3.842391490936279297e+00,-3.146296739578247070e+00,9.000000000000000000e+00,1.000000000000000000e+00
5.609628200531005859e+00,-3.812035799026489258e+00,2.200000000000000000e+01,1.000000000000000000e+00
6.795403003692626953e+00,-3.346183776855468750e+00,2.200000000000000000e+01,1.000000000000000000e+00
7.474216938018798828e+00,-3.336688041687011719e+00,2.200000000000000000e+01,1.000000000000000000e+00
6.655312061309814453e+00,-3.140416622161865234e+00,2.200000000000000000e+01,1.000000000000000000e+00
6.944131374359130859e+00,-3.307075500488281250e+00,2.200000000000000000e+01,1.000000000000000000e+00
5.741855144500732422e+00,-3.776164770126342773e+00,2.200000000000000000e+01,1.000000000000000000e+00
6.335727691650390625e+00,-3.550472021102905273e+00,2.200000000000000000e+01,1.000000000000000000e+00
5.603739261627197266e+00,-3.803995609283447266e+00,2.200000000000000000e+01,1.000000000000000000e+00
6.479022979736328125e+00,-2.871058225631713867e+00,2.200000000000000000e+01,1.000000000000000000e+00
6.913732051849365234e+00,-3.593482732772827148e+00,2.200000000000000000e+01,1.000000000000000000e+00
5.551016330718994141e+00,-3.799358606338500977e+00,2.200000000000000000e+01,1.000000000000000000e+00
-3.866075277328491211e+00,-3.163266897201538086e+00,9.000000000000000000e+00,1.000000000000000000e+00
6.503060817718505859e+00,-2.846563339233398438e+00,2.200000000000000000e+01,1.000000000000000000e+00
6.306264400482177734e+00,-3.859367847442626953e+00,2.200000000000000000e+01,1.000000000000000000e+00
6.789870738983154297e+00,-3.365000963211059570e+00,2.200000000000000000e+01,1.000000000000000000e+00
6.180077552795410156e+00,-3.059608459472656250e+00,2.200000000000000000e+01,1.000000000000000000e+00
5.553610324859619141e+00,-3.847342729568481445e+00,2.200000000000000000e+01,1.000000000000000000e+00
7.288608551025390625e+00,-3.313326835632324219e+00,9.000000000000000000e+00,1.000000000000000000e+00
6.620366573333740234e+00,-3.796510934829711914e+00,2.200000000000000000e+01,1.000000000000000000e+00
6.217719554901123047e+00,-2.954083681106567383e+00,2.200000000000000000e+01,1.000000000000000000e+00
6.508646488189697266e+00,-2.628499031066894531e+00,2.200000000000000000e+01,1.000000000000000000e+00
6.808940410614013672e+00,-3.301069498062133789e+00,2.200000000000000000e+01,1.000000000000000000e+00
5.994569301605224609e+00,-3.612196207046508789e+00,2.200000000000000000e+01,1.000000000000000000e+00
7.132928371429443359e+00,-3.588567256927490234e+00,2.200000000000000000e+01,1.000000000000000000e+00
6.280189514160156250e+00,-2.804121971130371094e+00,9.000000000000000000e+00,1.000000000000000000e+00
7.260981082916259766e+00,-3.557773590087890625e+00,2.200000000000000000e+01,1.000000000000000000e+00
6.402175426483154297e+00,-3.843036174774169922e+00,2.200000000000000000e+01,1.000000000000000000e+00
6.049081802368164062e+00,-3.363628625869750977e+00,9.000000000000000000e+00,1.000000000000000000e+00
6.744540214538574219e+00,-3.666114807128906250e+00,2.200000000000000000e+01,1.000000000000000000e+00
5.999935626983642578e+00,-3.355844259262084961e+00,9.000000000000000000e+00,1.000000000000000000e+00
7.265106678009033203e+00,-3.523616790771484375e+00,2.200000000000000000e+01,1.000000000000000000e+00
7.340490341186523438e+00,-3.478185176849365234e+00,2.200000000000000000e+01,1.000000000000000000e+00
6.591584682464599609e+00,-3.598142623901367188e+00,2.200000000000000000e+01,1.000000000000000000e+00
6.599945545196533203e+00,-2.638778209686279297e+00,9.000000000000000000e+00,1.000000000000000000e+00
6.569279193878173828e+00,-2.654204845428466797e+00,2.200000000000000000e+01,1.000000000000000000e+00
6.829277992248535156e+00,-3.263823509216308594e+00,2.200000000000000000e+01,1.000000000000000000e+00
6.289826869964599609e+00,-2.791946172714233398e+00,2.200000000000000000e+01,1.000000000000000000e+00
6.749952316284179688e+00,-3.540637969970703125e+00,2.200000000000000000e+01,1.000000000000000000e+00
6.488162994384765625e+00,-2.622289419174194336e+00,2.200000000000000000e+01,1.000000000000000000e+00
6.330790996551513672e+00,-2.832791805267333984e+00,2.200000000000000000e+01,1.000000000000000000e+00
7.462834358215332031e+00,-3.444888830184936523e+00,2.200000000000000000e+01,1.000000000000000000e+00
6.853039741516113281e+00,-3.234657287597656250e+00,2.200000000000000000e+01,1.000000000000000000e+00
6.597406387329101562e+00,-2.731514692306518555e+00,2.200000000000000000e+01,1.000000000000000000e+00
6.625735282897949219e+00,-3.748523235321044922e+00,2.200000000000000000e+01,1.000000000000000000e+00
5.535963058471679688e+00,-3.869303941726684570e+00,2.200000000000000000e+01,1.000000000000000000e+00
7.549375534057617188e+00,-3.390829086303710938e+00,9.000000000000000000e+00,1.000000000000000000e+00
7.521079540252685547e+00,-3.296561956405639648e+00,2.200000000000000000e+01,1.000000000000000000e+00
6.453905582427978516e+00,-3.834650039672851562e+00,2.200000000000000000e+01,1.000000000000000000e+00
7.272360324859619141e+00,-3.225172758102416992e+00,2.200000000000000000e+01,1.000000000000000000e+00
5.892214298248291016e+00,-3.753109216690063477e+00,2.200000000000000000e+01,1.000000000000000000e+00
5.971718311309814453e+00,-3.809428453445434570e+00,2.200000000000000000e+01,1.000000000000000000e+00
6.577784061431884766e+00,-2.643844127655029297e+00,9.000000000000000000e+00,1.000000000000000000e+00
7.277236938476562500e+00,-3.483208179473876953e+00,2.200000000000000000e+01,1.000000000000000000e+00
6.283711910247802734e+00,-2.806397914886474609e+00,2.200000000000000000e+01,1.000000000000000000e+00
6.635606765747070312e+00,-3.699890375137329102e+00,2.200000000000000000e+01,1.000000000000000000e+00
6.818946838378906250e+00,-3.108327865600585938e+00,2.200000000000000000e+01,1.000000000000000000e+00
6.507409095764160156e+00,-2.629409074783325195e+00,2.200000000000000000e+01,1.000000000000000000e+00
6.876993179321289062e+00,-3.587943077087402344e+00,2.200000000000000000e+01,1.000000000000000000e+00
6.336482048034667969e+00,-2.933130025863647461e+00,2.200000000000000000e+01,1.000000000000000000e+00
6.325789928436279297e+00,-2.931151151657104492e+00,2.200000000000000000e+01,1.000000000000000000e+00
6.515460968017578125e+00,-2.597774982452392578e+00,2.200000000000000000e+01,1.000000000000000000e+00
6.488111495971679688e+00,-3.511678457260131836e+00,2.200000000000000000e+01,1.000000000000000000e+00
6.647472858428955078e+00,-2.941194295883178711e+00,2.200000000000000000e+01,1.000000000000000000e+00
7.537577152252197266e+00,-3.303964614868164062e+00,2.200000000000000000e+01,1.000000000000000000e+00
6.460622787475585938e+00,-2.740510463714599609e+00,2.200000000000000000e+01,1.000000000000000000e+00
6.224736213684082031e+00,-3.520688056945800781e+00,2.200000000000000000e+01,1.000000000000000000e+00
6.752066612243652344e+00,-3.628578901290893555e+00,2.200000000000000000e+01,1.000000000000000000e+00
6.261331081390380859e+00,-2.833607196807861328e+00,2.200000000000000000e+01,1.000000000000000000e+00
6.491838932037353516e+00,-2.972885370254516602e+00,2.200000000000000000e+01,1.000000000000000000e+00
6.068982601165771484e+00,-3.204646348953247070e+00,2.200000000000000000e+01,1.000000000000000000e+00
6.618842601776123047e+00,-3.619152784347534180e+00,2.200000000000000000e+01,1.000000000000000000e+00
6.263515949249267578e+00,-3.842435121536254883e+00,2.200000000000000000e+01,1.000000000000000000e+00
5.619751930236816406e+00,-3.807577848434448242e+00,2.200000000000000000e+01,1.000000000000000000e+00
6.941570281982421875e+00,-3.344849348068237305e+00,2.200000000000000000e+01,1.000000000000000000e+00
6.794780731201171875e+00,-3.663897037506103516e+00,2.200000000000000000e+01,1.000000000000000000e+00
7.467399597167968750e+00,-3.428077936172485352e+00,2.200000000000000000e+01,1.000000000000000000e+00
6.700216293334960938e+00,-2.806529045104980469e+00,9.000000000000000000e+00,1.000000000000000000e+00
5.568528175354003906e+00,-3.846359014511108398e+00,2.200000000000000000e+01,1.000000000000000000e+00
7.355687618255615234e+00,-3.461615800857543945e+00,2.200000000000000000e+01,1.000000000000000000e+00
6.264827728271484375e+00,-3.316618680953979492e+00,2.200000000000000000e+01,1.000000000000000000e+00
7.025884151458740234e+00,-3.365814685821533203e+00,2.200000000000000000e+01,1.000000000000000000e+00
7.110856533050537109e+00,-3.170287370681762695e+00,2.200000000000000000e+01,1.000000000000000000e+00
7.177666664123535156e+00,-3.307739257812500000e+00,9.000000000000000000e+00,1.000000000000000000e+00
5.837243556976318359e+00,-3.615595579147338867e+00,2.200000000000000000e+01,1.000000000000000000e+00
5.509058475494384766e+00,-3.876819610595703125e+00,2.200000000000000000e+01,1.000000000000000000e+00
7.556704521179199219e+00,-3.360099792480468750e+00,2.200000000000000000e+01,1.000000000000000000e+00
5.878385543823242188e+00,-3.586979150772094727e+00,2.200000000000000000e+01,1.000000000000000000e+00
6.455000877380371094e+00,-2.743768692016601562e+00,2.200000000000000000e+01,1.000000000000000000e+00
7.116901874542236328e+00,-3.620528697967529297e+00,2.200000000000000000e+01,1.000000000000000000e+00
6.692087173461914062e+00,-3.798481941223144531e+00,2.200000000000000000e+01,1.000000000000000000e+00
7.346897125244140625e+00,-3.477277040481567383e+00,2.200000000000000000e+01,1.000000000000000000e+00
6.708670616149902344e+00,-3.721119403839111328e+00,2.200000000000000000e+01,1.000000000000000000e+00
5.524777412414550781e+00,-3.874940156936645508e+00,2.200000000000000000e+01,1.000000000000000000e+00
6.573177337646484375e+00,-3.757976531982421875e+00,2.200000000000000000e+01,1.000000000000000000e+00
6.881492614746093750e+00,-3.647606134414672852e+00,2.200000000000000000e+01,1.000000000000000000e+00
7.480152130126953125e+00,-3.402682304382324219e+00,2.200000000000000000e+01,1.000000000000000000e+00
5.610321521759033203e+00,-3.814520359039306641e+00,2.200000000000000000e+01,1.000000000000000000e+00
5.557019710540771484e+00,-3.860584259033203125e+00,2.200000000000000000e+01,1.000000000000000000e+00
6.110207080841064453e+00,-3.459249496459960938e+00,2.200000000000000000e+01,1.000000000000000000e+00
5.532737731933593750e+00,-3.851906299591064453e+00,2.200000000000000000e+01,1.000000000000000000e+00
6.421067237854003906e+00,-3.764501571655273438e+00,2.200000000000000000e+01,1.000000000000000000e+00
6.601711273193359375e+00,-2.873637914657592773e+00,2.200000000000000000e+01,1.000000000000000000e+00
6.168632030487060547e+00,-3.892253160476684570e+00,2.200000000000000000e+01,1.000000000000000000e+00
6.554302692413330078e+00,-2.941759586334228516e+00,2.200000000000000000e+01,1.000000000000000000e+00
6.304521560668945312e+00,-3.492753028869628906e+00,2.200000000000000000e+01,1.000000000000000000e+00
5.955729961395263672e+00,-3.586312055587768555e+00,2.200000000000000000e+01,1.000000000000000000e+00
7.553708076477050781e+00,-3.371470212936401367e+00,2.200000000000000000e+01,1.000000000000000000e+00
6.823902130126953125e+00,-3.439861536026000977e+00,2.200000000000000000e+01,1.000000000000000000e+00
6.289224624633789062e+00,-3.884253263473510742e+00,2.200000000000000000e+01,1.000000000000000000e+00
6.787020206451416016e+00,-3.359977722167968750e+00,2.200000000000000000e+01,1.000000000000000000e+00
7.457245826721191406e+00,-3.292994499206542969e+00,2.200000000000000000e+01,1.000000000000000000e+00
6.531576156616210938e+00,-3.823824167251586914e+00,2.200000000000000000e+01,1.000000000000000000e+00
5.588891983032226562e+00,-3.822149276733398438e+00,2.200000000000000000e+01,1.000000000000000000e+00
6.710383415222167969e+00,-3.417782306671142578e+00,2.200000000000000000e+01,1.000000000000000000e+00
5.836243152618408203e+00,-3.836736917495727539e+00,2.200000000000000000e+01,1.000000000000000000e+00
6.324804306030273438e+00,-2.671156167984008789e+00,9.000000000000000000e+00,1.000000000000000000e+00
6.537955760955810547e+00,-3.808948040008544922e+00,2.200000000000000000e+01,1.000000000000000000e+00
6.273045539855957031e+00,-3.885480880737304688e+00,2.200000000000000000e+01,1.000000000000000000e+00
6.386493682861328125e+00,-2.930811882019042969e+00,2.200000000000000000e+01,1.000000000000000000e+00
6.502214431762695312e+00,-2.877415180206298828e+00,2.200000000000000000e+01,1.000000000000000000e+00
6.250931262969970703e+00,-3.221850633621215820e+00,2.200000000000000000e+01,1.000000000000000000e+00
6.337198257446289062e+00,-2.709360361099243164e+00,9.000000000000000000e+00,1.000000000000000000e+00
6.272988796234130859e+00,-2.922883272171020508e+00,2.200000000000000000e+01,1.000000000000000000e+00
6.052148818969726562e+00,-3.615766763687133789e+00,2.200000000000000000e+01,1.000000000000000000e+00
6.519074916839599609e+00,-2.618557691574096680e+00,2.200000000000000000e+01,1.000000000000000000e+00
6.440124988555908203e+00,-3.417805433273315430e+00,2.200000000000000000e+01,1.000000000000000000e+00
6.349319458007812500e+00,-3.706176996231079102e+00,2.200000000000000000e+01,1.000000000000000000e+00
5.640706062316894531e+00,-3.834555625915527344e+00,2.200000000000000000e+01,1.000000000000000000e+00
7.503410816192626953e+00,-3.366685867309570312e+00,2.200000000000000000e+01,1.000000000000000000e+00
6.136855602264404297e+00,-3.833203077316284180e+00,2.200000000000000000e+01,1.000000000000000000e+00
6.527445793151855469e+00,-3.781346082687377930e+00,2.200000000000000000e+01,1.000000000000000000e+00
5.512271404266357422e+00,-3.875387191772460938e+00,2.200000000000000000e+01,1.000000000000000000e+00
7.360132217407226562e+00,-3.316581726074218750e+00,9.000000000000000000e+00,1.000000000000000000e+00
6.056222915649414062e+00,-3.486677885055541992e+00,2.200000000000000000e+01,1.000000000000000000e+00
6.066839218139648438e+00,-3.847230911254882812e+00,2.200000000000000000e+01,1.000000000000000000e+00
7.198520183563232422e+00,-3.554847717285156250e+00,2.200000000000000000e+01,1.000000000000000000e+00
5.551525592803955078e+00,-3.849323987960815430e+00,2.200000000000000000e+01,1.000000000000000000e+00
6.311606407165527344e+00,-3.856957435607910156e+00,2.200000000000000000e+01,1.000000000000000000e+00
6.389344692230224609e+00,-2.787938833236694336e+00,2.200000000000000000e+01,1.000000000000000000e+00
7.976375579833984375e+00,-3.518569707870483398e+00,9.000000000000000000e+00,1.000000000000000000e+00
5.961842536926269531e+00,-3.769540309906005859e+00,2.200000000000000000e+01,1.000000000000000000e+00
5.953435420989990234e+00,-3.708953142166137695e+00,2.200000000000000000e+01,1.000000000000000000e+00
6.329273700714111328e+00,-3.862428426742553711e+00,2.200000000000000000e+01,1.000000000000000000e+00
6.708985805511474609e+00,-3.773284196853637695e+00,2.200000000000000000e+01,1.000000000000000000e+00
7.215503215789794922e+00,-3.556599140167236328e+00,2.200000000000000000e+01,1.000000000000000000e+00
7.299514770507812500e+00,-3.448694229125976562e+00,2.200000000000000000e+01,1.000000000000000000e+00
6.444201469421386719e+00,-2.751135826110839844e+00,2.200000000000000000e+01,1.000000000000000000e+00
6.947247028350830078e+00,-3.534749984741210938e+00,2.200000000000000000e+01,1.000000000000000000e+00
5.939835548400878906e+00,-3.753345727920532227e+00,2.200000000000000000e+01,1.000000000000000000e+00
6.918014526367187500e+00,-3.343301534652709961e+00,2.200000000000000000e+01,1.000000000000000000e+00
6.874563694000244141e+00,-3.445521831512451172e+00,2.200000000000000000e+01,1.000000000000000000e+00
7.214263916015625000e+00,-3.455309391021728516e+00,2.200000000000000000e+01,1.000000000000000000e+00
6.751205444335937500e+00,-3.622367143630981445e+00,2.200000000000000000e+01,1.000000000000000000e+00
6.698800563812255859e+00,-3.756801843643188477e+00,2.200000000000000000e+01,1.000000000000000000e+00
7.213714599609375000e+00,-3.510587215423583984e+00,2.200000000000000000e+01,1.000000000000000000e+00
7.535604953765869141e+00,-3.371278762817382812e+00,2.200000000000000000e+01,1.000000000000000000e+00
6.553608894348144531e+00,-3.367750167846679688e+00,2.200000000000000000e+01,1.000000000000000000e+00
6.174003124237060547e+00,-3.494386434555053711e+00,2.200000000000000000e+01,1.000000000000000000e+00
6.710030078887939453e+00,-3.742183923721313477e+00,2.200000000000000000e+01,1.000000000000000000e+00
6.846574783325195312e+00,-3.274584054946899414e+00,2.200000000000000000e+01,1.000000000000000000e+00
8.069437026977539062e+00,-3.531865835189819336e+00,9.000000000000000000e+00,1.000000000000000000e+00
6.345307826995849609e+00,-3.851172924041748047e+00,2.200000000000000000e+01,1.000000000000000000e+00
7.510789871215820312e+00,-3.333218336105346680e+00,2.200000000000000000e+01,1.000000000000000000e+00
6.512779712677001953e+00,-2.738396644592285156e+00,2.200000000000000000e+01,1.000000000000000000e+00
6.574905395507812500e+00,-3.774917840957641602e+00,2.200000000000000000e+01,1.000000000000000000e+00
6.625930309295654297e+00,-2.889889955520629883e+00,2.200000000000000000e+01,1.000000000000000000e+00
6.626335144042968750e+00,-3.466753959655761719e+00,2.200000000000000000e+01,1.000000000000000000e+00
5.490345001220703125e+00,-3.876178741455078125e+00,9.000000000000000000e+00,1.000000000000000000e+00
6.756443977355957031e+00,-3.671812057495117188e+00,2.200000000000000000e+01,1.000000000000000000e+00
6.665695667266845703e+00,-2.793298721313476562e+00,9.000000000000000000e+00,1.000000000000000000e+00
7.418263912200927734e+00,-3.250562906265258789e+00,2.200000000000000000e+01,1.000000000000000000e+00
6.065166950225830078e+00,-3.375932455062866211e+00,2.200000000000000000e+01,1.000000000000000000e+00
6.392886638641357422e+00,-3.611356258392333984e+00,2.200000000000000000e+01,1.000000000000000000e+00
6.219130992889404297e+00,-3.865270137786865234e+00,2.200000000000000000e+01,1.000000000000000000e+00
6.368362903594970703e+00,-3.617394924163818359e+00,2.200000000000000000e+01,1.000000000000000000e+00
6.497908115386962891e+00,-3.405032157897949219e+00,2.200000000000000000e+01,1.000000000000000000e+00
5.494548320770263672e+00,-3.869122266769409180e+00,2.200000000000000000e+01,1.000000000000000000e+00
6.808219909667968750e+00,-3.648669719696044922e+00,2.200000000000000000e+01,1.000000000000000000e+00
6.611384391784667969e+00,-3.787997722625732422e+00,2.200000000000000000e+01,1.000000000000000000e+00
5.566858291625976562e+00,-3.829102754592895508e+00,2.200000000000000000e+01,1.000000000000000000e+00
7.247381210327148438e+00,-3.516013622283935547e+00,2.200000000000000000e+01,1.000000000000000000e+00
6.909762382507324219e+00,-3.225190162658691406e+00,2.200000000000000000e+01,1.000000000000000000e+00
6.261497497558593750e+00,-3.882380008697509766e+00,2.200000000000000000e+01,1.000000000000000000e+00
-4.501776695251464844e+00,-3.090616226196289062e+00,9.000000000000000000e+00,1.000000000000000000e+00
6.514023303985595703e+00,-2.610134124755859375e+00,9.000000000000000000e+00,1.000000000000000000e+00
7.160080432891845703e+00,-3.572726011276245117e+00,2.200000000000000000e+01,1.000000000000000000e+00
6.945633888244628906e+00,-3.118034124374389648e+00,2.200000000000000000e+01,1.000000000000000000e+00
5.960198879241943359e+00,-3.727694511413574219e+00,2.200000000000000000e+01,1.000000000000000000e+00
6.059421539306640625e+00,-3.396536350250244141e+00,2.200000000000000000e+01,1.000000000000000000e+00
6.517128944396972656e+00,-2.656441450119018555e+00,2.200000000000000000e+01,1.000000000000000000e+00
6.017326831817626953e+00,-3.283821582794189453e+00,9.000000000000000000e+00,1.000000000000000000e+00
5.577321052551269531e+00,-3.820031166076660156e+00,2.200000000000000000e+01,1.000000000000000000e+00
6.588448047637939453e+00,-3.748950481414794922e+00,2.200000000000000000e+01,1.000000000000000000e+00
6.714541435241699219e+00,-2.855619430541992188e+00,2.200000000000000000e+01,1.000000000000000000e+00
5.868600368499755859e+00,-3.718343257904052734e+00,2.200000000000000000e+01,1.000000000000000000e+00
7.267966270446777344e+00,-3.515999555587768555e+00,2.200000000000000000e+01,1.000000000000000000e+00
-3.872913360595703125e+00,-3.137218236923217773e+00,9.000000000000000000e+00,1.000000000000000000e+00
5.633072376251220703e+00,-3.833606958389282227e+00,2.200000000000000000e+01,1.000000000000000000e+00
6.080203533172607422e+00,-3.611972093582153320e+00,2.200000000000000000e+01,1.000000000000000000e+00
6.378270149230957031e+00,-3.867076396942138672e+00,2.200000000000000000e+01,1.000000000000000000e+00
6.457808494567871094e+00,-3.838939189910888672e+00,2.200000000000000000e+01,1.000000000000000000e+00
6.065680980682373047e+00,-3.851319313049316406e+00,2.200000000000000000e+01,1.000000000000000000e+00
6.144545555114746094e+00,-3.887290716171264648e+00,2.200000000000000000e+01,1.000000000000000000e+00
7.058331966400146484e+00,-3.643628597259521484e+00,2.200000000000000000e+01,1.000000000000000000e+00
6.436310291290283203e+00,-2.935677766799926758e+00,2.200000000000000000e+01,1.000000000000000000e+00
6.825625896453857422e+00,1.377316379547119141e+01,1.000000000000000000e+01,1.000000000000000000e+00
6.882607460021972656e+00,1.342124462127685547e+01,1.000000000000000000e+01,1.000000000000000000e+00
6.326860427856445312e+00,1.356051445007324219e+01,1.000000000000000000e+01,1.000000000000000000e+00
6.771202564239501953e+00,1.378757858276367188e+01,1.000000000000000000e+01,1.000000000000000000e+00
6.883392333984375000e+00,1.358815670013427734e+01,1.000000000000000000e+01,1.000000000000000000e+00
6.548954963684082031e+00,1.381650829315185547e+01,1.000000000000000000e+01,1.000000000000000000e+00
6.424556255340576172e+00,1.374755954742431641e+01,1.000000000000000000e+01,1.000000000000000000e+00
7.359323978424072266e+00,1.451030731201171875e+01,9.000000000000000000e+00,1.000000000000000000e+00
6.994335174560546875e+00,1.357277679443359375e+01,1.000000000000000000e+01,1.000000000000000000e+00
5.521690845489501953e+00,1.366851234436035156e+01,1.000000000000000000e+01,1.000000000000000000e+00
5.438666820526123047e+00,1.360526847839355469e+01,1.000000000000000000e+01,1.000000000000000000e+00
6.480931282043457031e+00,1.368462562561035156e+01,1.000000000000000000e+01,1.000000000000000000e+00
6.061660766601562500e+00,1.366623115539550781e+01,1.000000000000000000e+01,1.000000000000000000e+00
5.489507198333740234e+00,1.359481143951416016e+01,1.000000000000000000e+01,1.000000000000000000e+00
7.395820140838623047e+00,1.455353736877441406e+01,9.000000000000000000e+00,1.000000000000000000e+00
6.345681667327880859e+00,1.352614021301269531e+01,1.000000000000000000e+01,1.000000000000000000e+00
5.762377262115478516e+00,1.349012184143066406e+01,1.000000000000000000e+01,1.000000000000000000e+00
5.633547306060791016e+00,1.355695438385009766e+01,1.000000000000000000e+01,1.000000000000000000e+00
6.740714073181152344e+00,1.359266757965087891e+01,1.000000000000000000e+01,1.000000000000000000e+00
6.481474876403808594e+00,1.369924736022949219e+01,1.000000000000000000e+01,1.000000000000000000e+00
5.690614700317382812e+00,1.353636264801025391e+01,1.000000000000000000e+01,1.000000000000000000e+00
6.802642345428466797e+00,1.368788433074951172e+01,1.000000000000000000e+01,1.000000000000000000e+00
6.963495731353759766e+00,1.343909263610839844e+01,1.000000000000000000e+01,1.000000000000000000e+00
7.466393947601318359e+00,1.463858318328857422e+01,1.100000000000000000e+01,1.000000000000000000e+00
6.928184986114501953e+00,1.387474536895751953e+01,1.000000000000000000e+01,1.000000000000000000e+00
5.843024730682373047e+00,1.356146049499511719e+01,1.000000000000000000e+01,1.000000000000000000e+00
6.891691207885742188e+00,1.348396587371826172e+01,1.000000000000000000e+01,1.000000000000000000e+00
5.734712123870849609e+00,1.354452419281005859e+01,1.000000000000000000e+01,1.000000000000000000e+00
5.549512386322021484e+00,1.361036968231201172e+01,1.000000000000000000e+01,1.000000000000000000e+00
6.395574092864990234e+00,1.332162189483642578e+01,1.000000000000000000e+01,1.000000000000000000e+00
5.723527431488037109e+00,1.351951599121093750e+01,1.000000000000000000e+01,1.000000000000000000e+00
6.205310821533203125e+00,1.352302551269531250e+01,1.000000000000000000e+01,1.000000000000000000e+00
6.309975624084472656e+00,1.349638175964355469e+01,1.000000000000000000e+01,1.000000000000000000e+00
6.251125812530517578e+00,1.334772872924804688e+01,1.000000000000000000e+01,1.000000000000000000e+00
5.802685737609863281e+00,1.351619148254394531e+01,1.000000000000000000e+01,1.000000000000000000e+00
5.942064762115478516e+00,1.383329582214355469e+01,1.000000000000000000e+01,1.000000000000000000e+00
5.787498474121093750e+00,1.368727302551269531e+01,1.000000000000000000e+01,1.000000000000000000e+00
6.884829998016357422e+00,1.349572849273681641e+01,1.000000000000000000e+01,1.000000000000000000e+00
5.903804302215576172e+00,1.382307243347167969e+01,1.000000000000000000e+01,1.000000000000000000e+00
6.030622005462646484e+00,1.377799892425537109e+01,1.000000000000000000e+01,1.000000000000000000e+00
5.853976249694824219e+00,1.366240787506103516e+01,1.000000000000000000e+01,1.000000000000000000e+00
6.582137107849121094e+00,1.368116855621337891e+01,1.000000000000000000e+01,1.000000000000000000e+00
7.502803325653076172e+00,1.468045616149902344e+01,1.100000000000000000e+01,1.000000000000000000e+00
5.707310199737548828e+00,1.360266113281250000e+01,1.000000000000000000e+01,1.000000000000000000e+00
6.831416130065917969e+00,1.361657905578613281e+01,1.000000000000000000e+01,1.000000000000000000e+00
5.459307670593261719e+00,1.362015533447265625e+01,1.000000000000000000e+01,1.000000000000000000e+00
6.014658451080322266e+00,1.380171203613281250e+01,1.000000000000000000e+01,1.000000000000000000e+00
5.614237785339355469e+00,1.353019332885742188e+01,9.000000000000000000e+00,1.000000000000000000e+00
6.529166221618652344e+00,1.367402839660644531e+01,1.000000000000000000e+01,1.000000000000000000e+00
6.818014621734619141e+00,1.364853191375732422e+01,1.000000000000000000e+01,1.000000000000000000e+00
7.504294872283935547e+00,1.468160057067871094e+01,1.100000000000000000e+01,1.000000000000000000e+00
6.763008594512939453e+00,1.378758716583251953e+01,1.000000000000000000e+01,1.000000000000000000e+00
6.227960586547851562e+00,1.336684608459472656e+01,1.000000000000000000e+01,1.000000000000000000e+00
7.484726428985595703e+00,1.465899276733398438e+01,1.100000000000000000e+01,1.000000000000000000e+00
6.721294403076171875e+00,1.324530315399169922e+01,1.000000000000000000e+01,1.000000000000000000e+00
6.873249530792236328e+00,1.365703392028808594e+01,1.000000000000000000e+01,1.000000000000000000e+00
6.335532188415527344e+00,1.360744476318359375e+01,1.000000000000000000e+01,1.000000000000000000e+00
1.902024149894714355e+00,-4.964263439178466797e+00,9.000000000000000000e+00,1.000000000000000000e+00
6.832790374755859375e+00,1.340656375885009766e+01,1.000000000000000000e+01,1.000000000000000000e+00
6.875311374664306641e+00,1.368605804443359375e+01,1.000000000000000000e+01,1.000000000000000000e+00
6.562578201293945312e+00,1.377679157257080078e+01,1.000000000000000000e+01,1.000000000000000000e+00
6.528109550476074219e+00,1.370644378662109375e+01,1.000000000000000000e+01,1.000000000000000000e+00
7.449605941772460938e+00,1.462188720703125000e+01,1.100000000000000000e+01,1.000000000000000000e+00
1.913700580596923828e+00,-4.974864006042480469e+00,9.000000000000000000e+00,1.000000000000000000e+00
7.375701427459716797e+00,1.452783966064453125e+01,9.000000000000000000e+00,1.000000000000000000e+00
5.879563808441162109e+00,1.354698181152343750e+01,1.000000000000000000e+01,1.000000000000000000e+00
6.605978012084960938e+00,1.322201824188232422e+01,1.000000000000000000e+01,1.000000000000000000e+00
6.676342964172363281e+00,1.362305068969726562e+01,1.000000000000000000e+01,1.000000000000000000e+00
7.356394290924072266e+00,1.449674987792968750e+01,9.000000000000000000e+00,1.000000000000000000e+00
6.955812454223632812e+00,1.395445632934570312e+01,9.000000000000000000e+00,1.000000000000000000e+00
6.715353965759277344e+00,1.334524631500244141e+01,1.000000000000000000e+01,1.000000000000000000e+00
6.106690406799316406e+00,1.350929355621337891e+01,1.000000000000000000e+01,1.000000000000000000e+00
7.425243377685546875e+00,1.458615207672119141e+01,1.100000000000000000e+01,1.000000000000000000e+00
6.322876453399658203e+00,1.353455829620361328e+01,1.000000000000000000e+01,1.000000000000000000e+00
5.669511318206787109e+00,1.353250408172607422e+01,1.000000000000000000e+01,1.000000000000000000e+00
6.863331794738769531e+00,1.346930027008056641e+01,1.000000000000000000e+01,1.000000000000000000e+00
5.670509338378906250e+00,1.350669670104980469e+01,9.000000000000000000e+00,1.000000000000000000e+00
7.351944923400878906e+00,1.449959564208984375e+01,9.000000000000000000e+00,1.000000000000000000e+00
6.553793430328369141e+00,1.365220069885253906e+01,1.000000000000000000e+01,1.000000000000000000e+00
6.569962501525878906e+00,1.319753742218017578e+01,1.000000000000000000e+01,1.000000000000000000e+00
5.755893230438232422e+00,1.349498462677001953e+01,1.000000000000000000e+01,1.000000000000000000e+00
5.487038612365722656e+00,1.363860511779785156e+01,1.000000000000000000e+01,1.000000000000000000e+00
5.451330184936523438e+00,1.360641860961914062e+01,1.000000000000000000e+01,1.000000000000000000e+00
7.000572204589843750e+00,1.345513057708740234e+01,1.000000000000000000e+01,1.000000000000000000e+00
6.346441745758056641e+00,1.356794643402099609e+01,1.000000000000000000e+01,1.000000000000000000e+00
5.550763607025146484e+00,1.356082534790039062e+01,1.000000000000000000e+01,1.000000000000000000e+00
5.524806022644042969e+00,1.361248016357421875e+01,1.000000000000000000e+01,1.000000000000000000e+00
6.825396537780761719e+00,1.348021411895751953e+01,1.000000000000000000e+01,1.000000000000000000e+00
5.915062904357910156e+00,1.385683822631835938e+01,1.000000000000000000e+01,1.000000000000000000e+00
5.858885765075683594e+00,1.351559162139892578e+01,1.000000000000000000e+01,1.000000000000000000e+00
7.385935783386230469e+00,1.454534339904785156e+01,9.000000000000000000e+00,1.000000000000000000e+00
6.864736080169677734e+00,1.341718196868896484e+01,1.000000000000000000e+01,1.000000000000000000e+00
4.142199993133544922e+00,1.812325668334960938e+01,9.000000000000000000e+00,1.000000000000000000e+00
5.955226898193359375e+00,1.382599163055419922e+01,1.000000000000000000e+01,1.000000000000000000e+00
5.817842960357666016e+00,1.380622959136962891e+01,1.000000000000000000e+01,1.000000000000000000e+00
6.131478309631347656e+00,1.335594367980957031e+01,1.000000000000000000e+01,1.000000000000000000e+00
5.865153312683105469e+00,1.383489036560058594e+01,1.000000000000000000e+01,1.000000000000000000e+00
7.423642635345458984e+00,1.458891010284423828e+01,1.100000000000000000e+01,1.000000000000000000e+00
5.660286426544189453e+00,1.350355243682861328e+01,1.000000000000000000e+01,1.000000000000000000e+00
5.695698738098144531e+00,1.351719093322753906e+01,1.000000000000000000e+01,1.000000000000000000e+00
5.762571334838867188e+00,1.366691684722900391e+01,1.000000000000000000e+01,1.000000000000000000e+00
6.235808372497558594e+00,1.336342620849609375e+01,1.000000000000000000e+01,1.000000000000000000e+00
6.387803554534912109e+00,1.355522060394287109e+01,1.000000000000000000e+01,1.000000000000000000e+00
5.924598693847656250e+00,1.384473419189453125e+01,1.000000000000000000e+01,1.000000000000000000e+00
1.870310187339782715e+00,-4.995407581329345703e+00,9.000000000000000000e+00,1.000000000000000000e+00
1.902334213256835938e+00,-4.992526531219482422e+00,9.000000000000000000e+00,1.000000000000000000e+00
6.509454250335693359e+00,1.324847030639648438e+01,1.000000000000000000e+01,1.000000000000000000e+00
5.849250793457031250e+00,1.345642948150634766e+01,1.000000000000000000e+01,1.000000000000000000e+00
6.833349227905273438e+00,1.326148700714111328e+01,1.000000000000000000e+01,1.000000000000000000e+00
6.994429588317871094e+00,1.355570220947265625e+01,1.000000000000000000e+01,1.000000000000000000e+00
7.373189926147460938e+00,1.452307891845703125e+01,9.000000000000000000e+00,1.000000000000000000e+00
5.500521659851074219e+00,1.362474155426025391e+01,1.000000000000000000e+01,1.000000000000000000e+00
5.692139625549316406e+00,1.355425262451171875e+01,1.000000000000000000e+01,1.000000000000000000e+00
7.471709251403808594e+00,1.464500617980957031e+01,1.100000000000000000e+01,1.000000000000000000e+00
6.279547214508056641e+00,1.355405807495117188e+01,1.000000000000000000e+01,1.000000000000000000e+00
7.466481208801269531e+00,1.463989830017089844e+01,1.100000000000000000e+01,1.000000000000000000e+00
6.686676502227783203e+00,1.373783397674560547e+01,1.000000000000000000e+01,1.000000000000000000e+00
6.482903003692626953e+00,1.332423114776611328e+01,1.000000000000000000e+01,1.000000000000000000e+00
7.338552474975585938e+00,1.447319316864013672e+01,1.000000000000000000e+01,1.000000000000000000e+00
7.490797042846679688e+00,1.466477966308593750e+01,1.100000000000000000e+01,1.000000000000000000e+00
6.869772434234619141e+00,1.355534553527832031e+01,1.000000000000000000e+01,1.000000000000000000e+00
6.536774158477783203e+00,1.372943782806396484e+01,1.000000000000000000e+01,1.000000000000000000e+00
6.627412796020507812e+00,1.377309417724609375e+01,1.000000000000000000e+01,1.000000000000000000e+00
6.280864238739013672e+00,1.363446044921875000e+01,1.000000000000000000e+01,1.000000000000000000e+00
5.575531482696533203e+00,1.365068149566650391e+01,1.000000000000000000e+01,1.000000000000000000e+00
7.407581329345703125e+00,1.457305240631103516e+01,1.100000000000000000e+01,1.000000000000000000e+00
5.830180168151855469e+00,1.348932456970214844e+01,1.000000000000000000e+01,1.000000000000000000e+00
6.437933444976806641e+00,1.345657444000244141e+01,1.000000000000000000e+01,1.000000000000000000e+00
5.687382698059082031e+00,1.375591373443603516e+01,1.000000000000000000e+01,1.000000000000000000e+00
5.928625106811523438e+00,1.383818435668945312e+01,1.000000000000000000e+01,1.000000000000000000e+00
5.428284168243408203e+00,1.360396766662597656e+01,1.000000000000000000e+01,1.000000000000000000e+00
6.212244987487792969e+00,1.358832645416259766e+01,1.000000000000000000e+01,1.000000000000000000e+00
7.507075309753417969e+00,1.468676280975341797e+01,1.100000000000000000e+01,1.000000000000000000e+00
5.456722259521484375e+00,1.361819076538085938e+01,1.000000000000000000e+01,1.000000000000000000e+00
7.481030464172363281e+00,1.465471458435058594e+01,1.100000000000000000e+01,1.000000000000000000e+00
7.006906032562255859e+00,1.352309417724609375e+01,1.000000000000000000e+01,1.000000000000000000e+00
6.756274700164794922e+00,1.375393486022949219e+01,1.000000000000000000e+01,1.000000000000000000e+00
6.775326728820800781e+00,1.328703403472900391e+01,1.000000000000000000e+01,1.000000000000000000e+00
6.235538959503173828e+00,1.331556034088134766e+01,1.000000000000000000e+01,1.000000000000000000e+00
5.578114986419677734e+00,1.355257129669189453e+01,1.000000000000000000e+01,1.000000000000000000e+00
6.621274471282958984e+00,1.337616348266601562e+01,1.000000000000000000e+01,1.000000000000000000e+00
5.846433639526367188e+00,1.346489715576171875e+01,1.000000000000000000e+01,1.000000000000000000e+00
5.416615962982177734e+00,1.362087059020996094e+01,1.000000000000000000e+01,1.000000000000000000e+00
7.504636764526367188e+00,1.468313217163085938e+01,1.100000000000000000e+01,1.000000000000000000e+00
6.682914257049560547e+00,1.367483901977539062e+01,1.000000000000000000e+01,1.000000000000000000e+00
7.503042221069335938e+00,1.468172168731689453e+01,9.000000000000000000e+00,1.000000000000000000e+00
7.421634197235107422e+00,1.459839439392089844e+01,9.000000000000000000e+00,1.000000000000000000e+00
6.649184226989746094e+00,1.378790378570556641e+01,1.000000000000000000e+01,1.000000000000000000e+00
6.954105377197265625e+00,1.342720317840576172e+01,1.000000000000000000e+01,1.000000000000000000e+00
6.145166873931884766e+00,1.355212116241455078e+01,1.000000000000000000e+01,1.000000000000000000e+00
7.488488197326660156e+00,1.466419219970703125e+01,1.100000000000000000e+01,1.000000000000000000e+00
6.528905391693115234e+00,1.359875392913818359e+01,1.000000000000000000e+01,1.000000000000000000e+00
6.913395404815673828e+00,1.353151798248291016e+01,1.000000000000000000e+01,1.000000000000000000e+00
6.752829551696777344e+00,1.364314556121826172e+01,1.000000000000000000e+01,1.000000000000000000e+00
7.010132789611816406e+00,1.350172710418701172e+01,1.000000000000000000e+01,1.000000000000000000e+00
6.622286796569824219e+00,1.323509311676025391e+01,1.000000000000000000e+01,1.000000000000000000e+00
7.384850502014160156e+00,1.453672122955322266e+01,9.000000000000000000e+00,1.000000000000000000e+00
5.433277130126953125e+00,1.364519500732421875e+01,1.000000000000000000e+01,1.000000000000000000e+00
5.790130138397216797e+00,1.350251770019531250e+01,1.000000000000000000e+01,1.000000000000000000e+00
6.464674949645996094e+00,1.370537090301513672e+01,1.000000000000000000e+01,1.000000000000000000e+00
6.790193557739257812e+00,1.378030204772949219e+01,1.000000000000000000e+01,1.000000000000000000e+00
6.896462440490722656e+00,1.339783287048339844e+01,1.000000000000000000e+01,1.000000000000000000e+00
6.852927207946777344e+00,1.327655982971191406e+01,1.000000000000000000e+01,1.000000000000000000e+00
7.521025657653808594e+00,1.469609546661376953e+01,1.100000000000000000e+01,1.000000000000000000e+00
6.127686500549316406e+00,1.357780551910400391e+01,1.000000000000000000e+01,1.000000000000000000e+00
5.642111301422119141e+00,1.360652828216552734e+01,1.000000000000000000e+01,1.000000000000000000e+00
5.927555561065673828e+00,1.380399131774902344e+01,1.000000000000000000e+01,1.000000000000000000e+00
6.862125873565673828e+00,1.327087974548339844e+01,1.000000000000000000e+01,1.000000000000000000e+00
6.290071964263916016e+00,1.355460071563720703e+01,1.000000000000000000e+01,1.000000000000000000e+00
5.840147972106933594e+00,1.359102058410644531e+01,1.000000000000000000e+01,1.000000000000000000e+00
5.498012542724609375e+00,1.362090396881103516e+01,1.000000000000000000e+01,1.000000000000000000e+00
6.813195228576660156e+00,1.368230247497558594e+01,1.000000000000000000e+01,1.000000000000000000e+00
6.627243041992187500e+00,1.323826694488525391e+01,1.000000000000000000e+01,1.000000000000000000e+00
6.559078693389892578e+00,1.363939380645751953e+01,1.000000000000000000e+01,1.000000000000000000e+00
5.912072658538818359e+00,1.385388851165771484e+01,1.000000000000000000e+01,1.000000000000000000e+00
6.837642669677734375e+00,1.327243614196777344e+01,1.000000000000000000e+01,1.000000000000000000e+00
6.951221942901611328e+00,1.341074275970458984e+01,1.000000000000000000e+01,1.000000000000000000e+00
6.362231731414794922e+00,1.349067115783691406e+01,1.000000000000000000e+01,1.000000000000000000e+00
7.485472202301025391e+00,1.465994930267333984e+01,1.100000000000000000e+01,1.000000000000000000e+00
6.505121707916259766e+00,1.372714328765869141e+01,1.000000000000000000e+01,1.000000000000000000e+00
6.283278942108154297e+00,1.352964210510253906e+01,1.000000000000000000e+01,1.000000000000000000e+00
5.905914306640625000e+00,1.382735538482666016e+01,1.000000000000000000e+01,1.000000000000000000e+00
6.884801387786865234e+00,1.374728107452392578e+01,1.000000000000000000e+01,1.000000000000000000e+00
5.430229663848876953e+00,1.361065292358398438e+01,1.000000000000000000e+01,1.000000000000000000e+00
6.784840583801269531e+00,1.362032222747802734e+01,1.000000000000000000e+01,1.000000000000000000e+00
6.299868583679199219e+00,1.331249904632568359e+01,1.000000000000000000e+01,1.000000000000000000e+00
7.025456905364990234e+00,1.346737670898437500e+01,1.000000000000000000e+01,1.000000000000000000e+00
5.779269218444824219e+00,1.354378795623779297e+01,1.000000000000000000e+01,1.000000000000000000e+00
5.956130981445312500e+00,1.364083290100097656e+01,1.000000000000000000e+01,1.000000000000000000e+00
6.828803539276123047e+00,1.352992343902587891e+01,1.000000000000000000e+01,1.000000000000000000e+00
6.991685390472412109e+00,1.344151306152343750e+01,1.000000000000000000e+01,1.000000000000000000e+00
6.751258373260498047e+00,1.370669841766357422e+01,1.000000000000000000e+01,1.000000000000000000e+00
6.388147354125976562e+00,1.365210247039794922e+01,1.000000000000000000e+01,1.000000000000000000e+00
6.968979358673095703e+00,1.351918888092041016e+01,1.000000000000000000e+01,1.000000000000000000e+00
5.739716529846191406e+00,1.351436233520507812e+01,1.000000000000000000e+01,1.000000000000000000e+00
6.479789733886718750e+00,1.364126300811767578e+01,1.000000000000000000e+01,1.000000000000000000e+00
5.747080326080322266e+00,1.356313991546630859e+01,1.000000000000000000e+01,1.000000000000000000e+00
5.405612468719482422e+00,1.362850952148437500e+01,1.000000000000000000e+01,1.000000000000000000e+00
6.465888023376464844e+00,1.371940231323242188e+01,1.000000000000000000e+01,1.000000000000000000e+00
5.705191612243652344e+00,1.350539970397949219e+01,1.000000000000000000e+01,1.000000000000000000e+00
5.433128356933593750e+00,1.360064029693603516e+01,1.000000000000000000e+01,1.000000000000000000e+00
7.485964775085449219e+00,1.465938472747802734e+01,1.100000000000000000e+01,1.000000000000000000e+00
6.834084987640380859e+00,1.350388717651367188e+01,1.000000000000000000e+01,1.000000000000000000e+00
5.501888275146484375e+00,1.362340736389160156e+01,1.000000000000000000e+01,1.000000000000000000e+00
5.705629348754882812e+00,1.348531818389892578e+01,1.000000000000000000e+01,1.000000000000000000e+00
6.851055622100830078e+00,1.372141551971435547e+01,1.000000000000000000e+01,1.000000000000000000e+00
1.892330646514892578e+00,-4.972225666046142578e+00,9.000000000000000000e+00,1.000000000000000000e+00
5.612278461456298828e+00,1.354987049102783203e+01,1.000000000000000000e+01,1.000000000000000000e+00
7.477719783782958984e+00,1.464995098114013672e+01,1.100000000000000000e+01,1.000000000000000000e+00
6.360945224761962891e+00,1.360238552093505859e+01,1.000000000000000000e+01,1.000000000000000000e+00
8.017813682556152344e+00,8.364129066467285156e+00,1.200000000000000000e+01,1.000000000000000000e+00
7.152955055236816406e+00,8.061624526977539062e+00,1.200000000000000000e+01,1.000000000000000000e+00
7.619682312011718750e+00,8.233549118041992188e+00,1.200000000000000000e+01,1.000000000000000000e+00
9.550448417663574219e+00,8.495266914367675781e+00,1.200000000000000000e+01,1.000000000000000000e+00
8.344370841979980469e+00,8.543586730957031250e+00,1.200000000000000000e+01,1.000000000000000000e+00
9.232231140136718750e+00,8.425554275512695312e+00,1.200000000000000000e+01,1.000000000000000000e+00
9.188245773315429688e+00,8.476425170898437500e+00,1.200000000000000000e+01,1.000000000000000000e+00
8.309341430664062500e+00,8.429157257080078125e+00,1.200000000000000000e+01,1.000000000000000000e+00
9.143246650695800781e+00,8.434034347534179688e+00,1.200000000000000000e+01,1.000000000000000000e+00
7.512594699859619141e+00,8.344161987304687500e+00,1.200000000000000000e+01,1.000000000000000000e+00
9.535471916198730469e+00,8.497593879699707031e+00,1.200000000000000000e+01,1.000000000000000000e+00
7.158885955810546875e+00,8.488829612731933594e+00,1.200000000000000000e+01,1.000000000000000000e+00
8.156379699707031250e+00,8.425563812255859375e+00,1.200000000000000000e+01,1.000000000000000000e+00
9.523679733276367188e+00,8.499412536621093750e+00,1.200000000000000000e+01,1.000000000000000000e+00
7.471093177795410156e+00,8.129722595214843750e+00,1.200000000000000000e+01,1.000000000000000000e+00
7.309999465942382812e+00,8.488887786865234375e+00,1.200000000000000000e+01,1.000000000000000000e+00
7.987612724304199219e+00,8.409360885620117188e+00,1.200000000000000000e+01,1.000000000000000000e+00
7.186760902404785156e+00,8.140991210937500000e+00,1.200000000000000000e+01,1.000000000000000000e+00
7.274427890777587891e+00,8.212924003601074219e+00,1.200000000000000000e+01,1.000000000000000000e+00
9.577600479125976562e+00,8.526482582092285156e+00,1.200000000000000000e+01,1.000000000000000000e+00
8.126383781433105469e+00,8.307088851928710938e+00,9.000000000000000000e+00,1.000000000000000000e+00
8.319933891296386719e+00,8.434338569641113281e+00,9.000000000000000000e+00,1.000000000000000000e+00
9.584169387817382812e+00,8.530439376831054688e+00,1.200000000000000000e+01,1.000000000000000000e+00
9.035643577575683594e+00,8.432942390441894531e+00,1.200000000000000000e+01,1.000000000000000000e+00
7.839226245880126953e+00,8.609101295471191406e+00,1.200000000000000000e+01,1.000000000000000000e+00
7.642525196075439453e+00,8.456773757934570312e+00,1.200000000000000000e+01,1.000000000000000000e+00
9.617538452148437500e+00,8.550307273864746094e+00,1.200000000000000000e+01,1.000000000000000000e+00
7.299673080444335938e+00,8.182047843933105469e+00,1.200000000000000000e+01,1.000000000000000000e+00
7.337797641754150391e+00,8.256920814514160156e+00,1.200000000000000000e+01,1.000000000000000000e+00
8.311376571655273438e+00,8.534800529479980469e+00,1.200000000000000000e+01,1.000000000000000000e+00
9.568955421447753906e+00,8.514170646667480469e+00,1.200000000000000000e+01,1.000000000000000000e+00
8.171761512756347656e+00,8.449330329895019531e+00,1.200000000000000000e+01,1.000000000000000000e+00
9.599211692810058594e+00,8.542299270629882812e+00,1.200000000000000000e+01,1.000000000000000000e+00
8.816017150878906250e+00,8.430196762084960938e+00,1.200000000000000000e+01,1.000000000000000000e+00
7.180977821350097656e+00,8.497643470764160156e+00,1.200000000000000000e+01,1.000000000000000000e+00
7.680901527404785156e+00,8.480706214904785156e+00,1.200000000000000000e+01,1.000000000000000000e+00
7.262310028076171875e+00,8.528353691101074219e+00,1.200000000000000000e+01,1.000000000000000000e+00
7.493640422821044922e+00,8.291211128234863281e+00,1.200000000000000000e+01,1.000000000000000000e+00
7.298621177673339844e+00,8.520277976989746094e+00,1.200000000000000000e+01,1.000000000000000000e+00
8.125850677490234375e+00,8.495469093322753906e+00,1.200000000000000000e+01,1.000000000000000000e+00
7.866260051727294922e+00,8.418104171752929688e+00,1.200000000000000000e+01,1.000000000000000000e+00
7.841203689575195312e+00,8.443766593933105469e+00,1.200000000000000000e+01,1.000000000000000000e+00
8.842639923095703125e+00,8.464840888977050781e+00,1.200000000000000000e+01,1.000000000000000000e+00
7.502490997314453125e+00,8.301905632019042969e+00,1.200000000000000000e+01,1.000000000000000000e+00
9.529287338256835938e+00,8.498993873596191406e+00,1.200000000000000000e+01,1.000000000000000000e+00
9.121171951293945312e+00,8.435720443725585938e+00,1.200000000000000000e+01,1.000000000000000000e+00
9.500212669372558594e+00,8.484169006347656250e+00,1.200000000000000000e+01,1.000000000000000000e+00
8.468604087829589844e+00,8.444095611572265625e+00,1.200000000000000000e+01,1.000000000000000000e+00
9.053324699401855469e+00,8.477250099182128906e+00,1.200000000000000000e+01,1.000000000000000000e+00
7.836435794830322266e+00,8.392133712768554688e+00,1.200000000000000000e+01,1.000000000000000000e+00
7.162860393524169922e+00,8.437420845031738281e+00,1.200000000000000000e+01,1.000000000000000000e+00
8.066080093383789062e+00,8.470685005187988281e+00,1.200000000000000000e+01,1.000000000000000000e+00
8.442966461181640625e+00,8.435447692871093750e+00,1.200000000000000000e+01,1.000000000000000000e+00
7.428030967712402344e+00,8.187849044799804688e+00,1.200000000000000000e+01,1.000000000000000000e+00
9.435110092163085938e+00,8.460791587829589844e+00,1.200000000000000000e+01,1.000000000000000000e+00
7.278832435607910156e+00,8.516404151916503906e+00,1.200000000000000000e+01,1.000000000000000000e+00
7.641437053680419922e+00,8.434578895568847656e+00,1.200000000000000000e+01,1.000000000000000000e+00
9.304795265197753906e+00,8.431177139282226562e+00,1.200000000000000000e+01,1.000000000000000000e+00
9.559305191040039062e+00,8.515704154968261719e+00,1.200000000000000000e+01,1.000000000000000000e+00
9.635893821716308594e+00,8.566852569580078125e+00,1.200000000000000000e+01,1.000000000000000000e+00
8.342859268188476562e+00,8.401124954223632812e+00,1.200000000000000000e+01,1.000000000000000000e+00
7.122122287750244141e+00,8.135487556457519531e+00,1.200000000000000000e+01,1.000000000000000000e+00
7.205762863159179688e+00,8.504428863525390625e+00,1.200000000000000000e+01,1.000000000000000000e+00
9.575228691101074219e+00,8.521972656250000000e+00,1.200000000000000000e+01,1.000000000000000000e+00
9.568243026733398438e+00,8.508252143859863281e+00,1.200000000000000000e+01,1.000000000000000000e+00
9.140052795410156250e+00,8.413622856140136719e+00,1.200000000000000000e+01,1.000000000000000000e+00
8.107416152954101562e+00,8.403609275817871094e+00,1.200000000000000000e+01,1.000000000000000000e+00
8.786983489990234375e+00,8.443411827087402344e+00,1.200000000000000000e+01,1.000000000000000000e+00
7.691787719726562500e+00,8.628165245056152344e+00,1.200000000000000000e+01,1.000000000000000000e+00
7.596805095672607422e+00,8.389161109924316406e+00,1.200000000000000000e+01,1.000000000000000000e+00
7.481454372406005859e+00,8.550823211669921875e+00,1.200000000000000000e+01,1.000000000000000000e+00
7.158731937408447266e+00,8.446776390075683594e+00,1.200000000000000000e+01,1.000000000000000000e+00
8.282729148864746094e+00,8.532418251037597656e+00,1.200000000000000000e+01,1.000000000000000000e+00
7.634489059448242188e+00,8.603116035461425781e+00,1.200000000000000000e+01,1.000000000000000000e+00
9.510444641113281250e+00,8.491212844848632812e+00,1.200000000000000000e+01,1.000000000000000000e+00
7.204418182373046875e+00,8.141798973083496094e+00,1.200000000000000000e+01,1.000000000000000000e+00
7.593907356262207031e+00,8.449193954467773438e+00,1.200000000000000000e+01,1.000000000000000000e+00
8.208746910095214844e+00,8.600335121154785156e+00,1.200000000000000000e+01,1.000000000000000000e+00
8.430078506469726562e+00,8.511346817016601562e+00,1.200000000000000000e+01,1.000000000000000000e+00
8.075884819030761719e+00,8.399932861328125000e+00,1.200000000000000000e+01,1.000000000000000000e+00
8.458252906799316406e+00,8.433850288391113281e+00,1.200000000000000000e+01,1.000000000000000000e+00
7.177423954010009766e+00,8.458158493041992188e+00,1.200000000000000000e+01,1.000000000000000000e+00
7.673552989959716797e+00,8.377772331237792969e+00,1.200000000000000000e+01,1.000000000000000000e+00
9.548307418823242188e+00,8.501925468444824219e+00,1.200000000000000000e+01,1.000000000000000000e+00
8.308563232421875000e+00,8.576013565063476562e+00,1.200000000000000000e+01,1.000000000000000000e+00
9.178853034973144531e+00,8.449760437011718750e+00,1.200000000000000000e+01,1.000000000000000000e+00
7.158363342285156250e+00,8.424573898315429688e+00,1.200000000000000000e+01,1.000000000000000000e+00
8.532240867614746094e+00,8.450960159301757812e+00,1.200000000000000000e+01,1.000000000000000000e+00
7.490637302398681641e+00,8.533394813537597656e+00,1.200000000000000000e+01,1.000000000000000000e+00
9.120354652404785156e+00,8.424401283264160156e+00,1.200000000000000000e+01,1.000000000000000000e+00
7.848449707031250000e+00,8.387907981872558594e+00,1.200000000000000000e+01,1.000000000000000000e+00
8.406504631042480469e+00,8.523454666137695312e+00,1.200000000000000000e+01,1.000000000000000000e+00
7.400200843811035156e+00,8.287360191345214844e+00,1.200000000000000000e+01,1.000000000000000000e+00
8.979390144348144531e+00,8.471538543701171875e+00,1.200000000000000000e+01,1.000000000000000000e+00
8.184046745300292969e+00,8.469320297241210938e+00,1.200000000000000000e+01,1.000000000000000000e+00
7.946515560150146484e+00,8.392743110656738281e+00,1.200000000000000000e+01,1.000000000000000000e+00
7.435517787933349609e+00,8.208157539367675781e+00,1.200000000000000000e+01,1.000000000000000000e+00
7.403269290924072266e+00,8.301420211791992188e+00,1.200000000000000000e+01,1.000000000000000000e+00
7.601479530334472656e+00,8.210128784179687500e+00,1.200000000000000000e+01,1.000000000000000000e+00
9.554436683654785156e+00,8.518264770507812500e+00,1.200000000000000000e+01,1.000000000000000000e+00
8.250416755676269531e+00,8.520928382873535156e+00,1.200000000000000000e+01,1.000000000000000000e+00
9.207522392272949219e+00,8.494743347167968750e+00,1.200000000000000000e+01,1.000000000000000000e+00
7.284519195556640625e+00,8.152392387390136719e+00,1.200000000000000000e+01,1.000000000000000000e+00
7.260590553283691406e+00,8.494375228881835938e+00,1.200000000000000000e+01,1.000000000000000000e+00
9.553772926330566406e+00,8.508746147155761719e+00,1.200000000000000000e+01,1.000000000000000000e+00
9.068902015686035156e+00,8.410844802856445312e+00,1.200000000000000000e+01,1.000000000000000000e+00
7.520643711090087891e+00,8.283344268798828125e+00,1.200000000000000000e+01,1.000000000000000000e+00
8.200421333312988281e+00,8.437878608703613281e+00,1.200000000000000000e+01,1.000000000000000000e+00
9.254100799560546875e+00,8.416887283325195312e+00,1.200000000000000000e+01,1.000000000000000000e+00
7.143296718597412109e+00,8.383500099182128906e+00,1.200000000000000000e+01,1.000000000000000000e+00
7.159001827239990234e+00,8.037320137023925781e+00,1.200000000000000000e+01,1.000000000000000000e+00
9.214459419250488281e+00,8.397678375244140625e+00,1.200000000000000000e+01,1.000000000000000000e+00
9.132925987243652344e+00,8.423928260803222656e+00,1.200000000000000000e+01,1.000000000000000000e+00
7.137022972106933594e+00,8.039239883422851562e+00,1.200000000000000000e+01,1.000000000000000000e+00
9.090034484863281250e+00,8.411984443664550781e+00,1.200000000000000000e+01,1.000000000000000000e+00
7.659254074096679688e+00,8.188093185424804688e+00,1.200000000000000000e+01,1.000000000000000000e+00
7.161524295806884766e+00,8.117730140686035156e+00,1.200000000000000000e+01,1.000000000000000000e+00
7.600595951080322266e+00,8.488255500793457031e+00,1.200000000000000000e+01,1.000000000000000000e+00
8.170310020446777344e+00,8.475686073303222656e+00,1.200000000000000000e+01,1.000000000000000000e+00
7.152750968933105469e+00,8.434358596801757812e+00,1.200000000000000000e+01,1.000000000000000000e+00
8.155132293701171875e+00,8.444092750549316406e+00,1.200000000000000000e+01,1.000000000000000000e+00
8.223015785217285156e+00,8.501922607421875000e+00,1.200000000000000000e+01,1.000000000000000000e+00
7.467932224273681641e+00,8.319166183471679688e+00,1.200000000000000000e+01,1.000000000000000000e+00
8.535169601440429688e+00,8.553208351135253906e+00,1.200000000000000000e+01,1.000000000000000000e+00
8.404808998107910156e+00,8.451312065124511719e+00,1.200000000000000000e+01,1.000000000000000000e+00
9.124980926513671875e+00,8.534613609313964844e+00,9.000000000000000000e+00,1.000000000000000000e+00
7.832157611846923828e+00,8.417922019958496094e+00,1.200000000000000000e+01,1.000000000000000000e+00
7.481408119201660156e+00,8.315742492675781250e+00,1.200000000000000000e+01,1.000000000000000000e+00
7.549904823303222656e+00,8.368446350097656250e+00,1.200000000000000000e+01,1.000000000000000000e+00
7.213042259216308594e+00,8.416727066040039062e+00,1.200000000000000000e+01,1.000000000000000000e+00
9.613224983215332031e+00,8.548455238342285156e+00,1.200000000000000000e+01,1.000000000000000000e+00
7.902575492858886719e+00,8.365296363830566406e+00,1.200000000000000000e+01,1.000000000000000000e+00
8.424323081970214844e+00,8.445369720458984375e+00,1.200000000000000000e+01,1.000000000000000000e+00
8.075206756591796875e+00,8.468404769897460938e+00,1.200000000000000000e+01,1.000000000000000000e+00
9.586602210998535156e+00,8.513593673706054688e+00,1.200000000000000000e+01,1.000000000000000000e+00
7.307730197906494141e+00,8.545800209045410156e+00,1.200000000000000000e+01,1.000000000000000000e+00
8.827360153198242188e+00,8.477866172790527344e+00,1.200000000000000000e+01,1.000000000000000000e+00
9.507781028747558594e+00,8.468296051025390625e+00,1.200000000000000000e+01,1.000000000000000000e+00
7.138234615325927734e+00,8.420540809631347656e+00,1.200000000000000000e+01,1.000000000000000000e+00
9.622687339782714844e+00,8.558928489685058594e+00,1.200000000000000000e+01,1.000000000000000000e+00
8.380038261413574219e+00,8.557876586914062500e+00,1.200000000000000000e+01,1.000000000000000000e+00
7.155372142791748047e+00,8.089541435241699219e+00,1.200000000000000000e+01,1.000000000000000000e+00
7.408907413482666016e+00,8.234050750732421875e+00,1.200000000000000000e+01,1.000000000000000000e+00
7.480924606323242188e+00,8.300346374511718750e+00,1.200000000000000000e+01,1.000000000000000000e+00
8.545855522155761719e+00,8.441815376281738281e+00,1.200000000000000000e+01,1.000000000000000000e+00
9.459477424621582031e+00,8.462437629699707031e+00,1.200000000000000000e+01,1.000000000000000000e+00
7.145449638366699219e+00,8.251897811889648438e+00,1.200000000000000000e+01,1.000000000000000000e+00
8.144972801208496094e+00,8.442261695861816406e+00,1.200000000000000000e+01,1.000000000000000000e+00
7.475518226623535156e+00,8.244469642639160156e+00,1.200000000000000000e+01,1.000000000000000000e+00
7.305189609527587891e+00,8.210158348083496094e+00,1.200000000000000000e+01,1.000000000000000000e+00
9.536818504333496094e+00,8.500576972961425781e+00,1.200000000000000000e+01,1.000000000000000000e+00
9.512924194335937500e+00,8.482441902160644531e+00,1.200000000000000000e+01,1.000000000000000000e+00
8.431726455688476562e+00,8.584386825561523438e+00,1.200000000000000000e+01,1.000000000000000000e+00
7.555306911468505859e+00,8.429396629333496094e+00,1.200000000000000000e+01,1.000000000000000000e+00
8.079803466796875000e+00,8.454504966735839844e+00,1.200000000000000000e+01,1.000000000000000000e+00
7.592471599578857422e+00,8.596619606018066406e+00,1.200000000000000000e+01,1.000000000000000000e+00
7.548554420471191406e+00,8.535048484802246094e+00,1.200000000000000000e+01,1.000000000000000000e+00
8.840810775756835938e+00,8.478373527526855469e+00,1.200000000000000000e+01,1.000000000000000000e+00
8.671155929565429688e+00,8.463488578796386719e+00,1.200000000000000000e+01,1.000000000000000000e+00
8.392392158508300781e+00,8.536777496337890625e+00,1.200000000000000000e+01,1.000000000000000000e+00
7.566082000732421875e+00,8.366817474365234375e+00,1.200000000000000000e+01,1.000000000000000000e+00
7.401588916778564453e+00,8.318146705627441406e+00,1.200000000000000000e+01,1.000000000000000000e+00
9.285665512084960938e+00,8.416610717773437500e+00,1.200000000000000000e+01,1.000000000000000000e+00
9.507968902587890625e+00,8.469121932983398438e+00,1.200000000000000000e+01,1.000000000000000000e+00
8.255881309509277344e+00,8.537522315979003906e+00,1.200000000000000000e+01,1.000000000000000000e+00
7.387071609497070312e+00,8.110116958618164062e+00,1.200000000000000000e+01,1.000000000000000000e+00
9.138412475585937500e+00,8.414897918701171875e+00,1.200000000000000000e+01,1.000000000000000000e+00
7.264360427856445312e+00,8.492951393127441406e+00,1.200000000000000000e+01,1.000000000000000000e+00
7.163566589355468750e+00,8.216576576232910156e+00,1.200000000000000000e+01,1.000000000000000000e+00
7.237617015838623047e+00,8.494217872619628906e+00,1.200000000000000000e+01,1.000000000000000000e+00
9.539927482604980469e+00,8.502145767211914062e+00,1.200000000000000000e+01,1.000000000000000000e+00
7.117419242858886719e+00,8.135723114013671875e+00,1.200000000000000000e+01,1.000000000000000000e+00
9.520224571228027344e+00,8.465534210205078125e+00,1.200000000000000000e+01,1.000000000000000000e+00
7.165234565734863281e+00,8.152709960937500000e+00,1.200000000000000000e+01,1.000000000000000000e+00
7.736178398132324219e+00,8.222139358520507812e+00,1.200000000000000000e+01,1.000000000000000000e+00
7.126266002655029297e+00,8.099452018737792969e+00,1.200000000000000000e+01,1.000000000000000000e+00
9.037034034729003906e+00,8.454745292663574219e+00,1.200000000000000000e+01,1.000000000000000000e+00
7.162765979766845703e+00,8.063980102539062500e+00,1.200000000000000000e+01,1.000000000000000000e+00
7.496502399444580078e+00,8.457295417785644531e+00,1.200000000000000000e+01,1.000000000000000000e+00
9.118235588073730469e+00,8.427869796752929688e+00,1.200000000000000000e+01,1.000000000000000000e+00
7.143684387207031250e+00,8.038185119628906250e+00,1.200000000000000000e+01,1.000000000000000000e+00
9.236503601074218750e+00,8.385102272033691406e+00,1.200000000000000000e+01,1.000000000000000000e+00
7.755472660064697266e+00,8.438475608825683594e+00,1.200000000000000000e+01,1.000000000000000000e+00
7.341766357421875000e+00,8.563722610473632812e+00,1.200000000000000000e+01,1.000000000000000000e+00
8.365446090698242188e+00,8.583249092102050781e+00,1.200000000000000000e+01,1.000000000000000000e+00
7.105410575866699219e+00,8.040984153747558594e+00,1.200000000000000000e+01,1.000000000000000000e+00
7.192983150482177734e+00,8.187232971191406250e+00,1.200000000000000000e+01,1.000000000000000000e+00
8.443532943725585938e+00,8.439795494079589844e+00,1.200000000000000000e+01,1.000000000000000000e+00
9.581330299377441406e+00,8.523633003234863281e+00,1.200000000000000000e+01,1.000000000000000000e+00
9.603282928466796875e+00,8.538599967956542969e+00,1.200000000000000000e+01,1.000000000000000000e+00
7.555981159210205078e+00,8.336594581604003906e+00,1.200000000000000000e+01,1.000000000000000000e+00
7.453827857971191406e+00,8.587347030639648438e+00,1.200000000000000000e+01,1.000000000000000000e+00
9.383047103881835938e+00,8.450102806091308594e+00,1.200000000000000000e+01,1.000000000000000000e+00
9.112630844116210938e+00,8.419941902160644531e+00,1.200000000000000000e+01,1.000000000000000000e+00
9.482891082763671875e+00,8.470750808715820312e+00,1.200000000000000000e+01,1.000000000000000000e+00
8.347105026245117188e+00,8.543089866638183594e+00,1.200000000000000000e+01,1.000000000000000000e+00
7.578027725219726562e+00,8.401037216186523438e+00,1.200000000000000000e+01,1.000000000000000000e+00
7.582279205322265625e+00,8.373850822448730469e+00,1.200000000000000000e+01,1.000000000000000000e+00
9.002437591552734375e+00,8.461871147155761719e+00,1.200000000000000000e+01,1.000000000000000000e+00
8.326790809631347656e+00,8.550461769104003906e+00,1.200000000000000000e+01,1.000000000000000000e+00
7.540867328643798828e+00,8.191759109497070312e+00,1.200000000000000000e+01,1.000000000000000000e+00
7.281743049621582031e+00,8.050614356994628906e+00,1.200000000000000000e+01,1.000000000000000000e+00
7.244922161102294922e+00,8.180948257446289062e+00,1.200000000000000000e+01,1.000000000000000000e+00
8.451625823974609375e+00,8.546702384948730469e+00,1.200000000000000000e+01,1.000000000000000000e+00
8.998755455017089844e+00,8.471097946166992188e+00,1.200000000000000000e+01,1.000000000000000000e+00
7.466287612915039062e+00,8.284542083740234375e+00,1.200000000000000000e+01,1.000000000000000000e+00
7.254301548004150391e+00,8.282279014587402344e+00,1.200000000000000000e+01,1.000000000000000000e+00
9.177119255065917969e+00,8.410166740417480469e+00,1.200000000000000000e+01,1.000000000000000000e+00
7.706007480621337891e+00,8.345472335815429688e+00,1.200000000000000000e+01,1.000000000000000000e+00
7.805979251861572266e+00,8.295130729675292969e+00,1.200000000000000000e+01,1.000000000000000000e+00
5.289741039276123047e+00,2.883119285106658936e-01,1.900000000000000000e+01,1.000000000000000000e+00
9.000115394592285156e+00,-4.791901111602783203e+00,1.800000000000000000e+01,1.000000000000000000e+00
4.142604827880859375e+00,4.646440148353576660e-01,1.900000000000000000e+01,1.000000000000000000e+00
4.280211925506591797e+00,1.035202443599700928e-01,9.000000000000000000e+00,1.000000000000000000e+00
8.940898895263671875e+00,-4.487811565399169922e+00,9.000000000000000000e+00,1.000000000000000000e+00
9.223059654235839844e+00,-5.085345268249511719e+00,1.800000000000000000e+01,1.000000000000000000e+00
9.256019592285156250e+00,-5.089219570159912109e+00,9.000000000000000000e+00,1.000000000000000000e+00
5.276810646057128906e+00,3.071765601634979248e-01,9.000000000000000000e+00,1.000000000000000000e+00
8.762566566467285156e+00,-3.993444919586181641e+00,1.800000000000000000e+01,1.000000000000000000e+00
5.117508888244628906e+00,3.356858789920806885e-01,1.900000000000000000e+01,1.000000000000000000e+00
4.229836940765380859e+00,1.498599946498870850e-01,1.900000000000000000e+01,1.000000000000000000e+00
8.997009277343750000e+00,-4.790119647979736328e+00,1.800000000000000000e+01,1.000000000000000000e+00
5.361178874969482422e+00,2.620120346546173096e-01,1.900000000000000000e+01,1.000000000000000000e+00
4.542315959930419922e+00,2.223194092512130737e-01,1.900000000000000000e+01,1.000000000000000000e+00
4.180926322937011719e+00,4.493345022201538086e-01,1.900000000000000000e+01,1.000000000000000000e+00
8.743543624877929688e+00,-4.574672222137451172e+00,1.800000000000000000e+01,1.000000000000000000e+00
4.099951267242431641e+00,4.244109392166137695e-01,1.900000000000000000e+01,1.000000000000000000e+00
9.176241874694824219e+00,-5.061839103698730469e+00,1.800000000000000000e+01,1.000000000000000000e+00
5.312974929809570312e+00,2.828041315078735352e-01,9.000000000000000000e+00,1.000000000000000000e+00
4.505273342132568359e+00,2.237495034933090210e-01,1.900000000000000000e+01,1.000000000000000000e+00
8.749275207519531250e+00,-4.068313598632812500e+00,1.800000000000000000e+01,1.000000000000000000e+00
4.045946598052978516e+00,4.681567847728729248e-01,1.900000000000000000e+01,1.000000000000000000e+00
4.529550075531005859e+00,1.954811960458755493e-01,1.900000000000000000e+01,1.000000000000000000e+00
4.641432762145996094e+00,3.965174257755279541e-01,1.900000000000000000e+01,1.000000000000000000e+00
8.863434791564941406e+00,-4.887208938598632812e+00,1.800000000000000000e+01,1.000000000000000000e+00
5.073532581329345703e+00,4.749323129653930664e-01,9.000000000000000000e+00,1.000000000000000000e+00
5.048632144927978516e+00,4.524556398391723633e-01,9.000000000000000000e+00,1.000000000000000000e+00
4.559362411499023438e+00,4.894713684916496277e-02,9.000000000000000000e+00,1.000000000000000000e+00
5.054825782775878906e+00,3.851924240589141846e-01,1.900000000000000000e+01,1.000000000000000000e+00
4.122644424438476562e+00,2.358624786138534546e-01,1.900000000000000000e+01,1.000000000000000000e+00
5.253708362579345703e+00,3.156437575817108154e-01,1.900000000000000000e+01,1.000000000000000000e+00
5.018098354339599609e+00,3.702806532382965088e-01,1.900000000000000000e+01,1.000000000000000000e+00
4.749281406402587891e+00,1.753321588039398193e-01,1.900000000000000000e+01,1.000000000000000000e+00
4.685739994049072266e+00,1.805425882339477539e-01,1.900000000000000000e+01,1.000000000000000000e+00
4.383036136627197266e+00,1.319165676832199097e-01,1.900000000000000000e+01,1.000000000000000000e+00
8.735282897949218750e+00,-4.617963314056396484e+00,1.800000000000000000e+01,1.000000000000000000e+00
8.853658676147460938e+00,-4.875530719757080078e+00,1.800000000000000000e+01,1.000000000000000000e+00
4.873334884643554688e+00,2.548365890979766846e-01,1.900000000000000000e+01,1.000000000000000000e+00
5.335996627807617188e+00,2.808837294578552246e-01,9.000000000000000000e+00,1.000000000000000000e+00
5.229591369628906250e+00,3.172251582145690918e-01,1.900000000000000000e+01,1.000000000000000000e+00
8.813516616821289062e+00,-4.156878471374511719e+00,1.800000000000000000e+01,1.000000000000000000e+00
4.187690734863281250e+00,4.206635951995849609e-01,1.900000000000000000e+01,1.000000000000000000e+00
5.285885810852050781e+00,3.143761754035949707e-01,1.900000000000000000e+01,1.000000000000000000e+00
4.921729087829589844e+00,3.944631516933441162e-01,1.900000000000000000e+01,1.000000000000000000e+00
8.858314514160156250e+00,-4.393727302551269531e+00,1.800000000000000000e+01,1.000000000000000000e+00
4.327338695526123047e+00,1.749961972236633301e-01,1.900000000000000000e+01,1.000000000000000000e+00
4.388956546783447266e+00,4.118142724037170410e-01,1.900000000000000000e+01,1.000000000000000000e+00
4.449765205383300781e+00,4.762694705277681351e-03,9.000000000000000000e+00,1.000000000000000000e+00
4.543271064758300781e+00,2.978126406669616699e-01,1.900000000000000000e+01,1.000000000000000000e+00
5.197941303253173828e+00,3.671548962593078613e-01,1.900000000000000000e+01,1.000000000000000000e+00
5.005363941192626953e+00,4.444958865642547607e-01,9.000000000000000000e+00,1.000000000000000000e+00
4.615867614746093750e+00,7.549527287483215332e-02,9.000000000000000000e+00,1.000000000000000000e+00
4.465644359588623047e+00,2.416363060474395752e-01,1.900000000000000000e+01,1.000000000000000000e+00
5.345622539520263672e+00,2.690739631652832031e-01,1.900000000000000000e+01,1.000000000000000000e+00
4.153682231903076172e+00,4.378386437892913818e-01,1.900000000000000000e+01,1.000000000000000000e+00
4.725650310516357422e+00,1.541581302881240845e-01,1.900000000000000000e+01,1.000000000000000000e+00
8.715709686279296875e+00,-4.761666774749755859e+00,1.800000000000000000e+01,1.000000000000000000e+00
4.460131168365478516e+00,4.654473364353179932e-01,1.900000000000000000e+01,1.000000000000000000e+00
4.049206733703613281e+00,4.545073807239532471e-01,1.900000000000000000e+01,1.000000000000000000e+00
4.584716320037841797e+00,4.341251850128173828e-01,1.900000000000000000e+01,1.000000000000000000e+00
4.064637660980224609e+00,4.354573488235473633e-01,1.900000000000000000e+01,1.000000000000000000e+00
4.699297904968261719e+00,1.162141263484954834e-01,1.900000000000000000e+01,1.000000000000000000e+00
4.167296409606933594e+00,4.810196161270141602e-01,1.900000000000000000e+01,1.000000000000000000e+00
4.182450771331787109e+00,2.726861238479614258e-01,1.900000000000000000e+01,1.000000000000000000e+00
4.546406269073486328e+00,1.909407079219818115e-01,1.900000000000000000e+01,1.000000000000000000e+00
4.446252346038818359e+00,6.784461438655853271e-02,1.900000000000000000e+01,1.000000000000000000e+00
5.058351516723632812e+00,4.825719892978668213e-01,9.000000000000000000e+00,1.000000000000000000e+00
8.991390228271484375e+00,-4.818821430206298828e+00,1.800000000000000000e+01,1.000000000000000000e+00
8.786567687988281250e+00,-4.595900535583496094e+00,1.800000000000000000e+01,1.000000000000000000e+00
4.289835929870605469e+00,3.617633581161499023e-01,1.900000000000000000e+01,1.000000000000000000e+00
8.771065711975097656e+00,-4.638539314270019531e+00,1.800000000000000000e+01,1.000000000000000000e+00
4.011154174804687500e+00,4.861094951629638672e-01,1.900000000000000000e+01,1.000000000000000000e+00
4.266679763793945312e+00,1.135189831256866455e-01,1.900000000000000000e+01,1.000000000000000000e+00
4.722284317016601562e+00,1.680447906255722046e-01,1.900000000000000000e+01,1.000000000000000000e+00
4.812015056610107422e+00,1.768627017736434937e-01,1.900000000000000000e+01,1.000000000000000000e+00
4.087059974670410156e+00,3.439106345176696777e-01,1.900000000000000000e+01,1.000000000000000000e+00
8.782822608947753906e+00,-4.886750221252441406e+00,1.800000000000000000e+01,1.000000000000000000e+00
4.494649887084960938e+00,1.903780996799468994e-01,1.900000000000000000e+01,1.000000000000000000e+00
5.081482887268066406e+00,3.463940620422363281e-01,1.900000000000000000e+01,1.000000000000000000e+00
4.215005397796630859e+00,2.018744200468063354e-01,1.900000000000000000e+01,1.000000000000000000e+00
4.038360118865966797e+00,4.370819926261901855e-01,9.000000000000000000e+00,1.000000000000000000e+00
5.117404460906982422e+00,3.347921967506408691e-01,9.000000000000000000e+00,1.000000000000000000e+00
4.193230628967285156e+00,1.795663535594940186e-01,1.900000000000000000e+01,1.000000000000000000e+00
4.569309234619140625e+00,3.357037529349327087e-02,9.000000000000000000e+00,1.000000000000000000e+00
4.067042827606201172e+00,4.355863332748413086e-01,1.900000000000000000e+01,1.000000000000000000e+00
8.814016342163085938e+00,-4.916069030761718750e+00,1.800000000000000000e+01,1.000000000000000000e+00
8.764952659606933594e+00,-3.895501375198364258e+00,1.800000000000000000e+01,1.000000000000000000e+00
9.227551460266113281e+00,-5.083518028259277344e+00,1.800000000000000000e+01,1.000000000000000000e+00
8.775289535522460938e+00,-4.513766765594482422e+00,1.800000000000000000e+01,1.000000000000000000e+00
8.785380363464355469e+00,-4.067832946777343750e+00,1.800000000000000000e+01,1.000000000000000000e+00
9.026256561279296875e+00,-4.435955047607421875e+00,9.000000000000000000e+00,1.000000000000000000e+00
4.730744838714599609e+00,4.643247425556182861e-01,1.900000000000000000e+01,1.000000000000000000e+00
9.220786094665527344e+00,-5.080525875091552734e+00,1.800000000000000000e+01,1.000000000000000000e+00
9.037367820739746094e+00,-4.870093345642089844e+00,1.800000000000000000e+01,1.000000000000000000e+00
8.831968307495117188e+00,-4.244660854339599609e+00,1.800000000000000000e+01,1.000000000000000000e+00
4.286085605621337891e+00,4.082754850387573242e-01,1.900000000000000000e+01,1.000000000000000000e+00
4.086046695709228516e+00,4.094240963459014893e-01,1.900000000000000000e+01,1.000000000000000000e+00
4.210645198822021484e+00,1.715070009231567383e-01,1.900000000000000000e+01,1.000000000000000000e+00
4.983604431152343750e+00,3.306342363357543945e-01,1.900000000000000000e+01,1.000000000000000000e+00
8.768351554870605469e+00,-4.849554061889648438e+00,9.000000000000000000e+00,1.000000000000000000e+00
5.037443637847900391e+00,5.065180659294128418e-01,9.000000000000000000e+00,1.000000000000000000e+00
2.018819618225097656e+01,-2.422631263732910156e+00,9.000000000000000000e+00,1.000000000000000000e+00
4.712855339050292969e+00,3.708684444427490234e-01,1.900000000000000000e+01,1.000000000000000000e+00
8.865177154541015625e+00,-4.904069423675537109e+00,1.800000000000000000e+01,1.000000000000000000e+00
5.043746948242187500e+00,3.296460807323455811e-01,1.900000000000000000e+01,1.000000000000000000e+00
4.560838222503662109e+00,1.362871378660202026e-01,1.900000000000000000e+01,1.000000000000000000e+00
4.723693847656250000e+00,1.794504076242446899e-01,1.900000000000000000e+01,1.000000000000000000e+00
5.291118621826171875e+00,2.971215546131134033e-01,1.900000000000000000e+01,1.000000000000000000e+00
9.106174468994140625e+00,-4.920574665069580078e+00,1.800000000000000000e+01,1.000000000000000000e+00
5.319456100463867188e+00,2.856232821941375732e-01,1.900000000000000000e+01,1.000000000000000000e+00
8.719617843627929688e+00,-4.792339324951171875e+00,1.800000000000000000e+01,1.000000000000000000e+00
5.351666450500488281e+00,2.703025937080383301e-01,1.900000000000000000e+01,1.000000000000000000e+00
4.961136341094970703e+00,3.026023805141448975e-01,9.000000000000000000e+00,1.000000000000000000e+00
4.407938480377197266e+00,8.054780215024948120e-02,1.900000000000000000e+01,1.000000000000000000e+00
4.576992988586425781e+00,3.370177373290061951e-02,1.900000000000000000e+01,1.000000000000000000e+00
1.113779640197753906e+01,-5.741368293762207031e+00,9.000000000000000000e+00,1.000000000000000000e+00
4.447013854980468750e+00,5.392486229538917542e-02,9.000000000000000000e+00,1.000000000000000000e+00
4.708076477050781250e+00,2.078386396169662476e-01,1.900000000000000000e+01,1.000000000000000000e+00
5.287115573883056641e+00,3.072768151760101318e-01,9.000000000000000000e+00,1.000000000000000000e+00
4.253530502319335938e+00,3.573306798934936523e-01,1.900000000000000000e+01,1.000000000000000000e+00
4.152082920074462891e+00,4.471345245838165283e-01,1.900000000000000000e+01,1.000000000000000000e+00
8.728384017944335938e+00,-4.854784965515136719e+00,9.000000000000000000e+00,1.000000000000000000e+00
5.367335319519042969e+00,2.513733506202697754e-01,1.900000000000000000e+01,1.000000000000000000e+00
8.752729415893554688e+00,-3.961829423904418945e+00,1.800000000000000000e+01,1.000000000000000000e+00
4.718748569488525391e+00,4.306080639362335205e-01,1.900000000000000000e+01,1.000000000000000000e+00
5.402109622955322266e+00,2.301476597785949707e-01,1.900000000000000000e+01,1.000000000000000000e+00
4.316288471221923828e+00,3.145551308989524841e-02,1.900000000000000000e+01,1.000000000000000000e+00
8.758468627929687500e+00,-3.973420381546020508e+00,1.800000000000000000e+01,1.000000000000000000e+00
4.184440612792968750e+00,2.271153777837753296e-01,1.900000000000000000e+01,1.000000000000000000e+00
4.128743648529052734e+00,4.886703193187713623e-01,1.900000000000000000e+01,1.000000000000000000e+00
5.306529998779296875e+00,2.963405251502990723e-01,1.900000000000000000e+01,1.000000000000000000e+00
4.175966739654541016e+00,1.502935290336608887e-01,1.900000000000000000e+01,1.000000000000000000e+00
8.890527725219726562e+00,-4.856672286987304688e+00,1.800000000000000000e+01,1.000000000000000000e+00
4.330946922302246094e+00,6.654184311628341675e-02,1.900000000000000000e+01,1.000000000000000000e+00
8.802230834960937500e+00,-4.913807392120361328e+00,1.800000000000000000e+01,1.000000000000000000e+00
4.399431228637695312e+00,9.296342730522155762e-02,1.900000000000000000e+01,1.000000000000000000e+00
8.779645919799804688e+00,-4.164248466491699219e+00,1.800000000000000000e+01,1.000000000000000000e+00
4.423058986663818359e+00,4.823841452598571777e-01,1.900000000000000000e+01,1.000000000000000000e+00
4.477338314056396484e+00,2.451391369104385376e-01,1.900000000000000000e+01,1.000000000000000000e+00
5.399410724639892578e+00,2.269878238439559937e-01,1.900000000000000000e+01,1.000000000000000000e+00
4.346839427947998047e+00,3.559716343879699707e-01,1.900000000000000000e+01,1.000000000000000000e+00
4.325232982635498047e+00,8.605054765939712524e-02,9.000000000000000000e+00,1.000000000000000000e+00
8.761451721191406250e+00,-4.845822334289550781e+00,1.800000000000000000e+01,1.000000000000000000e+00
2.015944671630859375e+01,-2.420927524566650391e+00,9.000000000000000000e+00,1.000000000000000000e+00
4.121911048889160156e+00,2.790790796279907227e-01,1.900000000000000000e+01,1.000000000000000000e+00
4.190419673919677734e+00,2.713408172130584717e-01,1.900000000000000000e+01,1.000000000000000000e+00
5.092110633850097656e+00,3.387724161148071289e-01,1.900000000000000000e+01,1.000000000000000000e+00
5.277185440063476562e+00,2.958888709545135498e-01,1.900000000000000000e+01,1.000000000000000000e+00
8.763882637023925781e+00,-4.867434978485107422e+00,1.800000000000000000e+01,1.000000000000000000e+00
8.812137603759765625e+00,-4.904227256774902344e+00,1.800000000000000000e+01,1.000000000000000000e+00
5.044586658477783203e+00,3.517124056816101074e-01,1.900000000000000000e+01,1.000000000000000000e+00
4.051456451416015625e+00,4.423147439956665039e-01,1.900000000000000000e+01,1.000000000000000000e+00
4.770987033843994141e+00,4.381223618984222412e-01,1.900000000000000000e+01,1.000000000000000000e+00
8.930056571960449219e+00,-4.828697681427001953e+00,9.000000000000000000e+00,1.000000000000000000e+00
4.981055736541748047e+00,3.375529348850250244e-01,1.900000000000000000e+01,1.000000000000000000e+00
4.327545166015625000e+00,1.259626541286706924e-02,9.000000000000000000e+00,1.000000000000000000e+00
4.565876960754394531e+00,4.875836968421936035e-01,1.900000000000000000e+01,1.000000000000000000e+00
8.960615158081054688e+00,-4.857596397399902344e+00,1.800000000000000000e+01,1.000000000000000000e+00
8.750679969787597656e+00,-4.526190757751464844e+00,1.800000000000000000e+01,1.000000000000000000e+00
4.034928321838378906e+00,4.830794930458068848e-01,1.900000000000000000e+01,1.000000000000000000e+00
8.792825698852539062e+00,-4.920332908630371094e+00,1.800000000000000000e+01,1.000000000000000000e+00
8.853374481201171875e+00,-4.888839244842529297e+00,1.800000000000000000e+01,1.000000000000000000e+00
1.171657466888427734e+01,-6.583950042724609375e+00,9.000000000000000000e+00,1.000000000000000000e+00
4.163850784301757812e+00,2.461740672588348389e-01,1.900000000000000000e+01,1.000000000000000000e+00
4.112132549285888672e+00,3.311600387096405029e-01,1.900000000000000000e+01,1.000000000000000000e+00
2.096242332458496094e+01,-2.516017913818359375e+00,9.000000000000000000e+00,1.000000000000000000e+00
4.186505794525146484e+00,2.171994000673294067e-01,1.900000000000000000e+01,1.000000000000000000e+00
4.244423389434814453e+00,1.493554711341857910e-01,1.900000000000000000e+01,1.000000000000000000e+00
2.023245239257812500e+01,-2.422102689743041992e+00,9.000000000000000000e+00,1.000000000000000000e+00
8.908752441406250000e+00,-4.830043792724609375e+00,9.000000000000000000e+00,1.000000000000000000e+00
5.289387702941894531e+00,3.094277381896972656e-01,1.900000000000000000e+01,1.000000000000000000e+00
9.220680236816406250e+00,-5.088061332702636719e+00,1.800000000000000000e+01,1.000000000000000000e+00
8.777427673339843750e+00,-3.965149164199829102e+00,1.800000000000000000e+01,1.000000000000000000e+00
8.725762367248535156e+00,-4.041035175323486328e+00,9.000000000000000000e+00,1.000000000000000000e+00
4.585294723510742188e+00,4.707623124122619629e-01,1.900000000000000000e+01,1.000000000000000000e+00
8.849670410156250000e+00,-4.911602020263671875e+00,1.800000000000000000e+01,1.000000000000000000e+00
4.293429374694824219e+00,2.713975906372070312e-01,1.900000000000000000e+01,1.000000000000000000e+00
4.344342708587646484e+00,1.371413916349411011e-01,1.900000000000000000e+01,1.000000000000000000e+00
8.894957542419433594e+00,-4.878661155700683594e+00,1.800000000000000000e+01,1.000000000000000000e+00
2.018799972534179688e+01,-2.424139261245727539e+00,9.000000000000000000e+00,1.000000000000000000e+00
4.161972045898437500e+00,3.935612142086029053e-01,1.900000000000000000e+01,1.000000000000000000e+00
4.598570346832275391e+00,4.627215489745140076e-02,1.900000000000000000e+01,1.000000000000000000e+00
4.387063026428222656e+00,2.563190758228302002e-01,1.900000000000000000e+01,1.000000000000000000e+00
4.154300212860107422e+00,3.608635365962982178e-01,1.900000000000000000e+01,1.000000000000000000e+00
5.135421276092529297e+00,3.408364653587341309e-01,1.900000000000000000e+01,1.000000000000000000e+00
9.176429748535156250e+00,-4.648548603057861328e+00,9.000000000000000000e+00,1.000000000000000000e+00
4.280777931213378906e+00,3.238446712493896484e-01,1.900000000000000000e+01,1.000000000000000000e+00
9.151599884033203125e+00,-4.776284217834472656e+00,9.000000000000000000e+00,1.000000000000000000e+00
4.156891345977783203e+00,4.312027394771575928e-01,1.900000000000000000e+01,1.000000000000000000e+00
8.960737228393554688e+00,-4.880310058593750000e+00,1.800000000000000000e+01,1.000000000000000000e+00
8.857609748840332031e+00,-4.910485744476318359e+00,1.800000000000000000e+01,1.000000000000000000e+00
8.711496353149414062e+00,-4.775185585021972656e+00,1.800000000000000000e+01,1.000000000000000000e+00
4.215967655181884766e+00,1.595228314399719238e-01,1.900000000000000000e+01,1.000000000000000000e+00
9.268233299255371094e+00,-5.123287200927734375e+00,9.000000000000000000e+00,1.000000000000000000e+00
4.250245094299316406e+00,5.200822353363037109e-01,1.900000000000000000e+01,1.000000000000000000e+00
4.531738281250000000e+00,5.644478276371955872e-02,1.900000000000000000e+01,1.000000000000000000e+00
4.259338378906250000e+00,1.622499227523803711e-01,1.900000000000000000e+01,1.000000000000000000e+00
4.158889293670654297e+00,2.212254106998443604e-01,1.900000000000000000e+01,1.000000000000000000e+00
4.540792942047119141e+00,5.048556625843048096e-02,1.900000000000000000e+01,1.000000000000000000e+00
4.980602741241455078e+00,3.953540325164794922e-01,1.900000000000000000e+01,1.000000000000000000e+00
8.769388198852539062e+00,-4.893718719482421875e+00,1.800000000000000000e+01,1.000000000000000000e+00
8.865144729614257812e+00,-4.931791782379150391e+00,1.800000000000000000e+01,1.000000000000000000e+00
4.204511165618896484e+00,4.798662066459655762e-01,1.900000000000000000e+01,1.000000000000000000e+00
8.780631065368652344e+00,-4.340648174285888672e+00,1.800000000000000000e+01,1.000000000000000000e+00
4.386682033538818359e+00,9.787635505199432373e-02,1.900000000000000000e+01,1.000000000000000000e+00
4.310464859008789062e+00,7.472743839025497437e-02,1.900000000000000000e+01,1.000000000000000000e+00
4.062499523162841797e+00,4.114938676357269287e-01,1.900000000000000000e+01,1.000000000000000000e+00
4.651613235473632812e+00,4.512089490890502930e-01,1.900000000000000000e+01,1.000000000000000000e+00
4.846458911895751953e+00,2.376201897859573364e-01,1.900000000000000000e+01,1.000000000000000000e+00
8.710990905761718750e+00,-4.770538330078125000e+00,9.000000000000000000e+00,1.000000000000000000e+00
1.382621097564697266e+01,2.747720479965209961e+00,1.700000000000000000e+01,1.000000000000000000e+00
1.397317504882812500e+01,3.169544696807861328e+00,1.700000000000000000e+01,1.000000000000000000e+00
1.401097393035888672e+01,2.628381252288818359e+00,1.700000000000000000e+01,1.000000000000000000e+00
1.342276382446289062e+01,1.805736660957336426e+00,9.000000000000000000e+00,1.000000000000000000e+00
1.419442558288574219e+01,3.130028247833251953e+00,1.700000000000000000e+01,1.000000000000000000e+00
1.387038707733154297e+01,2.496398687362670898e+00,1.700000000000000000e+01,1.000000000000000000e+00
1.369425392150878906e+01,2.201591491699218750e+00,9.000000000000000000e+00,1.000000000000000000e+00
1.341995620727539062e+01,2.533926010131835938e+00,1.700000000000000000e+01,1.000000000000000000e+00
1.344454383850097656e+01,1.640997648239135742e+00,1.700000000000000000e+01,1.000000000000000000e+00
1.387071609497070312e+01,2.966600656509399414e+00,1.700000000000000000e+01,1.000000000000000000e+00
1.338352870941162109e+01,2.766412734985351562e+00,1.700000000000000000e+01,1.000000000000000000e+00
1.408061504364013672e+01,3.068097114562988281e+00,1.700000000000000000e+01,1.000000000000000000e+00
1.341587448120117188e+01,1.669275403022766113e+00,1.700000000000000000e+01,1.000000000000000000e+00
1.344113636016845703e+01,2.649848222732543945e+00,1.700000000000000000e+01,1.000000000000000000e+00
1.387869930267333984e+01,3.118463993072509766e+00,1.700000000000000000e+01,1.000000000000000000e+00
1.362185287475585938e+01,2.184755802154541016e+00,1.700000000000000000e+01,1.000000000000000000e+00
1.351844120025634766e+01,2.127385377883911133e+00,1.700000000000000000e+01,1.000000000000000000e+00
1.363513183593750000e+01,2.656478404998779297e+00,1.700000000000000000e+01,1.000000000000000000e+00
1.347924423217773438e+01,1.676256775856018066e+00,1.700000000000000000e+01,1.000000000000000000e+00
1.386424636840820312e+01,2.627867221832275391e+00,1.700000000000000000e+01,1.000000000000000000e+00
1.336107730865478516e+01,2.782086849212646484e+00,1.700000000000000000e+01,1.000000000000000000e+00
1.364028644561767578e+01,2.247556447982788086e+00,1.700000000000000000e+01,1.000000000000000000e+00
1.384551334381103516e+01,2.785266399383544922e+00,1.700000000000000000e+01,1.000000000000000000e+00
1.405533981323242188e+01,3.144997119903564453e+00,1.700000000000000000e+01,1.000000000000000000e+00
1.393407726287841797e+01,2.617916584014892578e+00,1.700000000000000000e+01,1.000000000000000000e+00
1.379079818725585938e+01,2.824933528900146484e+00,1.700000000000000000e+01,1.000000000000000000e+00
1.414240169525146484e+01,3.120728969573974609e+00,1.700000000000000000e+01,1.000000000000000000e+00
1.354205703735351562e+01,2.060818672180175781e+00,1.700000000000000000e+01,1.000000000000000000e+00
1.364432716369628906e+01,2.224652290344238281e+00,9.000000000000000000e+00,1.000000000000000000e+00
1.408712768554687500e+01,3.165366172790527344e+00,1.700000000000000000e+01,1.000000000000000000e+00
1.408070373535156250e+01,2.998582124710083008e+00,1.700000000000000000e+01,1.000000000000000000e+00
1.375809001922607422e+01,2.345616817474365234e+00,1.700000000000000000e+01,1.000000000000000000e+00
1.343772315979003906e+01,2.363795757293701172e+00,1.700000000000000000e+01,1.000000000000000000e+00
1.357568931579589844e+01,2.849239587783813477e+00,1.700000000000000000e+01,1.000000000000000000e+00
1.345647621154785156e+01,1.685860514640808105e+00,9.000000000000000000e+00,1.000000000000000000e+00
1.413533306121826172e+01,3.107237815856933594e+00,1.700000000000000000e+01,1.000000000000000000e+00
1.348517417907714844e+01,1.647525072097778320e+00,1.700000000000000000e+01,1.000000000000000000e+00
1.391934108734130859e+01,2.440521240234375000e+00,1.700000000000000000e+01,1.000000000000000000e+00
1.343358230590820312e+01,2.743041038513183594e+00,1.700000000000000000e+01,1.000000000000000000e+00
1.341202449798583984e+01,1.672218441963195801e+00,1.700000000000000000e+01,1.000000000000000000e+00
1.374293327331542969e+01,2.726999282836914062e+00,1.700000000000000000e+01,1.000000000000000000e+00
1.399489021301269531e+01,2.673747062683105469e+00,9.000000000000000000e+00,1.000000000000000000e+00
1.364430522918701172e+01,2.210294008255004883e+00,1.700000000000000000e+01,1.000000000000000000e+00
1.347607421875000000e+01,1.638180971145629883e+00,1.700000000000000000e+01,1.000000000000000000e+00
1.342763423919677734e+01,2.521940708160400391e+00,1.700000000000000000e+01,1.000000000000000000e+00
1.399323463439941406e+01,2.564969778060913086e+00,1.700000000000000000e+01,1.000000000000000000e+00
1.347697734832763672e+01,2.640673398971557617e+00,1.700000000000000000e+01,1.000000000000000000e+00
1.372953510284423828e+01,2.245972633361816406e+00,9.000000000000000000e+00,1.000000000000000000e+00
1.397190952301025391e+01,2.612775802612304688e+00,1.700000000000000000e+01,1.000000000000000000e+00
1.343062210083007812e+01,2.537919998168945312e+00,1.700000000000000000e+01,1.000000000000000000e+00
1.366897106170654297e+01,2.354383707046508789e+00,1.700000000000000000e+01,1.000000000000000000e+00
1.402887630462646484e+01,2.588000059127807617e+00,1.700000000000000000e+01,1.000000000000000000e+00
1.399781703948974609e+01,3.116640090942382812e+00,1.700000000000000000e+01,1.000000000000000000e+00
1.359320354461669922e+01,2.794780015945434570e+00,1.700000000000000000e+01,1.000000000000000000e+00
1.349562549591064453e+01,2.162967681884765625e+00,1.700000000000000000e+01,1.000000000000000000e+00
1.355127429962158203e+01,1.697295069694519043e+00,1.700000000000000000e+01,1.000000000000000000e+00
1.338794898986816406e+01,2.605516433715820312e+00,1.700000000000000000e+01,1.000000000000000000e+00
1.339621543884277344e+01,2.750615835189819336e+00,1.700000000000000000e+01,1.000000000000000000e+00
1.407704353332519531e+01,3.071974992752075195e+00,1.700000000000000000e+01,1.000000000000000000e+00
1.397889232635498047e+01,2.511946201324462891e+00,1.700000000000000000e+01,1.000000000000000000e+00
1.364507579803466797e+01,2.412855386734008789e+00,1.700000000000000000e+01,1.000000000000000000e+00
1.358655548095703125e+01,2.336582899093627930e+00,1.700000000000000000e+01,1.000000000000000000e+00
1.366605377197265625e+01,2.540901899337768555e+00,1.700000000000000000e+01,1.000000000000000000e+00
1.368982124328613281e+01,2.383063316345214844e+00,1.700000000000000000e+01,1.000000000000000000e+00
1.362734794616699219e+01,2.771805763244628906e+00,1.700000000000000000e+01,1.000000000000000000e+00
1.338724231719970703e+01,2.747687339782714844e+00,1.700000000000000000e+01,1.000000000000000000e+00
1.390300846099853516e+01,3.088708639144897461e+00,1.700000000000000000e+01,1.000000000000000000e+00
1.372661590576171875e+01,2.480122804641723633e+00,1.700000000000000000e+01,1.000000000000000000e+00
1.340811634063720703e+01,1.709264755249023438e+00,1.700000000000000000e+01,1.000000000000000000e+00
1.373353672027587891e+01,2.850287199020385742e+00,1.700000000000000000e+01,1.000000000000000000e+00
1.380559921264648438e+01,3.100482463836669922e+00,1.700000000000000000e+01,1.000000000000000000e+00
1.363270473480224609e+01,2.172999620437622070e+00,1.700000000000000000e+01,1.000000000000000000e+00
1.377413272857666016e+01,2.350207805633544922e+00,1.700000000000000000e+01,1.000000000000000000e+00
1.415528583526611328e+01,3.124640226364135742e+00,1.700000000000000000e+01,1.000000000000000000e+00
1.343157386779785156e+01,2.764757394790649414e+00,1.700000000000000000e+01,1.000000000000000000e+00
1.362944793701171875e+01,2.686540603637695312e+00,1.700000000000000000e+01,1.000000000000000000e+00
1.335587692260742188e+01,2.504149913787841797e+00,1.700000000000000000e+01,1.000000000000000000e+00
1.406332302093505859e+01,3.144335269927978516e+00,1.700000000000000000e+01,1.000000000000000000e+00
1.394160175323486328e+01,2.638545751571655273e+00,1.700000000000000000e+01,1.000000000000000000e+00
1.342943477630615234e+01,2.649826288223266602e+00,1.700000000000000000e+01,1.000000000000000000e+00
1.404195976257324219e+01,2.658496379852294922e+00,1.700000000000000000e+01,1.000000000000000000e+00
1.343270111083984375e+01,1.819645404815673828e+00,1.700000000000000000e+01,1.000000000000000000e+00
1.395681571960449219e+01,3.143258094787597656e+00,1.700000000000000000e+01,1.000000000000000000e+00
1.414064693450927734e+01,2.999611854553222656e+00,9.000000000000000000e+00,1.000000000000000000e+00
1.389421749114990234e+01,2.978618860244750977e+00,1.700000000000000000e+01,1.000000000000000000e+00
1.373618507385253906e+01,2.902689456939697266e+00,1.700000000000000000e+01,1.000000000000000000e+00
1.341612529754638672e+01,1.970210671424865723e+00,1.700000000000000000e+01,1.000000000000000000e+00
1.382339763641357422e+01,2.829571247100830078e+00,1.700000000000000000e+01,1.000000000000000000e+00
1.341610813140869141e+01,1.748522400856018066e+00,1.700000000000000000e+01,1.000000000000000000e+00
1.344386291503906250e+01,2.774255514144897461e+00,1.700000000000000000e+01,1.000000000000000000e+00
1.395907592773437500e+01,2.646930456161499023e+00,1.700000000000000000e+01,1.000000000000000000e+00
1.329295825958251953e+01,2.580457687377929688e+00,1.700000000000000000e+01,1.000000000000000000e+00
1.340738296508789062e+01,1.754298806190490723e+00,1.700000000000000000e+01,1.000000000000000000e+00
1.398658084869384766e+01,3.037087440490722656e+00,1.700000000000000000e+01,1.000000000000000000e+00
1.345938014984130859e+01,2.479989290237426758e+00,1.700000000000000000e+01,1.000000000000000000e+00
1.337666225433349609e+01,2.712341547012329102e+00,1.700000000000000000e+01,1.000000000000000000e+00
1.343353843688964844e+01,1.683376789093017578e+00,1.700000000000000000e+01,1.000000000000000000e+00
1.341092491149902344e+01,1.709722518920898438e+00,1.700000000000000000e+01,1.000000000000000000e+00
1.371208381652832031e+01,2.618150472640991211e+00,1.700000000000000000e+01,1.000000000000000000e+00
1.409481239318847656e+01,3.235851526260375977e+00,1.700000000000000000e+01,1.000000000000000000e+00
1.342993354797363281e+01,1.695290803909301758e+00,1.700000000000000000e+01,1.000000000000000000e+00
1.403216171264648438e+01,3.158385038375854492e+00,1.700000000000000000e+01,1.000000000000000000e+00
1.338288211822509766e+01,2.098165035247802734e+00,9.000000000000000000e+00,1.000000000000000000e+00
1.337325572967529297e+01,2.741870164871215820e+00,1.700000000000000000e+01,1.000000000000000000e+00
1.348857402801513672e+01,2.775334835052490234e+00,1.700000000000000000e+01,1.000000000000000000e+00
1.421364784240722656e+01,3.147923707962036133e+00,1.700000000000000000e+01,1.000000000000000000e+00
1.393458747863769531e+01,3.055709600448608398e+00,1.700000000000000000e+01,1.000000000000000000e+00
1.386340713500976562e+01,3.037769556045532227e+00,1.700000000000000000e+01,1.000000000000000000e+00
1.365164756774902344e+01,2.839936017990112305e+00,1.700000000000000000e+01,1.000000000000000000e+00
1.400206470489501953e+01,2.767425298690795898e+00,1.700000000000000000e+01,1.000000000000000000e+00
1.394562625885009766e+01,2.542689800262451172e+00,1.700000000000000000e+01,1.000000000000000000e+00
1.386824989318847656e+01,3.094631195068359375e+00,1.700000000000000000e+01,1.000000000000000000e+00
1.346237277984619141e+01,2.779304981231689453e+00,1.700000000000000000e+01,1.000000000000000000e+00
1.348286724090576172e+01,1.739448070526123047e+00,9.000000000000000000e+00,1.000000000000000000e+00
1.344986438751220703e+01,1.841571807861328125e+00,1.700000000000000000e+01,1.000000000000000000e+00
1.410857772827148438e+01,3.205569505691528320e+00,1.700000000000000000e+01,1.000000000000000000e+00
1.353781032562255859e+01,2.791394233703613281e+00,1.700000000000000000e+01,1.000000000000000000e+00
1.339453029632568359e+01,2.736572504043579102e+00,1.700000000000000000e+01,1.000000000000000000e+00
1.390023612976074219e+01,3.191587924957275391e+00,1.700000000000000000e+01,1.000000000000000000e+00
1.351668930053710938e+01,2.271918058395385742e+00,1.700000000000000000e+01,1.000000000000000000e+00
1.392450714111328125e+01,3.187908649444580078e+00,9.000000000000000000e+00,1.000000000000000000e+00
1.342319393157958984e+01,1.836712598800659180e+00,9.000000000000000000e+00,1.000000000000000000e+00
1.344472503662109375e+01,2.783518075942993164e+00,1.700000000000000000e+01,1.000000000000000000e+00
1.360002422332763672e+01,2.695999383926391602e+00,1.700000000000000000e+01,1.000000000000000000e+00
1.384333801269531250e+01,2.359849691390991211e+00,1.700000000000000000e+01,1.000000000000000000e+00
1.342591762542724609e+01,1.831926941871643066e+00,1.700000000000000000e+01,1.000000000000000000e+00
1.386897754669189453e+01,3.070465326309204102e+00,1.700000000000000000e+01,1.000000000000000000e+00
1.377676773071289062e+01,2.901538372039794922e+00,1.700000000000000000e+01,1.000000000000000000e+00
1.343958854675292969e+01,2.624560117721557617e+00,1.700000000000000000e+01,1.000000000000000000e+00
1.362614154815673828e+01,2.279253959655761719e+00,1.700000000000000000e+01,1.000000000000000000e+00
1.377825355529785156e+01,2.880055189132690430e+00,1.700000000000000000e+01,1.000000000000000000e+00
1.350779247283935547e+01,1.685155749320983887e+00,9.000000000000000000e+00,1.000000000000000000e+00
1.339386177062988281e+01,2.800153017044067383e+00,1.700000000000000000e+01,1.000000000000000000e+00
1.364397239685058594e+01,2.741828918457031250e+00,1.700000000000000000e+01,1.000000000000000000e+00
1.389837551116943359e+01,3.055971860885620117e+00,1.700000000000000000e+01,1.000000000000000000e+00
1.366631507873535156e+01,2.367547035217285156e+00,1.700000000000000000e+01,1.000000000000000000e+00
1.346156024932861328e+01,2.866708517074584961e+00,9.000000000000000000e+00,1.000000000000000000e+00
1.340511322021484375e+01,1.741759061813354492e+00,1.700000000000000000e+01,1.000000000000000000e+00
1.403136730194091797e+01,3.144382953643798828e+00,1.700000000000000000e+01,1.000000000000000000e+00
1.364005947113037109e+01,2.744110822677612305e+00,1.700000000000000000e+01,1.000000000000000000e+00
1.351928997039794922e+01,1.677196025848388672e+00,9.000000000000000000e+00,1.000000000000000000e+00
1.343292427062988281e+01,1.651476860046386719e+00,1.700000000000000000e+01,1.000000000000000000e+00
1.347894859313964844e+01,1.623312473297119141e+00,1.700000000000000000e+01,1.000000000000000000e+00
1.330244827270507812e+01,2.649450302124023438e+00,1.700000000000000000e+01,1.000000000000000000e+00
1.406288528442382812e+01,3.192840814590454102e+00,1.700000000000000000e+01,1.000000000000000000e+00
1.409747219085693359e+01,3.134117841720581055e+00,1.700000000000000000e+01,1.000000000000000000e+00
1.374632358551025391e+01,2.302448034286499023e+00,1.700000000000000000e+01,1.000000000000000000e+00
1.351302337646484375e+01,2.818897008895874023e+00,1.700000000000000000e+01,1.000000000000000000e+00
1.407938194274902344e+01,3.099515199661254883e+00,1.700000000000000000e+01,1.000000000000000000e+00
1.413069248199462891e+01,3.094029903411865234e+00,1.700000000000000000e+01,1.000000000000000000e+00
1.387685298919677734e+01,2.928978681564331055e+00,1.700000000000000000e+01,1.000000000000000000e+00
1.388704776763916016e+01,3.089624404907226562e+00,1.700000000000000000e+01,1.000000000000000000e+00
1.324449157714843750e+01,2.728379249572753906e+00,1.700000000000000000e+01,1.000000000000000000e+00
1.388053226470947266e+01,2.935055017471313477e+00,1.700000000000000000e+01,1.000000000000000000e+00
1.345557212829589844e+01,2.655413150787353516e+00,1.700000000000000000e+01,1.000000000000000000e+00
1.343187999725341797e+01,1.697286248207092285e+00,1.700000000000000000e+01,1.000000000000000000e+00
1.366974925994873047e+01,2.730435371398925781e+00,1.700000000000000000e+01,1.000000000000000000e+00
1.401756381988525391e+01,3.084951877593994141e+00,1.700000000000000000e+01,1.000000000000000000e+00
1.395779418945312500e+01,2.498161554336547852e+00,1.700000000000000000e+01,1.000000000000000000e+00
1.353359889984130859e+01,2.627994060516357422e+00,1.700000000000000000e+01,1.000000000000000000e+00
1.354906177520751953e+01,2.430844783782958984e+00,1.700000000000000000e+01,1.000000000000000000e+00
1.358132553100585938e+01,2.249742031097412109e+00,1.700000000000000000e+01,1.000000000000000000e+00
1.362975502014160156e+01,2.863016366958618164e+00,1.700000000000000000e+01,1.000000000000000000e+00
1.394712066650390625e+01,2.713406562805175781e+00,1.700000000000000000e+01,1.000000000000000000e+00
1.416924285888671875e+01,3.143710374832153320e+00,1.700000000000000000e+01,1.000000000000000000e+00
1.337475967407226562e+01,2.802500486373901367e+00,9.000000000000000000e+00,1.000000000000000000e+00
1.391983222961425781e+01,2.867134094238281250e+00,1.700000000000000000e+01,1.000000000000000000e+00
1.340694236755371094e+01,1.681634902954101562e+00,1.700000000000000000e+01,1.000000000000000000e+00
1.404267120361328125e+01,2.537690639495849609e+00,1.700000000000000000e+01,1.000000000000000000e+00
1.335833740234375000e+01,2.667381525039672852e+00,1.700000000000000000e+01,1.000000000000000000e+00
1.356863117218017578e+01,1.831871628761291504e+00,9.000000000000000000e+00,1.000000000000000000e+00
1.351049232482910156e+01,2.584304809570312500e+00,1.700000000000000000e+01,1.000000000000000000e+00
1.363181495666503906e+01,2.794621706008911133e+00,1.700000000000000000e+01,1.000000000000000000e+00
1.353220748901367188e+01,1.672688961029052734e+00,1.700000000000000000e+01,1.000000000000000000e+00
1.355987071990966797e+01,2.612589120864868164e+00,1.700000000000000000e+01,1.000000000000000000e+00
1.341376209259033203e+01,1.677809000015258789e+00,1.700000000000000000e+01,1.000000000000000000e+00
1.390637683868408203e+01,3.085500717163085938e+00,1.700000000000000000e+01,1.000000000000000000e+00
1.390654373168945312e+01,2.732512474060058594e+00,1.700000000000000000e+01,1.000000000000000000e+00
1.352719497680664062e+01,1.716995120048522949e+00,1.700000000000000000e+01,1.000000000000000000e+00
1.341867542266845703e+01,1.699923038482666016e+00,1.700000000000000000e+01,1.000000000000000000e+00
1.342853260040283203e+01,1.692542433738708496e+00,1.700000000000000000e+01,1.000000000000000000e+00
1.411555385589599609e+01,3.205824136734008789e+00,1.700000000000000000e+01,1.000000000000000000e+00
1.407178211212158203e+01,3.213538408279418945e+00,1.700000000000000000e+01,1.000000000000000000e+00
1.418604564666748047e+01,3.138789176940917969e+00,1.700000000000000000e+01,1.000000000000000000e+00
1.404049777984619141e+01,2.656200170516967773e+00,1.700000000000000000e+01,1.000000000000000000e+00
1.404187297821044922e+01,2.975773572921752930e+00,1.700000000000000000e+01,1.000000000000000000e+00
1.368937969207763672e+01,2.478011846542358398e+00,1.700000000000000000e+01,1.000000000000000000e+00
1.341223430633544922e+01,2.539784431457519531e+00,1.700000000000000000e+01,1.000000000000000000e+00
1.349783611297607422e+01,2.561517238616943359e+00,1.700000000000000000e+01,1.000000000000000000e+00
1.403990077972412109e+01,2.990557432174682617e+00,1.700000000000000000e+01,1.000000000000000000e+00
1.401574039459228516e+01,3.136394500732421875e+00,1.700000000000000000e+01,1.000000000000000000e+00
1.362154197692871094e+01,2.614352464675903320e+00,1.700000000000000000e+01,1.000000000000000000e+00
1.418447208404541016e+01,3.093594312667846680e+00,1.700000000000000000e+01,1.000000000000000000e+00
1.381192588806152344e+01,2.399785757064819336e+00,1.700000000000000000e+01,1.000000000000000000e+00
1.357668972015380859e+01,2.180043220520019531e+00,1.700000000000000000e+01,1.000000000000000000e+00
1.353405284881591797e+01,1.638294816017150879e+00,1.700000000000000000e+01,1.000000000000000000e+00
1.352493667602539062e+01,2.665057420730590820e+00,1.700000000000000000e+01,1.000000000000000000e+00
1.381556606292724609e+01,2.967144966125488281e+00,1.700000000000000000e+01,1.000000000000000000e+00
1.395001983642578125e+01,2.909224033355712891e+00,1.700000000000000000e+01,1.000000000000000000e+00
1.380220699310302734e+01,2.253287553787231445e+00,9.000000000000000000e+00,1.000000000000000000e+00
1.344594955444335938e+01,2.121996879577636719e+00,1.700000000000000000e+01,1.000000000000000000e+00
1.347123813629150391e+01,1.593085765838623047e+00,1.700000000000000000e+01,1.000000000000000000e+00
1.386003017425537109e+01,2.944850444793701172e+00,1.700000000000000000e+01,1.000000000000000000e+00
1.397314262390136719e+01,3.164164781570434570e+00,1.700000000000000000e+01,1.000000000000000000e+00
1.376214694976806641e+01,2.551886796951293945e+00,1.700000000000000000e+01,1.000000000000000000e+00
1.412276077270507812e+01,3.217301130294799805e+00,1.700000000000000000e+01,1.000000000000000000e+00
1.342757415771484375e+01,2.681690931320190430e+00,9.000000000000000000e+00,1.000000000000000000e+00
1.372176361083984375e+01,2.876150131225585938e+00,1.700000000000000000e+01,1.000000000000000000e+00
1.046590709686279297e+01,-2.320775032043457031e+00,9.000000000000000000e+00,1.000000000000000000e+00
1.404045295715332031e+01,3.139033794403076172e+00,1.700000000000000000e+01,1.000000000000000000e+00
6.036005914211273193e-02,-5.438157558441162109e+00,1.600000000000000000e+01,1.000000000000000000e+00
-9.242518544197082520e-01,-5.942009449005126953e+00,1.600000000000000000e+01,1.000000000000000000e+00
3.940860927104949951e-01,-5.405253410339355469e+00,1.600000000000000000e+01,1.000000000000000000e+00
-3.311583697795867920e-01,-5.618543624877929688e+00,1.600000000000000000e+01,1.000000000000000000e+00
2.152985632419586182e-01,-5.410651206970214844e+00,1.600000000000000000e+01,1.000000000000000000e+00
4.949501156806945801e-01,-5.396059036254882812e+00,1.600000000000000000e+01,1.000000000000000000e+00
-9.852950572967529297e-01,-5.798603057861328125e+00,1.600000000000000000e+01,1.000000000000000000e+00
-1.375001519918441772e-01,-5.483925819396972656e+00,1.600000000000000000e+01,1.000000000000000000e+00
4.921962618827819824e-01,-5.400521755218505859e+00,1.600000000000000000e+01,1.000000000000000000e+00
-5.793538689613342285e-01,-5.523613929748535156e+00,1.600000000000000000e+01,1.000000000000000000e+00
-6.593101024627685547e-01,-5.596374034881591797e+00,1.600000000000000000e+01,1.000000000000000000e+00
1.124003767967224121e+00,-5.223897457122802734e+00,1.600000000000000000e+01,1.000000000000000000e+00
-3.263192176818847656e-01,-5.611007213592529297e+00,1.600000000000000000e+01,1.000000000000000000e+00
1.844493269920349121e+00,-4.970032691955566406e+00,1.600000000000000000e+01,1.000000000000000000e+00
-1.027329564094543457e+00,-5.729131221771240234e+00,1.600000000000000000e+01,1.000000000000000000e+00
2.482921630144119263e-01,-5.426348209381103516e+00,1.600000000000000000e+01,1.000000000000000000e+00
-8.651184439659118652e-01,-5.910736083984375000e+00,1.600000000000000000e+01,1.000000000000000000e+00
1.906622886657714844e+00,-4.944909572601318359e+00,1.600000000000000000e+01,1.000000000000000000e+00
7.869086861610412598e-01,-5.328550815582275391e+00,1.600000000000000000e+01,1.000000000000000000e+00
-9.598352313041687012e-01,-5.883742332458496094e+00,1.600000000000000000e+01,1.000000000000000000e+00
1.138901472091674805e+00,-5.217083454132080078e+00,1.600000000000000000e+01,1.000000000000000000e+00
-9.325287342071533203e-01,-5.946052551269531250e+00,1.600000000000000000e+01,1.000000000000000000e+00
-1.734933376312255859e+00,-5.604227542877197266e+00,1.600000000000000000e+01,1.000000000000000000e+00
1.913610219955444336e+00,-4.956893920898437500e+00,1.600000000000000000e+01,1.000000000000000000e+00
1.907081842422485352e+00,-4.957079410552978516e+00,9.000000000000000000e+00,1.000000000000000000e+00
-1.793406009674072266e+00,-5.607085227966308594e+00,1.600000000000000000e+01,1.000000000000000000e+00
-9.540777802467346191e-01,-5.971443176269531250e+00,1.600000000000000000e+01,1.000000000000000000e+00
3.477818667888641357e-01,-5.409862041473388672e+00,1.600000000000000000e+01,1.000000000000000000e+00
-9.388323426246643066e-01,-5.995279312133789062e+00,1.600000000000000000e+01,1.000000000000000000e+00
1.126140713691711426e+00,-5.220585823059082031e+00,1.600000000000000000e+01,1.000000000000000000e+00
6.432844996452331543e-01,-5.356742382049560547e+00,1.600000000000000000e+01,1.000000000000000000e+00
-8.652698993682861328e-01,-5.932612895965576172e+00,1.600000000000000000e+01,1.000000000000000000e+00
-9.324973821640014648e-01,-5.953417778015136719e+00,1.600000000000000000e+01,1.000000000000000000e+00
-8.247371912002563477e-01,-5.564976692199707031e+00,1.600000000000000000e+01,1.000000000000000000e+00
1.503580212593078613e+00,-5.065741539001464844e+00,1.600000000000000000e+01,1.000000000000000000e+00
-7.794967889785766602e-01,-5.540910720825195312e+00,1.600000000000000000e+01,1.000000000000000000e+00
-9.650012254714965820e-01,-5.926293849945068359e+00,1.600000000000000000e+01,1.000000000000000000e+00
-9.509265422821044922e-01,-5.662137985229492188e+00,1.600000000000000000e+01,1.000000000000000000e+00
-9.451597332954406738e-01,-5.688685894012451172e+00,1.600000000000000000e+01,1.000000000000000000e+00
1.866159796714782715e+00,-4.933789253234863281e+00,1.600000000000000000e+01,1.000000000000000000e+00
7.390622496604919434e-01,-5.341442584991455078e+00,1.600000000000000000e+01,1.000000000000000000e+00
-9.614701271057128906e-01,-5.678685665130615234e+00,1.600000000000000000e+01,1.000000000000000000e+00
1.468083381652832031e+00,-5.076917648315429688e+00,1.600000000000000000e+01,1.000000000000000000e+00
-6.872105598449707031e-01,-5.575562000274658203e+00,1.600000000000000000e+01,1.000000000000000000e+00
-1.138540267944335938e+00,-5.683001995086669922e+00,1.600000000000000000e+01,1.000000000000000000e+00
-1.798081040382385254e+00,-5.578222274780273438e+00,1.600000000000000000e+01,1.000000000000000000e+00
-3.346900045871734619e-01,-5.621680259704589844e+00,1.600000000000000000e+01,1.000000000000000000e+00
-1.027570724487304688e+00,-5.661438465118408203e+00,1.600000000000000000e+01,1.000000000000000000e+00
-9.441954493522644043e-01,-5.992625236511230469e+00,1.600000000000000000e+01,1.000000000000000000e+00
1.157678008079528809e+00,-5.221423625946044922e+00,1.600000000000000000e+01,1.000000000000000000e+00
1.494037032127380371e+00,-5.069426536560058594e+00,1.600000000000000000e+01,1.000000000000000000e+00
1.030244082212448120e-01,-5.440530776977539062e+00,1.600000000000000000e+01,1.000000000000000000e+00
-9.390262961387634277e-01,-5.784928798675537109e+00,1.600000000000000000e+01,1.000000000000000000e+00
-8.190064430236816406e-01,-5.613349437713623047e+00,1.600000000000000000e+01,1.000000000000000000e+00
1.430317521095275879e+00,-5.061954975128173828e+00,1.600000000000000000e+01,1.000000000000000000e+00
-9.263942241668701172e-01,-5.970313549041748047e+00,1.600000000000000000e+01,1.000000000000000000e+00
-1.823570847511291504e+00,-5.554528236389160156e+00,1.600000000000000000e+01,1.000000000000000000e+00
-8.013490438461303711e-01,-5.575685501098632812e+00,1.600000000000000000e+01,1.000000000000000000e+00
-1.137752652168273926e+00,-5.671451568603515625e+00,1.600000000000000000e+01,1.000000000000000000e+00
-2.206402420997619629e-01,-5.536454200744628906e+00,1.600000000000000000e+01,1.000000000000000000e+00
1.872553944587707520e+00,-4.955459117889404297e+00,1.600000000000000000e+01,1.000000000000000000e+00
-9.716161489486694336e-01,-5.983868122100830078e+00,1.600000000000000000e+01,1.000000000000000000e+00
1.917038917541503906e+00,-4.932823657989501953e+00,1.600000000000000000e+01,1.000000000000000000e+00
-8.366537094116210938e-01,-5.562266826629638672e+00,1.600000000000000000e+01,1.000000000000000000e+00
1.411140322685241699e+00,-5.110256671905517578e+00,1.600000000000000000e+01,1.000000000000000000e+00
4.924685955047607422e-01,-5.381796360015869141e+00,1.600000000000000000e+01,1.000000000000000000e+00
1.412468314170837402e+00,-5.103098392486572266e+00,1.600000000000000000e+01,1.000000000000000000e+00
-1.816505193710327148e+00,-5.564861297607421875e+00,1.600000000000000000e+01,1.000000000000000000e+00
-1.181480526924133301e+00,-5.656081676483154297e+00,1.600000000000000000e+01,1.000000000000000000e+00
1.396512746810913086e+00,-5.104644298553466797e+00,1.600000000000000000e+01,1.000000000000000000e+00
1.207358241081237793e+00,-5.187934875488281250e+00,1.600000000000000000e+01,1.000000000000000000e+00
-1.794705986976623535e+00,-5.603387355804443359e+00,1.600000000000000000e+01,1.000000000000000000e+00
1.080975413322448730e+00,-5.251057624816894531e+00,1.600000000000000000e+01,1.000000000000000000e+00
-6.605550646781921387e-01,-5.503912448883056641e+00,1.600000000000000000e+01,1.000000000000000000e+00
5.973634719848632812e-01,-5.370743751525878906e+00,1.600000000000000000e+01,1.000000000000000000e+00
5.278764963150024414e-01,-5.390287399291992188e+00,1.600000000000000000e+01,1.000000000000000000e+00
3.841217756271362305e-01,-5.415269851684570312e+00,1.600000000000000000e+01,1.000000000000000000e+00
1.112932920455932617e+00,-5.226600646972656250e+00,1.600000000000000000e+01,1.000000000000000000e+00
-9.582767486572265625e-01,-5.946633338928222656e+00,1.600000000000000000e+01,1.000000000000000000e+00
1.337868452072143555e+00,-5.128832340240478516e+00,1.600000000000000000e+01,1.000000000000000000e+00
1.411826014518737793e+00,-5.097117900848388672e+00,1.600000000000000000e+01,1.000000000000000000e+00
-1.086950778961181641e+00,-5.687194824218750000e+00,1.600000000000000000e+01,1.000000000000000000e+00
3.299199044704437256e-01,-5.432713031768798828e+00,1.600000000000000000e+01,1.000000000000000000e+00
9.972867369651794434e-01,-5.258873939514160156e+00,1.600000000000000000e+01,1.000000000000000000e+00
4.198121130466461182e-01,-5.399075031280517578e+00,1.600000000000000000e+01,1.000000000000000000e+00
-1.731614112854003906e+00,-5.618239879608154297e+00,1.600000000000000000e+01,1.000000000000000000e+00
1.424743175506591797e+00,-5.087148666381835938e+00,1.600000000000000000e+01,1.000000000000000000e+00
5.163995623588562012e-01,-5.381165504455566406e+00,1.600000000000000000e+01,1.000000000000000000e+00
1.913911938667297363e+00,-4.964392662048339844e+00,1.600000000000000000e+01,1.000000000000000000e+00
8.238794803619384766e-01,-5.321245670318603516e+00,1.600000000000000000e+01,1.000000000000000000e+00
1.690906405448913574e+00,-5.004355430603027344e+00,1.600000000000000000e+01,1.000000000000000000e+00
-1.752036690711975098e+00,-5.719421386718750000e+00,9.000000000000000000e+00,1.000000000000000000e+00
-4.731603562831878662e-01,-5.645728588104248047e+00,1.600000000000000000e+01,1.000000000000000000e+00
1.941952109336853027e+00,-4.934570789337158203e+00,1.600000000000000000e+01,1.000000000000000000e+00
1.058202743530273438e+00,-5.241345405578613281e+00,1.600000000000000000e+01,1.000000000000000000e+00
-1.827145338058471680e+00,-5.555028915405273438e+00,1.600000000000000000e+01,1.000000000000000000e+00
4.962308704853057861e-01,-5.376984119415283203e+00,1.600000000000000000e+01,1.000000000000000000e+00
8.733771443367004395e-01,-5.287232398986816406e+00,1.600000000000000000e+01,1.000000000000000000e+00
-3.312272131443023682e-01,-5.630425453186035156e+00,1.600000000000000000e+01,1.000000000000000000e+00
-9.620430469512939453e-01,-5.757091045379638672e+00,1.600000000000000000e+01,1.000000000000000000e+00
-9.032557010650634766e-01,-6.003321647644042969e+00,1.600000000000000000e+01,1.000000000000000000e+00
-1.038285374641418457e+00,-5.661273956298828125e+00,1.600000000000000000e+01,1.000000000000000000e+00
9.555092081427574158e-03,-5.483566761016845703e+00,1.600000000000000000e+01,1.000000000000000000e+00
4.856539368629455566e-01,-5.403222084045410156e+00,1.600000000000000000e+01,1.000000000000000000e+00
-1.724947452545166016e+00,-5.657173633575439453e+00,1.600000000000000000e+01,1.000000000000000000e+00
-8.616248965263366699e-01,-5.562432765960693359e+00,1.600000000000000000e+01,1.000000000000000000e+00
1.514050006866455078e+00,-5.057159423828125000e+00,1.600000000000000000e+01,1.000000000000000000e+00
1.518835186958312988e+00,-5.059451580047607422e+00,1.600000000000000000e+01,1.000000000000000000e+00
-8.914493373595178127e-04,-5.497351646423339844e+00,1.600000000000000000e+01,1.000000000000000000e+00
-2.571408748626708984e-01,-5.483794212341308594e+00,1.600000000000000000e+01,1.000000000000000000e+00
1.050928011536598206e-01,-5.438873291015625000e+00,1.600000000000000000e+01,1.000000000000000000e+00
2.786259949207305908e-01,-5.429584980010986328e+00,1.600000000000000000e+01,1.000000000000000000e+00
-1.775808811187744141e+00,-5.582210540771484375e+00,1.600000000000000000e+01,1.000000000000000000e+00
1.938304066658020020e+00,-4.919384479522705078e+00,1.600000000000000000e+01,1.000000000000000000e+00
-1.809291601181030273e+00,-5.595015525817871094e+00,1.600000000000000000e+01,1.000000000000000000e+00
-8.881996870040893555e-01,-5.604589462280273438e+00,1.600000000000000000e+01,1.000000000000000000e+00
-7.788142561912536621e-02,-5.450087070465087891e+00,1.600000000000000000e+01,1.000000000000000000e+00
-9.046324491500854492e-01,-5.971388816833496094e+00,1.600000000000000000e+01,1.000000000000000000e+00
-1.140474006533622742e-01,-5.468547821044921875e+00,1.600000000000000000e+01,1.000000000000000000e+00
-1.799665808677673340e+00,-5.592751502990722656e+00,1.600000000000000000e+01,1.000000000000000000e+00
-1.261171102523803711e+00,-5.628565311431884766e+00,1.600000000000000000e+01,1.000000000000000000e+00
-9.380193352699279785e-01,-5.981524944305419922e+00,1.600000000000000000e+01,1.000000000000000000e+00
6.703953266143798828e+00,1.367883872985839844e+01,1.000000000000000000e+01,1.000000000000000000e+00
-1.687499880790710449e+00,-5.620252609252929688e+00,1.600000000000000000e+01,1.000000000000000000e+00
-8.651679754257202148e-01,-5.945201396942138672e+00,1.600000000000000000e+01,1.000000000000000000e+00
-1.769501686096191406e+00,-5.606149196624755859e+00,1.600000000000000000e+01,1.000000000000000000e+00
1.867085576057434082e+00,-4.957250118255615234e+00,1.600000000000000000e+01,1.000000000000000000e+00
-1.784125447273254395e+00,-5.600601673126220703e+00,1.600000000000000000e+01,1.000000000000000000e+00
4.239600002765655518e-01,-5.390817165374755859e+00,1.600000000000000000e+01,1.000000000000000000e+00
7.093145512044429779e-03,-5.445924758911132812e+00,1.600000000000000000e+01,1.000000000000000000e+00
-9.793044328689575195e-01,-5.992797374725341797e+00,1.600000000000000000e+01,1.000000000000000000e+00
-9.717390537261962891e-01,-5.627134323120117188e+00,1.600000000000000000e+01,1.000000000000000000e+00
4.531576037406921387e-01,-5.408941268920898438e+00,1.600000000000000000e+01,1.000000000000000000e+00
-2.522175908088684082e-01,-5.574516296386718750e+00,1.600000000000000000e+01,1.000000000000000000e+00
-8.476282358169555664e-01,-5.574425220489501953e+00,1.600000000000000000e+01,1.000000000000000000e+00
-1.717307925224304199e+00,-5.679835796356201172e+00,1.600000000000000000e+01,1.000000000000000000e+00
-1.934543102979660034e-01,-5.562144756317138672e+00,1.600000000000000000e+01,1.000000000000000000e+00
5.136221647262573242e-01,-5.365501880645751953e+00,1.600000000000000000e+01,1.000000000000000000e+00
-3.342172205448150635e-01,-5.619115829467773438e+00,1.600000000000000000e+01,1.000000000000000000e+00
5.911334753036499023e-01,-5.371318340301513672e+00,1.600000000000000000e+01,1.000000000000000000e+00
-1.310168027877807617e+00,-5.610260486602783203e+00,1.600000000000000000e+01,1.000000000000000000e+00
9.297975897789001465e-01,-5.287044525146484375e+00,1.600000000000000000e+01,1.000000000000000000e+00
9.709125757217407227e-01,-5.262351989746093750e+00,1.600000000000000000e+01,1.000000000000000000e+00
-1.817333459854125977e+00,-5.583121299743652344e+00,1.600000000000000000e+01,1.000000000000000000e+00
1.019879698753356934e+00,-5.259270668029785156e+00,1.600000000000000000e+01,1.000000000000000000e+00
-5.802142620086669922e-01,-5.603629112243652344e+00,1.600000000000000000e+01,1.000000000000000000e+00
-6.540810465812683105e-01,-5.734679698944091797e+00,1.600000000000000000e+01,1.000000000000000000e+00
1.235015615820884705e-01,-5.468989849090576172e+00,1.600000000000000000e+01,1.000000000000000000e+00
-1.801026940345764160e+00,-5.575100421905517578e+00,1.600000000000000000e+01,1.000000000000000000e+00
-1.444206118583679199e+00,-5.628147602081298828e+00,1.600000000000000000e+01,1.000000000000000000e+00
-8.462625741958618164e-01,-5.547678947448730469e+00,1.600000000000000000e+01,1.000000000000000000e+00
1.493697524070739746e+00,-5.068258285522460938e+00,1.600000000000000000e+01,1.000000000000000000e+00
-1.238261818885803223e+00,-5.599727630615234375e+00,1.600000000000000000e+01,1.000000000000000000e+00
-1.030314803123474121e+00,-5.707675457000732422e+00,1.600000000000000000e+01,1.000000000000000000e+00
1.789098739624023438e+00,-4.979773521423339844e+00,1.600000000000000000e+01,1.000000000000000000e+00
-1.790519356727600098e+00,-5.582193374633789062e+00,1.600000000000000000e+01,1.000000000000000000e+00
1.338667511940002441e+00,-5.130640506744384766e+00,9.000000000000000000e+00,1.000000000000000000e+00
-4.894703626632690430e-01,-5.503474712371826172e+00,1.600000000000000000e+01,1.000000000000000000e+00
-1.806386232376098633e+00,-5.576008319854736328e+00,1.600000000000000000e+01,1.000000000000000000e+00
-1.127447247505187988e+00,-5.696133613586425781e+00,1.600000000000000000e+01,1.000000000000000000e+00
-1.716694951057434082e+00,-5.640152931213378906e+00,1.600000000000000000e+01,1.000000000000000000e+00
1.118550419807434082e+00,-5.227160453796386719e+00,1.600000000000000000e+01,1.000000000000000000e+00
-9.960551261901855469e-01,-5.688345432281494141e+00,1.600000000000000000e+01,1.000000000000000000e+00
1.845007777214050293e+00,-4.960407733917236328e+00,1.600000000000000000e+01,1.000000000000000000e+00
-7.132364064455032349e-02,-5.525069713592529297e+00,1.600000000000000000e+01,1.000000000000000000e+00
1.060134649276733398e+00,-5.230273723602294922e+00,1.600000000000000000e+01,1.000000000000000000e+00
-7.600201368331909180e-01,-5.515637397766113281e+00,1.600000000000000000e+01,1.000000000000000000e+00
-1.773999094963073730e+00,-5.622738361358642578e+00,1.600000000000000000e+01,1.000000000000000000e+00
7.847731113433837891e-01,-5.330164909362792969e+00,1.600000000000000000e+01,1.000000000000000000e+00
5.136440396308898926e-01,-5.368943691253662109e+00,1.600000000000000000e+01,1.000000000000000000e+00
-9.251649975776672363e-01,-5.873068809509277344e+00,1.600000000000000000e+01,1.000000000000000000e+00
1.206308245658874512e+00,-5.194224357604980469e+00,1.600000000000000000e+01,1.000000000000000000e+00
-1.079872369766235352e+00,-5.707306385040283203e+00,1.600000000000000000e+01,1.000000000000000000e+00
1.460919976234436035e+00,-5.079175472259521484e+00,1.600000000000000000e+01,1.000000000000000000e+00
-8.186510205268859863e-01,-5.533693313598632812e+00,1.600000000000000000e+01,1.000000000000000000e+00
-1.104947403073310852e-01,-5.490562438964843750e+00,1.600000000000000000e+01,1.000000000000000000e+00
1.214409112930297852e+00,-5.171895027160644531e+00,1.600000000000000000e+01,1.000000000000000000e+00
-8.955690860748291016e-01,-5.950048923492431641e+00,9.000000000000000000e+00,1.000000000000000000e+00
1.459395766258239746e+00,-5.073034763336181641e+00,1.600000000000000000e+01,1.000000000000000000e+00
1.917430520057678223e+00,-4.948836326599121094e+00,1.600000000000000000e+01,1.000000000000000000e+00
8.024820685386657715e-02,-5.431606292724609375e+00,1.600000000000000000e+01,1.000000000000000000e+00
1.160507082939147949e+00,-5.221947193145751953e+00,1.600000000000000000e+01,1.000000000000000000e+00
1.918134652078151703e-02,-5.473060131072998047e+00,1.600000000000000000e+01,1.000000000000000000e+00
-1.733950972557067871e+00,-5.659911632537841797e+00,1.600000000000000000e+01,1.000000000000000000e+00
-4.874128103256225586e-01,-5.617542266845703125e+00,1.600000000000000000e+01,1.000000000000000000e+00
1.873888969421386719e-01,-5.423718929290771484e+00,1.600000000000000000e+01,1.000000000000000000e+00
7.807169556617736816e-01,-5.331485271453857422e+00,1.600000000000000000e+01,1.000000000000000000e+00
1.472174882888793945e+00,-5.068794250488281250e+00,1.600000000000000000e+01,1.000000000000000000e+00
-9.346958398818969727e-01,-5.948905944824218750e+00,1.600000000000000000e+01,1.000000000000000000e+00
-1.725748181343078613e+00,-5.664273262023925781e+00,1.600000000000000000e+01,1.000000000000000000e+00
8.413593769073486328e-01,-5.325510978698730469e+00,1.600000000000000000e+01,1.000000000000000000e+00
1.353254199028015137e+00,-5.106756687164306641e+00,1.600000000000000000e+01,1.000000000000000000e+00
1.147527813911437988e+00,-5.209594726562500000e+00,1.600000000000000000e+01,1.000000000000000000e+00
1.874209046363830566e+00,-4.953304290771484375e+00,1.600000000000000000e+01,1.000000000000000000e+00
1.630712151527404785e+00,-5.023485660552978516e+00,1.600000000000000000e+01,1.000000000000000000e+00
1.901986360549926758e+00,-4.956172943115234375e+00,1.600000000000000000e+01,1.000000000000000000e+00
-3.246145844459533691e-01,-5.519764900207519531e+00,1.600000000000000000e+01,1.000000000000000000e+00
-9.571072459220886230e-01,-5.915548801422119141e+00,1.600000000000000000e+01,1.000000000000000000e+00
3.848247975111007690e-02,-5.475903987884521484e+00,1.600000000000000000e+01,1.000000000000000000e+00
-1.762451648712158203e+00,-5.683079719543457031e+00,1.600000000000000000e+01,1.000000000000000000e+00
-1.793857693672180176e+00,-5.575485229492187500e+00,1.600000000000000000e+01,1.000000000000000000e+00
-1.803097605705261230e+00,-5.592882633209228516e+00,1.600000000000000000e+01,1.000000000000000000e+00
-1.794878005981445312e+00,-5.595014095306396484e+00,1.600000000000000000e+01,1.000000000000000000e+00
9.257334470748901367e-02,-5.436440467834472656e+00,1.600000000000000000e+01,1.000000000000000000e+00
-8.970665335655212402e-01,-5.961349964141845703e+00,1.600000000000000000e+01,1.000000000000000000e+00
1.867434024810791016e+00,-4.947859287261962891e+00,1.600000000000000000e+01,1.000000000000000000e+00
-8.143669962882995605e-01,-5.534713745117187500e+00,1.600000000000000000e+01,1.000000000000000000e+00
5.939682722091674805e-01,-5.359233856201171875e+00,1.600000000000000000e+01,1.000000000000000000e+00
-1.719138383865356445e+00,-5.673043727874755859e+00,1.600000000000000000e+01,1.000000000000000000e+00
-1.744746923446655273e+00,-5.686670303344726562e+00,1.600000000000000000e+01,1.000000000000000000e+00
1.837289619445800781e+01,-4.497806072235107422e+00,1.300000000000000000e+01,1.000000000000000000e+00
1.814118385314941406e+01,-5.261151790618896484e+00,1.300000000000000000e+01,1.000000000000000000e+00
1.799471282958984375e+01,-5.449024677276611328e+00,1.300000000000000000e+01,1.000000000000000000e+00
1.811251640319824219e+01,-5.124514579772949219e+00,1.300000000000000000e+01,1.000000000000000000e+00
1.868835067749023438e+01,-4.697067737579345703e+00,1.300000000000000000e+01,1.000000000000000000e+00
1.799022865295410156e+01,-4.034543514251708984e+00,1.300000000000000000e+01,1.000000000000000000e+00
1.847050476074218750e+01,-4.890510559082031250e+00,1.300000000000000000e+01,1.000000000000000000e+00
1.791772270202636719e+01,-4.206777095794677734e+00,1.300000000000000000e+01,1.000000000000000000e+00
1.821455574035644531e+01,-4.003465652465820312e+00,1.300000000000000000e+01,1.000000000000000000e+00
1.835410881042480469e+01,-5.107975482940673828e+00,1.300000000000000000e+01,1.000000000000000000e+00
1.868808555603027344e+01,-4.914144039154052734e+00,1.300000000000000000e+01,1.000000000000000000e+00
1.791530990600585938e+01,-4.138813972473144531e+00,1.300000000000000000e+01,1.000000000000000000e+00
1.836748886108398438e+01,-4.168834209442138672e+00,1.300000000000000000e+01,1.000000000000000000e+00
1.824576377868652344e+01,-5.237345695495605469e+00,1.300000000000000000e+01,1.000000000000000000e+00
1.809710311889648438e+01,-5.118452072143554688e+00,1.300000000000000000e+01,1.000000000000000000e+00
1.768370437622070312e+01,-5.278396129608154297e+00,1.300000000000000000e+01,1.000000000000000000e+00
1.812497329711914062e+01,-4.613897323608398438e+00,1.300000000000000000e+01,1.000000000000000000e+00
1.843399810791015625e+01,-4.219569206237792969e+00,1.300000000000000000e+01,1.000000000000000000e+00
1.790939521789550781e+01,-4.129447937011718750e+00,1.300000000000000000e+01,1.000000000000000000e+00
1.852145957946777344e+01,-4.034990787506103516e+00,1.300000000000000000e+01,1.000000000000000000e+00
1.800124168395996094e+01,-5.161433219909667969e+00,1.300000000000000000e+01,1.000000000000000000e+00
1.841974639892578125e+01,-4.110101222991943359e+00,1.300000000000000000e+01,1.000000000000000000e+00
1.770819854736328125e+01,-5.163637161254882812e+00,1.300000000000000000e+01,1.000000000000000000e+00
1.823406982421875000e+01,-5.323003768920898438e+00,1.300000000000000000e+01,1.000000000000000000e+00
1.862192344665527344e+01,-4.654250144958496094e+00,1.300000000000000000e+01,1.000000000000000000e+00
1.797793960571289062e+01,-4.059165954589843750e+00,1.300000000000000000e+01,1.000000000000000000e+00
1.853017807006835938e+01,-4.698955059051513672e+00,1.300000000000000000e+01,1.000000000000000000e+00
1.869654846191406250e+01,-4.962735652923583984e+00,1.300000000000000000e+01,1.000000000000000000e+00
1.793343162536621094e+01,-4.102483749389648438e+00,1.300000000000000000e+01,1.000000000000000000e+00
1.783772850036621094e+01,-4.300342559814453125e+00,1.300000000000000000e+01,1.000000000000000000e+00
1.860685348510742188e+01,-4.911224365234375000e+00,1.300000000000000000e+01,1.000000000000000000e+00
1.800451278686523438e+01,-4.985650539398193359e+00,1.300000000000000000e+01,1.000000000000000000e+00
1.811019515991210938e+01,-4.119921684265136719e+00,1.300000000000000000e+01,1.000000000000000000e+00
1.852008819580078125e+01,-4.052891731262207031e+00,1.300000000000000000e+01,1.000000000000000000e+00
1.770302963256835938e+01,-5.118447303771972656e+00,1.300000000000000000e+01,1.000000000000000000e+00
1.786446189880371094e+01,-5.098723888397216797e+00,1.300000000000000000e+01,1.000000000000000000e+00
1.798136329650878906e+01,-4.201354026794433594e+00,1.300000000000000000e+01,1.000000000000000000e+00
1.792870521545410156e+01,-5.291857242584228516e+00,1.300000000000000000e+01,1.000000000000000000e+00
1.820817565917968750e+01,-4.873335838317871094e+00,1.300000000000000000e+01,1.000000000000000000e+00
1.765860176086425781e+01,-5.154313564300537109e+00,1.300000000000000000e+01,1.000000000000000000e+00
1.784881782531738281e+01,-5.387942790985107422e+00,1.300000000000000000e+01,1.000000000000000000e+00
1.856241798400878906e+01,-4.808625221252441406e+00,1.300000000000000000e+01,1.000000000000000000e+00
1.792709732055664062e+01,-5.201206207275390625e+00,1.300000000000000000e+01,1.000000000000000000e+00
1.788891601562500000e+01,-4.173666954040527344e+00,1.300000000000000000e+01,1.000000000000000000e+00
1.795857048034667969e+01,-5.401330947875976562e+00,1.300000000000000000e+01,1.000000000000000000e+00
1.867788314819335938e+01,-4.547535419464111328e+00,1.300000000000000000e+01,1.000000000000000000e+00
1.828251266479492188e+01,-5.240420818328857422e+00,1.300000000000000000e+01,1.000000000000000000e+00
1.800979423522949219e+01,-5.349651813507080078e+00,1.300000000000000000e+01,1.000000000000000000e+00
1.779132652282714844e+01,-5.283437252044677734e+00,1.300000000000000000e+01,1.000000000000000000e+00
1.804892921447753906e+01,-5.297443389892578125e+00,1.300000000000000000e+01,1.000000000000000000e+00
1.852226448059082031e+01,-4.186107158660888672e+00,1.300000000000000000e+01,1.000000000000000000e+00
1.819890785217285156e+01,-3.975584268569946289e+00,1.300000000000000000e+01,1.000000000000000000e+00
1.868901062011718750e+01,-4.887867927551269531e+00,1.300000000000000000e+01,1.000000000000000000e+00
1.801566886901855469e+01,-5.359084606170654297e+00,1.300000000000000000e+01,1.000000000000000000e+00
1.825602912902832031e+01,-5.016827106475830078e+00,1.300000000000000000e+01,1.000000000000000000e+00
1.809407806396484375e+01,-4.810944080352783203e+00,1.300000000000000000e+01,1.000000000000000000e+00
1.770304298400878906e+01,-5.162245273590087891e+00,1.300000000000000000e+01,1.000000000000000000e+00
1.785905647277832031e+01,-4.455851554870605469e+00,1.300000000000000000e+01,1.000000000000000000e+00
1.845285606384277344e+01,-4.404667377471923828e+00,1.300000000000000000e+01,1.000000000000000000e+00
1.816023063659667969e+01,-4.896513938903808594e+00,1.300000000000000000e+01,1.000000000000000000e+00
1.863751029968261719e+01,-4.649442195892333984e+00,1.300000000000000000e+01,1.000000000000000000e+00
1.869078445434570312e+01,-4.974557399749755859e+00,1.300000000000000000e+01,1.000000000000000000e+00
1.807938766479492188e+01,-4.785735130310058594e+00,1.300000000000000000e+01,1.000000000000000000e+00
1.869139289855957031e+01,-4.743071556091308594e+00,1.300000000000000000e+01,1.000000000000000000e+00
1.804318809509277344e+01,-4.824362277984619141e+00,1.300000000000000000e+01,1.000000000000000000e+00
1.845062065124511719e+01,-4.002940177917480469e+00,1.300000000000000000e+01,1.000000000000000000e+00
1.800367736816406250e+01,-5.365381240844726562e+00,1.300000000000000000e+01,1.000000000000000000e+00
1.794784355163574219e+01,-4.103212356567382812e+00,1.300000000000000000e+01,1.000000000000000000e+00
1.875744247436523438e+01,-4.683593273162841797e+00,1.300000000000000000e+01,1.000000000000000000e+00
1.805833816528320312e+01,-4.239675521850585938e+00,1.300000000000000000e+01,1.000000000000000000e+00
1.798694801330566406e+01,-4.256524562835693359e+00,1.300000000000000000e+01,1.000000000000000000e+00
1.829817771911621094e+01,-5.280100822448730469e+00,1.300000000000000000e+01,1.000000000000000000e+00
1.877365684509277344e+01,-4.673170566558837891e+00,1.300000000000000000e+01,1.000000000000000000e+00
1.843579483032226562e+01,-4.952437877655029297e+00,1.300000000000000000e+01,1.000000000000000000e+00
1.789358329772949219e+01,-4.152274131774902344e+00,1.300000000000000000e+01,1.000000000000000000e+00
1.854435539245605469e+01,-4.041448116302490234e+00,1.300000000000000000e+01,1.000000000000000000e+00
1.800516319274902344e+01,-4.041992664337158203e+00,1.300000000000000000e+01,1.000000000000000000e+00
1.836460113525390625e+01,-4.651344776153564453e+00,1.300000000000000000e+01,1.000000000000000000e+00
1.860525894165039062e+01,-4.585744857788085938e+00,1.300000000000000000e+01,1.000000000000000000e+00
1.820508956909179688e+01,-5.345611572265625000e+00,1.300000000000000000e+01,1.000000000000000000e+00
1.806771278381347656e+01,-4.805084705352783203e+00,1.300000000000000000e+01,1.000000000000000000e+00
1.764794349670410156e+01,-5.283858299255371094e+00,1.300000000000000000e+01,1.000000000000000000e+00
1.851592254638671875e+01,-4.592468738555908203e+00,1.300000000000000000e+01,1.000000000000000000e+00
1.799888420104980469e+01,-5.352008342742919922e+00,1.300000000000000000e+01,1.000000000000000000e+00
1.851106262207031250e+01,-4.360174655914306641e+00,1.300000000000000000e+01,1.000000000000000000e+00
1.848072814941406250e+01,-4.580852985382080078e+00,1.300000000000000000e+01,1.000000000000000000e+00
1.802534484863281250e+01,-5.459619045257568359e+00,1.300000000000000000e+01,1.000000000000000000e+00
1.803386116027832031e+01,-5.244318485260009766e+00,1.300000000000000000e+01,1.000000000000000000e+00
1.826077842712402344e+01,-5.143647670745849609e+00,1.300000000000000000e+01,1.000000000000000000e+00
1.876695823669433594e+01,-4.709574699401855469e+00,1.300000000000000000e+01,1.000000000000000000e+00
1.854841041564941406e+01,-4.756580352783203125e+00,1.300000000000000000e+01,1.000000000000000000e+00
1.788246345520019531e+01,-5.280512809753417969e+00,1.300000000000000000e+01,1.000000000000000000e+00
1.806676292419433594e+01,-4.387824058532714844e+00,1.300000000000000000e+01,1.000000000000000000e+00
1.784610176086425781e+01,-5.351865768432617188e+00,1.300000000000000000e+01,1.000000000000000000e+00
1.771269035339355469e+01,-5.225420951843261719e+00,1.300000000000000000e+01,1.000000000000000000e+00
1.845522308349609375e+01,-4.152575492858886719e+00,1.300000000000000000e+01,1.000000000000000000e+00
1.780072593688964844e+01,-4.890582084655761719e+00,1.300000000000000000e+01,1.000000000000000000e+00
1.855804252624511719e+01,-4.848218917846679688e+00,1.300000000000000000e+01,1.000000000000000000e+00
1.814077949523925781e+01,-4.067049503326416016e+00,1.300000000000000000e+01,1.000000000000000000e+00
1.860619163513183594e+01,-4.833645343780517578e+00,1.300000000000000000e+01,1.000000000000000000e+00
1.808156776428222656e+01,-4.855110168457031250e+00,1.300000000000000000e+01,1.000000000000000000e+00
1.841467285156250000e+01,-5.006959915161132812e+00,1.300000000000000000e+01,1.000000000000000000e+00
1.772647285461425781e+01,-5.190283298492431641e+00,1.300000000000000000e+01,1.000000000000000000e+00
1.859004020690917969e+01,-4.262698173522949219e+00,1.300000000000000000e+01,1.000000000000000000e+00
1.817349433898925781e+01,-4.073594093322753906e+00,1.300000000000000000e+01,1.000000000000000000e+00
1.791351318359375000e+01,-4.136605739593505859e+00,1.300000000000000000e+01,1.000000000000000000e+00
1.807487678527832031e+01,-4.073522567749023438e+00,1.300000000000000000e+01,1.000000000000000000e+00
1.770612716674804688e+01,-5.109293937683105469e+00,1.300000000000000000e+01,1.000000000000000000e+00
1.804261207580566406e+01,-5.358012199401855469e+00,1.300000000000000000e+01,1.000000000000000000e+00
1.848885154724121094e+01,-4.066421985626220703e+00,1.300000000000000000e+01,1.000000000000000000e+00
1.783687019348144531e+01,-4.251281261444091797e+00,1.300000000000000000e+01,1.000000000000000000e+00
1.769830703735351562e+01,-5.224391937255859375e+00,1.300000000000000000e+01,1.000000000000000000e+00
1.853173828125000000e+01,-4.715243339538574219e+00,1.300000000000000000e+01,1.000000000000000000e+00
1.802469062805175781e+01,-5.368223667144775391e+00,1.300000000000000000e+01,1.000000000000000000e+00
1.854677772521972656e+01,-4.289887428283691406e+00,1.300000000000000000e+01,1.000000000000000000e+00
1.858375740051269531e+01,-4.162173748016357422e+00,1.300000000000000000e+01,1.000000000000000000e+00
1.794940376281738281e+01,-5.426267623901367188e+00,1.300000000000000000e+01,1.000000000000000000e+00
1.834454536437988281e+01,-5.089373588562011719e+00,1.300000000000000000e+01,1.000000000000000000e+00
1.853369140625000000e+01,-4.119043350219726562e+00,1.300000000000000000e+01,1.000000000000000000e+00
1.809826278686523438e+01,-4.829561233520507812e+00,1.300000000000000000e+01,1.000000000000000000e+00
1.762529373168945312e+01,-5.127131462097167969e+00,1.300000000000000000e+01,1.000000000000000000e+00
1.844786262512207031e+01,-4.394927978515625000e+00,1.300000000000000000e+01,1.000000000000000000e+00
1.768593406677246094e+01,-5.136961460113525391e+00,1.300000000000000000e+01,1.000000000000000000e+00
1.863437461853027344e+01,-4.457760810852050781e+00,1.300000000000000000e+01,1.000000000000000000e+00
1.868787384033203125e+01,-4.946872234344482422e+00,1.300000000000000000e+01,1.000000000000000000e+00
1.813129615783691406e+01,-5.110034465789794922e+00,1.300000000000000000e+01,1.000000000000000000e+00
1.798685073852539062e+01,-5.281394958496093750e+00,1.300000000000000000e+01,1.000000000000000000e+00
1.804283905029296875e+01,-4.048611640930175781e+00,1.300000000000000000e+01,1.000000000000000000e+00
1.777875709533691406e+01,-5.291304111480712891e+00,1.300000000000000000e+01,1.000000000000000000e+00
1.856188392639160156e+01,-4.102448940277099609e+00,1.300000000000000000e+01,1.000000000000000000e+00
1.848079681396484375e+01,-4.016921520233154297e+00,1.300000000000000000e+01,1.000000000000000000e+00
1.781303024291992188e+01,-5.383455276489257812e+00,1.300000000000000000e+01,1.000000000000000000e+00
1.857128715515136719e+01,-4.264918327331542969e+00,1.300000000000000000e+01,1.000000000000000000e+00
1.870339584350585938e+01,-4.933770656585693359e+00,1.300000000000000000e+01,1.000000000000000000e+00
1.782301330566406250e+01,-5.062450885772705078e+00,1.300000000000000000e+01,1.000000000000000000e+00
1.870638084411621094e+01,-4.950928211212158203e+00,1.300000000000000000e+01,1.000000000000000000e+00
1.840443801879882812e+01,-5.121119499206542969e+00,1.300000000000000000e+01,1.000000000000000000e+00
1.815079689025878906e+01,-3.969977140426635742e+00,1.300000000000000000e+01,1.000000000000000000e+00
1.828012657165527344e+01,-4.961619853973388672e+00,1.300000000000000000e+01,1.000000000000000000e+00
1.827957153320312500e+01,-4.465851783752441406e+00,1.300000000000000000e+01,1.000000000000000000e+00
1.831491088867187500e+01,-5.011408329010009766e+00,1.300000000000000000e+01,1.000000000000000000e+00
1.844510841369628906e+01,-4.672348499298095703e+00,1.300000000000000000e+01,1.000000000000000000e+00
1.875528144836425781e+01,-4.683041572570800781e+00,1.300000000000000000e+01,1.000000000000000000e+00
1.841467857360839844e+01,-4.589242935180664062e+00,1.300000000000000000e+01,1.000000000000000000e+00
1.797316551208496094e+01,-4.323146820068359375e+00,1.300000000000000000e+01,1.000000000000000000e+00
1.801516532897949219e+01,-5.434843540191650391e+00,1.300000000000000000e+01,1.000000000000000000e+00
1.870684623718261719e+01,-4.909969329833984375e+00,1.300000000000000000e+01,1.000000000000000000e+00
1.812989425659179688e+01,-3.976263523101806641e+00,1.300000000000000000e+01,1.000000000000000000e+00
1.852807998657226562e+01,-4.039759159088134766e+00,1.300000000000000000e+01,1.000000000000000000e+00
1.844292068481445312e+01,-4.589086532592773438e+00,1.300000000000000000e+01,1.000000000000000000e+00
1.767349243164062500e+01,-5.313383102416992188e+00,1.300000000000000000e+01,1.000000000000000000e+00
1.822468376159667969e+01,-3.989153623580932617e+00,1.300000000000000000e+01,1.000000000000000000e+00
1.796339416503906250e+01,-4.051278591156005859e+00,1.300000000000000000e+01,1.000000000000000000e+00
1.774505615234375000e+01,-5.172980785369873047e+00,1.300000000000000000e+01,1.000000000000000000e+00
1.798920249938964844e+01,-5.340359210968017578e+00,1.300000000000000000e+01,1.000000000000000000e+00
1.837132453918457031e+01,-5.103847980499267578e+00,1.300000000000000000e+01,1.000000000000000000e+00
1.822487258911132812e+01,-4.717071533203125000e+00,1.300000000000000000e+01,1.000000000000000000e+00
1.306048583984375000e+01,-2.980564832687377930e+00,9.000000000000000000e+00,1.000000000000000000e+00
1.813501930236816406e+01,-4.755142688751220703e+00,1.300000000000000000e+01,1.000000000000000000e+00
1.850541877746582031e+01,-4.070504188537597656e+00,1.300000000000000000e+01,1.000000000000000000e+00
1.766823577880859375e+01,-5.239019393920898438e+00,1.300000000000000000e+01,1.000000000000000000e+00
1.797484779357910156e+01,-5.170380592346191406e+00,1.300000000000000000e+01,1.000000000000000000e+00
1.790260124206542969e+01,-5.338450908660888672e+00,1.300000000000000000e+01,1.000000000000000000e+00
1.803805541992187500e+01,-3.997018814086914062e+00,1.300000000000000000e+01,1.000000000000000000e+00
1.881161499023437500e+01,-4.498464584350585938e+00,9.000000000000000000e+00,1.000000000000000000e+00
1.836388206481933594e+01,-5.013705730438232422e+00,1.300000000000000000e+01,1.000000000000000000e+00
1.831710815429687500e+01,-5.244152069091796875e+00,1.300000000000000000e+01,1.000000000000000000e+00
1.851233291625976562e+01,-4.963156223297119141e+00,1.300000000000000000e+01,1.000000000000000000e+00
1.848628425598144531e+01,-4.894045829772949219e+00,1.300000000000000000e+01,1.000000000000000000e+00
1.809879684448242188e+01,-5.322596549987792969e+00,1.300000000000000000e+01,1.000000000000000000e+00
1.792145156860351562e+01,-5.376566886901855469e+00,1.300000000000000000e+01,1.000000000000000000e+00
1.874230194091796875e+01,-4.696084976196289062e+00,1.300000000000000000e+01,1.000000000000000000e+00
1.777543067932128906e+01,-5.096788406372070312e+00,1.300000000000000000e+01,1.000000000000000000e+00
1.842293930053710938e+01,-5.159153461456298828e+00,1.300000000000000000e+01,1.000000000000000000e+00
1.806579589843750000e+01,-4.414187431335449219e+00,1.300000000000000000e+01,1.000000000000000000e+00
1.881317520141601562e+01,-4.540260791778564453e+00,9.000000000000000000e+00,1.000000000000000000e+00
1.844922065734863281e+01,-4.678076744079589844e+00,1.300000000000000000e+01,1.000000000000000000e+00
1.833045578002929688e+01,-4.805429458618164062e+00,1.300000000000000000e+01,1.000000000000000000e+00
1.807631874084472656e+01,-4.741044521331787109e+00,1.300000000000000000e+01,1.000000000000000000e+00
1.764701652526855469e+01,-5.295517921447753906e+00,1.300000000000000000e+01,1.000000000000000000e+00
1.834846878051757812e+01,-5.217116832733154297e+00,1.300000000000000000e+01,1.000000000000000000e+00
1.762464714050292969e+01,-5.278645038604736328e+00,1.300000000000000000e+01,1.000000000000000000e+00
1.786675834655761719e+01,-5.341824054718017578e+00,1.300000000000000000e+01,1.000000000000000000e+00
1.778698158264160156e+01,-5.282389640808105469e+00,1.300000000000000000e+01,1.000000000000000000e+00
1.817593574523925781e+01,-5.373022079467773438e+00,1.300000000000000000e+01,1.000000000000000000e+00
1.795675277709960938e+01,-5.447822093963623047e+00,1.300000000000000000e+01,1.000000000000000000e+00
1.816101837158203125e+01,-3.995072841644287109e+00,1.300000000000000000e+01,1.000000000000000000e+00
1.810250663757324219e+01,-5.069664955139160156e+00,1.300000000000000000e+01,1.000000000000000000e+00
1.768712997436523438e+01,-5.132164478302001953e+00,1.300000000000000000e+01,1.000000000000000000e+00
1.785706138610839844e+01,-5.328938007354736328e+00,1.300000000000000000e+01,1.000000000000000000e+00
1.798850250244140625e+01,-5.267671585083007812e+00,1.300000000000000000e+01,1.000000000000000000e+00
1.823754882812500000e+01,-4.978345870971679688e+00,1.300000000000000000e+01,1.000000000000000000e+00
1.857649421691894531e+01,-4.046974658966064453e+00,1.300000000000000000e+01,1.000000000000000000e+00
1.808893013000488281e+01,-4.907319068908691406e+00,1.300000000000000000e+01,1.000000000000000000e+00
1.845866203308105469e+01,-4.791074275970458984e+00,1.300000000000000000e+01,1.000000000000000000e+00
1.781878089904785156e+01,-5.335766792297363281e+00,1.300000000000000000e+01,1.000000000000000000e+00
1.823877143859863281e+01,-3.980097293853759766e+00,1.300000000000000000e+01,1.000000000000000000e+00
1.810937690734863281e+01,-4.727287292480468750e+00,1.300000000000000000e+01,1.000000000000000000e+00
1.802859497070312500e+01,-4.351426601409912109e+00,1.300000000000000000e+01,1.000000000000000000e+00
5.325327873229980469e+00,3.736603260040283203e+00,9.000000000000000000e+00,1.000000000000000000e+00
1.843506813049316406e+01,-4.055184841156005859e+00,1.300000000000000000e+01,1.000000000000000000e+00
1.854801368713378906e+01,-4.044333457946777344e+00,1.300000000000000000e+01,1.000000000000000000e+00
1.800063133239746094e+01,-4.294888496398925781e+00,1.300000000000000000e+01,1.000000000000000000e+00
1.863101577758789062e+01,-4.713839530944824219e+00,1.300000000000000000e+01,1.000000000000000000e+00
1.836993789672851562e+01,-4.825148105621337891e+00,1.300000000000000000e+01,1.000000000000000000e+00
1.767424201965332031e+01,-5.270837783813476562e+00,1.300000000000000000e+01,1.000000000000000000e+00
1.814514732360839844e+01,-3.984929561614990234e+00,1.300000000000000000e+01,1.000000000000000000e+00
1.848605918884277344e+01,-4.990663528442382812e+00,1.300000000000000000e+01,1.000000000000000000e+00
1.813881111145019531e+01,-3.990009307861328125e+00,1.300000000000000000e+01,1.000000000000000000e+00
1.860663795471191406e+01,-4.114228725433349609e+00,1.300000000000000000e+01,1.000000000000000000e+00
