dim1,dim2,operational_label,is_current_round
1.515522861480712891e+01,2.753866434097290039e+00,0.000000000000000000e+00,0.000000000000000000e+00
1.528462982177734375e+01,2.620821952819824219e+00,0.000000000000000000e+00,0.000000000000000000e+00
1.559233474731445312e+01,2.323103904724121094e+00,0.000000000000000000e+00,0.000000000000000000e+00
1.566076183319091797e+01,2.255893230438232422e+00,0.000000000000000000e+00,0.000000000000000000e+00
1.524604701995849609e+01,2.658776760101318359e+00,0.000000000000000000e+00,0.000000000000000000e+00
1.563814926147460938e+01,2.278976202011108398e+00,0.000000000000000000e+00,0.000000000000000000e+00
1.526195430755615234e+01,2.646426916122436523e+00,0.000000000000000000e+00,0.000000000000000000e+00
1.560060405731201172e+01,2.315356016159057617e+00,0.000000000000000000e+00,0.000000000000000000e+00
1.521579456329345703e+01,2.691138982772827148e+00,0.000000000000000000e+00,0.000000000000000000e+00
1.530338668823242188e+01,2.596684694290161133e+00,0.000000000000000000e+00,0.000000000000000000e+00
1.525592899322509766e+01,2.647189617156982422e+00,0.000000000000000000e+00,0.000000000000000000e+00
1.524384403228759766e+01,2.663725614547729492e+00,0.000000000000000000e+00,0.000000000000000000e+00
1.520181083679199219e+01,2.707058429718017578e+00,0.000000000000000000e+00,0.000000000000000000e+00
1.509672641754150391e+01,2.810441732406616211e+00,0.000000000000000000e+00,0.000000000000000000e+00
1.563658332824707031e+01,2.280045509338378906e+00,0.000000000000000000e+00,0.000000000000000000e+00
1.540845966339111328e+01,2.500492095947265625e+00,0.000000000000000000e+00,0.000000000000000000e+00
1.556994533538818359e+01,2.344715356826782227e+00,0.000000000000000000e+00,0.000000000000000000e+00
1.550972557067871094e+01,2.402343034744262695e+00,0.000000000000000000e+00,0.000000000000000000e+00
1.560025405883789062e+01,2.316371440887451172e+00,0.000000000000000000e+00,0.000000000000000000e+00
1.512361431121826172e+01,2.783301830291748047e+00,0.000000000000000000e+00,0.000000000000000000e+00
1.553022193908691406e+01,2.384109973907470703e+00,0.000000000000000000e+00,0.000000000000000000e+00
1.517756080627441406e+01,2.729010820388793945e+00,0.000000000000000000e+00,0.000000000000000000e+00
1.543288516998291016e+01,2.478336811065673828e+00,0.000000000000000000e+00,0.000000000000000000e+00
1.506978893280029297e+01,2.838244915008544922e+00,0.000000000000000000e+00,0.000000000000000000e+00
1.514311599731445312e+01,2.763860225677490234e+00,0.000000000000000000e+00,0.000000000000000000e+00
1.565623092651367188e+01,2.262627601623535156e+00,0.000000000000000000e+00,0.000000000000000000e+00
1.529738903045654297e+01,2.611151933670043945e+00,0.000000000000000000e+00,0.000000000000000000e+00
1.521063995361328125e+01,2.696471691131591797e+00,0.000000000000000000e+00,0.000000000000000000e+00
1.547441101074218750e+01,2.437359094619750977e+00,0.000000000000000000e+00,0.000000000000000000e+00
1.539589118957519531e+01,2.514769077301025391e+00,0.000000000000000000e+00,0.000000000000000000e+00
1.557036495208740234e+01,2.344660520553588867e+00,0.000000000000000000e+00,0.000000000000000000e+00
1.525235366821289062e+01,2.654394865036010742e+00,0.000000000000000000e+00,0.000000000000000000e+00
1.563365459442138672e+01,2.282241582870483398e+00,0.000000000000000000e+00,0.000000000000000000e+00
1.527122306823730469e+01,2.632477283477783203e+00,0.000000000000000000e+00,0.000000000000000000e+00
1.512943172454833984e+01,2.777706146240234375e+00,0.000000000000000000e+00,0.000000000000000000e+00
1.935941314697265625e+01,-1.589994812011718750e+01,1.000000000000000000e+00,0.000000000000000000e+00
1.944231414794921875e+01,-1.597964096069335938e+01,1.000000000000000000e+00,0.000000000000000000e+00
1.968224716186523438e+01,-1.616208839416503906e+01,1.000000000000000000e+00,0.000000000000000000e+00
1.952258300781250000e+01,-1.628706550598144531e+01,1.000000000000000000e+00,0.000000000000000000e+00
1.955612945556640625e+01,-1.606673622131347656e+01,1.000000000000000000e+00,0.000000000000000000e+00
1.944979667663574219e+01,-1.593616390228271484e+01,1.000000000000000000e+00,0.000000000000000000e+00
1.951915931701660156e+01,-1.622601699829101562e+01,1.000000000000000000e+00,0.000000000000000000e+00
1.953796386718750000e+01,-1.617294692993164062e+01,1.000000000000000000e+00,0.000000000000000000e+00
1.943909072875976562e+01,-1.594787025451660156e+01,1.000000000000000000e+00,0.000000000000000000e+00
1.963417816162109375e+01,-1.630349922180175781e+01,1.000000000000000000e+00,0.000000000000000000e+00
1.948778724670410156e+01,-1.629649162292480469e+01,1.000000000000000000e+00,0.000000000000000000e+00
1.965203094482421875e+01,-1.617879676818847656e+01,1.000000000000000000e+00,0.000000000000000000e+00
1.965547752380371094e+01,-1.618475723266601562e+01,1.000000000000000000e+00,0.000000000000000000e+00
1.931476593017578125e+01,-1.585237216949462891e+01,1.000000000000000000e+00,0.000000000000000000e+00
1.969873237609863281e+01,-1.604268455505371094e+01,1.000000000000000000e+00,0.000000000000000000e+00
1.955526924133300781e+01,-1.617127609252929688e+01,1.000000000000000000e+00,0.000000000000000000e+00
1.939330101013183594e+01,-1.592399787902832031e+01,1.000000000000000000e+00,0.000000000000000000e+00
1.947006797790527344e+01,-1.620712089538574219e+01,1.000000000000000000e+00,0.000000000000000000e+00
1.958225440979003906e+01,-1.606607818603515625e+01,1.000000000000000000e+00,0.000000000000000000e+00
1.930605125427246094e+01,-1.585056591033935547e+01,1.000000000000000000e+00,0.000000000000000000e+00
1.964758110046386719e+01,-1.614107704162597656e+01,1.000000000000000000e+00,0.000000000000000000e+00
1.960659027099609375e+01,-1.628456115722656250e+01,1.000000000000000000e+00,0.000000000000000000e+00
1.966188430786132812e+01,-1.619121551513671875e+01,1.000000000000000000e+00,0.000000000000000000e+00
1.946370506286621094e+01,-1.619774627685546875e+01,1.000000000000000000e+00,0.000000000000000000e+00
1.974308967590332031e+01,-1.622116661071777344e+01,1.000000000000000000e+00,0.000000000000000000e+00
1.968058776855468750e+01,-1.602658081054687500e+01,1.000000000000000000e+00,0.000000000000000000e+00
1.967140197753906250e+01,-1.620396614074707031e+01,1.000000000000000000e+00,0.000000000000000000e+00
1.948438072204589844e+01,-1.626580429077148438e+01,1.000000000000000000e+00,0.000000000000000000e+00
1.944573974609375000e+01,-1.598818969726562500e+01,1.000000000000000000e+00,0.000000000000000000e+00
1.929911994934082031e+01,-1.584667110443115234e+01,1.000000000000000000e+00,0.000000000000000000e+00
1.951079559326171875e+01,-1.636951255798339844e+01,1.000000000000000000e+00,0.000000000000000000e+00
1.930730819702148438e+01,-1.583781337738037109e+01,1.000000000000000000e+00,0.000000000000000000e+00
1.930447769165039062e+01,-1.584266281127929688e+01,1.000000000000000000e+00,0.000000000000000000e+00
1.952789115905761719e+01,-1.632611656188964844e+01,1.000000000000000000e+00,0.000000000000000000e+00
1.951580047607421875e+01,-1.637499237060546875e+01,1.000000000000000000e+00,0.000000000000000000e+00
4.939384460449218750e+00,1.577886009216308594e+01,2.000000000000000000e+00,0.000000000000000000e+00
4.741909503936767578e+00,1.545792675018310547e+01,2.000000000000000000e+00,0.000000000000000000e+00
4.903262615203857422e+00,1.568017578125000000e+01,2.000000000000000000e+00,0.000000000000000000e+00
4.641710758209228516e+00,1.645083045959472656e+01,2.000000000000000000e+00,0.000000000000000000e+00
4.894360065460205078e+00,1.586191654205322266e+01,2.000000000000000000e+00,0.000000000000000000e+00
5.835728645324707031e+00,1.598334693908691406e+01,2.000000000000000000e+00,0.000000000000000000e+00
4.870704174041748047e+00,1.599250984191894531e+01,2.000000000000000000e+00,0.000000000000000000e+00
4.762502670288085938e+00,1.625308990478515625e+01,2.000000000000000000e+00,0.000000000000000000e+00
4.821657180786132812e+00,1.566764831542968750e+01,2.000000000000000000e+00,0.000000000000000000e+00
4.479157924652099609e+00,1.664145088195800781e+01,2.000000000000000000e+00,0.000000000000000000e+00
4.869517326354980469e+00,1.572161483764648438e+01,2.000000000000000000e+00,0.000000000000000000e+00
4.439252853393554688e+00,1.673709297180175781e+01,2.000000000000000000e+00,0.000000000000000000e+00
4.819339752197265625e+00,1.556055927276611328e+01,2.000000000000000000e+00,0.000000000000000000e+00
4.974490165710449219e+00,1.573950767517089844e+01,2.000000000000000000e+00,0.000000000000000000e+00
5.740127086639404297e+00,1.611148452758789062e+01,2.000000000000000000e+00,0.000000000000000000e+00
4.782619476318359375e+00,1.550832462310791016e+01,2.000000000000000000e+00,0.000000000000000000e+00
4.202359676361083984e+00,1.691531181335449219e+01,2.000000000000000000e+00,0.000000000000000000e+00
4.765635013580322266e+00,1.547469425201416016e+01,2.000000000000000000e+00,0.000000000000000000e+00
4.802846431732177734e+00,1.552415657043457031e+01,2.000000000000000000e+00,0.000000000000000000e+00
4.744997024536132812e+00,1.546024703979492188e+01,2.000000000000000000e+00,0.000000000000000000e+00
4.812033176422119141e+00,1.560140037536621094e+01,2.000000000000000000e+00,0.000000000000000000e+00
4.888250827789306641e+00,1.578387451171875000e+01,2.000000000000000000e+00,0.000000000000000000e+00
4.705625534057617188e+00,1.645120811462402344e+01,2.000000000000000000e+00,0.000000000000000000e+00
5.628142833709716797e+00,1.613484191894531250e+01,2.000000000000000000e+00,0.000000000000000000e+00
4.728240966796875000e+00,1.546541786193847656e+01,2.000000000000000000e+00,0.000000000000000000e+00
4.865984916687011719e+00,1.556433200836181641e+01,2.000000000000000000e+00,0.000000000000000000e+00
4.154486179351806641e+00,1.692994689941406250e+01,2.000000000000000000e+00,0.000000000000000000e+00
4.749015808105468750e+00,1.639644813537597656e+01,2.000000000000000000e+00,0.000000000000000000e+00
4.717228412628173828e+00,1.543756580352783203e+01,2.000000000000000000e+00,0.000000000000000000e+00
4.221248626708984375e+00,1.688778495788574219e+01,2.000000000000000000e+00,0.000000000000000000e+00
4.863981246948242188e+00,1.590828418731689453e+01,2.000000000000000000e+00,0.000000000000000000e+00
4.841895103454589844e+00,1.602077865600585938e+01,2.000000000000000000e+00,0.000000000000000000e+00
4.701529979705810547e+00,1.541468811035156250e+01,2.000000000000000000e+00,0.000000000000000000e+00
4.430972576141357422e+00,1.673443031311035156e+01,2.000000000000000000e+00,0.000000000000000000e+00
4.884724140167236328e+00,1.569225311279296875e+01,2.000000000000000000e+00,0.000000000000000000e+00
-1.013932228088378906e+01,-8.867865562438964844e+00,3.000000000000000000e+00,0.000000000000000000e+00
-1.017278099060058594e+01,-8.942363739013671875e+00,3.000000000000000000e+00,0.000000000000000000e+00
-1.039381313323974609e+01,-9.134325981140136719e+00,3.000000000000000000e+00,0.000000000000000000e+00
-1.011211490631103516e+01,-8.862820625305175781e+00,3.000000000000000000e+00,0.000000000000000000e+00
-1.001412296295166016e+01,-8.769573211669921875e+00,3.000000000000000000e+00,0.000000000000000000e+00
-1.002530002593994141e+01,-8.781205177307128906e+00,3.000000000000000000e+00,0.000000000000000000e+00
-1.012898063659667969e+01,-8.876035690307617188e+00,3.000000000000000000e+00,0.000000000000000000e+00
-1.035825443267822266e+01,-9.095747947692871094e+00,3.000000000000000000e+00,0.000000000000000000e+00
7.615273475646972656e+00,4.492078304290771484e+00,3.000000000000000000e+00,0.000000000000000000e+00
-1.033208370208740234e+01,-9.069443702697753906e+00,3.000000000000000000e+00,0.000000000000000000e+00
-9.993164062500000000e+00,-8.765626907348632812e+00,3.000000000000000000e+00,0.000000000000000000e+00
-1.038496971130371094e+01,-9.124777793884277344e+00,3.000000000000000000e+00,0.000000000000000000e+00
-1.028085708618164062e+01,-9.022935867309570312e+00,3.000000000000000000e+00,0.000000000000000000e+00
-1.039383697509765625e+01,-9.132513999938964844e+00,3.000000000000000000e+00,0.000000000000000000e+00
-1.039299297332763672e+01,-9.128179550170898438e+00,3.000000000000000000e+00,0.000000000000000000e+00
-1.043469238281250000e+01,-9.171162605285644531e+00,3.000000000000000000e+00,0.000000000000000000e+00
-1.004902267456054688e+01,-8.804224014282226562e+00,3.000000000000000000e+00,0.000000000000000000e+00
-9.997496604919433594e+00,-8.755776405334472656e+00,3.000000000000000000e+00,0.000000000000000000e+00
-1.043745994567871094e+01,-9.151610374450683594e+00,3.000000000000000000e+00,0.000000000000000000e+00
-1.003052043914794922e+01,-8.786852836608886719e+00,3.000000000000000000e+00,0.000000000000000000e+00
-1.011956501007080078e+01,-8.866340637207031250e+00,3.000000000000000000e+00,0.000000000000000000e+00
-1.036570262908935547e+01,-9.102549552917480469e+00,3.000000000000000000e+00,0.000000000000000000e+00
-1.016853618621826172e+01,-8.923494338989257812e+00,3.000000000000000000e+00,0.000000000000000000e+00
-1.026832580566406250e+01,-9.017517089843750000e+00,3.000000000000000000e+00,0.000000000000000000e+00
-1.007105255126953125e+01,-8.826041221618652344e+00,3.000000000000000000e+00,0.000000000000000000e+00
-1.001343917846679688e+01,-8.771826744079589844e+00,3.000000000000000000e+00,0.000000000000000000e+00
-1.008408260345458984e+01,-8.841294288635253906e+00,3.000000000000000000e+00,0.000000000000000000e+00
-1.014496612548828125e+01,-8.894614219665527344e+00,3.000000000000000000e+00,0.000000000000000000e+00
-1.041038703918457031e+01,-9.123027801513671875e+00,3.000000000000000000e+00,0.000000000000000000e+00
-9.970498085021972656e+00,-8.725448608398437500e+00,3.000000000000000000e+00,0.000000000000000000e+00
-1.043891334533691406e+01,-9.176877021789550781e+00,3.000000000000000000e+00,0.000000000000000000e+00
-1.033452796936035156e+01,-9.073071479797363281e+00,3.000000000000000000e+00,0.000000000000000000e+00
-1.037190437316894531e+01,-9.108613967895507812e+00,3.000000000000000000e+00,0.000000000000000000e+00
-9.983534812927246094e+00,-8.738104820251464844e+00,3.000000000000000000e+00,0.000000000000000000e+00
-9.986051559448242188e+00,-8.739653587341308594e+00,3.000000000000000000e+00,0.000000000000000000e+00
6.273242950439453125e+00,1.917443847656250000e+01,4.000000000000000000e+00,0.000000000000000000e+00
6.351465702056884766e+00,1.922204780578613281e+01,4.000000000000000000e+00,0.000000000000000000e+00
6.535145282745361328e+00,1.940251159667968750e+01,4.000000000000000000e+00,0.000000000000000000e+00
6.214399814605712891e+00,1.911346817016601562e+01,4.000000000000000000e+00,0.000000000000000000e+00
6.101914882659912109e+00,1.900345230102539062e+01,4.000000000000000000e+00,0.000000000000000000e+00
6.151251792907714844e+00,1.905238151550292969e+01,4.000000000000000000e+00,0.000000000000000000e+00
6.181959629058837891e+00,1.908085441589355469e+01,4.000000000000000000e+00,0.000000000000000000e+00
6.398044109344482422e+00,1.928904342651367188e+01,4.000000000000000000e+00,0.000000000000000000e+00
6.213500022888183594e+00,1.911672973632812500e+01,4.000000000000000000e+00,0.000000000000000000e+00
6.143997669219970703e+00,1.904513549804687500e+01,4.000000000000000000e+00,0.000000000000000000e+00
6.106388568878173828e+00,1.900809288024902344e+01,4.000000000000000000e+00,0.000000000000000000e+00
6.364565849304199219e+00,1.925799369812011719e+01,4.000000000000000000e+00,0.000000000000000000e+00
6.277834892272949219e+00,1.916753959655761719e+01,4.000000000000000000e+00,0.000000000000000000e+00
6.372368812561035156e+00,1.926726150512695312e+01,4.000000000000000000e+00,0.000000000000000000e+00
6.221628189086914062e+00,1.912148094177246094e+01,4.000000000000000000e+00,0.000000000000000000e+00
6.130645751953125000e+00,1.903069305419921875e+01,4.000000000000000000e+00,0.000000000000000000e+00
6.384674549102783203e+00,1.927039146423339844e+01,4.000000000000000000e+00,0.000000000000000000e+00
6.317632675170898438e+00,1.921316719055175781e+01,4.000000000000000000e+00,0.000000000000000000e+00
6.141204357147216797e+00,1.903861618041992188e+01,4.000000000000000000e+00,0.000000000000000000e+00
6.206592559814453125e+00,1.910571670532226562e+01,4.000000000000000000e+00,0.000000000000000000e+00
6.268565654754638672e+00,1.916782951354980469e+01,4.000000000000000000e+00,0.000000000000000000e+00
6.084029197692871094e+00,1.898446083068847656e+01,4.000000000000000000e+00,0.000000000000000000e+00
6.527836799621582031e+00,1.939645767211914062e+01,4.000000000000000000e+00,0.000000000000000000e+00
6.240233421325683594e+00,1.914231491088867188e+01,4.000000000000000000e+00,0.000000000000000000e+00
6.256482124328613281e+00,1.915550994873046875e+01,4.000000000000000000e+00,0.000000000000000000e+00
6.567367553710937500e+00,1.943579483032226562e+01,4.000000000000000000e+00,0.000000000000000000e+00
6.450556755065917969e+00,1.933841896057128906e+01,4.000000000000000000e+00,0.000000000000000000e+00
6.194358825683593750e+00,1.909420967102050781e+01,4.000000000000000000e+00,0.000000000000000000e+00
6.092533588409423828e+00,1.900634956359863281e+01,4.000000000000000000e+00,0.000000000000000000e+00
6.359210968017578125e+00,1.925904655456542969e+01,4.000000000000000000e+00,0.000000000000000000e+00
6.561240196228027344e+00,1.942862510681152344e+01,4.000000000000000000e+00,0.000000000000000000e+00
6.125544548034667969e+00,1.902634429931640625e+01,4.000000000000000000e+00,0.000000000000000000e+00
6.443740367889404297e+00,1.932613372802734375e+01,4.000000000000000000e+00,0.000000000000000000e+00
6.323738098144531250e+00,1.923935699462890625e+01,4.000000000000000000e+00,0.000000000000000000e+00
6.479946136474609375e+00,1.936812973022460938e+01,4.000000000000000000e+00,0.000000000000000000e+00
1.577842712402343750e+01,1.332241535186767578e+01,5.000000000000000000e+00,0.000000000000000000e+00
1.607474708557128906e+01,1.300277805328369141e+01,5.000000000000000000e+00,0.000000000000000000e+00
1.585091304779052734e+01,1.320085334777832031e+01,5.000000000000000000e+00,0.000000000000000000e+00
1.620803070068359375e+01,1.285853576660156250e+01,5.000000000000000000e+00,0.000000000000000000e+00
1.586526584625244141e+01,1.321384048461914062e+01,5.000000000000000000e+00,0.000000000000000000e+00
1.578331184387207031e+01,1.331562614440917969e+01,5.000000000000000000e+00,0.000000000000000000e+00
1.597216415405273438e+01,1.309522914886474609e+01,5.000000000000000000e+00,0.000000000000000000e+00
1.584415626525878906e+01,1.326473999023437500e+01,5.000000000000000000e+00,0.000000000000000000e+00
1.601092910766601562e+01,1.306601047515869141e+01,5.000000000000000000e+00,0.000000000000000000e+00
1.616465377807617188e+01,1.290488719940185547e+01,5.000000000000000000e+00,0.000000000000000000e+00
1.566379547119140625e+01,1.343716526031494141e+01,5.000000000000000000e+00,0.000000000000000000e+00
1.594954395294189453e+01,1.313037204742431641e+01,5.000000000000000000e+00,0.000000000000000000e+00
1.585963249206542969e+01,1.323600387573242188e+01,5.000000000000000000e+00,0.000000000000000000e+00
1.577105617523193359e+01,1.333955860137939453e+01,5.000000000000000000e+00,0.000000000000000000e+00
1.606703186035156250e+01,1.300792789459228516e+01,5.000000000000000000e+00,0.000000000000000000e+00
1.568286323547363281e+01,1.341875934600830078e+01,5.000000000000000000e+00,0.000000000000000000e+00
1.570297145843505859e+01,1.340201568603515625e+01,5.000000000000000000e+00,0.000000000000000000e+00
1.576837253570556641e+01,1.333325195312500000e+01,5.000000000000000000e+00,0.000000000000000000e+00
1.579215717315673828e+01,1.330892562866210938e+01,5.000000000000000000e+00,0.000000000000000000e+00
1.571398639678955078e+01,1.339617061614990234e+01,5.000000000000000000e+00,0.000000000000000000e+00
1.596445465087890625e+01,1.311424255371093750e+01,5.000000000000000000e+00,0.000000000000000000e+00
1.616230201721191406e+01,1.290642642974853516e+01,5.000000000000000000e+00,0.000000000000000000e+00
1.620446968078613281e+01,1.286160182952880859e+01,5.000000000000000000e+00,0.000000000000000000e+00
1.593555164337158203e+01,1.314793014526367188e+01,5.000000000000000000e+00,0.000000000000000000e+00
1.581686115264892578e+01,1.327723693847656250e+01,5.000000000000000000e+00,0.000000000000000000e+00
1.576292896270751953e+01,1.334595108032226562e+01,5.000000000000000000e+00,0.000000000000000000e+00
1.574183654785156250e+01,1.336494541168212891e+01,5.000000000000000000e+00,0.000000000000000000e+00
1.623072433471679688e+01,1.283624172210693359e+01,5.000000000000000000e+00,0.000000000000000000e+00
1.593075847625732422e+01,1.315739345550537109e+01,5.000000000000000000e+00,0.000000000000000000e+00
1.567673110961914062e+01,1.342817783355712891e+01,5.000000000000000000e+00,0.000000000000000000e+00
1.577245998382568359e+01,1.333721542358398438e+01,5.000000000000000000e+00,0.000000000000000000e+00
1.578619861602783203e+01,1.331832599639892578e+01,5.000000000000000000e+00,0.000000000000000000e+00
1.623184394836425781e+01,1.283513355255126953e+01,5.000000000000000000e+00,0.000000000000000000e+00
1.605314254760742188e+01,1.302451419830322266e+01,5.000000000000000000e+00,0.000000000000000000e+00
1.579961967468261719e+01,1.331655979156494141e+01,5.000000000000000000e+00,0.000000000000000000e+00
5.387821197509765625e+00,3.267059326171875000e+00,6.000000000000000000e+00,0.000000000000000000e+00
5.426098346710205078e+00,3.303198099136352539e+00,6.000000000000000000e+00,0.000000000000000000e+00
5.518630981445312500e+00,3.385963439941406250e+00,6.000000000000000000e+00,0.000000000000000000e+00
3.985697984695434570e+00,1.710715889930725098e+00,6.000000000000000000e+00,0.000000000000000000e+00
5.404380321502685547e+00,3.283057212829589844e+00,6.000000000000000000e+00,0.000000000000000000e+00
3.032092094421386719e+00,1.811428546905517578e+00,6.000000000000000000e+00,0.000000000000000000e+00
3.932720899581909180e+00,1.785543918609619141e+00,6.000000000000000000e+00,0.000000000000000000e+00
3.373943090438842773e+00,1.569490194320678711e+00,6.000000000000000000e+00,0.000000000000000000e+00
5.387735366821289062e+00,3.265685319900512695e+00,6.000000000000000000e+00,0.000000000000000000e+00
5.449848175048828125e+00,3.323787927627563477e+00,6.000000000000000000e+00,0.000000000000000000e+00
3.981631278991699219e+00,1.676487565040588379e+00,6.000000000000000000e+00,0.000000000000000000e+00
3.991418838500976562e+00,1.718212842941284180e+00,6.000000000000000000e+00,0.000000000000000000e+00
3.945006847381591797e+00,1.740654468536376953e+00,6.000000000000000000e+00,0.000000000000000000e+00
4.131861209869384766e+00,1.336506485939025879e+00,6.000000000000000000e+00,0.000000000000000000e+00
5.354056835174560547e+00,3.232894897460937500e+00,6.000000000000000000e+00,0.000000000000000000e+00
5.501060009002685547e+00,3.365966796875000000e+00,6.000000000000000000e+00,0.000000000000000000e+00
4.027838706970214844e+00,1.794121265411376953e+00,6.000000000000000000e+00,0.000000000000000000e+00
4.076042175292968750e+00,1.784711837768554688e+00,6.000000000000000000e+00,0.000000000000000000e+00
5.371576309204101562e+00,3.248177766799926758e+00,6.000000000000000000e+00,0.000000000000000000e+00
3.673568725585937500e+00,8.389843106269836426e-01,6.000000000000000000e+00,0.000000000000000000e+00
4.031537055969238281e+00,1.633510828018188477e+00,6.000000000000000000e+00,0.000000000000000000e+00
5.377013683319091797e+00,3.257157564163208008e+00,6.000000000000000000e+00,0.000000000000000000e+00
5.700550556182861328e+00,3.497677326202392578e+00,6.000000000000000000e+00,0.000000000000000000e+00
5.419256210327148438e+00,3.293523311614990234e+00,6.000000000000000000e+00,0.000000000000000000e+00
5.371363639831542969e+00,3.248469829559326172e+00,6.000000000000000000e+00,0.000000000000000000e+00
3.926068782806396484e+00,1.679925680160522461e+00,6.000000000000000000e+00,0.000000000000000000e+00
5.455459117889404297e+00,3.330927610397338867e+00,6.000000000000000000e+00,0.000000000000000000e+00
3.915326595306396484e+00,1.770539760589599609e+00,6.000000000000000000e+00,0.000000000000000000e+00
5.367329120635986328e+00,3.247046232223510742e+00,6.000000000000000000e+00,0.000000000000000000e+00
5.536804199218750000e+00,3.382937908172607422e+00,6.000000000000000000e+00,0.000000000000000000e+00
3.911659002304077148e+00,1.945869684219360352e+00,6.000000000000000000e+00,0.000000000000000000e+00
5.446761608123779297e+00,3.318063735961914062e+00,6.000000000000000000e+00,0.000000000000000000e+00
5.259994029998779297e+00,3.139393806457519531e+00,6.000000000000000000e+00,0.000000000000000000e+00
4.012664318084716797e+00,1.687333941459655762e+00,6.000000000000000000e+00,0.000000000000000000e+00
5.567908763885498047e+00,3.421869516372680664e+00,6.000000000000000000e+00,0.000000000000000000e+00
1.918795776367187500e+01,-3.630846977233886719e+00,7.000000000000000000e+00,0.000000000000000000e+00
1.947121047973632812e+01,-3.349150419235229492e+00,7.000000000000000000e+00,0.000000000000000000e+00
1.920142936706542969e+01,-3.617562532424926758e+00,7.000000000000000000e+00,0.000000000000000000e+00
1.916325569152832031e+01,-3.655793190002441406e+00,7.000000000000000000e+00,0.000000000000000000e+00
1.949492835998535156e+01,-3.325277805328369141e+00,7.000000000000000000e+00,0.000000000000000000e+00
1.936577987670898438e+01,-3.453815937042236328e+00,7.000000000000000000e+00,0.000000000000000000e+00
1.916575813293457031e+01,-3.653187751770019531e+00,7.000000000000000000e+00,0.000000000000000000e+00
1.922955513000488281e+01,-3.589737653732299805e+00,7.000000000000000000e+00,0.000000000000000000e+00
1.921953201293945312e+01,-3.599636077880859375e+00,7.000000000000000000e+00,0.000000000000000000e+00
1.952776336669921875e+01,-3.292377233505249023e+00,7.000000000000000000e+00,0.000000000000000000e+00
1.946124267578125000e+01,-3.358584165573120117e+00,7.000000000000000000e+00,0.000000000000000000e+00
1.926947593688964844e+01,-3.549807310104370117e+00,7.000000000000000000e+00,0.000000000000000000e+00
1.943557929992675781e+01,-3.384219884872436523e+00,7.000000000000000000e+00,0.000000000000000000e+00
1.951269340515136719e+01,-3.307507991790771484e+00,7.000000000000000000e+00,0.000000000000000000e+00
1.950337982177734375e+01,-3.316908121109008789e+00,7.000000000000000000e+00,0.000000000000000000e+00
1.915571022033691406e+01,-3.664366245269775391e+00,7.000000000000000000e+00,0.000000000000000000e+00
1.919917869567871094e+01,-3.620139598846435547e+00,7.000000000000000000e+00,0.000000000000000000e+00
1.918833160400390625e+01,-3.630625724792480469e+00,7.000000000000000000e+00,0.000000000000000000e+00
1.926268959045410156e+01,-3.556670904159545898e+00,7.000000000000000000e+00,0.000000000000000000e+00
1.920440864562988281e+01,-3.614707469940185547e+00,7.000000000000000000e+00,0.000000000000000000e+00
1.928677177429199219e+01,-3.532706737518310547e+00,7.000000000000000000e+00,0.000000000000000000e+00
1.921332168579101562e+01,-3.606131076812744141e+00,7.000000000000000000e+00,0.000000000000000000e+00
1.932865524291992188e+01,-3.490790128707885742e+00,7.000000000000000000e+00,0.000000000000000000e+00
1.947430610656738281e+01,-3.346184253692626953e+00,7.000000000000000000e+00,0.000000000000000000e+00
1.932270622253417969e+01,-3.496707916259765625e+00,7.000000000000000000e+00,0.000000000000000000e+00
1.947200012207031250e+01,-3.348294496536254883e+00,7.000000000000000000e+00,0.000000000000000000e+00
1.937763214111328125e+01,-3.442347526550292969e+00,7.000000000000000000e+00,0.000000000000000000e+00
1.924386596679687500e+01,-3.575395822525024414e+00,7.000000000000000000e+00,0.000000000000000000e+00
1.913626289367675781e+01,-3.683028221130371094e+00,7.000000000000000000e+00,0.000000000000000000e+00
1.914918327331542969e+01,-3.669878005981445312e+00,7.000000000000000000e+00,0.000000000000000000e+00
1.951179885864257812e+01,-3.308691024780273438e+00,7.000000000000000000e+00,0.000000000000000000e+00
1.924717521667480469e+01,-3.572102546691894531e+00,7.000000000000000000e+00,0.000000000000000000e+00
1.953989028930664062e+01,-3.280850887298583984e+00,7.000000000000000000e+00,0.000000000000000000e+00
1.951759338378906250e+01,-3.302956819534301758e+00,7.000000000000000000e+00,0.000000000000000000e+00
1.957209014892578125e+01,-3.248504400253295898e+00,7.000000000000000000e+00,0.000000000000000000e+00
5.882066249847412109e+00,-1.262247204780578613e+00,8.000000000000000000e+00,0.000000000000000000e+00
5.745752334594726562e+00,-1.172777295112609863e+00,8.000000000000000000e+00,0.000000000000000000e+00
5.436912059783935547e+00,-9.815489649772644043e-01,8.000000000000000000e+00,0.000000000000000000e+00
5.223083972930908203e+00,-7.763730883598327637e-01,8.000000000000000000e+00,0.000000000000000000e+00
5.224424362182617188e+00,-7.805653810501098633e-01,8.000000000000000000e+00,0.000000000000000000e+00
5.908111572265625000e+00,-1.288084149360656738e+00,8.000000000000000000e+00,0.000000000000000000e+00
5.764203548431396484e+00,-1.218678116798400879e+00,8.000000000000000000e+00,0.000000000000000000e+00
5.516630649566650391e+00,-1.046233177185058594e+00,8.000000000000000000e+00,0.000000000000000000e+00
5.914810180664062500e+00,-1.180179953575134277e+00,8.000000000000000000e+00,0.000000000000000000e+00
5.904851436614990234e+00,-1.247909307479858398e+00,8.000000000000000000e+00,0.000000000000000000e+00
5.187629699707031250e+00,-7.361680269241333008e-01,8.000000000000000000e+00,0.000000000000000000e+00
5.853845119476318359e+00,-1.273531317710876465e+00,8.000000000000000000e+00,0.000000000000000000e+00
5.871148586273193359e+00,-1.264569401741027832e+00,8.000000000000000000e+00,0.000000000000000000e+00
5.571694374084472656e+00,-1.096746683120727539e+00,8.000000000000000000e+00,0.000000000000000000e+00
5.851723670959472656e+00,-1.200328707695007324e+00,8.000000000000000000e+00,0.000000000000000000e+00
5.451787948608398438e+00,-9.992222785949707031e-01,8.000000000000000000e+00,0.000000000000000000e+00
5.903509616851806641e+00,-1.168321967124938965e+00,8.000000000000000000e+00,0.000000000000000000e+00
5.922895431518554688e+00,-1.194595694541931152e+00,8.000000000000000000e+00,0.000000000000000000e+00
5.528717041015625000e+00,-1.022700309753417969e+00,8.000000000000000000e+00,0.000000000000000000e+00
5.836307525634765625e+00,-1.220734596252441406e+00,8.000000000000000000e+00,0.000000000000000000e+00
5.864136219024658203e+00,-1.222915410995483398e+00,8.000000000000000000e+00,0.000000000000000000e+00
5.538026332855224609e+00,-1.054449081420898438e+00,8.000000000000000000e+00,0.000000000000000000e+00
5.926067352294921875e+00,-1.209906458854675293e+00,8.000000000000000000e+00,0.000000000000000000e+00
5.136088371276855469e+00,-7.055689096450805664e-01,8.000000000000000000e+00,0.000000000000000000e+00
5.611950397491455078e+00,-1.090238809585571289e+00,8.000000000000000000e+00,0.000000000000000000e+00
5.256109237670898438e+00,-8.079461455345153809e-01,8.000000000000000000e+00,0.000000000000000000e+00
5.899030208587646484e+00,-1.211955547332763672e+00,8.000000000000000000e+00,0.000000000000000000e+00
5.888905048370361328e+00,-1.238160490989685059e+00,8.000000000000000000e+00,0.000000000000000000e+00
5.780197143554687500e+00,-1.255630373954772949e+00,8.000000000000000000e+00,0.000000000000000000e+00
5.241187095642089844e+00,-7.800375819206237793e-01,8.000000000000000000e+00,0.000000000000000000e+00
5.415225982666015625e+00,-9.467546343803405762e-01,8.000000000000000000e+00,0.000000000000000000e+00
5.455314159393310547e+00,-9.977643489837646484e-01,8.000000000000000000e+00,0.000000000000000000e+00
5.176343917846679688e+00,-7.481415271759033203e-01,8.000000000000000000e+00,0.000000000000000000e+00
5.939999103546142578e+00,-1.203471779823303223e+00,8.000000000000000000e+00,0.000000000000000000e+00
5.908142089843750000e+00,-1.120127797126770020e+00,8.000000000000000000e+00,0.000000000000000000e+00
-7.318531990051269531e+00,5.011401653289794922e+00,9.000000000000000000e+00,0.000000000000000000e+00
-7.579571247100830078e+00,5.233557224273681641e+00,9.000000000000000000e+00,0.000000000000000000e+00
-7.333032608032226562e+00,5.021872043609619141e+00,9.000000000000000000e+00,0.000000000000000000e+00
-7.626582622528076172e+00,5.260950088500976562e+00,9.000000000000000000e+00,0.000000000000000000e+00
-7.482897281646728516e+00,5.127436637878417969e+00,9.000000000000000000e+00,0.000000000000000000e+00
-7.363502502441406250e+00,5.052814483642578125e+00,9.000000000000000000e+00,0.000000000000000000e+00
-7.657101631164550781e+00,5.255904197692871094e+00,9.000000000000000000e+00,0.000000000000000000e+00
-7.517889022827148438e+00,5.146902084350585938e+00,9.000000000000000000e+00,0.000000000000000000e+00
-7.329173564910888672e+00,5.021275520324707031e+00,9.000000000000000000e+00,0.000000000000000000e+00
-7.443721294403076172e+00,5.096553325653076172e+00,9.000000000000000000e+00,0.000000000000000000e+00
-7.583648681640625000e+00,5.184019565582275391e+00,9.000000000000000000e+00,0.000000000000000000e+00
-7.769569873809814453e+00,5.374268531799316406e+00,9.000000000000000000e+00,0.000000000000000000e+00
-7.379133701324462891e+00,5.058128356933593750e+00,9.000000000000000000e+00,0.000000000000000000e+00
-7.769652843475341797e+00,5.374747276306152344e+00,9.000000000000000000e+00,0.000000000000000000e+00
-7.705105781555175781e+00,5.308820247650146484e+00,9.000000000000000000e+00,0.000000000000000000e+00
-7.817321300506591797e+00,5.414212226867675781e+00,9.000000000000000000e+00,0.000000000000000000e+00
2.357393455505371094e+01,9.315464973449707031e+00,9.000000000000000000e+00,0.000000000000000000e+00
-7.772916316986083984e+00,5.377185821533203125e+00,9.000000000000000000e+00,0.000000000000000000e+00
-7.693485736846923828e+00,5.280880928039550781e+00,9.000000000000000000e+00,0.000000000000000000e+00
-7.712802886962890625e+00,5.369947433471679688e+00,9.000000000000000000e+00,0.000000000000000000e+00
-7.687902927398681641e+00,5.286858081817626953e+00,9.000000000000000000e+00,0.000000000000000000e+00
-7.328944683074951172e+00,5.034044742584228516e+00,9.000000000000000000e+00,0.000000000000000000e+00
-7.795425415039062500e+00,5.363741874694824219e+00,9.000000000000000000e+00,0.000000000000000000e+00
-7.721873760223388672e+00,5.306354522705078125e+00,9.000000000000000000e+00,0.000000000000000000e+00
-7.282729148864746094e+00,4.969806194305419922e+00,9.000000000000000000e+00,0.000000000000000000e+00
-7.787784576416015625e+00,5.360095024108886719e+00,9.000000000000000000e+00,0.000000000000000000e+00
-7.740966320037841797e+00,5.348220825195312500e+00,9.000000000000000000e+00,0.000000000000000000e+00
2.353335189819335938e+01,9.274978637695312500e+00,9.000000000000000000e+00,0.000000000000000000e+00
-7.780766963958740234e+00,5.358576774597167969e+00,9.000000000000000000e+00,0.000000000000000000e+00
-7.738244533538818359e+00,5.330934524536132812e+00,9.000000000000000000e+00,0.000000000000000000e+00
-7.812461376190185547e+00,5.397606849670410156e+00,9.000000000000000000e+00,0.000000000000000000e+00
-7.443380355834960938e+00,5.107106685638427734e+00,9.000000000000000000e+00,0.000000000000000000e+00
-7.374907493591308594e+00,5.026612758636474609e+00,9.000000000000000000e+00,0.000000000000000000e+00
-7.309340953826904297e+00,5.006347179412841797e+00,9.000000000000000000e+00,0.000000000000000000e+00
-7.401944160461425781e+00,5.075023174285888672e+00,9.000000000000000000e+00,0.000000000000000000e+00
-7.133806228637695312e+00,-3.328472375869750977e+00,9.000000000000000000e+00,0.000000000000000000e+00
-7.317169189453125000e+00,-2.924446344375610352e+00,1.600000000000000000e+01,0.000000000000000000e+00
-7.233784198760986328e+00,-2.953502893447875977e+00,1.600000000000000000e+01,0.000000000000000000e+00
-7.164488792419433594e+00,-3.295213937759399414e+00,1.600000000000000000e+01,0.000000000000000000e+00
-7.210937023162841797e+00,-3.266630887985229492e+00,1.600000000000000000e+01,0.000000000000000000e+00
-7.056392669677734375e+00,-3.335681438446044922e+00,1.600000000000000000e+01,0.000000000000000000e+00
-7.212563514709472656e+00,-3.296481132507324219e+00,1.600000000000000000e+01,0.000000000000000000e+00
-7.284401893615722656e+00,-2.873451232910156250e+00,1.600000000000000000e+01,0.000000000000000000e+00
-7.034261703491210938e+00,-3.362334728240966797e+00,1.600000000000000000e+01,0.000000000000000000e+00
-7.310572147369384766e+00,-2.887149095535278320e+00,1.600000000000000000e+01,0.000000000000000000e+00
-7.013715744018554688e+00,-3.331235885620117188e+00,1.600000000000000000e+01,0.000000000000000000e+00
-7.156301975250244141e+00,-3.333082437515258789e+00,1.600000000000000000e+01,0.000000000000000000e+00
-7.178093433380126953e+00,-3.323282480239868164e+00,1.600000000000000000e+01,0.000000000000000000e+00
-6.948703289031982422e+00,-3.388782024383544922e+00,1.600000000000000000e+01,0.000000000000000000e+00
-7.230058193206787109e+00,-2.989008188247680664e+00,1.600000000000000000e+01,0.000000000000000000e+00
-7.370567798614501953e+00,-3.161947011947631836e+00,1.600000000000000000e+01,0.000000000000000000e+00
-7.397989749908447266e+00,-3.021351099014282227e+00,1.600000000000000000e+01,0.000000000000000000e+00
-7.202346324920654297e+00,-3.325264215469360352e+00,1.600000000000000000e+01,0.000000000000000000e+00
-7.198232650756835938e+00,-3.173591136932373047e+00,1.600000000000000000e+01,0.000000000000000000e+00
-7.253362178802490234e+00,-3.232430219650268555e+00,1.600000000000000000e+01,0.000000000000000000e+00
-7.155704975128173828e+00,-3.070323705673217773e+00,1.600000000000000000e+01,0.000000000000000000e+00
-6.984799861907958984e+00,-3.401880979537963867e+00,1.600000000000000000e+01,0.000000000000000000e+00
-7.436144828796386719e+00,-3.134248971939086914e+00,1.600000000000000000e+01,0.000000000000000000e+00
-7.203596115112304688e+00,-3.037176132202148438e+00,1.600000000000000000e+01,0.000000000000000000e+00
-6.997473716735839844e+00,-3.365374088287353516e+00,1.600000000000000000e+01,0.000000000000000000e+00
-7.307752132415771484e+00,-2.931793928146362305e+00,1.600000000000000000e+01,0.000000000000000000e+00
-7.170673847198486328e+00,-3.406140327453613281e+00,1.600000000000000000e+01,0.000000000000000000e+00
-1.469455718994140625e+00,-5.201630592346191406e+00,1.100000000000000000e+01,0.000000000000000000e+00
-7.286929607391357422e+00,-2.906418800354003906e+00,1.600000000000000000e+01,0.000000000000000000e+00
-7.398282051086425781e+00,-3.149899005889892578e+00,1.600000000000000000e+01,0.000000000000000000e+00
-7.266750812530517578e+00,-2.905911684036254883e+00,1.600000000000000000e+01,0.000000000000000000e+00
-7.149028301239013672e+00,-3.359273433685302734e+00,9.000000000000000000e+00,0.000000000000000000e+00
-7.195451736450195312e+00,-3.324979066848754883e+00,1.600000000000000000e+01,0.000000000000000000e+00
-7.406429290771484375e+00,-2.995981216430664062e+00,1.600000000000000000e+01,0.000000000000000000e+00
-7.263758659362792969e+00,-2.866341590881347656e+00,1.600000000000000000e+01,0.000000000000000000e+00
-2.722759246826171875e-01,-1.585278701782226562e+01,1.200000000000000000e+01,0.000000000000000000e+00
3.770097717642784119e-02,-1.641841125488281250e+01,1.200000000000000000e+01,0.000000000000000000e+00
-4.708659946918487549e-01,-1.629981613159179688e+01,1.200000000000000000e+01,0.000000000000000000e+00
-4.821857810020446777e-01,-1.623686218261718750e+01,1.200000000000000000e+01,0.000000000000000000e+00
-3.921494781970977783e-01,-1.633986854553222656e+01,1.200000000000000000e+01,0.000000000000000000e+00
-4.991198182106018066e-01,-1.629849815368652344e+01,1.200000000000000000e+01,0.000000000000000000e+00
-6.291600227355957031e+00,-4.034975051879882812e+00,9.000000000000000000e+00,0.000000000000000000e+00
-2.429610043764114380e-01,-1.634283447265625000e+01,1.200000000000000000e+01,0.000000000000000000e+00
-4.260210990905761719e-01,-1.631919097900390625e+01,1.200000000000000000e+01,0.000000000000000000e+00
2.196180915832519531e+01,-1.048233127593994141e+01,9.000000000000000000e+00,0.000000000000000000e+00
-2.699512541294097900e-01,-1.591099357604980469e+01,1.200000000000000000e+01,0.000000000000000000e+00
2.101967670023441315e-02,-1.561096096038818359e+01,1.200000000000000000e+01,0.000000000000000000e+00
8.425093650817871094e+00,-1.825010490417480469e+01,1.500000000000000000e+01,0.000000000000000000e+00
-1.688132435083389282e-01,-1.647199249267578125e+01,1.200000000000000000e+01,0.000000000000000000e+00
-4.874141216278076172e-01,-1.625978469848632812e+01,1.200000000000000000e+01,0.000000000000000000e+00
-5.212576985359191895e-01,-1.623137092590332031e+01,1.200000000000000000e+01,0.000000000000000000e+00
7.344166189432144165e-02,-1.637606430053710938e+01,1.200000000000000000e+01,0.000000000000000000e+00
1.320158392190933228e-01,-1.636845588684082031e+01,1.200000000000000000e+01,0.000000000000000000e+00
-4.904386103153228760e-01,-1.631659889221191406e+01,1.200000000000000000e+01,0.000000000000000000e+00
2.188444137573242188e+01,-1.051749515533447266e+01,9.000000000000000000e+00,0.000000000000000000e+00
-4.559012055397033691e-01,-1.632171249389648438e+01,1.200000000000000000e+01,0.000000000000000000e+00
-6.267089843750000000e+00,-4.056415557861328125e+00,9.000000000000000000e+00,0.000000000000000000e+00
-1.232196539640426636e-01,-1.646857261657714844e+01,1.200000000000000000e+01,0.000000000000000000e+00
-4.579545259475708008e-01,-1.626173210144042969e+01,1.200000000000000000e+01,0.000000000000000000e+00
-4.451179802417755127e-01,-1.626397323608398438e+01,1.200000000000000000e+01,0.000000000000000000e+00
8.609060287475585938e+00,-1.806100845336914062e+01,1.500000000000000000e+01,0.000000000000000000e+00
-6.263485431671142578e+00,-4.028096675872802734e+00,9.000000000000000000e+00,0.000000000000000000e+00
4.331127926707267761e-02,-1.634695243835449219e+01,1.200000000000000000e+01,0.000000000000000000e+00
1.623652267456054688e+01,1.282896423339843750e+01,9.000000000000000000e+00,0.000000000000000000e+00
-1.619100272655487061e-01,-1.648521423339843750e+01,1.200000000000000000e+01,0.000000000000000000e+00
-3.468427360057830811e-01,-1.621687316894531250e+01,1.200000000000000000e+01,0.000000000000000000e+00
-4.895999729633331299e-01,-1.628239631652832031e+01,1.200000000000000000e+01,0.000000000000000000e+00
-4.392013549804687500e-01,-1.625778388977050781e+01,1.200000000000000000e+01,0.000000000000000000e+00
-1.256968677043914795e-01,-1.649253463745117188e+01,1.200000000000000000e+01,0.000000000000000000e+00
-6.267413139343261719e+00,-4.049045562744140625e+00,9.000000000000000000e+00,0.000000000000000000e+00
-9.417568445205688477e-01,-5.039995193481445312e+00,1.100000000000000000e+01,0.000000000000000000e+00
-1.486143589019775391e+00,-5.225517749786376953e+00,1.100000000000000000e+01,0.000000000000000000e+00
-1.523495197296142578e+00,-5.210900783538818359e+00,1.100000000000000000e+01,0.000000000000000000e+00
-1.580383896827697754e+00,-5.315597057342529297e+00,1.100000000000000000e+01,0.000000000000000000e+00
-1.525561213493347168e+00,-5.245128631591796875e+00,1.100000000000000000e+01,0.000000000000000000e+00
-1.188943982124328613e+00,-5.085052967071533203e+00,1.100000000000000000e+01,0.000000000000000000e+00
-1.488695979118347168e+00,-5.226078033447265625e+00,1.100000000000000000e+01,0.000000000000000000e+00
-9.193570613861083984e-01,-4.947667598724365234e+00,1.100000000000000000e+01,0.000000000000000000e+00
-1.097251653671264648e+00,-5.059407234191894531e+00,1.100000000000000000e+01,0.000000000000000000e+00
-9.174682497978210449e-01,-4.951227664947509766e+00,1.100000000000000000e+01,0.000000000000000000e+00
-1.325752973556518555e+00,-5.146659374237060547e+00,1.100000000000000000e+01,0.000000000000000000e+00
-1.428956747055053711e+00,-5.210857868194580078e+00,1.100000000000000000e+01,0.000000000000000000e+00
-8.913495540618896484e-01,-4.926508426666259766e+00,1.100000000000000000e+01,0.000000000000000000e+00
-9.405266046524047852e-01,-4.975129127502441406e+00,1.100000000000000000e+01,0.000000000000000000e+00
-1.504497885704040527e+00,-5.231666564941406250e+00,1.100000000000000000e+01,0.000000000000000000e+00
-8.870803713798522949e-01,-4.912867546081542969e+00,1.100000000000000000e+01,0.000000000000000000e+00
-9.000706076622009277e-01,-4.931167602539062500e+00,1.100000000000000000e+01,0.000000000000000000e+00
-1.627261161804199219e+00,-5.345938682556152344e+00,1.100000000000000000e+01,0.000000000000000000e+00
-1.474191308021545410e+00,-5.209242820739746094e+00,1.100000000000000000e+01,0.000000000000000000e+00
-9.943205118179321289e-01,-5.001749992370605469e+00,1.100000000000000000e+01,0.000000000000000000e+00
-1.472586154937744141e+00,-5.221926212310791016e+00,1.100000000000000000e+01,0.000000000000000000e+00
-1.432724833488464355e+00,-5.165355682373046875e+00,1.100000000000000000e+01,0.000000000000000000e+00
-1.482543468475341797e+00,-5.201668739318847656e+00,1.100000000000000000e+01,0.000000000000000000e+00
-1.547763347625732422e+00,-5.197920799255371094e+00,1.100000000000000000e+01,0.000000000000000000e+00
-1.584691166877746582e+00,-5.298264980316162109e+00,1.100000000000000000e+01,0.000000000000000000e+00
-1.428555727005004883e+00,-5.128033638000488281e+00,1.100000000000000000e+01,0.000000000000000000e+00
-9.089680910110473633e-01,-4.938082695007324219e+00,1.100000000000000000e+01,0.000000000000000000e+00
-1.073335051536560059e+00,-5.054417610168457031e+00,1.100000000000000000e+01,0.000000000000000000e+00
-1.023977160453796387e+00,-5.035668373107910156e+00,1.100000000000000000e+01,0.000000000000000000e+00
-1.604155659675598145e+00,-5.327756404876708984e+00,1.100000000000000000e+01,0.000000000000000000e+00
-8.948993682861328125e-01,-4.918499469757080078e+00,1.100000000000000000e+01,0.000000000000000000e+00
-1.427568197250366211e+00,-5.162513256072998047e+00,1.100000000000000000e+01,0.000000000000000000e+00
-1.513330221176147461e+00,-5.230584621429443359e+00,1.100000000000000000e+01,0.000000000000000000e+00
-1.521634101867675781e+00,-5.242169857025146484e+00,1.100000000000000000e+01,0.000000000000000000e+00
-1.628991961479187012e+00,-5.350810527801513672e+00,1.100000000000000000e+01,0.000000000000000000e+00
2.616408586502075195e+00,1.609853553771972656e+01,1.000000000000000000e+01,0.000000000000000000e+00
1.810591101646423340e+00,1.568435955047607422e+01,1.000000000000000000e+01,0.000000000000000000e+00
3.059563875198364258e+00,1.722429084777832031e+01,1.000000000000000000e+01,0.000000000000000000e+00
3.004598379135131836e+00,1.737005043029785156e+01,1.000000000000000000e+01,0.000000000000000000e+00
2.286564350128173828e+00,1.578116321563720703e+01,1.000000000000000000e+01,0.000000000000000000e+00
2.161040306091308594e+00,1.585811996459960938e+01,1.000000000000000000e+01,0.000000000000000000e+00
2.372901439666748047e+00,1.587649536132812500e+01,1.000000000000000000e+01,0.000000000000000000e+00
2.458756923675537109e+00,1.596899890899658203e+01,1.000000000000000000e+01,0.000000000000000000e+00
2.098755121231079102e+00,1.580693244934082031e+01,1.000000000000000000e+01,0.000000000000000000e+00
2.251057624816894531e+00,1.594186305999755859e+01,1.000000000000000000e+01,0.000000000000000000e+00
2.396154165267944336e+00,1.590956783294677734e+01,1.000000000000000000e+01,0.000000000000000000e+00
2.344940900802612305e+00,1.586340427398681641e+01,1.000000000000000000e+01,0.000000000000000000e+00
2.570580005645751953e+00,1.606785774230957031e+01,1.000000000000000000e+01,0.000000000000000000e+00
2.199433326721191406e+00,1.592164325714111328e+01,1.000000000000000000e+01,0.000000000000000000e+00
3.038708925247192383e+00,1.724621963500976562e+01,1.000000000000000000e+01,0.000000000000000000e+00
2.202709436416625977e+00,1.590490055084228516e+01,1.000000000000000000e+01,0.000000000000000000e+00
3.022198200225830078e+00,1.728727340698242188e+01,1.000000000000000000e+01,0.000000000000000000e+00
3.038669586181640625e+00,1.727056503295898438e+01,1.000000000000000000e+01,0.000000000000000000e+00
2.645786046981811523e+00,1.613786125183105469e+01,1.000000000000000000e+01,0.000000000000000000e+00
2.305490493774414062e+00,1.583076667785644531e+01,1.000000000000000000e+01,0.000000000000000000e+00
2.622069835662841797e+00,1.611205482482910156e+01,1.000000000000000000e+01,0.000000000000000000e+00
1.950863718986511230e+00,1.570662784576416016e+01,1.000000000000000000e+01,0.000000000000000000e+00
2.124463796615600586e+00,1.581760215759277344e+01,1.000000000000000000e+01,0.000000000000000000e+00
2.026661396026611328e+00,1.571832180023193359e+01,1.000000000000000000e+01,0.000000000000000000e+00
3.023726701736450195e+00,1.725908279418945312e+01,1.000000000000000000e+01,0.000000000000000000e+00
2.186436891555786133e+00,1.589172458648681641e+01,1.000000000000000000e+01,0.000000000000000000e+00
2.579229593276977539e+00,1.607019996643066406e+01,1.000000000000000000e+01,0.000000000000000000e+00
2.191872119903564453e+00,1.590431976318359375e+01,1.000000000000000000e+01,0.000000000000000000e+00
2.219620943069458008e+00,1.587952232360839844e+01,1.000000000000000000e+01,0.000000000000000000e+00
2.195689201354980469e+00,1.587745952606201172e+01,1.000000000000000000e+01,0.000000000000000000e+00
3.042126655578613281e+00,1.728195762634277344e+01,1.000000000000000000e+01,0.000000000000000000e+00
3.043294668197631836e+00,1.725738525390625000e+01,1.000000000000000000e+01,0.000000000000000000e+00
2.979633808135986328e+00,1.719165611267089844e+01,1.000000000000000000e+01,0.000000000000000000e+00
2.305510759353637695e+00,1.588612556457519531e+01,1.000000000000000000e+01,0.000000000000000000e+00
2.291825771331787109e+00,1.591267013549804688e+01,1.000000000000000000e+01,0.000000000000000000e+00
8.458950042724609375e+00,-1.830446624755859375e+01,1.500000000000000000e+01,0.000000000000000000e+00
8.443284034729003906e+00,-1.837299728393554688e+01,1.500000000000000000e+01,0.000000000000000000e+00
8.458887100219726562e+00,-1.837737083435058594e+01,1.500000000000000000e+01,0.000000000000000000e+00
8.752494812011718750e+00,-1.767195320129394531e+01,1.500000000000000000e+01,0.000000000000000000e+00
8.400092124938964844e+00,-1.841905403137207031e+01,1.500000000000000000e+01,0.000000000000000000e+00
8.449321746826171875e+00,-1.831116294860839844e+01,1.500000000000000000e+01,0.000000000000000000e+00
8.765338897705078125e+00,-1.763784980773925781e+01,1.500000000000000000e+01,0.000000000000000000e+00
8.383056640625000000e+00,-1.824451637268066406e+01,1.500000000000000000e+01,0.000000000000000000e+00
8.430034637451171875e+00,-1.830952644348144531e+01,1.500000000000000000e+01,0.000000000000000000e+00
8.624781608581542969e+00,-1.806794166564941406e+01,1.500000000000000000e+01,0.000000000000000000e+00
2.151228523254394531e+01,-1.086885547637939453e+01,1.300000000000000000e+01,0.000000000000000000e+00
8.385024070739746094e+00,-1.844663619995117188e+01,1.500000000000000000e+01,0.000000000000000000e+00
8.539690971374511719e+00,-1.821736335754394531e+01,1.500000000000000000e+01,0.000000000000000000e+00
8.412452697753906250e+00,-1.833441352844238281e+01,1.500000000000000000e+01,0.000000000000000000e+00
8.435630798339843750e+00,-1.836745643615722656e+01,1.500000000000000000e+01,0.000000000000000000e+00
8.780961990356445312e+00,-1.762817955017089844e+01,1.500000000000000000e+01,0.000000000000000000e+00
8.728056907653808594e+00,-1.764756202697753906e+01,1.500000000000000000e+01,0.000000000000000000e+00
8.707393646240234375e+00,-1.773779678344726562e+01,1.500000000000000000e+01,0.000000000000000000e+00
8.479173660278320312e+00,-1.833777809143066406e+01,1.500000000000000000e+01,0.000000000000000000e+00
8.806344032287597656e+00,-1.759829521179199219e+01,1.500000000000000000e+01,0.000000000000000000e+00
2.144160270690917969e+01,-1.093384647369384766e+01,1.300000000000000000e+01,0.000000000000000000e+00
8.407278060913085938e+00,-1.841776657104492188e+01,1.500000000000000000e+01,0.000000000000000000e+00
8.458434104919433594e+00,-1.831319618225097656e+01,1.500000000000000000e+01,0.000000000000000000e+00
8.433547973632812500e+00,-1.830682373046875000e+01,1.500000000000000000e+01,0.000000000000000000e+00
8.434288024902343750e+00,-1.843058586120605469e+01,1.500000000000000000e+01,0.000000000000000000e+00
8.785974502563476562e+00,-1.762431144714355469e+01,1.500000000000000000e+01,0.000000000000000000e+00
8.542052268981933594e+00,-1.816024780273437500e+01,1.500000000000000000e+01,0.000000000000000000e+00
8.755652427673339844e+00,-1.761046028137207031e+01,1.500000000000000000e+01,0.000000000000000000e+00
8.393064498901367188e+00,-1.830985069274902344e+01,1.500000000000000000e+01,0.000000000000000000e+00
8.486565589904785156e+00,-1.828351211547851562e+01,1.500000000000000000e+01,0.000000000000000000e+00
8.771177291870117188e+00,-1.764080047607421875e+01,1.500000000000000000e+01,0.000000000000000000e+00
8.420042991638183594e+00,-1.841121101379394531e+01,1.500000000000000000e+01,0.000000000000000000e+00
8.776908874511718750e+00,-1.762635231018066406e+01,1.500000000000000000e+01,0.000000000000000000e+00
8.441273689270019531e+00,-1.824878883361816406e+01,1.500000000000000000e+01,0.000000000000000000e+00
8.736817359924316406e+00,-1.767089271545410156e+01,1.500000000000000000e+01,0.000000000000000000e+00
-5.709348201751708984e+00,-4.098418235778808594e+00,1.700000000000000000e+01,0.000000000000000000e+00
-6.146982669830322266e+00,-4.200091838836669922e+00,1.700000000000000000e+01,0.000000000000000000e+00
-5.725372791290283203e+00,-4.187073230743408203e+00,1.700000000000000000e+01,0.000000000000000000e+00
-5.720841407775878906e+00,-4.055631160736083984e+00,1.700000000000000000e+01,0.000000000000000000e+00
-6.086026191711425781e+00,-4.113615036010742188e+00,1.700000000000000000e+01,0.000000000000000000e+00
-6.069665431976318359e+00,-4.156661987304687500e+00,1.700000000000000000e+01,0.000000000000000000e+00
-5.658978939056396484e+00,-4.088054656982421875e+00,1.700000000000000000e+01,0.000000000000000000e+00
-5.887189865112304688e+00,-4.368443489074707031e+00,1.700000000000000000e+01,0.000000000000000000e+00
-6.231281757354736328e+00,-4.155902385711669922e+00,1.700000000000000000e+01,0.000000000000000000e+00
-6.087572097778320312e+00,-4.102855682373046875e+00,1.700000000000000000e+01,0.000000000000000000e+00
-6.203237056732177734e+00,-4.031141757965087891e+00,9.000000000000000000e+00,0.000000000000000000e+00
-6.105465888977050781e+00,-4.301303863525390625e+00,1.700000000000000000e+01,0.000000000000000000e+00
-6.160645961761474609e+00,-4.232270240783691406e+00,1.700000000000000000e+01,0.000000000000000000e+00
-6.064326286315917969e+00,-4.224583148956298828e+00,1.700000000000000000e+01,0.000000000000000000e+00
-5.896625995635986328e+00,-4.332498550415039062e+00,1.700000000000000000e+01,0.000000000000000000e+00
-5.688875198364257812e+00,-4.102154254913330078e+00,1.700000000000000000e+01,0.000000000000000000e+00
-5.880536079406738281e+00,-4.353295803070068359e+00,1.700000000000000000e+01,0.000000000000000000e+00
-5.790111064910888672e+00,-4.285776615142822266e+00,1.700000000000000000e+01,0.000000000000000000e+00
-5.691549777984619141e+00,-4.261989116668701172e+00,1.700000000000000000e+01,0.000000000000000000e+00
-5.821794986724853516e+00,-4.368690013885498047e+00,1.700000000000000000e+01,0.000000000000000000e+00
-6.412140846252441406e+00,-3.909793376922607422e+00,9.000000000000000000e+00,0.000000000000000000e+00
-5.641679286956787109e+00,-4.190813064575195312e+00,1.700000000000000000e+01,0.000000000000000000e+00
-5.754267692565917969e+00,-4.093316555023193359e+00,1.700000000000000000e+01,0.000000000000000000e+00
-5.729929924011230469e+00,-4.218563079833984375e+00,9.000000000000000000e+00,0.000000000000000000e+00
-5.974378108978271484e+00,-4.319642066955566406e+00,1.700000000000000000e+01,0.000000000000000000e+00
-6.147314071655273438e+00,-4.155314445495605469e+00,1.700000000000000000e+01,0.000000000000000000e+00
-5.723525524139404297e+00,-4.052349090576171875e+00,1.700000000000000000e+01,0.000000000000000000e+00
-5.954643726348876953e+00,-4.357349395751953125e+00,1.700000000000000000e+01,0.000000000000000000e+00
-5.807331562042236328e+00,-4.277432918548583984e+00,1.700000000000000000e+01,0.000000000000000000e+00
-5.677881240844726562e+00,-4.168749332427978516e+00,9.000000000000000000e+00,0.000000000000000000e+00
-5.696492671966552734e+00,-4.069703578948974609e+00,1.700000000000000000e+01,0.000000000000000000e+00
-5.897234916687011719e+00,-4.260404586791992188e+00,1.700000000000000000e+01,0.000000000000000000e+00
-5.935763835906982422e+00,-4.387592792510986328e+00,1.700000000000000000e+01,0.000000000000000000e+00
-5.847454071044921875e+00,-4.361627578735351562e+00,1.700000000000000000e+01,0.000000000000000000e+00
-6.145874023437500000e+00,-4.234038352966308594e+00,1.700000000000000000e+01,0.000000000000000000e+00
-4.848019406199455261e-02,-1.530747127532958984e+01,1.200000000000000000e+01,0.000000000000000000e+00
2.351077198982238770e-01,-1.592665481567382812e+01,1.200000000000000000e+01,0.000000000000000000e+00
-2.131700515747070312e-02,-1.532011508941650391e+01,1.200000000000000000e+01,0.000000000000000000e+00
9.920382872223854065e-04,-1.633412551879882812e+01,1.200000000000000000e+01,0.000000000000000000e+00
-1.369858998805284500e-02,-1.532176113128662109e+01,1.200000000000000000e+01,0.000000000000000000e+00
3.230980038642883301e-02,-1.542947483062744141e+01,1.200000000000000000e+01,0.000000000000000000e+00
6.190804392099380493e-02,-1.635703659057617188e+01,1.200000000000000000e+01,0.000000000000000000e+00
-6.515354663133621216e-02,-1.547559165954589844e+01,1.200000000000000000e+01,0.000000000000000000e+00
-3.518901765346527100e-02,-1.531630802154541016e+01,1.200000000000000000e+01,0.000000000000000000e+00
-2.898604981601238251e-02,-1.537533569335937500e+01,1.200000000000000000e+01,0.000000000000000000e+00
1.056578904390335083e-01,-1.626310348510742188e+01,1.200000000000000000e+01,0.000000000000000000e+00
-3.067714162170886993e-02,-1.532471084594726562e+01,1.200000000000000000e+01,0.000000000000000000e+00
-1.461909711360931396e-02,-1.553090000152587891e+01,1.200000000000000000e+01,0.000000000000000000e+00
2.583605647087097168e-01,-1.581342601776123047e+01,1.200000000000000000e+01,0.000000000000000000e+00
1.233797594904899597e-01,-1.620907020568847656e+01,1.200000000000000000e+01,0.000000000000000000e+00
-3.027012199163436890e-02,-1.526775074005126953e+01,1.200000000000000000e+01,0.000000000000000000e+00
2.544836401939392090e-01,-1.578711128234863281e+01,1.200000000000000000e+01,0.000000000000000000e+00
5.221145600080490112e-02,-1.581290531158447266e+01,1.200000000000000000e+01,0.000000000000000000e+00
2.598645091056823730e-01,-1.595865726470947266e+01,1.200000000000000000e+01,0.000000000000000000e+00
1.118743792176246643e-01,-1.626612854003906250e+01,1.200000000000000000e+01,0.000000000000000000e+00
1.958111822605133057e-01,-1.589149761199951172e+01,1.200000000000000000e+01,0.000000000000000000e+00
-5.517485365271568298e-02,-1.530180644989013672e+01,1.200000000000000000e+01,0.000000000000000000e+00
2.497704178094863892e-01,-1.578699588775634766e+01,1.200000000000000000e+01,0.000000000000000000e+00
2.588615119457244873e-01,-1.563459587097167969e+01,1.200000000000000000e+01,0.000000000000000000e+00
2.324765175580978394e-01,-1.586721324920654297e+01,1.200000000000000000e+01,0.000000000000000000e+00
1.476937979459762573e-01,-1.549429512023925781e+01,1.200000000000000000e+01,0.000000000000000000e+00
-1.140798032283782959e-01,-1.597607803344726562e+01,1.200000000000000000e+01,0.000000000000000000e+00
2.172765880823135376e-01,-1.612859153747558594e+01,1.200000000000000000e+01,0.000000000000000000e+00
2.767338454723358154e-01,-1.569852542877197266e+01,1.200000000000000000e+01,0.000000000000000000e+00
1.972084045410156250e-01,-1.612918281555175781e+01,1.200000000000000000e+01,0.000000000000000000e+00
-2.799545228481292725e-02,-1.526620483398437500e+01,1.200000000000000000e+01,0.000000000000000000e+00
1.566604971885681152e-01,-1.627094459533691406e+01,1.200000000000000000e+01,0.000000000000000000e+00
1.921526193618774414e-01,-1.577503776550292969e+01,1.200000000000000000e+01,0.000000000000000000e+00
2.635558545589447021e-01,-1.578123760223388672e+01,1.200000000000000000e+01,0.000000000000000000e+00
-7.375374902039766312e-03,-1.533337974548339844e+01,1.200000000000000000e+01,0.000000000000000000e+00
1.580756902694702148e+00,1.554521846771240234e+01,1.000000000000000000e+01,0.000000000000000000e+00
1.554519176483154297e+00,1.551257896423339844e+01,1.000000000000000000e+01,0.000000000000000000e+00
1.474056959152221680e+00,1.549340248107910156e+01,1.000000000000000000e+01,0.000000000000000000e+00
1.383218646049499512e+00,1.541497039794921875e+01,1.000000000000000000e+01,0.000000000000000000e+00
1.180406332015991211e+00,1.525453948974609375e+01,9.000000000000000000e+00,0.000000000000000000e+00
1.314473032951354980e+00,1.536756324768066406e+01,1.000000000000000000e+01,0.000000000000000000e+00
1.592030286788940430e+00,1.554993629455566406e+01,1.000000000000000000e+01,0.000000000000000000e+00
1.632550239562988281e+00,1.553748226165771484e+01,1.000000000000000000e+01,0.000000000000000000e+00
1.179711699485778809e+00,1.525295925140380859e+01,1.000000000000000000e+01,0.000000000000000000e+00
1.203672409057617188e+00,1.528610229492187500e+01,1.000000000000000000e+01,0.000000000000000000e+00
1.561984658241271973e+00,1.547142219543457031e+01,1.000000000000000000e+01,0.000000000000000000e+00
1.301558494567871094e+00,1.535402679443359375e+01,1.000000000000000000e+01,0.000000000000000000e+00
1.451598882675170898e+00,1.545595836639404297e+01,1.000000000000000000e+01,0.000000000000000000e+00
1.266384005546569824e+00,1.532702636718750000e+01,1.000000000000000000e+01,0.000000000000000000e+00
1.641655921936035156e+00,1.556835746765136719e+01,1.000000000000000000e+01,0.000000000000000000e+00
1.411124110221862793e+00,1.540955257415771484e+01,1.000000000000000000e+01,0.000000000000000000e+00
1.178562641143798828e+00,1.524940681457519531e+01,1.000000000000000000e+01,0.000000000000000000e+00
1.226895213127136230e+00,1.529576396942138672e+01,1.000000000000000000e+01,0.000000000000000000e+00
1.687302827835083008e+00,1.559539890289306641e+01,1.000000000000000000e+01,0.000000000000000000e+00
1.423827409744262695e+00,1.546643066406250000e+01,1.000000000000000000e+01,0.000000000000000000e+00
1.564706921577453613e+00,1.552091884613037109e+01,1.000000000000000000e+01,0.000000000000000000e+00
1.671249866485595703e+00,1.565033245086669922e+01,1.000000000000000000e+01,0.000000000000000000e+00
1.193698287010192871e+00,1.526325225830078125e+01,1.000000000000000000e+01,0.000000000000000000e+00
1.661041617393493652e+00,1.559802913665771484e+01,1.000000000000000000e+01,0.000000000000000000e+00
1.182731270790100098e+00,1.525057029724121094e+01,9.000000000000000000e+00,0.000000000000000000e+00
1.280587077140808105e+00,1.533180332183837891e+01,1.000000000000000000e+01,0.000000000000000000e+00
1.456096768379211426e+00,1.544703674316406250e+01,1.000000000000000000e+01,0.000000000000000000e+00
1.186816692352294922e+00,1.525603771209716797e+01,1.000000000000000000e+01,0.000000000000000000e+00
1.551876425743103027e+00,1.550284481048583984e+01,1.000000000000000000e+01,0.000000000000000000e+00
1.271941065788269043e+00,1.534191131591796875e+01,1.000000000000000000e+01,0.000000000000000000e+00
1.361006975173950195e+00,1.540539741516113281e+01,1.000000000000000000e+01,0.000000000000000000e+00
1.296685099601745605e+00,1.530255985260009766e+01,1.000000000000000000e+01,0.000000000000000000e+00
1.376224637031555176e+00,1.543014144897460938e+01,1.000000000000000000e+01,0.000000000000000000e+00
1.331375598907470703e+00,1.536192512512207031e+01,1.000000000000000000e+01,0.000000000000000000e+00
1.343705415725708008e+00,1.538459110260009766e+01,1.000000000000000000e+01,0.000000000000000000e+00
1.306215190887451172e+01,-1.055942440032958984e+01,1.400000000000000000e+01,0.000000000000000000e+00
1.294166374206542969e+01,-1.043498897552490234e+01,1.400000000000000000e+01,0.000000000000000000e+00
1.312878608703613281e+01,-1.063119792938232422e+01,1.400000000000000000e+01,0.000000000000000000e+00
1.282156181335449219e+01,-1.029961681365966797e+01,1.400000000000000000e+01,0.000000000000000000e+00
1.269083499908447266e+01,-1.016353034973144531e+01,1.400000000000000000e+01,0.000000000000000000e+00
1.314742755889892578e+01,-1.064750576019287109e+01,1.400000000000000000e+01,0.000000000000000000e+00
1.275936412811279297e+01,-1.023448657989501953e+01,1.400000000000000000e+01,0.000000000000000000e+00
1.275388813018798828e+01,-1.022647094726562500e+01,1.400000000000000000e+01,0.000000000000000000e+00
1.314890766143798828e+01,-1.065051937103271484e+01,1.400000000000000000e+01,0.000000000000000000e+00
1.295616817474365234e+01,-1.044058990478515625e+01,1.400000000000000000e+01,0.000000000000000000e+00
1.265104007720947266e+01,-1.012399387359619141e+01,1.400000000000000000e+01,0.000000000000000000e+00
1.277482318878173828e+01,-1.025014114379882812e+01,1.400000000000000000e+01,0.000000000000000000e+00
1.318194103240966797e+01,-1.068160724639892578e+01,1.400000000000000000e+01,0.000000000000000000e+00
1.263721561431884766e+01,-1.010982418060302734e+01,1.400000000000000000e+01,0.000000000000000000e+00
1.287349510192871094e+01,-1.035578155517578125e+01,1.400000000000000000e+01,0.000000000000000000e+00
1.272127819061279297e+01,-1.019464302062988281e+01,1.400000000000000000e+01,0.000000000000000000e+00
1.315870189666748047e+01,-1.065689754486083984e+01,1.400000000000000000e+01,0.000000000000000000e+00
1.272248554229736328e+01,-1.019671821594238281e+01,1.400000000000000000e+01,0.000000000000000000e+00
1.313200473785400391e+01,-1.064090633392333984e+01,1.400000000000000000e+01,0.000000000000000000e+00
1.286508369445800781e+01,-1.034770774841308594e+01,1.400000000000000000e+01,0.000000000000000000e+00
1.319454097747802734e+01,-1.069599914550781250e+01,1.400000000000000000e+01,0.000000000000000000e+00
1.302325057983398438e+01,-1.051887226104736328e+01,1.400000000000000000e+01,0.000000000000000000e+00
1.287747097015380859e+01,-1.036298847198486328e+01,1.400000000000000000e+01,0.000000000000000000e+00
1.264553928375244141e+01,-1.011597156524658203e+01,1.400000000000000000e+01,0.000000000000000000e+00
1.317387771606445312e+01,-1.067315292358398438e+01,1.400000000000000000e+01,0.000000000000000000e+00
1.311064815521240234e+01,-1.061315441131591797e+01,1.400000000000000000e+01,0.000000000000000000e+00
1.264573669433593750e+01,-1.011715602874755859e+01,1.400000000000000000e+01,0.000000000000000000e+00
1.317941761016845703e+01,-1.067929458618164062e+01,1.400000000000000000e+01,0.000000000000000000e+00
1.299809455871582031e+01,-1.049475765228271484e+01,1.400000000000000000e+01,0.000000000000000000e+00
1.305141448974609375e+01,-1.054946708679199219e+01,1.400000000000000000e+01,0.000000000000000000e+00
1.308684349060058594e+01,-1.059024429321289062e+01,1.400000000000000000e+01,0.000000000000000000e+00
1.289764022827148438e+01,-1.038094711303710938e+01,1.400000000000000000e+01,0.000000000000000000e+00
1.311685848236083984e+01,-1.061778450012207031e+01,1.400000000000000000e+01,0.000000000000000000e+00
1.313210296630859375e+01,-1.063303375244140625e+01,1.400000000000000000e+01,0.000000000000000000e+00
1.266591930389404297e+01,-1.013768196105957031e+01,1.400000000000000000e+01,0.000000000000000000e+00
2.155767059326171875e+01,-1.082560443878173828e+01,1.300000000000000000e+01,0.000000000000000000e+00
2.197700881958007812e+01,-1.055141258239746094e+01,1.300000000000000000e+01,0.000000000000000000e+00
2.159593200683593750e+01,-1.078321647644042969e+01,1.300000000000000000e+01,0.000000000000000000e+00
2.173118209838867188e+01,-1.066146755218505859e+01,1.300000000000000000e+01,0.000000000000000000e+00
2.162505531311035156e+01,-1.075539684295654297e+01,1.300000000000000000e+01,0.000000000000000000e+00
2.205357933044433594e+01,-1.045941352844238281e+01,1.300000000000000000e+01,0.000000000000000000e+00
2.205441284179687500e+01,-1.046955490112304688e+01,1.300000000000000000e+01,0.000000000000000000e+00
2.192084121704101562e+01,-1.056248378753662109e+01,1.300000000000000000e+01,0.000000000000000000e+00
2.156817054748535156e+01,-1.080426979064941406e+01,1.300000000000000000e+01,0.000000000000000000e+00
2.160096549987792969e+01,-1.077167320251464844e+01,1.300000000000000000e+01,0.000000000000000000e+00
2.200350570678710938e+01,-1.051474952697753906e+01,9.000000000000000000e+00,0.000000000000000000e+00
2.212286949157714844e+01,-1.040385913848876953e+01,1.300000000000000000e+01,0.000000000000000000e+00
2.152707672119140625e+01,-1.085583496093750000e+01,1.300000000000000000e+01,0.000000000000000000e+00
2.155824089050292969e+01,-1.078600692749023438e+01,1.300000000000000000e+01,0.000000000000000000e+00
2.154777908325195312e+01,-1.082933616638183594e+01,1.300000000000000000e+01,0.000000000000000000e+00
2.173410415649414062e+01,-1.070817375183105469e+01,9.000000000000000000e+00,0.000000000000000000e+00
2.147085571289062500e+01,-1.090504932403564453e+01,1.300000000000000000e+01,0.000000000000000000e+00
2.207009506225585938e+01,-1.043037605285644531e+01,1.300000000000000000e+01,0.000000000000000000e+00
2.147678947448730469e+01,-1.090042304992675781e+01,1.300000000000000000e+01,0.000000000000000000e+00
2.183334732055664062e+01,-1.057696437835693359e+01,9.000000000000000000e+00,0.000000000000000000e+00
2.166461563110351562e+01,-1.071490955352783203e+01,1.300000000000000000e+01,0.000000000000000000e+00
2.204425048828125000e+01,-1.047880744934082031e+01,9.000000000000000000e+00,0.000000000000000000e+00
2.155183601379394531e+01,-1.085429477691650391e+01,1.300000000000000000e+01,0.000000000000000000e+00
2.140852737426757812e+01,-1.096492195129394531e+01,9.000000000000000000e+00,0.000000000000000000e+00
2.206882858276367188e+01,-1.045996952056884766e+01,1.300000000000000000e+01,0.000000000000000000e+00
2.205531120300292969e+01,-1.045195007324218750e+01,1.300000000000000000e+01,0.000000000000000000e+00
2.168012809753417969e+01,-1.069573974609375000e+01,1.300000000000000000e+01,0.000000000000000000e+00
2.208590507507324219e+01,-1.043115615844726562e+01,9.000000000000000000e+00,0.000000000000000000e+00
2.175898933410644531e+01,-1.067582988739013672e+01,1.300000000000000000e+01,0.000000000000000000e+00
2.198664283752441406e+01,-1.051882553100585938e+01,9.000000000000000000e+00,0.000000000000000000e+00
2.159287643432617188e+01,-1.078400993347167969e+01,1.300000000000000000e+01,0.000000000000000000e+00
2.146205139160156250e+01,-1.091495037078857422e+01,1.300000000000000000e+01,0.000000000000000000e+00
2.174892234802246094e+01,-1.069791793823242188e+01,1.300000000000000000e+01,0.000000000000000000e+00
2.144401550292968750e+01,-1.093081283569335938e+01,1.300000000000000000e+01,0.000000000000000000e+00
2.214971542358398438e+01,-1.036963367462158203e+01,1.300000000000000000e+01,0.000000000000000000e+00
3.821120738983154297e+00,1.698321723937988281e+01,9.000000000000000000e+00,0.000000000000000000e+00
4.000182628631591797e+00,1.708788490295410156e+01,9.000000000000000000e+00,0.000000000000000000e+00
3.642915964126586914e+00,1.688166427612304688e+01,9.000000000000000000e+00,0.000000000000000000e+00
2.601325750350952148e+00,1.852115058898925781e+01,1.900000000000000000e+01,0.000000000000000000e+00
4.040252685546875000e+00,1.700107002258300781e+01,9.000000000000000000e+00,0.000000000000000000e+00
2.782452583312988281e+00,1.840151596069335938e+01,1.900000000000000000e+01,0.000000000000000000e+00
2.771590948104858398e+00,1.841558837890625000e+01,1.900000000000000000e+01,0.000000000000000000e+00
2.598829984664916992e+00,1.855986785888671875e+01,1.900000000000000000e+01,0.000000000000000000e+00
3.774227380752563477e+00,1.694554710388183594e+01,9.000000000000000000e+00,0.000000000000000000e+00
2.542339801788330078e+00,1.860931587219238281e+01,1.900000000000000000e+01,0.000000000000000000e+00
3.983680486679077148e+00,1.718196296691894531e+01,9.000000000000000000e+00,0.000000000000000000e+00
2.546876430511474609e+00,1.862030792236328125e+01,1.900000000000000000e+01,0.000000000000000000e+00
2.657336235046386719e+00,1.852486419677734375e+01,1.900000000000000000e+01,0.000000000000000000e+00
2.809525489807128906e+00,1.841664505004882812e+01,1.900000000000000000e+01,0.000000000000000000e+00
2.642014026641845703e+00,1.853169441223144531e+01,1.900000000000000000e+01,0.000000000000000000e+00
2.909726858139038086e+00,1.828976821899414062e+01,1.900000000000000000e+01,0.000000000000000000e+00
4.002671718597412109e+00,1.706973457336425781e+01,9.000000000000000000e+00,0.000000000000000000e+00
3.948160409927368164e+00,1.717885780334472656e+01,9.000000000000000000e+00,0.000000000000000000e+00
2.591269016265869141e+00,1.856250762939453125e+01,1.900000000000000000e+01,0.000000000000000000e+00
2.628226280212402344e+00,1.855142402648925781e+01,1.900000000000000000e+01,0.000000000000000000e+00
4.051600456237792969e+00,1.700316047668457031e+01,9.000000000000000000e+00,0.000000000000000000e+00
3.990918159484863281e+00,1.705491065979003906e+01,9.000000000000000000e+00,0.000000000000000000e+00
2.765801906585693359e+00,1.842292785644531250e+01,1.900000000000000000e+01,0.000000000000000000e+00
2.788952589035034180e+00,1.839517021179199219e+01,1.900000000000000000e+01,0.000000000000000000e+00
3.893766403198242188e+00,1.721553802490234375e+01,9.000000000000000000e+00,0.000000000000000000e+00
2.698083877563476562e+00,1.849841499328613281e+01,1.900000000000000000e+01,0.000000000000000000e+00
4.054465770721435547e+00,1.701498603820800781e+01,9.000000000000000000e+00,0.000000000000000000e+00
2.614342212677001953e+00,1.855984306335449219e+01,1.900000000000000000e+01,0.000000000000000000e+00
2.746988296508789062e+00,1.845440101623535156e+01,9.000000000000000000e+00,0.000000000000000000e+00
2.554908275604248047e+00,1.858438301086425781e+01,1.900000000000000000e+01,0.000000000000000000e+00
2.820062160491943359e+00,1.836783409118652344e+01,1.900000000000000000e+01,0.000000000000000000e+00
2.579740047454833984e+00,1.859329414367675781e+01,1.900000000000000000e+01,0.000000000000000000e+00
2.728294610977172852e+00,1.847195816040039062e+01,1.900000000000000000e+01,0.000000000000000000e+00
2.576557397842407227e+00,1.860386085510253906e+01,1.900000000000000000e+01,0.000000000000000000e+00
3.965488672256469727e+00,1.716824150085449219e+01,9.000000000000000000e+00,0.000000000000000000e+00
1.154703330993652344e+01,8.923437118530273438e+00,1.600000000000000000e+01,0.000000000000000000e+00
1.150011634826660156e+01,8.876413345336914062e+00,1.600000000000000000e+01,0.000000000000000000e+00
1.149541759490966797e+01,8.872214317321777344e+00,1.600000000000000000e+01,0.000000000000000000e+00
1.155367565155029297e+01,8.930192947387695312e+00,1.600000000000000000e+01,0.000000000000000000e+00
1.168139934539794922e+01,9.057192802429199219e+00,1.600000000000000000e+01,0.000000000000000000e+00
1.149730014801025391e+01,8.873969078063964844e+00,1.600000000000000000e+01,0.000000000000000000e+00
1.140784835815429688e+01,8.785053253173828125e+00,1.600000000000000000e+01,0.000000000000000000e+00
1.146085453033447266e+01,8.837468147277832031e+00,1.600000000000000000e+01,0.000000000000000000e+00
1.162310504913330078e+01,8.998515129089355469e+00,1.600000000000000000e+01,0.000000000000000000e+00
1.153760433197021484e+01,8.913537979125976562e+00,1.600000000000000000e+01,0.000000000000000000e+00
1.164070892333984375e+01,9.016341209411621094e+00,1.600000000000000000e+01,0.000000000000000000e+00
1.144131374359130859e+01,8.818244934082031250e+00,1.600000000000000000e+01,0.000000000000000000e+00
1.154790878295898438e+01,8.924572944641113281e+00,1.600000000000000000e+01,0.000000000000000000e+00
1.157722759246826172e+01,8.953534126281738281e+00,1.600000000000000000e+01,0.000000000000000000e+00
1.148481273651123047e+01,8.861814498901367188e+00,1.600000000000000000e+01,0.000000000000000000e+00
1.160182952880859375e+01,8.978841781616210938e+00,1.600000000000000000e+01,0.000000000000000000e+00
1.141684913635253906e+01,8.793104171752929688e+00,1.600000000000000000e+01,0.000000000000000000e+00
1.165281677246093750e+01,9.028780937194824219e+00,1.600000000000000000e+01,0.000000000000000000e+00
1.166787052154541016e+01,9.043724060058593750e+00,1.600000000000000000e+01,0.000000000000000000e+00
1.149740982055664062e+01,8.874181747436523438e+00,1.600000000000000000e+01,0.000000000000000000e+00
1.158886528015136719e+01,8.962856292724609375e+00,9.000000000000000000e+00,0.000000000000000000e+00
1.164964866638183594e+01,9.025803565979003906e+00,1.600000000000000000e+01,0.000000000000000000e+00
1.175123786926269531e+01,9.126608848571777344e+00,1.600000000000000000e+01,0.000000000000000000e+00
1.170217418670654297e+01,9.075248718261718750e+00,1.600000000000000000e+01,0.000000000000000000e+00
1.148355770111083984e+01,8.860616683959960938e+00,1.600000000000000000e+01,0.000000000000000000e+00
1.158655071258544922e+01,8.963145256042480469e+00,1.600000000000000000e+01,0.000000000000000000e+00
1.165527629852294922e+01,9.030996322631835938e+00,1.600000000000000000e+01,0.000000000000000000e+00
1.161022377014160156e+01,8.986011505126953125e+00,1.600000000000000000e+01,0.000000000000000000e+00
1.149395465850830078e+01,8.869912147521972656e+00,1.600000000000000000e+01,0.000000000000000000e+00
1.172148990631103516e+01,9.097262382507324219e+00,1.600000000000000000e+01,0.000000000000000000e+00
1.147612857818603516e+01,8.852134704589843750e+00,1.600000000000000000e+01,0.000000000000000000e+00
1.146941471099853516e+01,8.846933364868164062e+00,1.600000000000000000e+01,0.000000000000000000e+00
1.161279964447021484e+01,8.989192962646484375e+00,1.600000000000000000e+01,0.000000000000000000e+00
1.145245456695556641e+01,8.829385757446289062e+00,1.600000000000000000e+01,0.000000000000000000e+00
1.144967651367187500e+01,8.826771736145019531e+00,1.600000000000000000e+01,0.000000000000000000e+00
2.367433738708496094e+01,9.415444374084472656e+00,1.400000000000000000e+01,0.000000000000000000e+00
2.357266044616699219e+01,9.313745498657226562e+00,1.400000000000000000e+01,0.000000000000000000e+00
2.369993782043457031e+01,9.440946578979492188e+00,1.400000000000000000e+01,0.000000000000000000e+00
2.361739540100097656e+01,9.358513832092285156e+00,1.400000000000000000e+01,0.000000000000000000e+00
2.357117652893066406e+01,9.312260627746582031e+00,1.400000000000000000e+01,0.000000000000000000e+00
2.355770683288574219e+01,9.298660278320312500e+00,1.400000000000000000e+01,0.000000000000000000e+00
1.553905677795410156e+01,-2.000889778137207031e-01,1.300000000000000000e+01,0.000000000000000000e+00
1.551682949066162109e+01,-1.814974844455718994e-01,1.300000000000000000e+01,0.000000000000000000e+00
1.540062522888183594e+01,-1.645559221506118774e-01,1.300000000000000000e+01,0.000000000000000000e+00
1.550494289398193359e+01,-1.733475029468536377e-01,1.300000000000000000e+01,0.000000000000000000e+00
1.546243095397949219e+01,-1.297882646322250366e-01,1.300000000000000000e+01,0.000000000000000000e+00
2.352279090881347656e+01,9.263781547546386719e+00,1.400000000000000000e+01,0.000000000000000000e+00
1.545054626464843750e+01,-1.195452958345413208e-01,1.300000000000000000e+01,0.000000000000000000e+00
1.550395965576171875e+01,-1.972000151872634888e-01,1.300000000000000000e+01,0.000000000000000000e+00
2.356801795959472656e+01,9.309017181396484375e+00,1.400000000000000000e+01,0.000000000000000000e+00
1.545164299011230469e+01,-1.290126740932464600e-01,1.300000000000000000e+01,0.000000000000000000e+00
1.552569675445556641e+01,-1.864505708217620850e-01,1.300000000000000000e+01,0.000000000000000000e+00
1.548300647735595703e+01,-1.566139459609985352e-01,1.300000000000000000e+01,0.000000000000000000e+00
1.544724464416503906e+01,-1.456009000539779663e-01,1.300000000000000000e+01,0.000000000000000000e+00
2.341517257690429688e+01,9.156173706054687500e+00,1.400000000000000000e+01,0.000000000000000000e+00
1.553020000457763672e+01,-1.702134013175964355e-01,1.300000000000000000e+01,0.000000000000000000e+00
7.532234787940979004e-01,1.201187729835510254e+00,9.000000000000000000e+00,0.000000000000000000e+00
1.550895309448242188e+01,-1.795592755079269409e-01,1.300000000000000000e+01,0.000000000000000000e+00
1.551633644104003906e+01,-1.796191185712814331e-01,1.300000000000000000e+01,0.000000000000000000e+00
1.552704811096191406e+01,-1.915331333875656128e-01,1.300000000000000000e+01,0.000000000000000000e+00
2.359443473815917969e+01,9.335513114929199219e+00,1.400000000000000000e+01,0.000000000000000000e+00
1.539651203155517578e+01,-9.322666376829147339e-02,1.300000000000000000e+01,0.000000000000000000e+00
2.355975341796875000e+01,9.300696372985839844e+00,1.400000000000000000e+01,0.000000000000000000e+00
2.356958770751953125e+01,9.310515403747558594e+00,1.400000000000000000e+01,0.000000000000000000e+00
2.352777099609375000e+01,9.268722534179687500e+00,1.400000000000000000e+01,0.000000000000000000e+00
1.552129077911376953e+01,-1.799007952213287354e-01,1.300000000000000000e+01,0.000000000000000000e+00
2.354071617126464844e+01,9.281580924987792969e+00,1.400000000000000000e+01,0.000000000000000000e+00
1.540766525268554688e+01,-1.088436618447303772e-01,1.300000000000000000e+01,0.000000000000000000e+00
2.350484085083007812e+01,9.245775222778320312e+00,1.400000000000000000e+01,0.000000000000000000e+00
2.355524253845214844e+01,9.296224594116210938e+00,1.400000000000000000e+01,0.000000000000000000e+00
-3.649902343750000000e-01,-1.163580322265625000e+01,1.800000000000000000e+01,0.000000000000000000e+00
1.575589776039123535e-01,-1.131260871887207031e+01,1.800000000000000000e+01,0.000000000000000000e+00
-3.562717735767364502e-01,-1.163101673126220703e+01,1.800000000000000000e+01,0.000000000000000000e+00
-3.553415238857269287e-01,-1.162460517883300781e+01,1.800000000000000000e+01,0.000000000000000000e+00
-1.396173704415559769e-02,-1.135755062103271484e+01,1.800000000000000000e+01,0.000000000000000000e+00
-2.456358447670936584e-02,-1.136414527893066406e+01,1.800000000000000000e+01,0.000000000000000000e+00
-3.466006815433502197e-01,-1.160973167419433594e+01,1.800000000000000000e+01,0.000000000000000000e+00
1.009613946080207825e-01,-1.122257137298583984e+01,1.800000000000000000e+01,0.000000000000000000e+00
7.774736732244491577e-02,-1.126163196563720703e+01,1.800000000000000000e+01,0.000000000000000000e+00
-1.304524987936019897e-01,-1.144483375549316406e+01,1.800000000000000000e+01,0.000000000000000000e+00
-3.125671446323394775e-01,-1.158688449859619141e+01,1.800000000000000000e+01,0.000000000000000000e+00
5.546476840972900391e+00,-1.317615413665771484e+01,1.700000000000000000e+01,0.000000000000000000e+00
1.218147277832031250e-01,-1.128345775604248047e+01,1.800000000000000000e+01,0.000000000000000000e+00
8.129296451807022095e-02,-1.125343608856201172e+01,1.800000000000000000e+01,0.000000000000000000e+00
-3.300471603870391846e-01,-1.160649013519287109e+01,1.800000000000000000e+01,0.000000000000000000e+00
-1.043625548481941223e-02,-1.134683036804199219e+01,1.800000000000000000e+01,0.000000000000000000e+00
9.414922446012496948e-02,-1.128111934661865234e+01,1.800000000000000000e+01,0.000000000000000000e+00
9.000474214553833008e-02,-1.124486923217773438e+01,1.800000000000000000e+01,0.000000000000000000e+00
-3.003674373030662537e-02,-1.136824989318847656e+01,1.800000000000000000e+01,0.000000000000000000e+00
1.148541122674942017e-01,-1.125647068023681641e+01,1.800000000000000000e+01,0.000000000000000000e+00
-1.669615060091018677e-01,-1.147277259826660156e+01,1.800000000000000000e+01,0.000000000000000000e+00
-3.075494468212127686e-01,-1.158033561706542969e+01,1.800000000000000000e+01,0.000000000000000000e+00
1.088314890861511230e+00,1.517398929595947266e+01,9.000000000000000000e+00,0.000000000000000000e+00
-3.924691081047058105e-01,-1.162579822540283203e+01,1.800000000000000000e+01,0.000000000000000000e+00
-3.308151364326477051e-01,-1.159988021850585938e+01,1.800000000000000000e+01,0.000000000000000000e+00
-2.286998182535171509e-01,-1.151952552795410156e+01,1.800000000000000000e+01,0.000000000000000000e+00
1.074500560760498047e+00,1.514928913116455078e+01,9.000000000000000000e+00,0.000000000000000000e+00
5.329113483428955078e+00,-1.300695705413818359e+01,1.800000000000000000e+01,0.000000000000000000e+00
-1.638224869966506958e-01,-1.147873210906982422e+01,1.800000000000000000e+01,0.000000000000000000e+00
-2.989260256290435791e-01,-1.158190727233886719e+01,1.800000000000000000e+01,0.000000000000000000e+00
-3.416129350662231445e-01,-1.161480998992919922e+01,1.800000000000000000e+01,0.000000000000000000e+00
-2.607271075248718262e-01,-1.154705429077148438e+01,1.800000000000000000e+01,0.000000000000000000e+00
-4.951189830899238586e-02,-1.138733768463134766e+01,1.800000000000000000e+01,0.000000000000000000e+00
5.509077072143554688e+00,-1.313811683654785156e+01,1.700000000000000000e+01,0.000000000000000000e+00
-4.064266979694366455e-01,-1.166792678833007812e+01,1.800000000000000000e+01,0.000000000000000000e+00
1.874840736389160156e+01,3.588426589965820312e+00,1.100000000000000000e+01,0.000000000000000000e+00
1.883621788024902344e+01,3.668435573577880859e+00,1.100000000000000000e+01,0.000000000000000000e+00
1.877798843383789062e+01,3.613242864608764648e+00,1.100000000000000000e+01,0.000000000000000000e+00
1.889555740356445312e+01,3.742220878601074219e+00,1.100000000000000000e+01,0.000000000000000000e+00
1.901112556457519531e+01,3.836309671401977539e+00,1.100000000000000000e+01,0.000000000000000000e+00
1.868093109130859375e+01,3.520507335662841797e+00,1.100000000000000000e+01,0.000000000000000000e+00
1.874647712707519531e+01,3.587206840515136719e+00,1.100000000000000000e+01,0.000000000000000000e+00
1.867208099365234375e+01,3.515673637390136719e+00,1.100000000000000000e+01,0.000000000000000000e+00
1.900033569335937500e+01,3.825471639633178711e+00,1.100000000000000000e+01,0.000000000000000000e+00
1.895559692382812500e+01,3.785224914550781250e+00,1.100000000000000000e+01,0.000000000000000000e+00
1.891768264770507812e+01,3.748270273208618164e+00,1.100000000000000000e+01,0.000000000000000000e+00
1.919878387451171875e+01,4.002719402313232422e+00,1.100000000000000000e+01,0.000000000000000000e+00
1.875150108337402344e+01,3.591654539108276367e+00,1.100000000000000000e+01,0.000000000000000000e+00
1.909053421020507812e+01,3.902728557586669922e+00,1.100000000000000000e+01,0.000000000000000000e+00
1.912410545349121094e+01,3.937854528427124023e+00,1.100000000000000000e+01,0.000000000000000000e+00
1.893692398071289062e+01,3.767616987228393555e+00,1.100000000000000000e+01,0.000000000000000000e+00
1.881319427490234375e+01,3.647178649902343750e+00,1.100000000000000000e+01,0.000000000000000000e+00
1.922400474548339844e+01,4.027069091796875000e+00,1.100000000000000000e+01,0.000000000000000000e+00
1.912374496459960938e+01,3.934350967407226562e+00,1.100000000000000000e+01,0.000000000000000000e+00
1.876999282836914062e+01,3.609382152557373047e+00,1.100000000000000000e+01,0.000000000000000000e+00
1.882596778869628906e+01,3.662105560302734375e+00,1.100000000000000000e+01,0.000000000000000000e+00
6.047931194305419922e+00,1.612678527832031250e+01,9.000000000000000000e+00,0.000000000000000000e+00
1.897669219970703125e+01,3.805855035781860352e+00,1.100000000000000000e+01,0.000000000000000000e+00
1.902487564086914062e+01,3.850499868392944336e+00,1.100000000000000000e+01,0.000000000000000000e+00
1.898129653930664062e+01,3.810904502868652344e+00,1.100000000000000000e+01,0.000000000000000000e+00
1.916851425170898438e+01,3.973541498184204102e+00,1.100000000000000000e+01,0.000000000000000000e+00
1.878987693786621094e+01,3.627426147460937500e+00,1.100000000000000000e+01,0.000000000000000000e+00
1.882763481140136719e+01,3.663175821304321289e+00,1.100000000000000000e+01,0.000000000000000000e+00
1.877532005310058594e+01,3.611832141876220703e+00,1.100000000000000000e+01,0.000000000000000000e+00
1.897681617736816406e+01,3.806831836700439453e+00,1.100000000000000000e+01,0.000000000000000000e+00
1.889580917358398438e+01,3.728172540664672852e+00,1.100000000000000000e+01,0.000000000000000000e+00
1.872215843200683594e+01,3.559193372726440430e+00,1.100000000000000000e+01,0.000000000000000000e+00
1.924309158325195312e+01,4.038206100463867188e+00,1.100000000000000000e+01,0.000000000000000000e+00
1.888068008422851562e+01,3.716456413269042969e+00,1.100000000000000000e+01,0.000000000000000000e+00
1.916923713684082031e+01,3.974529266357421875e+00,1.100000000000000000e+01,0.000000000000000000e+00
5.557077884674072266e+00,-1.318463611602783203e+01,1.700000000000000000e+01,0.000000000000000000e+00
5.261182785034179688e+00,-1.293528175354003906e+01,1.700000000000000000e+01,0.000000000000000000e+00
5.509115695953369141e+00,-1.314103317260742188e+01,1.700000000000000000e+01,0.000000000000000000e+00
5.267215728759765625e+00,-1.293308162689208984e+01,1.700000000000000000e+01,0.000000000000000000e+00
5.293041706085205078e+00,-1.295806121826171875e+01,1.700000000000000000e+01,0.000000000000000000e+00
5.260681629180908203e+00,-1.293059730529785156e+01,1.700000000000000000e+01,0.000000000000000000e+00
5.229436397552490234e+00,-1.291153430938720703e+01,1.700000000000000000e+01,0.000000000000000000e+00
5.357826232910156250e+00,-1.301250934600830078e+01,1.700000000000000000e+01,0.000000000000000000e+00
5.371988296508789062e+00,-1.302653884887695312e+01,1.700000000000000000e+01,0.000000000000000000e+00
5.484704971313476562e+00,-1.312111663818359375e+01,1.700000000000000000e+01,0.000000000000000000e+00
5.175334453582763672e+00,-1.286611747741699219e+01,1.700000000000000000e+01,0.000000000000000000e+00
5.078238964080810547e+00,-1.277431774139404297e+01,1.700000000000000000e+01,0.000000000000000000e+00
5.238613128662109375e+00,-1.291445636749267578e+01,1.700000000000000000e+01,0.000000000000000000e+00
5.108274459838867188e+00,-1.281213760375976562e+01,9.000000000000000000e+00,0.000000000000000000e+00
5.327606678009033203e+00,-1.298275947570800781e+01,1.700000000000000000e+01,0.000000000000000000e+00
5.173968791961669922e+00,-1.286668491363525391e+01,1.700000000000000000e+01,0.000000000000000000e+00
5.097415447235107422e+00,-1.279598522186279297e+01,1.700000000000000000e+01,0.000000000000000000e+00
5.417815685272216797e+00,-1.307524585723876953e+01,1.700000000000000000e+01,0.000000000000000000e+00
5.468013763427734375e+00,-1.310561561584472656e+01,1.700000000000000000e+01,0.000000000000000000e+00
5.333775043487548828e+00,-1.300190639495849609e+01,1.700000000000000000e+01,0.000000000000000000e+00
5.418093204498291016e+00,-1.306088161468505859e+01,1.700000000000000000e+01,0.000000000000000000e+00
5.198991775512695312e+00,-1.287671279907226562e+01,1.700000000000000000e+01,0.000000000000000000e+00
5.226097106933593750e+00,-1.290772914886474609e+01,1.700000000000000000e+01,0.000000000000000000e+00
5.496046543121337891e+00,-1.313559436798095703e+01,1.700000000000000000e+01,0.000000000000000000e+00
5.134899616241455078e+00,-1.282858276367187500e+01,1.700000000000000000e+01,0.000000000000000000e+00
5.234840869903564453e+00,-1.291230583190917969e+01,1.700000000000000000e+01,0.000000000000000000e+00
5.106768131256103516e+00,-1.280989646911621094e+01,9.000000000000000000e+00,0.000000000000000000e+00
5.130478382110595703e+00,-1.282789802551269531e+01,1.700000000000000000e+01,0.000000000000000000e+00
5.079555034637451172e+00,-1.278202438354492188e+01,1.700000000000000000e+01,0.000000000000000000e+00
5.544948101043701172e+00,-1.317403602600097656e+01,1.700000000000000000e+01,0.000000000000000000e+00
5.080038547515869141e+00,-1.278089714050292969e+01,9.000000000000000000e+00,0.000000000000000000e+00
5.225312709808349609e+00,-1.290265846252441406e+01,1.700000000000000000e+01,0.000000000000000000e+00
5.469833374023437500e+00,-1.310802364349365234e+01,1.700000000000000000e+01,0.000000000000000000e+00
5.582320213317871094e+00,-1.320776748657226562e+01,1.700000000000000000e+01,0.000000000000000000e+00
5.352897167205810547e+00,-1.301792812347412109e+01,1.700000000000000000e+01,0.000000000000000000e+00
1.155935764312744141e+01,1.048040688037872314e-01,1.500000000000000000e+01,0.000000000000000000e+00
1.135624408721923828e+01,-1.041152328252792358e-01,1.500000000000000000e+01,0.000000000000000000e+00
1.148067188262939453e+01,1.223823707550764084e-02,1.500000000000000000e+01,0.000000000000000000e+00
1.170847702026367188e+01,2.583603262901306152e-01,1.500000000000000000e+01,0.000000000000000000e+00
1.140934944152832031e+01,-5.482800304889678955e-02,1.500000000000000000e+01,0.000000000000000000e+00
1.131243991851806641e+01,-1.523037403821945190e-01,1.500000000000000000e+01,0.000000000000000000e+00
1.131567192077636719e+01,-1.470137983560562134e-01,1.500000000000000000e+01,0.000000000000000000e+00
1.128086280822753906e+01,-1.820710450410842896e-01,1.500000000000000000e+01,0.000000000000000000e+00
1.132835197448730469e+01,-1.330617815256118774e-01,1.500000000000000000e+01,0.000000000000000000e+00
1.152136898040771484e+01,6.191812455654144287e-02,1.500000000000000000e+01,0.000000000000000000e+00
1.141628837585449219e+01,-1.082133315503597260e-02,1.500000000000000000e+01,0.000000000000000000e+00
1.153721046447753906e+01,9.969730675220489502e-02,1.500000000000000000e+01,0.000000000000000000e+00
1.148311614990234375e+01,2.812020294368267059e-02,1.500000000000000000e+01,0.000000000000000000e+00
1.174454975128173828e+01,2.997609972953796387e-01,1.500000000000000000e+01,0.000000000000000000e+00
1.129831409454345703e+01,-1.640228778123855591e-01,1.500000000000000000e+01,0.000000000000000000e+00
1.167917537689208984e+01,2.244449555873870850e-01,1.500000000000000000e+01,0.000000000000000000e+00
1.151931858062744141e+01,4.644887521862983704e-02,1.500000000000000000e+01,0.000000000000000000e+00
1.178089904785156250e+01,3.316865861415863037e-01,1.500000000000000000e+01,0.000000000000000000e+00
1.126517772674560547e+01,-1.969995051622390747e-01,1.500000000000000000e+01,0.000000000000000000e+00
1.156363964080810547e+01,1.080902218818664551e-01,1.500000000000000000e+01,0.000000000000000000e+00
1.128365802764892578e+01,-1.795296072959899902e-01,1.500000000000000000e+01,0.000000000000000000e+00
1.161395359039306641e+01,1.207416802644729614e-01,1.500000000000000000e+01,0.000000000000000000e+00
1.153356742858886719e+01,8.762079477310180664e-02,1.500000000000000000e+01,0.000000000000000000e+00
1.178221607208251953e+01,3.319918513298034668e-01,1.500000000000000000e+01,0.000000000000000000e+00
1.131079196929931641e+01,-1.506075412034988403e-01,1.500000000000000000e+01,0.000000000000000000e+00
1.173994731903076172e+01,2.929658293724060059e-01,1.500000000000000000e+01,0.000000000000000000e+00
1.156918525695800781e+01,1.027913689613342285e-01,1.500000000000000000e+01,0.000000000000000000e+00
1.133786869049072266e+01,-1.268009692430496216e-01,1.500000000000000000e+01,0.000000000000000000e+00
1.149056148529052734e+01,2.649800479412078857e-02,1.500000000000000000e+01,0.000000000000000000e+00
1.141574287414550781e+01,-4.617462679743766785e-02,1.500000000000000000e+01,0.000000000000000000e+00
1.160992717742919922e+01,1.650421768426895142e-01,1.500000000000000000e+01,0.000000000000000000e+00
1.171134090423583984e+01,2.667865455150604248e-01,1.500000000000000000e+01,0.000000000000000000e+00
1.178493022918701172e+01,3.369036614894866943e-01,1.500000000000000000e+01,0.000000000000000000e+00
1.179996585845947266e+01,3.543584942817687988e-01,1.500000000000000000e+01,0.000000000000000000e+00
1.152260684967041016e+01,1.938543654978275299e-02,1.500000000000000000e+01,0.000000000000000000e+00
7.066815853118896484e+00,4.156534671783447266e+00,1.200000000000000000e+01,0.000000000000000000e+00
7.247330665588378906e+00,4.316166877746582031e+00,1.200000000000000000e+01,0.000000000000000000e+00
7.092146873474121094e+00,4.175844669342041016e+00,1.200000000000000000e+01,0.000000000000000000e+00
7.516266822814941406e+00,4.419180393218994141e+00,1.200000000000000000e+01,0.000000000000000000e+00
7.295881271362304688e+00,4.349867343902587891e+00,1.200000000000000000e+01,0.000000000000000000e+00
7.315081596374511719e+00,4.349329948425292969e+00,1.200000000000000000e+01,0.000000000000000000e+00
7.128937721252441406e+00,4.195345878601074219e+00,1.200000000000000000e+01,0.000000000000000000e+00
7.680880546569824219e+00,4.493499755859375000e+00,1.200000000000000000e+01,0.000000000000000000e+00
7.426608562469482422e+00,4.389130592346191406e+00,1.200000000000000000e+01,0.000000000000000000e+00
7.608648300170898438e+00,4.435533523559570312e+00,1.200000000000000000e+01,0.000000000000000000e+00
7.653773307800292969e+00,4.479484558105468750e+00,1.200000000000000000e+01,0.000000000000000000e+00
7.075325012207031250e+00,4.164369583129882812e+00,1.200000000000000000e+01,0.000000000000000000e+00
7.026872634887695312e+00,4.119501590728759766e+00,1.200000000000000000e+01,0.000000000000000000e+00
7.190527439117431641e+00,4.247535228729248047e+00,1.200000000000000000e+01,0.000000000000000000e+00
7.160171508789062500e+00,4.233583450317382812e+00,1.200000000000000000e+01,0.000000000000000000e+00
7.458397388458251953e+00,4.446330547332763672e+00,1.200000000000000000e+01,0.000000000000000000e+00
7.717143535614013672e+00,4.528822422027587891e+00,1.200000000000000000e+01,0.000000000000000000e+00
7.702167987823486328e+00,4.526899814605712891e+00,1.200000000000000000e+01,0.000000000000000000e+00
7.249768257141113281e+00,4.306240558624267578e+00,1.200000000000000000e+01,0.000000000000000000e+00
7.067958354949951172e+00,4.156445980072021484e+00,1.200000000000000000e+01,0.000000000000000000e+00
7.262236118316650391e+00,4.316511154174804688e+00,1.200000000000000000e+01,0.000000000000000000e+00
7.706717014312744141e+00,4.514599323272705078e+00,1.200000000000000000e+01,0.000000000000000000e+00
7.061243057250976562e+00,4.154434204101562500e+00,1.200000000000000000e+01,0.000000000000000000e+00
7.170835018157958984e+00,4.243686676025390625e+00,1.200000000000000000e+01,0.000000000000000000e+00
7.292248249053955078e+00,4.346599102020263672e+00,1.200000000000000000e+01,0.000000000000000000e+00
7.596665382385253906e+00,4.430726528167724609e+00,1.200000000000000000e+01,0.000000000000000000e+00
7.609601020812988281e+00,4.435324668884277344e+00,1.200000000000000000e+01,0.000000000000000000e+00
7.051010131835937500e+00,4.144789695739746094e+00,1.200000000000000000e+01,0.000000000000000000e+00
1.178227138519287109e+01,9.157743453979492188e+00,1.600000000000000000e+01,0.000000000000000000e+00
7.189395427703857422e+00,4.265105724334716797e+00,1.200000000000000000e+01,0.000000000000000000e+00
7.681828022003173828e+00,4.502567768096923828e+00,1.200000000000000000e+01,0.000000000000000000e+00
7.369165420532226562e+00,4.396108150482177734e+00,1.200000000000000000e+01,0.000000000000000000e+00
7.105719089508056641e+00,4.190606117248535156e+00,1.200000000000000000e+01,0.000000000000000000e+00
7.099138736724853516e+00,4.207273483276367188e+00,1.200000000000000000e+01,0.000000000000000000e+00
7.210740566253662109e+00,4.293328285217285156e+00,1.200000000000000000e+01,0.000000000000000000e+00
6.027976512908935547e+00,1.626400184631347656e+01,2.000000000000000000e+01,0.000000000000000000e+00
6.306744575500488281e+00,1.587734031677246094e+01,2.000000000000000000e+01,0.000000000000000000e+00
6.334441661834716797e+00,1.593680667877197266e+01,2.000000000000000000e+01,0.000000000000000000e+00
6.101445674896240234e+00,1.617166519165039062e+01,2.000000000000000000e+01,0.000000000000000000e+00
6.040859699249267578e+00,1.622240638732910156e+01,2.000000000000000000e+01,0.000000000000000000e+00
6.199059963226318359e+00,1.602498626708984375e+01,2.000000000000000000e+01,0.000000000000000000e+00
6.117807865142822266e+00,1.619509315490722656e+01,2.000000000000000000e+01,0.000000000000000000e+00
6.248860836029052734e+00,1.597655296325683594e+01,2.000000000000000000e+01,0.000000000000000000e+00
6.405944347381591797e+00,1.584604072570800781e+01,2.000000000000000000e+01,0.000000000000000000e+00
6.431845664978027344e+00,1.581708431243896484e+01,2.000000000000000000e+01,0.000000000000000000e+00
6.259894847869873047e+00,1.593303966522216797e+01,2.000000000000000000e+01,0.000000000000000000e+00
6.043664455413818359e+00,1.620241546630859375e+01,2.000000000000000000e+01,0.000000000000000000e+00
6.298254966735839844e+00,1.597235298156738281e+01,2.000000000000000000e+01,0.000000000000000000e+00
6.079447269439697266e+00,1.616372299194335938e+01,2.000000000000000000e+01,0.000000000000000000e+00
6.077927112579345703e+00,1.618355560302734375e+01,2.000000000000000000e+01,0.000000000000000000e+00
6.142574310302734375e+00,1.616766929626464844e+01,2.000000000000000000e+01,0.000000000000000000e+00
6.032447338104248047e+00,1.623108863830566406e+01,2.000000000000000000e+01,0.000000000000000000e+00
6.425599575042724609e+00,1.582152366638183594e+01,2.000000000000000000e+01,0.000000000000000000e+00
6.212650775909423828e+00,1.608913612365722656e+01,2.000000000000000000e+01,0.000000000000000000e+00
6.279073715209960938e+00,1.593383979797363281e+01,2.000000000000000000e+01,0.000000000000000000e+00
6.314099788665771484e+00,1.592987918853759766e+01,2.000000000000000000e+01,0.000000000000000000e+00
6.131543636322021484e+00,1.614350318908691406e+01,2.000000000000000000e+01,0.000000000000000000e+00
6.049088001251220703e+00,1.623057746887207031e+01,2.000000000000000000e+01,0.000000000000000000e+00
6.193553924560546875e+00,1.599472999572753906e+01,2.000000000000000000e+01,0.000000000000000000e+00
6.418056964874267578e+00,1.582876491546630859e+01,9.000000000000000000e+00,0.000000000000000000e+00
6.460597991943359375e+00,1.580064678192138672e+01,2.000000000000000000e+01,0.000000000000000000e+00
6.105931758880615234e+00,1.614107322692871094e+01,2.000000000000000000e+01,0.000000000000000000e+00
6.399377346038818359e+00,1.581985092163085938e+01,2.000000000000000000e+01,0.000000000000000000e+00
6.327066421508789062e+00,1.587995243072509766e+01,2.000000000000000000e+01,0.000000000000000000e+00
6.206052303314208984e+00,1.601733779907226562e+01,2.000000000000000000e+01,0.000000000000000000e+00
6.113925933837890625e+00,1.621989250183105469e+01,2.000000000000000000e+01,0.000000000000000000e+00
6.044954776763916016e+00,1.621783065795898438e+01,2.000000000000000000e+01,0.000000000000000000e+00
5.990256309509277344e+00,1.628662109375000000e+01,2.000000000000000000e+01,0.000000000000000000e+00
6.376762866973876953e+00,1.582816219329833984e+01,2.000000000000000000e+01,0.000000000000000000e+00
8.964120864868164062e+00,-4.752977371215820312e+00,9.000000000000000000e+00,0.000000000000000000e+00
8.742590904235839844e+00,-5.134374618530273438e+00,1.000000000000000000e+01,0.000000000000000000e+00
8.903410911560058594e+00,-4.938064098358154297e+00,1.000000000000000000e+01,0.000000000000000000e+00
8.633619308471679688e+00,-5.298101425170898438e+00,1.000000000000000000e+01,0.000000000000000000e+00
8.883898735046386719e+00,-4.998236179351806641e+00,1.000000000000000000e+01,0.000000000000000000e+00
8.767381668090820312e+00,-5.127577781677246094e+00,1.000000000000000000e+01,0.000000000000000000e+00
8.723700523376464844e+00,-5.156670093536376953e+00,1.000000000000000000e+01,0.000000000000000000e+00
8.611262321472167969e+00,-5.331508159637451172e+00,1.000000000000000000e+01,0.000000000000000000e+00
8.874998092651367188e+00,-4.974328041076660156e+00,1.000000000000000000e+01,0.000000000000000000e+00
8.950876235961914062e+00,-4.871598720550537109e+00,1.000000000000000000e+01,0.000000000000000000e+00
8.988546371459960938e+00,-4.813429832458496094e+00,1.000000000000000000e+01,0.000000000000000000e+00
8.832385063171386719e+00,-5.054716587066650391e+00,1.000000000000000000e+01,0.000000000000000000e+00
8.614876747131347656e+00,-5.396244525909423828e+00,1.000000000000000000e+01,0.000000000000000000e+00
9.040413856506347656e+00,-4.773151397705078125e+00,1.000000000000000000e+01,0.000000000000000000e+00
8.980933189392089844e+00,-4.846609592437744141e+00,1.000000000000000000e+01,0.000000000000000000e+00
8.796698570251464844e+00,-5.084218978881835938e+00,1.000000000000000000e+01,0.000000000000000000e+00
8.755870819091796875e+00,-5.135155200958251953e+00,1.000000000000000000e+01,0.000000000000000000e+00
8.981264114379882812e+00,-4.838903903961181641e+00,1.000000000000000000e+01,0.000000000000000000e+00
8.564474105834960938e+00,-5.390307426452636719e+00,1.000000000000000000e+01,0.000000000000000000e+00
8.946659088134765625e+00,-4.882260799407958984e+00,1.000000000000000000e+01,0.000000000000000000e+00
8.923383712768554688e+00,-4.912828922271728516e+00,1.000000000000000000e+01,0.000000000000000000e+00
8.578672409057617188e+00,-5.379186153411865234e+00,1.000000000000000000e+01,0.000000000000000000e+00
8.575032234191894531e+00,-5.374494552612304688e+00,1.000000000000000000e+01,0.000000000000000000e+00
8.544143676757812500e+00,-5.418540000915527344e+00,1.000000000000000000e+01,0.000000000000000000e+00
8.815784454345703125e+00,-5.064818859100341797e+00,1.000000000000000000e+01,0.000000000000000000e+00
8.579327583312988281e+00,-5.382530212402343750e+00,1.000000000000000000e+01,0.000000000000000000e+00
8.595134735107421875e+00,-5.341126918792724609e+00,1.000000000000000000e+01,0.000000000000000000e+00
8.907752990722656250e+00,-4.984888553619384766e+00,1.000000000000000000e+01,0.000000000000000000e+00
8.958579063415527344e+00,-4.843399524688720703e+00,1.000000000000000000e+01,0.000000000000000000e+00
8.996489524841308594e+00,-4.799150943756103516e+00,1.000000000000000000e+01,0.000000000000000000e+00
8.666066169738769531e+00,-5.259595870971679688e+00,1.000000000000000000e+01,0.000000000000000000e+00
8.699099540710449219e+00,-5.201088905334472656e+00,1.000000000000000000e+01,0.000000000000000000e+00
8.614778518676757812e+00,-5.324582099914550781e+00,1.000000000000000000e+01,0.000000000000000000e+00
8.643266677856445312e+00,-5.299242019653320312e+00,1.000000000000000000e+01,0.000000000000000000e+00
9.009336471557617188e+00,-4.810252666473388672e+00,1.000000000000000000e+01,0.000000000000000000e+00
8.844185829162597656e+00,-5.034328937530517578e+00,1.000000000000000000e+01,0.000000000000000000e+00
-4.077004909515380859e+00,1.199830722808837891e+01,1.000000000000000000e+01,1.000000000000000000e+00
-4.094352245330810547e+00,1.203936958312988281e+01,1.000000000000000000e+01,1.000000000000000000e+00
-4.188663005828857422e+00,1.254295635223388672e+01,1.000000000000000000e+01,1.000000000000000000e+00
-4.126834392547607422e+00,1.248038101196289062e+01,1.000000000000000000e+01,1.000000000000000000e+00
-4.081449985504150391e+00,1.203325653076171875e+01,1.000000000000000000e+01,1.000000000000000000e+00
-4.199721813201904297e+00,1.253900051116943359e+01,1.000000000000000000e+01,1.000000000000000000e+00
-4.082161426544189453e+00,1.242316341400146484e+01,1.000000000000000000e+01,1.000000000000000000e+00
-4.063390254974365234e+00,1.211434078216552734e+01,1.000000000000000000e+01,1.000000000000000000e+00
-4.050776958465576172e+00,1.198375415802001953e+01,1.000000000000000000e+01,1.000000000000000000e+00
-4.006736755371093750e+00,1.231711578369140625e+01,1.000000000000000000e+01,1.000000000000000000e+00
-4.044119834899902344e+00,1.199618434906005859e+01,1.000000000000000000e+01,1.000000000000000000e+00
-4.142207145690917969e+00,1.245209407806396484e+01,1.000000000000000000e+01,1.000000000000000000e+00
-4.147993564605712891e+00,1.245146274566650391e+01,1.000000000000000000e+01,1.000000000000000000e+00
-4.202007293701171875e+00,1.256354045867919922e+01,1.000000000000000000e+01,1.000000000000000000e+00
-4.080882549285888672e+00,1.200436687469482422e+01,1.000000000000000000e+01,1.000000000000000000e+00
-4.053649425506591797e+00,1.207291603088378906e+01,1.000000000000000000e+01,1.000000000000000000e+00
-4.201582908630371094e+00,1.251991558074951172e+01,1.000000000000000000e+01,1.000000000000000000e+00
-4.124875545501708984e+00,1.196347427368164062e+01,1.000000000000000000e+01,1.000000000000000000e+00
-4.058622360229492188e+00,1.212552833557128906e+01,1.000000000000000000e+01,1.000000000000000000e+00
-4.051820278167724609e+00,1.210825920104980469e+01,1.000000000000000000e+01,1.000000000000000000e+00
-4.223220825195312500e+00,1.243775177001953125e+01,1.000000000000000000e+01,1.000000000000000000e+00
-4.217373847961425781e+00,1.258162403106689453e+01,1.000000000000000000e+01,1.000000000000000000e+00
-4.171413898468017578e+00,1.250687408447265625e+01,1.000000000000000000e+01,1.000000000000000000e+00
-4.039561748504638672e+00,1.200552654266357422e+01,1.000000000000000000e+01,1.000000000000000000e+00
-4.145447254180908203e+00,1.250786495208740234e+01,1.000000000000000000e+01,1.000000000000000000e+00
-4.095833301544189453e+00,1.245780467987060547e+01,1.000000000000000000e+01,1.000000000000000000e+00
-4.053126335144042969e+00,1.204261302947998047e+01,1.000000000000000000e+01,1.000000000000000000e+00
-4.158269882202148438e+00,1.259702968597412109e+01,1.000000000000000000e+01,1.000000000000000000e+00
-4.218194484710693359e+00,1.255786037445068359e+01,1.000000000000000000e+01,1.000000000000000000e+00
-4.036556720733642578e+00,1.225126743316650391e+01,1.000000000000000000e+01,1.000000000000000000e+00
-4.108364105224609375e+00,1.205857753753662109e+01,1.000000000000000000e+01,1.000000000000000000e+00
-4.195746421813964844e+00,1.256678009033203125e+01,1.000000000000000000e+01,1.000000000000000000e+00
-4.102641105651855469e+00,1.203095245361328125e+01,1.000000000000000000e+01,1.000000000000000000e+00
-4.027390003204345703e+00,1.230193710327148438e+01,1.000000000000000000e+01,1.000000000000000000e+00
-4.053229331970214844e+00,1.213085556030273438e+01,1.000000000000000000e+01,1.000000000000000000e+00
4.564761161804199219e+00,9.122117042541503906e+00,9.000000000000000000e+00,1.000000000000000000e+00
4.223302841186523438e+00,9.255134582519531250e+00,1.500000000000000000e+01,1.000000000000000000e+00
3.994668245315551758e+00,9.418239593505859375e+00,1.500000000000000000e+01,1.000000000000000000e+00
4.120349407196044922e+00,9.336014747619628906e+00,1.500000000000000000e+01,1.000000000000000000e+00
3.985273122787475586e+00,9.422987937927246094e+00,1.500000000000000000e+01,1.000000000000000000e+00
4.737812042236328125e+00,9.012760162353515625e+00,1.600000000000000000e+01,1.000000000000000000e+00
4.094875335693359375e+00,9.322069168090820312e+00,1.500000000000000000e+01,1.000000000000000000e+00
4.719976425170898438e+00,9.022762298583984375e+00,1.600000000000000000e+01,1.000000000000000000e+00
4.744554996490478516e+00,9.012074470520019531e+00,1.600000000000000000e+01,1.000000000000000000e+00
4.622949600219726562e+00,9.091227531433105469e+00,1.600000000000000000e+01,1.000000000000000000e+00
4.758771896362304688e+00,8.992197036743164062e+00,1.600000000000000000e+01,1.000000000000000000e+00
3.945777893066406250e+00,9.463442802429199219e+00,1.500000000000000000e+01,1.000000000000000000e+00
4.721702098846435547e+00,9.042189598083496094e+00,1.600000000000000000e+01,1.000000000000000000e+00
4.645723819732666016e+00,9.099807739257812500e+00,1.600000000000000000e+01,1.000000000000000000e+00
3.959952592849731445e+00,9.448204994201660156e+00,1.500000000000000000e+01,1.000000000000000000e+00
4.103154182434082031e+00,9.317338943481445312e+00,1.500000000000000000e+01,1.000000000000000000e+00
4.183486938476562500e+00,9.283950805664062500e+00,1.500000000000000000e+01,1.000000000000000000e+00
3.902881622314453125e+00,9.494356155395507812e+00,9.000000000000000000e+00,1.000000000000000000e+00
4.720105648040771484e+00,9.025396347045898438e+00,1.600000000000000000e+01,1.000000000000000000e+00
4.074304103851318359e+00,9.351876258850097656e+00,1.500000000000000000e+01,1.000000000000000000e+00
3.986529111862182617e+00,9.419680595397949219e+00,1.500000000000000000e+01,1.000000000000000000e+00
4.291861057281494141e+00,9.218156814575195312e+00,1.500000000000000000e+01,1.000000000000000000e+00
4.051606178283691406e+00,9.400032043457031250e+00,1.500000000000000000e+01,1.000000000000000000e+00
3.939520359039306641e+00,9.463215827941894531e+00,9.000000000000000000e+00,1.000000000000000000e+00
3.925188779830932617e+00,9.478086471557617188e+00,1.500000000000000000e+01,1.000000000000000000e+00
4.182136535644531250e+00,9.261671066284179688e+00,9.000000000000000000e+00,1.000000000000000000e+00
4.589535236358642578e+00,9.119986534118652344e+00,1.600000000000000000e+01,1.000000000000000000e+00
4.089991092681884766e+00,9.330374717712402344e+00,1.500000000000000000e+01,1.000000000000000000e+00
4.731727123260498047e+00,9.006987571716308594e+00,1.600000000000000000e+01,1.000000000000000000e+00
4.041059017181396484e+00,9.369982719421386719e+00,1.500000000000000000e+01,1.000000000000000000e+00
3.930221557617187500e+00,9.484090805053710938e+00,1.500000000000000000e+01,1.000000000000000000e+00
4.060263156890869141e+00,9.354134559631347656e+00,1.500000000000000000e+01,1.000000000000000000e+00
3.885750293731689453e+00,9.488987922668457031e+00,1.500000000000000000e+01,1.000000000000000000e+00
4.043268680572509766e+00,9.372877120971679688e+00,1.500000000000000000e+01,1.000000000000000000e+00
4.548397064208984375e+00,9.136046409606933594e+00,9.000000000000000000e+00,1.000000000000000000e+00
4.551084041595458984e+00,-4.104198813438415527e-01,1.700000000000000000e+01,1.000000000000000000e+00
4.556840896606445312e+00,-4.301280081272125244e-01,9.000000000000000000e+00,1.000000000000000000e+00
4.513564109802246094e+00,-3.730592429637908936e-01,1.700000000000000000e+01,1.000000000000000000e+00
2.837573766708374023e+00,2.845080614089965820e+00,1.900000000000000000e+01,1.000000000000000000e+00
3.860774040222167969e+00,5.696491003036499023e-01,1.800000000000000000e+01,1.000000000000000000e+00
2.797679901123046875e+00,2.504845142364501953e+00,1.900000000000000000e+01,1.000000000000000000e+00
2.897883892059326172e+00,3.185705423355102539e+00,9.000000000000000000e+00,1.000000000000000000e+00
2.880527496337890625e+00,3.406172990798950195e+00,9.000000000000000000e+00,1.000000000000000000e+00
4.628298282623291016e+00,-5.173600912094116211e-01,9.000000000000000000e+00,1.000000000000000000e+00
2.747987508773803711e+00,2.538448572158813477e+00,1.900000000000000000e+01,1.000000000000000000e+00
4.676176071166992188e+00,-5.457587838172912598e-01,1.700000000000000000e+01,1.000000000000000000e+00
4.546438694000244141e+00,-4.357056617736816406e-01,1.700000000000000000e+01,1.000000000000000000e+00
2.818205833435058594e+00,2.607251644134521484e+00,1.900000000000000000e+01,1.000000000000000000e+00
4.561657428741455078e+00,-4.282869100570678711e-01,9.000000000000000000e+00,1.000000000000000000e+00
4.470577716827392578e+00,-3.665058314800262451e-01,1.700000000000000000e+01,1.000000000000000000e+00
2.787389516830444336e+00,2.596343755722045898e+00,1.900000000000000000e+01,1.000000000000000000e+00
4.065969944000244141e+00,4.379120767116546631e-01,1.800000000000000000e+01,1.000000000000000000e+00
2.879431009292602539e+00,3.171292543411254883e+00,1.900000000000000000e+01,1.000000000000000000e+00
2.762833356857299805e+00,2.063652992248535156e+00,1.900000000000000000e+01,1.000000000000000000e+00
2.854740381240844727e+00,2.933248519897460938e+00,1.900000000000000000e+01,1.000000000000000000e+00
2.889626979827880859e+00,3.150993347167968750e+00,1.900000000000000000e+01,1.000000000000000000e+00
4.642121791839599609e+00,-5.292842388153076172e-01,9.000000000000000000e+00,1.000000000000000000e+00
4.532959938049316406e+00,-4.214442372322082520e-01,1.700000000000000000e+01,1.000000000000000000e+00
4.013885498046875000e+00,5.733681917190551758e-01,1.800000000000000000e+01,1.000000000000000000e+00
4.558975219726562500e+00,-4.549739062786102295e-01,9.000000000000000000e+00,1.000000000000000000e+00
2.900358676910400391e+00,3.433123111724853516e+00,9.000000000000000000e+00,1.000000000000000000e+00
2.747024774551391602e+00,2.444127321243286133e+00,1.900000000000000000e+01,1.000000000000000000e+00
3.729483842849731445e+00,6.747243404388427734e-01,1.800000000000000000e+01,1.000000000000000000e+00
4.529284000396728516e+00,-4.002223014831542969e-01,1.700000000000000000e+01,1.000000000000000000e+00
4.495663642883300781e+00,-3.845659494400024414e-01,1.700000000000000000e+01,1.000000000000000000e+00
4.552370071411132812e+00,-3.674095571041107178e-01,1.700000000000000000e+01,1.000000000000000000e+00
2.879619836807250977e+00,3.107180833816528320e+00,1.900000000000000000e+01,1.000000000000000000e+00
2.819236278533935547e+00,2.708674907684326172e+00,1.900000000000000000e+01,1.000000000000000000e+00
4.601641654968261719e+00,-4.963681697845458984e-01,1.700000000000000000e+01,1.000000000000000000e+00
4.566259860992431641e+00,-4.577828049659729004e-01,1.700000000000000000e+01,1.000000000000000000e+00
3.614747524261474609e+00,6.903709173202514648e-01,1.800000000000000000e+01,1.000000000000000000e+00
3.696475982666015625e+00,6.987703442573547363e-01,1.800000000000000000e+01,1.000000000000000000e+00
4.242393016815185547e+00,5.124863386154174805e-01,1.800000000000000000e+01,1.000000000000000000e+00
3.742984294891357422e+00,1.156938314437866211e+00,1.800000000000000000e+01,1.000000000000000000e+00
3.725687742233276367e+00,1.397739410400390625e+00,1.800000000000000000e+01,1.000000000000000000e+00
3.683604717254638672e+00,1.284288167953491211e+00,1.800000000000000000e+01,1.000000000000000000e+00
4.088122367858886719e+00,5.691691040992736816e-01,1.800000000000000000e+01,1.000000000000000000e+00
3.570176362991333008e+00,7.755264639854431152e-01,1.800000000000000000e+01,1.000000000000000000e+00
4.083773136138916016e+00,9.599292278289794922e-01,1.800000000000000000e+01,1.000000000000000000e+00
3.657884836196899414e+00,1.359098911285400391e+00,1.800000000000000000e+01,1.000000000000000000e+00
3.986323833465576172e+00,1.111528515815734863e+00,1.800000000000000000e+01,1.000000000000000000e+00
4.190731048583984375e+00,5.511956214904785156e-01,1.800000000000000000e+01,1.000000000000000000e+00
3.418059825897216797e+00,1.544691205024719238e+00,1.800000000000000000e+01,1.000000000000000000e+00
3.717519044876098633e+00,8.671071529388427734e-01,1.800000000000000000e+01,1.000000000000000000e+00
4.232909202575683594e+00,4.814931750297546387e-01,1.800000000000000000e+01,1.000000000000000000e+00
3.627707481384277344e+00,1.058032989501953125e+00,1.800000000000000000e+01,1.000000000000000000e+00
3.988112688064575195e+00,1.139636754989624023e+00,1.800000000000000000e+01,1.000000000000000000e+00
3.991979360580444336e+00,1.129320025444030762e+00,1.800000000000000000e+01,1.000000000000000000e+00
3.937256574630737305e+00,1.297822713851928711e+00,1.800000000000000000e+01,1.000000000000000000e+00
3.613196849822998047e+00,6.554809808731079102e-01,9.000000000000000000e+00,1.000000000000000000e+00
3.614603996276855469e+00,7.115595936775207520e-01,1.800000000000000000e+01,1.000000000000000000e+00
3.500060558319091797e+00,7.672075033187866211e-01,1.800000000000000000e+01,1.000000000000000000e+00
4.287738800048828125e+00,6.386724114418029785e-01,1.800000000000000000e+01,1.000000000000000000e+00
3.698726654052734375e+00,7.108402848243713379e-01,1.800000000000000000e+01,1.000000000000000000e+00
3.642709493637084961e+00,7.531437277793884277e-01,1.800000000000000000e+01,1.000000000000000000e+00
4.021059989929199219e+00,1.068247199058532715e+00,1.800000000000000000e+01,1.000000000000000000e+00
3.409475088119506836e+00,1.672209143638610840e+00,1.800000000000000000e+01,1.000000000000000000e+00
4.050956249237060547e+00,4.988195598125457764e-01,1.800000000000000000e+01,1.000000000000000000e+00
4.001300334930419922e+00,1.153235316276550293e+00,1.800000000000000000e+01,1.000000000000000000e+00
3.957238674163818359e+00,1.078763365745544434e+00,1.800000000000000000e+01,1.000000000000000000e+00
4.013488292694091797e+00,5.815130472183227539e-01,1.800000000000000000e+01,1.000000000000000000e+00
3.715031147003173828e+00,6.141474843025207520e-01,1.800000000000000000e+01,1.000000000000000000e+00
3.754166603088378906e+00,1.053984642028808594e+00,1.800000000000000000e+01,1.000000000000000000e+00
3.627709627151489258e+00,9.062418341636657715e-01,1.800000000000000000e+01,1.000000000000000000e+00
3.903974294662475586e+00,1.339571833610534668e+00,9.000000000000000000e+00,1.000000000000000000e+00
1.606908035278320312e+01,-7.613279819488525391e+00,1.100000000000000000e+01,1.000000000000000000e+00
1.600799751281738281e+01,-7.492461681365966797e+00,1.100000000000000000e+01,1.000000000000000000e+00
1.564983940124511719e+01,-7.622310161590576172e+00,1.100000000000000000e+01,1.000000000000000000e+00
1.578256511688232422e+01,-7.514657020568847656e+00,1.100000000000000000e+01,1.000000000000000000e+00
1.578036975860595703e+01,-7.732629299163818359e+00,1.100000000000000000e+01,1.000000000000000000e+00
1.563547420501708984e+01,-7.626551628112792969e+00,1.100000000000000000e+01,1.000000000000000000e+00
1.571015739440917969e+01,-7.671180248260498047e+00,1.100000000000000000e+01,1.000000000000000000e+00
1.600595664978027344e+01,-7.493530750274658203e+00,1.100000000000000000e+01,1.000000000000000000e+00
1.556102561950683594e+01,-7.489363670349121094e+00,1.100000000000000000e+01,1.000000000000000000e+00
1.586237239837646484e+01,-7.441308975219726562e+00,1.100000000000000000e+01,1.000000000000000000e+00
1.583366775512695312e+01,-7.510893821716308594e+00,1.100000000000000000e+01,1.000000000000000000e+00
1.601302528381347656e+01,-7.766872406005859375e+00,1.100000000000000000e+01,1.000000000000000000e+00
1.590375328063964844e+01,-7.665874004364013672e+00,1.100000000000000000e+01,1.000000000000000000e+00
1.590335083007812500e+01,-7.765989303588867188e+00,1.100000000000000000e+01,1.000000000000000000e+00
1.575943088531494141e+01,-7.523448467254638672e+00,1.100000000000000000e+01,1.000000000000000000e+00
1.589682197570800781e+01,-7.631374835968017578e+00,1.100000000000000000e+01,1.000000000000000000e+00
1.590353775024414062e+01,-7.500292778015136719e+00,1.100000000000000000e+01,1.000000000000000000e+00
1.579071521759033203e+01,-7.472257137298583984e+00,1.100000000000000000e+01,1.000000000000000000e+00
1.601094245910644531e+01,-7.399222850799560547e+00,1.100000000000000000e+01,1.000000000000000000e+00
1.576486110687255859e+01,-7.732712745666503906e+00,1.100000000000000000e+01,1.000000000000000000e+00
1.564057731628417969e+01,-7.590997695922851562e+00,1.100000000000000000e+01,1.000000000000000000e+00
1.592841625213623047e+01,-7.763392448425292969e+00,1.100000000000000000e+01,1.000000000000000000e+00
1.595451164245605469e+01,-7.773329257965087891e+00,1.100000000000000000e+01,1.000000000000000000e+00
1.597085285186767578e+01,-7.774595737457275391e+00,1.100000000000000000e+01,1.000000000000000000e+00
1.604865837097167969e+01,-7.740375995635986328e+00,1.100000000000000000e+01,1.000000000000000000e+00
1.594588565826416016e+01,-7.746063709259033203e+00,1.100000000000000000e+01,1.000000000000000000e+00
1.583080196380615234e+01,-7.451090335845947266e+00,1.100000000000000000e+01,1.000000000000000000e+00
1.563777065277099609e+01,-7.567352771759033203e+00,1.100000000000000000e+01,1.000000000000000000e+00
1.562725925445556641e+01,-7.590958118438720703e+00,1.100000000000000000e+01,1.000000000000000000e+00
1.598356342315673828e+01,-7.488586902618408203e+00,1.100000000000000000e+01,1.000000000000000000e+00
1.597549819946289062e+01,-7.525912284851074219e+00,1.100000000000000000e+01,1.000000000000000000e+00
1.577804374694824219e+01,-7.660794258117675781e+00,1.100000000000000000e+01,1.000000000000000000e+00
1.612565612792968750e+01,-7.732805728912353516e+00,1.100000000000000000e+01,1.000000000000000000e+00
1.595037651062011719e+01,-7.379303455352783203e+00,1.100000000000000000e+01,1.000000000000000000e+00
1.570892143249511719e+01,-7.495686054229736328e+00,1.100000000000000000e+01,1.000000000000000000e+00
1.023720073699951172e+01,1.726677513122558594e+01,1.300000000000000000e+01,1.000000000000000000e+00
1.018079471588134766e+01,1.732488632202148438e+01,1.300000000000000000e+01,1.000000000000000000e+00
9.759548187255859375e+00,1.766573143005371094e+01,9.000000000000000000e+00,1.000000000000000000e+00
1.003639888763427734e+01,1.749669837951660156e+01,1.300000000000000000e+01,1.000000000000000000e+00
9.919188499450683594e+00,1.757399177551269531e+01,1.300000000000000000e+01,1.000000000000000000e+00
9.962836265563964844e+00,1.753682518005371094e+01,1.300000000000000000e+01,1.000000000000000000e+00
9.880822181701660156e+00,1.763071441650390625e+01,1.300000000000000000e+01,1.000000000000000000e+00
3.952731370925903320e+00,1.708956909179687500e+01,9.000000000000000000e+00,1.000000000000000000e+00
1.010288715362548828e+01,1.740276527404785156e+01,1.300000000000000000e+01,1.000000000000000000e+00
9.847908973693847656e+00,1.763487052917480469e+01,1.300000000000000000e+01,1.000000000000000000e+00
9.956760406494140625e+00,1.775625038146972656e+01,1.300000000000000000e+01,1.000000000000000000e+00
1.013801002502441406e+01,1.737216949462890625e+01,1.300000000000000000e+01,1.000000000000000000e+00
9.954050064086914062e+00,1.760195159912109375e+01,1.300000000000000000e+01,1.000000000000000000e+00
9.953816413879394531e+00,1.761516761779785156e+01,1.300000000000000000e+01,1.000000000000000000e+00
1.018120861053466797e+01,1.732571983337402344e+01,1.300000000000000000e+01,1.000000000000000000e+00
9.830340385437011719e+00,1.764514923095703125e+01,1.300000000000000000e+01,1.000000000000000000e+00
1.025024986267089844e+01,1.724881362915039062e+01,1.300000000000000000e+01,1.000000000000000000e+00
9.959394454956054688e+00,1.761619567871093750e+01,1.300000000000000000e+01,1.000000000000000000e+00
1.018795776367187500e+01,1.731888198852539062e+01,1.300000000000000000e+01,1.000000000000000000e+00
1.010843181610107422e+01,1.740727806091308594e+01,1.300000000000000000e+01,1.000000000000000000e+00
1.019365406036376953e+01,1.730862426757812500e+01,1.300000000000000000e+01,1.000000000000000000e+00
1.014256095886230469e+01,1.736380386352539062e+01,1.300000000000000000e+01,1.000000000000000000e+00
9.946231842041015625e+00,1.758863830566406250e+01,1.300000000000000000e+01,1.000000000000000000e+00
9.889682769775390625e+00,1.760534667968750000e+01,1.300000000000000000e+01,1.000000000000000000e+00
1.012448596954345703e+01,1.738327598571777344e+01,1.300000000000000000e+01,1.000000000000000000e+00
1.003417301177978516e+01,1.748710823059082031e+01,1.300000000000000000e+01,1.000000000000000000e+00
1.022751235961914062e+01,1.727413940429687500e+01,1.300000000000000000e+01,1.000000000000000000e+00
1.023621177673339844e+01,1.726415634155273438e+01,1.300000000000000000e+01,1.000000000000000000e+00
9.851991653442382812e+00,1.762634086608886719e+01,1.300000000000000000e+01,1.000000000000000000e+00
1.021067905426025391e+01,1.729397392272949219e+01,1.300000000000000000e+01,1.000000000000000000e+00
1.005822944641113281e+01,1.745387077331542969e+01,1.300000000000000000e+01,1.000000000000000000e+00
9.802523612976074219e+00,1.769711875915527344e+01,1.300000000000000000e+01,1.000000000000000000e+00
1.003724193572998047e+01,1.749884986877441406e+01,1.300000000000000000e+01,1.000000000000000000e+00
9.893224716186523438e+00,1.766426277160644531e+01,1.300000000000000000e+01,1.000000000000000000e+00
1.018529319763183594e+01,1.732090187072753906e+01,1.300000000000000000e+01,1.000000000000000000e+00
2.752108335494995117e+00,2.217672109603881836e+00,1.900000000000000000e+01,1.000000000000000000e+00
2.899005651473999023e+00,3.422904729843139648e+00,9.000000000000000000e+00,1.000000000000000000e+00
2.691282272338867188e+00,2.068847417831420898e+00,1.900000000000000000e+01,1.000000000000000000e+00
2.839975357055664062e+00,3.019573926925659180e+00,9.000000000000000000e+00,1.000000000000000000e+00
2.721265554428100586e+00,2.250298976898193359e+00,1.900000000000000000e+01,1.000000000000000000e+00
2.888767719268798828e+00,3.451573848724365234e+00,9.000000000000000000e+00,1.000000000000000000e+00
7.516372203826904297e-01,1.641194581985473633e+00,2.000000000000000000e+01,1.000000000000000000e+00
2.632459163665771484e+00,2.003453493118286133e+00,2.000000000000000000e+01,1.000000000000000000e+00
2.924825906753540039e+00,3.388301849365234375e+00,9.000000000000000000e+00,1.000000000000000000e+00
8.190851807594299316e-01,1.137780189514160156e+00,2.000000000000000000e+01,1.000000000000000000e+00
2.849451780319213867e+00,3.029195308685302734e+00,1.900000000000000000e+01,1.000000000000000000e+00
8.913801312446594238e-01,1.556471228599548340e+00,2.000000000000000000e+01,1.000000000000000000e+00
2.757424116134643555e+00,2.526289939880371094e+00,9.000000000000000000e+00,1.000000000000000000e+00
2.906988620758056641e+00,3.467988967895507812e+00,9.000000000000000000e+00,1.000000000000000000e+00
2.706529855728149414e+00,2.125991106033325195e+00,1.900000000000000000e+01,1.000000000000000000e+00
2.705982208251953125e+00,2.098391056060791016e+00,1.900000000000000000e+01,1.000000000000000000e+00
1.252052664756774902e+00,1.325163006782531738e+00,9.000000000000000000e+00,1.000000000000000000e+00
8.114444613456726074e-01,1.148778915405273438e+00,2.000000000000000000e+01,1.000000000000000000e+00
2.936746597290039062e+00,3.516459465026855469e+00,9.000000000000000000e+00,1.000000000000000000e+00
2.889617204666137695e+00,3.300728559494018555e+00,9.000000000000000000e+00,1.000000000000000000e+00
1.416592359542846680e+00,1.482664585113525391e+00,9.000000000000000000e+00,1.000000000000000000e+00
2.865253210067749023e+00,3.135375499725341797e+00,9.000000000000000000e+00,1.000000000000000000e+00
3.091535568237304688e+00,1.767557501792907715e+00,1.800000000000000000e+01,1.000000000000000000e+00
2.881974697113037109e+00,2.523089408874511719e+00,9.000000000000000000e+00,1.000000000000000000e+00
2.750531196594238281e+00,2.102779150009155273e+00,1.900000000000000000e+01,1.000000000000000000e+00
2.770635128021240234e+00,2.650118827819824219e+00,1.900000000000000000e+01,1.000000000000000000e+00
2.537832736968994141e+00,1.840089201927185059e+00,9.000000000000000000e+00,1.000000000000000000e+00
2.897779703140258789e+00,3.441686868667602539e+00,9.000000000000000000e+00,1.000000000000000000e+00
2.886673927307128906e+00,3.402835845947265625e+00,9.000000000000000000e+00,1.000000000000000000e+00
2.780861616134643555e+00,2.700530529022216797e+00,9.000000000000000000e+00,1.000000000000000000e+00
9.907791614532470703e-01,1.040717601776123047e+00,2.000000000000000000e+01,1.000000000000000000e+00
2.898994445800781250e+00,3.265264272689819336e+00,9.000000000000000000e+00,1.000000000000000000e+00
2.881114006042480469e+00,3.414396524429321289e+00,9.000000000000000000e+00,1.000000000000000000e+00
2.602627754211425781e+00,1.949936747550964355e+00,9.000000000000000000e+00,1.000000000000000000e+00
2.885653734207153320e+00,2.692161321640014648e+00,9.000000000000000000e+00,1.000000000000000000e+00
1.104242038726806641e+01,5.056427955627441406e+00,1.400000000000000000e+01,1.000000000000000000e+00
1.121762943267822266e+01,4.925738811492919922e+00,1.400000000000000000e+01,1.000000000000000000e+00
1.105793952941894531e+01,5.148834705352783203e+00,1.400000000000000000e+01,1.000000000000000000e+00
1.086383342742919922e+01,5.288372516632080078e+00,1.400000000000000000e+01,1.000000000000000000e+00
1.105911254882812500e+01,5.118741035461425781e+00,1.400000000000000000e+01,1.000000000000000000e+00
1.109399318695068359e+01,5.071628093719482422e+00,1.400000000000000000e+01,1.000000000000000000e+00
1.090896987915039062e+01,5.248208999633789062e+00,1.400000000000000000e+01,1.000000000000000000e+00
1.131313610076904297e+01,4.819756031036376953e+00,1.400000000000000000e+01,1.000000000000000000e+00
1.103264808654785156e+01,5.137668132781982422e+00,1.400000000000000000e+01,1.000000000000000000e+00
1.113876438140869141e+01,5.042100906372070312e+00,1.400000000000000000e+01,1.000000000000000000e+00
1.084474182128906250e+01,5.260685920715332031e+00,1.400000000000000000e+01,1.000000000000000000e+00
1.095985603332519531e+01,5.202823162078857422e+00,1.400000000000000000e+01,1.000000000000000000e+00
4.678644180297851562e+00,9.048648834228515625e+00,9.000000000000000000e+00,1.000000000000000000e+00
1.076113510131835938e+01,5.369389533996582031e+00,9.000000000000000000e+00,1.000000000000000000e+00
1.127949047088623047e+01,4.857988834381103516e+00,1.400000000000000000e+01,1.000000000000000000e+00
1.082124614715576172e+01,5.321031093597412109e+00,1.400000000000000000e+01,1.000000000000000000e+00
4.756373882293701172e+00,9.001808166503906250e+00,1.400000000000000000e+01,1.000000000000000000e+00
1.117876911163330078e+01,4.967205047607421875e+00,1.400000000000000000e+01,1.000000000000000000e+00
1.079817962646484375e+01,5.359886169433593750e+00,1.400000000000000000e+01,1.000000000000000000e+00
1.127794742584228516e+01,4.859199523925781250e+00,1.400000000000000000e+01,1.000000000000000000e+00
1.112286281585693359e+01,5.082331180572509766e+00,1.400000000000000000e+01,1.000000000000000000e+00
1.112960624694824219e+01,5.053572654724121094e+00,1.400000000000000000e+01,1.000000000000000000e+00
1.108888053894042969e+01,5.114417552947998047e+00,1.400000000000000000e+01,1.000000000000000000e+00
1.133010673522949219e+01,4.806656360626220703e+00,1.400000000000000000e+01,1.000000000000000000e+00
1.119260597229003906e+01,4.973717212677001953e+00,1.400000000000000000e+01,1.000000000000000000e+00
1.128434085845947266e+01,4.858657360076904297e+00,1.400000000000000000e+01,1.000000000000000000e+00
1.105959510803222656e+01,5.123823165893554688e+00,1.400000000000000000e+01,1.000000000000000000e+00
1.090239334106445312e+01,5.255101680755615234e+00,1.400000000000000000e+01,1.000000000000000000e+00
1.097973537445068359e+01,5.204632282257080078e+00,1.400000000000000000e+01,1.000000000000000000e+00
1.101985073089599609e+01,5.154893398284912109e+00,1.400000000000000000e+01,1.000000000000000000e+00
1.131063842773437500e+01,4.825032234191894531e+00,1.400000000000000000e+01,1.000000000000000000e+00
1.116828346252441406e+01,4.975546360015869141e+00,1.400000000000000000e+01,1.000000000000000000e+00
1.084817504882812500e+01,5.298392772674560547e+00,1.400000000000000000e+01,1.000000000000000000e+00
1.119236278533935547e+01,4.968459129333496094e+00,1.400000000000000000e+01,1.000000000000000000e+00
1.105673122406005859e+01,5.128210067749023438e+00,1.400000000000000000e+01,1.000000000000000000e+00
8.391484022140502930e-01,1.306050300598144531e+00,2.000000000000000000e+01,1.000000000000000000e+00
9.150035381317138672e-01,9.064564108848571777e-01,2.000000000000000000e+01,1.000000000000000000e+00
9.158669710159301758e-01,1.466638207435607910e+00,2.000000000000000000e+01,1.000000000000000000e+00
9.694508910179138184e-01,8.556360602378845215e-01,2.000000000000000000e+01,1.000000000000000000e+00
7.330184578895568848e-01,1.475828647613525391e+00,2.000000000000000000e+01,1.000000000000000000e+00
9.819052219390869141e-01,8.245375156402587891e-01,2.000000000000000000e+01,1.000000000000000000e+00
9.483600258827209473e-01,9.694836139678955078e-01,2.000000000000000000e+01,1.000000000000000000e+00
8.269243836402893066e-01,1.489867925643920898e+00,2.000000000000000000e+01,1.000000000000000000e+00
8.070297837257385254e-01,1.588929176330566406e+00,2.000000000000000000e+01,1.000000000000000000e+00
7.452297210693359375e-01,1.590042829513549805e+00,2.000000000000000000e+01,1.000000000000000000e+00
6.317265629768371582e-01,1.546630501747131348e+00,2.000000000000000000e+01,1.000000000000000000e+00
5.442090630531311035e-01,1.512450695037841797e+00,2.000000000000000000e+01,1.000000000000000000e+00
6.610913276672363281e-01,1.574694395065307617e+00,2.000000000000000000e+01,1.000000000000000000e+00
9.351114630699157715e-01,9.421822428703308105e-01,2.000000000000000000e+01,1.000000000000000000e+00
9.206449389457702637e-01,9.244725704193115234e-01,2.000000000000000000e+01,1.000000000000000000e+00
5.942404866218566895e-01,1.516414761543273926e+00,2.000000000000000000e+01,1.000000000000000000e+00
9.834796786308288574e-01,1.618134617805480957e+00,2.000000000000000000e+01,1.000000000000000000e+00
5.696793794631958008e-01,1.528903603553771973e+00,2.000000000000000000e+01,1.000000000000000000e+00
9.455065131187438965e-01,8.695215582847595215e-01,2.000000000000000000e+01,1.000000000000000000e+00
6.313485503196716309e-01,1.398959875106811523e+00,2.000000000000000000e+01,1.000000000000000000e+00
9.019642472267150879e-01,1.544287443161010742e+00,2.000000000000000000e+01,1.000000000000000000e+00
7.692013382911682129e-01,1.140386223793029785e+00,2.000000000000000000e+01,1.000000000000000000e+00
9.578747153282165527e-01,8.507082462310791016e-01,2.000000000000000000e+01,1.000000000000000000e+00
8.660882711410522461e-01,1.677138447761535645e+00,2.000000000000000000e+01,1.000000000000000000e+00
6.838633418083190918e-01,1.537718534469604492e+00,2.000000000000000000e+01,1.000000000000000000e+00
9.134275913238525391e-01,9.454174041748046875e-01,2.000000000000000000e+01,1.000000000000000000e+00
6.872147917747497559e-01,1.371584653854370117e+00,2.000000000000000000e+01,1.000000000000000000e+00
9.400303959846496582e-01,8.740622401237487793e-01,2.000000000000000000e+01,1.000000000000000000e+00
6.993148922920227051e-01,1.707717776298522949e+00,2.000000000000000000e+01,1.000000000000000000e+00
6.091803312301635742e-01,1.475468754768371582e+00,2.000000000000000000e+01,1.000000000000000000e+00
6.825042366981506348e-01,1.371353864669799805e+00,2.000000000000000000e+01,1.000000000000000000e+00
5.419258475303649902e-01,1.490273833274841309e+00,2.000000000000000000e+01,1.000000000000000000e+00
9.336717724800109863e-01,8.952519297599792480e-01,2.000000000000000000e+01,1.000000000000000000e+00
8.559883236885070801e-01,1.644992232322692871e+00,2.000000000000000000e+01,1.000000000000000000e+00
7.557690143585205078e-01,1.401189088821411133e+00,2.000000000000000000e+01,1.000000000000000000e+00
4.109610080718994141e+00,2.131909370422363281e+01,1.200000000000000000e+01,1.000000000000000000e+00
4.088531970977783203e+00,2.134153175354003906e+01,1.200000000000000000e+01,1.000000000000000000e+00
4.206130504608154297e+00,2.112645339965820312e+01,1.200000000000000000e+01,1.000000000000000000e+00
3.909114122390747070e+00,1.762186622619628906e+01,9.000000000000000000e+00,1.000000000000000000e+00
4.142909526824951172e+00,2.112877655029296875e+01,1.200000000000000000e+01,1.000000000000000000e+00
4.097434997558593750e+00,2.109939765930175781e+01,1.200000000000000000e+01,1.000000000000000000e+00
4.145002841949462891e+00,2.116085433959960938e+01,1.200000000000000000e+01,1.000000000000000000e+00
4.153829574584960938e+00,2.137141609191894531e+01,1.200000000000000000e+01,1.000000000000000000e+00
3.918068170547485352e+00,1.760823440551757812e+01,9.000000000000000000e+00,1.000000000000000000e+00
4.040112495422363281e+00,2.128264427185058594e+01,1.200000000000000000e+01,1.000000000000000000e+00
4.113663673400878906e+00,2.132497787475585938e+01,1.200000000000000000e+01,1.000000000000000000e+00
4.097373962402343750e+00,2.103087615966796875e+01,1.200000000000000000e+01,1.000000000000000000e+00
4.229318618774414062e+00,2.132251167297363281e+01,1.200000000000000000e+01,1.000000000000000000e+00
4.084692478179931641e+00,2.132920455932617188e+01,1.200000000000000000e+01,1.000000000000000000e+00
4.166056156158447266e+00,2.106549263000488281e+01,1.200000000000000000e+01,1.000000000000000000e+00
4.251221179962158203e+00,2.118120193481445312e+01,1.200000000000000000e+01,1.000000000000000000e+00
4.083425521850585938e+00,2.091595268249511719e+01,9.000000000000000000e+00,1.000000000000000000e+00
4.111962318420410156e+00,2.127039337158203125e+01,1.200000000000000000e+01,1.000000000000000000e+00
3.892704248428344727e+00,1.758418655395507812e+01,9.000000000000000000e+00,1.000000000000000000e+00
4.225793838500976562e+00,2.116438865661621094e+01,1.200000000000000000e+01,1.000000000000000000e+00
4.151013374328613281e+00,2.105726432800292969e+01,1.200000000000000000e+01,1.000000000000000000e+00
4.138062477111816406e+00,2.112316131591796875e+01,1.200000000000000000e+01,1.000000000000000000e+00
4.258244037628173828e+00,2.127364349365234375e+01,1.200000000000000000e+01,1.000000000000000000e+00
3.871186971664428711e+00,1.757921028137207031e+01,9.000000000000000000e+00,1.000000000000000000e+00
4.146275997161865234e+00,2.130595970153808594e+01,1.200000000000000000e+01,1.000000000000000000e+00
3.930080175399780273e+00,1.733551788330078125e+01,9.000000000000000000e+00,1.000000000000000000e+00
4.179870605468750000e+00,2.135710144042968750e+01,1.200000000000000000e+01,1.000000000000000000e+00
4.279956340789794922e+00,2.135922622680664062e+01,1.200000000000000000e+01,1.000000000000000000e+00
3.902193784713745117e+00,1.765212821960449219e+01,9.000000000000000000e+00,1.000000000000000000e+00
4.085863590240478516e+00,2.139338684082031250e+01,1.200000000000000000e+01,1.000000000000000000e+00
4.282518386840820312e+00,2.123375129699707031e+01,1.200000000000000000e+01,1.000000000000000000e+00
3.923423767089843750e+00,1.769136047363281250e+01,9.000000000000000000e+00,1.000000000000000000e+00
4.281279087066650391e+00,2.125493049621582031e+01,1.200000000000000000e+01,1.000000000000000000e+00
3.914659976959228516e+00,1.762304306030273438e+01,9.000000000000000000e+00,1.000000000000000000e+00
4.274497509002685547e+00,2.121299934387207031e+01,1.200000000000000000e+01,1.000000000000000000e+00
