dim1,dim2,true_label,operational_label
1.020632266998291016e+01,-6.203145980834960938e+00,0.000000000000000000e+00,0.000000000000000000e+00
1.052292537689208984e+01,-5.705945491790771484e+00,0.000000000000000000e+00,0.000000000000000000e+00
9.948450088500976562e+00,-6.705162525177001953e+00,0.000000000000000000e+00,0.000000000000000000e+00
1.014356899261474609e+01,-6.295939445495605469e+00,0.000000000000000000e+00,0.000000000000000000e+00
1.087556457519531250e+01,-9.226483345031738281e+00,0.000000000000000000e+00,0.000000000000000000e+00
1.052989006042480469e+01,-5.702412128448486328e+00,0.000000000000000000e+00,0.000000000000000000e+00
1.121576499938964844e+01,-9.540502548217773438e+00,0.000000000000000000e+00,0.000000000000000000e+00
1.473488616943359375e+01,-9.619823455810546875e+00,0.000000000000000000e+00,0.000000000000000000e+00
1.355338478088378906e+01,-9.983127593994140625e+00,0.000000000000000000e+00,0.000000000000000000e+00
1.040213203430175781e+01,-8.679286003112792969e+00,0.000000000000000000e+00,0.000000000000000000e+00
1.049502182006835938e+01,-5.746706485748291016e+00,0.000000000000000000e+00,0.000000000000000000e+00
9.852396965026855469e+00,-7.460261821746826172e+00,0.000000000000000000e+00,0.000000000000000000e+00
1.022862625122070312e+01,-6.170311927795410156e+00,0.000000000000000000e+00,0.000000000000000000e+00
1.036991596221923828e+01,-8.640633583068847656e+00,0.000000000000000000e+00,0.000000000000000000e+00
1.134161949157714844e+01,-9.628379821777343750e+00,0.000000000000000000e+00,0.000000000000000000e+00
9.859126091003417969e+00,-6.920089244842529297e+00,0.000000000000000000e+00,0.000000000000000000e+00
1.477219867706298828e+01,-9.586633682250976562e+00,0.000000000000000000e+00,0.000000000000000000e+00
1.368672084808349609e+01,-9.957515716552734375e+00,0.000000000000000000e+00,0.000000000000000000e+00
1.470929622650146484e+01,-9.636758804321289062e+00,0.000000000000000000e+00,0.000000000000000000e+00
1.423286247253417969e+01,-9.780641555786132812e+00,0.000000000000000000e+00,0.000000000000000000e+00
9.865851402282714844e+00,-6.869370937347412109e+00,0.000000000000000000e+00,0.000000000000000000e+00
1.341174602508544922e+01,-1.000777244567871094e+01,0.000000000000000000e+00,0.000000000000000000e+00
1.127934837341308594e+01,-9.590909957885742188e+00,0.000000000000000000e+00,0.000000000000000000e+00
9.866245269775390625e+00,-6.866341114044189453e+00,0.000000000000000000e+00,0.000000000000000000e+00
1.038677501678466797e+01,-8.662080764770507812e+00,0.000000000000000000e+00,0.000000000000000000e+00
1.364941692352294922e+01,-9.966683387756347656e+00,0.000000000000000000e+00,0.000000000000000000e+00
1.232575702667236328e+01,-9.920041084289550781e+00,0.000000000000000000e+00,0.000000000000000000e+00
1.187856674194335938e+01,-9.783846855163574219e+00,0.000000000000000000e+00,0.000000000000000000e+00
1.263178157806396484e+01,-9.966099739074707031e+00,0.000000000000000000e+00,0.000000000000000000e+00
1.344565868377685547e+01,-1.001120758056640625e+01,0.000000000000000000e+00,0.000000000000000000e+00
1.016533279418945312e+01,-6.257239341735839844e+00,0.000000000000000000e+00,0.000000000000000000e+00
9.887286186218261719e+00,-6.787465572357177734e+00,0.000000000000000000e+00,0.000000000000000000e+00
1.401366996765136719e+01,-9.857861518859863281e+00,0.000000000000000000e+00,0.000000000000000000e+00
1.021015548706054688e+01,-8.434110641479492188e+00,0.000000000000000000e+00,0.000000000000000000e+00
1.474346256256103516e+01,-9.618890762329101562e+00,0.000000000000000000e+00,0.000000000000000000e+00
1.054822635650634766e+01,-5.679817199707031250e+00,0.000000000000000000e+00,0.000000000000000000e+00
1.020615005493164062e+01,-6.196301460266113281e+00,0.000000000000000000e+00,0.000000000000000000e+00
1.088870334625244141e+01,-9.240956306457519531e+00,0.000000000000000000e+00,0.000000000000000000e+00
9.860383033752441406e+00,-6.907100200653076172e+00,0.000000000000000000e+00,0.000000000000000000e+00
1.220360088348388672e+01,-9.862896919250488281e+00,0.000000000000000000e+00,0.000000000000000000e+00
1.210289001464843750e+01,-9.843130111694335938e+00,0.000000000000000000e+00,0.000000000000000000e+00
9.882084846496582031e+00,-7.603271007537841797e+00,0.000000000000000000e+00,0.000000000000000000e+00
1.048865222930908203e+01,-5.748979568481445312e+00,0.000000000000000000e+00,0.000000000000000000e+00
1.340820217132568359e+01,-1.000441646575927734e+01,0.000000000000000000e+00,0.000000000000000000e+00
1.277102279663085938e+01,-9.997300148010253906e+00,0.000000000000000000e+00,0.000000000000000000e+00
1.135513210296630859e+01,-9.630990028381347656e+00,0.000000000000000000e+00,0.000000000000000000e+00
1.379283142089843750e+01,-9.928014755249023438e+00,0.000000000000000000e+00,0.000000000000000000e+00
1.283071994781494141e+01,-1.000944232940673828e+01,0.000000000000000000e+00,0.000000000000000000e+00
1.052984619140625000e+01,-5.696817874908447266e+00,0.000000000000000000e+00,0.000000000000000000e+00
1.323703575134277344e+01,-1.000820255279541016e+01,0.000000000000000000e+00,0.000000000000000000e+00
1.477792167663574219e+01,-9.582957267761230469e+00,0.000000000000000000e+00,0.000000000000000000e+00
1.473856639862060547e+01,-9.632700920104980469e+00,0.000000000000000000e+00,0.000000000000000000e+00
1.208428478240966797e+01,-9.840248107910156250e+00,0.000000000000000000e+00,0.000000000000000000e+00
9.896907806396484375e+00,-7.647495269775390625e+00,0.000000000000000000e+00,0.000000000000000000e+00
1.287065505981445312e+01,-1.000956058502197266e+01,0.000000000000000000e+00,0.000000000000000000e+00
9.876568794250488281e+00,-6.832281589508056641e+00,0.000000000000000000e+00,0.000000000000000000e+00
1.220430088043212891e+01,-9.866411209106445312e+00,0.000000000000000000e+00,0.000000000000000000e+00
1.022593593597412109e+01,-8.456583023071289062e+00,0.000000000000000000e+00,0.000000000000000000e+00
1.021939182281494141e+01,-6.177112102508544922e+00,0.000000000000000000e+00,0.000000000000000000e+00
1.054350090026855469e+01,-5.683587551116943359e+00,0.000000000000000000e+00,0.000000000000000000e+00
1.036502552032470703e+01,-8.635560989379882812e+00,0.000000000000000000e+00,0.000000000000000000e+00
1.133621692657470703e+01,-9.610088348388671875e+00,0.000000000000000000e+00,0.000000000000000000e+00
9.986835479736328125e+00,-8.055269241333007812e+00,0.000000000000000000e+00,0.000000000000000000e+00
1.040779018402099609e+01,-8.685420036315917969e+00,0.000000000000000000e+00,0.000000000000000000e+00
1.214175987243652344e+01,-9.850115776062011719e+00,0.000000000000000000e+00,0.000000000000000000e+00
1.049875640869140625e+01,-5.741252899169921875e+00,0.000000000000000000e+00,0.000000000000000000e+00
1.019340038299560547e+01,-6.225136280059814453e+00,0.000000000000000000e+00,0.000000000000000000e+00
1.091180038452148438e+01,-9.266026496887207031e+00,0.000000000000000000e+00,0.000000000000000000e+00
1.472750568389892578e+01,-9.624424934387207031e+00,0.000000000000000000e+00,0.000000000000000000e+00
9.912027359008789062e+00,-6.747164249420166016e+00,0.000000000000000000e+00,0.000000000000000000e+00
1.477152156829833984e+01,-9.586547851562500000e+00,0.000000000000000000e+00,0.000000000000000000e+00
1.428108501434326172e+01,-9.766735076904296875e+00,0.000000000000000000e+00,0.000000000000000000e+00
1.051928234100341797e+01,-8.811226844787597656e+00,0.000000000000000000e+00,0.000000000000000000e+00
1.121704959869384766e+01,-9.542345046997070312e+00,0.000000000000000000e+00,0.000000000000000000e+00
9.851802825927734375e+00,-7.199983119964599609e+00,0.000000000000000000e+00,0.000000000000000000e+00
1.050277137756347656e+01,-5.738122463226318359e+00,0.000000000000000000e+00,0.000000000000000000e+00
9.902165412902832031e+00,-7.638329982757568359e+00,0.000000000000000000e+00,0.000000000000000000e+00
9.968159675598144531e+00,-6.615390300750732422e+00,0.000000000000000000e+00,0.000000000000000000e+00
1.281603717803955078e+01,-1.000648117065429688e+01,0.000000000000000000e+00,0.000000000000000000e+00
1.289712619781494141e+01,-1.000919628143310547e+01,0.000000000000000000e+00,0.000000000000000000e+00
9.966952323913574219e+00,-6.618739604949951172e+00,0.000000000000000000e+00,0.000000000000000000e+00
1.097568035125732422e+01,-9.330508232116699219e+00,0.000000000000000000e+00,0.000000000000000000e+00
1.054495811462402344e+01,-5.682027816772460938e+00,0.000000000000000000e+00,0.000000000000000000e+00
9.854075431823730469e+00,-7.269669532775878906e+00,0.000000000000000000e+00,0.000000000000000000e+00
1.471534442901611328e+01,-9.635437011718750000e+00,0.000000000000000000e+00,0.000000000000000000e+00
1.095643234252929688e+01,-9.311258316040039062e+00,0.000000000000000000e+00,0.000000000000000000e+00
1.373464679718017578e+01,-9.944296836853027344e+00,0.000000000000000000e+00,0.000000000000000000e+00
1.002937316894531250e+01,-8.132606506347656250e+00,0.000000000000000000e+00,0.000000000000000000e+00
1.275517177581787109e+01,-1.000025939941406250e+01,0.000000000000000000e+00,0.000000000000000000e+00
1.137656974792480469e+01,-9.649917602539062500e+00,0.000000000000000000e+00,0.000000000000000000e+00
1.221560668945312500e+01,-9.870766639709472656e+00,0.000000000000000000e+00,0.000000000000000000e+00
1.009117603302001953e+01,-8.239354133605957031e+00,0.000000000000000000e+00,0.000000000000000000e+00
9.962069511413574219e+00,-7.951239585876464844e+00,0.000000000000000000e+00,0.000000000000000000e+00
1.135562992095947266e+01,-9.631398200988769531e+00,0.000000000000000000e+00,0.000000000000000000e+00
1.057221889495849609e+01,-5.653708934783935547e+00,0.000000000000000000e+00,0.000000000000000000e+00
1.221326351165771484e+01,-9.868698120117187500e+00,0.000000000000000000e+00,0.000000000000000000e+00
1.114466667175292969e+01,-9.483448028564453125e+00,0.000000000000000000e+00,0.000000000000000000e+00
1.053600311279296875e+01,-5.693586826324462891e+00,0.000000000000000000e+00,0.000000000000000000e+00
1.474175834655761719e+01,-9.599035263061523438e+00,0.000000000000000000e+00,0.000000000000000000e+00
1.012925624847412109e+01,-6.311307907104492188e+00,0.000000000000000000e+00,0.000000000000000000e+00
9.880120277404785156e+00,-7.368077754974365234e+00,0.000000000000000000e+00,0.000000000000000000e+00
1.400051975250244141e+01,-9.861946105957031250e+00,0.000000000000000000e+00,0.000000000000000000e+00
1.117310810089111328e+01,-9.506011962890625000e+00,0.000000000000000000e+00,0.000000000000000000e+00
1.018557834625244141e+01,-8.401151657104492188e+00,0.000000000000000000e+00,0.000000000000000000e+00
9.986250877380371094e+00,-8.048798561096191406e+00,0.000000000000000000e+00,0.000000000000000000e+00
1.279854106903076172e+01,-1.000234127044677734e+01,0.000000000000000000e+00,0.000000000000000000e+00
1.280908775329589844e+01,-1.000719833374023438e+01,0.000000000000000000e+00,0.000000000000000000e+00
9.866531372070312500e+00,-7.486171245574951172e+00,0.000000000000000000e+00,0.000000000000000000e+00
1.021662616729736328e+01,-6.181783676147460938e+00,0.000000000000000000e+00,0.000000000000000000e+00
1.353556156158447266e+01,-9.993538856506347656e+00,0.000000000000000000e+00,0.000000000000000000e+00
1.001589393615722656e+01,-6.517201423645019531e+00,0.000000000000000000e+00,0.000000000000000000e+00
1.130979537963867188e+01,-9.605981826782226562e+00,0.000000000000000000e+00,0.000000000000000000e+00
1.022583007812500000e+01,-6.176908493041992188e+00,0.000000000000000000e+00,0.000000000000000000e+00
1.374264049530029297e+01,-9.942160606384277344e+00,0.000000000000000000e+00,0.000000000000000000e+00
1.478557109832763672e+01,-9.572143554687500000e+00,0.000000000000000000e+00,0.000000000000000000e+00
1.118441390991210938e+01,-9.516126632690429688e+00,0.000000000000000000e+00,0.000000000000000000e+00
1.234676361083984375e+01,-9.918152809143066406e+00,0.000000000000000000e+00,0.000000000000000000e+00
1.221428394317626953e+01,-9.870983123779296875e+00,0.000000000000000000e+00,0.000000000000000000e+00
1.377386760711669922e+01,-9.933171272277832031e+00,0.000000000000000000e+00,0.000000000000000000e+00
1.043695163726806641e+01,-5.829552650451660156e+00,0.000000000000000000e+00,0.000000000000000000e+00
1.102700424194335938e+01,-9.380213737487792969e+00,0.000000000000000000e+00,0.000000000000000000e+00
1.423420906066894531e+01,-9.782950401306152344e+00,0.000000000000000000e+00,0.000000000000000000e+00
1.023164272308349609e+01,-8.468787193298339844e+00,0.000000000000000000e+00,0.000000000000000000e+00
1.100742721557617188e+01,-9.357897758483886719e+00,0.000000000000000000e+00,0.000000000000000000e+00
1.283208084106445312e+01,-1.001425266265869141e+01,0.000000000000000000e+00,0.000000000000000000e+00
9.851308822631835938e+00,-7.081786155700683594e+00,0.000000000000000000e+00,0.000000000000000000e+00
1.007659721374511719e+01,-6.394621849060058594e+00,0.000000000000000000e+00,0.000000000000000000e+00
1.007121849060058594e+01,-8.186751365661621094e+00,0.000000000000000000e+00,0.000000000000000000e+00
1.052245521545410156e+01,-5.705041885375976562e+00,0.000000000000000000e+00,0.000000000000000000e+00
1.055428791046142578e+01,-5.670472145080566406e+00,0.000000000000000000e+00,0.000000000000000000e+00
1.467280006408691406e+01,-9.646224021911621094e+00,0.000000000000000000e+00,0.000000000000000000e+00
1.055106353759765625e+01,-5.675939559936523438e+00,0.000000000000000000e+00,0.000000000000000000e+00
9.880590438842773438e+00,-7.602169990539550781e+00,0.000000000000000000e+00,0.000000000000000000e+00
9.855424880981445312e+00,-6.995774269104003906e+00,0.000000000000000000e+00,0.000000000000000000e+00
1.022609901428222656e+01,-8.456867218017578125e+00,0.000000000000000000e+00,0.000000000000000000e+00
1.000035285949707031e+01,-6.542730331420898438e+00,0.000000000000000000e+00,0.000000000000000000e+00
1.123781299591064453e+01,-9.551583290100097656e+00,0.000000000000000000e+00,0.000000000000000000e+00
1.003233814239501953e+01,-8.137185096740722656e+00,0.000000000000000000e+00,0.000000000000000000e+00
1.421095085144042969e+01,-9.790107727050781250e+00,0.000000000000000000e+00,0.000000000000000000e+00
9.964838027954101562e+00,-6.616219520568847656e+00,0.000000000000000000e+00,0.000000000000000000e+00
1.467362976074218750e+01,-9.642102241516113281e+00,0.000000000000000000e+00,0.000000000000000000e+00
1.208606815338134766e+01,-9.839761734008789062e+00,0.000000000000000000e+00,0.000000000000000000e+00
9.997025489807128906e+00,-8.083172798156738281e+00,0.000000000000000000e+00,0.000000000000000000e+00
9.869663238525390625e+00,-7.553373813629150391e+00,0.000000000000000000e+00,0.000000000000000000e+00
1.043643760681152344e+01,-5.825312137603759766e+00,0.000000000000000000e+00,0.000000000000000000e+00
1.358997726440429688e+01,-9.977949142456054688e+00,0.000000000000000000e+00,0.000000000000000000e+00
9.851509094238281250e+00,-7.017858028411865234e+00,0.000000000000000000e+00,0.000000000000000000e+00
1.092207813262939453e+01,-9.278394699096679688e+00,0.000000000000000000e+00,0.000000000000000000e+00
1.394730567932128906e+01,-9.850201606750488281e+00,0.000000000000000000e+00,0.000000000000000000e+00
9.996674537658691406e+00,-8.075794219970703125e+00,0.000000000000000000e+00,0.000000000000000000e+00
1.274912166595458984e+01,-9.980283737182617188e+00,0.000000000000000000e+00,0.000000000000000000e+00
1.129428100585937500e+01,-9.592271804809570312e+00,0.000000000000000000e+00,0.000000000000000000e+00
1.055459880828857422e+01,-5.671344280242919922e+00,0.000000000000000000e+00,0.000000000000000000e+00
1.426273822784423828e+01,-9.773752212524414062e+00,0.000000000000000000e+00,0.000000000000000000e+00
1.353923130035400391e+01,-9.999412536621093750e+00,0.000000000000000000e+00,0.000000000000000000e+00
1.035261535644531250e+01,-8.626891136169433594e+00,0.000000000000000000e+00,0.000000000000000000e+00
9.858605384826660156e+00,-7.367572784423828125e+00,0.000000000000000000e+00,0.000000000000000000e+00
1.466480636596679688e+01,-9.659031867980957031e+00,0.000000000000000000e+00,0.000000000000000000e+00
1.413440895080566406e+01,-9.817575454711914062e+00,0.000000000000000000e+00,0.000000000000000000e+00
1.205932331085205078e+01,-9.833511352539062500e+00,0.000000000000000000e+00,0.000000000000000000e+00
9.881983757019042969e+00,-7.626806259155273438e+00,0.000000000000000000e+00,0.000000000000000000e+00
1.473458576202392578e+01,-9.620613098144531250e+00,0.000000000000000000e+00,0.000000000000000000e+00
9.961654663085937500e+00,-6.632086277008056641e+00,0.000000000000000000e+00,0.000000000000000000e+00
1.027635097503662109e+01,-8.528779983520507812e+00,0.000000000000000000e+00,0.000000000000000000e+00
1.020624732971191406e+01,-8.428936004638671875e+00,0.000000000000000000e+00,0.000000000000000000e+00
1.010490798950195312e+01,-6.340480327606201172e+00,0.000000000000000000e+00,0.000000000000000000e+00
1.021817111968994141e+01,-8.446007728576660156e+00,0.000000000000000000e+00,0.000000000000000000e+00
1.042967987060546875e+01,-5.840394496917724609e+00,0.000000000000000000e+00,0.000000000000000000e+00
1.422265720367431641e+01,-9.785780906677246094e+00,0.000000000000000000e+00,0.000000000000000000e+00
9.956437110900878906e+00,-7.946187019348144531e+00,0.000000000000000000e+00,0.000000000000000000e+00
1.225091266632080078e+01,-9.879562377929687500e+00,0.000000000000000000e+00,0.000000000000000000e+00
1.078515434265136719e+01,-9.123180389404296875e+00,0.000000000000000000e+00,0.000000000000000000e+00
9.866327285766601562e+00,-7.500912189483642578e+00,0.000000000000000000e+00,0.000000000000000000e+00
1.425760269165039062e+01,-9.774655342102050781e+00,0.000000000000000000e+00,0.000000000000000000e+00
1.136207771301269531e+01,-9.647092819213867188e+00,0.000000000000000000e+00,0.000000000000000000e+00
1.020388889312744141e+01,-8.432179450988769531e+00,0.000000000000000000e+00,0.000000000000000000e+00
9.883411407470703125e+00,-7.623968601226806641e+00,0.000000000000000000e+00,0.000000000000000000e+00
1.402916622161865234e+01,-9.851739883422851562e+00,0.000000000000000000e+00,0.000000000000000000e+00
1.053978729248046875e+01,-5.687450408935546875e+00,0.000000000000000000e+00,0.000000000000000000e+00
1.099397563934326172e+01,-9.346353530883789062e+00,0.000000000000000000e+00,0.000000000000000000e+00
1.002637863159179688e+01,-8.130668640136718750e+00,0.000000000000000000e+00,0.000000000000000000e+00
1.081567287445068359e+01,-9.157299995422363281e+00,0.000000000000000000e+00,0.000000000000000000e+00
9.861885070800781250e+00,-7.450969219207763672e+00,0.000000000000000000e+00,0.000000000000000000e+00
1.089122390747070312e+01,-9.246542930603027344e+00,0.000000000000000000e+00,0.000000000000000000e+00
1.129989624023437500e+01,-9.601169586181640625e+00,0.000000000000000000e+00,0.000000000000000000e+00
1.344267177581787109e+01,-1.000427341461181641e+01,0.000000000000000000e+00,0.000000000000000000e+00
1.054693412780761719e+01,-5.683708190917968750e+00,0.000000000000000000e+00,0.000000000000000000e+00
1.091873264312744141e+01,-9.273276329040527344e+00,0.000000000000000000e+00,0.000000000000000000e+00
1.210181903839111328e+01,-9.844054222106933594e+00,0.000000000000000000e+00,0.000000000000000000e+00
1.343969154357910156e+01,-1.000394630432128906e+01,0.000000000000000000e+00,0.000000000000000000e+00
1.104717826843261719e+01,-9.395024299621582031e+00,0.000000000000000000e+00,0.000000000000000000e+00
1.068362808227539062e+01,-9.006793975830078125e+00,0.000000000000000000e+00,0.000000000000000000e+00
1.054956626892089844e+01,-5.676073551177978516e+00,0.000000000000000000e+00,0.000000000000000000e+00
1.351970577239990234e+01,-9.994847297668457031e+00,0.000000000000000000e+00,0.000000000000000000e+00
1.112257671356201172e+01,-9.466511726379394531e+00,0.000000000000000000e+00,0.000000000000000000e+00
1.232915592193603516e+01,-9.900922775268554688e+00,0.000000000000000000e+00,0.000000000000000000e+00
1.223237323760986328e+01,-9.862503051757812500e+00,0.000000000000000000e+00,0.000000000000000000e+00
1.377500915527343750e+01,-9.930257797241210938e+00,0.000000000000000000e+00,0.000000000000000000e+00
1.469544792175292969e+01,-9.637341499328613281e+00,0.000000000000000000e+00,0.000000000000000000e+00
1.115437602996826172e+01,-9.491000175476074219e+00,0.000000000000000000e+00,0.000000000000000000e+00
9.869455337524414062e+00,-7.507503986358642578e+00,0.000000000000000000e+00,0.000000000000000000e+00
1.039715290069580078e+01,-8.678028106689453125e+00,0.000000000000000000e+00,0.000000000000000000e+00
1.003650188446044922e+01,-8.149505615234375000e+00,0.000000000000000000e+00,0.000000000000000000e+00
9.941574096679687500e+00,-6.711164951324462891e+00,0.000000000000000000e+00,0.000000000000000000e+00
1.282921028137207031e+01,-1.000625801086425781e+01,0.000000000000000000e+00,0.000000000000000000e+00
1.020960235595703125e+01,-6.199615478515625000e+00,0.000000000000000000e+00,0.000000000000000000e+00
9.859283447265625000e+00,-6.888868808746337891e+00,0.000000000000000000e+00,0.000000000000000000e+00
1.477618980407714844e+01,-9.582220077514648438e+00,0.000000000000000000e+00,0.000000000000000000e+00
9.855173110961914062e+00,-7.338891029357910156e+00,0.000000000000000000e+00,0.000000000000000000e+00
1.012161540985107422e+01,-6.321375370025634766e+00,0.000000000000000000e+00,0.000000000000000000e+00
-1.183594036102294922e+01,1.439669895172119141e+01,1.000000000000000000e+00,1.000000000000000000e+00
-1.095905971527099609e+01,1.424579143524169922e+01,1.000000000000000000e+00,1.000000000000000000e+00
3.297110795974731445e+00,1.249360084533691406e+01,1.000000000000000000e+00,1.000000000000000000e+00
3.850450515747070312e+00,1.248966312408447266e+01,1.000000000000000000e+00,1.000000000000000000e+00
-1.402615642547607422e+01,1.469645786285400391e+01,1.000000000000000000e+00,1.000000000000000000e+00
-1.123585605621337891e+01,1.427731418609619141e+01,1.000000000000000000e+00,1.000000000000000000e+00
-1.236509609222412109e+01,1.444804859161376953e+01,1.000000000000000000e+00,1.000000000000000000e+00
-1.228357315063476562e+01,1.444617176055908203e+01,1.000000000000000000e+00,1.000000000000000000e+00
1.503351092338562012e+00,1.273233127593994141e+01,1.000000000000000000e+00,1.000000000000000000e+00
1.690426468849182129e+00,1.268869876861572266e+01,1.000000000000000000e+00,1.000000000000000000e+00
2.646930217742919922e+00,1.256254863739013672e+01,1.000000000000000000e+00,1.000000000000000000e+00
-1.023708438873291016e+01,1.416211509704589844e+01,1.000000000000000000e+00,1.000000000000000000e+00
3.949390172958374023e+00,1.247285652160644531e+01,1.000000000000000000e+00,1.000000000000000000e+00
4.486107349395751953e+00,1.254652500152587891e+01,1.000000000000000000e+00,1.000000000000000000e+00
-1.157139682769775391e+01,1.433047199249267578e+01,1.000000000000000000e+00,1.000000000000000000e+00
-1.398022842407226562e+01,1.467286491394042969e+01,1.000000000000000000e+00,1.000000000000000000e+00
-1.297540187835693359e+01,1.444588375091552734e+01,1.000000000000000000e+00,1.000000000000000000e+00
-1.022091579437255859e+01,1.417907619476318359e+01,1.000000000000000000e+00,1.000000000000000000e+00
4.264858245849609375e+00,1.250587463378906250e+01,1.000000000000000000e+00,1.000000000000000000e+00
-1.216150283813476562e+01,1.442531967163085938e+01,1.000000000000000000e+00,1.000000000000000000e+00
1.915078043937683105e+00,1.266023540496826172e+01,1.000000000000000000e+00,1.000000000000000000e+00
4.499367713928222656e+00,1.258287715911865234e+01,1.000000000000000000e+00,1.000000000000000000e+00
3.470859527587890625e+00,1.249533081054687500e+01,1.000000000000000000e+00,1.000000000000000000e+00
3.197033405303955078e+00,1.251552677154541016e+01,1.000000000000000000e+00,1.000000000000000000e+00
-1.402409172058105469e+01,1.469871711730957031e+01,1.000000000000000000e+00,1.000000000000000000e+00
1.707580804824829102e+00,1.268435764312744141e+01,1.000000000000000000e+00,1.000000000000000000e+00
-1.088098907470703125e+01,1.424455928802490234e+01,1.000000000000000000e+00,1.000000000000000000e+00
-1.378858947753906250e+01,1.457048416137695312e+01,1.000000000000000000e+00,1.000000000000000000e+00
-1.403014469146728516e+01,1.470076274871826172e+01,1.000000000000000000e+00,1.000000000000000000e+00
-1.242119884490966797e+01,1.445403766632080078e+01,1.000000000000000000e+00,1.000000000000000000e+00
-1.403774642944335938e+01,1.469338703155517578e+01,1.000000000000000000e+00,1.000000000000000000e+00
1.887829542160034180e+00,1.268039417266845703e+01,1.000000000000000000e+00,1.000000000000000000e+00
4.511415481567382812e+00,1.256224250793457031e+01,1.000000000000000000e+00,1.000000000000000000e+00
4.132549762725830078e+00,1.248279476165771484e+01,1.000000000000000000e+00,1.000000000000000000e+00
4.390211582183837891e+00,1.254207897186279297e+01,1.000000000000000000e+00,1.000000000000000000e+00
-1.403275775909423828e+01,1.470205307006835938e+01,1.000000000000000000e+00,1.000000000000000000e+00
-1.046032333374023438e+01,1.423697948455810547e+01,1.000000000000000000e+00,1.000000000000000000e+00
-1.049396038055419922e+01,1.422997283935546875e+01,1.000000000000000000e+00,1.000000000000000000e+00
-1.047497367858886719e+01,1.422767639160156250e+01,1.000000000000000000e+00,1.000000000000000000e+00
4.347795963287353516e+00,1.252210140228271484e+01,1.000000000000000000e+00,1.000000000000000000e+00
1.885258436203002930e+00,1.266593265533447266e+01,1.000000000000000000e+00,1.000000000000000000e+00
4.043820858001708984e+00,1.247545909881591797e+01,1.000000000000000000e+00,1.000000000000000000e+00
1.500251889228820801e+00,1.273245239257812500e+01,1.000000000000000000e+00,1.000000000000000000e+00
1.566594243049621582e+00,1.271435070037841797e+01,1.000000000000000000e+00,1.000000000000000000e+00
-1.122434520721435547e+01,1.427573490142822266e+01,1.000000000000000000e+00,1.000000000000000000e+00
1.991848587989807129e+00,1.264525318145751953e+01,1.000000000000000000e+00,1.000000000000000000e+00
2.543896913528442383e+00,1.257739353179931641e+01,1.000000000000000000e+00,1.000000000000000000e+00
-1.244329833984375000e+01,1.445432090759277344e+01,1.000000000000000000e+00,1.000000000000000000e+00
-1.173408889770507812e+01,1.437123489379882812e+01,1.000000000000000000e+00,1.000000000000000000e+00
1.743171691894531250e+00,1.268162727355957031e+01,1.000000000000000000e+00,1.000000000000000000e+00
-1.026729202270507812e+01,1.420265579223632812e+01,1.000000000000000000e+00,1.000000000000000000e+00
3.910955429077148438e+00,1.247915554046630859e+01,1.000000000000000000e+00,1.000000000000000000e+00
-1.225999259948730469e+01,1.443718051910400391e+01,1.000000000000000000e+00,1.000000000000000000e+00
-1.300073814392089844e+01,1.444326972961425781e+01,1.000000000000000000e+00,1.000000000000000000e+00
-1.378945636749267578e+01,1.456925201416015625e+01,1.000000000000000000e+00,1.000000000000000000e+00
3.880328655242919922e+00,1.247816848754882812e+01,1.000000000000000000e+00,1.000000000000000000e+00
-1.313971042633056641e+01,1.444699764251708984e+01,1.000000000000000000e+00,1.000000000000000000e+00
-1.341220569610595703e+01,1.447812747955322266e+01,1.000000000000000000e+00,1.000000000000000000e+00
-1.259775733947753906e+01,1.444788169860839844e+01,1.000000000000000000e+00,1.000000000000000000e+00
-1.095699405670166016e+01,1.424581241607666016e+01,1.000000000000000000e+00,1.000000000000000000e+00
-1.378779602050781250e+01,1.456751346588134766e+01,1.000000000000000000e+00,1.000000000000000000e+00
-1.272423553466796875e+01,1.444186210632324219e+01,1.000000000000000000e+00,1.000000000000000000e+00
-1.090255260467529297e+01,1.424263191223144531e+01,1.000000000000000000e+00,1.000000000000000000e+00
-1.089680671691894531e+01,1.424133205413818359e+01,1.000000000000000000e+00,1.000000000000000000e+00
-1.181153583526611328e+01,1.439376258850097656e+01,1.000000000000000000e+00,1.000000000000000000e+00
-1.103907394409179688e+01,1.424963855743408203e+01,1.000000000000000000e+00,1.000000000000000000e+00
-1.244159221649169922e+01,1.445482349395751953e+01,1.000000000000000000e+00,1.000000000000000000e+00
4.201297283172607422e+00,1.250775241851806641e+01,1.000000000000000000e+00,1.000000000000000000e+00
-1.177528190612792969e+01,1.437698459625244141e+01,1.000000000000000000e+00,1.000000000000000000e+00
-1.049782466888427734e+01,1.422963237762451172e+01,1.000000000000000000e+00,1.000000000000000000e+00
3.838917970657348633e+00,1.249378967285156250e+01,1.000000000000000000e+00,1.000000000000000000e+00
4.456263542175292969e+00,1.253155422210693359e+01,1.000000000000000000e+00,1.000000000000000000e+00
-1.109847736358642578e+01,1.426491165161132812e+01,1.000000000000000000e+00,1.000000000000000000e+00
-1.328532791137695312e+01,1.446397876739501953e+01,1.000000000000000000e+00,1.000000000000000000e+00
-1.100809288024902344e+01,1.424906635284423828e+01,1.000000000000000000e+00,1.000000000000000000e+00
1.912364959716796875e+00,1.266053199768066406e+01,1.000000000000000000e+00,1.000000000000000000e+00
-1.320563793182373047e+01,1.445497226715087891e+01,1.000000000000000000e+00,1.000000000000000000e+00
-1.244624614715576172e+01,1.445674228668212891e+01,1.000000000000000000e+00,1.000000000000000000e+00
-1.272476673126220703e+01,1.444398307800292969e+01,1.000000000000000000e+00,1.000000000000000000e+00
1.580991983413696289e+00,1.271012973785400391e+01,1.000000000000000000e+00,1.000000000000000000e+00
4.173817634582519531e+00,1.249056053161621094e+01,1.000000000000000000e+00,1.000000000000000000e+00
-1.098668384552001953e+01,1.424771881103515625e+01,1.000000000000000000e+00,1.000000000000000000e+00
-1.046471500396728516e+01,1.422580432891845703e+01,1.000000000000000000e+00,1.000000000000000000e+00
3.252319335937500000e+00,1.250842380523681641e+01,1.000000000000000000e+00,1.000000000000000000e+00
-1.379147529602050781e+01,1.456606292724609375e+01,1.000000000000000000e+00,1.000000000000000000e+00
-1.358261203765869141e+01,1.451053333282470703e+01,1.000000000000000000e+00,1.000000000000000000e+00
-1.075465774536132812e+01,1.423884010314941406e+01,1.000000000000000000e+00,1.000000000000000000e+00
2.597959280014038086e+00,1.256855964660644531e+01,1.000000000000000000e+00,1.000000000000000000e+00
2.532933473587036133e+00,1.257959270477294922e+01,1.000000000000000000e+00,1.000000000000000000e+00
-1.026713371276855469e+01,1.418810176849365234e+01,1.000000000000000000e+00,1.000000000000000000e+00
4.531226158142089844e+00,1.256193542480468750e+01,1.000000000000000000e+00,1.000000000000000000e+00
2.376169443130493164e+00,1.259911251068115234e+01,1.000000000000000000e+00,1.000000000000000000e+00
3.199995517730712891e+00,1.251479434967041016e+01,1.000000000000000000e+00,1.000000000000000000e+00
-1.324425601959228516e+01,1.445572757720947266e+01,1.000000000000000000e+00,1.000000000000000000e+00
-1.165623378753662109e+01,1.434833621978759766e+01,1.000000000000000000e+00,1.000000000000000000e+00
1.519712209701538086e+00,1.272926330566406250e+01,1.000000000000000000e+00,1.000000000000000000e+00
1.751177430152893066e+00,1.267352199554443359e+01,1.000000000000000000e+00,1.000000000000000000e+00
3.897107839584350586e+00,1.247580623626708984e+01,1.000000000000000000e+00,1.000000000000000000e+00
4.083857536315917969e+00,1.248374271392822266e+01,1.000000000000000000e+00,1.000000000000000000e+00
3.952953577041625977e+00,1.247165298461914062e+01,1.000000000000000000e+00,1.000000000000000000e+00
-1.387602233886718750e+01,1.461229801177978516e+01,1.000000000000000000e+00,1.000000000000000000e+00
1.939692020416259766e+00,1.264564800262451172e+01,1.000000000000000000e+00,1.000000000000000000e+00
-1.183831596374511719e+01,1.440317726135253906e+01,1.000000000000000000e+00,1.000000000000000000e+00
2.593254566192626953e+00,1.256891059875488281e+01,1.000000000000000000e+00,1.000000000000000000e+00
-1.378146266937255859e+01,1.456783199310302734e+01,1.000000000000000000e+00,1.000000000000000000e+00
-1.395176982879638672e+01,1.465525436401367188e+01,1.000000000000000000e+00,1.000000000000000000e+00
-1.321401786804199219e+01,1.444791603088378906e+01,1.000000000000000000e+00,1.000000000000000000e+00
-1.210463809967041016e+01,1.442256927490234375e+01,1.000000000000000000e+00,1.000000000000000000e+00
-1.185762977600097656e+01,1.441154003143310547e+01,1.000000000000000000e+00,1.000000000000000000e+00
-1.275010204315185547e+01,1.444380187988281250e+01,1.000000000000000000e+00,1.000000000000000000e+00
-1.046963977813720703e+01,1.423312854766845703e+01,1.000000000000000000e+00,1.000000000000000000e+00
-1.351605033874511719e+01,1.450648021697998047e+01,1.000000000000000000e+00,1.000000000000000000e+00
3.746555089950561523e+00,1.248824024200439453e+01,1.000000000000000000e+00,1.000000000000000000e+00
4.492296695709228516e+00,1.255742835998535156e+01,1.000000000000000000e+00,1.000000000000000000e+00
-1.089949131011962891e+01,1.424020576477050781e+01,1.000000000000000000e+00,1.000000000000000000e+00
-1.247791862487792969e+01,1.445373630523681641e+01,1.000000000000000000e+00,1.000000000000000000e+00
-1.234294223785400391e+01,1.444858360290527344e+01,1.000000000000000000e+00,1.000000000000000000e+00
4.424711227416992188e+00,1.253669357299804688e+01,1.000000000000000000e+00,1.000000000000000000e+00
4.446362495422363281e+00,1.253998470306396484e+01,1.000000000000000000e+00,1.000000000000000000e+00
-1.111190223693847656e+01,1.426299762725830078e+01,1.000000000000000000e+00,1.000000000000000000e+00
-1.376246833801269531e+01,1.455694770812988281e+01,1.000000000000000000e+00,1.000000000000000000e+00
-1.401315879821777344e+01,1.468281173706054688e+01,1.000000000000000000e+00,1.000000000000000000e+00
-1.159282684326171875e+01,1.433510589599609375e+01,1.000000000000000000e+00,1.000000000000000000e+00
-1.243163490295410156e+01,1.445555686950683594e+01,1.000000000000000000e+00,1.000000000000000000e+00
4.509322643280029297e+00,1.255685043334960938e+01,1.000000000000000000e+00,1.000000000000000000e+00
-1.251985263824462891e+01,1.445228290557861328e+01,1.000000000000000000e+00,1.000000000000000000e+00
1.919304966926574707e+00,1.265873527526855469e+01,1.000000000000000000e+00,1.000000000000000000e+00
4.004200458526611328e+00,1.247266960144042969e+01,1.000000000000000000e+00,1.000000000000000000e+00
1.545976400375366211e+00,1.271850109100341797e+01,1.000000000000000000e+00,1.000000000000000000e+00
-1.120859527587890625e+01,1.427430820465087891e+01,1.000000000000000000e+00,1.000000000000000000e+00
-1.312431049346923828e+01,1.444974517822265625e+01,1.000000000000000000e+00,1.000000000000000000e+00
-1.022707843780517578e+01,1.418230342864990234e+01,1.000000000000000000e+00,1.000000000000000000e+00
4.435575485229492188e+00,1.253776645660400391e+01,1.000000000000000000e+00,1.000000000000000000e+00
4.517610073089599609e+00,1.256238460540771484e+01,1.000000000000000000e+00,1.000000000000000000e+00
3.150228023529052734e+00,1.251723575592041016e+01,1.000000000000000000e+00,1.000000000000000000e+00
-1.330619716644287109e+01,1.447687721252441406e+01,1.000000000000000000e+00,1.000000000000000000e+00
4.345156669616699219e+00,1.252279281616210938e+01,1.000000000000000000e+00,1.000000000000000000e+00
3.978652000427246094e+00,1.247073554992675781e+01,1.000000000000000000e+00,1.000000000000000000e+00
1.502079844474792480e+00,1.273035621643066406e+01,1.000000000000000000e+00,1.000000000000000000e+00
-1.088109302520751953e+01,1.424153614044189453e+01,1.000000000000000000e+00,1.000000000000000000e+00
1.917142987251281738e+00,1.265929889678955078e+01,1.000000000000000000e+00,1.000000000000000000e+00
4.481696128845214844e+00,1.253859806060791016e+01,1.000000000000000000e+00,1.000000000000000000e+00
1.731525778770446777e+00,1.267925834655761719e+01,1.000000000000000000e+00,1.000000000000000000e+00
2.008807897567749023e+00,1.264416408538818359e+01,1.000000000000000000e+00,1.000000000000000000e+00
-1.172342777252197266e+01,1.435995388031005859e+01,1.000000000000000000e+00,1.000000000000000000e+00
3.213206529617309570e+00,1.251361179351806641e+01,1.000000000000000000e+00,1.000000000000000000e+00
2.575049638748168945e+00,1.257231998443603516e+01,1.000000000000000000e+00,1.000000000000000000e+00
4.492784500122070312e+00,1.253773307800292969e+01,1.000000000000000000e+00,1.000000000000000000e+00
3.255703449249267578e+00,1.250827026367187500e+01,1.000000000000000000e+00,1.000000000000000000e+00
3.243990421295166016e+00,1.250979423522949219e+01,1.000000000000000000e+00,1.000000000000000000e+00
2.727051734924316406e+00,1.255400753021240234e+01,1.000000000000000000e+00,1.000000000000000000e+00
2.568156003952026367e+00,1.257515335083007812e+01,1.000000000000000000e+00,1.000000000000000000e+00
-1.403329277038574219e+01,1.470091342926025391e+01,1.000000000000000000e+00,1.000000000000000000e+00
2.587469339370727539e+00,1.257049560546875000e+01,1.000000000000000000e+00,1.000000000000000000e+00
-1.364116954803466797e+01,1.452426910400390625e+01,1.000000000000000000e+00,1.000000000000000000e+00
2.697395324707031250e+00,1.255686283111572266e+01,1.000000000000000000e+00,1.000000000000000000e+00
-1.240280818939208984e+01,1.445401000976562500e+01,1.000000000000000000e+00,1.000000000000000000e+00
-1.134857368469238281e+01,1.429734992980957031e+01,1.000000000000000000e+00,1.000000000000000000e+00
-1.121483325958251953e+01,1.427769947052001953e+01,1.000000000000000000e+00,1.000000000000000000e+00
-1.026473140716552734e+01,1.418953227996826172e+01,1.000000000000000000e+00,1.000000000000000000e+00
-1.249388694763183594e+01,1.446397304534912109e+01,1.000000000000000000e+00,1.000000000000000000e+00
-1.163491344451904297e+01,1.434303569793701172e+01,1.000000000000000000e+00,1.000000000000000000e+00
3.902482986450195312e+00,1.247146415710449219e+01,1.000000000000000000e+00,1.000000000000000000e+00
-1.321848011016845703e+01,1.445377826690673828e+01,1.000000000000000000e+00,1.000000000000000000e+00
3.306090831756591797e+00,1.250315093994140625e+01,1.000000000000000000e+00,1.000000000000000000e+00
-1.274544239044189453e+01,1.444358062744140625e+01,1.000000000000000000e+00,1.000000000000000000e+00
1.491011261940002441e+00,1.273554134368896484e+01,1.000000000000000000e+00,1.000000000000000000e+00
-1.158406543731689453e+01,1.433339118957519531e+01,1.000000000000000000e+00,1.000000000000000000e+00
-1.131976222991943359e+01,1.429005050659179688e+01,1.000000000000000000e+00,1.000000000000000000e+00
-1.402164649963378906e+01,1.469269275665283203e+01,1.000000000000000000e+00,1.000000000000000000e+00
-1.296063423156738281e+01,1.445632743835449219e+01,1.000000000000000000e+00,1.000000000000000000e+00
3.195727348327636719e+00,1.251575374603271484e+01,1.000000000000000000e+00,1.000000000000000000e+00
4.525127887725830078e+00,1.255592441558837891e+01,1.000000000000000000e+00,1.000000000000000000e+00
-1.339440059661865234e+01,1.447850608825683594e+01,1.000000000000000000e+00,1.000000000000000000e+00
3.327660560607910156e+00,1.250295066833496094e+01,1.000000000000000000e+00,1.000000000000000000e+00
-1.049801540374755859e+01,1.422954654693603516e+01,1.000000000000000000e+00,1.000000000000000000e+00
1.606244087219238281e+00,1.269454956054687500e+01,1.000000000000000000e+00,1.000000000000000000e+00
4.524237632751464844e+00,1.257176303863525391e+01,1.000000000000000000e+00,1.000000000000000000e+00
-1.075867462158203125e+01,1.423872280120849609e+01,1.000000000000000000e+00,1.000000000000000000e+00
-1.021210002899169922e+01,1.420258045196533203e+01,1.000000000000000000e+00,1.000000000000000000e+00
1.988746643066406250e+00,1.264548873901367188e+01,1.000000000000000000e+00,1.000000000000000000e+00
-1.402835369110107422e+01,1.469955635070800781e+01,1.000000000000000000e+00,1.000000000000000000e+00
-1.079235172271728516e+01,1.423981857299804688e+01,1.000000000000000000e+00,1.000000000000000000e+00
-1.184852886199951172e+01,1.440646362304687500e+01,1.000000000000000000e+00,1.000000000000000000e+00
-1.034093666076660156e+01,1.420425796508789062e+01,1.000000000000000000e+00,1.000000000000000000e+00
1.506910085678100586e+00,1.273118019104003906e+01,1.000000000000000000e+00,1.000000000000000000e+00
-1.401754856109619141e+01,1.469173431396484375e+01,1.000000000000000000e+00,1.000000000000000000e+00
4.512509822845458984e+00,1.256017875671386719e+01,1.000000000000000000e+00,1.000000000000000000e+00
-1.035493946075439453e+01,1.420441150665283203e+01,1.000000000000000000e+00,1.000000000000000000e+00
1.785014033317565918e+00,1.267281818389892578e+01,1.000000000000000000e+00,1.000000000000000000e+00
4.095846652984619141e+00,1.247669982910156250e+01,1.000000000000000000e+00,1.000000000000000000e+00
-1.400814437866210938e+01,1.469536781311035156e+01,1.000000000000000000e+00,1.000000000000000000e+00
3.987860202789306641e+00,1.244170570373535156e+01,1.000000000000000000e+00,1.000000000000000000e+00
-1.163936614990234375e+01,1.434222316741943359e+01,1.000000000000000000e+00,1.000000000000000000e+00
-1.322199058532714844e+01,1.445576095581054688e+01,1.000000000000000000e+00,1.000000000000000000e+00
-1.397894763946533203e+01,1.466179847717285156e+01,1.000000000000000000e+00,1.000000000000000000e+00
1.594830274581909180e+00,1.270833492279052734e+01,1.000000000000000000e+00,1.000000000000000000e+00
4.460123538970947266e+00,1.255737113952636719e+01,1.000000000000000000e+00,1.000000000000000000e+00
3.247529029846191406e+00,1.250854682922363281e+01,1.000000000000000000e+00,1.000000000000000000e+00
-1.259113979339599609e+01,1.445072364807128906e+01,1.000000000000000000e+00,1.000000000000000000e+00
1.740641951560974121e+00,1.267310047149658203e+01,1.000000000000000000e+00,1.000000000000000000e+00
-1.361931133270263672e+01,1.451577281951904297e+01,1.000000000000000000e+00,1.000000000000000000e+00
1.694044470787048340e+00,1.268349647521972656e+01,1.000000000000000000e+00,1.000000000000000000e+00
4.248846530914306641e+00,1.250813102722167969e+01,1.000000000000000000e+00,1.000000000000000000e+00
-1.041322231292724609e+01,1.421899032592773438e+01,1.000000000000000000e+00,1.000000000000000000e+00
2.477176666259765625e+00,1.259391975402832031e+01,1.000000000000000000e+00,1.000000000000000000e+00
-1.171926975250244141e+01,1.436580753326416016e+01,1.000000000000000000e+00,1.000000000000000000e+00
-1.206907081604003906e+01,1.441881942749023438e+01,1.000000000000000000e+00,1.000000000000000000e+00
2.064204692840576172e+00,1.263731765747070312e+01,1.000000000000000000e+00,1.000000000000000000e+00
2.567770004272460938e+00,1.257411670684814453e+01,1.000000000000000000e+00,1.000000000000000000e+00
1.772496604919433594e+01,6.621551513671875000e+00,2.000000000000000000e+00,2.000000000000000000e+00
1.809849357604980469e+01,6.536747455596923828e+00,2.000000000000000000e+00,2.000000000000000000e+00
1.827847290039062500e+01,6.507024288177490234e+00,2.000000000000000000e+00,2.000000000000000000e+00
1.956455612182617188e+01,5.980242729187011719e+00,2.000000000000000000e+00,2.000000000000000000e+00
2.132347679138183594e+01,4.983969211578369141e+00,2.000000000000000000e+00,2.000000000000000000e+00
1.404747104644775391e+01,6.804760932922363281e+00,2.000000000000000000e+00,2.000000000000000000e+00
1.489571475982666016e+01,6.838903903961181641e+00,2.000000000000000000e+00,2.000000000000000000e+00
1.923410987854003906e+01,6.154571056365966797e+00,2.000000000000000000e+00,2.000000000000000000e+00
2.142551803588867188e+01,4.911681175231933594e+00,2.000000000000000000e+00,2.000000000000000000e+00
1.947065925598144531e+01,6.033051967620849609e+00,2.000000000000000000e+00,2.000000000000000000e+00
1.311489295959472656e+01,6.749036788940429688e+00,2.000000000000000000e+00,2.000000000000000000e+00
2.092147445678710938e+01,5.211116313934326172e+00,2.000000000000000000e+00,2.000000000000000000e+00
1.920124626159667969e+01,6.170801639556884766e+00,2.000000000000000000e+00,2.000000000000000000e+00
2.042582511901855469e+01,5.457702636718750000e+00,2.000000000000000000e+00,2.000000000000000000e+00
1.491709899902343750e+01,6.839863300323486328e+00,2.000000000000000000e+00,2.000000000000000000e+00
1.814136314392089844e+01,6.530508041381835938e+00,2.000000000000000000e+00,2.000000000000000000e+00
2.131510543823242188e+01,4.995462894439697266e+00,2.000000000000000000e+00,2.000000000000000000e+00
1.887501716613769531e+01,6.306840419769287109e+00,2.000000000000000000e+00,2.000000000000000000e+00
1.754475784301757812e+01,6.656043529510498047e+00,2.000000000000000000e+00,2.000000000000000000e+00
1.389986801147460938e+01,6.786836624145507812e+00,2.000000000000000000e+00,2.000000000000000000e+00
1.358102989196777344e+01,6.760874271392822266e+00,2.000000000000000000e+00,2.000000000000000000e+00
2.133996772766113281e+01,4.967627525329589844e+00,2.000000000000000000e+00,2.000000000000000000e+00
1.392225074768066406e+01,6.792252063751220703e+00,2.000000000000000000e+00,2.000000000000000000e+00
2.001764869689941406e+01,5.709188938140869141e+00,2.000000000000000000e+00,2.000000000000000000e+00
2.147187995910644531e+01,4.879459857940673828e+00,2.000000000000000000e+00,2.000000000000000000e+00
1.362005805969238281e+01,6.756345748901367188e+00,2.000000000000000000e+00,2.000000000000000000e+00
1.951153755187988281e+01,6.010461807250976562e+00,2.000000000000000000e+00,2.000000000000000000e+00
2.151466941833496094e+01,4.848469257354736328e+00,2.000000000000000000e+00,2.000000000000000000e+00
1.400113010406494141e+01,6.800601005554199219e+00,2.000000000000000000e+00,2.000000000000000000e+00
2.103407669067382812e+01,5.152918338775634766e+00,2.000000000000000000e+00,2.000000000000000000e+00
1.383460426330566406e+01,6.764480113983154297e+00,2.000000000000000000e+00,2.000000000000000000e+00
2.137527275085449219e+01,4.953924655914306641e+00,2.000000000000000000e+00,2.000000000000000000e+00
1.954486656188964844e+01,5.990586757659912109e+00,2.000000000000000000e+00,2.000000000000000000e+00
1.954686546325683594e+01,5.989982128143310547e+00,2.000000000000000000e+00,2.000000000000000000e+00
1.546294879913330078e+01,6.862102031707763672e+00,2.000000000000000000e+00,2.000000000000000000e+00
1.754753494262695312e+01,6.661668777465820312e+00,2.000000000000000000e+00,2.000000000000000000e+00
1.596219062805175781e+01,6.855941772460937500e+00,2.000000000000000000e+00,2.000000000000000000e+00
2.131769371032714844e+01,4.992573738098144531e+00,2.000000000000000000e+00,2.000000000000000000e+00
1.489170169830322266e+01,6.838307857513427734e+00,2.000000000000000000e+00,2.000000000000000000e+00
1.370763301849365234e+01,6.758611679077148438e+00,2.000000000000000000e+00,2.000000000000000000e+00
1.472298049926757812e+01,6.830226898193359375e+00,2.000000000000000000e+00,2.000000000000000000e+00
1.566927719116210938e+01,6.841969966888427734e+00,2.000000000000000000e+00,2.000000000000000000e+00
2.152698516845703125e+01,4.837011814117431641e+00,2.000000000000000000e+00,2.000000000000000000e+00
2.051027488708496094e+01,5.414835929870605469e+00,2.000000000000000000e+00,2.000000000000000000e+00
2.052705001831054688e+01,5.406569957733154297e+00,2.000000000000000000e+00,2.000000000000000000e+00
1.991078758239746094e+01,5.775418758392333984e+00,2.000000000000000000e+00,2.000000000000000000e+00
2.093467712402343750e+01,5.208534717559814453e+00,2.000000000000000000e+00,2.000000000000000000e+00
3.630392313003540039e+00,1.785889625549316406e+01,2.000000000000000000e+00,2.000000000000000000e+00
1.433110523223876953e+01,6.811276435852050781e+00,2.000000000000000000e+00,2.000000000000000000e+00
1.415114784240722656e+01,6.806717395782470703e+00,2.000000000000000000e+00,2.000000000000000000e+00
1.396413230895996094e+01,6.802545547485351562e+00,2.000000000000000000e+00,2.000000000000000000e+00
1.420246028900146484e+01,6.810007095336914062e+00,2.000000000000000000e+00,2.000000000000000000e+00
1.351686000823974609e+01,6.753057479858398438e+00,2.000000000000000000e+00,2.000000000000000000e+00
1.858530807495117188e+01,6.419604778289794922e+00,2.000000000000000000e+00,2.000000000000000000e+00
1.359543037414550781e+01,6.754407882690429688e+00,2.000000000000000000e+00,2.000000000000000000e+00
1.953190803527832031e+01,5.998060226440429688e+00,2.000000000000000000e+00,2.000000000000000000e+00
1.875834083557128906e+01,6.351992130279541016e+00,2.000000000000000000e+00,2.000000000000000000e+00
1.413124561309814453e+01,6.806730747222900391e+00,2.000000000000000000e+00,2.000000000000000000e+00
1.949191093444824219e+01,6.021542549133300781e+00,2.000000000000000000e+00,2.000000000000000000e+00
1.530941390991210938e+01,6.856898784637451172e+00,2.000000000000000000e+00,2.000000000000000000e+00
1.740995407104492188e+01,6.690080642700195312e+00,2.000000000000000000e+00,2.000000000000000000e+00
1.418630218505859375e+01,6.808316707611083984e+00,2.000000000000000000e+00,2.000000000000000000e+00
1.753604507446289062e+01,6.663580417633056641e+00,2.000000000000000000e+00,2.000000000000000000e+00
1.864591217041015625e+01,6.398097991943359375e+00,2.000000000000000000e+00,2.000000000000000000e+00
1.379252624511718750e+01,6.772426605224609375e+00,2.000000000000000000e+00,2.000000000000000000e+00
1.350269794464111328e+01,6.754564762115478516e+00,2.000000000000000000e+00,2.000000000000000000e+00
1.953622055053710938e+01,5.995592594146728516e+00,2.000000000000000000e+00,2.000000000000000000e+00
1.883802986145019531e+01,6.322803020477294922e+00,2.000000000000000000e+00,2.000000000000000000e+00
1.805463409423828125e+01,6.549655437469482422e+00,2.000000000000000000e+00,2.000000000000000000e+00
2.151312828063964844e+01,4.849585056304931641e+00,2.000000000000000000e+00,2.000000000000000000e+00
2.134881019592285156e+01,4.980769634246826172e+00,2.000000000000000000e+00,2.000000000000000000e+00
1.740555953979492188e+01,6.699697494506835938e+00,2.000000000000000000e+00,2.000000000000000000e+00
1.801974487304687500e+01,6.557804107666015625e+00,2.000000000000000000e+00,2.000000000000000000e+00
1.808152389526367188e+01,6.541821956634521484e+00,2.000000000000000000e+00,2.000000000000000000e+00
1.484453964233398438e+01,6.836885929107666016e+00,2.000000000000000000e+00,2.000000000000000000e+00
2.007537460327148438e+01,5.673871040344238281e+00,2.000000000000000000e+00,2.000000000000000000e+00
1.849042701721191406e+01,6.457720279693603516e+00,2.000000000000000000e+00,2.000000000000000000e+00
2.098073005676269531e+01,5.176938533782958984e+00,2.000000000000000000e+00,2.000000000000000000e+00
1.777048683166503906e+01,6.611101150512695312e+00,2.000000000000000000e+00,2.000000000000000000e+00
1.294026470184326172e+01,6.822579383850097656e+00,2.000000000000000000e+00,2.000000000000000000e+00
1.563889312744140625e+01,6.854767799377441406e+00,2.000000000000000000e+00,2.000000000000000000e+00
1.438162422180175781e+01,6.812871456146240234e+00,2.000000000000000000e+00,2.000000000000000000e+00
1.308220386505126953e+01,6.754608154296875000e+00,2.000000000000000000e+00,2.000000000000000000e+00
2.049307823181152344e+01,5.416377544403076172e+00,2.000000000000000000e+00,2.000000000000000000e+00
1.755216598510742188e+01,6.663547039031982422e+00,2.000000000000000000e+00,2.000000000000000000e+00
1.401274585723876953e+01,6.807980537414550781e+00,2.000000000000000000e+00,2.000000000000000000e+00
1.294694328308105469e+01,6.814201354980468750e+00,2.000000000000000000e+00,2.000000000000000000e+00
1.593425750732421875e+01,6.842824935913085938e+00,2.000000000000000000e+00,2.000000000000000000e+00
2.052807807922363281e+01,5.423511981964111328e+00,2.000000000000000000e+00,2.000000000000000000e+00
1.921159744262695312e+01,6.165477275848388672e+00,2.000000000000000000e+00,2.000000000000000000e+00
1.305377674102783203e+01,6.760176181793212891e+00,2.000000000000000000e+00,2.000000000000000000e+00
1.564769363403320312e+01,6.867488384246826172e+00,2.000000000000000000e+00,2.000000000000000000e+00
1.899579238891601562e+01,6.261995315551757812e+00,2.000000000000000000e+00,2.000000000000000000e+00
2.044859695434570312e+01,5.445537567138671875e+00,2.000000000000000000e+00,2.000000000000000000e+00
2.049611091613769531e+01,5.416741847991943359e+00,2.000000000000000000e+00,2.000000000000000000e+00
1.488505268096923828e+01,6.838317394256591797e+00,2.000000000000000000e+00,2.000000000000000000e+00
1.438051033020019531e+01,6.813116550445556641e+00,2.000000000000000000e+00,2.000000000000000000e+00
1.402277088165283203e+01,6.834792137145996094e+00,2.000000000000000000e+00,2.000000000000000000e+00
1.582428073883056641e+01,6.825487136840820312e+00,2.000000000000000000e+00,2.000000000000000000e+00
1.596147441864013672e+01,6.842676162719726562e+00,2.000000000000000000e+00,2.000000000000000000e+00
1.299219989776611328e+01,6.792057514190673828e+00,2.000000000000000000e+00,2.000000000000000000e+00
2.013788795471191406e+01,5.632974147796630859e+00,2.000000000000000000e+00,2.000000000000000000e+00
1.490924930572509766e+01,6.837625026702880859e+00,2.000000000000000000e+00,2.000000000000000000e+00
2.140699195861816406e+01,4.932682514190673828e+00,2.000000000000000000e+00,2.000000000000000000e+00
2.050187873840332031e+01,5.417570590972900391e+00,2.000000000000000000e+00,2.000000000000000000e+00
2.142776870727539062e+01,4.912744998931884766e+00,2.000000000000000000e+00,2.000000000000000000e+00
1.554004669189453125e+01,6.863932609558105469e+00,2.000000000000000000e+00,2.000000000000000000e+00
1.493903160095214844e+01,6.837638378143310547e+00,2.000000000000000000e+00,2.000000000000000000e+00
2.116632652282714844e+01,5.077648162841796875e+00,2.000000000000000000e+00,2.000000000000000000e+00
1.362903881072998047e+01,6.751790046691894531e+00,2.000000000000000000e+00,2.000000000000000000e+00
1.572221565246582031e+01,6.840507984161376953e+00,2.000000000000000000e+00,2.000000000000000000e+00
1.341138648986816406e+01,6.750258922576904297e+00,2.000000000000000000e+00,2.000000000000000000e+00
2.122032928466796875e+01,5.046327590942382812e+00,2.000000000000000000e+00,2.000000000000000000e+00
1.575085926055908203e+01,6.831245899200439453e+00,2.000000000000000000e+00,2.000000000000000000e+00
1.452810668945312500e+01,6.821329593658447266e+00,2.000000000000000000e+00,2.000000000000000000e+00
1.569093894958496094e+01,6.842340946197509766e+00,2.000000000000000000e+00,2.000000000000000000e+00
1.297970390319824219e+01,6.796401500701904297e+00,2.000000000000000000e+00,2.000000000000000000e+00
2.015389251708984375e+01,5.621734142303466797e+00,2.000000000000000000e+00,2.000000000000000000e+00
2.074982643127441406e+01,5.307984352111816406e+00,2.000000000000000000e+00,2.000000000000000000e+00
2.030760002136230469e+01,5.534999847412109375e+00,2.000000000000000000e+00,2.000000000000000000e+00
1.507705116271972656e+01,6.847715854644775391e+00,2.000000000000000000e+00,2.000000000000000000e+00
2.021143531799316406e+01,5.583075046539306641e+00,2.000000000000000000e+00,2.000000000000000000e+00
1.569431591033935547e+01,6.846199512481689453e+00,2.000000000000000000e+00,2.000000000000000000e+00
2.152219009399414062e+01,4.836677551269531250e+00,2.000000000000000000e+00,2.000000000000000000e+00
1.293785858154296875e+01,6.824111461639404297e+00,2.000000000000000000e+00,2.000000000000000000e+00
1.301554584503173828e+01,6.778381824493408203e+00,2.000000000000000000e+00,2.000000000000000000e+00
2.077107048034667969e+01,5.301814556121826172e+00,2.000000000000000000e+00,2.000000000000000000e+00
1.565269947052001953e+01,6.852560997009277344e+00,2.000000000000000000e+00,2.000000000000000000e+00
1.851414680480957031e+01,6.452340126037597656e+00,2.000000000000000000e+00,2.000000000000000000e+00
1.754671287536621094e+01,6.665167331695556641e+00,2.000000000000000000e+00,2.000000000000000000e+00
1.332234764099121094e+01,6.749090671539306641e+00,2.000000000000000000e+00,2.000000000000000000e+00
1.834766197204589844e+01,6.491393089294433594e+00,2.000000000000000000e+00,2.000000000000000000e+00
1.565817451477050781e+01,6.879257202148437500e+00,2.000000000000000000e+00,2.000000000000000000e+00
1.745181083679199219e+01,6.684319019317626953e+00,2.000000000000000000e+00,2.000000000000000000e+00
1.860025405883789062e+01,6.416063785552978516e+00,2.000000000000000000e+00,2.000000000000000000e+00
1.344457340240478516e+01,6.750477790832519531e+00,2.000000000000000000e+00,2.000000000000000000e+00
1.853019714355468750e+01,6.454146862030029297e+00,2.000000000000000000e+00,2.000000000000000000e+00
1.573649597167968750e+01,6.832200527191162109e+00,2.000000000000000000e+00,2.000000000000000000e+00
2.154420471191406250e+01,4.821841716766357422e+00,2.000000000000000000e+00,2.000000000000000000e+00
2.010494804382324219e+01,5.653439998626708984e+00,2.000000000000000000e+00,2.000000000000000000e+00
1.473654651641845703e+01,6.824388504028320312e+00,2.000000000000000000e+00,2.000000000000000000e+00
2.113856697082519531e+01,5.095884323120117188e+00,2.000000000000000000e+00,2.000000000000000000e+00
1.880929374694824219e+01,6.332530021667480469e+00,2.000000000000000000e+00,2.000000000000000000e+00
1.818970298767089844e+01,6.521476745605468750e+00,2.000000000000000000e+00,2.000000000000000000e+00
1.753045654296875000e+01,6.665892124176025391e+00,2.000000000000000000e+00,2.000000000000000000e+00
1.488851928710937500e+01,6.836799621582031250e+00,2.000000000000000000e+00,2.000000000000000000e+00
1.813662910461425781e+01,6.514370441436767578e+00,2.000000000000000000e+00,2.000000000000000000e+00
1.292949295043945312e+01,6.825998306274414062e+00,2.000000000000000000e+00,2.000000000000000000e+00
1.765562248229980469e+01,6.625059127807617188e+00,2.000000000000000000e+00,2.000000000000000000e+00
1.313778972625732422e+01,6.748858451843261719e+00,2.000000000000000000e+00,2.000000000000000000e+00
1.592929935455322266e+01,6.827028751373291016e+00,2.000000000000000000e+00,2.000000000000000000e+00
1.308717918395996094e+01,6.757070064544677734e+00,2.000000000000000000e+00,2.000000000000000000e+00
1.493594360351562500e+01,6.828149795532226562e+00,2.000000000000000000e+00,2.000000000000000000e+00
1.582037067413330078e+01,6.820045471191406250e+00,2.000000000000000000e+00,2.000000000000000000e+00
1.593981266021728516e+01,6.842005729675292969e+00,2.000000000000000000e+00,2.000000000000000000e+00
1.849656486511230469e+01,6.462913513183593750e+00,2.000000000000000000e+00,2.000000000000000000e+00
1.442433071136474609e+01,6.798800468444824219e+00,2.000000000000000000e+00,2.000000000000000000e+00
2.152170753479003906e+01,4.844656467437744141e+00,2.000000000000000000e+00,2.000000000000000000e+00
1.853183555603027344e+01,6.443762302398681641e+00,2.000000000000000000e+00,2.000000000000000000e+00
1.305417823791503906e+01,6.763755321502685547e+00,2.000000000000000000e+00,2.000000000000000000e+00
2.093372726440429688e+01,5.209380149841308594e+00,2.000000000000000000e+00,2.000000000000000000e+00
1.364587116241455078e+01,6.755403518676757812e+00,2.000000000000000000e+00,2.000000000000000000e+00
1.586608505249023438e+01,6.833840847015380859e+00,2.000000000000000000e+00,2.000000000000000000e+00
1.565144634246826172e+01,6.850655555725097656e+00,2.000000000000000000e+00,2.000000000000000000e+00
1.351538181304931641e+01,6.752942085266113281e+00,2.000000000000000000e+00,2.000000000000000000e+00
2.017759895324707031e+01,5.590281486511230469e+00,2.000000000000000000e+00,2.000000000000000000e+00
1.294486141204833984e+01,6.815328598022460938e+00,2.000000000000000000e+00,2.000000000000000000e+00
1.911081123352050781e+01,6.215317726135253906e+00,2.000000000000000000e+00,2.000000000000000000e+00
1.836665534973144531e+01,6.487133026123046875e+00,2.000000000000000000e+00,2.000000000000000000e+00
2.043658256530761719e+01,5.453592777252197266e+00,2.000000000000000000e+00,2.000000000000000000e+00
2.028858566284179688e+01,5.540584087371826172e+00,2.000000000000000000e+00,2.000000000000000000e+00
1.295868492126464844e+01,6.807067394256591797e+00,2.000000000000000000e+00,2.000000000000000000e+00
1.296035957336425781e+01,6.806829452514648438e+00,2.000000000000000000e+00,2.000000000000000000e+00
2.086754035949707031e+01,5.252018451690673828e+00,2.000000000000000000e+00,2.000000000000000000e+00
2.092055892944335938e+01,5.216107845306396484e+00,2.000000000000000000e+00,2.000000000000000000e+00
2.125999259948730469e+01,5.015518665313720703e+00,2.000000000000000000e+00,2.000000000000000000e+00
1.292721939086914062e+01,6.837201595306396484e+00,2.000000000000000000e+00,2.000000000000000000e+00
2.019456100463867188e+01,5.592925548553466797e+00,2.000000000000000000e+00,2.000000000000000000e+00
1.887426567077636719e+01,6.307109355926513672e+00,2.000000000000000000e+00,2.000000000000000000e+00
1.413457965850830078e+01,6.806639194488525391e+00,2.000000000000000000e+00,2.000000000000000000e+00
1.310839557647705078e+01,6.718777179718017578e+00,2.000000000000000000e+00,2.000000000000000000e+00
1.295371341705322266e+01,6.810895442962646484e+00,2.000000000000000000e+00,2.000000000000000000e+00
2.037551689147949219e+01,5.488589286804199219e+00,2.000000000000000000e+00,2.000000000000000000e+00
1.750262260437011719e+01,6.687113761901855469e+00,2.000000000000000000e+00,2.000000000000000000e+00
1.576656246185302734e+01,6.833553314208984375e+00,2.000000000000000000e+00,2.000000000000000000e+00
1.946692085266113281e+01,6.050907135009765625e+00,2.000000000000000000e+00,2.000000000000000000e+00
1.369271183013916016e+01,6.761252880096435547e+00,2.000000000000000000e+00,2.000000000000000000e+00
2.023752975463867188e+01,5.567704200744628906e+00,2.000000000000000000e+00,2.000000000000000000e+00
1.439730358123779297e+01,6.812138557434082031e+00,2.000000000000000000e+00,2.000000000000000000e+00
1.486735534667968750e+01,6.832939624786376953e+00,2.000000000000000000e+00,2.000000000000000000e+00
1.763713836669921875e+01,6.635262966156005859e+00,2.000000000000000000e+00,2.000000000000000000e+00
1.817394638061523438e+01,6.541899681091308594e+00,2.000000000000000000e+00,2.000000000000000000e+00
2.055703544616699219e+01,5.393737316131591797e+00,2.000000000000000000e+00,2.000000000000000000e+00
1.443779945373535156e+01,6.807900428771972656e+00,2.000000000000000000e+00,2.000000000000000000e+00
1.813836479187011719e+01,6.529465675354003906e+00,2.000000000000000000e+00,2.000000000000000000e+00
1.811357879638671875e+01,6.528863906860351562e+00,2.000000000000000000e+00,2.000000000000000000e+00
1.888486671447753906e+01,6.306864738464355469e+00,2.000000000000000000e+00,2.000000000000000000e+00
2.148985862731933594e+01,4.866694450378417969e+00,2.000000000000000000e+00,2.000000000000000000e+00
2.094873619079589844e+01,5.204956054687500000e+00,2.000000000000000000e+00,2.000000000000000000e+00
1.855898094177246094e+01,6.435013294219970703e+00,2.000000000000000000e+00,2.000000000000000000e+00
1.807913970947265625e+01,6.542893886566162109e+00,2.000000000000000000e+00,2.000000000000000000e+00
2.082760047912597656e+01,5.263632774353027344e+00,2.000000000000000000e+00,2.000000000000000000e+00
1.487906265258789062e+01,6.829304218292236328e+00,2.000000000000000000e+00,2.000000000000000000e+00
1.848895263671875000e+01,6.455685138702392578e+00,2.000000000000000000e+00,2.000000000000000000e+00
1.439916324615478516e+01,6.812916755676269531e+00,2.000000000000000000e+00,2.000000000000000000e+00
2.124494361877441406e+01,5.031127452850341797e+00,2.000000000000000000e+00,2.000000000000000000e+00
1.755636405944824219e+01,6.660411357879638672e+00,2.000000000000000000e+00,2.000000000000000000e+00
2.154323387145996094e+01,4.824247837066650391e+00,2.000000000000000000e+00,2.000000000000000000e+00
1.808277702331542969e+01,6.540972232818603516e+00,2.000000000000000000e+00,2.000000000000000000e+00
1.949760055541992188e+01,6.019356727600097656e+00,2.000000000000000000e+00,2.000000000000000000e+00
8.183687210083007812e+00,2.335320091247558594e+01,3.000000000000000000e+00,3.000000000000000000e+00
9.218787193298339844e+00,2.325916290283203125e+01,3.000000000000000000e+00,3.000000000000000000e+00
7.398697853088378906e+00,2.348682212829589844e+01,3.000000000000000000e+00,3.000000000000000000e+00
1.026119899749755859e+01,2.294235992431640625e+01,3.000000000000000000e+00,3.000000000000000000e+00
7.470752716064453125e+00,2.346275138854980469e+01,3.000000000000000000e+00,3.000000000000000000e+00
1.001742458343505859e+01,2.301692008972167969e+01,3.000000000000000000e+00,3.000000000000000000e+00
1.246091651916503906e+01,2.144941520690917969e+01,3.000000000000000000e+00,3.000000000000000000e+00
1.056289196014404297e+01,2.284554100036621094e+01,3.000000000000000000e+00,3.000000000000000000e+00
8.255310058593750000e+00,2.333657264709472656e+01,3.000000000000000000e+00,3.000000000000000000e+00
7.758152961730957031e+00,2.343644905090332031e+01,3.000000000000000000e+00,3.000000000000000000e+00
1.003231430053710938e+01,2.300982856750488281e+01,3.000000000000000000e+00,3.000000000000000000e+00
9.660567283630371094e+00,2.310061073303222656e+01,3.000000000000000000e+00,3.000000000000000000e+00
1.154064846038818359e+01,2.237659263610839844e+01,3.000000000000000000e+00,3.000000000000000000e+00
1.164684486389160156e+01,2.229571914672851562e+01,3.000000000000000000e+00,3.000000000000000000e+00
9.348220825195312500e+00,2.315508270263671875e+01,3.000000000000000000e+00,3.000000000000000000e+00
1.186534690856933594e+01,2.211736297607421875e+01,3.000000000000000000e+00,3.000000000000000000e+00
1.095035171508789062e+01,2.263977432250976562e+01,3.000000000000000000e+00,3.000000000000000000e+00
1.174923706054687500e+01,2.220591926574707031e+01,3.000000000000000000e+00,3.000000000000000000e+00
1.247342586517333984e+01,2.143635940551757812e+01,3.000000000000000000e+00,3.000000000000000000e+00
9.610550880432128906e+00,2.315296173095703125e+01,3.000000000000000000e+00,3.000000000000000000e+00
1.046910762786865234e+01,2.287085914611816406e+01,3.000000000000000000e+00,3.000000000000000000e+00
1.243530273437500000e+01,2.147886657714843750e+01,3.000000000000000000e+00,3.000000000000000000e+00
1.100115680694580078e+01,2.267640495300292969e+01,3.000000000000000000e+00,3.000000000000000000e+00
8.135415077209472656e+00,2.334777069091796875e+01,3.000000000000000000e+00,3.000000000000000000e+00
1.089648914337158203e+01,2.271033668518066406e+01,3.000000000000000000e+00,3.000000000000000000e+00
9.401202201843261719e+00,2.322572898864746094e+01,3.000000000000000000e+00,3.000000000000000000e+00
1.109219264984130859e+01,2.263333129882812500e+01,3.000000000000000000e+00,3.000000000000000000e+00
1.013918018341064453e+01,2.295940017700195312e+01,3.000000000000000000e+00,3.000000000000000000e+00
9.921502113342285156e+00,2.305605316162109375e+01,3.000000000000000000e+00,3.000000000000000000e+00
8.094262123107910156e+00,2.337736511230468750e+01,3.000000000000000000e+00,3.000000000000000000e+00
1.248918151855468750e+01,2.141861534118652344e+01,3.000000000000000000e+00,3.000000000000000000e+00
8.178320884704589844e+00,2.336425971984863281e+01,3.000000000000000000e+00,3.000000000000000000e+00
8.491255760192871094e+00,2.327468681335449219e+01,3.000000000000000000e+00,3.000000000000000000e+00
1.190259838104248047e+01,2.208260726928710938e+01,3.000000000000000000e+00,3.000000000000000000e+00
1.246425914764404297e+01,2.144462585449218750e+01,3.000000000000000000e+00,3.000000000000000000e+00
9.182744979858398438e+00,2.328502464294433594e+01,3.000000000000000000e+00,3.000000000000000000e+00
1.170504474639892578e+01,2.224832534790039062e+01,3.000000000000000000e+00,3.000000000000000000e+00
1.211391258239746094e+01,2.186211585998535156e+01,3.000000000000000000e+00,3.000000000000000000e+00
9.190128326416015625e+00,2.322727966308593750e+01,3.000000000000000000e+00,3.000000000000000000e+00
9.112364768981933594e+00,2.327231597900390625e+01,3.000000000000000000e+00,3.000000000000000000e+00
1.164142131805419922e+01,2.229648208618164062e+01,3.000000000000000000e+00,3.000000000000000000e+00
1.153103065490722656e+01,2.238876152038574219e+01,3.000000000000000000e+00,3.000000000000000000e+00
7.733782291412353516e+00,2.342660331726074219e+01,3.000000000000000000e+00,3.000000000000000000e+00
1.193924522399902344e+01,2.204756355285644531e+01,3.000000000000000000e+00,3.000000000000000000e+00
1.150468635559082031e+01,2.239102363586425781e+01,3.000000000000000000e+00,3.000000000000000000e+00
9.338573455810546875e+00,2.316367721557617188e+01,3.000000000000000000e+00,3.000000000000000000e+00
1.158680534362792969e+01,2.234370040893554688e+01,3.000000000000000000e+00,3.000000000000000000e+00
1.050482463836669922e+01,2.286416625976562500e+01,3.000000000000000000e+00,3.000000000000000000e+00
1.163257598876953125e+01,2.220310783386230469e+01,3.000000000000000000e+00,3.000000000000000000e+00
1.244626903533935547e+01,2.146579170227050781e+01,3.000000000000000000e+00,3.000000000000000000e+00
1.211070537567138672e+01,2.186892127990722656e+01,3.000000000000000000e+00,3.000000000000000000e+00
9.434668540954589844e+00,2.320718955993652344e+01,3.000000000000000000e+00,3.000000000000000000e+00
1.187961196899414062e+01,2.210694503784179688e+01,3.000000000000000000e+00,3.000000000000000000e+00
1.115992736816406250e+01,2.258995246887207031e+01,3.000000000000000000e+00,3.000000000000000000e+00
9.532712936401367188e+00,2.317450523376464844e+01,3.000000000000000000e+00,3.000000000000000000e+00
7.817798614501953125e+00,2.341050720214843750e+01,3.000000000000000000e+00,3.000000000000000000e+00
8.241929054260253906e+00,2.333749389648437500e+01,3.000000000000000000e+00,3.000000000000000000e+00
1.103315830230712891e+01,2.265174865722656250e+01,3.000000000000000000e+00,3.000000000000000000e+00
9.228755950927734375e+00,2.315664291381835938e+01,3.000000000000000000e+00,3.000000000000000000e+00
1.164602088928222656e+01,2.229487037658691406e+01,3.000000000000000000e+00,3.000000000000000000e+00
1.104722118377685547e+01,2.264165115356445312e+01,3.000000000000000000e+00,3.000000000000000000e+00
7.700076103210449219e+00,2.342441940307617188e+01,3.000000000000000000e+00,3.000000000000000000e+00
1.091796016693115234e+01,2.268670654296875000e+01,3.000000000000000000e+00,3.000000000000000000e+00
9.383111953735351562e+00,2.322809600830078125e+01,3.000000000000000000e+00,3.000000000000000000e+00
1.160861206054687500e+01,2.232587432861328125e+01,3.000000000000000000e+00,3.000000000000000000e+00
8.252067565917968750e+00,2.332646179199218750e+01,3.000000000000000000e+00,3.000000000000000000e+00
9.381292343139648438e+00,2.321475410461425781e+01,3.000000000000000000e+00,3.000000000000000000e+00
1.161649036407470703e+01,2.231573486328125000e+01,3.000000000000000000e+00,3.000000000000000000e+00
8.052689552307128906e+00,2.338150978088378906e+01,3.000000000000000000e+00,3.000000000000000000e+00
8.515818595886230469e+00,2.329671478271484375e+01,3.000000000000000000e+00,3.000000000000000000e+00
9.804796218872070312e+00,2.310167121887207031e+01,3.000000000000000000e+00,3.000000000000000000e+00
9.622658729553222656e+00,2.315321731567382812e+01,3.000000000000000000e+00,3.000000000000000000e+00
1.250098037719726562e+01,2.140672683715820312e+01,3.000000000000000000e+00,3.000000000000000000e+00
1.230298519134521484e+01,2.163505744934082031e+01,3.000000000000000000e+00,3.000000000000000000e+00
1.247497749328613281e+01,2.143443679809570312e+01,3.000000000000000000e+00,3.000000000000000000e+00
1.248278617858886719e+01,2.142599678039550781e+01,3.000000000000000000e+00,3.000000000000000000e+00
9.802883148193359375e+00,2.309819221496582031e+01,3.000000000000000000e+00,3.000000000000000000e+00
8.219893455505371094e+00,2.335311126708984375e+01,3.000000000000000000e+00,3.000000000000000000e+00
1.011213493347167969e+01,2.299847984313964844e+01,3.000000000000000000e+00,3.000000000000000000e+00
1.075471019744873047e+01,2.277171325683593750e+01,3.000000000000000000e+00,3.000000000000000000e+00
7.402645587921142578e+00,2.347566604614257812e+01,3.000000000000000000e+00,3.000000000000000000e+00
8.351332664489746094e+00,2.330984115600585938e+01,3.000000000000000000e+00,3.000000000000000000e+00
1.248327922821044922e+01,2.142560768127441406e+01,3.000000000000000000e+00,3.000000000000000000e+00
9.877902030944824219e+00,2.306690406799316406e+01,3.000000000000000000e+00,3.000000000000000000e+00
1.242192840576171875e+01,2.147957420349121094e+01,3.000000000000000000e+00,3.000000000000000000e+00
9.047398567199707031e+00,2.321041107177734375e+01,3.000000000000000000e+00,3.000000000000000000e+00
1.010111236572265625e+01,2.299384307861328125e+01,3.000000000000000000e+00,3.000000000000000000e+00
1.190972900390625000e+01,2.207928466796875000e+01,3.000000000000000000e+00,3.000000000000000000e+00
1.247686672210693359e+01,2.143656921386718750e+01,3.000000000000000000e+00,3.000000000000000000e+00
8.365747451782226562e+00,2.331062698364257812e+01,3.000000000000000000e+00,3.000000000000000000e+00
8.263026237487792969e+00,2.332199287414550781e+01,3.000000000000000000e+00,3.000000000000000000e+00
8.343955993652343750e+00,2.334100723266601562e+01,3.000000000000000000e+00,3.000000000000000000e+00
7.588122844696044922e+00,2.344300270080566406e+01,3.000000000000000000e+00,3.000000000000000000e+00
7.539322376251220703e+00,2.340640449523925781e+01,3.000000000000000000e+00,3.000000000000000000e+00
1.157362651824951172e+01,2.235239410400390625e+01,3.000000000000000000e+00,3.000000000000000000e+00
1.212986946105957031e+01,2.184705924987792969e+01,3.000000000000000000e+00,3.000000000000000000e+00
7.802190780639648438e+00,2.341249084472656250e+01,3.000000000000000000e+00,3.000000000000000000e+00
1.231183338165283203e+01,2.162435913085937500e+01,3.000000000000000000e+00,3.000000000000000000e+00
1.045306873321533203e+01,2.288084793090820312e+01,3.000000000000000000e+00,3.000000000000000000e+00
1.232713890075683594e+01,2.161018562316894531e+01,3.000000000000000000e+00,3.000000000000000000e+00
1.231588935852050781e+01,2.158385658264160156e+01,3.000000000000000000e+00,3.000000000000000000e+00
7.644995212554931641e+00,2.344495201110839844e+01,3.000000000000000000e+00,3.000000000000000000e+00
1.120212650299072266e+01,2.257057952880859375e+01,3.000000000000000000e+00,3.000000000000000000e+00
8.145788192749023438e+00,2.336436843872070312e+01,3.000000000000000000e+00,3.000000000000000000e+00
1.236485767364501953e+01,2.152495574951171875e+01,3.000000000000000000e+00,3.000000000000000000e+00
1.011714267730712891e+01,2.297744369506835938e+01,3.000000000000000000e+00,3.000000000000000000e+00
9.502389907836914062e+00,2.317621803283691406e+01,3.000000000000000000e+00,3.000000000000000000e+00
1.109324741363525391e+01,2.262265968322753906e+01,3.000000000000000000e+00,3.000000000000000000e+00
1.248904800415039062e+01,2.141999435424804688e+01,3.000000000000000000e+00,3.000000000000000000e+00
1.007822799682617188e+01,2.299674224853515625e+01,3.000000000000000000e+00,3.000000000000000000e+00
1.210420608520507812e+01,2.187779045104980469e+01,3.000000000000000000e+00,3.000000000000000000e+00
1.227911567687988281e+01,2.166538047790527344e+01,3.000000000000000000e+00,3.000000000000000000e+00
9.021027565002441406e+00,2.327053642272949219e+01,3.000000000000000000e+00,3.000000000000000000e+00
1.105649375915527344e+01,2.248319625854492188e+01,3.000000000000000000e+00,3.000000000000000000e+00
9.413293838500976562e+00,2.320018577575683594e+01,3.000000000000000000e+00,3.000000000000000000e+00
7.588665008544921875e+00,2.346722984313964844e+01,3.000000000000000000e+00,3.000000000000000000e+00
8.069655418395996094e+00,2.338893890380859375e+01,3.000000000000000000e+00,3.000000000000000000e+00
1.157025051116943359e+01,2.235650444030761719e+01,3.000000000000000000e+00,3.000000000000000000e+00
8.236903190612792969e+00,2.334862327575683594e+01,3.000000000000000000e+00,3.000000000000000000e+00
1.105764484405517578e+01,2.265178680419921875e+01,3.000000000000000000e+00,3.000000000000000000e+00
7.445989608764648438e+00,2.346546936035156250e+01,3.000000000000000000e+00,3.000000000000000000e+00
9.349195480346679688e+00,2.325409126281738281e+01,3.000000000000000000e+00,3.000000000000000000e+00
9.367959976196289062e+00,2.323461723327636719e+01,3.000000000000000000e+00,3.000000000000000000e+00
1.147645950317382812e+01,2.240387344360351562e+01,3.000000000000000000e+00,3.000000000000000000e+00
1.198939704895019531e+01,2.199421501159667969e+01,3.000000000000000000e+00,3.000000000000000000e+00
7.491894721984863281e+00,2.345931816101074219e+01,3.000000000000000000e+00,3.000000000000000000e+00
8.246760368347167969e+00,2.333649635314941406e+01,3.000000000000000000e+00,3.000000000000000000e+00
1.208163547515869141e+01,2.190043067932128906e+01,3.000000000000000000e+00,3.000000000000000000e+00
7.849109649658203125e+00,2.341122245788574219e+01,3.000000000000000000e+00,3.000000000000000000e+00
1.210505390167236328e+01,2.187556266784667969e+01,3.000000000000000000e+00,3.000000000000000000e+00
9.402954101562500000e+00,2.322116088867187500e+01,3.000000000000000000e+00,3.000000000000000000e+00
8.110483169555664062e+00,2.337397384643554688e+01,3.000000000000000000e+00,3.000000000000000000e+00
8.381860733032226562e+00,2.330537605285644531e+01,3.000000000000000000e+00,3.000000000000000000e+00
1.002582740783691406e+01,2.302074813842773438e+01,3.000000000000000000e+00,3.000000000000000000e+00
7.714581489562988281e+00,2.344070434570312500e+01,3.000000000000000000e+00,3.000000000000000000e+00
7.704607963562011719e+00,2.342824363708496094e+01,3.000000000000000000e+00,3.000000000000000000e+00
1.062869834899902344e+01,2.281848907470703125e+01,3.000000000000000000e+00,3.000000000000000000e+00
1.245970439910888672e+01,2.144886589050292969e+01,3.000000000000000000e+00,3.000000000000000000e+00
8.265581130981445312e+00,2.334228515625000000e+01,3.000000000000000000e+00,3.000000000000000000e+00
9.466567993164062500e+00,2.315552139282226562e+01,3.000000000000000000e+00,3.000000000000000000e+00
7.386505603790283203e+00,2.347852516174316406e+01,3.000000000000000000e+00,3.000000000000000000e+00
1.136914539337158203e+01,2.247542572021484375e+01,3.000000000000000000e+00,3.000000000000000000e+00
1.122745990753173828e+01,2.255620765686035156e+01,3.000000000000000000e+00,3.000000000000000000e+00
9.171737670898437500e+00,2.320783424377441406e+01,3.000000000000000000e+00,3.000000000000000000e+00
7.384288787841796875e+00,2.347256851196289062e+01,3.000000000000000000e+00,3.000000000000000000e+00
1.249491024017333984e+01,2.141352462768554688e+01,3.000000000000000000e+00,3.000000000000000000e+00
1.248312377929687500e+01,2.142705726623535156e+01,3.000000000000000000e+00,3.000000000000000000e+00
8.040511131286621094e+00,2.338293838500976562e+01,3.000000000000000000e+00,3.000000000000000000e+00
8.978819847106933594e+00,2.325508117675781250e+01,3.000000000000000000e+00,3.000000000000000000e+00
7.493141651153564453e+00,2.347901535034179688e+01,3.000000000000000000e+00,3.000000000000000000e+00
8.796934127807617188e+00,2.323950386047363281e+01,3.000000000000000000e+00,3.000000000000000000e+00
8.912723541259765625e+00,2.329279708862304688e+01,3.000000000000000000e+00,3.000000000000000000e+00
1.000576305389404297e+01,2.302513885498046875e+01,3.000000000000000000e+00,3.000000000000000000e+00
7.509800434112548828e+00,2.343968772888183594e+01,3.000000000000000000e+00,3.000000000000000000e+00
8.930211067199707031e+00,2.320648574829101562e+01,3.000000000000000000e+00,3.000000000000000000e+00
1.246864700317382812e+01,2.144146919250488281e+01,3.000000000000000000e+00,3.000000000000000000e+00
1.102405166625976562e+01,2.265737533569335938e+01,3.000000000000000000e+00,3.000000000000000000e+00
1.163564586639404297e+01,2.230431556701660156e+01,3.000000000000000000e+00,3.000000000000000000e+00
1.004910182952880859e+01,2.301145362854003906e+01,3.000000000000000000e+00,3.000000000000000000e+00
9.922715187072753906e+00,2.305559349060058594e+01,3.000000000000000000e+00,3.000000000000000000e+00
1.083144950866699219e+01,2.274686813354492188e+01,3.000000000000000000e+00,3.000000000000000000e+00
9.882473945617675781e+00,2.306829452514648438e+01,3.000000000000000000e+00,3.000000000000000000e+00
1.159570407867431641e+01,2.233115768432617188e+01,3.000000000000000000e+00,3.000000000000000000e+00
7.476243972778320312e+00,2.345807075500488281e+01,3.000000000000000000e+00,3.000000000000000000e+00
9.139862060546875000e+00,2.325985336303710938e+01,3.000000000000000000e+00,3.000000000000000000e+00
1.243340969085693359e+01,2.147461128234863281e+01,3.000000000000000000e+00,3.000000000000000000e+00
7.527293205261230469e+00,2.345380783081054688e+01,3.000000000000000000e+00,3.000000000000000000e+00
8.310419082641601562e+00,2.328986167907714844e+01,3.000000000000000000e+00,3.000000000000000000e+00
8.269334793090820312e+00,2.332530975341796875e+01,3.000000000000000000e+00,3.000000000000000000e+00
1.107923984527587891e+01,2.263020324707031250e+01,3.000000000000000000e+00,3.000000000000000000e+00
9.240596771240234375e+00,2.319063949584960938e+01,3.000000000000000000e+00,3.000000000000000000e+00
1.228090858459472656e+01,2.166459465026855469e+01,3.000000000000000000e+00,3.000000000000000000e+00
9.400121688842773438e+00,2.316974830627441406e+01,3.000000000000000000e+00,3.000000000000000000e+00
8.103905677795410156e+00,2.337040138244628906e+01,3.000000000000000000e+00,3.000000000000000000e+00
7.727971076965332031e+00,2.342719650268554688e+01,3.000000000000000000e+00,3.000000000000000000e+00
8.149944305419921875e+00,2.339207267761230469e+01,3.000000000000000000e+00,3.000000000000000000e+00
8.371692657470703125e+00,2.330940246582031250e+01,3.000000000000000000e+00,3.000000000000000000e+00
1.001827716827392578e+01,2.302119827270507812e+01,3.000000000000000000e+00,3.000000000000000000e+00
7.392474651336669922e+00,2.347066116333007812e+01,3.000000000000000000e+00,3.000000000000000000e+00
9.017055511474609375e+00,2.321157455444335938e+01,3.000000000000000000e+00,3.000000000000000000e+00
1.188304519653320312e+01,2.209468078613281250e+01,3.000000000000000000e+00,3.000000000000000000e+00
9.792195320129394531e+00,2.309055328369140625e+01,3.000000000000000000e+00,3.000000000000000000e+00
1.161862277984619141e+01,2.231522750854492188e+01,3.000000000000000000e+00,3.000000000000000000e+00
7.419149875640869141e+00,2.347464752197265625e+01,3.000000000000000000e+00,3.000000000000000000e+00
8.126305580139160156e+00,2.336582946777343750e+01,3.000000000000000000e+00,3.000000000000000000e+00
8.944264411926269531e+00,2.320707702636718750e+01,3.000000000000000000e+00,3.000000000000000000e+00
9.796455383300781250e+00,2.308682632446289062e+01,3.000000000000000000e+00,3.000000000000000000e+00
1.186299037933349609e+01,2.212181472778320312e+01,3.000000000000000000e+00,3.000000000000000000e+00
8.308085441589355469e+00,2.329566574096679688e+01,3.000000000000000000e+00,3.000000000000000000e+00
1.218645286560058594e+01,2.178267288208007812e+01,3.000000000000000000e+00,3.000000000000000000e+00
7.373777866363525391e+00,2.351135253906250000e+01,3.000000000000000000e+00,3.000000000000000000e+00
1.057524967193603516e+01,2.282839202880859375e+01,3.000000000000000000e+00,3.000000000000000000e+00
1.003785705566406250e+01,2.301705360412597656e+01,3.000000000000000000e+00,3.000000000000000000e+00
9.106060028076171875e+00,2.328254127502441406e+01,3.000000000000000000e+00,3.000000000000000000e+00
8.359778404235839844e+00,2.330393600463867188e+01,3.000000000000000000e+00,3.000000000000000000e+00
9.824505805969238281e+00,2.308515548706054688e+01,3.000000000000000000e+00,3.000000000000000000e+00
9.771174430847167969e+00,2.310946083068847656e+01,3.000000000000000000e+00,3.000000000000000000e+00
1.083636856079101562e+01,2.274792861938476562e+01,3.000000000000000000e+00,3.000000000000000000e+00
8.167282104492187500e+00,2.337594795227050781e+01,3.000000000000000000e+00,3.000000000000000000e+00
8.917937278747558594e+00,2.322671508789062500e+01,3.000000000000000000e+00,3.000000000000000000e+00
1.186513614654541016e+01,2.211226654052734375e+01,3.000000000000000000e+00,3.000000000000000000e+00
7.749103069305419922e+00,2.342530822753906250e+01,3.000000000000000000e+00,3.000000000000000000e+00
1.244547939300537109e+01,2.145679855346679688e+01,3.000000000000000000e+00,3.000000000000000000e+00
1.154620170593261719e+01,2.236435317993164062e+01,3.000000000000000000e+00,3.000000000000000000e+00
1.245775985717773438e+01,2.144407653808593750e+01,3.000000000000000000e+00,3.000000000000000000e+00
7.814582347869873047e+00,2.341614151000976562e+01,3.000000000000000000e+00,3.000000000000000000e+00
1.165314579010009766e+01,2.228399085998535156e+01,3.000000000000000000e+00,3.000000000000000000e+00
9.070786476135253906e+00,2.325837326049804688e+01,3.000000000000000000e+00,3.000000000000000000e+00
1.191513347625732422e+01,2.207497215270996094e+01,3.000000000000000000e+00,3.000000000000000000e+00
1.188881397247314453e+01,2.209917449951171875e+01,3.000000000000000000e+00,3.000000000000000000e+00
-7.912922382354736328e+00,1.706229782104492188e+01,4.000000000000000000e+00,4.000000000000000000e+00
-7.721293926239013672e+00,1.771994400024414062e+01,4.000000000000000000e+00,4.000000000000000000e+00
-8.950064659118652344e+00,1.753316688537597656e+01,4.000000000000000000e+00,4.000000000000000000e+00
-7.118026733398437500e+00,1.656759643554687500e+01,4.000000000000000000e+00,4.000000000000000000e+00
-7.092760562896728516e+00,1.656523704528808594e+01,4.000000000000000000e+00,4.000000000000000000e+00
-1.538496112823486328e+01,2.329107666015625000e+01,4.000000000000000000e+00,4.000000000000000000e+00
-6.734984874725341797e+00,1.682842636108398438e+01,4.000000000000000000e+00,4.000000000000000000e+00
-1.537909126281738281e+01,2.328479576110839844e+01,4.000000000000000000e+00,4.000000000000000000e+00
-7.619180202484130859e+00,1.760272216796875000e+01,4.000000000000000000e+00,4.000000000000000000e+00
-8.704581260681152344e+00,1.828601074218750000e+01,4.000000000000000000e+00,4.000000000000000000e+00
-6.756569385528564453e+00,1.682628440856933594e+01,4.000000000000000000e+00,4.000000000000000000e+00
-8.728014945983886719e+00,1.829407691955566406e+01,4.000000000000000000e+00,4.000000000000000000e+00
-6.922379970550537109e+00,1.691599082946777344e+01,4.000000000000000000e+00,4.000000000000000000e+00
-8.095358848571777344e+00,1.773982810974121094e+01,4.000000000000000000e+00,4.000000000000000000e+00
-8.246018409729003906e+00,1.780607223510742188e+01,4.000000000000000000e+00,4.000000000000000000e+00
-7.252723693847656250e+00,1.662986755371093750e+01,4.000000000000000000e+00,4.000000000000000000e+00
-7.204781055450439453e+00,1.661037063598632812e+01,4.000000000000000000e+00,4.000000000000000000e+00
-1.540684032440185547e+01,2.331313896179199219e+01,4.000000000000000000e+00,4.000000000000000000e+00
-8.675308227539062500e+00,1.734483146667480469e+01,4.000000000000000000e+00,4.000000000000000000e+00
-9.017266273498535156e+00,1.778449630737304688e+01,4.000000000000000000e+00,4.000000000000000000e+00
-8.695518493652343750e+00,1.758359909057617188e+01,4.000000000000000000e+00,4.000000000000000000e+00
-7.902730941772460938e+00,1.738376045227050781e+01,4.000000000000000000e+00,4.000000000000000000e+00
-8.300381660461425781e+00,1.728345298767089844e+01,4.000000000000000000e+00,4.000000000000000000e+00
-8.619816780090332031e+00,1.719389533996582031e+01,4.000000000000000000e+00,4.000000000000000000e+00
-8.909642219543457031e+00,1.752679252624511719e+01,4.000000000000000000e+00,4.000000000000000000e+00
-6.786645889282226562e+00,1.683436012268066406e+01,4.000000000000000000e+00,4.000000000000000000e+00
-1.539256954193115234e+01,2.329822349548339844e+01,4.000000000000000000e+00,4.000000000000000000e+00
-7.698669910430908203e+00,1.775685119628906250e+01,4.000000000000000000e+00,4.000000000000000000e+00
-8.208982467651367188e+00,1.721357154846191406e+01,4.000000000000000000e+00,4.000000000000000000e+00
-8.691458702087402344e+00,1.826109123229980469e+01,4.000000000000000000e+00,4.000000000000000000e+00
-8.438408851623535156e+00,1.722345352172851562e+01,4.000000000000000000e+00,4.000000000000000000e+00
-7.771554470062255859e+00,1.729956626892089844e+01,4.000000000000000000e+00,4.000000000000000000e+00
-7.064558029174804688e+00,1.657709121704101562e+01,4.000000000000000000e+00,4.000000000000000000e+00
-8.237421989440917969e+00,1.718284034729003906e+01,4.000000000000000000e+00,4.000000000000000000e+00
-8.162524223327636719e+00,1.720272636413574219e+01,4.000000000000000000e+00,4.000000000000000000e+00
-8.711831092834472656e+00,1.827347564697265625e+01,4.000000000000000000e+00,4.000000000000000000e+00
-6.988287448883056641e+00,1.690698814392089844e+01,4.000000000000000000e+00,4.000000000000000000e+00
-1.539267921447753906e+01,2.329837989807128906e+01,4.000000000000000000e+00,4.000000000000000000e+00
-1.539443969726562500e+01,2.330023002624511719e+01,4.000000000000000000e+00,4.000000000000000000e+00
-8.309547424316406250e+00,1.738525962829589844e+01,4.000000000000000000e+00,4.000000000000000000e+00
-7.085957050323486328e+00,1.659201049804687500e+01,4.000000000000000000e+00,4.000000000000000000e+00
-8.729666709899902344e+00,1.828831291198730469e+01,4.000000000000000000e+00,4.000000000000000000e+00
-1.539473819732666016e+01,2.330041122436523438e+01,4.000000000000000000e+00,4.000000000000000000e+00
-1.539109802246093750e+01,2.329685211181640625e+01,4.000000000000000000e+00,4.000000000000000000e+00
-8.275282859802246094e+00,1.734386062622070312e+01,4.000000000000000000e+00,4.000000000000000000e+00
-7.095324039459228516e+00,1.660730361938476562e+01,4.000000000000000000e+00,4.000000000000000000e+00
-7.200186729431152344e+00,1.705945205688476562e+01,4.000000000000000000e+00,4.000000000000000000e+00
-7.638869762420654297e+00,1.727198791503906250e+01,4.000000000000000000e+00,4.000000000000000000e+00
-8.460103988647460938e+00,1.722510528564453125e+01,4.000000000000000000e+00,4.000000000000000000e+00
-6.736321926116943359e+00,1.680364990234375000e+01,4.000000000000000000e+00,4.000000000000000000e+00
-8.214816093444824219e+00,1.742618751525878906e+01,4.000000000000000000e+00,4.000000000000000000e+00
-8.100516319274902344e+00,1.710356903076171875e+01,4.000000000000000000e+00,4.000000000000000000e+00
-6.750819683074951172e+00,1.680012893676757812e+01,4.000000000000000000e+00,4.000000000000000000e+00
-7.660420417785644531e+00,1.732719802856445312e+01,4.000000000000000000e+00,4.000000000000000000e+00
-8.204457283020019531e+00,1.775669288635253906e+01,4.000000000000000000e+00,4.000000000000000000e+00
-8.562726020812988281e+00,1.762609100341796875e+01,4.000000000000000000e+00,4.000000000000000000e+00
-7.140582561492919922e+00,1.672925758361816406e+01,4.000000000000000000e+00,4.000000000000000000e+00
-7.881372451782226562e+00,1.743443489074707031e+01,4.000000000000000000e+00,4.000000000000000000e+00
-8.495125770568847656e+00,1.735310173034667969e+01,4.000000000000000000e+00,4.000000000000000000e+00
-8.201452255249023438e+00,1.765590667724609375e+01,4.000000000000000000e+00,4.000000000000000000e+00
-8.383351325988769531e+00,1.722644233703613281e+01,4.000000000000000000e+00,4.000000000000000000e+00
-8.532254219055175781e+00,1.771623611450195312e+01,4.000000000000000000e+00,4.000000000000000000e+00
-8.669267654418945312e+00,1.815383148193359375e+01,4.000000000000000000e+00,4.000000000000000000e+00
-7.944052696228027344e+00,1.707254409790039062e+01,4.000000000000000000e+00,4.000000000000000000e+00
-9.005766868591308594e+00,1.780630874633789062e+01,4.000000000000000000e+00,4.000000000000000000e+00
-8.086195945739746094e+00,1.776264762878417969e+01,4.000000000000000000e+00,4.000000000000000000e+00
-1.539396762847900391e+01,2.329962921142578125e+01,4.000000000000000000e+00,4.000000000000000000e+00
-7.374766826629638672e+00,1.723234558105468750e+01,4.000000000000000000e+00,4.000000000000000000e+00
-8.103016853332519531e+00,1.780364418029785156e+01,4.000000000000000000e+00,4.000000000000000000e+00
-7.901740074157714844e+00,1.705383872985839844e+01,4.000000000000000000e+00,4.000000000000000000e+00
-8.917440414428710938e+00,1.786619186401367188e+01,4.000000000000000000e+00,4.000000000000000000e+00
-8.635120391845703125e+00,1.763265419006347656e+01,4.000000000000000000e+00,4.000000000000000000e+00
-8.588351249694824219e+00,1.722251701354980469e+01,4.000000000000000000e+00,4.000000000000000000e+00
-6.791474342346191406e+00,1.677883720397949219e+01,4.000000000000000000e+00,4.000000000000000000e+00
-7.542386054992675781e+00,1.720524597167968750e+01,4.000000000000000000e+00,4.000000000000000000e+00
-7.798278331756591797e+00,1.779025268554687500e+01,4.000000000000000000e+00,4.000000000000000000e+00
-7.479939460754394531e+00,1.710682678222656250e+01,4.000000000000000000e+00,4.000000000000000000e+00
-6.743703842163085938e+00,1.682604980468750000e+01,4.000000000000000000e+00,4.000000000000000000e+00
-8.396153450012207031e+00,1.783301544189453125e+01,4.000000000000000000e+00,4.000000000000000000e+00
-8.734846115112304688e+00,1.826663017272949219e+01,4.000000000000000000e+00,4.000000000000000000e+00
-8.429284095764160156e+00,1.720276451110839844e+01,4.000000000000000000e+00,4.000000000000000000e+00
-8.664061546325683594e+00,1.720446205139160156e+01,4.000000000000000000e+00,4.000000000000000000e+00
-1.539217567443847656e+01,2.329779052734375000e+01,4.000000000000000000e+00,4.000000000000000000e+00
-9.005083084106445312e+00,1.778059959411621094e+01,4.000000000000000000e+00,4.000000000000000000e+00
-7.404614925384521484e+00,1.719676208496093750e+01,4.000000000000000000e+00,4.000000000000000000e+00
-8.716797828674316406e+00,1.828516197204589844e+01,4.000000000000000000e+00,4.000000000000000000e+00
-7.405287265777587891e+00,1.718667411804199219e+01,4.000000000000000000e+00,4.000000000000000000e+00
-7.664657115936279297e+00,1.769438362121582031e+01,4.000000000000000000e+00,4.000000000000000000e+00
-1.538936233520507812e+01,2.329518890380859375e+01,4.000000000000000000e+00,4.000000000000000000e+00
-6.757981777191162109e+00,1.676160430908203125e+01,4.000000000000000000e+00,4.000000000000000000e+00
-7.238424777984619141e+00,1.663830947875976562e+01,4.000000000000000000e+00,4.000000000000000000e+00
-7.866449832916259766e+00,1.779650115966796875e+01,4.000000000000000000e+00,4.000000000000000000e+00
-1.539030456542968750e+01,2.329601669311523438e+01,4.000000000000000000e+00,4.000000000000000000e+00
-8.986765861511230469e+00,1.778576469421386719e+01,4.000000000000000000e+00,4.000000000000000000e+00
-1.539587402343750000e+01,2.330155563354492188e+01,4.000000000000000000e+00,4.000000000000000000e+00
-8.425558090209960938e+00,1.767616081237792969e+01,4.000000000000000000e+00,4.000000000000000000e+00
-8.672913551330566406e+00,1.823729705810546875e+01,4.000000000000000000e+00,4.000000000000000000e+00
-7.205343246459960938e+00,1.659774017333984375e+01,4.000000000000000000e+00,4.000000000000000000e+00
-8.840112686157226562e+00,1.742868995666503906e+01,4.000000000000000000e+00,4.000000000000000000e+00
-8.733938217163085938e+00,1.750324821472167969e+01,4.000000000000000000e+00,4.000000000000000000e+00
-7.665621280670166016e+00,1.772311210632324219e+01,4.000000000000000000e+00,4.000000000000000000e+00
-9.005685806274414062e+00,1.768402862548828125e+01,4.000000000000000000e+00,4.000000000000000000e+00
-8.873116493225097656e+00,1.747022056579589844e+01,4.000000000000000000e+00,4.000000000000000000e+00
-7.013836383819580078e+00,1.689914131164550781e+01,4.000000000000000000e+00,4.000000000000000000e+00
-7.821173667907714844e+00,1.779148674011230469e+01,4.000000000000000000e+00,4.000000000000000000e+00
-8.860754013061523438e+00,1.773104667663574219e+01,4.000000000000000000e+00,4.000000000000000000e+00
-9.021687507629394531e+00,1.774762344360351562e+01,4.000000000000000000e+00,4.000000000000000000e+00
-8.208503723144531250e+00,1.723126602172851562e+01,4.000000000000000000e+00,4.000000000000000000e+00
-7.143339157104492188e+00,1.701540946960449219e+01,4.000000000000000000e+00,4.000000000000000000e+00
-7.777900218963623047e+00,1.776714134216308594e+01,4.000000000000000000e+00,4.000000000000000000e+00
-8.170060157775878906e+00,1.719565773010253906e+01,4.000000000000000000e+00,4.000000000000000000e+00
-1.541314983367919922e+01,2.331875228881835938e+01,4.000000000000000000e+00,4.000000000000000000e+00
-7.670387268066406250e+00,1.686014556884765625e+01,4.000000000000000000e+00,4.000000000000000000e+00
-1.536847686767578125e+01,2.327426719665527344e+01,4.000000000000000000e+00,4.000000000000000000e+00
-8.724314689636230469e+00,1.827901649475097656e+01,4.000000000000000000e+00,4.000000000000000000e+00
-8.410639762878417969e+00,1.789014816284179688e+01,4.000000000000000000e+00,4.000000000000000000e+00
-8.823332786560058594e+00,1.752606582641601562e+01,4.000000000000000000e+00,4.000000000000000000e+00
-6.787032127380371094e+00,1.676892852783203125e+01,4.000000000000000000e+00,4.000000000000000000e+00
-8.873832702636718750e+00,1.779804229736328125e+01,4.000000000000000000e+00,4.000000000000000000e+00
-8.969532966613769531e+00,1.784440040588378906e+01,4.000000000000000000e+00,4.000000000000000000e+00
-9.002211570739746094e+00,1.783726310729980469e+01,4.000000000000000000e+00,4.000000000000000000e+00
-7.232217788696289062e+00,1.674247741699218750e+01,4.000000000000000000e+00,4.000000000000000000e+00
-1.538258647918701172e+01,2.328894615173339844e+01,4.000000000000000000e+00,4.000000000000000000e+00
-8.897706031799316406e+00,1.753561401367187500e+01,4.000000000000000000e+00,4.000000000000000000e+00
-7.570297241210937500e+00,1.723921966552734375e+01,4.000000000000000000e+00,4.000000000000000000e+00
-6.820252895355224609e+00,1.686033248901367188e+01,4.000000000000000000e+00,4.000000000000000000e+00
-6.811336040496826172e+00,1.674020004272460938e+01,4.000000000000000000e+00,4.000000000000000000e+00
-8.744752883911132812e+00,1.753946113586425781e+01,4.000000000000000000e+00,4.000000000000000000e+00
-7.956929206848144531e+00,1.700875282287597656e+01,4.000000000000000000e+00,4.000000000000000000e+00
-7.672828674316406250e+00,1.727299499511718750e+01,4.000000000000000000e+00,4.000000000000000000e+00
-7.091409683227539062e+00,1.652891731262207031e+01,4.000000000000000000e+00,4.000000000000000000e+00
-7.506968498229980469e+00,1.720172119140625000e+01,4.000000000000000000e+00,4.000000000000000000e+00
-8.883072853088378906e+00,1.748430252075195312e+01,4.000000000000000000e+00,4.000000000000000000e+00
-7.312677860260009766e+00,1.714292716979980469e+01,4.000000000000000000e+00,4.000000000000000000e+00
-8.329567909240722656e+00,1.728007125854492188e+01,4.000000000000000000e+00,4.000000000000000000e+00
-7.689270496368408203e+00,1.775922966003417969e+01,4.000000000000000000e+00,4.000000000000000000e+00
-8.991395950317382812e+00,1.762454223632812500e+01,4.000000000000000000e+00,4.000000000000000000e+00
-9.014913558959960938e+00,1.777396392822265625e+01,4.000000000000000000e+00,4.000000000000000000e+00
-7.383989810943603516e+00,1.719994926452636719e+01,4.000000000000000000e+00,4.000000000000000000e+00
-7.322514533996582031e+00,1.666159629821777344e+01,4.000000000000000000e+00,4.000000000000000000e+00
-7.094788551330566406e+00,1.660231971740722656e+01,4.000000000000000000e+00,4.000000000000000000e+00
-6.783181190490722656e+00,1.677439689636230469e+01,4.000000000000000000e+00,4.000000000000000000e+00
-8.489053726196289062e+00,1.719092941284179688e+01,4.000000000000000000e+00,4.000000000000000000e+00
-1.539325618743896484e+01,2.329882621765136719e+01,4.000000000000000000e+00,4.000000000000000000e+00
-8.637718200683593750e+00,1.747371673583984375e+01,4.000000000000000000e+00,4.000000000000000000e+00
-8.647123336791992188e+00,1.815591049194335938e+01,4.000000000000000000e+00,4.000000000000000000e+00
-7.385423660278320312e+00,1.726832962036132812e+01,4.000000000000000000e+00,4.000000000000000000e+00
-8.358242034912109375e+00,1.719566345214843750e+01,4.000000000000000000e+00,4.000000000000000000e+00
-8.252517700195312500e+00,1.744255447387695312e+01,4.000000000000000000e+00,4.000000000000000000e+00
-8.300777435302734375e+00,1.782876396179199219e+01,4.000000000000000000e+00,4.000000000000000000e+00
-8.727230072021484375e+00,1.827363395690917969e+01,4.000000000000000000e+00,4.000000000000000000e+00
-7.556790828704833984e+00,1.714641761779785156e+01,4.000000000000000000e+00,4.000000000000000000e+00
-7.412724494934082031e+00,1.710346984863281250e+01,4.000000000000000000e+00,4.000000000000000000e+00
-7.528408527374267578e+00,1.717669105529785156e+01,4.000000000000000000e+00,4.000000000000000000e+00
-8.252980232238769531e+00,1.778308868408203125e+01,4.000000000000000000e+00,4.000000000000000000e+00
-7.487687587738037109e+00,1.720082092285156250e+01,4.000000000000000000e+00,4.000000000000000000e+00
-8.593560218811035156e+00,1.765560722351074219e+01,4.000000000000000000e+00,4.000000000000000000e+00
-8.359469413757324219e+00,1.723302459716796875e+01,4.000000000000000000e+00,4.000000000000000000e+00
-9.000797271728515625e+00,1.778748703002929688e+01,4.000000000000000000e+00,4.000000000000000000e+00
-8.619804382324218750e+00,1.763188934326171875e+01,4.000000000000000000e+00,4.000000000000000000e+00
-1.538064670562744141e+01,2.328728103637695312e+01,4.000000000000000000e+00,4.000000000000000000e+00
-1.539358520507812500e+01,2.329924392700195312e+01,4.000000000000000000e+00,4.000000000000000000e+00
-8.776455879211425781e+00,1.749802589416503906e+01,4.000000000000000000e+00,4.000000000000000000e+00
-7.070683002471923828e+00,1.659409141540527344e+01,4.000000000000000000e+00,4.000000000000000000e+00
-8.785093307495117188e+00,1.811949539184570312e+01,4.000000000000000000e+00,4.000000000000000000e+00
-8.645617485046386719e+00,1.820066452026367188e+01,4.000000000000000000e+00,4.000000000000000000e+00
-7.427122116088867188e+00,1.673601531982421875e+01,4.000000000000000000e+00,4.000000000000000000e+00
-8.681817054748535156e+00,1.726910209655761719e+01,4.000000000000000000e+00,4.000000000000000000e+00
-7.180940628051757812e+00,1.663654899597167969e+01,4.000000000000000000e+00,4.000000000000000000e+00
-7.057214736938476562e+00,1.697460174560546875e+01,4.000000000000000000e+00,4.000000000000000000e+00
-8.256336212158203125e+00,1.713816452026367188e+01,4.000000000000000000e+00,4.000000000000000000e+00
-1.539313697814941406e+01,2.329890441894531250e+01,4.000000000000000000e+00,4.000000000000000000e+00
-7.899643898010253906e+00,1.778077888488769531e+01,4.000000000000000000e+00,4.000000000000000000e+00
-8.877095222473144531e+00,1.748222541809082031e+01,4.000000000000000000e+00,4.000000000000000000e+00
-6.766606807708740234e+00,1.677842521667480469e+01,4.000000000000000000e+00,4.000000000000000000e+00
-7.126160144805908203e+00,1.657123565673828125e+01,4.000000000000000000e+00,4.000000000000000000e+00
-7.707077503204345703e+00,1.712640953063964844e+01,4.000000000000000000e+00,4.000000000000000000e+00
-8.707736015319824219e+00,1.760521507263183594e+01,4.000000000000000000e+00,4.000000000000000000e+00
-7.086114883422851562e+00,1.655791664123535156e+01,4.000000000000000000e+00,4.000000000000000000e+00
-7.938957691192626953e+00,1.779676246643066406e+01,4.000000000000000000e+00,4.000000000000000000e+00
-8.310008049011230469e+00,1.714544868469238281e+01,4.000000000000000000e+00,4.000000000000000000e+00
-7.756636619567871094e+00,1.775637626647949219e+01,4.000000000000000000e+00,4.000000000000000000e+00
-7.680049419403076172e+00,1.775214004516601562e+01,4.000000000000000000e+00,4.000000000000000000e+00
-7.696858406066894531e+00,1.776980400085449219e+01,4.000000000000000000e+00,4.000000000000000000e+00
-8.869756698608398438e+00,1.746576309204101562e+01,4.000000000000000000e+00,4.000000000000000000e+00
-7.684362888336181641e+00,1.773130035400390625e+01,4.000000000000000000e+00,4.000000000000000000e+00
-6.734985351562500000e+00,1.682528305053710938e+01,4.000000000000000000e+00,4.000000000000000000e+00
-8.731174468994140625e+00,1.824942588806152344e+01,4.000000000000000000e+00,4.000000000000000000e+00
-8.765894889831542969e+00,1.784071540832519531e+01,4.000000000000000000e+00,4.000000000000000000e+00
-8.343118667602539062e+00,1.751548957824707031e+01,4.000000000000000000e+00,4.000000000000000000e+00
-7.441647052764892578e+00,1.721676063537597656e+01,4.000000000000000000e+00,4.000000000000000000e+00
-8.706507682800292969e+00,1.827713775634765625e+01,4.000000000000000000e+00,4.000000000000000000e+00
-7.547376632690429688e+00,1.679768371582031250e+01,4.000000000000000000e+00,4.000000000000000000e+00
-7.816450119018554688e+00,1.734384536743164062e+01,4.000000000000000000e+00,4.000000000000000000e+00
-9.021419525146484375e+00,1.763038635253906250e+01,4.000000000000000000e+00,4.000000000000000000e+00
-8.840043067932128906e+00,1.749407958984375000e+01,4.000000000000000000e+00,4.000000000000000000e+00
-1.539117145538330078e+01,2.329677772521972656e+01,4.000000000000000000e+00,4.000000000000000000e+00
-6.754747390747070312e+00,1.678704833984375000e+01,4.000000000000000000e+00,4.000000000000000000e+00
-7.868062019348144531e+00,1.751324462890625000e+01,4.000000000000000000e+00,4.000000000000000000e+00
-7.652706146240234375e+00,1.775361251831054688e+01,4.000000000000000000e+00,4.000000000000000000e+00
-7.113064765930175781e+00,1.695437431335449219e+01,4.000000000000000000e+00,4.000000000000000000e+00
-7.380605697631835938e+00,1.717372894287109375e+01,4.000000000000000000e+00,4.000000000000000000e+00
-1.542603588104248047e+01,2.333159637451171875e+01,4.000000000000000000e+00,4.000000000000000000e+00
-8.316835403442382812e+00,1.784170722961425781e+01,4.000000000000000000e+00,4.000000000000000000e+00
-9.022067070007324219e+00,1.770217895507812500e+01,4.000000000000000000e+00,4.000000000000000000e+00
-7.656617164611816406e+00,1.726616477966308594e+01,4.000000000000000000e+00,4.000000000000000000e+00
-6.752304077148437500e+00,1.683835983276367188e+01,4.000000000000000000e+00,4.000000000000000000e+00
-7.242874145507812500e+00,1.707911872863769531e+01,4.000000000000000000e+00,4.000000000000000000e+00
-7.387608051300048828e+00,1.670933532714843750e+01,4.000000000000000000e+00,4.000000000000000000e+00
-8.650101661682128906e+00,1.808214950561523438e+01,4.000000000000000000e+00,4.000000000000000000e+00
7.928318500518798828e+00,1.487674045562744141e+01,5.000000000000000000e+00,5.000000000000000000e+00
7.844119548797607422e+00,1.362550354003906250e+01,5.000000000000000000e+00,5.000000000000000000e+00
8.023836135864257812e+00,1.517740535736083984e+01,5.000000000000000000e+00,5.000000000000000000e+00
8.256933212280273438e+00,1.586820697784423828e+01,5.000000000000000000e+00,5.000000000000000000e+00
1.216129684448242188e+01,1.699863624572753906e+01,5.000000000000000000e+00,5.000000000000000000e+00
7.913885116577148438e+00,1.260780620574951172e+01,5.000000000000000000e+00,5.000000000000000000e+00
1.078510665893554688e+01,1.774365615844726562e+01,5.000000000000000000e+00,5.000000000000000000e+00
7.914347648620605469e+00,1.259514045715332031e+01,5.000000000000000000e+00,5.000000000000000000e+00
1.233115863800048828e+01,1.687517738342285156e+01,5.000000000000000000e+00,5.000000000000000000e+00
7.911848068237304688e+00,1.480677604675292969e+01,5.000000000000000000e+00,5.000000000000000000e+00
1.233474826812744141e+01,1.687399673461914062e+01,5.000000000000000000e+00,5.000000000000000000e+00
1.192300605773925781e+01,1.717602539062500000e+01,5.000000000000000000e+00,5.000000000000000000e+00
1.231803989410400391e+01,1.688690185546875000e+01,5.000000000000000000e+00,5.000000000000000000e+00
7.906604290008544922e+00,1.274987983703613281e+01,5.000000000000000000e+00,5.000000000000000000e+00
1.226776313781738281e+01,1.692754745483398438e+01,5.000000000000000000e+00,5.000000000000000000e+00
1.222775745391845703e+01,1.695655250549316406e+01,5.000000000000000000e+00,5.000000000000000000e+00
8.296001434326171875e+00,1.596660041809082031e+01,5.000000000000000000e+00,5.000000000000000000e+00
7.907446384429931641e+00,1.271604728698730469e+01,5.000000000000000000e+00,5.000000000000000000e+00
1.233496379852294922e+01,1.687845230102539062e+01,5.000000000000000000e+00,5.000000000000000000e+00
8.892512321472167969e+00,1.689433479309082031e+01,5.000000000000000000e+00,5.000000000000000000e+00
9.684878349304199219e+00,1.748419952392578125e+01,5.000000000000000000e+00,5.000000000000000000e+00
8.712726593017578125e+00,1.667173576354980469e+01,5.000000000000000000e+00,5.000000000000000000e+00
8.861166954040527344e+00,1.686344146728515625e+01,5.000000000000000000e+00,5.000000000000000000e+00
1.222762775421142578e+01,1.695586585998535156e+01,5.000000000000000000e+00,5.000000000000000000e+00
7.905982017517089844e+00,1.475353431701660156e+01,5.000000000000000000e+00,5.000000000000000000e+00
1.053687858581542969e+01,1.773459243774414062e+01,5.000000000000000000e+00,5.000000000000000000e+00
7.840448856353759766e+00,1.365346240997314453e+01,5.000000000000000000e+00,5.000000000000000000e+00
8.892648696899414062e+00,1.689603614807128906e+01,5.000000000000000000e+00,5.000000000000000000e+00
8.590894699096679688e+00,1.651103591918945312e+01,5.000000000000000000e+00,5.000000000000000000e+00
9.150404930114746094e+00,1.713538360595703125e+01,5.000000000000000000e+00,5.000000000000000000e+00
7.827587604522705078e+00,1.388965415954589844e+01,5.000000000000000000e+00,5.000000000000000000e+00
1.155840206146240234e+01,1.740672111511230469e+01,5.000000000000000000e+00,5.000000000000000000e+00
1.178191661834716797e+01,1.726556968688964844e+01,5.000000000000000000e+00,5.000000000000000000e+00
1.082983207702636719e+01,1.773423004150390625e+01,5.000000000000000000e+00,5.000000000000000000e+00
8.007602691650390625e+00,1.514735698699951172e+01,5.000000000000000000e+00,5.000000000000000000e+00
8.791806221008300781e+00,1.678129959106445312e+01,5.000000000000000000e+00,5.000000000000000000e+00
7.948853015899658203e+00,1.487609100341796875e+01,5.000000000000000000e+00,5.000000000000000000e+00
8.356461524963378906e+00,1.612840270996093750e+01,5.000000000000000000e+00,5.000000000000000000e+00
1.142969894409179688e+01,1.748526954650878906e+01,5.000000000000000000e+00,5.000000000000000000e+00
7.919697761535644531e+00,1.482066822052001953e+01,5.000000000000000000e+00,5.000000000000000000e+00
1.230785369873046875e+01,1.689778709411621094e+01,5.000000000000000000e+00,5.000000000000000000e+00
8.357717514038085938e+00,1.614086723327636719e+01,5.000000000000000000e+00,5.000000000000000000e+00
7.949545383453369141e+00,1.492780971527099609e+01,5.000000000000000000e+00,5.000000000000000000e+00
8.260135650634765625e+00,1.587423610687255859e+01,5.000000000000000000e+00,5.000000000000000000e+00
1.222971916198730469e+01,1.695919227600097656e+01,5.000000000000000000e+00,5.000000000000000000e+00
8.013529777526855469e+00,1.516564559936523438e+01,5.000000000000000000e+00,5.000000000000000000e+00
7.828511714935302734e+00,1.384299564361572266e+01,5.000000000000000000e+00,5.000000000000000000e+00
1.074175453186035156e+01,1.776155662536621094e+01,5.000000000000000000e+00,5.000000000000000000e+00
8.562814712524414062e+00,1.646404457092285156e+01,5.000000000000000000e+00,5.000000000000000000e+00
1.115968990325927734e+01,1.763868522644042969e+01,5.000000000000000000e+00,5.000000000000000000e+00
1.168081951141357422e+01,1.733061599731445312e+01,5.000000000000000000e+00,5.000000000000000000e+00
7.901977062225341797e+00,1.288801479339599609e+01,5.000000000000000000e+00,5.000000000000000000e+00
7.892971515655517578e+00,1.264366722106933594e+01,5.000000000000000000e+00,5.000000000000000000e+00
7.931596279144287109e+00,1.485219383239746094e+01,5.000000000000000000e+00,5.000000000000000000e+00
1.219056129455566406e+01,1.698293495178222656e+01,5.000000000000000000e+00,5.000000000000000000e+00
1.145001888275146484e+01,1.747417831420898438e+01,5.000000000000000000e+00,5.000000000000000000e+00
7.881966114044189453e+00,1.321113872528076172e+01,5.000000000000000000e+00,5.000000000000000000e+00
7.901543140411376953e+00,1.289475536346435547e+01,5.000000000000000000e+00,5.000000000000000000e+00
1.064299964904785156e+01,1.774649620056152344e+01,5.000000000000000000e+00,5.000000000000000000e+00
1.146845340728759766e+01,1.746280288696289062e+01,5.000000000000000000e+00,5.000000000000000000e+00
1.225869560241699219e+01,1.693406867980957031e+01,5.000000000000000000e+00,5.000000000000000000e+00
7.906082630157470703e+00,1.276424026489257812e+01,5.000000000000000000e+00,5.000000000000000000e+00
7.842219352722167969e+00,1.428747558593750000e+01,5.000000000000000000e+00,5.000000000000000000e+00
7.915621757507324219e+00,1.256896591186523438e+01,5.000000000000000000e+00,5.000000000000000000e+00
7.830360412597656250e+00,1.399388504028320312e+01,5.000000000000000000e+00,5.000000000000000000e+00
7.849018573760986328e+00,1.356509399414062500e+01,5.000000000000000000e+00,5.000000000000000000e+00
1.161119174957275391e+01,1.736622428894042969e+01,5.000000000000000000e+00,5.000000000000000000e+00
1.222086429595947266e+01,1.696134376525878906e+01,5.000000000000000000e+00,5.000000000000000000e+00
1.109713649749755859e+01,1.766370391845703125e+01,5.000000000000000000e+00,5.000000000000000000e+00
7.894359111785888672e+00,1.300387573242187500e+01,5.000000000000000000e+00,5.000000000000000000e+00
8.257928848266601562e+00,1.587073612213134766e+01,5.000000000000000000e+00,5.000000000000000000e+00
7.864440441131591797e+00,1.337128448486328125e+01,5.000000000000000000e+00,5.000000000000000000e+00
1.056312084197998047e+01,1.773866653442382812e+01,5.000000000000000000e+00,5.000000000000000000e+00
9.089440345764160156e+00,1.708603286743164062e+01,5.000000000000000000e+00,5.000000000000000000e+00
1.225655555725097656e+01,1.693522644042968750e+01,5.000000000000000000e+00,5.000000000000000000e+00
8.264182090759277344e+00,1.588328075408935547e+01,5.000000000000000000e+00,5.000000000000000000e+00
7.827758789062500000e+00,1.386742877960205078e+01,5.000000000000000000e+00,5.000000000000000000e+00
1.059479618072509766e+01,1.773845291137695312e+01,5.000000000000000000e+00,5.000000000000000000e+00
7.995517253875732422e+00,1.504264545440673828e+01,5.000000000000000000e+00,5.000000000000000000e+00
1.141277503967285156e+01,1.749661064147949219e+01,5.000000000000000000e+00,5.000000000000000000e+00
8.866674423217773438e+00,1.686810874938964844e+01,5.000000000000000000e+00,5.000000000000000000e+00
1.063367462158203125e+01,1.774495506286621094e+01,5.000000000000000000e+00,5.000000000000000000e+00
7.907404899597167969e+00,1.274361228942871094e+01,5.000000000000000000e+00,5.000000000000000000e+00
7.888248443603515625e+00,1.306289196014404297e+01,5.000000000000000000e+00,5.000000000000000000e+00
1.233136749267578125e+01,1.687686920166015625e+01,5.000000000000000000e+00,5.000000000000000000e+00
1.006545734405517578e+01,1.764296913146972656e+01,5.000000000000000000e+00,5.000000000000000000e+00
9.123273849487304688e+00,1.711394309997558594e+01,5.000000000000000000e+00,5.000000000000000000e+00
7.901506423950195312e+00,1.290435695648193359e+01,5.000000000000000000e+00,5.000000000000000000e+00
7.850484371185302734e+00,1.433216381072998047e+01,5.000000000000000000e+00,5.000000000000000000e+00
9.183488845825195312e+00,1.715722274780273438e+01,5.000000000000000000e+00,5.000000000000000000e+00
7.948719024658203125e+00,1.492790126800537109e+01,5.000000000000000000e+00,5.000000000000000000e+00
7.823007583618164062e+00,1.367186641693115234e+01,5.000000000000000000e+00,5.000000000000000000e+00
8.011797904968261719e+00,1.516135787963867188e+01,5.000000000000000000e+00,5.000000000000000000e+00
8.951637268066406250e+00,1.695246696472167969e+01,5.000000000000000000e+00,5.000000000000000000e+00
7.907337665557861328e+00,1.286100292205810547e+01,5.000000000000000000e+00,5.000000000000000000e+00
7.827146053314208984e+00,1.391123485565185547e+01,5.000000000000000000e+00,5.000000000000000000e+00
7.913793087005615234e+00,1.260224819183349609e+01,5.000000000000000000e+00,5.000000000000000000e+00
1.147104167938232422e+01,1.746407890319824219e+01,5.000000000000000000e+00,5.000000000000000000e+00
7.988581180572509766e+00,1.507455921173095703e+01,5.000000000000000000e+00,5.000000000000000000e+00
1.145275115966796875e+01,1.747286987304687500e+01,5.000000000000000000e+00,5.000000000000000000e+00
7.903571605682373047e+00,1.281631088256835938e+01,5.000000000000000000e+00,5.000000000000000000e+00
7.927234649658203125e+00,1.485267543792724609e+01,5.000000000000000000e+00,5.000000000000000000e+00
9.647922515869140625e+00,1.746371078491210938e+01,5.000000000000000000e+00,5.000000000000000000e+00
1.027569866180419922e+01,1.769369125366210938e+01,5.000000000000000000e+00,5.000000000000000000e+00
8.406399726867675781e+00,1.621971130371093750e+01,5.000000000000000000e+00,5.000000000000000000e+00
9.949930191040039062e+00,1.761210632324218750e+01,5.000000000000000000e+00,5.000000000000000000e+00
8.345942497253417969e+00,1.612058258056640625e+01,5.000000000000000000e+00,5.000000000000000000e+00
1.091560363769531250e+01,1.771156501770019531e+01,5.000000000000000000e+00,5.000000000000000000e+00
7.882510662078857422e+00,1.317910957336425781e+01,5.000000000000000000e+00,5.000000000000000000e+00
9.761908531188964844e+00,1.753112792968750000e+01,5.000000000000000000e+00,5.000000000000000000e+00
7.888275623321533203e+00,1.309875202178955078e+01,5.000000000000000000e+00,5.000000000000000000e+00
1.010168075561523438e+01,1.765812301635742188e+01,5.000000000000000000e+00,5.000000000000000000e+00
7.881399631500244141e+00,1.323205947875976562e+01,5.000000000000000000e+00,5.000000000000000000e+00
8.605035781860351562e+00,1.653198432922363281e+01,5.000000000000000000e+00,5.000000000000000000e+00
8.803736686706542969e+00,1.679849624633789062e+01,5.000000000000000000e+00,5.000000000000000000e+00
1.209987449645996094e+01,1.704821586608886719e+01,5.000000000000000000e+00,5.000000000000000000e+00
1.106549930572509766e+01,1.767461967468261719e+01,5.000000000000000000e+00,5.000000000000000000e+00
8.629012107849121094e+00,1.657102394104003906e+01,5.000000000000000000e+00,5.000000000000000000e+00
1.120152759552001953e+01,1.761166763305664062e+01,5.000000000000000000e+00,5.000000000000000000e+00
9.071653366088867188e+00,1.707071685791015625e+01,5.000000000000000000e+00,5.000000000000000000e+00
1.111594486236572266e+01,1.765138435363769531e+01,5.000000000000000000e+00,5.000000000000000000e+00
7.838285446166992188e+00,1.420945644378662109e+01,5.000000000000000000e+00,5.000000000000000000e+00
8.638694763183593750e+00,1.657842254638671875e+01,5.000000000000000000e+00,5.000000000000000000e+00
8.800254821777343750e+00,1.678999328613281250e+01,5.000000000000000000e+00,5.000000000000000000e+00
1.068609046936035156e+01,1.775699234008789062e+01,5.000000000000000000e+00,5.000000000000000000e+00
8.629880905151367188e+00,1.657287025451660156e+01,5.000000000000000000e+00,5.000000000000000000e+00
7.930186748504638672e+00,1.487376880645751953e+01,5.000000000000000000e+00,5.000000000000000000e+00
8.480935096740722656e+00,1.632067489624023438e+01,5.000000000000000000e+00,5.000000000000000000e+00
1.129024505615234375e+01,1.755765342712402344e+01,5.000000000000000000e+00,5.000000000000000000e+00
8.344064712524414062e+00,1.611897087097167969e+01,5.000000000000000000e+00,5.000000000000000000e+00
8.868828773498535156e+00,1.687194442749023438e+01,5.000000000000000000e+00,5.000000000000000000e+00
8.641571998596191406e+00,1.658855628967285156e+01,5.000000000000000000e+00,5.000000000000000000e+00
7.915649890899658203e+00,1.480243587493896484e+01,5.000000000000000000e+00,5.000000000000000000e+00
7.909280776977539062e+00,1.265279293060302734e+01,5.000000000000000000e+00,5.000000000000000000e+00
7.850759983062744141e+00,1.358549213409423828e+01,5.000000000000000000e+00,5.000000000000000000e+00
7.913630008697509766e+00,1.479053878784179688e+01,5.000000000000000000e+00,5.000000000000000000e+00
7.851045608520507812e+00,1.353095722198486328e+01,5.000000000000000000e+00,5.000000000000000000e+00
9.624068260192871094e+00,1.745301055908203125e+01,5.000000000000000000e+00,5.000000000000000000e+00
9.913443565368652344e+00,1.760646438598632812e+01,5.000000000000000000e+00,5.000000000000000000e+00
7.828446865081787109e+00,1.387305450439453125e+01,5.000000000000000000e+00,5.000000000000000000e+00
7.973728656768798828e+00,1.501289176940917969e+01,5.000000000000000000e+00,5.000000000000000000e+00
9.707378387451171875e+00,1.750232505798339844e+01,5.000000000000000000e+00,5.000000000000000000e+00
1.192242240905761719e+01,1.717601394653320312e+01,5.000000000000000000e+00,5.000000000000000000e+00
9.720632553100585938e+00,1.750352859497070312e+01,5.000000000000000000e+00,5.000000000000000000e+00
7.985659122467041016e+00,1.507809448242187500e+01,5.000000000000000000e+00,5.000000000000000000e+00
7.869972705841064453e+00,1.442035675048828125e+01,5.000000000000000000e+00,5.000000000000000000e+00
1.004868030548095703e+01,1.765532684326171875e+01,5.000000000000000000e+00,5.000000000000000000e+00
8.007654190063476562e+00,1.514511680603027344e+01,5.000000000000000000e+00,5.000000000000000000e+00
1.155246162414550781e+01,1.741151428222656250e+01,5.000000000000000000e+00,5.000000000000000000e+00
1.011305427551269531e+01,1.766067695617675781e+01,5.000000000000000000e+00,5.000000000000000000e+00
9.120123863220214844e+00,1.711011314392089844e+01,5.000000000000000000e+00,5.000000000000000000e+00
8.866496086120605469e+00,1.686943626403808594e+01,5.000000000000000000e+00,5.000000000000000000e+00
1.169584178924560547e+01,1.731981468200683594e+01,5.000000000000000000e+00,5.000000000000000000e+00
7.832928657531738281e+00,1.410740566253662109e+01,5.000000000000000000e+00,5.000000000000000000e+00
7.901171684265136719e+00,1.290511703491210938e+01,5.000000000000000000e+00,5.000000000000000000e+00
1.078607177734375000e+01,1.776144599914550781e+01,5.000000000000000000e+00,5.000000000000000000e+00
7.907891750335693359e+00,1.271622085571289062e+01,5.000000000000000000e+00,5.000000000000000000e+00
8.392824172973632812e+00,1.619387245178222656e+01,5.000000000000000000e+00,5.000000000000000000e+00
8.816720008850097656e+00,1.681244659423828125e+01,5.000000000000000000e+00,5.000000000000000000e+00
7.915823936462402344e+00,1.257799339294433594e+01,5.000000000000000000e+00,5.000000000000000000e+00
1.198262596130371094e+01,1.712948799133300781e+01,5.000000000000000000e+00,5.000000000000000000e+00
1.188885593414306641e+01,1.719903564453125000e+01,5.000000000000000000e+00,5.000000000000000000e+00
8.370091438293457031e+00,1.615373611450195312e+01,5.000000000000000000e+00,5.000000000000000000e+00
7.842280864715576172e+00,1.426444911956787109e+01,5.000000000000000000e+00,5.000000000000000000e+00
7.918673992156982422e+00,1.260016822814941406e+01,5.000000000000000000e+00,5.000000000000000000e+00
1.001417160034179688e+01,1.763549041748046875e+01,5.000000000000000000e+00,5.000000000000000000e+00
1.004977703094482422e+01,1.764915657043457031e+01,5.000000000000000000e+00,5.000000000000000000e+00
7.848299980163574219e+00,1.431964111328125000e+01,5.000000000000000000e+00,5.000000000000000000e+00
7.906120777130126953e+00,1.276170158386230469e+01,5.000000000000000000e+00,5.000000000000000000e+00
9.722158432006835938e+00,1.750412940979003906e+01,5.000000000000000000e+00,5.000000000000000000e+00
9.212953567504882812e+00,1.717862510681152344e+01,5.000000000000000000e+00,5.000000000000000000e+00
1.110408687591552734e+01,1.766311836242675781e+01,5.000000000000000000e+00,5.000000000000000000e+00
9.831428527832031250e+00,1.756364059448242188e+01,5.000000000000000000e+00,5.000000000000000000e+00
1.111704063415527344e+01,1.765591812133789062e+01,5.000000000000000000e+00,5.000000000000000000e+00
9.694346427917480469e+00,1.749497413635253906e+01,5.000000000000000000e+00,5.000000000000000000e+00
1.135508251190185547e+01,1.752713012695312500e+01,5.000000000000000000e+00,5.000000000000000000e+00
1.076417922973632812e+01,1.774986839294433594e+01,5.000000000000000000e+00,5.000000000000000000e+00
1.188013648986816406e+01,1.720757484436035156e+01,5.000000000000000000e+00,5.000000000000000000e+00
1.051380348205566406e+01,1.772528648376464844e+01,5.000000000000000000e+00,5.000000000000000000e+00
1.002343559265136719e+01,1.763993453979492188e+01,5.000000000000000000e+00,5.000000000000000000e+00
7.856761932373046875e+00,1.438379669189453125e+01,5.000000000000000000e+00,5.000000000000000000e+00
1.052353477478027344e+01,1.773223495483398438e+01,5.000000000000000000e+00,5.000000000000000000e+00
1.192102432250976562e+01,1.717745971679687500e+01,5.000000000000000000e+00,5.000000000000000000e+00
9.015725135803222656e+00,1.701603317260742188e+01,5.000000000000000000e+00,5.000000000000000000e+00
7.832666873931884766e+00,1.377073955535888672e+01,5.000000000000000000e+00,5.000000000000000000e+00
1.229160118103027344e+01,1.690413284301757812e+01,5.000000000000000000e+00,5.000000000000000000e+00
8.261416435241699219e+00,1.587745952606201172e+01,5.000000000000000000e+00,5.000000000000000000e+00
9.169905662536621094e+00,1.714633560180664062e+01,5.000000000000000000e+00,5.000000000000000000e+00
8.524275779724121094e+00,1.639344596862792969e+01,5.000000000000000000e+00,5.000000000000000000e+00
7.841337680816650391e+00,1.367410278320312500e+01,5.000000000000000000e+00,5.000000000000000000e+00
1.014799499511718750e+01,1.766873550415039062e+01,5.000000000000000000e+00,5.000000000000000000e+00
7.899561882019042969e+00,1.293144798278808594e+01,5.000000000000000000e+00,5.000000000000000000e+00
1.233280467987060547e+01,1.687339210510253906e+01,5.000000000000000000e+00,5.000000000000000000e+00
8.339821815490722656e+00,1.610935974121093750e+01,5.000000000000000000e+00,5.000000000000000000e+00
9.144970893859863281e+00,1.712919998168945312e+01,5.000000000000000000e+00,5.000000000000000000e+00
7.833321571350097656e+00,1.408784389495849609e+01,5.000000000000000000e+00,5.000000000000000000e+00
7.830866336822509766e+00,1.400250053405761719e+01,5.000000000000000000e+00,5.000000000000000000e+00
7.849377632141113281e+00,1.360708332061767578e+01,5.000000000000000000e+00,5.000000000000000000e+00
8.669235229492187500e+00,1.662343406677246094e+01,5.000000000000000000e+00,5.000000000000000000e+00
9.005766868591308594e+00,1.701002502441406250e+01,5.000000000000000000e+00,5.000000000000000000e+00
7.882560253143310547e+00,1.317814540863037109e+01,5.000000000000000000e+00,5.000000000000000000e+00
8.608782768249511719e+00,1.654331588745117188e+01,5.000000000000000000e+00,5.000000000000000000e+00
1.119234848022460938e+01,1.761009407043457031e+01,5.000000000000000000e+00,5.000000000000000000e+00
1.061067199707031250e+01,1.774491119384765625e+01,5.000000000000000000e+00,5.000000000000000000e+00
1.116641235351562500e+01,1.763321495056152344e+01,5.000000000000000000e+00,5.000000000000000000e+00
7.848708152770996094e+00,1.432000446319580078e+01,5.000000000000000000e+00,5.000000000000000000e+00
9.772810935974121094e+00,1.753641891479492188e+01,5.000000000000000000e+00,5.000000000000000000e+00
8.874197959899902344e+00,1.687667846679687500e+01,5.000000000000000000e+00,5.000000000000000000e+00
1.189109706878662109e+01,1.719849586486816406e+01,5.000000000000000000e+00,5.000000000000000000e+00
9.225620269775390625e+00,1.719708061218261719e+01,5.000000000000000000e+00,5.000000000000000000e+00
-2.824473381042480469e+00,-9.966839790344238281e+00,6.000000000000000000e+00,6.000000000000000000e+00
-2.729297161102294922e+00,-9.930087089538574219e+00,6.000000000000000000e+00,6.000000000000000000e+00
-1.989404559135437012e+00,-9.490024566650390625e+00,6.000000000000000000e+00,6.000000000000000000e+00
-1.715384483337402344e+00,-1.007877635955810547e+01,6.000000000000000000e+00,6.000000000000000000e+00
-1.283398151397705078e+00,-1.081807231903076172e+01,6.000000000000000000e+00,6.000000000000000000e+00
-9.074222445487976074e-01,-1.056241893768310547e+01,6.000000000000000000e+00,6.000000000000000000e+00
-1.930669426918029785e+00,-1.050479221343994141e+01,6.000000000000000000e+00,6.000000000000000000e+00
-2.515133619308471680e+00,-1.021981716156005859e+01,6.000000000000000000e+00,6.000000000000000000e+00
-3.623480796813964844e+00,-1.026636600494384766e+01,6.000000000000000000e+00,6.000000000000000000e+00
-1.636065840721130371e+00,-1.006337165832519531e+01,6.000000000000000000e+00,6.000000000000000000e+00
-1.223237276077270508e+00,-1.037832164764404297e+01,6.000000000000000000e+00,6.000000000000000000e+00
-9.085533618927001953e-01,-9.819966316223144531e+00,6.000000000000000000e+00,6.000000000000000000e+00
-3.000335216522216797e+00,-1.020111083984375000e+01,6.000000000000000000e+00,6.000000000000000000e+00
-1.316151499748229980e+00,-1.051243019104003906e+01,6.000000000000000000e+00,6.000000000000000000e+00
-1.486834526062011719e+00,-9.777843475341796875e+00,6.000000000000000000e+00,6.000000000000000000e+00
-2.266756057739257812e+00,-9.562890052795410156e+00,6.000000000000000000e+00,6.000000000000000000e+00
-2.003695726394653320e+00,-9.534742355346679688e+00,6.000000000000000000e+00,6.000000000000000000e+00
-1.913683295249938965e+00,-9.522004127502441406e+00,6.000000000000000000e+00,6.000000000000000000e+00
-2.020279169082641602e+00,-9.519111633300781250e+00,6.000000000000000000e+00,6.000000000000000000e+00
-8.772085309028625488e-01,-1.049097824096679688e+01,6.000000000000000000e+00,6.000000000000000000e+00
-1.674363732337951660e+00,-1.073521709442138672e+01,6.000000000000000000e+00,6.000000000000000000e+00
-9.888284206390380859e-01,-9.738065719604492188e+00,6.000000000000000000e+00,6.000000000000000000e+00
-8.542107343673706055e-01,-1.042785739898681641e+01,6.000000000000000000e+00,6.000000000000000000e+00
-1.485844016075134277e+00,-1.082391071319580078e+01,6.000000000000000000e+00,6.000000000000000000e+00
-1.118224740028381348e+00,-1.026902008056640625e+01,6.000000000000000000e+00,6.000000000000000000e+00
-2.469372987747192383e+00,-1.017418003082275391e+01,6.000000000000000000e+00,6.000000000000000000e+00
-3.498849153518676758e+00,-1.033674716949462891e+01,6.000000000000000000e+00,6.000000000000000000e+00
-8.587023019790649414e-01,-1.050382423400878906e+01,6.000000000000000000e+00,6.000000000000000000e+00
-1.367206931114196777e+00,-1.068949413299560547e+01,6.000000000000000000e+00,6.000000000000000000e+00
-1.823259234428405762e+00,-1.066017150878906250e+01,6.000000000000000000e+00,6.000000000000000000e+00
-1.154079556465148926e+00,-1.074088573455810547e+01,6.000000000000000000e+00,6.000000000000000000e+00
-1.526581883430480957e+00,-1.002803516387939453e+01,6.000000000000000000e+00,6.000000000000000000e+00
-8.947027921676635742e-01,-1.054655170440673828e+01,6.000000000000000000e+00,6.000000000000000000e+00
-1.639442324638366699e+00,-1.076933574676513672e+01,6.000000000000000000e+00,6.000000000000000000e+00
-3.611313819885253906e+00,-1.027990818023681641e+01,6.000000000000000000e+00,6.000000000000000000e+00
-2.376419782638549805e+00,-9.676566123962402344e+00,6.000000000000000000e+00,6.000000000000000000e+00
-2.099469184875488281e+00,-9.575589179992675781e+00,6.000000000000000000e+00,6.000000000000000000e+00
-1.722660779953002930e+00,-1.051540470123291016e+01,6.000000000000000000e+00,6.000000000000000000e+00
-3.112162351608276367e+00,-1.023037052154541016e+01,6.000000000000000000e+00,6.000000000000000000e+00
-2.116276025772094727e+00,-1.012538051605224609e+01,6.000000000000000000e+00,6.000000000000000000e+00
-3.545613765716552734e+00,-1.030595207214355469e+01,6.000000000000000000e+00,6.000000000000000000e+00
-2.932592868804931641e+00,-1.025469779968261719e+01,6.000000000000000000e+00,6.000000000000000000e+00
-3.277476549148559570e+00,-1.024472713470458984e+01,6.000000000000000000e+00,6.000000000000000000e+00
-9.340653419494628906e-01,-9.779561042785644531e+00,6.000000000000000000e+00,6.000000000000000000e+00
-2.180468559265136719e+00,-9.523294448852539062e+00,6.000000000000000000e+00,6.000000000000000000e+00
-1.636025905609130859e+00,-9.593902587890625000e+00,6.000000000000000000e+00,6.000000000000000000e+00
-9.436271190643310547e-01,-1.060268592834472656e+01,6.000000000000000000e+00,6.000000000000000000e+00
-2.225193738937377930e+00,-9.535601615905761719e+00,6.000000000000000000e+00,6.000000000000000000e+00
-8.657535314559936523e-01,-1.049614715576171875e+01,6.000000000000000000e+00,6.000000000000000000e+00
-8.679843544960021973e-01,-1.051431465148925781e+01,6.000000000000000000e+00,6.000000000000000000e+00
-3.072194576263427734e+00,-1.021333789825439453e+01,6.000000000000000000e+00,6.000000000000000000e+00
-2.360617637634277344e+00,-1.012633991241455078e+01,6.000000000000000000e+00,6.000000000000000000e+00
-2.170023202896118164e+00,-9.501465797424316406e+00,6.000000000000000000e+00,6.000000000000000000e+00
-3.158519029617309570e+00,-1.019003295898437500e+01,6.000000000000000000e+00,6.000000000000000000e+00
-1.411847472190856934e+00,-1.079275035858154297e+01,6.000000000000000000e+00,6.000000000000000000e+00
-3.545575380325317383e+00,-1.030858612060546875e+01,6.000000000000000000e+00,6.000000000000000000e+00
-2.217495918273925781e+00,-9.535864830017089844e+00,6.000000000000000000e+00,6.000000000000000000e+00
-1.258166313171386719e+00,-1.079448890686035156e+01,6.000000000000000000e+00,6.000000000000000000e+00
-2.203316926956176758e+00,-1.004816532135009766e+01,6.000000000000000000e+00,6.000000000000000000e+00
-2.926002740859985352e+00,-1.020656776428222656e+01,6.000000000000000000e+00,6.000000000000000000e+00
-1.240947365760803223e+00,-1.036684513092041016e+01,6.000000000000000000e+00,6.000000000000000000e+00
-1.369908571243286133e+00,-1.084876346588134766e+01,6.000000000000000000e+00,6.000000000000000000e+00
-1.986217737197875977e+00,-9.530391693115234375e+00,6.000000000000000000e+00,6.000000000000000000e+00
-3.561304569244384766e+00,-1.030081558227539062e+01,6.000000000000000000e+00,6.000000000000000000e+00
-1.586150169372558594e+00,-1.082626342773437500e+01,6.000000000000000000e+00,6.000000000000000000e+00
-1.892701148986816406e+00,-1.033655643463134766e+01,6.000000000000000000e+00,6.000000000000000000e+00
-1.953283190727233887e+00,-9.508255958557128906e+00,6.000000000000000000e+00,6.000000000000000000e+00
-2.777667045593261719e+00,-9.991843223571777344e+00,6.000000000000000000e+00,6.000000000000000000e+00
-1.778707027435302734e+00,-1.006044483184814453e+01,6.000000000000000000e+00,6.000000000000000000e+00
-3.598367691040039062e+00,-1.028595447540283203e+01,6.000000000000000000e+00,6.000000000000000000e+00
-1.208571076393127441e+00,-1.033042240142822266e+01,6.000000000000000000e+00,6.000000000000000000e+00
-9.002664685249328613e-01,-9.850811004638671875e+00,6.000000000000000000e+00,6.000000000000000000e+00
-1.167962551116943359e+00,-1.077444839477539062e+01,6.000000000000000000e+00,6.000000000000000000e+00
-1.291473031044006348e+00,-9.670872688293457031e+00,6.000000000000000000e+00,6.000000000000000000e+00
-2.151499509811401367e+00,-9.645120620727539062e+00,6.000000000000000000e+00,6.000000000000000000e+00
-1.080476641654968262e+00,-9.719084739685058594e+00,6.000000000000000000e+00,6.000000000000000000e+00
-1.047326922416687012e+00,-9.721732139587402344e+00,6.000000000000000000e+00,6.000000000000000000e+00
-1.853854894638061523e+00,-1.028442478179931641e+01,6.000000000000000000e+00,6.000000000000000000e+00
-2.243642330169677734e+00,-9.575006484985351562e+00,6.000000000000000000e+00,6.000000000000000000e+00
-3.328865051269531250e+00,-1.028766536712646484e+01,6.000000000000000000e+00,6.000000000000000000e+00
-1.621493458747863770e+00,-1.076076316833496094e+01,6.000000000000000000e+00,6.000000000000000000e+00
-1.489743232727050781e+00,-1.006728076934814453e+01,6.000000000000000000e+00,6.000000000000000000e+00
-1.022630333900451660e+00,-9.721409797668457031e+00,6.000000000000000000e+00,6.000000000000000000e+00
-1.313219428062438965e+00,-1.081937789916992188e+01,6.000000000000000000e+00,6.000000000000000000e+00
-3.579493284225463867e+00,-1.030015277862548828e+01,6.000000000000000000e+00,6.000000000000000000e+00
-2.836883306503295898e+00,-1.021005249023437500e+01,6.000000000000000000e+00,6.000000000000000000e+00
-2.635710000991821289e+00,-9.857631683349609375e+00,6.000000000000000000e+00,6.000000000000000000e+00
-3.537909030914306641e+00,-1.027594566345214844e+01,6.000000000000000000e+00,6.000000000000000000e+00
-2.855644941329956055e+00,-1.021121215820312500e+01,6.000000000000000000e+00,6.000000000000000000e+00
-1.615319252014160156e+00,-9.622063636779785156e+00,6.000000000000000000e+00,6.000000000000000000e+00
-1.930936813354492188e+00,-9.665273666381835938e+00,6.000000000000000000e+00,6.000000000000000000e+00
-3.098453760147094727e+00,-1.014052200317382812e+01,6.000000000000000000e+00,6.000000000000000000e+00
-1.974603533744812012e+00,-9.493536949157714844e+00,6.000000000000000000e+00,6.000000000000000000e+00
-1.351805210113525391e+00,-1.045131301879882812e+01,6.000000000000000000e+00,6.000000000000000000e+00
-1.795262336730957031e+00,-1.053190803527832031e+01,6.000000000000000000e+00,6.000000000000000000e+00
-9.656553864479064941e-01,-9.755162239074707031e+00,6.000000000000000000e+00,6.000000000000000000e+00
-1.373811006546020508e+00,-1.074441814422607422e+01,6.000000000000000000e+00,6.000000000000000000e+00
-3.119021415710449219e+00,-1.019770431518554688e+01,6.000000000000000000e+00,6.000000000000000000e+00
-1.892263412475585938e+00,-1.040935039520263672e+01,6.000000000000000000e+00,6.000000000000000000e+00
-1.081247568130493164e+00,-1.036832904815673828e+01,6.000000000000000000e+00,6.000000000000000000e+00
-1.947100162506103516e+00,-9.513450622558593750e+00,6.000000000000000000e+00,6.000000000000000000e+00
-8.529587388038635254e-01,-1.040404987335205078e+01,6.000000000000000000e+00,6.000000000000000000e+00
-8.941603899002075195e-01,-9.866113662719726562e+00,6.000000000000000000e+00,6.000000000000000000e+00
-3.578335762023925781e+00,-1.029267787933349609e+01,6.000000000000000000e+00,6.000000000000000000e+00
-1.814165472984313965e+00,-1.070863246917724609e+01,6.000000000000000000e+00,6.000000000000000000e+00
-8.744980692863464355e-01,-1.056659793853759766e+01,6.000000000000000000e+00,6.000000000000000000e+00
-1.483214735984802246e+00,-1.072651100158691406e+01,6.000000000000000000e+00,6.000000000000000000e+00
-2.071656227111816406e+00,-1.023988437652587891e+01,6.000000000000000000e+00,6.000000000000000000e+00
-9.672333002090454102e-01,-1.035257720947265625e+01,6.000000000000000000e+00,6.000000000000000000e+00
-1.655053496360778809e+00,-1.000145244598388672e+01,6.000000000000000000e+00,6.000000000000000000e+00
-1.707741260528564453e+00,-1.003110694885253906e+01,6.000000000000000000e+00,6.000000000000000000e+00
-3.385904550552368164e+00,-1.027912425994873047e+01,6.000000000000000000e+00,6.000000000000000000e+00
-2.133154392242431641e+00,-9.470729827880859375e+00,6.000000000000000000e+00,6.000000000000000000e+00
-2.823994159698486328e+00,-1.022035503387451172e+01,6.000000000000000000e+00,6.000000000000000000e+00
-1.423328518867492676e+00,-1.059504127502441406e+01,6.000000000000000000e+00,6.000000000000000000e+00
-1.910246372222900391e+00,-9.503094673156738281e+00,6.000000000000000000e+00,6.000000000000000000e+00
-1.464069724082946777e+00,-9.672265052795410156e+00,6.000000000000000000e+00,6.000000000000000000e+00
-9.706690907478332520e-01,-9.758763313293457031e+00,6.000000000000000000e+00,6.000000000000000000e+00
-3.266540527343750000e+00,-1.026404762268066406e+01,6.000000000000000000e+00,6.000000000000000000e+00
-9.133990406990051270e-01,-9.899939537048339844e+00,6.000000000000000000e+00,6.000000000000000000e+00
-3.107527971267700195e+00,-1.020814323425292969e+01,6.000000000000000000e+00,6.000000000000000000e+00
-1.885614395141601562e+00,-1.023587036132812500e+01,6.000000000000000000e+00,6.000000000000000000e+00
-2.882661581039428711e+00,-9.998184204101562500e+00,6.000000000000000000e+00,6.000000000000000000e+00
-2.672100305557250977e+00,-1.025649356842041016e+01,6.000000000000000000e+00,6.000000000000000000e+00
-1.461670160293579102e+00,-1.062289237976074219e+01,6.000000000000000000e+00,6.000000000000000000e+00
-3.602426052093505859e+00,-1.028197002410888672e+01,6.000000000000000000e+00,6.000000000000000000e+00
-1.633767604827880859e+00,-1.079787254333496094e+01,6.000000000000000000e+00,6.000000000000000000e+00
-3.180658578872680664e+00,-1.025638484954833984e+01,6.000000000000000000e+00,6.000000000000000000e+00
-1.408642411231994629e+00,-1.080969810485839844e+01,6.000000000000000000e+00,6.000000000000000000e+00
-2.409726619720458984e+00,-9.872570037841796875e+00,6.000000000000000000e+00,6.000000000000000000e+00
-1.472993731498718262e+00,-1.073427295684814453e+01,6.000000000000000000e+00,6.000000000000000000e+00
-1.727542400360107422e+00,-1.071940517425537109e+01,6.000000000000000000e+00,6.000000000000000000e+00
-1.943096876144409180e+00,-1.020683574676513672e+01,6.000000000000000000e+00,6.000000000000000000e+00
-3.129148721694946289e+00,-1.023885822296142578e+01,6.000000000000000000e+00,6.000000000000000000e+00
-8.723999857902526855e-01,-1.050079917907714844e+01,6.000000000000000000e+00,6.000000000000000000e+00
-2.052997589111328125e+00,-1.040169811248779297e+01,6.000000000000000000e+00,6.000000000000000000e+00
-2.695497274398803711e+00,-9.894843101501464844e+00,6.000000000000000000e+00,6.000000000000000000e+00
-8.748190402984619141e-01,-1.043902206420898438e+01,6.000000000000000000e+00,6.000000000000000000e+00
-9.446935057640075684e-01,-9.778648376464843750e+00,6.000000000000000000e+00,6.000000000000000000e+00
-1.110119581222534180e+00,-9.690955162048339844e+00,6.000000000000000000e+00,6.000000000000000000e+00
-3.618213891983032227e+00,-1.028790283203125000e+01,6.000000000000000000e+00,6.000000000000000000e+00
-9.682349562644958496e-01,-1.037028408050537109e+01,6.000000000000000000e+00,6.000000000000000000e+00
-3.021677017211914062e+00,-1.021063041687011719e+01,6.000000000000000000e+00,6.000000000000000000e+00
-1.442571043968200684e+00,-1.080966472625732422e+01,6.000000000000000000e+00,6.000000000000000000e+00
-1.866014122962951660e+00,-1.050379753112792969e+01,6.000000000000000000e+00,6.000000000000000000e+00
-3.563420295715332031e+00,-1.031819248199462891e+01,6.000000000000000000e+00,6.000000000000000000e+00
-1.577801227569580078e+00,-9.727860450744628906e+00,6.000000000000000000e+00,6.000000000000000000e+00
-2.262625217437744141e+00,-9.752335548400878906e+00,6.000000000000000000e+00,6.000000000000000000e+00
-3.134278535842895508e+00,-1.024060726165771484e+01,6.000000000000000000e+00,6.000000000000000000e+00
-2.195894002914428711e+00,-9.531375885009765625e+00,6.000000000000000000e+00,6.000000000000000000e+00
-1.411053538322448730e+00,-9.747716903686523438e+00,6.000000000000000000e+00,6.000000000000000000e+00
-1.540635824203491211e+00,-1.079700279235839844e+01,6.000000000000000000e+00,6.000000000000000000e+00
-1.635093688964843750e+00,-1.074349403381347656e+01,6.000000000000000000e+00,6.000000000000000000e+00
-8.588765263557434082e-01,-1.031055831909179688e+01,6.000000000000000000e+00,6.000000000000000000e+00
-2.345710515975952148e+00,-9.740458488464355469e+00,6.000000000000000000e+00,6.000000000000000000e+00
-1.861878991127014160e+00,-1.061840248107910156e+01,6.000000000000000000e+00,6.000000000000000000e+00
-9.613591432571411133e-01,-1.038029479980468750e+01,6.000000000000000000e+00,6.000000000000000000e+00
-1.701561450958251953e+00,-9.563791275024414062e+00,6.000000000000000000e+00,6.000000000000000000e+00
-2.247219324111938477e+00,-9.575901985168457031e+00,6.000000000000000000e+00,6.000000000000000000e+00
-1.932832360267639160e+00,-1.046099090576171875e+01,6.000000000000000000e+00,6.000000000000000000e+00
-2.934777975082397461e+00,-1.023826503753662109e+01,6.000000000000000000e+00,6.000000000000000000e+00
-2.220288515090942383e+00,-9.560556411743164062e+00,6.000000000000000000e+00,6.000000000000000000e+00
-1.404910445213317871e+00,-1.081407546997070312e+01,6.000000000000000000e+00,6.000000000000000000e+00
-3.563957929611206055e+00,-1.029942321777343750e+01,6.000000000000000000e+00,6.000000000000000000e+00
-2.715852022171020508e+00,-9.896420478820800781e+00,6.000000000000000000e+00,6.000000000000000000e+00
-1.207029461860656738e+00,-1.034065055847167969e+01,6.000000000000000000e+00,6.000000000000000000e+00
-1.582487821578979492e+00,-9.640897750854492188e+00,6.000000000000000000e+00,6.000000000000000000e+00
-2.111933708190917969e+00,-9.638653755187988281e+00,6.000000000000000000e+00,6.000000000000000000e+00
-1.926936984062194824e+00,-9.515727043151855469e+00,6.000000000000000000e+00,6.000000000000000000e+00
-2.277469158172607422e+00,-9.724078178405761719e+00,6.000000000000000000e+00,6.000000000000000000e+00
-3.041058301925659180e+00,-1.016999244689941406e+01,6.000000000000000000e+00,6.000000000000000000e+00
-1.357093691825866699e+00,-1.085805988311767578e+01,6.000000000000000000e+00,6.000000000000000000e+00
-1.376759052276611328e+00,-1.081469345092773438e+01,6.000000000000000000e+00,6.000000000000000000e+00
-8.857014775276184082e-01,-1.054355621337890625e+01,6.000000000000000000e+00,6.000000000000000000e+00
-3.184221029281616211e+00,-1.022310829162597656e+01,6.000000000000000000e+00,6.000000000000000000e+00
-3.239131689071655273e+00,-1.028228378295898438e+01,6.000000000000000000e+00,6.000000000000000000e+00
-3.562466859817504883e+00,-1.029336738586425781e+01,6.000000000000000000e+00,6.000000000000000000e+00
-2.042306423187255859e+00,-1.040655040740966797e+01,6.000000000000000000e+00,6.000000000000000000e+00
-2.002046108245849609e+00,-9.507883071899414062e+00,6.000000000000000000e+00,6.000000000000000000e+00
-1.988995552062988281e+00,-9.545114517211914062e+00,6.000000000000000000e+00,6.000000000000000000e+00
-3.589120149612426758e+00,-1.030091476440429688e+01,6.000000000000000000e+00,6.000000000000000000e+00
-3.045610189437866211e+00,-1.021441745758056641e+01,6.000000000000000000e+00,6.000000000000000000e+00
-2.139349460601806641e+00,-9.504530906677246094e+00,6.000000000000000000e+00,6.000000000000000000e+00
-2.047112226486206055e+00,-9.529265403747558594e+00,6.000000000000000000e+00,6.000000000000000000e+00
-3.366981267929077148e+00,-1.027660560607910156e+01,6.000000000000000000e+00,6.000000000000000000e+00
-1.712316989898681641e+00,-1.064973068237304688e+01,6.000000000000000000e+00,6.000000000000000000e+00
-2.791555881500244141e+00,-1.020857906341552734e+01,6.000000000000000000e+00,6.000000000000000000e+00
-2.350105047225952148e+00,-9.753019332885742188e+00,6.000000000000000000e+00,6.000000000000000000e+00
-8.993186950683593750e-01,-1.029060649871826172e+01,6.000000000000000000e+00,6.000000000000000000e+00
-9.282676577568054199e-01,-9.779735565185546875e+00,6.000000000000000000e+00,6.000000000000000000e+00
-1.337529182434082031e+00,-9.659770965576171875e+00,6.000000000000000000e+00,6.000000000000000000e+00
-2.088861703872680664e+00,-1.014624118804931641e+01,6.000000000000000000e+00,6.000000000000000000e+00
-1.796851277351379395e+00,-1.066679954528808594e+01,6.000000000000000000e+00,6.000000000000000000e+00
-3.629105329513549805e+00,-1.028197956085205078e+01,6.000000000000000000e+00,6.000000000000000000e+00
-1.194263458251953125e+00,-9.689398765563964844e+00,6.000000000000000000e+00,6.000000000000000000e+00
-8.369331359863281250e-01,-1.034724807739257812e+01,6.000000000000000000e+00,6.000000000000000000e+00
-3.072618246078491211e+00,-1.011552429199218750e+01,6.000000000000000000e+00,6.000000000000000000e+00
-3.607991695404052734e+00,-1.028847885131835938e+01,6.000000000000000000e+00,6.000000000000000000e+00
-2.064558982849121094e+00,-9.583417892456054688e+00,6.000000000000000000e+00,6.000000000000000000e+00
-9.460788369178771973e-01,-9.788912773132324219e+00,6.000000000000000000e+00,6.000000000000000000e+00
-2.165258646011352539e+00,-9.523270606994628906e+00,6.000000000000000000e+00,6.000000000000000000e+00
-2.985289812088012695e+00,-1.018617343902587891e+01,6.000000000000000000e+00,6.000000000000000000e+00
-3.055603027343750000e+00,-1.022842788696289062e+01,6.000000000000000000e+00,6.000000000000000000e+00
-3.580657005310058594e+00,-1.029675865173339844e+01,6.000000000000000000e+00,6.000000000000000000e+00
-3.009213209152221680e+00,-1.007207298278808594e+01,6.000000000000000000e+00,6.000000000000000000e+00
-3.061312198638916016e+00,-1.022177028656005859e+01,6.000000000000000000e+00,6.000000000000000000e+00
-3.488668441772460938e+00,-1.030843925476074219e+01,6.000000000000000000e+00,6.000000000000000000e+00
-3.460129737854003906e+00,-1.028943538665771484e+01,6.000000000000000000e+00,6.000000000000000000e+00
-2.639608144760131836e+00,-9.845672607421875000e+00,6.000000000000000000e+00,6.000000000000000000e+00
-3.530364036560058594e+00,-1.030969715118408203e+01,6.000000000000000000e+00,6.000000000000000000e+00
9.924800872802734375e+00,-8.902823328971862793e-01,7.000000000000000000e+00,7.000000000000000000e+00
7.846692085266113281e+00,-5.305057764053344727e-01,7.000000000000000000e+00,7.000000000000000000e+00
6.424384117126464844e+00,-2.562332391738891602e+00,7.000000000000000000e+00,7.000000000000000000e+00
8.143594741821289062e+00,-5.491427779197692871e-01,7.000000000000000000e+00,7.000000000000000000e+00
6.929388999938964844e+00,-8.288815021514892578e-01,7.000000000000000000e+00,7.000000000000000000e+00
6.630244731903076172e+00,-3.406455516815185547e+00,7.000000000000000000e+00,7.000000000000000000e+00
6.405704975128173828e+00,-2.554799318313598633e+00,7.000000000000000000e+00,7.000000000000000000e+00
8.143534660339355469e+00,-5.417043566703796387e-01,7.000000000000000000e+00,7.000000000000000000e+00
1.115867996215820312e+01,-1.104640722274780273e+00,7.000000000000000000e+00,7.000000000000000000e+00
6.371341705322265625e+00,-1.784502625465393066e+00,7.000000000000000000e+00,7.000000000000000000e+00
1.122584342956542969e+01,-1.109534740447998047e+00,7.000000000000000000e+00,7.000000000000000000e+00
1.057742691040039062e+01,-1.080286502838134766e+00,7.000000000000000000e+00,7.000000000000000000e+00
6.928313732147216797e+00,-8.260309100151062012e-01,7.000000000000000000e+00,7.000000000000000000e+00
1.009142303466796875e+01,-9.649099707603454590e-01,7.000000000000000000e+00,7.000000000000000000e+00
9.215606689453125000e+00,-7.230203151702880859e-01,7.000000000000000000e+00,7.000000000000000000e+00
6.358498096466064453e+00,-2.137491703033447266e+00,7.000000000000000000e+00,7.000000000000000000e+00
6.395614147186279297e+00,-2.457744121551513672e+00,7.000000000000000000e+00,7.000000000000000000e+00
6.677989482879638672e+00,-3.507147073745727539e+00,7.000000000000000000e+00,7.000000000000000000e+00
1.143707752227783203e+01,-1.118381738662719727e+00,7.000000000000000000e+00,7.000000000000000000e+00
7.021376609802246094e+00,-7.474115490913391113e-01,7.000000000000000000e+00,7.000000000000000000e+00
9.213582992553710938e+00,-7.235693931579589844e-01,7.000000000000000000e+00,7.000000000000000000e+00
6.393687725067138672e+00,-2.643035888671875000e+00,7.000000000000000000e+00,7.000000000000000000e+00
7.090198040008544922e+00,-6.934629082679748535e-01,7.000000000000000000e+00,7.000000000000000000e+00
1.064713573455810547e+01,-1.090648293495178223e+00,7.000000000000000000e+00,7.000000000000000000e+00
1.095661449432373047e+01,-1.103541851043701172e+00,7.000000000000000000e+00,7.000000000000000000e+00
8.287661552429199219e+00,-5.262732505798339844e-01,7.000000000000000000e+00,7.000000000000000000e+00
7.155138492584228516e+00,-6.435946226119995117e-01,7.000000000000000000e+00,7.000000000000000000e+00
6.441264152526855469e+00,-2.769881486892700195e+00,7.000000000000000000e+00,7.000000000000000000e+00
6.618828296661376953e+00,-3.384632587432861328e+00,7.000000000000000000e+00,7.000000000000000000e+00
6.549806594848632812e+00,-3.171881914138793945e+00,7.000000000000000000e+00,7.000000000000000000e+00
9.032601356506347656e+00,-6.714656352996826172e-01,7.000000000000000000e+00,7.000000000000000000e+00
8.054044723510742188e+00,-5.386183857917785645e-01,7.000000000000000000e+00,7.000000000000000000e+00
7.200054168701171875e+00,-6.258073449134826660e-01,7.000000000000000000e+00,7.000000000000000000e+00
6.673455238342285156e+00,-1.102832317352294922e+00,7.000000000000000000e+00,7.000000000000000000e+00
7.092455387115478516e+00,-6.813465356826782227e-01,7.000000000000000000e+00,7.000000000000000000e+00
8.731377601623535156e+00,-5.973374247550964355e-01,7.000000000000000000e+00,7.000000000000000000e+00
7.005209922790527344e+00,-7.588994503021240234e-01,7.000000000000000000e+00,7.000000000000000000e+00
7.061249732971191406e+00,-7.098354101181030273e-01,7.000000000000000000e+00,7.000000000000000000e+00
6.355957508087158203e+00,-2.031053304672241211e+00,7.000000000000000000e+00,7.000000000000000000e+00
6.447497844696044922e+00,-2.799004077911376953e+00,7.000000000000000000e+00,7.000000000000000000e+00
8.761313438415527344e+00,-6.025974154472351074e-01,7.000000000000000000e+00,7.000000000000000000e+00
1.149579143524169922e+01,-1.119238853454589844e+00,7.000000000000000000e+00,7.000000000000000000e+00
8.395888328552246094e+00,-5.625511407852172852e-01,7.000000000000000000e+00,7.000000000000000000e+00
1.152702617645263672e+01,-1.116395592689514160e+00,7.000000000000000000e+00,7.000000000000000000e+00
6.374135017395019531e+00,-1.794498801231384277e+00,7.000000000000000000e+00,7.000000000000000000e+00
6.356920242309570312e+00,-2.075770139694213867e+00,7.000000000000000000e+00,7.000000000000000000e+00
8.741768836975097656e+00,-5.975573658943176270e-01,7.000000000000000000e+00,7.000000000000000000e+00
9.972555160522460938e+00,-8.925843238830566406e-01,7.000000000000000000e+00,7.000000000000000000e+00
8.270370483398437500e+00,-5.403871536254882812e-01,7.000000000000000000e+00,7.000000000000000000e+00
1.002696418762207031e+01,-9.303993582725524902e-01,7.000000000000000000e+00,7.000000000000000000e+00
7.396122932434082031e+00,-5.434052944183349609e-01,7.000000000000000000e+00,7.000000000000000000e+00
6.591284751892089844e+00,-1.221176147460937500e+00,7.000000000000000000e+00,7.000000000000000000e+00
8.288806915283203125e+00,-5.404939651489257812e-01,7.000000000000000000e+00,7.000000000000000000e+00
6.691542148590087891e+00,-3.522810459136962891e+00,7.000000000000000000e+00,7.000000000000000000e+00
8.214917182922363281e+00,-5.412557721138000488e-01,7.000000000000000000e+00,7.000000000000000000e+00
6.652698993682861328e+00,-3.459734916687011719e+00,7.000000000000000000e+00,7.000000000000000000e+00
7.419646263122558594e+00,-5.351846218109130859e-01,7.000000000000000000e+00,7.000000000000000000e+00
6.960758209228515625e+00,-7.982570528984069824e-01,7.000000000000000000e+00,7.000000000000000000e+00
7.303375244140625000e+00,-5.734540820121765137e-01,7.000000000000000000e+00,7.000000000000000000e+00
1.063002777099609375e+01,-1.088602900505065918e+00,7.000000000000000000e+00,7.000000000000000000e+00
8.176021575927734375e+00,-5.430280566215515137e-01,7.000000000000000000e+00,7.000000000000000000e+00
6.360949516296386719e+00,-1.881794452667236328e+00,7.000000000000000000e+00,7.000000000000000000e+00
6.480598926544189453e+00,-2.867764711380004883e+00,7.000000000000000000e+00,7.000000000000000000e+00
1.114542484283447266e+01,-1.104419112205505371e+00,7.000000000000000000e+00,7.000000000000000000e+00
9.202857017517089844e+00,-7.159415483474731445e-01,7.000000000000000000e+00,7.000000000000000000e+00
1.162527847290039062e+01,-1.097225069999694824e+00,7.000000000000000000e+00,7.000000000000000000e+00
6.944427490234375000e+00,-8.123983144760131836e-01,7.000000000000000000e+00,7.000000000000000000e+00
6.404657363891601562e+00,-2.649602651596069336e+00,7.000000000000000000e+00,7.000000000000000000e+00
6.380754947662353516e+00,-1.763726115226745605e+00,7.000000000000000000e+00,7.000000000000000000e+00
6.705819129943847656e+00,-3.538198947906494141e+00,7.000000000000000000e+00,7.000000000000000000e+00
1.067198085784912109e+01,-1.093964576721191406e+00,7.000000000000000000e+00,7.000000000000000000e+00
6.626351356506347656e+00,-3.431483268737792969e+00,7.000000000000000000e+00,7.000000000000000000e+00
1.155137538909912109e+01,-1.117514371871948242e+00,7.000000000000000000e+00,7.000000000000000000e+00
9.178321838378906250e+00,-7.135325074195861816e-01,7.000000000000000000e+00,7.000000000000000000e+00
6.395773887634277344e+00,-2.666364908218383789e+00,7.000000000000000000e+00,7.000000000000000000e+00
7.552606582641601562e+00,-5.316846370697021484e-01,7.000000000000000000e+00,7.000000000000000000e+00
6.399440765380859375e+00,-1.694709897041320801e+00,7.000000000000000000e+00,7.000000000000000000e+00
6.688336849212646484e+00,-3.530932188034057617e+00,7.000000000000000000e+00,7.000000000000000000e+00
1.059037685394287109e+01,-1.086497187614440918e+00,7.000000000000000000e+00,7.000000000000000000e+00
1.039641952514648438e+01,-1.032360792160034180e+00,7.000000000000000000e+00,7.000000000000000000e+00
7.846292495727539062e+00,-5.534905195236206055e-01,7.000000000000000000e+00,7.000000000000000000e+00
6.367896556854248047e+00,-1.792335152626037598e+00,7.000000000000000000e+00,7.000000000000000000e+00
1.091071891784667969e+01,-1.101866245269775391e+00,7.000000000000000000e+00,7.000000000000000000e+00
9.169370651245117188e+00,-7.101520895957946777e-01,7.000000000000000000e+00,7.000000000000000000e+00
1.157335948944091797e+01,-1.114254117012023926e+00,7.000000000000000000e+00,7.000000000000000000e+00
6.956831932067871094e+00,-7.888481020927429199e-01,7.000000000000000000e+00,7.000000000000000000e+00
1.006682205200195312e+01,-9.476358294486999512e-01,7.000000000000000000e+00,7.000000000000000000e+00
6.685636520385742188e+00,-3.512735605239868164e+00,7.000000000000000000e+00,7.000000000000000000e+00
6.716978073120117188e+00,-3.555255889892578125e+00,7.000000000000000000e+00,7.000000000000000000e+00
9.992175102233886719e+00,-9.084808230400085449e-01,7.000000000000000000e+00,7.000000000000000000e+00
6.476573944091796875e+00,-1.421601176261901855e+00,7.000000000000000000e+00,7.000000000000000000e+00
6.510216712951660156e+00,-1.360039949417114258e+00,7.000000000000000000e+00,7.000000000000000000e+00
6.682150840759277344e+00,-1.093544721603393555e+00,7.000000000000000000e+00,7.000000000000000000e+00
6.466778755187988281e+00,-1.477360367774963379e+00,7.000000000000000000e+00,7.000000000000000000e+00
1.013335704803466797e+01,-9.787186384201049805e-01,7.000000000000000000e+00,7.000000000000000000e+00
7.406513690948486328e+00,-5.279281139373779297e-01,7.000000000000000000e+00,7.000000000000000000e+00
6.530441284179687500e+00,-3.097045183181762695e+00,7.000000000000000000e+00,7.000000000000000000e+00
8.973184585571289062e+00,-6.537379026412963867e-01,7.000000000000000000e+00,7.000000000000000000e+00
7.825679779052734375e+00,-5.333248972892761230e-01,7.000000000000000000e+00,7.000000000000000000e+00
1.170317459106445312e+01,-1.082823395729064941e+00,7.000000000000000000e+00,7.000000000000000000e+00
7.565958023071289062e+00,-5.299897789955139160e-01,7.000000000000000000e+00,7.000000000000000000e+00
6.531787872314453125e+00,-3.115610599517822266e+00,7.000000000000000000e+00,7.000000000000000000e+00
1.170865631103515625e+01,-1.084548115730285645e+00,7.000000000000000000e+00,7.000000000000000000e+00
6.432446002960205078e+00,-2.746469736099243164e+00,7.000000000000000000e+00,7.000000000000000000e+00
6.449528217315673828e+00,-2.804825782775878906e+00,7.000000000000000000e+00,7.000000000000000000e+00
1.007684135437011719e+01,-9.420329928398132324e-01,7.000000000000000000e+00,7.000000000000000000e+00
6.547360897064208984e+00,-1.271276712417602539e+00,7.000000000000000000e+00,7.000000000000000000e+00
1.163298988342285156e+01,-1.103481411933898926e+00,7.000000000000000000e+00,7.000000000000000000e+00
8.280058860778808594e+00,-5.389723777770996094e-01,7.000000000000000000e+00,7.000000000000000000e+00
7.856986522674560547e+00,-5.615943670272827148e-01,7.000000000000000000e+00,7.000000000000000000e+00
1.004321479797363281e+01,-9.288163185119628906e-01,7.000000000000000000e+00,7.000000000000000000e+00
1.139670658111572266e+01,-1.117372035980224609e+00,7.000000000000000000e+00,7.000000000000000000e+00
1.159901714324951172e+01,-1.112589478492736816e+00,7.000000000000000000e+00,7.000000000000000000e+00
1.171664237976074219e+01,-1.075391173362731934e+00,7.000000000000000000e+00,7.000000000000000000e+00
7.330569744110107422e+00,-5.716018080711364746e-01,7.000000000000000000e+00,7.000000000000000000e+00
9.193589210510253906e+00,-7.162283062934875488e-01,7.000000000000000000e+00,7.000000000000000000e+00
8.785939216613769531e+00,-6.085531711578369141e-01,7.000000000000000000e+00,7.000000000000000000e+00
1.008072471618652344e+01,-9.509270787239074707e-01,7.000000000000000000e+00,7.000000000000000000e+00
6.703582763671875000e+00,-1.065010666847229004e+00,7.000000000000000000e+00,7.000000000000000000e+00
6.632730484008789062e+00,-3.414636373519897461e+00,7.000000000000000000e+00,7.000000000000000000e+00
7.902814865112304688e+00,-5.333833694458007812e-01,7.000000000000000000e+00,7.000000000000000000e+00
6.575722217559814453e+00,-1.243132591247558594e+00,7.000000000000000000e+00,7.000000000000000000e+00
6.636559486389160156e+00,-3.432554244995117188e+00,7.000000000000000000e+00,7.000000000000000000e+00
1.081474876403808594e+01,-1.101519942283630371e+00,7.000000000000000000e+00,7.000000000000000000e+00
6.656305313110351562e+00,-1.123589873313903809e+00,7.000000000000000000e+00,7.000000000000000000e+00
1.055815887451171875e+01,-1.063377618789672852e+00,7.000000000000000000e+00,7.000000000000000000e+00
9.192029953002929688e+00,-7.188756465911865234e-01,7.000000000000000000e+00,7.000000000000000000e+00
6.358897209167480469e+00,-2.171356916427612305e+00,7.000000000000000000e+00,7.000000000000000000e+00
7.312329769134521484e+00,-5.697487592697143555e-01,7.000000000000000000e+00,7.000000000000000000e+00
9.277709007263183594e+00,-7.377706170082092285e-01,7.000000000000000000e+00,7.000000000000000000e+00
1.168520545959472656e+01,-1.090894341468811035e+00,7.000000000000000000e+00,7.000000000000000000e+00
8.304331779479980469e+00,-5.432832837104797363e-01,7.000000000000000000e+00,7.000000000000000000e+00
6.615381240844726562e+00,-3.411853551864624023e+00,7.000000000000000000e+00,7.000000000000000000e+00
8.791026115417480469e+00,-6.094536185264587402e-01,7.000000000000000000e+00,7.000000000000000000e+00
6.833703517913818359e+00,-9.205408692359924316e-01,7.000000000000000000e+00,7.000000000000000000e+00
1.076256847381591797e+01,-1.102172493934631348e+00,7.000000000000000000e+00,7.000000000000000000e+00
6.399663925170898438e+00,-2.687087774276733398e+00,7.000000000000000000e+00,7.000000000000000000e+00
1.170195674896240234e+01,-1.085667848587036133e+00,7.000000000000000000e+00,7.000000000000000000e+00
8.741284370422363281e+00,-5.981637835502624512e-01,7.000000000000000000e+00,7.000000000000000000e+00
6.521047592163085938e+00,-1.346526980400085449e+00,7.000000000000000000e+00,7.000000000000000000e+00
7.317601680755615234e+00,-5.707728862762451172e-01,7.000000000000000000e+00,7.000000000000000000e+00
6.819269180297851562e+00,-9.328430294990539551e-01,7.000000000000000000e+00,7.000000000000000000e+00
6.360846996307373047e+00,-2.148450851440429688e+00,7.000000000000000000e+00,7.000000000000000000e+00
6.363980293273925781e+00,-2.240209341049194336e+00,7.000000000000000000e+00,7.000000000000000000e+00
1.132108974456787109e+01,-1.111142635345458984e+00,7.000000000000000000e+00,7.000000000000000000e+00
7.302937507629394531e+00,-5.794969201087951660e-01,7.000000000000000000e+00,7.000000000000000000e+00
6.432574272155761719e+00,-2.749510765075683594e+00,7.000000000000000000e+00,7.000000000000000000e+00
8.210947036743164062e+00,-5.423026680946350098e-01,7.000000000000000000e+00,7.000000000000000000e+00
7.101611137390136719e+00,-6.844251751899719238e-01,7.000000000000000000e+00,7.000000000000000000e+00
1.112260723114013672e+01,-1.104437589645385742e+00,7.000000000000000000e+00,7.000000000000000000e+00
6.417416572570800781e+00,-1.670943975448608398e+00,7.000000000000000000e+00,7.000000000000000000e+00
8.770309448242187500e+00,-6.048920750617980957e-01,7.000000000000000000e+00,7.000000000000000000e+00
6.451759338378906250e+00,-2.813769102096557617e+00,7.000000000000000000e+00,7.000000000000000000e+00
8.849864959716796875e+00,-6.231092810630798340e-01,7.000000000000000000e+00,7.000000000000000000e+00
6.656575202941894531e+00,-3.473121643066406250e+00,7.000000000000000000e+00,7.000000000000000000e+00
6.569929122924804688e+00,-1.235523939132690430e+00,7.000000000000000000e+00,7.000000000000000000e+00
1.061891555786132812e+01,-1.087456107139587402e+00,7.000000000000000000e+00,7.000000000000000000e+00
1.107451915740966797e+01,-1.102279782295227051e+00,7.000000000000000000e+00,7.000000000000000000e+00
1.044655132293701172e+01,-1.047486424446105957e+00,7.000000000000000000e+00,7.000000000000000000e+00
9.075589179992675781e+00,-6.891348361968994141e-01,7.000000000000000000e+00,7.000000000000000000e+00
7.391641139984130859e+00,-5.399416685104370117e-01,7.000000000000000000e+00,7.000000000000000000e+00
7.487017154693603516e+00,-5.074436068534851074e-01,7.000000000000000000e+00,7.000000000000000000e+00
6.357304573059082031e+00,-2.113114833831787109e+00,7.000000000000000000e+00,7.000000000000000000e+00
7.807614803314208984e+00,-5.337253808975219727e-01,7.000000000000000000e+00,7.000000000000000000e+00
6.358038902282714844e+00,-1.967331767082214355e+00,7.000000000000000000e+00,7.000000000000000000e+00
1.171435546875000000e+01,-1.061040282249450684e+00,7.000000000000000000e+00,7.000000000000000000e+00
1.106161594390869141e+01,-1.103494763374328613e+00,7.000000000000000000e+00,7.000000000000000000e+00
6.663450241088867188e+00,-3.512441396713256836e+00,7.000000000000000000e+00,7.000000000000000000e+00
1.099367237091064453e+01,-1.103366017341613770e+00,7.000000000000000000e+00,7.000000000000000000e+00
7.345631599426269531e+00,-5.584011673927307129e-01,7.000000000000000000e+00,7.000000000000000000e+00
6.552036285400390625e+00,-3.179557323455810547e+00,7.000000000000000000e+00,7.000000000000000000e+00
1.171795845031738281e+01,-1.084127902984619141e+00,7.000000000000000000e+00,7.000000000000000000e+00
9.998547554016113281e+00,-9.098483324050903320e-01,7.000000000000000000e+00,7.000000000000000000e+00
6.417129039764404297e+00,-1.629138350486755371e+00,7.000000000000000000e+00,7.000000000000000000e+00
1.065905380249023438e+01,-1.092158198356628418e+00,7.000000000000000000e+00,7.000000000000000000e+00
8.276071548461914062e+00,-5.345951318740844727e-01,7.000000000000000000e+00,7.000000000000000000e+00
6.419354438781738281e+00,-2.605774879455566406e+00,7.000000000000000000e+00,7.000000000000000000e+00
1.075600147247314453e+01,-1.100440621376037598e+00,7.000000000000000000e+00,7.000000000000000000e+00
1.099652290344238281e+01,-1.102492213249206543e+00,7.000000000000000000e+00,7.000000000000000000e+00
6.385319232940673828e+00,-2.680532693862915039e+00,7.000000000000000000e+00,7.000000000000000000e+00
1.103394794464111328e+01,-1.097293496131896973e+00,7.000000000000000000e+00,7.000000000000000000e+00
9.041260719299316406e+00,-6.729431152343750000e-01,7.000000000000000000e+00,7.000000000000000000e+00
6.363291740417480469e+00,-1.833499193191528320e+00,7.000000000000000000e+00,7.000000000000000000e+00
1.142632293701171875e+01,-1.118839263916015625e+00,7.000000000000000000e+00,7.000000000000000000e+00
6.651131153106689453e+00,-3.463387727737426758e+00,7.000000000000000000e+00,7.000000000000000000e+00
6.352814197540283203e+00,-1.885983586311340332e+00,7.000000000000000000e+00,7.000000000000000000e+00
1.140793991088867188e+01,-1.102816462516784668e+00,7.000000000000000000e+00,7.000000000000000000e+00
1.159996032714843750e+01,-1.109947919845581055e+00,7.000000000000000000e+00,7.000000000000000000e+00
6.713661670684814453e+00,-3.549601078033447266e+00,7.000000000000000000e+00,7.000000000000000000e+00
1.156269359588623047e+01,-1.114998221397399902e+00,7.000000000000000000e+00,7.000000000000000000e+00
6.397103786468505859e+00,-2.498803138732910156e+00,7.000000000000000000e+00,7.000000000000000000e+00
1.041262531280517578e+01,-1.038741588592529297e+00,7.000000000000000000e+00,7.000000000000000000e+00
6.406847476959228516e+00,-2.641614437103271484e+00,7.000000000000000000e+00,7.000000000000000000e+00
9.986459732055664062e+00,-9.051430821418762207e-01,7.000000000000000000e+00,7.000000000000000000e+00
9.962211608886718750e+00,-8.842996358871459961e-01,7.000000000000000000e+00,7.000000000000000000e+00
6.606188297271728516e+00,-1.196065425872802734e+00,7.000000000000000000e+00,7.000000000000000000e+00
1.084097576141357422e+01,-1.105696439743041992e+00,7.000000000000000000e+00,7.000000000000000000e+00
6.388068675994873047e+00,-1.734366774559020996e+00,7.000000000000000000e+00,7.000000000000000000e+00
6.809391021728515625e+00,-9.458980560302734375e-01,7.000000000000000000e+00,7.000000000000000000e+00
6.577715873718261719e+00,-1.251897454261779785e+00,7.000000000000000000e+00,7.000000000000000000e+00
9.994258880615234375e+00,-9.019432067871093750e-01,7.000000000000000000e+00,7.000000000000000000e+00
1.006380081176757812e+01,-9.478486180305480957e-01,7.000000000000000000e+00,7.000000000000000000e+00
8.436576843261718750e+00,-5.666772127151489258e-01,7.000000000000000000e+00,7.000000000000000000e+00
6.674042701721191406e+00,-3.507637500762939453e+00,7.000000000000000000e+00,7.000000000000000000e+00
1.158739280700683594e+01,-1.128398776054382324e+00,7.000000000000000000e+00,7.000000000000000000e+00
6.393693447113037109e+00,-1.727241992950439453e+00,7.000000000000000000e+00,7.000000000000000000e+00
7.312465190887451172e+00,-5.750718116760253906e-01,7.000000000000000000e+00,7.000000000000000000e+00
6.723495960235595703e+00,-3.554878950119018555e+00,7.000000000000000000e+00,7.000000000000000000e+00
9.968919754028320312e+00,-9.001525044441223145e-01,7.000000000000000000e+00,7.000000000000000000e+00
9.974206924438476562e+00,-8.921438455581665039e-01,7.000000000000000000e+00,7.000000000000000000e+00
-1.692326307296752930e+00,2.124528884887695312e+01,8.000000000000000000e+00,8.000000000000000000e+00
-5.841053962707519531e+00,2.378093528747558594e+01,8.000000000000000000e+00,8.000000000000000000e+00
-4.618750095367431641e+00,2.283808517456054688e+01,8.000000000000000000e+00,8.000000000000000000e+00
-8.055850028991699219e+00,2.514281654357910156e+01,8.000000000000000000e+00,8.000000000000000000e+00
-1.999159455299377441e+00,2.145559883117675781e+01,8.000000000000000000e+00,8.000000000000000000e+00
-8.451267242431640625e+00,2.526691627502441406e+01,8.000000000000000000e+00,8.000000000000000000e+00
-6.931792736053466797e+00,2.452461242675781250e+01,8.000000000000000000e+00,8.000000000000000000e+00
-2.531740188598632812e+00,2.173357200622558594e+01,8.000000000000000000e+00,8.000000000000000000e+00
-8.381805419921875000e+00,2.525065040588378906e+01,8.000000000000000000e+00,8.000000000000000000e+00
-1.366809368133544922e+00,2.102690505981445312e+01,8.000000000000000000e+00,8.000000000000000000e+00
-4.539469242095947266e+00,2.279858398437500000e+01,8.000000000000000000e+00,8.000000000000000000e+00
-2.745643615722656250e+00,2.184150123596191406e+01,8.000000000000000000e+00,8.000000000000000000e+00
-4.586419105529785156e+00,2.284698295593261719e+01,8.000000000000000000e+00,8.000000000000000000e+00
-8.005904197692871094e+00,2.509095382690429688e+01,8.000000000000000000e+00,8.000000000000000000e+00
-5.471941947937011719e+00,2.347265052795410156e+01,8.000000000000000000e+00,8.000000000000000000e+00
-3.191545724868774414e+00,2.205104827880859375e+01,8.000000000000000000e+00,8.000000000000000000e+00
-7.654428005218505859e+00,2.491172218322753906e+01,8.000000000000000000e+00,8.000000000000000000e+00
-1.706482648849487305e+00,2.125437927246093750e+01,8.000000000000000000e+00,8.000000000000000000e+00
-5.688403606414794922e+00,2.365223121643066406e+01,8.000000000000000000e+00,8.000000000000000000e+00
-2.049531936645507812e+00,2.148053550720214844e+01,8.000000000000000000e+00,8.000000000000000000e+00
-8.069833755493164062e+00,2.515223693847656250e+01,8.000000000000000000e+00,8.000000000000000000e+00
-4.606132030487060547e+00,2.282816123962402344e+01,8.000000000000000000e+00,8.000000000000000000e+00
-7.761410713195800781e+00,2.497740554809570312e+01,8.000000000000000000e+00,8.000000000000000000e+00
-6.886125087738037109e+00,2.449527549743652344e+01,8.000000000000000000e+00,8.000000000000000000e+00
-7.691123485565185547e+00,2.492956542968750000e+01,8.000000000000000000e+00,8.000000000000000000e+00
-1.345517039299011230e+00,2.101720809936523438e+01,8.000000000000000000e+00,8.000000000000000000e+00
-8.087519645690917969e+00,2.514993476867675781e+01,8.000000000000000000e+00,8.000000000000000000e+00
-7.698922157287597656e+00,2.493782043457031250e+01,8.000000000000000000e+00,8.000000000000000000e+00
-5.905525684356689453e+00,2.383150863647460938e+01,8.000000000000000000e+00,8.000000000000000000e+00
-2.954130172729492188e+00,2.192556953430175781e+01,8.000000000000000000e+00,8.000000000000000000e+00
-4.616750240325927734e+00,2.283639335632324219e+01,8.000000000000000000e+00,8.000000000000000000e+00
-7.753530025482177734e+00,2.497284507751464844e+01,8.000000000000000000e+00,8.000000000000000000e+00
-4.540292263031005859e+00,2.278546142578125000e+01,8.000000000000000000e+00,8.000000000000000000e+00
-5.491237163543701172e+00,2.348824501037597656e+01,8.000000000000000000e+00,8.000000000000000000e+00
-4.574210643768310547e+00,2.278876113891601562e+01,8.000000000000000000e+00,8.000000000000000000e+00
-8.041076660156250000e+00,2.511800193786621094e+01,8.000000000000000000e+00,8.000000000000000000e+00
-8.462015151977539062e+00,2.529563522338867188e+01,8.000000000000000000e+00,8.000000000000000000e+00
-7.646127700805664062e+00,2.490682601928710938e+01,8.000000000000000000e+00,8.000000000000000000e+00
-7.977574825286865234e+00,2.507885169982910156e+01,8.000000000000000000e+00,8.000000000000000000e+00
-3.174023389816284180e+00,2.204322052001953125e+01,8.000000000000000000e+00,8.000000000000000000e+00
-2.229820251464843750e+00,2.158104896545410156e+01,8.000000000000000000e+00,8.000000000000000000e+00
-4.631780147552490234e+00,2.284774017333984375e+01,8.000000000000000000e+00,8.000000000000000000e+00
-3.507838726043701172e+00,2.217199325561523438e+01,8.000000000000000000e+00,8.000000000000000000e+00
-1.696457147598266602e+00,2.125032424926757812e+01,8.000000000000000000e+00,8.000000000000000000e+00
-7.362983226776123047e+00,2.475061798095703125e+01,8.000000000000000000e+00,8.000000000000000000e+00
-7.726473331451416016e+00,2.495450782775878906e+01,8.000000000000000000e+00,8.000000000000000000e+00
-1.460801720619201660e+00,2.109121513366699219e+01,8.000000000000000000e+00,8.000000000000000000e+00
-2.879838466644287109e+00,2.189879608154296875e+01,8.000000000000000000e+00,8.000000000000000000e+00
-4.667819023132324219e+00,2.287589645385742188e+01,8.000000000000000000e+00,8.000000000000000000e+00
-1.627700924873352051e+00,2.120052909851074219e+01,8.000000000000000000e+00,8.000000000000000000e+00
-8.422717094421386719e+00,2.526432991027832031e+01,8.000000000000000000e+00,8.000000000000000000e+00
-7.732202529907226562e+00,2.495054626464843750e+01,8.000000000000000000e+00,8.000000000000000000e+00
-6.749909877777099609e+00,2.439551925659179688e+01,8.000000000000000000e+00,8.000000000000000000e+00
-6.832847595214843750e+00,2.444613456726074219e+01,8.000000000000000000e+00,8.000000000000000000e+00
-5.444761276245117188e+00,2.345265769958496094e+01,8.000000000000000000e+00,8.000000000000000000e+00
-3.139064073562622070e+00,2.203083801269531250e+01,8.000000000000000000e+00,8.000000000000000000e+00
-7.914534568786621094e+00,2.504175376892089844e+01,8.000000000000000000e+00,8.000000000000000000e+00
-3.694849252700805664e+00,2.225556182861328125e+01,8.000000000000000000e+00,8.000000000000000000e+00
-8.059594154357910156e+00,2.514723205566406250e+01,8.000000000000000000e+00,8.000000000000000000e+00
-1.395639777183532715e+00,2.105382537841796875e+01,8.000000000000000000e+00,8.000000000000000000e+00
-3.682301282882690430e+00,2.224805259704589844e+01,8.000000000000000000e+00,8.000000000000000000e+00
-1.407587885856628418e+00,2.105729484558105469e+01,8.000000000000000000e+00,8.000000000000000000e+00
-6.762320518493652344e+00,2.440324401855468750e+01,8.000000000000000000e+00,8.000000000000000000e+00
-4.572571754455566406e+00,2.277560806274414062e+01,8.000000000000000000e+00,8.000000000000000000e+00
-8.446446418762207031e+00,2.528700637817382812e+01,8.000000000000000000e+00,8.000000000000000000e+00
-7.627265453338623047e+00,2.489756011962890625e+01,8.000000000000000000e+00,8.000000000000000000e+00
-8.463912963867187500e+00,2.528530120849609375e+01,8.000000000000000000e+00,8.000000000000000000e+00
-4.703119754791259766e+00,2.290528488159179688e+01,8.000000000000000000e+00,8.000000000000000000e+00
-1.830601334571838379e+00,2.134586524963378906e+01,8.000000000000000000e+00,8.000000000000000000e+00
-8.439184188842773438e+00,2.528358078002929688e+01,8.000000000000000000e+00,8.000000000000000000e+00
-5.812214374542236328e+00,2.375654792785644531e+01,8.000000000000000000e+00,8.000000000000000000e+00
-1.678059935569763184e+00,2.123482322692871094e+01,8.000000000000000000e+00,8.000000000000000000e+00
-1.527866244316101074e+00,2.114444732666015625e+01,8.000000000000000000e+00,8.000000000000000000e+00
-8.427377700805664062e+00,2.526930427551269531e+01,8.000000000000000000e+00,8.000000000000000000e+00
-8.280063629150390625e+00,2.519524383544921875e+01,8.000000000000000000e+00,8.000000000000000000e+00
-6.946699142456054688e+00,2.452945137023925781e+01,8.000000000000000000e+00,8.000000000000000000e+00
-4.638624191284179688e+00,2.285450935363769531e+01,8.000000000000000000e+00,8.000000000000000000e+00
-5.540194511413574219e+00,2.352881431579589844e+01,8.000000000000000000e+00,8.000000000000000000e+00
-6.971373081207275391e+00,2.454436111450195312e+01,8.000000000000000000e+00,8.000000000000000000e+00
-3.206157445907592773e+00,2.205825805664062500e+01,8.000000000000000000e+00,8.000000000000000000e+00
-2.083667755126953125e+00,2.150727462768554688e+01,8.000000000000000000e+00,8.000000000000000000e+00
-5.517564296722412109e+00,2.351227569580078125e+01,8.000000000000000000e+00,8.000000000000000000e+00
-5.861256599426269531e+00,2.380064201354980469e+01,8.000000000000000000e+00,8.000000000000000000e+00
-8.128761291503906250e+00,2.518914222717285156e+01,8.000000000000000000e+00,8.000000000000000000e+00
-7.614970684051513672e+00,2.488881111145019531e+01,8.000000000000000000e+00,8.000000000000000000e+00
-5.787144184112548828e+00,2.373634910583496094e+01,8.000000000000000000e+00,8.000000000000000000e+00
-6.898435592651367188e+00,2.449742317199707031e+01,8.000000000000000000e+00,8.000000000000000000e+00
-3.178708791732788086e+00,2.204812622070312500e+01,8.000000000000000000e+00,8.000000000000000000e+00
-3.436124324798583984e+00,2.214851760864257812e+01,8.000000000000000000e+00,8.000000000000000000e+00
-1.336494565010070801e+00,2.100548553466796875e+01,8.000000000000000000e+00,8.000000000000000000e+00
-5.974431037902832031e+00,2.388436698913574219e+01,8.000000000000000000e+00,8.000000000000000000e+00
-7.968339443206787109e+00,2.509016799926757812e+01,8.000000000000000000e+00,8.000000000000000000e+00
-7.606169700622558594e+00,2.487769699096679688e+01,8.000000000000000000e+00,8.000000000000000000e+00
-6.990330219268798828e+00,2.455500602722167969e+01,8.000000000000000000e+00,8.000000000000000000e+00
-3.145392417907714844e+00,2.202907943725585938e+01,8.000000000000000000e+00,8.000000000000000000e+00
-7.516324043273925781e+00,2.483299446105957031e+01,8.000000000000000000e+00,8.000000000000000000e+00
-4.514389514923095703e+00,2.276378440856933594e+01,8.000000000000000000e+00,8.000000000000000000e+00
-6.807328224182128906e+00,2.443207931518554688e+01,8.000000000000000000e+00,8.000000000000000000e+00
-5.915694236755371094e+00,2.384705162048339844e+01,8.000000000000000000e+00,8.000000000000000000e+00
-2.926959037780761719e+00,2.191768836975097656e+01,8.000000000000000000e+00,8.000000000000000000e+00
-4.572183132171630859e+00,2.279045104980468750e+01,8.000000000000000000e+00,8.000000000000000000e+00
-8.444120407104492188e+00,2.528432273864746094e+01,8.000000000000000000e+00,8.000000000000000000e+00
-3.696354150772094727e+00,2.225392723083496094e+01,8.000000000000000000e+00,8.000000000000000000e+00
-3.202510118484497070e+00,2.206013679504394531e+01,8.000000000000000000e+00,8.000000000000000000e+00
-8.049843788146972656e+00,2.513086128234863281e+01,8.000000000000000000e+00,8.000000000000000000e+00
-7.996611118316650391e+00,2.509834289550781250e+01,8.000000000000000000e+00,8.000000000000000000e+00
-5.709420204162597656e+00,2.367078208923339844e+01,8.000000000000000000e+00,8.000000000000000000e+00
-3.654655933380126953e+00,2.222597122192382812e+01,8.000000000000000000e+00,8.000000000000000000e+00
-7.608989238739013672e+00,2.487870025634765625e+01,8.000000000000000000e+00,8.000000000000000000e+00
-5.780375003814697266e+00,2.373110198974609375e+01,8.000000000000000000e+00,8.000000000000000000e+00
-8.074247360229492188e+00,2.515783691406250000e+01,8.000000000000000000e+00,8.000000000000000000e+00
-5.945504665374755859e+00,2.385935974121093750e+01,8.000000000000000000e+00,8.000000000000000000e+00
-6.717620372772216797e+00,2.437017440795898438e+01,8.000000000000000000e+00,8.000000000000000000e+00
-7.729760646820068359e+00,2.495502662658691406e+01,8.000000000000000000e+00,8.000000000000000000e+00
-2.545103311538696289e+00,2.174177742004394531e+01,8.000000000000000000e+00,8.000000000000000000e+00
-6.836695671081542969e+00,2.445496559143066406e+01,8.000000000000000000e+00,8.000000000000000000e+00
-1.963640213012695312e+00,2.144007682800292969e+01,8.000000000000000000e+00,8.000000000000000000e+00
-7.436583995819091797e+00,2.478056526184082031e+01,8.000000000000000000e+00,8.000000000000000000e+00
-8.352813720703125000e+00,2.522212600708007812e+01,8.000000000000000000e+00,8.000000000000000000e+00
-4.505226612091064453e+00,2.275266647338867188e+01,8.000000000000000000e+00,8.000000000000000000e+00
-6.959096908569335938e+00,2.453782653808593750e+01,8.000000000000000000e+00,8.000000000000000000e+00
-2.176180124282836914e+00,2.155127525329589844e+01,8.000000000000000000e+00,8.000000000000000000e+00
-6.829979896545410156e+00,2.444483947753906250e+01,8.000000000000000000e+00,8.000000000000000000e+00
-4.578846454620361328e+00,2.280370330810546875e+01,8.000000000000000000e+00,8.000000000000000000e+00
-2.096773386001586914e+00,2.150897216796875000e+01,8.000000000000000000e+00,8.000000000000000000e+00
-2.435474157333374023e+00,2.168723487854003906e+01,8.000000000000000000e+00,8.000000000000000000e+00
-7.412027359008789062e+00,2.477644157409667969e+01,8.000000000000000000e+00,8.000000000000000000e+00
-5.972645282745361328e+00,2.388072776794433594e+01,8.000000000000000000e+00,8.000000000000000000e+00
-6.825599670410156250e+00,2.444287109375000000e+01,8.000000000000000000e+00,8.000000000000000000e+00
-2.085135698318481445e+00,2.149710845947265625e+01,8.000000000000000000e+00,8.000000000000000000e+00
-1.388946294784545898e+00,2.104687309265136719e+01,8.000000000000000000e+00,8.000000000000000000e+00
-1.974345922470092773e+00,2.144015502929687500e+01,8.000000000000000000e+00,8.000000000000000000e+00
-6.033870697021484375e+00,2.393251991271972656e+01,8.000000000000000000e+00,8.000000000000000000e+00
-5.923623085021972656e+00,2.384642028808593750e+01,8.000000000000000000e+00,8.000000000000000000e+00
-5.935340404510498047e+00,2.385424995422363281e+01,8.000000000000000000e+00,8.000000000000000000e+00
-4.665957450866699219e+00,2.287512779235839844e+01,8.000000000000000000e+00,8.000000000000000000e+00
-2.452966690063476562e+00,2.169602966308593750e+01,8.000000000000000000e+00,8.000000000000000000e+00
-1.659582257270812988e+00,2.122368240356445312e+01,8.000000000000000000e+00,8.000000000000000000e+00
-2.851682186126708984e+00,2.188619422912597656e+01,8.000000000000000000e+00,8.000000000000000000e+00
-1.551064968109130859e+00,2.115031433105468750e+01,8.000000000000000000e+00,8.000000000000000000e+00
-7.932223320007324219e+00,2.505115318298339844e+01,8.000000000000000000e+00,8.000000000000000000e+00
-8.263513565063476562e+00,2.519506072998046875e+01,8.000000000000000000e+00,8.000000000000000000e+00
-4.542808055877685547e+00,2.279438972473144531e+01,8.000000000000000000e+00,8.000000000000000000e+00
-7.474689960479736328e+00,2.480850219726562500e+01,8.000000000000000000e+00,8.000000000000000000e+00
-8.451128959655761719e+00,2.528188514709472656e+01,8.000000000000000000e+00,8.000000000000000000e+00
-1.820154309272766113e+00,2.133811759948730469e+01,8.000000000000000000e+00,8.000000000000000000e+00
-4.624995231628417969e+00,2.284482765197753906e+01,8.000000000000000000e+00,8.000000000000000000e+00
-8.332162857055664062e+00,2.521512031555175781e+01,8.000000000000000000e+00,8.000000000000000000e+00
-5.748596668243408203e+00,2.370368766784667969e+01,8.000000000000000000e+00,8.000000000000000000e+00
-8.299067497253417969e+00,2.520705604553222656e+01,8.000000000000000000e+00,8.000000000000000000e+00
-7.311610698699951172e+00,2.472243881225585938e+01,8.000000000000000000e+00,8.000000000000000000e+00
-7.034584522247314453e+00,2.458910369873046875e+01,8.000000000000000000e+00,8.000000000000000000e+00
-8.350251197814941406e+00,2.522834205627441406e+01,8.000000000000000000e+00,8.000000000000000000e+00
-1.756428837776184082e+00,2.128855323791503906e+01,8.000000000000000000e+00,8.000000000000000000e+00
-1.907298803329467773e+00,2.139571380615234375e+01,8.000000000000000000e+00,8.000000000000000000e+00
-3.096732378005981445e+00,2.200434112548828125e+01,8.000000000000000000e+00,8.000000000000000000e+00
-7.831035614013671875e+00,2.501596641540527344e+01,8.000000000000000000e+00,8.000000000000000000e+00
-1.448704957962036133e+00,2.108563804626464844e+01,8.000000000000000000e+00,8.000000000000000000e+00
-7.012061595916748047e+00,2.457578086853027344e+01,8.000000000000000000e+00,8.000000000000000000e+00
-8.409254074096679688e+00,2.525816917419433594e+01,8.000000000000000000e+00,8.000000000000000000e+00
-7.590512752532958984e+00,2.487475776672363281e+01,8.000000000000000000e+00,8.000000000000000000e+00
-1.366716146469116211e+00,2.103072738647460938e+01,8.000000000000000000e+00,8.000000000000000000e+00
-1.357886075973510742e+00,2.102444648742675781e+01,8.000000000000000000e+00,8.000000000000000000e+00
-2.501498222351074219e+00,2.172006607055664062e+01,8.000000000000000000e+00,8.000000000000000000e+00
-6.974163055419921875e+00,2.456045150756835938e+01,8.000000000000000000e+00,8.000000000000000000e+00
-8.139627456665039062e+00,2.514656066894531250e+01,8.000000000000000000e+00,8.000000000000000000e+00
-7.851828575134277344e+00,2.503823852539062500e+01,8.000000000000000000e+00,8.000000000000000000e+00
-8.255109786987304688e+00,2.516369438171386719e+01,8.000000000000000000e+00,8.000000000000000000e+00
-3.169690608978271484e+00,2.203314971923828125e+01,8.000000000000000000e+00,8.000000000000000000e+00
-8.297621726989746094e+00,2.521838760375976562e+01,8.000000000000000000e+00,8.000000000000000000e+00
-3.697381734848022461e+00,2.225506401062011719e+01,8.000000000000000000e+00,8.000000000000000000e+00
-2.426182031631469727e+00,2.168206405639648438e+01,8.000000000000000000e+00,8.000000000000000000e+00
-7.001956939697265625e+00,2.456986999511718750e+01,8.000000000000000000e+00,8.000000000000000000e+00
-8.070343971252441406e+00,2.515386962890625000e+01,8.000000000000000000e+00,8.000000000000000000e+00
-6.644777774810791016e+00,2.432532119750976562e+01,8.000000000000000000e+00,8.000000000000000000e+00
-5.744946956634521484e+00,2.370079612731933594e+01,8.000000000000000000e+00,8.000000000000000000e+00
-3.138783931732177734e+00,2.202527809143066406e+01,8.000000000000000000e+00,8.000000000000000000e+00
-3.669504642486572266e+00,2.224014663696289062e+01,8.000000000000000000e+00,8.000000000000000000e+00
-1.901059985160827637e+00,2.139510726928710938e+01,8.000000000000000000e+00,8.000000000000000000e+00
-4.509158134460449219e+00,2.276825714111328125e+01,8.000000000000000000e+00,8.000000000000000000e+00
-6.826190948486328125e+00,2.444914436340332031e+01,8.000000000000000000e+00,8.000000000000000000e+00
-6.756098747253417969e+00,2.439614295959472656e+01,8.000000000000000000e+00,8.000000000000000000e+00
-3.672418594360351562e+00,2.224212837219238281e+01,8.000000000000000000e+00,8.000000000000000000e+00
-1.376117825508117676e+00,2.103747940063476562e+01,8.000000000000000000e+00,8.000000000000000000e+00
-1.911194801330566406e+00,2.140021705627441406e+01,8.000000000000000000e+00,8.000000000000000000e+00
-1.604136466979980469e+00,2.119127464294433594e+01,8.000000000000000000e+00,8.000000000000000000e+00
-3.703273773193359375e+00,2.225772476196289062e+01,8.000000000000000000e+00,8.000000000000000000e+00
-1.735798478126525879e+00,2.127630615234375000e+01,8.000000000000000000e+00,8.000000000000000000e+00
-7.748198032379150391e+00,2.496743392944335938e+01,8.000000000000000000e+00,8.000000000000000000e+00
-5.688958644866943359e+00,2.365141105651855469e+01,8.000000000000000000e+00,8.000000000000000000e+00
-5.517289161682128906e+00,2.350932884216308594e+01,8.000000000000000000e+00,8.000000000000000000e+00
-7.771961212158203125e+00,2.498537826538085938e+01,8.000000000000000000e+00,8.000000000000000000e+00
-4.638370037078857422e+00,2.285633659362792969e+01,8.000000000000000000e+00,8.000000000000000000e+00
-5.856368064880371094e+00,2.378964233398437500e+01,8.000000000000000000e+00,8.000000000000000000e+00
-1.379716157913208008e+00,2.104162025451660156e+01,8.000000000000000000e+00,8.000000000000000000e+00
-5.879288196563720703e+00,2.381415367126464844e+01,8.000000000000000000e+00,8.000000000000000000e+00
-3.211817264556884766e+00,2.206007575988769531e+01,8.000000000000000000e+00,8.000000000000000000e+00
-1.674354076385498047e+00,2.122323417663574219e+01,8.000000000000000000e+00,8.000000000000000000e+00
-4.701806545257568359e+00,2.290209579467773438e+01,8.000000000000000000e+00,8.000000000000000000e+00
-6.245918750762939453e+00,2.406309509277343750e+01,8.000000000000000000e+00,8.000000000000000000e+00
-7.797357082366943359e+00,2.499545860290527344e+01,8.000000000000000000e+00,8.000000000000000000e+00
-1.713407039642333984e+00,2.125903511047363281e+01,8.000000000000000000e+00,8.000000000000000000e+00
-5.507665157318115234e+00,2.350219917297363281e+01,8.000000000000000000e+00,8.000000000000000000e+00
-2.404142141342163086e+00,2.166326522827148438e+01,8.000000000000000000e+00,8.000000000000000000e+00
-3.690840244293212891e+00,2.225013923645019531e+01,8.000000000000000000e+00,8.000000000000000000e+00
-2.934765100479125977e+00,2.192454528808593750e+01,8.000000000000000000e+00,8.000000000000000000e+00
-8.280857086181640625e+00,2.519415664672851562e+01,8.000000000000000000e+00,8.000000000000000000e+00
-1.906872391700744629e+00,2.139692306518554688e+01,8.000000000000000000e+00,8.000000000000000000e+00
-2.406208992004394531e+00,2.167201614379882812e+01,8.000000000000000000e+00,8.000000000000000000e+00
-8.459212303161621094e+00,2.529340744018554688e+01,8.000000000000000000e+00,8.000000000000000000e+00
-1.447634100914001465e-01,1.578848457336425781e+01,9.000000000000000000e+00,9.000000000000000000e+00
1.894432783126831055e+00,2.264684104919433594e+01,9.000000000000000000e+00,9.000000000000000000e+00
1.631825089454650879e+00,2.404739189147949219e+01,9.000000000000000000e+00,9.000000000000000000e+00
3.488231420516967773e+00,1.780598640441894531e+01,9.000000000000000000e+00,9.000000000000000000e+00
1.867096781730651855e+00,2.285374641418457031e+01,9.000000000000000000e+00,9.000000000000000000e+00
3.567715406417846680e+00,1.783568954467773438e+01,9.000000000000000000e+00,9.000000000000000000e+00
-6.926510483026504517e-02,1.585530853271484375e+01,9.000000000000000000e+00,9.000000000000000000e+00
1.898358941078186035e+00,2.260916328430175781e+01,9.000000000000000000e+00,9.000000000000000000e+00
1.768233776092529297e+00,2.345449066162109375e+01,9.000000000000000000e+00,9.000000000000000000e+00
1.907850265502929688e+00,2.234490966796875000e+01,9.000000000000000000e+00,9.000000000000000000e+00
4.384195804595947266e+00,1.809465217590332031e+01,9.000000000000000000e+00,9.000000000000000000e+00
1.710513353347778320e+00,2.369793701171875000e+01,9.000000000000000000e+00,9.000000000000000000e+00
1.802301406860351562e+00,2.323310852050781250e+01,9.000000000000000000e+00,9.000000000000000000e+00
2.236754417419433594e+00,1.748242378234863281e+01,9.000000000000000000e+00,9.000000000000000000e+00
1.739618420600891113e+00,2.359391403198242188e+01,9.000000000000000000e+00,9.000000000000000000e+00
2.200735092163085938e+00,1.746471977233886719e+01,9.000000000000000000e+00,9.000000000000000000e+00
-1.018465310335159302e-01,1.584443378448486328e+01,9.000000000000000000e+00,9.000000000000000000e+00
2.463026523590087891e+00,1.757439613342285156e+01,9.000000000000000000e+00,9.000000000000000000e+00
1.907051801681518555e+00,2.246332550048828125e+01,9.000000000000000000e+00,9.000000000000000000e+00
4.078979492187500000e+00,1.800365066528320312e+01,9.000000000000000000e+00,9.000000000000000000e+00
1.617432236671447754e+00,2.406171035766601562e+01,9.000000000000000000e+00,9.000000000000000000e+00
2.519213199615478516e+00,1.759819412231445312e+01,9.000000000000000000e+00,9.000000000000000000e+00
-5.021079182624816895e-01,1.546946144104003906e+01,9.000000000000000000e+00,9.000000000000000000e+00
1.824615001678466797e+00,1.725975990295410156e+01,9.000000000000000000e+00,9.000000000000000000e+00
9.752826690673828125e-01,1.668643379211425781e+01,9.000000000000000000e+00,9.000000000000000000e+00
2.086628675460815430e+00,1.740373802185058594e+01,9.000000000000000000e+00,9.000000000000000000e+00
3.441634416580200195e+00,1.779409980773925781e+01,9.000000000000000000e+00,9.000000000000000000e+00
-2.806152403354644775e-01,1.566662693023681641e+01,9.000000000000000000e+00,9.000000000000000000e+00
3.912928104400634766e+00,1.793672180175781250e+01,9.000000000000000000e+00,9.000000000000000000e+00
3.727967500686645508e+00,1.789122200012207031e+01,9.000000000000000000e+00,9.000000000000000000e+00
-8.237074315547943115e-02,1.584662437438964844e+01,9.000000000000000000e+00,9.000000000000000000e+00
2.520611047744750977e+00,1.759750556945800781e+01,9.000000000000000000e+00,9.000000000000000000e+00
1.780660390853881836e+00,1.722989082336425781e+01,9.000000000000000000e+00,9.000000000000000000e+00
1.285369992256164551e+00,1.691719627380371094e+01,9.000000000000000000e+00,9.000000000000000000e+00
-4.752920866012573242e-01,1.549519729614257812e+01,9.000000000000000000e+00,9.000000000000000000e+00
4.339323997497558594e+00,1.807569313049316406e+01,9.000000000000000000e+00,9.000000000000000000e+00
1.701853036880493164e+00,2.388533210754394531e+01,9.000000000000000000e+00,9.000000000000000000e+00
3.490951538085937500e+00,1.780459976196289062e+01,9.000000000000000000e+00,9.000000000000000000e+00
1.635347366333007812e+00,2.403542137145996094e+01,9.000000000000000000e+00,9.000000000000000000e+00
1.786856412887573242e+00,2.334271621704101562e+01,9.000000000000000000e+00,9.000000000000000000e+00
3.148305177688598633e+00,1.772003173828125000e+01,9.000000000000000000e+00,9.000000000000000000e+00
1.649896025657653809e+00,2.400915336608886719e+01,9.000000000000000000e+00,9.000000000000000000e+00
1.887937426567077637e+00,2.270125007629394531e+01,9.000000000000000000e+00,9.000000000000000000e+00
1.660714149475097656e+00,2.399721336364746094e+01,9.000000000000000000e+00,9.000000000000000000e+00
1.119174480438232422e+00,1.680019187927246094e+01,9.000000000000000000e+00,9.000000000000000000e+00
1.814725518226623535e+00,2.315562248229980469e+01,9.000000000000000000e+00,9.000000000000000000e+00
1.623863697052001953e+00,2.405470466613769531e+01,9.000000000000000000e+00,9.000000000000000000e+00
-1.571646630764007568e-01,1.577704715728759766e+01,9.000000000000000000e+00,9.000000000000000000e+00
1.866171002388000488e+00,2.287264633178710938e+01,9.000000000000000000e+00,9.000000000000000000e+00
1.675602436065673828e+00,2.393577957153320312e+01,9.000000000000000000e+00,9.000000000000000000e+00
-4.795661866664886475e-01,1.549396610260009766e+01,9.000000000000000000e+00,9.000000000000000000e+00
1.899704694747924805e+00,2.261849212646484375e+01,9.000000000000000000e+00,9.000000000000000000e+00
1.656038641929626465e+00,2.399056243896484375e+01,9.000000000000000000e+00,9.000000000000000000e+00
3.994739532470703125e+00,1.797862243652343750e+01,9.000000000000000000e+00,9.000000000000000000e+00
2.596742391586303711e+00,1.762209510803222656e+01,9.000000000000000000e+00,9.000000000000000000e+00
4.308861255645751953e+00,1.806803131103515625e+01,9.000000000000000000e+00,9.000000000000000000e+00
1.533414125442504883e+00,1.708406829833984375e+01,9.000000000000000000e+00,9.000000000000000000e+00
1.907792448997497559e+00,2.236496162414550781e+01,9.000000000000000000e+00,9.000000000000000000e+00
1.739571690559387207e+00,2.359332847595214844e+01,9.000000000000000000e+00,9.000000000000000000e+00
1.443021535873413086e+00,1.703938674926757812e+01,9.000000000000000000e+00,9.000000000000000000e+00
3.087518930435180664e+00,1.770439147949218750e+01,9.000000000000000000e+00,9.000000000000000000e+00
1.664658188819885254e+00,2.397957611083984375e+01,9.000000000000000000e+00,9.000000000000000000e+00
1.456741333007812500e+00,1.704119873046875000e+01,9.000000000000000000e+00,9.000000000000000000e+00
1.714522719383239746e+00,1.719032478332519531e+01,9.000000000000000000e+00,9.000000000000000000e+00
1.788374185562133789e+00,2.335143470764160156e+01,9.000000000000000000e+00,9.000000000000000000e+00
1.896499633789062500e+00,2.263389587402343750e+01,9.000000000000000000e+00,9.000000000000000000e+00
9.204347133636474609e-01,1.664210891723632812e+01,9.000000000000000000e+00,9.000000000000000000e+00
3.071368932723999023e+00,1.770105552673339844e+01,9.000000000000000000e+00,9.000000000000000000e+00
9.296371936798095703e-01,1.665149307250976562e+01,9.000000000000000000e+00,9.000000000000000000e+00
3.542745828628540039e+00,1.781451034545898438e+01,9.000000000000000000e+00,9.000000000000000000e+00
2.193318843841552734e+00,1.746637916564941406e+01,9.000000000000000000e+00,9.000000000000000000e+00
1.301493644714355469e+00,1.692665672302246094e+01,9.000000000000000000e+00,9.000000000000000000e+00
1.726725578308105469e+00,2.365274238586425781e+01,9.000000000000000000e+00,9.000000000000000000e+00
1.859162807464599609e+00,2.289536285400390625e+01,9.000000000000000000e+00,9.000000000000000000e+00
3.077450275421142578e+00,1.770038986206054688e+01,9.000000000000000000e+00,9.000000000000000000e+00
9.141376018524169922e-01,1.663602066040039062e+01,9.000000000000000000e+00,9.000000000000000000e+00
1.633051872253417969e+00,2.400379562377929688e+01,9.000000000000000000e+00,9.000000000000000000e+00
1.641327023506164551e+00,2.402946281433105469e+01,9.000000000000000000e+00,9.000000000000000000e+00
4.324108123779296875e+00,1.807254409790039062e+01,9.000000000000000000e+00,9.000000000000000000e+00
1.676656007766723633e+00,2.392490768432617188e+01,9.000000000000000000e+00,9.000000000000000000e+00
-4.663942158222198486e-01,1.550249481201171875e+01,9.000000000000000000e+00,9.000000000000000000e+00
2.222181320190429688e+00,1.748240852355957031e+01,9.000000000000000000e+00,9.000000000000000000e+00
1.003842949867248535e+00,1.671572875976562500e+01,9.000000000000000000e+00,9.000000000000000000e+00
1.656963706016540527e+00,2.400946998596191406e+01,9.000000000000000000e+00,9.000000000000000000e+00
-1.302799731492996216e-01,1.580160045623779297e+01,9.000000000000000000e+00,9.000000000000000000e+00
3.444065332412719727e+00,1.779493331909179688e+01,9.000000000000000000e+00,9.000000000000000000e+00
2.455132722854614258e+00,1.757316207885742188e+01,9.000000000000000000e+00,9.000000000000000000e+00
2.591161251068115234e+00,1.764572334289550781e+01,9.000000000000000000e+00,9.000000000000000000e+00
2.643078088760375977e+00,1.764365386962890625e+01,9.000000000000000000e+00,9.000000000000000000e+00
1.909643888473510742e+00,2.231744956970214844e+01,9.000000000000000000e+00,9.000000000000000000e+00
2.236502170562744141e+00,1.748896408081054688e+01,9.000000000000000000e+00,9.000000000000000000e+00
1.672703146934509277e+00,2.394374465942382812e+01,9.000000000000000000e+00,9.000000000000000000e+00
3.253013610839843750e+00,1.774079704284667969e+01,9.000000000000000000e+00,9.000000000000000000e+00
1.907467484474182129e+00,2.233906364440917969e+01,9.000000000000000000e+00,9.000000000000000000e+00
1.892641305923461914e+00,2.263961982727050781e+01,9.000000000000000000e+00,9.000000000000000000e+00
1.873157620429992676e+00,2.281071090698242188e+01,9.000000000000000000e+00,9.000000000000000000e+00
2.629063129425048828e+00,1.763232994079589844e+01,9.000000000000000000e+00,9.000000000000000000e+00
1.762220263481140137e+00,1.721680068969726562e+01,9.000000000000000000e+00,9.000000000000000000e+00
-4.740523993968963623e-01,1.549524879455566406e+01,9.000000000000000000e+00,9.000000000000000000e+00
1.752137899398803711e+00,2.357241630554199219e+01,9.000000000000000000e+00,9.000000000000000000e+00
4.122679233551025391e+00,1.801948356628417969e+01,9.000000000000000000e+00,9.000000000000000000e+00
-5.166445374488830566e-01,1.544510650634765625e+01,9.000000000000000000e+00,9.000000000000000000e+00
1.890114426612854004e+00,2.267021560668945312e+01,9.000000000000000000e+00,9.000000000000000000e+00
4.697142601013183594e+00,1.815722656250000000e+01,9.000000000000000000e+00,9.000000000000000000e+00
1.599113583564758301e+00,1.711980056762695312e+01,9.000000000000000000e+00,9.000000000000000000e+00
1.809558629989624023e+00,2.321875381469726562e+01,9.000000000000000000e+00,9.000000000000000000e+00
4.359313011169433594e+00,1.808121490478515625e+01,9.000000000000000000e+00,9.000000000000000000e+00
9.273977875709533691e-01,1.665005493164062500e+01,9.000000000000000000e+00,9.000000000000000000e+00
1.907880425453186035e+00,2.235718154907226562e+01,9.000000000000000000e+00,9.000000000000000000e+00
2.556741476058959961e+00,1.759843444824218750e+01,9.000000000000000000e+00,9.000000000000000000e+00
1.860573172569274902e+00,1.727818679809570312e+01,9.000000000000000000e+00,9.000000000000000000e+00
9.267765283584594727e-01,1.664963912963867188e+01,9.000000000000000000e+00,9.000000000000000000e+00
3.681980371475219727e+00,1.788010215759277344e+01,9.000000000000000000e+00,9.000000000000000000e+00
4.691349983215332031e+00,1.814879035949707031e+01,9.000000000000000000e+00,9.000000000000000000e+00
3.278936386108398438e+00,1.775702095031738281e+01,9.000000000000000000e+00,9.000000000000000000e+00
1.304726839065551758e+00,1.692949676513671875e+01,9.000000000000000000e+00,9.000000000000000000e+00
4.694863796234130859e+00,1.814886474609375000e+01,9.000000000000000000e+00,9.000000000000000000e+00
1.616800785064697266e+00,1.713130187988281250e+01,9.000000000000000000e+00,9.000000000000000000e+00
2.829452276229858398e+00,1.766430091857910156e+01,9.000000000000000000e+00,9.000000000000000000e+00
1.574936389923095703e+00,1.710498237609863281e+01,9.000000000000000000e+00,9.000000000000000000e+00
3.226232767105102539e+00,1.774010276794433594e+01,9.000000000000000000e+00,9.000000000000000000e+00
3.613389253616333008e+00,1.785221672058105469e+01,9.000000000000000000e+00,9.000000000000000000e+00
1.908707737922668457e+00,2.232464408874511719e+01,9.000000000000000000e+00,9.000000000000000000e+00
1.785866379737854004e+00,2.335092163085937500e+01,9.000000000000000000e+00,9.000000000000000000e+00
3.831422328948974609e+00,1.792494773864746094e+01,9.000000000000000000e+00,9.000000000000000000e+00
1.779153704643249512e+00,2.339228439331054688e+01,9.000000000000000000e+00,9.000000000000000000e+00
1.788214564323425293e+00,2.334595870971679688e+01,9.000000000000000000e+00,9.000000000000000000e+00
9.275290966033935547e-01,1.665046310424804688e+01,9.000000000000000000e+00,9.000000000000000000e+00
4.702349662780761719e+00,1.815006256103515625e+01,9.000000000000000000e+00,9.000000000000000000e+00
-2.169693112373352051e-01,1.572026920318603516e+01,9.000000000000000000e+00,9.000000000000000000e+00
-4.341512024402618408e-01,1.553127765655517578e+01,9.000000000000000000e+00,9.000000000000000000e+00
3.186265230178833008e+00,1.774069404602050781e+01,9.000000000000000000e+00,9.000000000000000000e+00
1.790354371070861816e+00,2.331984710693359375e+01,9.000000000000000000e+00,9.000000000000000000e+00
1.039574027061462402e+00,1.673937606811523438e+01,9.000000000000000000e+00,9.000000000000000000e+00
1.303310275077819824e+00,1.692954254150390625e+01,9.000000000000000000e+00,9.000000000000000000e+00
1.823071599006652832e+00,2.310962677001953125e+01,9.000000000000000000e+00,9.000000000000000000e+00
1.863143086433410645e+00,2.287662124633789062e+01,9.000000000000000000e+00,9.000000000000000000e+00
1.653716564178466797e+00,2.397202873229980469e+01,9.000000000000000000e+00,9.000000000000000000e+00
2.054211378097534180e+00,1.738594627380371094e+01,9.000000000000000000e+00,9.000000000000000000e+00
1.625753641128540039e+00,2.405688667297363281e+01,9.000000000000000000e+00,9.000000000000000000e+00
2.153605222702026367e+00,1.744024276733398438e+01,9.000000000000000000e+00,9.000000000000000000e+00
1.628796100616455078e+00,2.403786087036132812e+01,9.000000000000000000e+00,9.000000000000000000e+00
-2.090101093053817749e-01,1.572870063781738281e+01,9.000000000000000000e+00,9.000000000000000000e+00
1.378628849983215332e+00,1.698150253295898438e+01,9.000000000000000000e+00,9.000000000000000000e+00
3.502430677413940430e+00,1.780775451660156250e+01,9.000000000000000000e+00,9.000000000000000000e+00
1.728616118431091309e+00,2.364100456237792969e+01,9.000000000000000000e+00,9.000000000000000000e+00
4.698870182037353516e+00,1.814985847473144531e+01,9.000000000000000000e+00,9.000000000000000000e+00
-2.804894186556339264e-02,1.589032363891601562e+01,9.000000000000000000e+00,9.000000000000000000e+00
1.591332316398620605e+00,1.711771965026855469e+01,9.000000000000000000e+00,9.000000000000000000e+00
4.407667636871337891e+00,1.808892250061035156e+01,9.000000000000000000e+00,9.000000000000000000e+00
2.623918771743774414e+00,1.763144493103027344e+01,9.000000000000000000e+00,9.000000000000000000e+00
4.268404006958007812e+00,1.806383705139160156e+01,9.000000000000000000e+00,9.000000000000000000e+00
3.080780267715454102e+00,1.770209693908691406e+01,9.000000000000000000e+00,9.000000000000000000e+00
4.689186096191406250e+00,1.814640998840332031e+01,9.000000000000000000e+00,9.000000000000000000e+00
1.863866806030273438e+00,2.287789535522460938e+01,9.000000000000000000e+00,9.000000000000000000e+00
1.294576764106750488e+00,1.691777801513671875e+01,9.000000000000000000e+00,9.000000000000000000e+00
-1.368952840566635132e-01,1.579615020751953125e+01,9.000000000000000000e+00,9.000000000000000000e+00
4.703320980072021484e+00,1.815058326721191406e+01,9.000000000000000000e+00,9.000000000000000000e+00
3.616643190383911133e+00,1.785336875915527344e+01,9.000000000000000000e+00,9.000000000000000000e+00
1.687103509902954102e+00,2.388165283203125000e+01,9.000000000000000000e+00,9.000000000000000000e+00
-4.706126153469085693e-01,1.549995326995849609e+01,9.000000000000000000e+00,9.000000000000000000e+00
4.422811031341552734e+00,1.809240150451660156e+01,9.000000000000000000e+00,9.000000000000000000e+00
1.852227330207824707e+00,2.294104766845703125e+01,9.000000000000000000e+00,9.000000000000000000e+00
1.893320202827453613e+00,2.265289306640625000e+01,9.000000000000000000e+00,9.000000000000000000e+00
1.766447067260742188e+00,2.346183586120605469e+01,9.000000000000000000e+00,9.000000000000000000e+00
3.550461530685424805e+00,1.782682228088378906e+01,9.000000000000000000e+00,9.000000000000000000e+00
1.888434529304504395e+00,2.235202407836914062e+01,9.000000000000000000e+00,9.000000000000000000e+00
3.496597290039062500e+00,1.780840492248535156e+01,9.000000000000000000e+00,9.000000000000000000e+00
4.095031261444091797e+00,1.801097106933593750e+01,9.000000000000000000e+00,9.000000000000000000e+00
1.299870133399963379e+00,1.692654991149902344e+01,9.000000000000000000e+00,9.000000000000000000e+00
1.843224287033081055e+00,2.299576950073242188e+01,9.000000000000000000e+00,9.000000000000000000e+00
-4.204547405242919922e-01,1.554368591308593750e+01,9.000000000000000000e+00,9.000000000000000000e+00
1.768314599990844727e+00,2.345160675048828125e+01,9.000000000000000000e+00,9.000000000000000000e+00
2.199085950851440430e+00,1.746551895141601562e+01,9.000000000000000000e+00,9.000000000000000000e+00
2.204309463500976562e+00,1.746711921691894531e+01,9.000000000000000000e+00,9.000000000000000000e+00
1.268788576126098633e+00,1.690544700622558594e+01,9.000000000000000000e+00,9.000000000000000000e+00
1.296670556068420410e+00,1.692089843750000000e+01,9.000000000000000000e+00,9.000000000000000000e+00
1.095725893974304199e+00,1.678172683715820312e+01,9.000000000000000000e+00,9.000000000000000000e+00
1.885288119316101074e+00,2.271676635742187500e+01,9.000000000000000000e+00,9.000000000000000000e+00
-4.544353485107421875e-01,1.551651000976562500e+01,9.000000000000000000e+00,9.000000000000000000e+00
4.688601016998291016e+00,1.814514732360839844e+01,9.000000000000000000e+00,9.000000000000000000e+00
3.058668851852416992e+00,1.768605232238769531e+01,9.000000000000000000e+00,9.000000000000000000e+00
1.781492352485656738e+00,2.338161087036132812e+01,9.000000000000000000e+00,9.000000000000000000e+00
1.909264206886291504e+00,2.245415878295898438e+01,9.000000000000000000e+00,9.000000000000000000e+00
1.757811784744262695e+00,1.721589469909667969e+01,9.000000000000000000e+00,9.000000000000000000e+00
-1.572230309247970581e-01,1.577708530426025391e+01,9.000000000000000000e+00,9.000000000000000000e+00
-2.552016675472259521e-01,1.568917083740234375e+01,9.000000000000000000e+00,9.000000000000000000e+00
4.039980888366699219e+00,1.799320983886718750e+01,9.000000000000000000e+00,9.000000000000000000e+00
-1.372430175542831421e-01,1.579537010192871094e+01,9.000000000000000000e+00,9.000000000000000000e+00
4.048832893371582031e+00,1.799662590026855469e+01,9.000000000000000000e+00,9.000000000000000000e+00
2.603107213973999023e+00,1.763918113708496094e+01,9.000000000000000000e+00,9.000000000000000000e+00
1.484415411949157715e+00,1.705116653442382812e+01,9.000000000000000000e+00,9.000000000000000000e+00
1.905407905578613281e+00,2.253302764892578125e+01,9.000000000000000000e+00,9.000000000000000000e+00
-8.675123751163482666e-02,1.584126949310302734e+01,9.000000000000000000e+00,9.000000000000000000e+00
4.665256977081298828e+00,1.813771820068359375e+01,9.000000000000000000e+00,9.000000000000000000e+00
-1.703744828701019287e-01,1.576504421234130859e+01,9.000000000000000000e+00,9.000000000000000000e+00
4.675499916076660156e+00,1.813728904724121094e+01,9.000000000000000000e+00,9.000000000000000000e+00
1.990394711494445801e+00,1.735137939453125000e+01,9.000000000000000000e+00,9.000000000000000000e+00
1.907163739204406738e+00,2.247690200805664062e+01,9.000000000000000000e+00,9.000000000000000000e+00
9.277774095535278320e-01,1.665205383300781250e+01,9.000000000000000000e+00,9.000000000000000000e+00
3.616581916809082031e+00,1.785525131225585938e+01,9.000000000000000000e+00,9.000000000000000000e+00
3.996111154556274414e+00,1.797848320007324219e+01,9.000000000000000000e+00,9.000000000000000000e+00
3.096065759658813477e+00,1.770326614379882812e+01,9.000000000000000000e+00,9.000000000000000000e+00
3.517307758331298828e+00,1.781486892700195312e+01,9.000000000000000000e+00,9.000000000000000000e+00
4.298321247100830078e+00,1.806623840332031250e+01,9.000000000000000000e+00,9.000000000000000000e+00
4.705753803253173828e+00,1.815215873718261719e+01,9.000000000000000000e+00,9.000000000000000000e+00
1.319232821464538574e+00,1.694055938720703125e+01,9.000000000000000000e+00,9.000000000000000000e+00
2.263452529907226562e+00,1.749386596679687500e+01,9.000000000000000000e+00,9.000000000000000000e+00
2.960058450698852539e+00,1.768320083618164062e+01,9.000000000000000000e+00,9.000000000000000000e+00
-8.410990983247756958e-02,1.584399223327636719e+01,9.000000000000000000e+00,9.000000000000000000e+00
1.645827293395996094e+01,1.381420421600341797e+01,1.000000000000000000e+01,1.100000000000000000e+01
1.866334342956542969e+01,1.409076786041259766e+01,1.000000000000000000e+01,1.100000000000000000e+01
1.506960868835449219e+01,1.282832527160644531e+01,1.000000000000000000e+01,1.100000000000000000e+01
1.654810523986816406e+01,1.386435699462890625e+01,1.000000000000000000e+01,1.100000000000000000e+01
1.874159431457519531e+01,1.407801151275634766e+01,1.000000000000000000e+01,1.100000000000000000e+01
1.885395812988281250e+01,1.403262138366699219e+01,1.000000000000000000e+01,1.100000000000000000e+01
2.051401901245117188e+01,1.291840171813964844e+01,1.000000000000000000e+01,1.100000000000000000e+01
1.695218658447265625e+01,1.401658535003662109e+01,1.000000000000000000e+01,1.100000000000000000e+01
1.498988246917724609e+01,1.276387214660644531e+01,1.000000000000000000e+01,1.100000000000000000e+01
1.819097900390625000e+01,1.418902301788330078e+01,1.000000000000000000e+01,1.100000000000000000e+01
1.719608688354492188e+01,1.410584926605224609e+01,1.000000000000000000e+01,1.100000000000000000e+01
1.382226467132568359e+01,1.176307773590087891e+01,1.000000000000000000e+01,1.100000000000000000e+01
1.539061355590820312e+01,1.307203578948974609e+01,1.000000000000000000e+01,1.100000000000000000e+01
1.890529632568359375e+01,1.400433731079101562e+01,1.000000000000000000e+01,1.100000000000000000e+01
1.756667137145996094e+01,1.421589279174804688e+01,1.000000000000000000e+01,1.100000000000000000e+01
1.716274833679199219e+01,1.409477615356445312e+01,1.000000000000000000e+01,1.100000000000000000e+01
1.721846199035644531e+01,1.411600589752197266e+01,1.000000000000000000e+01,1.100000000000000000e+01
1.545990562438964844e+01,1.312533378601074219e+01,1.000000000000000000e+01,1.100000000000000000e+01
1.509463214874267578e+01,1.284743881225585938e+01,1.000000000000000000e+01,1.100000000000000000e+01
1.630956840515136719e+01,1.372154331207275391e+01,1.000000000000000000e+01,1.100000000000000000e+01
1.753100776672363281e+01,1.421428871154785156e+01,1.000000000000000000e+01,1.100000000000000000e+01
1.545525741577148438e+01,1.312274169921875000e+01,1.000000000000000000e+01,1.100000000000000000e+01
1.549172878265380859e+01,1.315704727172851562e+01,1.000000000000000000e+01,1.100000000000000000e+01
1.721136856079101562e+01,1.411237049102783203e+01,1.000000000000000000e+01,1.100000000000000000e+01
1.729133224487304688e+01,1.414504146575927734e+01,1.000000000000000000e+01,1.100000000000000000e+01
1.374125766754150391e+01,1.168464660644531250e+01,1.000000000000000000e+01,1.100000000000000000e+01
1.377053737640380859e+01,1.171300411224365234e+01,1.000000000000000000e+01,1.100000000000000000e+01
1.544603252410888672e+01,1.311525440216064453e+01,1.000000000000000000e+01,1.100000000000000000e+01
1.896536254882812500e+01,1.399178695678710938e+01,1.000000000000000000e+01,1.100000000000000000e+01
1.719668769836425781e+01,1.412105274200439453e+01,1.000000000000000000e+01,1.100000000000000000e+01
1.939615631103515625e+01,1.378782176971435547e+01,1.000000000000000000e+01,1.100000000000000000e+01
1.624358940124511719e+01,1.368452835083007812e+01,1.000000000000000000e+01,1.100000000000000000e+01
1.441482353210449219e+01,1.228361606597900391e+01,1.000000000000000000e+01,1.100000000000000000e+01
2.044351768493652344e+01,1.298577499389648438e+01,1.000000000000000000e+01,1.100000000000000000e+01
1.867961883544921875e+01,1.409117984771728516e+01,1.000000000000000000e+01,1.100000000000000000e+01
1.507726192474365234e+01,1.283399391174316406e+01,1.000000000000000000e+01,1.100000000000000000e+01
1.581072044372558594e+01,1.338945388793945312e+01,1.000000000000000000e+01,1.100000000000000000e+01
1.880736351013183594e+01,1.405026245117187500e+01,1.000000000000000000e+01,1.100000000000000000e+01
1.594281578063964844e+01,1.348740005493164062e+01,1.000000000000000000e+01,1.100000000000000000e+01
1.819379615783691406e+01,1.419020366668701172e+01,1.000000000000000000e+01,1.100000000000000000e+01
1.385321807861328125e+01,1.179356956481933594e+01,1.000000000000000000e+01,1.100000000000000000e+01
1.374691200256347656e+01,1.168947029113769531e+01,1.000000000000000000e+01,1.100000000000000000e+01
1.972993087768554688e+01,1.354866790771484375e+01,1.000000000000000000e+01,1.100000000000000000e+01
1.628207206726074219e+01,1.370837974548339844e+01,1.000000000000000000e+01,1.100000000000000000e+01
1.388650798797607422e+01,1.182512283325195312e+01,1.000000000000000000e+01,1.100000000000000000e+01
1.521860790252685547e+01,1.294165897369384766e+01,1.000000000000000000e+01,1.100000000000000000e+01
1.548036670684814453e+01,1.314924716949462891e+01,1.000000000000000000e+01,1.100000000000000000e+01
1.934458351135253906e+01,1.382871246337890625e+01,1.000000000000000000e+01,1.100000000000000000e+01
2.052025032043457031e+01,1.291279506683349609e+01,1.000000000000000000e+01,1.100000000000000000e+01
2.051129531860351562e+01,1.292108154296875000e+01,1.000000000000000000e+01,1.100000000000000000e+01
1.694500160217285156e+01,1.401468276977539062e+01,1.000000000000000000e+01,1.100000000000000000e+01
1.589266014099121094e+01,1.345036220550537109e+01,1.000000000000000000e+01,1.100000000000000000e+01
1.862533378601074219e+01,1.409707164764404297e+01,1.000000000000000000e+01,1.100000000000000000e+01
1.380875682830810547e+01,1.175013351440429688e+01,1.000000000000000000e+01,1.100000000000000000e+01
2.054389762878417969e+01,1.288350105285644531e+01,1.000000000000000000e+01,1.100000000000000000e+01
1.401695919036865234e+01,1.194190883636474609e+01,1.000000000000000000e+01,1.100000000000000000e+01
1.703644943237304688e+01,1.402683734893798828e+01,1.000000000000000000e+01,1.100000000000000000e+01
1.373694229125976562e+01,1.168025016784667969e+01,1.000000000000000000e+01,1.100000000000000000e+01
1.558909988403320312e+01,1.322846317291259766e+01,1.000000000000000000e+01,1.100000000000000000e+01
1.544168472290039062e+01,1.311283206939697266e+01,1.000000000000000000e+01,1.100000000000000000e+01
1.922429847717285156e+01,1.388037109375000000e+01,1.000000000000000000e+01,1.100000000000000000e+01
1.899462699890136719e+01,1.397954940795898438e+01,1.000000000000000000e+01,1.100000000000000000e+01
1.913609123229980469e+01,1.392054748535156250e+01,1.000000000000000000e+01,1.100000000000000000e+01
1.961182594299316406e+01,1.363645076751708984e+01,1.000000000000000000e+01,1.100000000000000000e+01
1.376672935485839844e+01,1.170854091644287109e+01,1.000000000000000000e+01,1.100000000000000000e+01
1.709893226623535156e+01,1.406966972351074219e+01,1.000000000000000000e+01,1.100000000000000000e+01
1.388792324066162109e+01,1.182297515869140625e+01,1.000000000000000000e+01,1.100000000000000000e+01
1.974571418762207031e+01,1.353908634185791016e+01,1.000000000000000000e+01,1.100000000000000000e+01
1.687992668151855469e+01,1.399385166168212891e+01,1.000000000000000000e+01,1.100000000000000000e+01
1.456637573242187500e+01,1.241855907440185547e+01,1.000000000000000000e+01,1.100000000000000000e+01
1.902263832092285156e+01,1.396146583557128906e+01,1.000000000000000000e+01,1.100000000000000000e+01
2.051490783691406250e+01,1.291832542419433594e+01,1.000000000000000000e+01,1.100000000000000000e+01
1.657211494445800781e+01,1.388351345062255859e+01,1.000000000000000000e+01,1.100000000000000000e+01
2.053058052062988281e+01,1.290232849121093750e+01,1.000000000000000000e+01,1.100000000000000000e+01
1.738341712951660156e+01,1.417685699462890625e+01,1.000000000000000000e+01,1.100000000000000000e+01
1.720698356628417969e+01,1.411219787597656250e+01,1.000000000000000000e+01,1.100000000000000000e+01
1.682767677307128906e+01,1.397571277618408203e+01,1.000000000000000000e+01,1.100000000000000000e+01
1.979120445251464844e+01,1.350082302093505859e+01,1.000000000000000000e+01,1.100000000000000000e+01
1.972936439514160156e+01,1.355490398406982422e+01,1.000000000000000000e+01,1.100000000000000000e+01
1.441858386993408203e+01,1.228886413574218750e+01,1.000000000000000000e+01,1.100000000000000000e+01
1.744645309448242188e+01,1.419866466522216797e+01,1.000000000000000000e+01,1.100000000000000000e+01
2.050011062622070312e+01,1.293259143829345703e+01,1.000000000000000000e+01,1.100000000000000000e+01
-3.962122917175292969e+00,-3.745001554489135742e+00,1.000000000000000000e+01,1.300000000000000000e+01
1.452475929260253906e+01,1.238049697875976562e+01,1.000000000000000000e+01,1.100000000000000000e+01
1.526362895965576172e+01,1.297680568695068359e+01,1.000000000000000000e+01,1.100000000000000000e+01
1.724242210388183594e+01,1.413623046875000000e+01,1.000000000000000000e+01,1.100000000000000000e+01
1.972191810607910156e+01,1.356239318847656250e+01,1.000000000000000000e+01,1.100000000000000000e+01
1.737994384765625000e+01,1.418237590789794922e+01,1.000000000000000000e+01,1.100000000000000000e+01
1.793289566040039062e+01,1.420747184753417969e+01,1.000000000000000000e+01,1.100000000000000000e+01
1.657514762878417969e+01,1.387725543975830078e+01,1.000000000000000000e+01,1.100000000000000000e+01
1.627104568481445312e+01,1.370088291168212891e+01,1.000000000000000000e+01,1.100000000000000000e+01
1.750371170043945312e+01,1.421015644073486328e+01,1.000000000000000000e+01,1.100000000000000000e+01
1.734738349914550781e+01,1.416684627532958984e+01,1.000000000000000000e+01,1.100000000000000000e+01
1.898318672180175781e+01,1.398537445068359375e+01,1.000000000000000000e+01,1.100000000000000000e+01
1.714483070373535156e+01,1.408721923828125000e+01,1.000000000000000000e+01,1.100000000000000000e+01
1.609670257568359375e+01,1.359810352325439453e+01,1.000000000000000000e+01,1.100000000000000000e+01
1.933936500549316406e+01,1.382554531097412109e+01,1.000000000000000000e+01,1.100000000000000000e+01
1.396131896972656250e+01,1.189222526550292969e+01,1.000000000000000000e+01,1.100000000000000000e+01
1.383515071868896484e+01,1.177585983276367188e+01,1.000000000000000000e+01,1.100000000000000000e+01
1.435766601562500000e+01,1.223297309875488281e+01,1.000000000000000000e+01,1.100000000000000000e+01
1.817708015441894531e+01,1.419203186035156250e+01,1.000000000000000000e+01,1.100000000000000000e+01
1.378165817260742188e+01,1.172416305541992188e+01,1.000000000000000000e+01,1.100000000000000000e+01
1.681653976440429688e+01,1.397254276275634766e+01,1.000000000000000000e+01,1.100000000000000000e+01
1.723275756835937500e+01,1.411708450317382812e+01,1.000000000000000000e+01,1.100000000000000000e+01
1.503223800659179688e+01,1.279868698120117188e+01,1.000000000000000000e+01,1.100000000000000000e+01
1.378608989715576172e+01,1.172718524932861328e+01,1.000000000000000000e+01,1.100000000000000000e+01
2.046160125732421875e+01,1.296904277801513672e+01,1.000000000000000000e+01,1.100000000000000000e+01
1.978396797180175781e+01,1.350667762756347656e+01,1.000000000000000000e+01,1.100000000000000000e+01
1.650736999511718750e+01,1.383659839630126953e+01,1.000000000000000000e+01,1.100000000000000000e+01
1.717127227783203125e+01,1.409655761718750000e+01,1.000000000000000000e+01,1.100000000000000000e+01
1.635473823547363281e+01,1.375186443328857422e+01,1.000000000000000000e+01,1.100000000000000000e+01
1.580993938446044922e+01,1.338476276397705078e+01,1.000000000000000000e+01,1.100000000000000000e+01
1.618107986450195312e+01,1.364649295806884766e+01,1.000000000000000000e+01,1.100000000000000000e+01
1.461359977722167969e+01,1.245492362976074219e+01,1.000000000000000000e+01,1.100000000000000000e+01
1.491871356964111328e+01,1.270715713500976562e+01,1.000000000000000000e+01,1.100000000000000000e+01
1.377659511566162109e+01,1.171853160858154297e+01,1.000000000000000000e+01,1.100000000000000000e+01
2.043834304809570312e+01,1.298952198028564453e+01,1.000000000000000000e+01,1.100000000000000000e+01
1.555057907104492188e+01,1.320063114166259766e+01,1.000000000000000000e+01,1.100000000000000000e+01
2.051927947998046875e+01,1.291437625885009766e+01,1.000000000000000000e+01,1.100000000000000000e+01
1.717247009277343750e+01,1.409799194335937500e+01,1.000000000000000000e+01,1.100000000000000000e+01
1.394316482543945312e+01,1.187672996520996094e+01,1.000000000000000000e+01,1.100000000000000000e+01
1.679011344909667969e+01,1.396557903289794922e+01,1.000000000000000000e+01,1.100000000000000000e+01
2.051691627502441406e+01,1.291605758666992188e+01,1.000000000000000000e+01,1.100000000000000000e+01
1.762640571594238281e+01,1.421147918701171875e+01,1.000000000000000000e+01,1.100000000000000000e+01
1.387162685394287109e+01,1.180972290039062500e+01,1.000000000000000000e+01,1.100000000000000000e+01
1.883971214294433594e+01,1.403795814514160156e+01,1.000000000000000000e+01,1.100000000000000000e+01
1.937190818786621094e+01,1.380719470977783203e+01,1.000000000000000000e+01,1.100000000000000000e+01
1.374938774108886719e+01,1.169204521179199219e+01,1.000000000000000000e+01,1.100000000000000000e+01
1.543731594085693359e+01,1.310924339294433594e+01,1.000000000000000000e+01,1.100000000000000000e+01
2.045231246948242188e+01,1.297560119628906250e+01,1.000000000000000000e+01,1.100000000000000000e+01
1.978348922729492188e+01,1.350969886779785156e+01,1.000000000000000000e+01,1.100000000000000000e+01
1.664350128173828125e+01,1.390301609039306641e+01,1.000000000000000000e+01,1.100000000000000000e+01
1.371600723266601562e+01,1.166086673736572266e+01,1.000000000000000000e+01,1.100000000000000000e+01
1.667906951904296875e+01,1.392161464691162109e+01,1.000000000000000000e+01,1.100000000000000000e+01
1.739144325256347656e+01,1.418279647827148438e+01,1.000000000000000000e+01,1.100000000000000000e+01
2.048517417907714844e+01,1.294689559936523438e+01,1.000000000000000000e+01,1.100000000000000000e+01
1.660499000549316406e+01,1.388218975067138672e+01,1.000000000000000000e+01,1.100000000000000000e+01
1.664721107482910156e+01,1.390921020507812500e+01,1.000000000000000000e+01,1.100000000000000000e+01
1.377766323089599609e+01,1.171891593933105469e+01,1.000000000000000000e+01,1.100000000000000000e+01
1.385946846008300781e+01,1.179870414733886719e+01,1.000000000000000000e+01,1.100000000000000000e+01
1.627724838256835938e+01,1.370523357391357422e+01,1.000000000000000000e+01,1.100000000000000000e+01
1.938189506530761719e+01,1.380097484588623047e+01,1.000000000000000000e+01,1.100000000000000000e+01
1.821632575988769531e+01,1.418794631958007812e+01,1.000000000000000000e+01,1.100000000000000000e+01
1.742951011657714844e+01,1.421305561065673828e+01,1.000000000000000000e+01,1.100000000000000000e+01
1.863021087646484375e+01,1.409636878967285156e+01,1.000000000000000000e+01,1.100000000000000000e+01
1.454764461517333984e+01,1.240013313293457031e+01,1.000000000000000000e+01,1.100000000000000000e+01
1.469445991516113281e+01,1.252230548858642578e+01,1.000000000000000000e+01,1.100000000000000000e+01
1.589023208618164062e+01,1.344856357574462891e+01,1.000000000000000000e+01,1.100000000000000000e+01
1.858707618713378906e+01,1.410589122772216797e+01,1.000000000000000000e+01,1.100000000000000000e+01
1.945448684692382812e+01,1.374725723266601562e+01,1.000000000000000000e+01,1.100000000000000000e+01
1.498144435882568359e+01,1.275807476043701172e+01,1.000000000000000000e+01,1.100000000000000000e+01
2.050884056091308594e+01,1.292441177368164062e+01,1.000000000000000000e+01,1.100000000000000000e+01
2.043226242065429688e+01,1.299738025665283203e+01,1.000000000000000000e+01,1.100000000000000000e+01
1.604992675781250000e+01,1.357712268829345703e+01,1.000000000000000000e+01,1.100000000000000000e+01
1.457831859588623047e+01,1.242535400390625000e+01,1.000000000000000000e+01,1.100000000000000000e+01
1.378898906707763672e+01,1.173084640502929688e+01,1.000000000000000000e+01,1.100000000000000000e+01
1.756521797180175781e+01,1.423864364624023438e+01,1.000000000000000000e+01,1.100000000000000000e+01
1.381901836395263672e+01,1.175994110107421875e+01,1.000000000000000000e+01,1.100000000000000000e+01
1.544107437133789062e+01,1.311345291137695312e+01,1.000000000000000000e+01,1.100000000000000000e+01
1.700383186340332031e+01,1.402771759033203125e+01,1.000000000000000000e+01,1.100000000000000000e+01
1.454138278961181641e+01,1.239494991302490234e+01,1.000000000000000000e+01,1.100000000000000000e+01
1.371459102630615234e+01,1.165854930877685547e+01,1.000000000000000000e+01,1.100000000000000000e+01
1.885914993286132812e+01,1.402469158172607422e+01,1.000000000000000000e+01,1.100000000000000000e+01
1.614366531372070312e+01,1.363075637817382812e+01,1.000000000000000000e+01,1.100000000000000000e+01
1.503285789489746094e+01,1.279960918426513672e+01,1.000000000000000000e+01,1.100000000000000000e+01
1.459686851501464844e+01,1.244124126434326172e+01,1.000000000000000000e+01,1.100000000000000000e+01
1.982898712158203125e+01,1.347454261779785156e+01,1.000000000000000000e+01,1.100000000000000000e+01
1.819244575500488281e+01,1.418999195098876953e+01,1.000000000000000000e+01,1.100000000000000000e+01
1.378890800476074219e+01,1.173099613189697266e+01,1.000000000000000000e+01,1.100000000000000000e+01
2.047532844543457031e+01,1.295731544494628906e+01,1.000000000000000000e+01,1.100000000000000000e+01
1.450566959381103516e+01,1.236493301391601562e+01,1.000000000000000000e+01,1.100000000000000000e+01
1.651256752014160156e+01,1.385068416595458984e+01,1.000000000000000000e+01,1.100000000000000000e+01
1.659633255004882812e+01,1.388339233398437500e+01,1.000000000000000000e+01,1.100000000000000000e+01
1.944266510009765625e+01,1.376136016845703125e+01,1.000000000000000000e+01,1.100000000000000000e+01
1.731224632263183594e+01,1.416765499114990234e+01,1.000000000000000000e+01,1.100000000000000000e+01
1.654960441589355469e+01,1.385400581359863281e+01,1.000000000000000000e+01,1.100000000000000000e+01
1.976647949218750000e+01,1.352313709259033203e+01,1.000000000000000000e+01,1.100000000000000000e+01
2.044277954101562500e+01,1.298470973968505859e+01,1.000000000000000000e+01,1.100000000000000000e+01
1.700335502624511719e+01,1.403045368194580078e+01,1.000000000000000000e+01,1.100000000000000000e+01
1.970853042602539062e+01,1.357186031341552734e+01,1.000000000000000000e+01,1.100000000000000000e+01
1.938594627380371094e+01,1.380023860931396484e+01,1.000000000000000000e+01,1.100000000000000000e+01
1.703519821166992188e+01,1.404011821746826172e+01,1.000000000000000000e+01,1.100000000000000000e+01
1.501820373535156250e+01,1.278758144378662109e+01,1.000000000000000000e+01,1.100000000000000000e+01
1.585958671569824219e+01,1.343340396881103516e+01,1.000000000000000000e+01,1.100000000000000000e+01
1.750464057922363281e+01,1.421104717254638672e+01,1.000000000000000000e+01,1.100000000000000000e+01
1.396485710144042969e+01,1.189623641967773438e+01,1.000000000000000000e+01,1.100000000000000000e+01
1.647639846801757812e+01,1.382573223114013672e+01,1.000000000000000000e+01,1.100000000000000000e+01
1.399480247497558594e+01,1.192306137084960938e+01,1.000000000000000000e+01,1.100000000000000000e+01
1.575861740112304688e+01,1.335138511657714844e+01,1.000000000000000000e+01,1.100000000000000000e+01
1.493145847320556641e+01,1.271746158599853516e+01,1.000000000000000000e+01,1.100000000000000000e+01
1.648616600036621094e+01,1.382625961303710938e+01,1.000000000000000000e+01,1.100000000000000000e+01
1.602635383605957031e+01,1.354519844055175781e+01,1.000000000000000000e+01,1.100000000000000000e+01
1.850983810424804688e+01,1.412550067901611328e+01,1.000000000000000000e+01,1.100000000000000000e+01
1.972698593139648438e+01,1.355401611328125000e+01,1.000000000000000000e+01,1.100000000000000000e+01
1.488890457153320312e+01,1.268258571624755859e+01,1.000000000000000000e+01,1.100000000000000000e+01
2.049973678588867188e+01,1.293502330780029297e+01,1.000000000000000000e+01,1.100000000000000000e+01
1.448116111755371094e+01,1.234088611602783203e+01,1.000000000000000000e+01,1.100000000000000000e+01
1.384492301940917969e+01,1.178542423248291016e+01,1.000000000000000000e+01,1.100000000000000000e+01
1.586465549468994141e+01,1.342875289916992188e+01,1.000000000000000000e+01,1.100000000000000000e+01
1.544819641113281250e+01,1.311760234832763672e+01,1.000000000000000000e+01,1.100000000000000000e+01
1.933251571655273438e+01,1.383610057830810547e+01,1.000000000000000000e+01,1.100000000000000000e+01
1.915975570678710938e+01,1.391237926483154297e+01,1.000000000000000000e+01,1.100000000000000000e+01
1.656503486633300781e+01,1.387151527404785156e+01,1.000000000000000000e+01,1.100000000000000000e+01
1.414610576629638672e+01,1.205692672729492188e+01,1.000000000000000000e+01,1.100000000000000000e+01
2.050905227661132812e+01,1.292462921142578125e+01,1.000000000000000000e+01,1.100000000000000000e+01
1.920458984375000000e+01,1.389856719970703125e+01,1.000000000000000000e+01,1.100000000000000000e+01
2.054257583618164062e+01,1.288986587524414062e+01,1.000000000000000000e+01,1.100000000000000000e+01
1.891380882263183594e+01,1.401147174835205078e+01,1.000000000000000000e+01,1.100000000000000000e+01
1.449978542327880859e+01,1.235956668853759766e+01,1.000000000000000000e+01,1.100000000000000000e+01
1.810619544982910156e+01,1.420009326934814453e+01,1.000000000000000000e+01,1.100000000000000000e+01
1.380316615104675293e+00,-2.794689893722534180e+00,1.100000000000000000e+01,1.200000000000000000e+01
3.951702117919921875e+00,-6.262483119964599609e+00,1.100000000000000000e+01,1.200000000000000000e+01
3.543326377868652344e+00,-6.054835796356201172e+00,1.100000000000000000e+01,1.200000000000000000e+01
1.030043125152587891e+00,-1.987619996070861816e+00,1.100000000000000000e+01,1.200000000000000000e+01
1.086916804313659668e+00,-2.057034730911254883e+00,1.100000000000000000e+01,1.200000000000000000e+01
3.149921894073486328e+00,-5.826577186584472656e+00,1.100000000000000000e+01,1.200000000000000000e+01
2.860439538955688477e+00,-5.628152847290039062e+00,1.100000000000000000e+01,1.200000000000000000e+01
3.680873870849609375e+00,-6.103736400604248047e+00,1.100000000000000000e+01,1.200000000000000000e+01
3.967467069625854492e+00,-6.161783695220947266e+00,1.100000000000000000e+01,1.200000000000000000e+01
4.657464504241943359e+00,-6.196826457977294922e+00,1.100000000000000000e+01,1.200000000000000000e+01
1.306166839599609375e+01,2.006682157516479492e+00,1.100000000000000000e+01,1.000000000000000000e+01
4.472948074340820312e+00,-6.241405487060546875e+00,1.100000000000000000e+01,1.200000000000000000e+01
4.932931900024414062e+00,-6.070153236389160156e+00,1.100000000000000000e+01,1.200000000000000000e+01
1.242933511734008789e+00,-2.463528156280517578e+00,1.100000000000000000e+01,1.200000000000000000e+01
3.056049823760986328e+00,-5.779299736022949219e+00,1.100000000000000000e+01,1.200000000000000000e+01
1.049264073371887207e+00,-2.025047540664672852e+00,1.100000000000000000e+01,1.200000000000000000e+01
-1.965259552001953125e+00,-3.196901798248291016e+00,1.100000000000000000e+01,1.200000000000000000e+01
1.496393203735351562e+00,-3.148396730422973633e+00,1.100000000000000000e+01,1.200000000000000000e+01
1.103666067123413086e+00,-2.063306808471679688e+00,1.100000000000000000e+01,1.200000000000000000e+01
3.565912485122680664e+00,-6.062458038330078125e+00,1.100000000000000000e+01,1.200000000000000000e+01
4.821130752563476562e+00,-6.120090007781982422e+00,1.100000000000000000e+01,1.200000000000000000e+01
2.980532884597778320e+00,-5.719238281250000000e+00,1.100000000000000000e+01,1.200000000000000000e+01
4.942357540130615234e+00,-6.062847614288330078e+00,1.100000000000000000e+01,1.200000000000000000e+01
1.306726264953613281e+01,1.999612331390380859e+00,1.100000000000000000e+01,1.000000000000000000e+01
-2.043230772018432617e+00,-3.243720293045043945e+00,1.100000000000000000e+01,1.200000000000000000e+01
-1.943785309791564941e+00,-3.175053834915161133e+00,1.100000000000000000e+01,1.200000000000000000e+01
3.391667366027832031e+00,-5.977250099182128906e+00,1.100000000000000000e+01,1.200000000000000000e+01
-1.952027916908264160e+00,-3.189670085906982422e+00,1.100000000000000000e+01,1.200000000000000000e+01
1.049376964569091797e+00,-2.009407281875610352e+00,1.100000000000000000e+01,1.200000000000000000e+01
1.446420192718505859e+00,-3.035139322280883789e+00,1.100000000000000000e+01,1.200000000000000000e+01
4.597570896148681641e+00,-6.203290939331054688e+00,1.100000000000000000e+01,1.200000000000000000e+01
3.679395437240600586e+00,-6.131999015808105469e+00,1.100000000000000000e+01,1.200000000000000000e+01
1.124731183052062988e+00,-2.132567405700683594e+00,1.100000000000000000e+01,1.200000000000000000e+01
-1.974859714508056641e+00,-3.213203907012939453e+00,1.100000000000000000e+01,1.200000000000000000e+01
3.608448982238769531e+00,-6.109328746795654297e+00,1.100000000000000000e+01,1.200000000000000000e+01
4.626655101776123047e+00,-6.165142059326171875e+00,1.100000000000000000e+01,1.200000000000000000e+01
2.858791351318359375e+00,-5.627072811126708984e+00,1.100000000000000000e+01,1.200000000000000000e+01
3.920681238174438477e+00,-6.234897613525390625e+00,1.100000000000000000e+01,1.200000000000000000e+01
-1.974567174911499023e+00,-3.213014602661132812e+00,1.100000000000000000e+01,1.200000000000000000e+01
4.937458038330078125e+00,-6.068614959716796875e+00,1.100000000000000000e+01,1.200000000000000000e+01
4.729146480560302734e+00,-6.174757003784179688e+00,1.100000000000000000e+01,1.200000000000000000e+01
2.943635225296020508e+00,-5.691565513610839844e+00,1.100000000000000000e+01,1.200000000000000000e+01
1.312496900558471680e+00,-2.617882013320922852e+00,1.100000000000000000e+01,1.200000000000000000e+01
3.149101257324218750e+00,-5.831532001495361328e+00,1.100000000000000000e+01,1.200000000000000000e+01
1.173676013946533203e+00,-2.204879283905029297e+00,1.100000000000000000e+01,1.200000000000000000e+01
2.389765977859497070e+00,-5.181646347045898438e+00,1.100000000000000000e+01,1.200000000000000000e+01
2.829550504684448242e+00,-5.599793434143066406e+00,1.100000000000000000e+01,1.200000000000000000e+01
4.844457626342773438e+00,-6.129354000091552734e+00,1.100000000000000000e+01,1.200000000000000000e+01
4.624123573303222656e+00,-6.229958057403564453e+00,1.100000000000000000e+01,1.200000000000000000e+01
1.305538654327392578e+01,2.013572692871093750e+00,1.100000000000000000e+01,1.000000000000000000e+01
2.383347511291503906e+00,-5.173929691314697266e+00,1.100000000000000000e+01,1.200000000000000000e+01
4.935730934143066406e+00,-6.069319248199462891e+00,1.100000000000000000e+01,1.200000000000000000e+01
1.304975986480712891e+00,-2.614917516708374023e+00,1.100000000000000000e+01,1.200000000000000000e+01
3.945841550827026367e+00,-6.255985260009765625e+00,1.100000000000000000e+01,1.200000000000000000e+01
1.235189557075500488e+00,-2.379424571990966797e+00,1.100000000000000000e+01,1.200000000000000000e+01
4.930525302886962891e+00,-6.066276550292968750e+00,1.100000000000000000e+01,1.200000000000000000e+01
-2.017137527465820312e+00,-3.223343849182128906e+00,1.100000000000000000e+01,1.200000000000000000e+01
-1.947967410087585449e+00,-3.182464122772216797e+00,1.100000000000000000e+01,1.200000000000000000e+01
4.683680534362792969e+00,-6.229334354400634766e+00,1.100000000000000000e+01,1.200000000000000000e+01
4.923852920532226562e+00,-6.092350006103515625e+00,1.100000000000000000e+01,1.200000000000000000e+01
1.425746083259582520e+00,-2.978046417236328125e+00,1.100000000000000000e+01,1.200000000000000000e+01
-1.978599786758422852e+00,-3.211361169815063477e+00,1.100000000000000000e+01,1.200000000000000000e+01
1.086985588073730469e+00,-2.057282209396362305e+00,1.100000000000000000e+01,1.200000000000000000e+01
1.253357410430908203e+00,-2.471009731292724609e+00,1.100000000000000000e+01,1.200000000000000000e+01
4.715466022491455078e+00,-6.196236133575439453e+00,1.100000000000000000e+01,1.200000000000000000e+01
1.051183223724365234e+00,-2.014014959335327148e+00,1.100000000000000000e+01,1.200000000000000000e+01
1.210042953491210938e+00,-2.314020156860351562e+00,1.100000000000000000e+01,1.200000000000000000e+01
4.087483406066894531e+00,-6.294505119323730469e+00,1.100000000000000000e+01,1.200000000000000000e+01
2.394912004470825195e+00,-5.190991401672363281e+00,1.100000000000000000e+01,1.200000000000000000e+01
4.655447959899902344e+00,-6.163030147552490234e+00,1.100000000000000000e+01,1.200000000000000000e+01
1.104273319244384766e+00,-2.081250190734863281e+00,1.100000000000000000e+01,1.200000000000000000e+01
3.986090898513793945e+00,-6.272515773773193359e+00,1.100000000000000000e+01,1.200000000000000000e+01
1.003441333770751953e+00,-2.002099037170410156e+00,1.100000000000000000e+01,1.200000000000000000e+01
3.572690010070800781e+00,-6.083565235137939453e+00,1.100000000000000000e+01,1.200000000000000000e+01
4.857325077056884766e+00,-6.110852241516113281e+00,1.100000000000000000e+01,1.200000000000000000e+01
1.307199287414550781e+01,1.995544433593750000e+00,1.100000000000000000e+01,1.000000000000000000e+01
4.863667964935302734e+00,-6.131698131561279297e+00,1.100000000000000000e+01,1.200000000000000000e+01
1.530482530593872070e+00,-3.223520994186401367e+00,1.100000000000000000e+01,1.200000000000000000e+01
4.911555290222167969e+00,-6.081660747528076172e+00,1.100000000000000000e+01,1.200000000000000000e+01
1.046281337738037109e+00,-2.012172937393188477e+00,1.100000000000000000e+01,1.200000000000000000e+01
2.885968208312988281e+00,-5.638878345489501953e+00,1.100000000000000000e+01,1.200000000000000000e+01
1.073081254959106445e+00,-2.038566112518310547e+00,1.100000000000000000e+01,1.200000000000000000e+01
3.725249528884887695e+00,-6.152435779571533203e+00,1.100000000000000000e+01,1.200000000000000000e+01
4.980193138122558594e+00,-6.077708721160888672e+00,1.100000000000000000e+01,1.200000000000000000e+01
4.010900497436523438e+00,-6.281487464904785156e+00,1.100000000000000000e+01,1.200000000000000000e+01
2.819025516510009766e+00,-5.592706203460693359e+00,1.100000000000000000e+01,1.200000000000000000e+01
-1.979805111885070801e+00,-3.215125560760498047e+00,1.100000000000000000e+01,1.200000000000000000e+01
2.826127052307128906e+00,-5.600521087646484375e+00,1.100000000000000000e+01,1.200000000000000000e+01
3.559665203094482422e+00,-6.061651229858398438e+00,1.100000000000000000e+01,1.200000000000000000e+01
1.325641393661499023e+00,-2.666749000549316406e+00,1.100000000000000000e+01,1.200000000000000000e+01
1.531524062156677246e+00,-3.223482608795166016e+00,1.100000000000000000e+01,1.200000000000000000e+01
1.405411720275878906e+00,-2.940567016601562500e+00,1.100000000000000000e+01,1.200000000000000000e+01
1.529833912849426270e+00,-3.219744682312011719e+00,1.100000000000000000e+01,1.200000000000000000e+01
1.305460929870605469e+01,2.016733169555664062e+00,1.100000000000000000e+01,1.000000000000000000e+01
2.395364046096801758e+00,-5.190951347351074219e+00,1.100000000000000000e+01,1.200000000000000000e+01
2.386608600616455078e+00,-5.181384086608886719e+00,1.100000000000000000e+01,1.200000000000000000e+01
1.273506283760070801e+00,-2.528716802597045898e+00,1.100000000000000000e+01,1.200000000000000000e+01
4.037948131561279297e+00,-6.260812759399414062e+00,1.100000000000000000e+01,1.200000000000000000e+01
4.616179943084716797e+00,-6.215912342071533203e+00,1.100000000000000000e+01,1.200000000000000000e+01
4.614824771881103516e+00,-6.248048305511474609e+00,1.100000000000000000e+01,1.200000000000000000e+01
2.370439767837524414e+00,-5.166205406188964844e+00,1.100000000000000000e+01,1.200000000000000000e+01
4.652698040008544922e+00,-6.174397468566894531e+00,1.100000000000000000e+01,1.200000000000000000e+01
1.155140161514282227e+00,-2.169387817382812500e+00,1.100000000000000000e+01,1.200000000000000000e+01
-2.010426998138427734e+00,-3.244005441665649414e+00,1.100000000000000000e+01,1.200000000000000000e+01
4.662183284759521484e+00,-6.170648574829101562e+00,1.100000000000000000e+01,1.200000000000000000e+01
2.863153934478759766e+00,-5.631461143493652344e+00,1.100000000000000000e+01,1.200000000000000000e+01
1.516472816467285156e+00,-3.187647819519042969e+00,1.100000000000000000e+01,1.200000000000000000e+01
-1.978334426879882812e+00,-3.207942485809326172e+00,1.100000000000000000e+01,1.200000000000000000e+01
4.728242874145507812e+00,-6.182418346405029297e+00,1.100000000000000000e+01,1.200000000000000000e+01
1.051734685897827148e+00,-2.025194168090820312e+00,1.100000000000000000e+01,1.200000000000000000e+01
3.509574413299560547e+00,-6.039248466491699219e+00,1.100000000000000000e+01,1.200000000000000000e+01
1.380613565444946289e+00,-2.819714784622192383e+00,1.100000000000000000e+01,1.200000000000000000e+01
2.400021553039550781e+00,-5.190584659576416016e+00,1.100000000000000000e+01,1.200000000000000000e+01
4.937843799591064453e+00,-6.066756248474121094e+00,1.100000000000000000e+01,1.200000000000000000e+01
3.966437339782714844e+00,-6.260327816009521484e+00,1.100000000000000000e+01,1.200000000000000000e+01
1.305114078521728516e+01,2.021232128143310547e+00,1.100000000000000000e+01,1.000000000000000000e+01
1.226835608482360840e+00,-2.332291126251220703e+00,1.100000000000000000e+01,1.200000000000000000e+01
4.744605064392089844e+00,-6.172349929809570312e+00,1.100000000000000000e+01,1.200000000000000000e+01
1.193554401397705078e+00,-2.237131595611572266e+00,1.100000000000000000e+01,1.200000000000000000e+01
3.371674299240112305e+00,-5.967588901519775391e+00,1.100000000000000000e+01,1.200000000000000000e+01
-1.969753742218017578e+00,-3.239183187484741211e+00,1.100000000000000000e+01,1.200000000000000000e+01
1.050325870513916016e+00,-2.006321907043457031e+00,1.100000000000000000e+01,1.200000000000000000e+01
2.431509733200073242e+00,-5.227605819702148438e+00,1.100000000000000000e+01,1.200000000000000000e+01
3.012299060821533203e+00,-5.742675304412841797e+00,1.100000000000000000e+01,1.200000000000000000e+01
3.458214759826660156e+00,-6.016333103179931641e+00,1.100000000000000000e+01,1.200000000000000000e+01
-1.931249856948852539e+00,-3.170836448669433594e+00,1.100000000000000000e+01,1.200000000000000000e+01
-2.045167684555053711e+00,-3.245219707489013672e+00,1.100000000000000000e+01,1.200000000000000000e+01
2.974911212921142578e+00,-5.708997249603271484e+00,1.100000000000000000e+01,1.200000000000000000e+01
3.325542449951171875e+00,-5.926727294921875000e+00,1.100000000000000000e+01,1.200000000000000000e+01
3.564568996429443359e+00,-6.068614006042480469e+00,1.100000000000000000e+01,1.200000000000000000e+01
3.438666343688964844e+00,-6.005312919616699219e+00,1.100000000000000000e+01,1.200000000000000000e+01
1.305814552307128906e+01,2.013500213623046875e+00,1.100000000000000000e+01,1.000000000000000000e+01
1.297126293182373047e+00,-2.585618495941162109e+00,1.100000000000000000e+01,1.200000000000000000e+01
1.058602809906005859e+00,-2.023286342620849609e+00,1.100000000000000000e+01,1.200000000000000000e+01
1.294818401336669922e+00,-2.575952768325805664e+00,1.100000000000000000e+01,1.200000000000000000e+01
1.050493001937866211e+00,-2.015364646911621094e+00,1.100000000000000000e+01,1.200000000000000000e+01
1.306064224243164062e+01,2.009698152542114258e+00,1.100000000000000000e+01,1.000000000000000000e+01
4.628629207611083984e+00,-6.242084980010986328e+00,1.100000000000000000e+01,1.200000000000000000e+01
2.460165023803710938e+00,-5.254382610321044922e+00,1.100000000000000000e+01,1.200000000000000000e+01
2.799356698989868164e+00,-5.572332382202148438e+00,1.100000000000000000e+01,1.200000000000000000e+01
-1.944069266319274902e+00,-3.176513433456420898e+00,1.100000000000000000e+01,1.200000000000000000e+01
1.068318605422973633e+00,-2.037942886352539062e+00,1.100000000000000000e+01,1.200000000000000000e+01
3.816915988922119141e+00,-6.193162918090820312e+00,1.100000000000000000e+01,1.200000000000000000e+01
-1.974737524986267090e+00,-3.208639383316040039e+00,1.100000000000000000e+01,1.200000000000000000e+01
1.405650258064270020e+00,-2.940962553024291992e+00,1.100000000000000000e+01,1.200000000000000000e+01
1.032883167266845703e+00,-1.990061402320861816e+00,1.100000000000000000e+01,1.200000000000000000e+01
1.549963831901550293e+00,-3.238524675369262695e+00,1.100000000000000000e+01,1.200000000000000000e+01
1.166426897048950195e+00,-2.197364568710327148e+00,1.100000000000000000e+01,1.200000000000000000e+01
3.337225914001464844e+00,-5.945754051208496094e+00,1.100000000000000000e+01,1.200000000000000000e+01
1.166088819503784180e+00,-2.209256887435913086e+00,1.100000000000000000e+01,1.200000000000000000e+01
-2.000091075897216797e+00,-3.211879014968872070e+00,1.100000000000000000e+01,1.200000000000000000e+01
1.133356809616088867e+00,-2.162590980529785156e+00,1.100000000000000000e+01,1.200000000000000000e+01
1.075873017311096191e+00,-2.031291007995605469e+00,1.100000000000000000e+01,1.200000000000000000e+01
1.176238775253295898e+00,-2.218521356582641602e+00,1.100000000000000000e+01,1.200000000000000000e+01
1.051978588104248047e+00,-2.013863086700439453e+00,1.100000000000000000e+01,1.200000000000000000e+01
4.934102058410644531e+00,-6.070126533508300781e+00,1.100000000000000000e+01,1.200000000000000000e+01
3.419343948364257812e+00,-6.002872943878173828e+00,1.100000000000000000e+01,1.200000000000000000e+01
-1.927997350692749023e+00,-3.160264015197753906e+00,1.100000000000000000e+01,1.200000000000000000e+01
1.286850929260253906e+00,-2.559779882431030273e+00,1.100000000000000000e+01,1.200000000000000000e+01
1.398707270622253418e+00,-2.896207809448242188e+00,1.100000000000000000e+01,1.200000000000000000e+01
1.303977108001708984e+01,2.032847642898559570e+00,1.100000000000000000e+01,1.000000000000000000e+01
3.277719259262084961e+00,-5.908135414123535156e+00,1.100000000000000000e+01,1.200000000000000000e+01
3.890312433242797852e+00,-6.219563484191894531e+00,1.100000000000000000e+01,1.200000000000000000e+01
-1.982684969902038574e+00,-3.214236021041870117e+00,1.100000000000000000e+01,1.200000000000000000e+01
1.324203014373779297e+00,-2.681172132492065430e+00,1.100000000000000000e+01,1.200000000000000000e+01
4.616602420806884766e+00,-6.236255645751953125e+00,1.100000000000000000e+01,1.200000000000000000e+01
1.421004533767700195e+00,-2.966001272201538086e+00,1.100000000000000000e+01,1.200000000000000000e+01
4.841025829315185547e+00,-6.120862483978271484e+00,1.100000000000000000e+01,1.200000000000000000e+01
1.109981775283813477e+00,-2.090113401412963867e+00,1.100000000000000000e+01,1.200000000000000000e+01
3.717683553695678711e+00,-6.155697345733642578e+00,1.100000000000000000e+01,1.200000000000000000e+01
1.341899871826171875e+00,-2.657866239547729492e+00,1.100000000000000000e+01,1.200000000000000000e+01
1.186175465583801270e+00,-2.233324766159057617e+00,1.100000000000000000e+01,1.200000000000000000e+01
4.885762691497802734e+00,-6.113348484039306641e+00,1.100000000000000000e+01,1.200000000000000000e+01
3.643419742584228516e+00,-6.123554706573486328e+00,1.100000000000000000e+01,1.200000000000000000e+01
3.317547798156738281e+00,-5.929543495178222656e+00,1.100000000000000000e+01,1.200000000000000000e+01
1.211500048637390137e+00,-2.253943204879760742e+00,1.100000000000000000e+01,1.200000000000000000e+01
1.325166225433349609e+00,-2.646399259567260742e+00,1.100000000000000000e+01,1.200000000000000000e+01
3.169646978378295898e+00,-5.834008216857910156e+00,1.100000000000000000e+01,1.200000000000000000e+01
1.080472826957702637e+00,-2.047604084014892578e+00,1.100000000000000000e+01,1.200000000000000000e+01
1.305076026916503906e+01,2.021476984024047852e+00,1.100000000000000000e+01,1.000000000000000000e+01
1.435724258422851562e+00,-3.006199598312377930e+00,1.100000000000000000e+01,1.200000000000000000e+01
1.348117709159851074e+00,-2.703409194946289062e+00,1.100000000000000000e+01,1.200000000000000000e+01
4.945487022399902344e+00,-6.056659221649169922e+00,1.100000000000000000e+01,1.200000000000000000e+01
2.397927999496459961e+00,-5.194249153137207031e+00,1.100000000000000000e+01,1.200000000000000000e+01
4.907812595367431641e+00,-6.089509487152099609e+00,1.100000000000000000e+01,1.200000000000000000e+01
1.349571347236633301e+00,-2.709721088409423828e+00,1.100000000000000000e+01,1.200000000000000000e+01
1.530205607414245605e+00,-3.219609022140502930e+00,1.100000000000000000e+01,1.200000000000000000e+01
1.080626130104064941e+00,-2.058218002319335938e+00,1.100000000000000000e+01,1.200000000000000000e+01
1.320423007011413574e+00,-2.652654886245727539e+00,1.100000000000000000e+01,1.200000000000000000e+01
1.533113837242126465e+00,-3.222554683685302734e+00,1.100000000000000000e+01,1.200000000000000000e+01
2.806183576583862305e+00,-5.577330589294433594e+00,1.100000000000000000e+01,1.200000000000000000e+01
3.995362520217895508e+00,-6.276031017303466797e+00,1.100000000000000000e+01,1.200000000000000000e+01
2.891956567764282227e+00,-5.649009227752685547e+00,1.100000000000000000e+01,1.200000000000000000e+01
-1.981090307235717773e+00,-3.219820022583007812e+00,1.100000000000000000e+01,1.200000000000000000e+01
3.025028705596923828e+00,-5.754428386688232422e+00,1.100000000000000000e+01,1.200000000000000000e+01
4.010421752929687500e+00,-6.279274463653564453e+00,1.100000000000000000e+01,1.200000000000000000e+01
1.052289128303527832e+00,-2.018948793411254883e+00,1.100000000000000000e+01,1.200000000000000000e+01
1.396646022796630859e+00,-2.923934936523437500e+00,1.100000000000000000e+01,1.200000000000000000e+01
2.930760860443115234e+00,-5.686448574066162109e+00,1.100000000000000000e+01,1.200000000000000000e+01
2.357940912246704102e+00,-5.143653869628906250e+00,1.100000000000000000e+01,1.200000000000000000e+01
2.602646827697753906e+00,-5.391151428222656250e+00,1.100000000000000000e+01,1.200000000000000000e+01
-1.977927207946777344e+00,-3.215815544128417969e+00,1.100000000000000000e+01,1.200000000000000000e+01
1.537654399871826172e+00,-3.237581968307495117e+00,1.100000000000000000e+01,1.200000000000000000e+01
4.605833053588867188e+00,-6.211037158966064453e+00,1.100000000000000000e+01,1.200000000000000000e+01
1.304773235321044922e+01,2.027138948440551758e+00,1.100000000000000000e+01,1.000000000000000000e+01
3.953138351440429688e+00,-6.252930164337158203e+00,1.100000000000000000e+01,1.200000000000000000e+01
1.306243228912353516e+01,2.002315998077392578e+00,1.100000000000000000e+01,1.000000000000000000e+01
3.601920127868652344e+00,-6.043899059295654297e+00,1.100000000000000000e+01,1.200000000000000000e+01
-1.984053254127502441e+00,-3.202347040176391602e+00,1.100000000000000000e+01,1.200000000000000000e+01
4.916382789611816406e+00,-6.079648017883300781e+00,1.100000000000000000e+01,1.200000000000000000e+01
9.859117507934570312e+00,1.009702873229980469e+01,1.200000000000000000e+01,1.400000000000000000e+01
-1.297102642059326172e+01,6.758528232574462891e+00,1.200000000000000000e+01,1.400000000000000000e+01
-1.332256698608398438e+01,8.500139236450195312e+00,1.200000000000000000e+01,1.400000000000000000e+01
-1.333981704711914062e+01,8.408385276794433594e+00,1.200000000000000000e+01,1.400000000000000000e+01
-1.137618637084960938e+01,1.037909221649169922e+01,1.200000000000000000e+01,1.400000000000000000e+01
9.933056831359863281e+00,1.016152191162109375e+01,1.200000000000000000e+01,1.400000000000000000e+01
9.941680908203125000e+00,1.016880607604980469e+01,1.200000000000000000e+01,1.400000000000000000e+01
-1.263444805145263672e+01,9.619041442871093750e+00,1.200000000000000000e+01,1.400000000000000000e+01
1.022767734527587891e+01,1.042823219299316406e+01,1.200000000000000000e+01,1.400000000000000000e+01
-1.247231292724609375e+01,9.772027969360351562e+00,1.200000000000000000e+01,1.400000000000000000e+01
-1.233865261077880859e+01,5.009006977081298828e+00,1.200000000000000000e+01,1.400000000000000000e+01
-1.331610584259033203e+01,7.558497428894042969e+00,1.200000000000000000e+01,1.400000000000000000e+01
1.020938873291015625e+01,1.041104316711425781e+01,1.200000000000000000e+01,1.400000000000000000e+01
1.004489040374755859e+01,1.026143360137939453e+01,1.200000000000000000e+01,1.400000000000000000e+01
-1.139999008178710938e+01,1.036988639831542969e+01,1.200000000000000000e+01,1.400000000000000000e+01
1.026572895050048828e+01,1.046413135528564453e+01,1.200000000000000000e+01,1.400000000000000000e+01
1.022903728485107422e+01,1.043027019500732422e+01,1.200000000000000000e+01,1.400000000000000000e+01
-1.233418273925781250e+01,5.288281440734863281e+00,1.200000000000000000e+01,1.400000000000000000e+01
-1.329209709167480469e+01,7.494922161102294922e+00,1.200000000000000000e+01,1.400000000000000000e+01
-1.258293819427490234e+01,5.913205623626708984e+00,1.200000000000000000e+01,1.400000000000000000e+01
-1.195757484436035156e+01,1.015508842468261719e+01,1.200000000000000000e+01,1.400000000000000000e+01
-1.284687995910644531e+01,9.384782791137695312e+00,1.200000000000000000e+01,1.400000000000000000e+01
-1.258200263977050781e+01,5.913114547729492188e+00,1.200000000000000000e+01,1.400000000000000000e+01
-1.268272209167480469e+01,6.099847793579101562e+00,1.200000000000000000e+01,1.400000000000000000e+01
-1.249141597747802734e+01,9.753999710083007812e+00,1.200000000000000000e+01,1.400000000000000000e+01
-1.321275520324707031e+01,8.836416244506835938e+00,1.200000000000000000e+01,1.400000000000000000e+01
-1.232410049438476562e+01,4.997900485992431641e+00,1.200000000000000000e+01,1.400000000000000000e+01
-1.282153701782226562e+01,9.418454170227050781e+00,1.200000000000000000e+01,1.400000000000000000e+01
-1.142592620849609375e+01,1.036040306091308594e+01,1.200000000000000000e+01,1.400000000000000000e+01
-1.231989669799804688e+01,5.002768993377685547e+00,1.200000000000000000e+01,1.400000000000000000e+01
-1.279382324218750000e+01,9.452425956726074219e+00,1.200000000000000000e+01,1.400000000000000000e+01
-1.259537315368652344e+01,9.658066749572753906e+00,1.200000000000000000e+01,1.400000000000000000e+01
-1.336537647247314453e+01,8.315795898437500000e+00,1.200000000000000000e+01,1.400000000000000000e+01
-1.337047958374023438e+01,8.137284278869628906e+00,1.200000000000000000e+01,1.400000000000000000e+01
-1.254185485839843750e+01,5.828437805175781250e+00,1.200000000000000000e+01,1.400000000000000000e+01
-1.328079319000244141e+01,7.472101211547851562e+00,1.200000000000000000e+01,1.400000000000000000e+01
-1.191000747680664062e+01,1.018470191955566406e+01,1.200000000000000000e+01,1.400000000000000000e+01
-1.231937980651855469e+01,5.031683444976806641e+00,1.200000000000000000e+01,1.400000000000000000e+01
-1.321387386322021484e+01,8.820311546325683594e+00,1.200000000000000000e+01,1.400000000000000000e+01
-1.324663925170898438e+01,8.756973266601562500e+00,1.200000000000000000e+01,1.400000000000000000e+01
-1.247822093963623047e+01,9.764730453491210938e+00,1.200000000000000000e+01,1.400000000000000000e+01
-1.136505222320556641e+01,1.038370513916015625e+01,1.200000000000000000e+01,1.400000000000000000e+01
-1.295059585571289062e+01,6.718231201171875000e+00,1.200000000000000000e+01,1.400000000000000000e+01
-1.264659976959228516e+01,9.607578277587890625e+00,1.200000000000000000e+01,1.400000000000000000e+01
-1.261408519744873047e+01,9.638787269592285156e+00,1.200000000000000000e+01,1.400000000000000000e+01
-1.197232151031494141e+01,1.014518737792968750e+01,1.200000000000000000e+01,1.400000000000000000e+01
-1.328968429565429688e+01,7.490794181823730469e+00,1.200000000000000000e+01,1.400000000000000000e+01
-1.201188087463378906e+01,1.012075901031494141e+01,1.200000000000000000e+01,1.400000000000000000e+01
-1.327789974212646484e+01,7.460867881774902344e+00,1.200000000000000000e+01,1.400000000000000000e+01
-1.315767002105712891e+01,8.943990707397460938e+00,1.200000000000000000e+01,1.400000000000000000e+01
-1.256659889221191406e+01,5.868549346923828125e+00,1.200000000000000000e+01,1.400000000000000000e+01
-1.327264785766601562e+01,7.468253135681152344e+00,1.200000000000000000e+01,1.400000000000000000e+01
-1.320534992218017578e+01,8.863410949707031250e+00,1.200000000000000000e+01,1.400000000000000000e+01
-1.185809421539306641e+01,1.021923923492431641e+01,1.200000000000000000e+01,1.400000000000000000e+01
-1.244692230224609375e+01,5.676845073699951172e+00,1.200000000000000000e+01,1.400000000000000000e+01
-1.330375289916992188e+01,7.510675430297851562e+00,1.200000000000000000e+01,1.400000000000000000e+01
-1.337026882171630859e+01,8.116383552551269531e+00,1.200000000000000000e+01,1.400000000000000000e+01
-1.222777271270751953e+01,9.966764450073242188e+00,1.200000000000000000e+01,1.400000000000000000e+01
-1.250838279724121094e+01,9.740061759948730469e+00,1.200000000000000000e+01,1.400000000000000000e+01
-1.233449268341064453e+01,4.999785900115966797e+00,1.200000000000000000e+01,1.400000000000000000e+01
-1.296202087402343750e+01,6.740199565887451172e+00,1.200000000000000000e+01,1.400000000000000000e+01
-1.224491310119628906e+01,9.953200340270996094e+00,1.200000000000000000e+01,1.400000000000000000e+01
-1.303948116302490234e+01,9.123607635498046875e+00,1.200000000000000000e+01,1.400000000000000000e+01
9.861536979675292969e+00,1.010135746002197266e+01,1.200000000000000000e+01,1.400000000000000000e+01
-1.319461154937744141e+01,8.869876861572265625e+00,1.200000000000000000e+01,1.400000000000000000e+01
9.863407135009765625e+00,1.009975814819335938e+01,1.200000000000000000e+01,1.400000000000000000e+01
-1.296967124938964844e+01,9.223916053771972656e+00,1.200000000000000000e+01,1.400000000000000000e+01
1.015351772308349609e+01,1.036035919189453125e+01,1.200000000000000000e+01,1.400000000000000000e+01
-1.336255645751953125e+01,7.721591949462890625e+00,1.200000000000000000e+01,1.400000000000000000e+01
-1.295282745361328125e+01,6.723219394683837891e+00,1.200000000000000000e+01,1.400000000000000000e+01
-1.231586456298828125e+01,5.014028072357177734e+00,1.200000000000000000e+01,1.400000000000000000e+01
-1.310388278961181641e+01,9.034470558166503906e+00,1.200000000000000000e+01,1.400000000000000000e+01
-1.240517902374267578e+01,9.825091361999511719e+00,1.200000000000000000e+01,1.400000000000000000e+01
-1.234827136993408203e+01,5.494023799896240234e+00,1.200000000000000000e+01,1.400000000000000000e+01
-1.281265640258789062e+01,9.433807373046875000e+00,1.200000000000000000e+01,1.400000000000000000e+01
9.841560363769531250e+00,1.008122348785400391e+01,1.200000000000000000e+01,1.400000000000000000e+01
-1.325554370880126953e+01,7.414496898651123047e+00,1.200000000000000000e+01,1.400000000000000000e+01
9.956453323364257812e+00,1.018205738067626953e+01,1.200000000000000000e+01,1.400000000000000000e+01
-1.302698040008544922e+01,6.870243549346923828e+00,1.200000000000000000e+01,1.400000000000000000e+01
-1.334984207153320312e+01,7.655264854431152344e+00,1.200000000000000000e+01,1.400000000000000000e+01
-1.237983798980712891e+01,5.555330753326416016e+00,1.200000000000000000e+01,1.400000000000000000e+01
-1.246996593475341797e+01,5.722342967987060547e+00,1.200000000000000000e+01,1.400000000000000000e+01
-1.335359096527099609e+01,7.663206100463867188e+00,1.200000000000000000e+01,1.400000000000000000e+01
-1.237724399566650391e+01,5.564023017883300781e+00,1.200000000000000000e+01,1.400000000000000000e+01
-1.232283592224121094e+01,5.001187801361083984e+00,1.200000000000000000e+01,1.400000000000000000e+01
-1.337092113494873047e+01,7.971907138824462891e+00,1.200000000000000000e+01,1.400000000000000000e+01
-1.336878395080566406e+01,8.242456436157226562e+00,1.200000000000000000e+01,1.400000000000000000e+01
-1.234895038604736328e+01,5.474011898040771484e+00,1.200000000000000000e+01,1.400000000000000000e+01
-1.138467311859130859e+01,1.037611484527587891e+01,1.200000000000000000e+01,1.400000000000000000e+01
-1.337216472625732422e+01,8.102890968322753906e+00,1.200000000000000000e+01,1.400000000000000000e+01
-1.194650363922119141e+01,1.015586853027343750e+01,1.200000000000000000e+01,1.400000000000000000e+01
-1.258176803588867188e+01,5.911135673522949219e+00,1.200000000000000000e+01,1.400000000000000000e+01
-1.143563175201416016e+01,1.035718917846679688e+01,1.200000000000000000e+01,1.400000000000000000e+01
1.006950759887695312e+01,1.028338527679443359e+01,1.200000000000000000e+01,1.400000000000000000e+01
-1.336769962310791016e+01,7.915850162506103516e+00,1.200000000000000000e+01,1.400000000000000000e+01
-1.327131748199462891e+01,8.680732727050781250e+00,1.200000000000000000e+01,1.400000000000000000e+01
-1.336198520660400391e+01,7.679151535034179688e+00,1.200000000000000000e+01,1.400000000000000000e+01
-1.236446571350097656e+01,5.513482570648193359e+00,1.200000000000000000e+01,1.400000000000000000e+01
-1.335985660552978516e+01,7.724515438079833984e+00,1.200000000000000000e+01,1.400000000000000000e+01
-1.220912361145019531e+01,9.982147216796875000e+00,1.200000000000000000e+01,1.400000000000000000e+01
-1.256255912780761719e+01,5.873766899108886719e+00,1.200000000000000000e+01,1.400000000000000000e+01
-1.334397983551025391e+01,7.629362106323242188e+00,1.200000000000000000e+01,1.400000000000000000e+01
9.986722946166992188e+00,1.020616531372070312e+01,1.200000000000000000e+01,1.400000000000000000e+01
-1.308379364013671875e+01,9.054218292236328125e+00,1.200000000000000000e+01,1.400000000000000000e+01
-1.214088726043701172e+01,1.002567481994628906e+01,1.200000000000000000e+01,1.400000000000000000e+01
-1.284332942962646484e+01,9.396405220031738281e+00,1.200000000000000000e+01,1.400000000000000000e+01
-1.234956550598144531e+01,5.462691307067871094e+00,1.200000000000000000e+01,1.400000000000000000e+01
1.023080348968505859e+01,1.043144512176513672e+01,1.200000000000000000e+01,1.400000000000000000e+01
-1.249546432495117188e+01,9.751606941223144531e+00,1.200000000000000000e+01,1.400000000000000000e+01
-1.232290840148925781e+01,4.990844726562500000e+00,1.200000000000000000e+01,1.400000000000000000e+01
-1.139352893829345703e+01,1.036534881591796875e+01,1.200000000000000000e+01,1.400000000000000000e+01
-1.301437568664550781e+01,6.809876441955566406e+00,1.200000000000000000e+01,1.400000000000000000e+01
-1.241987323760986328e+01,5.644121170043945312e+00,1.200000000000000000e+01,1.400000000000000000e+01
9.834734916687011719e+00,1.007400512695312500e+01,1.200000000000000000e+01,1.400000000000000000e+01
1.013632965087890625e+01,1.034336185455322266e+01,1.200000000000000000e+01,1.400000000000000000e+01
-1.257664394378662109e+01,5.901568412780761719e+00,1.200000000000000000e+01,1.400000000000000000e+01
-1.336543750762939453e+01,7.863609313964843750e+00,1.200000000000000000e+01,1.400000000000000000e+01
-1.221007061004638672e+01,9.980465888977050781e+00,1.200000000000000000e+01,1.400000000000000000e+01
-1.257077503204345703e+01,5.901361942291259766e+00,1.200000000000000000e+01,1.400000000000000000e+01
-1.139240837097167969e+01,1.037276077270507812e+01,1.200000000000000000e+01,1.400000000000000000e+01
9.862614631652832031e+00,1.010247516632080078e+01,1.200000000000000000e+01,1.400000000000000000e+01
-1.264089107513427734e+01,6.031611442565917969e+00,1.200000000000000000e+01,1.400000000000000000e+01
-1.233867263793945312e+01,4.970405101776123047e+00,1.200000000000000000e+01,1.400000000000000000e+01
-1.302255439758300781e+01,9.151399612426757812e+00,1.200000000000000000e+01,1.400000000000000000e+01
-1.336463165283203125e+01,7.846604347229003906e+00,1.200000000000000000e+01,1.400000000000000000e+01
-1.199638175964355469e+01,1.012466812133789062e+01,1.200000000000000000e+01,1.400000000000000000e+01
-1.189627361297607422e+01,1.019143676757812500e+01,1.200000000000000000e+01,1.400000000000000000e+01
1.023107147216796875e+01,1.043190097808837891e+01,1.200000000000000000e+01,1.400000000000000000e+01
-1.231693649291992188e+01,4.995774745941162109e+00,1.200000000000000000e+01,1.400000000000000000e+01
-1.265545940399169922e+01,6.056658744812011719e+00,1.200000000000000000e+01,1.400000000000000000e+01
9.926862716674804688e+00,1.015606975555419922e+01,1.200000000000000000e+01,1.400000000000000000e+01
-1.258228111267089844e+01,5.917881011962890625e+00,1.200000000000000000e+01,1.400000000000000000e+01
-1.135306930541992188e+01,1.039669799804687500e+01,1.200000000000000000e+01,1.400000000000000000e+01
-1.292057704925537109e+01,6.652302265167236328e+00,1.200000000000000000e+01,1.400000000000000000e+01
1.022306537628173828e+01,1.042381572723388672e+01,1.200000000000000000e+01,1.400000000000000000e+01
-1.260487651824951172e+01,9.650984764099121094e+00,1.200000000000000000e+01,1.400000000000000000e+01
-1.240064239501953125e+01,9.829036712646484375e+00,1.200000000000000000e+01,1.400000000000000000e+01
-1.262642765045166016e+01,5.999486923217773438e+00,1.200000000000000000e+01,1.400000000000000000e+01
-1.277792453765869141e+01,9.471745491027832031e+00,1.200000000000000000e+01,1.400000000000000000e+01
-1.265275382995605469e+01,9.602759361267089844e+00,1.200000000000000000e+01,1.400000000000000000e+01
1.005903339385986328e+01,1.027301216125488281e+01,1.200000000000000000e+01,1.400000000000000000e+01
9.824535369873046875e+00,1.006275367736816406e+01,1.200000000000000000e+01,1.400000000000000000e+01
-1.227820491790771484e+01,4.992987155914306641e+00,1.200000000000000000e+01,1.400000000000000000e+01
1.014335441589355469e+01,1.034992504119873047e+01,1.200000000000000000e+01,1.400000000000000000e+01
-1.325240325927734375e+01,8.770313262939453125e+00,1.200000000000000000e+01,1.400000000000000000e+01
-1.196299743652343750e+01,1.015086555480957031e+01,1.200000000000000000e+01,1.400000000000000000e+01
-1.319431495666503906e+01,8.869231224060058594e+00,1.200000000000000000e+01,1.400000000000000000e+01
-1.236735057830810547e+01,5.531355381011962891e+00,1.200000000000000000e+01,1.400000000000000000e+01
-1.335096168518066406e+01,8.376945495605468750e+00,1.200000000000000000e+01,1.400000000000000000e+01
-1.220052623748779297e+01,9.987904548645019531e+00,1.200000000000000000e+01,1.400000000000000000e+01
-1.288461303710937500e+01,9.346348762512207031e+00,1.200000000000000000e+01,1.400000000000000000e+01
-1.242998790740966797e+01,5.651124954223632812e+00,1.200000000000000000e+01,1.400000000000000000e+01
-1.326360988616943359e+01,8.731631278991699219e+00,1.200000000000000000e+01,1.400000000000000000e+01
-1.279577636718750000e+01,9.452240943908691406e+00,1.200000000000000000e+01,1.400000000000000000e+01
-1.337051773071289062e+01,8.106180191040039062e+00,1.200000000000000000e+01,1.400000000000000000e+01
-1.239063644409179688e+01,5.566188812255859375e+00,1.200000000000000000e+01,1.400000000000000000e+01
-1.335947418212890625e+01,8.282745361328125000e+00,1.200000000000000000e+01,1.400000000000000000e+01
-1.231900501251220703e+01,5.018535614013671875e+00,1.200000000000000000e+01,1.400000000000000000e+01
-1.196011066436767578e+01,1.015287017822265625e+01,1.200000000000000000e+01,1.400000000000000000e+01
1.009751510620117188e+01,1.030719375610351562e+01,1.200000000000000000e+01,1.400000000000000000e+01
1.015729522705078125e+01,1.036258029937744141e+01,1.200000000000000000e+01,1.400000000000000000e+01
-1.337294578552246094e+01,8.120532035827636719e+00,1.200000000000000000e+01,1.400000000000000000e+01
-1.230101966857910156e+01,5.029747486114501953e+00,1.200000000000000000e+01,1.400000000000000000e+01
-1.318646907806396484e+01,7.262514114379882812e+00,1.200000000000000000e+01,1.400000000000000000e+01
-1.235458946228027344e+01,5.490466117858886719e+00,1.200000000000000000e+01,1.400000000000000000e+01
1.024345874786376953e+01,1.044196033477783203e+01,1.200000000000000000e+01,1.400000000000000000e+01
-1.242713165283203125e+01,5.646382331848144531e+00,1.200000000000000000e+01,1.400000000000000000e+01
-1.188851451873779297e+01,1.019743537902832031e+01,1.200000000000000000e+01,1.400000000000000000e+01
1.021166515350341797e+01,1.041297435760498047e+01,1.200000000000000000e+01,1.400000000000000000e+01
9.951117515563964844e+00,1.017540836334228516e+01,1.200000000000000000e+01,1.400000000000000000e+01
1.019666481018066406e+01,1.039883995056152344e+01,1.200000000000000000e+01,1.400000000000000000e+01
-1.258545017242431641e+01,5.884543895721435547e+00,1.200000000000000000e+01,1.400000000000000000e+01
-1.191137123107910156e+01,1.018567180633544922e+01,1.200000000000000000e+01,1.400000000000000000e+01
-1.314245891571044922e+01,8.979864120483398438e+00,1.200000000000000000e+01,1.400000000000000000e+01
-1.337230014801025391e+01,8.164792060852050781e+00,1.200000000000000000e+01,1.400000000000000000e+01
-1.337278938293457031e+01,8.133784294128417969e+00,1.200000000000000000e+01,1.400000000000000000e+01
-1.276186561584472656e+01,6.287117958068847656e+00,1.200000000000000000e+01,1.400000000000000000e+01
9.985090255737304688e+00,1.020789623260498047e+01,1.200000000000000000e+01,1.400000000000000000e+01
-1.245678424835205078e+01,9.782988548278808594e+00,1.200000000000000000e+01,1.400000000000000000e+01
-1.232664203643798828e+01,4.992675304412841797e+00,1.200000000000000000e+01,1.400000000000000000e+01
-1.294446563720703125e+01,6.704017639160156250e+00,1.200000000000000000e+01,1.400000000000000000e+01
-1.223153209686279297e+01,9.964754104614257812e+00,1.200000000000000000e+01,1.400000000000000000e+01
-1.218839931488037109e+01,1.000158596038818359e+01,1.200000000000000000e+01,1.400000000000000000e+01
-1.294204998016357422e+01,6.716143608093261719e+00,1.200000000000000000e+01,1.400000000000000000e+01
-1.324309158325195312e+01,7.407934665679931641e+00,1.200000000000000000e+01,1.400000000000000000e+01
1.013968563079833984e+01,1.034416770935058594e+01,1.200000000000000000e+01,1.400000000000000000e+01
-1.336604881286621094e+01,7.867671012878417969e+00,1.200000000000000000e+01,1.400000000000000000e+01
-1.231364154815673828e+01,5.021944999694824219e+00,1.200000000000000000e+01,1.400000000000000000e+01
-1.312339782714843750e+01,9.003209114074707031e+00,1.200000000000000000e+01,1.400000000000000000e+01
-1.265362262725830078e+01,6.055549144744873047e+00,1.200000000000000000e+01,1.400000000000000000e+01
-1.233366775512695312e+01,5.008080005645751953e+00,1.200000000000000000e+01,1.400000000000000000e+01
-1.315141773223876953e+01,8.951746940612792969e+00,1.200000000000000000e+01,1.400000000000000000e+01
-1.193006134033203125e+01,1.017401409149169922e+01,1.200000000000000000e+01,1.400000000000000000e+01
-1.336130905151367188e+01,8.336229324340820312e+00,1.200000000000000000e+01,1.400000000000000000e+01
-1.236106491088867188e+01,5.505570888519287109e+00,1.200000000000000000e+01,1.400000000000000000e+01
-1.138593196868896484e+01,1.037583255767822266e+01,1.200000000000000000e+01,1.400000000000000000e+01
-1.258250904083251953e+01,5.918217182159423828e+00,1.200000000000000000e+01,1.400000000000000000e+01
-1.246952247619628906e+01,5.705654144287109375e+00,1.200000000000000000e+01,1.400000000000000000e+01
1.431667804718017578e+00,-2.994612216949462891e+00,1.200000000000000000e+01,1.200000000000000000e+01
-1.232222557067871094e+01,4.993937015533447266e+00,1.200000000000000000e+01,1.400000000000000000e+01
-1.234101486206054688e+01,5.358920097351074219e+00,1.200000000000000000e+01,1.400000000000000000e+01
-1.335468482971191406e+01,8.350656509399414062e+00,1.200000000000000000e+01,1.400000000000000000e+01
-1.235253906250000000e+01,4.968211174011230469e+00,1.200000000000000000e+01,1.400000000000000000e+01
-1.335405158996582031e+01,7.654248237609863281e+00,1.200000000000000000e+01,1.400000000000000000e+01
-1.231606960296630859e+01,5.021063804626464844e+00,1.200000000000000000e+01,1.400000000000000000e+01
-1.195472145080566406e+01,1.015733528137207031e+01,1.200000000000000000e+01,1.400000000000000000e+01
1.003820896148681641e+01,1.025335025787353516e+01,1.200000000000000000e+01,1.400000000000000000e+01
-1.297376918792724609e+01,6.762670516967773438e+00,1.200000000000000000e+01,1.400000000000000000e+01
-1.300750732421875000e+01,9.172098159790039062e+00,1.200000000000000000e+01,1.400000000000000000e+01
-1.327443981170654297e+01,8.670724868774414062e+00,1.200000000000000000e+01,1.400000000000000000e+01
3.141866445541381836e+00,3.946448564529418945e+00,1.300000000000000000e+01,1.700000000000000000e+01
3.457080125808715820e+00,3.160938024520874023e+00,1.300000000000000000e+01,1.700000000000000000e+01
5.577355861663818359e+00,2.663706541061401367e+00,1.300000000000000000e+01,1.700000000000000000e+01
2.650128126144409180e+00,4.356202602386474609e+00,1.300000000000000000e+01,1.700000000000000000e+01
5.596715927124023438e+00,2.530119419097900391e+00,1.300000000000000000e+01,1.700000000000000000e+01
2.747008562088012695e+00,4.284604549407958984e+00,1.300000000000000000e+01,1.700000000000000000e+01
5.023698806762695312e+00,2.460124254226684570e+00,1.300000000000000000e+01,1.700000000000000000e+01
4.199499607086181641e+00,2.645458221435546875e+00,1.300000000000000000e+01,1.700000000000000000e+01
4.886943817138671875e+00,2.978118896484375000e+00,1.300000000000000000e+01,1.700000000000000000e+01
2.297372817993164062e+00,4.572669029235839844e+00,1.300000000000000000e+01,1.700000000000000000e+01
3.081434249877929688e+00,3.993748664855957031e+00,1.300000000000000000e+01,1.700000000000000000e+01
5.932692050933837891e+00,2.527859449386596680e+00,1.300000000000000000e+01,1.700000000000000000e+01
2.639842033386230469e+00,4.357625007629394531e+00,1.300000000000000000e+01,1.700000000000000000e+01
5.056284904479980469e+00,3.013970613479614258e+00,1.300000000000000000e+01,1.700000000000000000e+01
5.112712860107421875e+00,2.435148477554321289e+00,1.300000000000000000e+01,1.700000000000000000e+01
5.015503406524658203e+00,2.451518297195434570e+00,1.300000000000000000e+01,1.700000000000000000e+01
2.646775960922241211e+00,4.352242946624755859e+00,1.300000000000000000e+01,1.700000000000000000e+01
5.687814235687255859e+00,2.769196748733520508e+00,1.300000000000000000e+01,1.700000000000000000e+01
3.709864854812622070e+00,3.006926059722900391e+00,1.300000000000000000e+01,1.700000000000000000e+01
5.569536209106445312e+00,2.845144271850585938e+00,1.300000000000000000e+01,1.700000000000000000e+01
6.081348896026611328e+00,2.523953914642333984e+00,1.300000000000000000e+01,1.700000000000000000e+01
3.400198459625244141e+00,3.589452981948852539e+00,1.300000000000000000e+01,1.700000000000000000e+01
2.506721496582031250e+00,4.441378116607666016e+00,1.300000000000000000e+01,1.700000000000000000e+01
3.498330831527709961e+00,3.126138448715209961e+00,1.300000000000000000e+01,1.700000000000000000e+01
3.133337974548339844e+00,3.245812892913818359e+00,1.300000000000000000e+01,1.700000000000000000e+01
5.621715545654296875e+00,2.604886531829833984e+00,1.300000000000000000e+01,1.700000000000000000e+01
5.919525623321533203e+00,2.592297077178955078e+00,1.300000000000000000e+01,1.700000000000000000e+01
5.136747837066650391e+00,2.421263217926025391e+00,1.300000000000000000e+01,1.700000000000000000e+01
3.990894556045532227e+00,2.758982896804809570e+00,1.300000000000000000e+01,1.700000000000000000e+01
4.314015388488769531e+00,2.607871770858764648e+00,1.300000000000000000e+01,1.700000000000000000e+01
3.289992809295654297e+00,3.231212854385375977e+00,1.300000000000000000e+01,1.700000000000000000e+01
6.081633567810058594e+00,2.561081886291503906e+00,1.300000000000000000e+01,1.700000000000000000e+01
4.287526607513427734e+00,2.611099004745483398e+00,1.300000000000000000e+01,1.700000000000000000e+01
5.130190372467041016e+00,2.720302581787109375e+00,1.300000000000000000e+01,1.700000000000000000e+01
3.436753273010253906e+00,3.152450561523437500e+00,1.300000000000000000e+01,1.700000000000000000e+01
5.947949886322021484e+00,2.642387390136718750e+00,1.300000000000000000e+01,1.700000000000000000e+01
5.474380493164062500e+00,2.842628240585327148e+00,1.300000000000000000e+01,1.700000000000000000e+01
3.988598823547363281e+00,2.762182474136352539e+00,1.300000000000000000e+01,1.700000000000000000e+01
5.484579563140869141e+00,2.850538253784179688e+00,1.300000000000000000e+01,1.700000000000000000e+01
2.827527999877929688e+00,4.218159198760986328e+00,1.300000000000000000e+01,1.700000000000000000e+01
5.727255344390869141e+00,2.570687294006347656e+00,1.300000000000000000e+01,1.700000000000000000e+01
4.380021572113037109e+00,2.635907411575317383e+00,1.300000000000000000e+01,1.700000000000000000e+01
3.679123640060424805e+00,3.138337850570678711e+00,1.300000000000000000e+01,1.700000000000000000e+01
6.035920619964599609e+00,2.522964954376220703e+00,1.300000000000000000e+01,1.700000000000000000e+01
3.125149488449096680e+00,3.957793474197387695e+00,1.300000000000000000e+01,1.700000000000000000e+01
5.748514175415039062e+00,2.737724781036376953e+00,1.300000000000000000e+01,1.700000000000000000e+01
6.101215839385986328e+00,2.548848628997802734e+00,1.300000000000000000e+01,1.700000000000000000e+01
5.655145645141601562e+00,2.718629121780395508e+00,1.300000000000000000e+01,1.700000000000000000e+01
5.392807483673095703e+00,2.853086471557617188e+00,1.300000000000000000e+01,1.700000000000000000e+01
3.279668331146240234e+00,3.821775674819946289e+00,1.300000000000000000e+01,1.700000000000000000e+01
4.476541519165039062e+00,3.182592391967773438e+00,1.300000000000000000e+01,1.700000000000000000e+01
3.719210386276245117e+00,2.987403392791748047e+00,1.300000000000000000e+01,1.700000000000000000e+01
3.565386772155761719e+00,3.074745416641235352e+00,1.300000000000000000e+01,1.700000000000000000e+01
2.674579858779907227e+00,4.342273712158203125e+00,1.300000000000000000e+01,1.700000000000000000e+01
3.879973649978637695e+00,2.909757614135742188e+00,1.300000000000000000e+01,1.700000000000000000e+01
5.883774280548095703e+00,2.543907880783081055e+00,1.300000000000000000e+01,1.700000000000000000e+01
5.355985641479492188e+00,2.779704570770263672e+00,1.300000000000000000e+01,1.700000000000000000e+01
3.518147706985473633e+00,3.605750322341918945e+00,1.300000000000000000e+01,1.700000000000000000e+01
4.324647426605224609e+00,2.616148471832275391e+00,1.300000000000000000e+01,1.700000000000000000e+01
6.052111625671386719e+00,2.506990671157836914e+00,1.300000000000000000e+01,1.700000000000000000e+01
5.794956207275390625e+00,2.682287931442260742e+00,1.300000000000000000e+01,1.700000000000000000e+01
5.442623615264892578e+00,2.885910987854003906e+00,1.300000000000000000e+01,1.700000000000000000e+01
5.087058067321777344e+00,2.722418546676635742e+00,1.300000000000000000e+01,1.700000000000000000e+01
5.327039241790771484e+00,2.829449176788330078e+00,1.300000000000000000e+01,1.700000000000000000e+01
5.092555046081542969e+00,3.012795209884643555e+00,1.300000000000000000e+01,1.700000000000000000e+01
4.580979347229003906e+00,2.883291959762573242e+00,1.300000000000000000e+01,1.700000000000000000e+01
5.066721439361572266e+00,2.442420482635498047e+00,1.300000000000000000e+01,1.700000000000000000e+01
2.982172727584838867e+00,3.968779087066650391e+00,1.300000000000000000e+01,1.700000000000000000e+01
5.902181625366210938e+00,2.566965341567993164e+00,1.300000000000000000e+01,1.700000000000000000e+01
3.815730333328247070e+00,2.952020406723022461e+00,1.300000000000000000e+01,1.700000000000000000e+01
3.469196557998657227e+00,3.681238174438476562e+00,1.300000000000000000e+01,1.700000000000000000e+01
3.116397142410278320e+00,3.963064670562744141e+00,1.300000000000000000e+01,1.700000000000000000e+01
3.173756837844848633e+00,3.240379810333251953e+00,1.300000000000000000e+01,1.700000000000000000e+01
6.023447513580322266e+00,2.473845005035400391e+00,1.300000000000000000e+01,1.700000000000000000e+01
5.072276592254638672e+00,3.001456499099731445e+00,1.300000000000000000e+01,1.700000000000000000e+01
4.852672576904296875e+00,3.069801092147827148e+00,1.300000000000000000e+01,1.700000000000000000e+01
5.255986213684082031e+00,2.521159887313842773e+00,1.300000000000000000e+01,1.700000000000000000e+01
2.597265005111694336e+00,4.384395599365234375e+00,1.300000000000000000e+01,1.700000000000000000e+01
3.455274820327758789e+00,3.116789579391479492e+00,1.300000000000000000e+01,1.700000000000000000e+01
2.887917757034301758e+00,4.162511825561523438e+00,1.300000000000000000e+01,1.700000000000000000e+01
5.614253520965576172e+00,2.793059587478637695e+00,1.300000000000000000e+01,1.700000000000000000e+01
4.280131816864013672e+00,2.618971347808837891e+00,1.300000000000000000e+01,1.700000000000000000e+01
3.458219766616821289e+00,3.696363687515258789e+00,1.300000000000000000e+01,1.700000000000000000e+01
3.149229288101196289e+00,3.245468378067016602e+00,1.300000000000000000e+01,1.700000000000000000e+01
4.122024059295654297e+00,2.676404476165771484e+00,1.300000000000000000e+01,1.700000000000000000e+01
3.111340999603271484e+00,3.955898046493530273e+00,1.300000000000000000e+01,1.700000000000000000e+01
4.236096382141113281e+00,2.622274875640869141e+00,1.300000000000000000e+01,1.700000000000000000e+01
5.036344528198242188e+00,3.027549982070922852e+00,1.300000000000000000e+01,1.700000000000000000e+01
2.803598403930664062e+00,4.233161449432373047e+00,1.300000000000000000e+01,1.700000000000000000e+01
3.821525335311889648e+00,2.922439098358154297e+00,1.300000000000000000e+01,1.700000000000000000e+01
5.732197761535644531e+00,2.782722234725952148e+00,1.300000000000000000e+01,1.700000000000000000e+01
3.332983493804931641e+00,3.795020103454589844e+00,1.300000000000000000e+01,1.700000000000000000e+01
5.677164554595947266e+00,2.757094621658325195e+00,1.300000000000000000e+01,1.700000000000000000e+01
6.069668292999267578e+00,2.560338735580444336e+00,1.300000000000000000e+01,1.700000000000000000e+01
5.242177486419677734e+00,2.466885805130004883e+00,1.300000000000000000e+01,1.700000000000000000e+01
4.605380535125732422e+00,3.072643041610717773e+00,1.300000000000000000e+01,1.700000000000000000e+01
3.597449779510498047e+00,3.059266090393066406e+00,1.300000000000000000e+01,1.700000000000000000e+01
3.733854293823242188e+00,3.112859249114990234e+00,1.300000000000000000e+01,1.700000000000000000e+01
5.549677371978759766e+00,2.849682807922363281e+00,1.300000000000000000e+01,1.700000000000000000e+01
2.547612190246582031e+00,4.404511451721191406e+00,1.300000000000000000e+01,1.700000000000000000e+01
2.673416614532470703e+00,4.331943511962890625e+00,1.300000000000000000e+01,1.700000000000000000e+01
6.073127746582031250e+00,2.485273361206054688e+00,1.300000000000000000e+01,1.700000000000000000e+01
5.302910804748535156e+00,2.853374242782592773e+00,1.300000000000000000e+01,1.700000000000000000e+01
3.155750989913940430e+00,3.220916986465454102e+00,1.300000000000000000e+01,1.700000000000000000e+01
3.458869934082031250e+00,3.112502813339233398e+00,1.300000000000000000e+01,1.700000000000000000e+01
3.251961469650268555e+00,3.869802713394165039e+00,1.300000000000000000e+01,1.700000000000000000e+01
5.753365993499755859e+00,2.538589715957641602e+00,1.300000000000000000e+01,1.700000000000000000e+01
6.080240249633789062e+00,2.507235765457153320e+00,1.300000000000000000e+01,1.700000000000000000e+01
3.156145811080932617e+00,3.274869203567504883e+00,1.300000000000000000e+01,1.700000000000000000e+01
3.955085992813110352e+00,2.802315711975097656e+00,1.300000000000000000e+01,1.700000000000000000e+01
3.509770631790161133e+00,3.622988939285278320e+00,1.300000000000000000e+01,1.700000000000000000e+01
5.196000576019287109e+00,2.451273441314697266e+00,1.300000000000000000e+01,1.700000000000000000e+01
5.208774089813232422e+00,2.485233068466186523e+00,1.300000000000000000e+01,1.700000000000000000e+01
3.877623319625854492e+00,2.860657930374145508e+00,1.300000000000000000e+01,1.700000000000000000e+01
4.307314872741699219e+00,2.596595525741577148e+00,1.300000000000000000e+01,1.700000000000000000e+01
3.346405744552612305e+00,3.181771278381347656e+00,1.300000000000000000e+01,1.700000000000000000e+01
2.980650186538696289e+00,4.079077243804931641e+00,1.300000000000000000e+01,1.700000000000000000e+01
5.099671840667724609e+00,2.952684164047241211e+00,1.300000000000000000e+01,1.700000000000000000e+01
3.141249895095825195e+00,3.228410005569458008e+00,1.300000000000000000e+01,1.700000000000000000e+01
3.723209381103515625e+00,3.320772647857666016e+00,1.300000000000000000e+01,1.700000000000000000e+01
3.552661180496215820e+00,3.085031509399414062e+00,1.300000000000000000e+01,1.700000000000000000e+01
3.875949621200561523e+00,3.054479122161865234e+00,1.300000000000000000e+01,1.700000000000000000e+01
5.907592296600341797e+00,2.508128643035888672e+00,1.300000000000000000e+01,1.700000000000000000e+01
4.230573177337646484e+00,2.619207620620727539e+00,1.300000000000000000e+01,1.700000000000000000e+01
5.058522701263427734e+00,3.009639978408813477e+00,1.300000000000000000e+01,1.700000000000000000e+01
4.850602626800537109e+00,3.046614885330200195e+00,1.300000000000000000e+01,1.700000000000000000e+01
4.269341468811035156e+00,2.676407814025878906e+00,1.300000000000000000e+01,1.700000000000000000e+01
2.730608940124511719e+00,4.294919490814208984e+00,1.300000000000000000e+01,1.700000000000000000e+01
5.689873695373535156e+00,2.801518440246582031e+00,1.300000000000000000e+01,1.700000000000000000e+01
3.107739210128784180e+00,3.259442567825317383e+00,1.300000000000000000e+01,1.700000000000000000e+01
3.689851522445678711e+00,3.003364801406860352e+00,1.300000000000000000e+01,1.700000000000000000e+01
5.097715854644775391e+00,2.437724351882934570e+00,1.300000000000000000e+01,1.700000000000000000e+01
2.547729015350341797e+00,4.416879177093505859e+00,1.300000000000000000e+01,1.700000000000000000e+01
3.977980852127075195e+00,2.779719114303588867e+00,1.300000000000000000e+01,1.700000000000000000e+01
5.639540672302246094e+00,2.685689926147460938e+00,1.300000000000000000e+01,1.700000000000000000e+01
8.237952589988708496e-01,5.824466705322265625e+00,1.300000000000000000e+01,1.700000000000000000e+01
4.490301609039306641e+00,2.555471658706665039e+00,1.300000000000000000e+01,1.700000000000000000e+01
2.315385341644287109e+00,4.576817512512207031e+00,1.300000000000000000e+01,1.700000000000000000e+01
6.074090003967285156e+00,2.559670209884643555e+00,1.300000000000000000e+01,1.700000000000000000e+01
3.202016115188598633e+00,3.265813589096069336e+00,1.300000000000000000e+01,1.700000000000000000e+01
3.479918718338012695e+00,3.421818494796752930e+00,1.300000000000000000e+01,1.700000000000000000e+01
5.271921634674072266e+00,2.476313114166259766e+00,1.300000000000000000e+01,1.700000000000000000e+01
2.623995304107666016e+00,4.363042354583740234e+00,1.300000000000000000e+01,1.700000000000000000e+01
4.760694026947021484e+00,3.023755311965942383e+00,1.300000000000000000e+01,1.700000000000000000e+01
5.841472625732421875e+00,2.593424797058105469e+00,1.300000000000000000e+01,1.700000000000000000e+01
4.877389907836914062e+00,3.047136306762695312e+00,1.300000000000000000e+01,1.700000000000000000e+01
3.153004407882690430e+00,3.934004068374633789e+00,1.300000000000000000e+01,1.700000000000000000e+01
2.349470376968383789e+00,4.544038772583007812e+00,1.300000000000000000e+01,1.700000000000000000e+01
5.017912864685058594e+00,2.448157787322998047e+00,1.300000000000000000e+01,1.700000000000000000e+01
3.563733339309692383e+00,3.448581218719482422e+00,1.300000000000000000e+01,1.700000000000000000e+01
6.082845687866210938e+00,2.495581388473510742e+00,1.300000000000000000e+01,1.700000000000000000e+01
5.541696548461914062e-01,4.683387756347656250e+00,1.300000000000000000e+01,1.800000000000000000e+01
4.611829280853271484e+00,2.540521860122680664e+00,1.300000000000000000e+01,1.700000000000000000e+01
3.459197282791137695e+00,3.658687591552734375e+00,1.300000000000000000e+01,1.700000000000000000e+01
4.410708904266357422e+00,2.969938755035400391e+00,1.300000000000000000e+01,1.700000000000000000e+01
6.075543880462646484e+00,2.493010520935058594e+00,1.300000000000000000e+01,1.700000000000000000e+01
3.126935958862304688e+00,3.244487524032592773e+00,1.300000000000000000e+01,1.700000000000000000e+01
4.921225070953369141e+00,2.999839067459106445e+00,1.300000000000000000e+01,1.700000000000000000e+01
6.034126281738281250e+00,2.480549335479736328e+00,1.300000000000000000e+01,1.700000000000000000e+01
3.177449703216552734e+00,3.291853904724121094e+00,1.300000000000000000e+01,1.700000000000000000e+01
2.370775699615478516e+00,4.538854598999023438e+00,1.300000000000000000e+01,1.700000000000000000e+01
3.518909454345703125e+00,3.612172365188598633e+00,1.300000000000000000e+01,1.700000000000000000e+01
2.575862407684326172e+00,4.408364772796630859e+00,1.300000000000000000e+01,1.700000000000000000e+01
5.465703487396240234e+00,2.691412687301635742e+00,1.300000000000000000e+01,1.700000000000000000e+01
3.950088977813720703e+00,2.787420034408569336e+00,1.300000000000000000e+01,1.700000000000000000e+01
5.898891925811767578e+00,2.575807809829711914e+00,1.300000000000000000e+01,1.700000000000000000e+01
4.524765491485595703e+00,3.109698772430419922e+00,1.300000000000000000e+01,1.700000000000000000e+01
2.778366088867187500e+00,4.271995067596435547e+00,1.300000000000000000e+01,1.700000000000000000e+01
3.367693185806274414e+00,3.196476936340332031e+00,1.300000000000000000e+01,1.700000000000000000e+01
3.973171472549438477e+00,2.754090785980224609e+00,1.300000000000000000e+01,1.700000000000000000e+01
5.692580699920654297e+00,2.785995244979858398e+00,1.300000000000000000e+01,1.700000000000000000e+01
4.981233596801757812e+00,2.403987646102905273e+00,1.300000000000000000e+01,1.700000000000000000e+01
4.134105682373046875e+00,2.717219352722167969e+00,1.300000000000000000e+01,1.700000000000000000e+01
3.329936981201171875e+00,3.198004961013793945e+00,1.300000000000000000e+01,1.700000000000000000e+01
4.055040359497070312e+00,2.711711168289184570e+00,1.300000000000000000e+01,1.700000000000000000e+01
5.063615322113037109e+00,2.550853967666625977e+00,1.300000000000000000e+01,1.700000000000000000e+01
3.217648267745971680e+00,3.317920207977294922e+00,1.300000000000000000e+01,1.700000000000000000e+01
6.085065603256225586e-01,4.725968360900878906e+00,1.300000000000000000e+01,1.800000000000000000e+01
2.410833120346069336e+00,4.485930442810058594e+00,1.300000000000000000e+01,1.700000000000000000e+01
2.883827686309814453e+00,4.164299011230468750e+00,1.300000000000000000e+01,1.700000000000000000e+01
3.156390905380249023e+00,3.207019567489624023e+00,1.300000000000000000e+01,1.700000000000000000e+01
3.881696462631225586e+00,2.853262901306152344e+00,1.300000000000000000e+01,1.700000000000000000e+01
6.090676307678222656e+00,2.547189712524414062e+00,1.300000000000000000e+01,1.700000000000000000e+01
2.313342094421386719e+00,4.568285465240478516e+00,1.300000000000000000e+01,1.700000000000000000e+01
4.292597293853759766e+00,2.618838787078857422e+00,1.300000000000000000e+01,1.700000000000000000e+01
5.464774608612060547e+00,2.487273693084716797e+00,1.300000000000000000e+01,1.700000000000000000e+01
3.740056276321411133e+00,2.977299213409423828e+00,1.300000000000000000e+01,1.700000000000000000e+01
5.396660804748535156e+00,2.896257400512695312e+00,1.300000000000000000e+01,1.700000000000000000e+01
4.324699401855468750e+00,2.595110416412353516e+00,1.300000000000000000e+01,1.700000000000000000e+01
4.595795154571533203e+00,3.075100660324096680e+00,1.300000000000000000e+01,1.700000000000000000e+01
5.073249816894531250e+00,2.422743320465087891e+00,1.300000000000000000e+01,1.700000000000000000e+01
5.980947017669677734e+00,2.534722328186035156e+00,1.300000000000000000e+01,1.700000000000000000e+01
6.038657665252685547e+00,2.489066600799560547e+00,1.300000000000000000e+01,1.700000000000000000e+01
3.688853979110717773e+00,3.032204627990722656e+00,1.300000000000000000e+01,1.700000000000000000e+01
3.272889375686645508e+00,3.402150630950927734e+00,1.300000000000000000e+01,1.700000000000000000e+01
2.429870605468750000e+00,4.490145683288574219e+00,1.300000000000000000e+01,1.700000000000000000e+01
3.803340673446655273e+00,2.958600759506225586e+00,1.300000000000000000e+01,1.700000000000000000e+01
3.784576892852783203e+00,3.002915859222412109e+00,1.300000000000000000e+01,1.700000000000000000e+01
2.281320810317993164e+00,4.603821754455566406e+00,1.300000000000000000e+01,1.700000000000000000e+01
3.330152750015258789e+00,3.783797502517700195e+00,1.300000000000000000e+01,1.700000000000000000e+01
5.039733886718750000e+00,2.423893928527832031e+00,1.300000000000000000e+01,1.700000000000000000e+01
5.174713134765625000e-01,4.778588294982910156e+00,1.300000000000000000e+01,1.800000000000000000e+01
3.855811834335327148e+00,3.046116590499877930e+00,1.300000000000000000e+01,1.700000000000000000e+01
2.944400072097778320e+00,4.112703323364257812e+00,1.300000000000000000e+01,1.700000000000000000e+01
6.099853515625000000e+00,2.528309106826782227e+00,1.300000000000000000e+01,1.700000000000000000e+01
3.981630325317382812e+00,2.758095502853393555e+00,1.300000000000000000e+01,1.700000000000000000e+01
3.058013439178466797e+00,3.997732400894165039e+00,1.300000000000000000e+01,1.700000000000000000e+01
4.800527572631835938e+00,3.058713912963867188e+00,1.300000000000000000e+01,1.700000000000000000e+01
5.073923110961914062e+00,3.016581296920776367e+00,1.300000000000000000e+01,1.700000000000000000e+01
5.709747791290283203e+00,2.728041648864746094e+00,1.300000000000000000e+01,1.700000000000000000e+01
-4.395138263702392578e+00,9.025804519653320312e+00,1.400000000000000000e+01,1.500000000000000000e+01
-3.127418756484985352e+00,1.006137752532958984e+01,1.400000000000000000e+01,1.500000000000000000e+01
-4.104618549346923828e+00,9.378519058227539062e+00,1.400000000000000000e+01,1.500000000000000000e+01
-3.739035129547119141e+00,9.756367683410644531e+00,1.400000000000000000e+01,1.500000000000000000e+01
-6.938037395477294922e+00,9.398040771484375000e+00,1.400000000000000000e+01,1.900000000000000000e+01
-5.159837245941162109e+00,8.862977981567382812e+00,1.400000000000000000e+01,1.500000000000000000e+01
-3.204069852828979492e+00,1.015854835510253906e+01,1.400000000000000000e+01,1.500000000000000000e+01
-3.618272781372070312e+00,1.027198123931884766e+01,1.400000000000000000e+01,1.500000000000000000e+01
-4.035234928131103516e+00,-3.738752603530883789e+00,1.400000000000000000e+01,1.300000000000000000e+01
-3.654110431671142578e+00,9.739765167236328125e+00,1.400000000000000000e+01,1.500000000000000000e+01
-3.802145242691040039e+00,9.916248321533203125e+00,1.400000000000000000e+01,1.500000000000000000e+01
-3.708474874496459961e+00,9.708956718444824219e+00,1.400000000000000000e+01,1.500000000000000000e+01
-7.758253574371337891e+00,1.013257312774658203e+01,1.400000000000000000e+01,1.900000000000000000e+01
-7.150267124176025391e+00,9.594779968261718750e+00,1.400000000000000000e+01,1.900000000000000000e+01
-3.642620801925659180e+00,1.004124736785888672e+01,1.400000000000000000e+01,1.500000000000000000e+01
-3.101893663406372070e+00,9.934983253479003906e+00,1.400000000000000000e+01,1.500000000000000000e+01
-4.669549942016601562e+00,8.486318588256835938e+00,1.400000000000000000e+01,1.500000000000000000e+01
-3.934524297714233398e+00,9.721123695373535156e+00,1.400000000000000000e+01,1.500000000000000000e+01
-4.282002449035644531e+00,9.466006278991699219e+00,1.400000000000000000e+01,1.100000000000000000e+01
-5.302446365356445312e+00,8.682498931884765625e+00,1.400000000000000000e+01,1.500000000000000000e+01
-4.437958240509033203e+00,9.337293624877929688e+00,1.400000000000000000e+01,1.500000000000000000e+01
-4.336864948272705078e+00,9.418161392211914062e+00,1.400000000000000000e+01,1.500000000000000000e+01
-6.194444656372070312e+00,8.120825767517089844e+00,1.400000000000000000e+01,1.900000000000000000e+01
-7.791140556335449219e+00,1.016337013244628906e+01,1.400000000000000000e+01,1.900000000000000000e+01
-4.627137184143066406e+00,8.685184478759765625e+00,1.400000000000000000e+01,1.500000000000000000e+01
-5.922628402709960938e+00,8.794775009155273438e+00,1.400000000000000000e+01,1.900000000000000000e+01
-7.240808486938476562e+00,9.678340911865234375e+00,1.400000000000000000e+01,1.900000000000000000e+01
-4.053142547607421875e+00,9.605320930480957031e+00,1.400000000000000000e+01,1.500000000000000000e+01
-3.741652488708496094e+00,9.856652259826660156e+00,1.400000000000000000e+01,1.500000000000000000e+01
-5.057990074157714844e+00,7.619482994079589844e+00,1.400000000000000000e+01,1.900000000000000000e+01
-3.677017450332641602e+00,9.692792892456054688e+00,1.400000000000000000e+01,1.500000000000000000e+01
-3.918712139129638672e+00,9.732964515686035156e+00,1.400000000000000000e+01,1.500000000000000000e+01
-3.509707450866699219e+00,1.036139678955078125e+01,1.400000000000000000e+01,1.500000000000000000e+01
-3.146238565444946289e+00,9.919116973876953125e+00,1.400000000000000000e+01,1.500000000000000000e+01
4.508228302001953125e-01,6.099734306335449219e+00,1.400000000000000000e+01,1.800000000000000000e+01
-3.846488475799560547e+00,9.534808158874511719e+00,1.400000000000000000e+01,1.500000000000000000e+01
5.028268098831176758e-01,6.582792282104492188e+00,1.400000000000000000e+01,1.800000000000000000e+01
-4.566061496734619141e+00,8.713439941406250000e+00,1.400000000000000000e+01,1.500000000000000000e+01
-3.335084915161132812e+00,9.809714317321777344e+00,1.400000000000000000e+01,1.500000000000000000e+01
-3.512013435363769531e+00,1.035244083404541016e+01,1.400000000000000000e+01,1.500000000000000000e+01
-7.124911785125732422e+00,9.572599411010742188e+00,1.400000000000000000e+01,1.900000000000000000e+01
-5.387994289398193359e+00,7.551071166992187500e+00,1.400000000000000000e+01,1.900000000000000000e+01
-3.108750343322753906e+00,9.922247886657714844e+00,1.400000000000000000e+01,1.500000000000000000e+01
-4.216521263122558594e+00,9.471997261047363281e+00,1.400000000000000000e+01,1.500000000000000000e+01
-7.785367965698242188e+00,1.015808582305908203e+01,1.400000000000000000e+01,1.900000000000000000e+01
1.587249851226806641e+01,1.343575477600097656e+01,1.400000000000000000e+01,1.100000000000000000e+01
-3.644915580749511719e+00,1.026804351806640625e+01,1.400000000000000000e+01,1.400000000000000000e+01
-3.727888584136962891e+00,9.762504577636718750e+00,1.400000000000000000e+01,1.500000000000000000e+01
-3.097216606140136719e+00,9.932877540588378906e+00,1.400000000000000000e+01,1.500000000000000000e+01
-3.333728075027465820e+00,9.778413772583007812e+00,1.400000000000000000e+01,1.500000000000000000e+01
-4.407168865203857422e+00,9.160952568054199219e+00,1.400000000000000000e+01,1.500000000000000000e+01
2.746105194091796875e-01,4.213243007659912109e+00,1.400000000000000000e+01,1.600000000000000000e+01
2.329752445220947266e-01,5.624918937683105469e+00,1.400000000000000000e+01,1.800000000000000000e+01
-3.427668809890747070e+00,1.033635711669921875e+01,1.400000000000000000e+01,1.500000000000000000e+01
-3.702442884445190430e+00,9.975194931030273438e+00,1.400000000000000000e+01,1.500000000000000000e+01
-3.928601503372192383e+00,9.719090461730957031e+00,1.400000000000000000e+01,1.500000000000000000e+01
-7.789265632629394531e+00,1.016147518157958984e+01,1.400000000000000000e+01,1.900000000000000000e+01
-5.326651096343994141e+00,8.525054931640625000e+00,1.400000000000000000e+01,1.500000000000000000e+01
-6.988923549652099609e+00,9.447176933288574219e+00,1.400000000000000000e+01,1.900000000000000000e+01
-4.544634819030761719e+00,8.789073944091796875e+00,1.400000000000000000e+01,1.500000000000000000e+01
-4.351976871490478516e+00,9.400727272033691406e+00,1.400000000000000000e+01,1.500000000000000000e+01
-3.508787393569946289e+00,1.036625385284423828e+01,1.400000000000000000e+01,1.500000000000000000e+01
-7.592078685760498047e+00,9.985354423522949219e+00,1.400000000000000000e+01,1.900000000000000000e+01
-6.879818439483642578e+00,9.333410263061523438e+00,1.400000000000000000e+01,1.900000000000000000e+01
-4.396205425262451172e+00,9.037190437316894531e+00,1.400000000000000000e+01,1.500000000000000000e+01
-6.425549030303955078e+00,8.978571891784667969e+00,1.400000000000000000e+01,1.900000000000000000e+01
-4.423585414886474609e+00,8.969125747680664062e+00,1.400000000000000000e+01,1.500000000000000000e+01
-5.261457920074462891e+00,8.285382270812988281e+00,1.400000000000000000e+01,1.900000000000000000e+01
-3.803077697753906250e+00,9.855294227600097656e+00,1.400000000000000000e+01,1.500000000000000000e+01
-4.528289794921875000e+00,8.724155426025390625e+00,1.400000000000000000e+01,1.500000000000000000e+01
-3.597371339797973633e+00,9.686369895935058594e+00,1.400000000000000000e+01,1.500000000000000000e+01
-4.590649604797363281e+00,8.629717826843261719e+00,1.400000000000000000e+01,1.500000000000000000e+01
-5.305739879608154297e+00,8.684726715087890625e+00,1.400000000000000000e+01,1.500000000000000000e+01
-5.236086368560791016e+00,8.776439666748046875e+00,1.400000000000000000e+01,1.500000000000000000e+01
-7.785923957824707031e+00,1.015905475616455078e+01,1.400000000000000000e+01,1.900000000000000000e+01
-1.232722568511962891e+01,5.059295654296875000e+00,1.400000000000000000e+01,1.400000000000000000e+01
-3.989434480667114258e+00,9.584674835205078125e+00,1.400000000000000000e+01,1.500000000000000000e+01
2.232878804206848145e-01,5.822709560394287109e+00,1.400000000000000000e+01,1.800000000000000000e+01
-7.381196975708007812e+00,9.799014091491699219e+00,1.400000000000000000e+01,1.900000000000000000e+01
-4.146847248077392578e+00,9.362388610839843750e+00,1.400000000000000000e+01,1.500000000000000000e+01
-3.134741783142089844e+00,9.921850204467773438e+00,1.400000000000000000e+01,1.500000000000000000e+01
-4.308907508850097656e+00,9.155454635620117188e+00,1.400000000000000000e+01,1.500000000000000000e+01
-1.059270381927490234e+01,1.163177728652954102e+00,1.400000000000000000e+01,1.600000000000000000e+01
-3.994186639785766602e+00,9.559239387512207031e+00,1.400000000000000000e+01,1.500000000000000000e+01
-3.116984367370605469e+00,9.930024147033691406e+00,1.400000000000000000e+01,1.500000000000000000e+01
-7.354021072387695312e+00,9.776040077209472656e+00,1.400000000000000000e+01,1.900000000000000000e+01
-3.556587696075439453e+00,1.036696529388427734e+01,1.400000000000000000e+01,1.500000000000000000e+01
-4.127714633941650391e+00,9.531731605529785156e+00,1.400000000000000000e+01,1.500000000000000000e+01
-4.223209857940673828e+00,9.456730842590332031e+00,1.400000000000000000e+01,1.500000000000000000e+01
-6.127139568328857422e+00,8.080008506774902344e+00,1.400000000000000000e+01,1.900000000000000000e+01
-4.386653900146484375e+00,9.379089355468750000e+00,1.400000000000000000e+01,1.500000000000000000e+01
-3.692734241485595703e+00,9.632585525512695312e+00,1.400000000000000000e+01,1.500000000000000000e+01
-7.253405570983886719e+00,9.687804222106933594e+00,1.400000000000000000e+01,1.900000000000000000e+01
-7.393840312957763672e+00,9.810917854309082031e+00,1.400000000000000000e+01,1.900000000000000000e+01
-3.036320209503173828e+00,1.004860496520996094e+01,1.400000000000000000e+01,1.500000000000000000e+01
-3.868940353393554688e+00,9.647614479064941406e+00,1.400000000000000000e+01,1.500000000000000000e+01
-3.065231561660766602e+00,9.972443580627441406e+00,1.400000000000000000e+01,1.500000000000000000e+01
-5.079512119293212891e+00,8.877538681030273438e+00,1.400000000000000000e+01,1.500000000000000000e+01
-7.776597499847412109e+00,1.014864444732666016e+01,1.400000000000000000e+01,1.900000000000000000e+01
-3.955276489257812500e+00,9.610892295837402344e+00,1.400000000000000000e+01,1.500000000000000000e+01
-3.095539569854736328e+00,9.926214218139648438e+00,1.400000000000000000e+01,1.500000000000000000e+01
-6.517631530761718750e+00,8.683017730712890625e+00,1.400000000000000000e+01,1.900000000000000000e+01
-3.094898939132690430e+00,9.959050178527832031e+00,1.400000000000000000e+01,1.500000000000000000e+01
-3.069434404373168945e+00,1.006081676483154297e+01,1.400000000000000000e+01,1.500000000000000000e+01
-3.423380136489868164e+00,1.031774806976318359e+01,1.400000000000000000e+01,1.500000000000000000e+01
-3.127292156219482422e+00,9.915843009948730469e+00,1.400000000000000000e+01,1.500000000000000000e+01
-3.902413129806518555e+00,9.764217376708984375e+00,1.400000000000000000e+01,1.500000000000000000e+01
-5.360715866088867188e+00,7.220005989074707031e+00,1.400000000000000000e+01,1.900000000000000000e+01
-4.382902622222900391e+00,9.325606346130371094e+00,1.400000000000000000e+01,1.500000000000000000e+01
-3.435909032821655273e+00,1.033361339569091797e+01,1.400000000000000000e+01,1.500000000000000000e+01
3.336139321327209473e-01,5.365872859954833984e+00,1.400000000000000000e+01,1.800000000000000000e+01
-3.348949432373046875e+00,1.028489208221435547e+01,1.400000000000000000e+01,1.500000000000000000e+01
-3.760164022445678711e+00,9.950830459594726562e+00,1.400000000000000000e+01,1.500000000000000000e+01
-4.429135322570800781e+00,9.174761772155761719e+00,1.400000000000000000e+01,1.500000000000000000e+01
-7.815293312072753906e+00,1.018758583068847656e+01,1.400000000000000000e+01,1.900000000000000000e+01
-1.049295139312744141e+01,1.232069253921508789e+00,1.400000000000000000e+01,1.600000000000000000e+01
-7.786677360534667969e+00,1.015956974029541016e+01,1.400000000000000000e+01,1.900000000000000000e+01
-5.413742542266845703e+00,8.194729804992675781e+00,1.400000000000000000e+01,1.900000000000000000e+01
-1.168661594390869141e+01,9.373477101325988770e-01,1.400000000000000000e+01,1.600000000000000000e+01
-4.418052196502685547e+00,9.106152534484863281e+00,1.400000000000000000e+01,1.500000000000000000e+01
-3.103125095367431641e+00,1.004859161376953125e+01,1.400000000000000000e+01,1.500000000000000000e+01
-4.773594856262207031e+00,8.358778953552246094e+00,1.400000000000000000e+01,1.500000000000000000e+01
-3.505247354507446289e+00,1.035819721221923828e+01,1.400000000000000000e+01,1.500000000000000000e+01
-3.864529609680175781e+00,9.776073455810546875e+00,1.400000000000000000e+01,1.500000000000000000e+01
-3.347246408462524414e+00,1.028480625152587891e+01,1.400000000000000000e+01,1.500000000000000000e+01
-4.301615238189697266e+00,9.446864128112792969e+00,1.400000000000000000e+01,1.500000000000000000e+01
-4.584970474243164062e+00,9.117558479309082031e+00,1.400000000000000000e+01,1.500000000000000000e+01
-7.594748020172119141e+00,9.990079879760742188e+00,1.400000000000000000e+01,1.900000000000000000e+01
-3.177299261093139648e+00,9.872241020202636719e+00,1.400000000000000000e+01,1.500000000000000000e+01
-5.650116443634033203e+00,8.720872879028320312e+00,1.400000000000000000e+01,1.500000000000000000e+01
-5.394926071166992188e+00,7.781241893768310547e+00,1.400000000000000000e+01,1.900000000000000000e+01
-4.549314975738525391e+00,8.722982406616210938e+00,1.400000000000000000e+01,1.500000000000000000e+01
-4.231997489929199219e+00,9.458156585693359375e+00,1.400000000000000000e+01,1.500000000000000000e+01
-3.980165243148803711e+00,9.676237106323242188e+00,1.400000000000000000e+01,1.500000000000000000e+01
-5.086377143859863281e+00,8.332505226135253906e+00,1.400000000000000000e+01,1.500000000000000000e+01
-4.875182628631591797e+00,8.344989776611328125e+00,1.400000000000000000e+01,1.500000000000000000e+01
-4.566861629486083984e+00,9.212933540344238281e+00,1.400000000000000000e+01,1.500000000000000000e+01
-3.087541103363037109e+00,1.001580047607421875e+01,1.400000000000000000e+01,1.500000000000000000e+01
-6.164589881896972656e+00,8.121807098388671875e+00,1.400000000000000000e+01,1.900000000000000000e+01
-3.736407995223999023e+00,9.720438003540039062e+00,1.400000000000000000e+01,1.500000000000000000e+01
-7.557143211364746094e+00,9.953133583068847656e+00,1.400000000000000000e+01,1.900000000000000000e+01
-4.562685966491699219e+00,8.667346000671386719e+00,1.400000000000000000e+01,1.500000000000000000e+01
-1.166233348846435547e+01,9.257522225379943848e-01,1.400000000000000000e+01,1.600000000000000000e+01
-7.180074691772460938e+00,9.621656417846679688e+00,1.400000000000000000e+01,1.900000000000000000e+01
-7.174512863159179688e+00,9.618023872375488281e+00,1.400000000000000000e+01,1.900000000000000000e+01
-5.597254276275634766e+00,8.722087860107421875e+00,1.400000000000000000e+01,1.500000000000000000e+01
-5.229200363159179688e+00,8.728999137878417969e+00,1.400000000000000000e+01,1.500000000000000000e+01
-7.783741950988769531e+00,1.015636348724365234e+01,1.400000000000000000e+01,1.900000000000000000e+01
4.087436795234680176e-01,6.193934440612792969e+00,1.400000000000000000e+01,1.800000000000000000e+01
-5.588372707366943359e+00,8.779293060302734375e+00,1.400000000000000000e+01,1.500000000000000000e+01
-3.403981208801269531e+00,1.032526111602783203e+01,1.400000000000000000e+01,1.500000000000000000e+01
-3.822698831558227539e+00,9.551676750183105469e+00,1.400000000000000000e+01,1.500000000000000000e+01
-5.086889743804931641e+00,7.507762908935546875e+00,1.400000000000000000e+01,1.900000000000000000e+01
-4.876902103424072266e+00,8.319555282592773438e+00,1.400000000000000000e+01,1.500000000000000000e+01
-4.419400215148925781e+00,8.950422286987304688e+00,1.400000000000000000e+01,1.500000000000000000e+01
-3.584716796875000000e+00,1.032806015014648438e+01,1.400000000000000000e+01,1.500000000000000000e+01
-3.548359155654907227e+00,1.034453868865966797e+01,1.400000000000000000e+01,1.500000000000000000e+01
-6.935502052307128906e+00,9.395305633544921875e+00,1.400000000000000000e+01,1.900000000000000000e+01
-4.426144123077392578e+00,8.957592010498046875e+00,1.400000000000000000e+01,1.500000000000000000e+01
-3.358867883682250977e+00,1.027617931365966797e+01,1.400000000000000000e+01,1.500000000000000000e+01
-3.767699718475341797e+00,9.754320144653320312e+00,1.400000000000000000e+01,1.500000000000000000e+01
-7.798157691955566406e+00,1.017061996459960938e+01,1.400000000000000000e+01,1.900000000000000000e+01
-4.963279724121093750e+00,9.010446548461914062e+00,1.400000000000000000e+01,1.500000000000000000e+01
-4.106433391571044922e+00,9.516349792480468750e+00,1.400000000000000000e+01,1.500000000000000000e+01
-3.075605392456054688e+00,9.996989250183105469e+00,1.400000000000000000e+01,1.500000000000000000e+01
-4.465936183929443359e+00,8.858224868774414062e+00,1.400000000000000000e+01,1.500000000000000000e+01
-7.782092094421386719e+00,1.015516662597656250e+01,1.400000000000000000e+01,1.900000000000000000e+01
-4.354590415954589844e+00,9.074846267700195312e+00,1.400000000000000000e+01,1.500000000000000000e+01
-3.102627515792846680e+00,9.969198226928710938e+00,1.400000000000000000e+01,1.500000000000000000e+01
-7.604679584503173828e+00,9.997134208679199219e+00,1.400000000000000000e+01,1.900000000000000000e+01
-3.530978202819824219e+00,1.036725234985351562e+01,1.400000000000000000e+01,1.500000000000000000e+01
-7.148272514343261719e+00,9.592612266540527344e+00,1.400000000000000000e+01,1.900000000000000000e+01
-4.499447345733642578e+00,8.791560173034667969e+00,1.400000000000000000e+01,1.500000000000000000e+01
-7.810692310333251953e+00,1.018160533905029297e+01,1.400000000000000000e+01,1.900000000000000000e+01
-4.410975456237792969e+00,9.376852035522460938e+00,1.400000000000000000e+01,1.500000000000000000e+01
-3.702457427978515625e+00,9.658553123474121094e+00,1.400000000000000000e+01,1.500000000000000000e+01
-4.613698959350585938e+00,8.586366653442382812e+00,1.400000000000000000e+01,1.500000000000000000e+01
-4.518640995025634766e+00,8.776438713073730469e+00,1.400000000000000000e+01,1.500000000000000000e+01
-5.862628936767578125e+00,8.764202117919921875e+00,1.400000000000000000e+01,1.900000000000000000e+01
-7.475713729858398438e+00,9.884984016418457031e+00,1.400000000000000000e+01,1.900000000000000000e+01
-7.792989730834960938e+00,1.016532993316650391e+01,1.400000000000000000e+01,1.900000000000000000e+01
-4.528433322906494141e+00,8.731365203857421875e+00,1.400000000000000000e+01,1.500000000000000000e+01
-4.508057117462158203e+00,8.751144409179687500e+00,1.400000000000000000e+01,1.500000000000000000e+01
-4.399747371673583984e+00,9.353643417358398438e+00,1.400000000000000000e+01,1.500000000000000000e+01
1.951912307739257812e+01,1.370608425140380859e+01,1.400000000000000000e+01,1.100000000000000000e+01
-3.527195692062377930e+00,1.034501743316650391e+01,1.400000000000000000e+01,1.500000000000000000e+01
-4.124860286712646484e+00,9.400688171386718750e+00,1.400000000000000000e+01,1.500000000000000000e+01
-7.804775238037109375e+00,1.017625999450683594e+01,1.400000000000000000e+01,1.900000000000000000e+01
-3.723691701889038086e+00,9.803569793701171875e+00,1.400000000000000000e+01,1.500000000000000000e+01
-3.882386207580566406e+00,9.846870422363281250e+00,1.400000000000000000e+01,1.500000000000000000e+01
-6.462280750274658203e+00,7.969709396362304688e+00,1.400000000000000000e+01,1.900000000000000000e+01
-5.316239356994628906e+00,7.537582397460937500e+00,1.400000000000000000e+01,1.900000000000000000e+01
-6.428293228149414062e+00,8.349806785583496094e+00,1.400000000000000000e+01,1.900000000000000000e+01
-3.125436305999755859e+00,9.904897689819335938e+00,1.400000000000000000e+01,1.500000000000000000e+01
-7.575338840484619141e+00,9.971143722534179688e+00,1.400000000000000000e+01,1.900000000000000000e+01
-7.146814346313476562e+00,9.592137336730957031e+00,1.400000000000000000e+01,1.900000000000000000e+01
-6.515751838684082031e+00,8.964861869812011719e+00,1.400000000000000000e+01,1.900000000000000000e+01
-6.537961006164550781e+00,8.946743965148925781e+00,1.400000000000000000e+01,1.900000000000000000e+01
-6.584381103515625000e+00,9.043375015258789062e+00,1.400000000000000000e+01,1.900000000000000000e+01
-6.105168342590332031e+00,6.624884128570556641e+00,1.400000000000000000e+01,1.900000000000000000e+01
-5.317303657531738281e+00,8.460115432739257812e+00,1.400000000000000000e+01,1.900000000000000000e+01
-5.897961139678955078e+00,8.518913269042968750e+00,1.400000000000000000e+01,1.900000000000000000e+01
1.884225463867187500e+01,1.403559589385986328e+01,1.400000000000000000e+01,1.100000000000000000e+01
-5.207394123077392578e+00,7.148303031921386719e+00,1.400000000000000000e+01,1.900000000000000000e+01
-5.555420398712158203e+00,8.766836166381835938e+00,1.400000000000000000e+01,1.500000000000000000e+01
-3.902969598770141602e+00,9.470631599426269531e+00,1.400000000000000000e+01,1.500000000000000000e+01
-3.072954177856445312e+00,9.976776123046875000e+00,1.400000000000000000e+01,1.500000000000000000e+01
-3.480409860610961914e+00,1.030509567260742188e+01,1.400000000000000000e+01,1.500000000000000000e+01
-4.884394645690917969e+00,8.558841705322265625e+00,1.400000000000000000e+01,1.500000000000000000e+01
2.825797200202941895e-01,6.162221431732177734e+00,1.400000000000000000e+01,1.800000000000000000e+01
-6.460930824279785156e+00,8.383691787719726562e+00,1.500000000000000000e+01,1.900000000000000000e+01
-5.263089656829833984e+00,6.452019214630126953e+00,1.500000000000000000e+01,1.900000000000000000e+01
-5.432139396667480469e+00,6.304036140441894531e+00,1.500000000000000000e+01,1.900000000000000000e+01
-5.145115375518798828e+00,6.722288131713867188e+00,1.500000000000000000e+01,1.900000000000000000e+01
-6.641802787780761719e+00,7.194858551025390625e+00,1.500000000000000000e+01,1.900000000000000000e+01
-6.088173389434814453e+00,5.910644531250000000e+00,1.500000000000000000e+01,1.900000000000000000e+01
-6.529966831207275391e+00,7.990108966827392578e+00,1.500000000000000000e+01,1.900000000000000000e+01
-6.634490966796875000e+00,6.783350944519042969e+00,1.500000000000000000e+01,1.900000000000000000e+01
-6.008506774902343750e+00,5.934092521667480469e+00,1.500000000000000000e+01,1.900000000000000000e+01
-6.032492160797119141e+00,5.964711189270019531e+00,1.500000000000000000e+01,1.900000000000000000e+01
-6.528737545013427734e+00,6.267365455627441406e+00,1.500000000000000000e+01,1.900000000000000000e+01
-5.411821365356445312e+00,7.566689014434814453e+00,1.500000000000000000e+01,1.900000000000000000e+01
-5.483414649963378906e+00,8.196771621704101562e+00,1.500000000000000000e+01,1.900000000000000000e+01
-5.066553592681884766e+00,7.434622287750244141e+00,1.500000000000000000e+01,1.900000000000000000e+01
-5.306579589843750000e+00,6.339829444885253906e+00,1.500000000000000000e+01,1.900000000000000000e+01
-5.572601795196533203e+00,6.762901782989501953e+00,1.500000000000000000e+01,1.900000000000000000e+01
-6.489532470703125000e+00,6.431360244750976562e+00,1.500000000000000000e+01,1.900000000000000000e+01
-5.691146373748779297e+00,6.044454097747802734e+00,1.500000000000000000e+01,1.900000000000000000e+01
-6.078306198120117188e+00,6.950372695922851562e+00,1.500000000000000000e+01,1.900000000000000000e+01
-6.167237758636474609e+00,6.554672718048095703e+00,1.500000000000000000e+01,1.900000000000000000e+01
-5.112447738647460938e+00,6.736348628997802734e+00,1.500000000000000000e+01,1.900000000000000000e+01
-4.960103511810302734e+00,7.857700347900390625e+00,1.500000000000000000e+01,1.900000000000000000e+01
-6.544782161712646484e+00,8.553879737854003906e+00,1.500000000000000000e+01,1.900000000000000000e+01
-6.111515522003173828e+00,6.917999267578125000e+00,1.500000000000000000e+01,1.900000000000000000e+01
-5.301713466644287109e+00,7.582123279571533203e+00,1.500000000000000000e+01,1.900000000000000000e+01
-6.491458892822265625e+00,6.287780284881591797e+00,1.500000000000000000e+01,1.900000000000000000e+01
-6.294482707977294922e+00,6.494400024414062500e+00,1.500000000000000000e+01,1.900000000000000000e+01
-5.998453140258789062e+00,5.897649765014648438e+00,1.500000000000000000e+01,1.900000000000000000e+01
-5.415946006774902344e+00,6.262755870819091797e+00,1.500000000000000000e+01,1.900000000000000000e+01
-5.874563217163085938e+00,5.929375648498535156e+00,1.500000000000000000e+01,1.900000000000000000e+01
-6.534076690673828125e+00,6.785744667053222656e+00,1.500000000000000000e+01,1.900000000000000000e+01
-5.295062065124511719e+00,6.424420833587646484e+00,1.500000000000000000e+01,1.900000000000000000e+01
-6.451923370361328125e+00,7.005025386810302734e+00,1.500000000000000000e+01,1.900000000000000000e+01
-6.906830310821533203e+00,9.363936424255371094e+00,1.500000000000000000e+01,1.900000000000000000e+01
-5.255985736846923828e+00,7.421182155609130859e+00,1.500000000000000000e+01,1.900000000000000000e+01
-5.284048080444335938e+00,6.347435474395751953e+00,1.500000000000000000e+01,1.900000000000000000e+01
-5.065183162689208984e+00,7.495041847229003906e+00,1.500000000000000000e+01,1.900000000000000000e+01
-5.110589027404785156e+00,6.729732990264892578e+00,1.500000000000000000e+01,1.900000000000000000e+01
-5.384129524230957031e+00,6.300223827362060547e+00,1.500000000000000000e+01,1.900000000000000000e+01
-6.620341777801513672e+00,6.634340286254882812e+00,1.500000000000000000e+01,1.900000000000000000e+01
-5.619790077209472656e+00,6.965067863464355469e+00,1.500000000000000000e+01,1.900000000000000000e+01
-5.330901145935058594e+00,8.516112327575683594e+00,1.500000000000000000e+01,1.900000000000000000e+01
-5.107103824615478516e+00,6.765388965606689453e+00,1.500000000000000000e+01,1.900000000000000000e+01
-6.593244552612304688e+00,7.088168144226074219e+00,1.500000000000000000e+01,1.900000000000000000e+01
-6.471918106079101562e+00,6.910017967224121094e+00,1.500000000000000000e+01,1.900000000000000000e+01
-4.835132122039794922e+00,8.179207801818847656e+00,1.500000000000000000e+01,1.500000000000000000e+01
-5.010922431945800781e+00,8.128895759582519531e+00,1.500000000000000000e+01,1.900000000000000000e+01
-5.482831478118896484e+00,6.275050163269042969e+00,1.500000000000000000e+01,1.900000000000000000e+01
-6.694215297698974609e+00,7.099774837493896484e+00,1.500000000000000000e+01,1.900000000000000000e+01
-5.300554752349853516e+00,8.240571022033691406e+00,1.500000000000000000e+01,1.900000000000000000e+01
-6.032244205474853516e+00,5.881922245025634766e+00,1.500000000000000000e+01,1.900000000000000000e+01
-6.560011863708496094e+00,6.347058296203613281e+00,1.500000000000000000e+01,1.900000000000000000e+01
-5.357164382934570312e+00,7.501863956451416016e+00,1.500000000000000000e+01,1.900000000000000000e+01
-6.539099216461181641e+00,8.488957405090332031e+00,1.500000000000000000e+01,1.900000000000000000e+01
-5.605305194854736328e+00,6.312162876129150391e+00,1.500000000000000000e+01,1.900000000000000000e+01
-5.653911590576171875e+00,6.445717334747314453e+00,1.500000000000000000e+01,1.900000000000000000e+01
-6.577739238739013672e+00,8.937573432922363281e+00,1.500000000000000000e+01,1.900000000000000000e+01
-5.118198394775390625e+00,6.743804454803466797e+00,1.500000000000000000e+01,1.900000000000000000e+01
-6.552417755126953125e+00,8.882255554199218750e+00,1.500000000000000000e+01,1.900000000000000000e+01
-6.688631057739257812e+00,7.082245826721191406e+00,1.500000000000000000e+01,1.900000000000000000e+01
-6.549659252166748047e+00,8.512882232666015625e+00,1.500000000000000000e+01,1.900000000000000000e+01
-6.364626884460449219e+00,8.306437492370605469e+00,1.500000000000000000e+01,1.900000000000000000e+01
-6.283601760864257812e+00,6.021260738372802734e+00,1.500000000000000000e+01,1.900000000000000000e+01
-6.576540946960449219e+00,8.799188613891601562e+00,1.500000000000000000e+01,1.900000000000000000e+01
-6.558953762054443359e+00,8.446888923645019531e+00,1.500000000000000000e+01,1.900000000000000000e+01
-5.920755863189697266e+00,5.923002719879150391e+00,1.500000000000000000e+01,1.900000000000000000e+01
-6.538434982299804688e+00,8.158527374267578125e+00,1.500000000000000000e+01,1.900000000000000000e+01
-6.654853343963623047e+00,7.272192001342773438e+00,1.500000000000000000e+01,1.900000000000000000e+01
-6.560660362243652344e+00,6.403756141662597656e+00,1.500000000000000000e+01,1.900000000000000000e+01
-6.557475090026855469e+00,8.796701431274414062e+00,1.500000000000000000e+01,1.900000000000000000e+01
-6.563095092773437500e+00,8.901859283447265625e+00,1.500000000000000000e+01,1.900000000000000000e+01
-5.176187038421630859e+00,6.595331668853759766e+00,1.500000000000000000e+01,1.900000000000000000e+01
-6.654215812683105469e+00,7.171365261077880859e+00,1.500000000000000000e+01,1.900000000000000000e+01
-6.545391559600830078e+00,8.969130516052246094e+00,1.500000000000000000e+01,1.900000000000000000e+01
-6.577751159667968750e+00,6.454273223876953125e+00,1.500000000000000000e+01,1.900000000000000000e+01
-6.096789360046386719e+00,5.906103134155273438e+00,1.500000000000000000e+01,1.900000000000000000e+01
-6.577428817749023438e+00,6.338533878326416016e+00,1.500000000000000000e+01,1.900000000000000000e+01
-5.896604061126708984e+00,5.912786483764648438e+00,1.500000000000000000e+01,1.900000000000000000e+01
-5.321977615356445312e+00,6.368925094604492188e+00,1.500000000000000000e+01,1.900000000000000000e+01
-5.501152992248535156e+00,6.186586856842041016e+00,1.500000000000000000e+01,1.900000000000000000e+01
-5.541017055511474609e+00,6.777739524841308594e+00,1.500000000000000000e+01,1.900000000000000000e+01
-6.593842029571533203e+00,7.647162437438964844e+00,1.500000000000000000e+01,1.900000000000000000e+01
-5.263792991638183594e+00,6.427969932556152344e+00,1.500000000000000000e+01,1.900000000000000000e+01
-6.242236137390136719e+00,6.863721370697021484e+00,1.500000000000000000e+01,1.900000000000000000e+01
-5.292023181915283203e+00,8.286488533020019531e+00,1.500000000000000000e+01,1.900000000000000000e+01
-5.056350708007812500e+00,7.502230167388916016e+00,1.500000000000000000e+01,1.900000000000000000e+01
-6.678069114685058594e+00,7.031579971313476562e+00,1.500000000000000000e+01,1.900000000000000000e+01
-5.165918350219726562e+00,6.673608303070068359e+00,1.500000000000000000e+01,1.900000000000000000e+01
-6.548503398895263672e+00,6.487084388732910156e+00,1.500000000000000000e+01,1.900000000000000000e+01
-5.055175304412841797e+00,7.536309719085693359e+00,1.500000000000000000e+01,1.900000000000000000e+01
-6.573000431060791016e+00,8.016259193420410156e+00,1.500000000000000000e+01,1.900000000000000000e+01
-6.573163032531738281e+00,6.440969467163085938e+00,1.500000000000000000e+01,1.900000000000000000e+01
-6.555070877075195312e+00,8.839732170104980469e+00,1.500000000000000000e+01,1.900000000000000000e+01
-5.262853622436523438e+00,8.060145378112792969e+00,1.500000000000000000e+01,1.900000000000000000e+01
-5.736800193786621094e+00,6.007584095001220703e+00,1.500000000000000000e+01,1.900000000000000000e+01
-6.555422782897949219e+00,8.802763938903808594e+00,1.500000000000000000e+01,1.900000000000000000e+01
-6.679805278778076172e+00,7.117108345031738281e+00,1.500000000000000000e+01,1.900000000000000000e+01
-5.610338211059570312e+00,6.390585899353027344e+00,1.500000000000000000e+01,1.900000000000000000e+01
-4.834008693695068359e+00,8.187223434448242188e+00,1.500000000000000000e+01,1.500000000000000000e+01
-5.238301277160644531e+00,6.707301616668701172e+00,1.500000000000000000e+01,1.900000000000000000e+01
-5.903926372528076172e+00,8.340704917907714844e+00,1.500000000000000000e+01,1.900000000000000000e+01
-6.546983242034912109e+00,8.559644699096679688e+00,1.500000000000000000e+01,1.900000000000000000e+01
-5.267752170562744141e+00,6.471621036529541016e+00,1.500000000000000000e+01,1.900000000000000000e+01
-6.617942810058593750e+00,6.763559341430664062e+00,1.500000000000000000e+01,1.900000000000000000e+01
-5.304939270019531250e+00,6.320846080780029297e+00,1.500000000000000000e+01,1.900000000000000000e+01
-6.493967056274414062e+00,6.237341403961181641e+00,1.500000000000000000e+01,1.900000000000000000e+01
-4.825238704681396484e+00,8.170161247253417969e+00,1.500000000000000000e+01,1.500000000000000000e+01
-6.556982040405273438e+00,8.523902893066406250e+00,1.500000000000000000e+01,1.900000000000000000e+01
-5.437517642974853516e+00,6.221122741699218750e+00,1.500000000000000000e+01,1.900000000000000000e+01
-5.755952835083007812e+00,8.498570442199707031e+00,1.500000000000000000e+01,1.900000000000000000e+01
-6.682696342468261719e+00,7.058329105377197266e+00,1.500000000000000000e+01,1.900000000000000000e+01
-5.798063755035400391e+00,6.364463806152343750e+00,1.500000000000000000e+01,1.900000000000000000e+01
-5.644056320190429688e+00,6.473291873931884766e+00,1.500000000000000000e+01,1.900000000000000000e+01
-6.633571624755859375e+00,7.332134246826171875e+00,1.500000000000000000e+01,1.900000000000000000e+01
-6.634072780609130859e+00,6.753029823303222656e+00,1.500000000000000000e+01,1.900000000000000000e+01
-6.643168449401855469e+00,6.795674324035644531e+00,1.500000000000000000e+01,1.900000000000000000e+01
-6.076086044311523438e+00,5.917207241058349609e+00,1.500000000000000000e+01,1.900000000000000000e+01
-5.658457756042480469e+00,6.434814453125000000e+00,1.500000000000000000e+01,1.900000000000000000e+01
-6.219143390655517578e+00,8.239255905151367188e+00,1.500000000000000000e+01,1.900000000000000000e+01
-6.568147659301757812e+00,6.359411239624023438e+00,1.500000000000000000e+01,1.900000000000000000e+01
-5.632370471954345703e+00,6.356250762939453125e+00,1.500000000000000000e+01,1.900000000000000000e+01
-6.077982902526855469e+00,6.730509757995605469e+00,1.500000000000000000e+01,1.900000000000000000e+01
-6.461701869964599609e+00,6.190063953399658203e+00,1.500000000000000000e+01,1.900000000000000000e+01
-6.681565284729003906e+00,7.084480762481689453e+00,1.500000000000000000e+01,1.900000000000000000e+01
-5.272688865661621094e+00,6.505211353302001953e+00,1.500000000000000000e+01,1.900000000000000000e+01
-5.475795745849609375e+00,6.317256927490234375e+00,1.500000000000000000e+01,1.900000000000000000e+01
-6.324566364288330078e+00,6.047580242156982422e+00,1.500000000000000000e+01,1.900000000000000000e+01
-5.428371429443359375e+00,6.222555160522460938e+00,1.500000000000000000e+01,1.900000000000000000e+01
-5.735132694244384766e+00,5.998751640319824219e+00,1.500000000000000000e+01,1.900000000000000000e+01
-5.483961105346679688e+00,7.758393764495849609e+00,1.500000000000000000e+01,1.900000000000000000e+01
-6.683823585510253906e+00,7.203393459320068359e+00,1.500000000000000000e+01,1.900000000000000000e+01
-6.648658275604248047e+00,7.303157329559326172e+00,1.500000000000000000e+01,1.900000000000000000e+01
-5.222658634185791016e+00,6.492801666259765625e+00,1.500000000000000000e+01,1.900000000000000000e+01
-6.289579868316650391e+00,8.281963348388671875e+00,1.500000000000000000e+01,1.900000000000000000e+01
-5.664397239685058594e+00,6.347393512725830078e+00,1.500000000000000000e+01,1.900000000000000000e+01
-5.659136772155761719e+00,6.708261966705322266e+00,1.500000000000000000e+01,1.900000000000000000e+01
-6.310416698455810547e+00,8.293062210083007812e+00,1.500000000000000000e+01,1.900000000000000000e+01
-4.734043121337890625e+00,8.377583503723144531e+00,1.500000000000000000e+01,1.500000000000000000e+01
-6.340971946716308594e+00,6.019128322601318359e+00,1.500000000000000000e+01,1.900000000000000000e+01
-6.600840568542480469e+00,7.634517192840576172e+00,1.500000000000000000e+01,1.900000000000000000e+01
-5.282894611358642578e+00,8.267549514770507812e+00,1.500000000000000000e+01,1.900000000000000000e+01
-5.518886089324951172e+00,7.685886383056640625e+00,1.500000000000000000e+01,1.900000000000000000e+01
-5.906978130340576172e+00,8.479273796081542969e+00,1.500000000000000000e+01,1.900000000000000000e+01
-6.511811733245849609e+00,8.538494110107421875e+00,1.500000000000000000e+01,1.900000000000000000e+01
-6.210777282714843750e+00,6.630143165588378906e+00,1.500000000000000000e+01,1.900000000000000000e+01
-6.565574645996093750e+00,8.908997535705566406e+00,1.500000000000000000e+01,1.900000000000000000e+01
-6.487313747406005859e+00,6.193970680236816406e+00,1.500000000000000000e+01,1.900000000000000000e+01
-6.314417362213134766e+00,8.111487388610839844e+00,1.500000000000000000e+01,1.900000000000000000e+01
-5.362524032592773438e+00,8.642990112304687500e+00,1.500000000000000000e+01,1.500000000000000000e+01
-6.455377101898193359e+00,8.546440124511718750e+00,1.500000000000000000e+01,1.900000000000000000e+01
-6.375274181365966797e+00,8.399948120117187500e+00,1.500000000000000000e+01,1.900000000000000000e+01
-1.157913970947265625e+01,6.778016686439514160e-01,1.500000000000000000e+01,1.600000000000000000e+01
-6.547788619995117188e+00,7.990777969360351562e+00,1.500000000000000000e+01,1.900000000000000000e+01
-5.674673557281494141e+00,6.925104618072509766e+00,1.500000000000000000e+01,1.900000000000000000e+01
-6.558856487274169922e+00,8.024274826049804688e+00,1.500000000000000000e+01,1.900000000000000000e+01
-5.413274765014648438e+00,6.214992523193359375e+00,1.500000000000000000e+01,1.900000000000000000e+01
-5.462570190429687500e+00,7.633202075958251953e+00,1.500000000000000000e+01,1.900000000000000000e+01
-6.349009037017822266e+00,6.060179710388183594e+00,1.500000000000000000e+01,1.900000000000000000e+01
-6.542890071868896484e+00,8.498369216918945312e+00,1.500000000000000000e+01,1.900000000000000000e+01
-6.572255611419677734e+00,6.328977584838867188e+00,1.500000000000000000e+01,1.900000000000000000e+01
-6.646071910858154297e+00,6.934800624847412109e+00,1.500000000000000000e+01,1.900000000000000000e+01
-5.905937671661376953e+00,5.918399810791015625e+00,1.500000000000000000e+01,1.900000000000000000e+01
-6.652114868164062500e+00,7.271708011627197266e+00,1.500000000000000000e+01,1.900000000000000000e+01
-6.532727241516113281e+00,8.650783538818359375e+00,1.500000000000000000e+01,1.900000000000000000e+01
-6.555084705352783203e+00,8.013872146606445312e+00,1.500000000000000000e+01,1.900000000000000000e+01
-6.567665576934814453e+00,8.009226799011230469e+00,1.500000000000000000e+01,1.900000000000000000e+01
-5.063046455383300781e+00,7.519480228424072266e+00,1.500000000000000000e+01,1.900000000000000000e+01
-6.549735069274902344e+00,6.419531345367431641e+00,1.500000000000000000e+01,1.900000000000000000e+01
-4.820136547088623047e+00,8.198616027832031250e+00,1.500000000000000000e+01,1.500000000000000000e+01
-4.994638919830322266e+00,7.752946376800537109e+00,1.500000000000000000e+01,1.900000000000000000e+01
-6.632342815399169922e+00,6.747063636779785156e+00,1.500000000000000000e+01,1.900000000000000000e+01
-5.311509132385253906e+00,6.326071739196777344e+00,1.500000000000000000e+01,1.900000000000000000e+01
-6.680790424346923828e+00,7.082195281982421875e+00,1.500000000000000000e+01,1.900000000000000000e+01
-5.857615947723388672e+00,5.941952705383300781e+00,1.500000000000000000e+01,1.900000000000000000e+01
-6.648768424987792969e+00,7.263687133789062500e+00,1.500000000000000000e+01,1.900000000000000000e+01
-4.883086681365966797e+00,8.285808563232421875e+00,1.500000000000000000e+01,1.500000000000000000e+01
-4.830357551574707031e+00,8.226193428039550781e+00,1.500000000000000000e+01,1.500000000000000000e+01
-4.842319011688232422e+00,8.182520866394042969e+00,1.500000000000000000e+01,1.500000000000000000e+01
-6.553149223327636719e+00,6.670207023620605469e+00,1.500000000000000000e+01,1.900000000000000000e+01
-5.869041442871093750e+00,7.088546276092529297e+00,1.500000000000000000e+01,1.900000000000000000e+01
-5.373733520507812500e+00,8.732560157775878906e+00,1.500000000000000000e+01,1.500000000000000000e+01
-6.466188907623291016e+00,6.971260547637939453e+00,1.500000000000000000e+01,1.900000000000000000e+01
-5.071661949157714844e+00,8.930008888244628906e+00,1.500000000000000000e+01,1.500000000000000000e+01
-6.237918853759765625e+00,6.797216415405273438e+00,1.500000000000000000e+01,1.900000000000000000e+01
-5.388598918914794922e+00,6.271059989929199219e+00,1.500000000000000000e+01,1.900000000000000000e+01
-6.505356311798095703e+00,8.668452262878417969e+00,1.500000000000000000e+01,1.900000000000000000e+01
-5.242879390716552734e+00,7.195550441741943359e+00,1.500000000000000000e+01,1.900000000000000000e+01
-6.255893230438232422e+00,6.001485824584960938e+00,1.500000000000000000e+01,1.900000000000000000e+01
-5.809922218322753906e+00,6.985181331634521484e+00,1.500000000000000000e+01,1.900000000000000000e+01
-6.683457374572753906e+00,6.859881877899169922e+00,1.500000000000000000e+01,1.900000000000000000e+01
-5.883849620819091797e+00,8.422323226928710938e+00,1.500000000000000000e+01,1.900000000000000000e+01
-5.638268947601318359e+00,6.948746204376220703e+00,1.500000000000000000e+01,1.900000000000000000e+01
-5.066343307495117188e+00,7.506601810455322266e+00,1.500000000000000000e+01,1.900000000000000000e+01
-6.683165550231933594e+00,7.175775051116943359e+00,1.500000000000000000e+01,1.900000000000000000e+01
-6.547197818756103516e+00,8.055475234985351562e+00,1.500000000000000000e+01,1.900000000000000000e+01
-5.204635620117187500e+00,6.607932567596435547e+00,1.500000000000000000e+01,1.900000000000000000e+01
-5.906471252441406250e+00,8.361106872558593750e+00,1.500000000000000000e+01,1.900000000000000000e+01
-5.870127677917480469e+00,8.433838844299316406e+00,1.500000000000000000e+01,1.900000000000000000e+01
-5.936401844024658203e+00,7.804657459259033203e+00,1.500000000000000000e+01,1.900000000000000000e+01
-6.361397743225097656e+00,6.061375141143798828e+00,1.500000000000000000e+01,1.900000000000000000e+01
-5.359458446502685547e+00,6.304473400115966797e+00,1.500000000000000000e+01,1.900000000000000000e+01
-6.391070365905761719e+00,8.073086738586425781e+00,1.500000000000000000e+01,1.900000000000000000e+01
-6.507673740386962891e+00,8.780909538269042969e+00,1.500000000000000000e+01,1.900000000000000000e+01
-5.428475856781005859e+00,7.652765274047851562e+00,1.500000000000000000e+01,1.900000000000000000e+01
-5.209305286407470703e+00,6.500236034393310547e+00,1.500000000000000000e+01,1.900000000000000000e+01
-6.595957279205322266e+00,9.060441017150878906e+00,1.500000000000000000e+01,1.900000000000000000e+01
-6.231646537780761719e+00,6.005609512329101562e+00,1.500000000000000000e+01,1.900000000000000000e+01
-5.879426479339599609e+00,7.991434574127197266e+00,1.500000000000000000e+01,1.900000000000000000e+01
-5.239309310913085938e+00,6.436834812164306641e+00,1.500000000000000000e+01,1.900000000000000000e+01
-6.552775382995605469e+00,8.739638328552246094e+00,1.500000000000000000e+01,1.900000000000000000e+01
1.615575981140136719e+01,-2.297224998474121094e+00,1.600000000000000000e+01,1.000000000000000000e+01
1.559611129760742188e+01,-2.239860057830810547e+00,1.600000000000000000e+01,1.000000000000000000e+01
1.473910713195800781e+01,-1.566267251968383789e+00,1.600000000000000000e+01,1.000000000000000000e+01
1.546106147766113281e+01,-2.169613122940063477e+00,1.600000000000000000e+01,1.000000000000000000e+01
1.719104766845703125e+01,-1.915100693702697754e+00,1.600000000000000000e+01,1.000000000000000000e+01
1.580882740020751953e+01,-2.279968023300170898e+00,1.600000000000000000e+01,1.000000000000000000e+01
1.813331985473632812e+01,-8.738349080085754395e-01,1.600000000000000000e+01,1.000000000000000000e+01
1.834130668640136719e+01,-5.808983445167541504e-01,1.600000000000000000e+01,1.000000000000000000e+01
1.355575847625732422e+01,1.194440484046936035e+00,1.600000000000000000e+01,1.000000000000000000e+01
1.368111228942871094e+01,9.949952960014343262e-01,1.600000000000000000e+01,1.000000000000000000e+01
1.476761245727539062e+01,-1.589730978012084961e+00,1.600000000000000000e+01,1.000000000000000000e+01
1.401281356811523438e+01,9.022188931703567505e-02,1.600000000000000000e+01,1.000000000000000000e+01
1.387802219390869141e+01,4.525089561939239502e-01,1.600000000000000000e+01,1.000000000000000000e+01
1.487773132324218750e+01,-1.717449545860290527e+00,1.600000000000000000e+01,1.000000000000000000e+01
1.346372509002685547e+01,1.333707451820373535e+00,1.600000000000000000e+01,1.000000000000000000e+01
1.833493423461914062e+01,-5.935933589935302734e-01,1.600000000000000000e+01,1.000000000000000000e+01
1.576391887664794922e+01,-2.275244235992431641e+00,1.600000000000000000e+01,1.000000000000000000e+01
1.540737247467041016e+01,-2.142263889312744141e+00,1.600000000000000000e+01,1.000000000000000000e+01
1.741576385498046875e+01,-1.736449718475341797e+00,1.600000000000000000e+01,1.000000000000000000e+01
1.654710197448730469e+01,-2.225703477859497070e+00,1.600000000000000000e+01,1.000000000000000000e+01
1.515395927429199219e+01,-1.959457874298095703e+00,1.600000000000000000e+01,1.000000000000000000e+01
1.420385646820068359e+01,-4.375744760036468506e-01,1.600000000000000000e+01,1.000000000000000000e+01
1.346814346313476562e+01,1.327234864234924316e+00,1.600000000000000000e+01,1.000000000000000000e+01
1.364836978912353516e+01,1.030384421348571777e+00,1.600000000000000000e+01,1.000000000000000000e+01
1.558563995361328125e+01,-2.246807098388671875e+00,1.600000000000000000e+01,1.000000000000000000e+01
1.667468833923339844e+01,-2.179051160812377930e+00,1.600000000000000000e+01,1.000000000000000000e+01
1.348217487335205078e+01,1.309155702590942383e+00,1.600000000000000000e+01,1.000000000000000000e+01
1.426904964447021484e+01,-5.827166438102722168e-01,1.600000000000000000e+01,1.000000000000000000e+01
1.446368980407714844e+01,-1.010384082794189453e+00,1.600000000000000000e+01,1.000000000000000000e+01
1.397155666351318359e+01,1.764522343873977661e-01,1.600000000000000000e+01,1.000000000000000000e+01
1.380663394927978516e+01,6.850496530532836914e-01,1.600000000000000000e+01,1.000000000000000000e+01
1.724176025390625000e+01,-1.888227581977844238e+00,1.600000000000000000e+01,1.000000000000000000e+01
1.360424232482910156e+01,1.125778198242187500e+00,1.600000000000000000e+01,1.000000000000000000e+01
1.671187591552734375e+01,-2.167484283447265625e+00,1.600000000000000000e+01,1.000000000000000000e+01
1.536727142333984375e+01,-2.113454818725585938e+00,1.600000000000000000e+01,1.000000000000000000e+01
1.372019004821777344e+01,9.107975363731384277e-01,1.600000000000000000e+01,1.000000000000000000e+01
1.552948284149169922e+01,-2.214928150177001953e+00,1.600000000000000000e+01,1.000000000000000000e+01
1.620391654968261719e+01,-2.292132616043090820e+00,1.600000000000000000e+01,1.000000000000000000e+01
1.673267555236816406e+01,-2.151036977767944336e+00,1.600000000000000000e+01,1.000000000000000000e+01
1.625769233703613281e+01,-2.284173727035522461e+00,1.600000000000000000e+01,1.000000000000000000e+01
1.464073562622070312e+01,-1.369358539581298828e+00,1.600000000000000000e+01,1.000000000000000000e+01
1.661530876159667969e+01,-2.204438924789428711e+00,1.600000000000000000e+01,1.000000000000000000e+01
1.448633766174316406e+01,-1.068012475967407227e+00,1.600000000000000000e+01,1.000000000000000000e+01
1.621177864074707031e+01,-2.293302774429321289e+00,1.600000000000000000e+01,1.000000000000000000e+01
1.569097518920898438e+01,-2.271031141281127930e+00,1.600000000000000000e+01,1.000000000000000000e+01
1.788118553161621094e+01,-1.214415550231933594e+00,1.600000000000000000e+01,1.000000000000000000e+01
1.433426666259765625e+01,-7.598809003829956055e-01,1.600000000000000000e+01,1.000000000000000000e+01
1.396726894378662109e+01,2.043248862028121948e-01,1.600000000000000000e+01,1.000000000000000000e+01
1.404807853698730469e+01,-6.881062872707843781e-03,1.600000000000000000e+01,1.000000000000000000e+01
1.373358440399169922e+01,8.588645458221435547e-01,1.600000000000000000e+01,1.000000000000000000e+01
1.560060977935791016e+01,-2.239686489105224609e+00,1.600000000000000000e+01,1.000000000000000000e+01
1.674960327148437500e+01,-2.136786460876464844e+00,1.600000000000000000e+01,1.000000000000000000e+01
1.359385204315185547e+01,1.149530291557312012e+00,1.600000000000000000e+01,1.000000000000000000e+01
1.559200859069824219e+01,-2.251075029373168945e+00,1.600000000000000000e+01,1.000000000000000000e+01
1.446742534637451172e+01,-1.030555129051208496e+00,1.600000000000000000e+01,1.000000000000000000e+01
1.474272251129150391e+01,-1.568486571311950684e+00,1.600000000000000000e+01,1.000000000000000000e+01
1.787889480590820312e+01,-1.220010757446289062e+00,1.600000000000000000e+01,1.000000000000000000e+01
1.708426475524902344e+01,-1.972458362579345703e+00,1.600000000000000000e+01,1.000000000000000000e+01
1.372063636779785156e+01,9.057262539863586426e-01,1.600000000000000000e+01,1.000000000000000000e+01
1.545207786560058594e+01,-2.163478136062622070e+00,1.600000000000000000e+01,1.000000000000000000e+01
1.360340976715087891e+01,1.123417139053344727e+00,1.600000000000000000e+01,1.000000000000000000e+01
-4.994557857513427734e+00,-3.685243844985961914e+00,1.600000000000000000e+01,1.300000000000000000e+01
1.805915832519531250e+01,-9.841026067733764648e-01,1.600000000000000000e+01,1.000000000000000000e+01
1.569846820831298828e+01,-2.261596441268920898e+00,1.600000000000000000e+01,1.000000000000000000e+01
1.826539039611816406e+01,-6.849692463874816895e-01,1.600000000000000000e+01,1.000000000000000000e+01
1.419457435607910156e+01,-4.131126105785369873e-01,1.600000000000000000e+01,1.000000000000000000e+01
1.402924442291259766e+01,4.891080781817436218e-02,1.600000000000000000e+01,1.000000000000000000e+01
1.589609909057617188e+01,-2.288631677627563477e+00,1.600000000000000000e+01,1.000000000000000000e+01
1.672284317016601562e+01,-2.158765316009521484e+00,1.600000000000000000e+01,1.000000000000000000e+01
1.557539749145507812e+01,-2.281234979629516602e+00,1.600000000000000000e+01,1.000000000000000000e+01
1.445794773101806641e+01,-1.006775379180908203e+00,1.600000000000000000e+01,1.000000000000000000e+01
1.496575164794921875e+01,-1.806150436401367188e+00,1.600000000000000000e+01,1.000000000000000000e+01
1.437061309814453125e+01,-8.252933621406555176e-01,1.600000000000000000e+01,1.000000000000000000e+01
1.357208728790283203e+01,1.186076402664184570e+00,1.600000000000000000e+01,1.000000000000000000e+01
1.789190292358398438e+01,-1.203681349754333496e+00,1.600000000000000000e+01,1.000000000000000000e+01
1.443380641937255859e+01,-9.667294025421142578e-01,1.600000000000000000e+01,1.000000000000000000e+01
1.444936943054199219e+01,-9.832560420036315918e-01,1.600000000000000000e+01,1.000000000000000000e+01
1.540888881683349609e+01,-2.141591072082519531e+00,1.600000000000000000e+01,1.000000000000000000e+01
1.380641174316406250e+01,6.830822825431823730e-01,1.600000000000000000e+01,1.000000000000000000e+01
1.534034252166748047e+01,-2.086305856704711914e+00,1.600000000000000000e+01,1.000000000000000000e+01
1.675649452209472656e+01,-2.140195608139038086e+00,1.600000000000000000e+01,1.000000000000000000e+01
1.536021709442138672e+01,-2.109655380249023438e+00,1.600000000000000000e+01,1.000000000000000000e+01
1.385930824279785156e+01,4.624934494495391846e-01,1.600000000000000000e+01,1.000000000000000000e+01
1.494455718994140625e+01,-1.785160779953002930e+00,1.600000000000000000e+01,1.000000000000000000e+01
1.421993637084960938e+01,-4.726760685443878174e-01,1.600000000000000000e+01,1.000000000000000000e+01
1.716322898864746094e+01,-1.932822942733764648e+00,1.600000000000000000e+01,1.000000000000000000e+01
1.793044853210449219e+01,-1.153377890586853027e+00,1.600000000000000000e+01,1.000000000000000000e+01
1.836884307861328125e+01,-5.473114252090454102e-01,1.600000000000000000e+01,1.000000000000000000e+01
1.389036273956298828e+01,3.786419034004211426e-01,1.600000000000000000e+01,1.000000000000000000e+01
1.839293098449707031e+01,-5.215962529182434082e-01,1.600000000000000000e+01,1.000000000000000000e+01
1.476486396789550781e+01,-1.587746739387512207e+00,1.600000000000000000e+01,1.000000000000000000e+01
1.466398525238037109e+01,-1.413294792175292969e+00,1.600000000000000000e+01,1.000000000000000000e+01
1.475603485107421875e+01,-1.576155424118041992e+00,1.600000000000000000e+01,1.000000000000000000e+01
1.373130035400390625e+01,8.542365431785583496e-01,1.600000000000000000e+01,1.000000000000000000e+01
1.450176143646240234e+01,-1.096084237098693848e+00,1.600000000000000000e+01,1.000000000000000000e+01
1.402095699310302734e+01,5.681851878762245178e-02,1.600000000000000000e+01,1.000000000000000000e+01
1.416298007965087891e+01,-3.352075219154357910e-01,1.600000000000000000e+01,1.000000000000000000e+01
1.688198661804199219e+01,-2.062846899032592773e+00,1.600000000000000000e+01,1.000000000000000000e+01
1.495979881286621094e+01,-1.802546739578247070e+00,1.600000000000000000e+01,1.000000000000000000e+01
1.403852081298828125e+01,2.175055816769599915e-02,1.600000000000000000e+01,1.000000000000000000e+01
1.639413070678710938e+01,-2.264244794845581055e+00,1.600000000000000000e+01,1.000000000000000000e+01
1.431220340728759766e+01,-7.043933868408203125e-01,1.600000000000000000e+01,1.000000000000000000e+01
1.641964721679687500e+01,-2.269489288330078125e+00,1.600000000000000000e+01,1.000000000000000000e+01
1.442412853240966797e+01,-9.470578432083129883e-01,1.600000000000000000e+01,1.000000000000000000e+01
1.537757396697998047e+01,-2.119267702102661133e+00,1.600000000000000000e+01,1.000000000000000000e+01
1.381145477294921875e+01,6.726784706115722656e-01,1.600000000000000000e+01,1.000000000000000000e+01
1.841974258422851562e+01,-4.918215274810791016e-01,1.600000000000000000e+01,1.000000000000000000e+01
1.473824787139892578e+01,-1.557211756706237793e+00,1.600000000000000000e+01,1.000000000000000000e+01
1.381343746185302734e+01,6.688895225524902344e-01,1.600000000000000000e+01,1.000000000000000000e+01
1.414707469940185547e+01,-2.898280024528503418e-01,1.600000000000000000e+01,1.000000000000000000e+01
1.564498424530029297e+01,-2.257183074951171875e+00,1.600000000000000000e+01,1.000000000000000000e+01
1.841348648071289062e+01,-5.008241534233093262e-01,1.600000000000000000e+01,1.000000000000000000e+01
1.418653392791748047e+01,-3.932032287120819092e-01,1.600000000000000000e+01,1.000000000000000000e+01
1.371135997772216797e+01,9.293409585952758789e-01,1.600000000000000000e+01,1.000000000000000000e+01
1.372449111938476562e+01,8.959956169128417969e-01,1.600000000000000000e+01,1.000000000000000000e+01
1.440754032135009766e+01,-9.152857661247253418e-01,1.600000000000000000e+01,1.000000000000000000e+01
1.657215881347656250e+01,-2.233852863311767578e+00,1.600000000000000000e+01,1.000000000000000000e+01
1.409890174865722656e+01,-1.818361133337020874e-01,1.600000000000000000e+01,1.000000000000000000e+01
1.832194900512695312e+01,-6.087551712989807129e-01,1.600000000000000000e+01,1.000000000000000000e+01
1.512205600738525391e+01,-1.935619950294494629e+00,1.600000000000000000e+01,1.000000000000000000e+01
1.672270584106445312e+01,-2.151003122329711914e+00,1.600000000000000000e+01,1.000000000000000000e+01
1.834827041625976562e+01,-5.761123895645141602e-01,1.600000000000000000e+01,1.000000000000000000e+01
1.575334072113037109e+01,-2.276614904403686523e+00,1.600000000000000000e+01,1.000000000000000000e+01
1.596246623992919922e+01,-2.292044878005981445e+00,1.600000000000000000e+01,1.000000000000000000e+01
1.345666217803955078e+01,1.344948649406433105e+00,1.600000000000000000e+01,1.000000000000000000e+01
1.373483657836914062e+01,8.924511075019836426e-01,1.600000000000000000e+01,1.000000000000000000e+01
1.357338142395019531e+01,1.171146988868713379e+00,1.600000000000000000e+01,1.000000000000000000e+01
1.500482845306396484e+01,-1.843041777610778809e+00,1.600000000000000000e+01,1.000000000000000000e+01
1.447329425811767578e+01,-1.041818022727966309e+00,1.600000000000000000e+01,1.000000000000000000e+01
1.508948135375976562e+01,-1.914869904518127441e+00,1.600000000000000000e+01,1.000000000000000000e+01
1.837936592102050781e+01,-5.335292220115661621e-01,1.600000000000000000e+01,1.000000000000000000e+01
1.422039699554443359e+01,-4.738018214702606201e-01,1.600000000000000000e+01,1.000000000000000000e+01
1.399211502075195312e+01,1.632203310728073120e-01,1.600000000000000000e+01,1.000000000000000000e+01
1.388906574249267578e+01,4.108956456184387207e-01,1.600000000000000000e+01,1.000000000000000000e+01
1.735905075073242188e+01,-1.789634227752685547e+00,1.600000000000000000e+01,1.000000000000000000e+01
1.367166805267333984e+01,1.010900259017944336e+00,1.600000000000000000e+01,1.000000000000000000e+01
1.353535556793212891e+01,1.232447743415832520e+00,1.600000000000000000e+01,1.000000000000000000e+01
1.730243873596191406e+01,-1.833531856536865234e+00,1.600000000000000000e+01,1.000000000000000000e+01
1.739839935302734375e+01,-1.754316806793212891e+00,1.600000000000000000e+01,1.000000000000000000e+01
1.811750221252441406e+01,-8.969629406929016113e-01,1.600000000000000000e+01,1.000000000000000000e+01
1.564143180847167969e+01,-2.262896776199340820e+00,1.600000000000000000e+01,1.000000000000000000e+01
1.789184761047363281e+01,-1.203554868698120117e+00,1.600000000000000000e+01,1.000000000000000000e+01
1.496015071868896484e+01,-1.801149725914001465e+00,1.600000000000000000e+01,1.000000000000000000e+01
1.818831825256347656e+01,-8.016764521598815918e-01,1.600000000000000000e+01,1.000000000000000000e+01
1.444180679321289062e+01,-9.787288308143615723e-01,1.600000000000000000e+01,1.000000000000000000e+01
1.476435756683349609e+01,-1.588852643966674805e+00,1.600000000000000000e+01,1.000000000000000000e+01
1.651269912719726562e+01,-2.246032238006591797e+00,1.600000000000000000e+01,1.000000000000000000e+01
1.838786697387695312e+01,-5.258641242980957031e-01,1.600000000000000000e+01,1.000000000000000000e+01
1.369619846343994141e+01,9.686048626899719238e-01,1.600000000000000000e+01,1.000000000000000000e+01
1.448291397094726562e+01,-1.061584115028381348e+00,1.600000000000000000e+01,1.000000000000000000e+01
1.816936302185058594e+01,-8.228089213371276855e-01,1.600000000000000000e+01,1.000000000000000000e+01
1.816349792480468750e+01,-8.315373063087463379e-01,1.600000000000000000e+01,1.000000000000000000e+01
1.786796569824218750e+01,-1.234592795372009277e+00,1.600000000000000000e+01,1.000000000000000000e+01
1.637039184570312500e+01,-2.270276546478271484e+00,1.600000000000000000e+01,1.000000000000000000e+01
1.833312225341796875e+01,-5.982542037963867188e-01,1.600000000000000000e+01,1.000000000000000000e+01
1.562664890289306641e+01,-2.236976623535156250e+00,1.600000000000000000e+01,1.000000000000000000e+01
1.814238166809082031e+01,-8.616967797279357910e-01,1.600000000000000000e+01,1.000000000000000000e+01
1.739657402038574219e+01,-1.757064700126647949e+00,1.600000000000000000e+01,1.000000000000000000e+01
1.422466659545898438e+01,-4.837047457695007324e-01,1.600000000000000000e+01,1.000000000000000000e+01
1.346807575225830078e+01,1.321589231491088867e+00,1.600000000000000000e+01,1.000000000000000000e+01
1.814336395263671875e+01,-8.605358004570007324e-01,1.600000000000000000e+01,1.000000000000000000e+01
1.824693298339843750e+01,-7.135824561119079590e-01,1.600000000000000000e+01,1.000000000000000000e+01
1.660716247558593750e+01,-2.209121465682983398e+00,1.600000000000000000e+01,1.000000000000000000e+01
1.381524848937988281e+01,6.879197955131530762e-01,1.600000000000000000e+01,1.000000000000000000e+01
1.814111900329589844e+01,-8.637532591819763184e-01,1.600000000000000000e+01,1.000000000000000000e+01
1.446136474609375000e+01,-1.016376495361328125e+00,1.600000000000000000e+01,1.000000000000000000e+01
1.383521461486816406e+01,6.042590737342834473e-01,1.600000000000000000e+01,1.000000000000000000e+01
1.747080993652343750e+01,-1.685124158859252930e+00,1.600000000000000000e+01,1.000000000000000000e+01
1.358691883087158203e+01,1.147104620933532715e+00,1.600000000000000000e+01,1.000000000000000000e+01
1.393413829803466797e+01,2.891838848590850830e-01,1.600000000000000000e+01,1.000000000000000000e+01
1.625007820129394531e+01,-2.283171415328979492e+00,1.600000000000000000e+01,1.000000000000000000e+01
1.357013607025146484e+01,1.181386828422546387e+00,1.600000000000000000e+01,1.000000000000000000e+01
1.348476886749267578e+01,1.303310275077819824e+00,1.600000000000000000e+01,1.000000000000000000e+01
1.413650035858154297e+01,-2.611017525196075439e-01,1.600000000000000000e+01,1.000000000000000000e+01
1.739415168762207031e+01,-1.757704973220825195e+00,1.600000000000000000e+01,1.000000000000000000e+01
1.743975067138671875e+01,-1.714588761329650879e+00,1.600000000000000000e+01,1.000000000000000000e+01
1.721834182739257812e+01,-1.899988412857055664e+00,1.600000000000000000e+01,1.000000000000000000e+01
1.379061508178710938e+01,7.297467589378356934e-01,1.600000000000000000e+01,1.000000000000000000e+01
1.534581851959228516e+01,-2.094818830490112305e+00,1.600000000000000000e+01,1.000000000000000000e+01
1.357047653198242188e+01,1.176622629165649414e+00,1.600000000000000000e+01,1.000000000000000000e+01
1.725978469848632812e+01,-1.869222998619079590e+00,1.600000000000000000e+01,1.000000000000000000e+01
1.480353164672851562e+01,-1.632223486900329590e+00,1.600000000000000000e+01,1.000000000000000000e+01
1.731168746948242188e+01,-1.827662348747253418e+00,1.600000000000000000e+01,1.000000000000000000e+01
1.659386444091796875e+01,-2.214383125305175781e+00,1.600000000000000000e+01,1.000000000000000000e+01
1.343011093139648438e+01,1.373844861984252930e+00,1.600000000000000000e+01,1.000000000000000000e+01
1.414846420288085938e+01,-2.941169738769531250e-01,1.600000000000000000e+01,1.000000000000000000e+01
1.573061847686767578e+01,-2.277679920196533203e+00,1.600000000000000000e+01,1.000000000000000000e+01
1.372324752807617188e+01,8.990935087203979492e-01,1.600000000000000000e+01,1.000000000000000000e+01
1.349054431915283203e+01,1.296116590499877930e+00,1.600000000000000000e+01,1.000000000000000000e+01
1.480505657196044922e+01,-1.629824042320251465e+00,1.600000000000000000e+01,1.000000000000000000e+01
1.840731811523437500e+01,-5.048817992210388184e-01,1.600000000000000000e+01,1.000000000000000000e+01
1.839448547363281250e+01,-5.148560404777526855e-01,1.600000000000000000e+01,1.000000000000000000e+01
1.838956832885742188e+01,-5.259376764297485352e-01,1.600000000000000000e+01,1.000000000000000000e+01
1.369130516052246094e+01,9.685878157615661621e-01,1.600000000000000000e+01,1.000000000000000000e+01
1.817528152465820312e+01,-8.153958320617675781e-01,1.600000000000000000e+01,1.000000000000000000e+01
1.785924530029296875e+01,-1.245469331741333008e+00,1.600000000000000000e+01,1.000000000000000000e+01
1.481745815277099609e+01,-1.651727199554443359e+00,1.600000000000000000e+01,1.000000000000000000e+01
1.673904991149902344e+01,-2.151078462600708008e+00,1.600000000000000000e+01,1.000000000000000000e+01
1.721544265747070312e+01,-1.905380249023437500e+00,1.600000000000000000e+01,1.000000000000000000e+01
1.745990753173828125e+01,-1.694006204605102539e+00,1.600000000000000000e+01,1.000000000000000000e+01
1.359499359130859375e+01,1.129744768142700195e+00,1.600000000000000000e+01,1.000000000000000000e+01
1.729611206054687500e+01,-1.842311143875122070e+00,1.600000000000000000e+01,1.000000000000000000e+01
1.606458663940429688e+01,-2.293023824691772461e+00,1.600000000000000000e+01,1.000000000000000000e+01
1.616528511047363281e+01,-2.295941114425659180e+00,1.600000000000000000e+01,1.000000000000000000e+01
1.438788700103759766e+01,-8.758717775344848633e-01,1.600000000000000000e+01,1.000000000000000000e+01
1.379589939117431641e+01,7.160332798957824707e-01,1.600000000000000000e+01,1.000000000000000000e+01
1.371939754486083984e+01,8.986329436302185059e-01,1.600000000000000000e+01,1.000000000000000000e+01
1.428270244598388672e+01,-6.269465088844299316e-01,1.600000000000000000e+01,1.000000000000000000e+01
1.445800304412841797e+01,-1.016698122024536133e+00,1.600000000000000000e+01,1.000000000000000000e+01
1.595533752441406250e+01,-2.290189266204833984e+00,1.600000000000000000e+01,1.000000000000000000e+01
-5.558070182800292969e+00,-3.790088653564453125e+00,1.700000000000000000e+01,1.300000000000000000e+01
-7.944961071014404297e+00,-4.201843261718750000e+00,1.700000000000000000e+01,1.300000000000000000e+01
-4.175857543945312500e+00,-3.195944547653198242e+00,1.700000000000000000e+01,1.300000000000000000e+01
-3.969308853149414062e+00,-2.861521959304809570e+00,1.700000000000000000e+01,1.300000000000000000e+01
-5.813761234283447266e+00,-3.869579792022705078e+00,1.700000000000000000e+01,1.300000000000000000e+01
-3.922135829925537109e+00,-2.830626964569091797e+00,1.700000000000000000e+01,1.300000000000000000e+01
-3.822545051574707031e+00,-3.114919662475585938e+00,1.700000000000000000e+01,1.300000000000000000e+01
-3.697578191757202148e+00,-2.981496572494506836e+00,1.700000000000000000e+01,1.300000000000000000e+01
-8.562423706054687500e+00,-4.400709152221679688e+00,1.700000000000000000e+01,1.300000000000000000e+01
-5.442367076873779297e+00,-3.757588386535644531e+00,1.700000000000000000e+01,1.300000000000000000e+01
-3.950643539428710938e+00,-3.771665811538696289e+00,1.700000000000000000e+01,1.300000000000000000e+01
-4.828568458557128906e+00,-3.603321790695190430e+00,1.700000000000000000e+01,1.300000000000000000e+01
-4.807792186737060547e+00,-3.656416177749633789e+00,1.700000000000000000e+01,1.300000000000000000e+01
-8.670634269714355469e+00,-4.491053104400634766e+00,1.700000000000000000e+01,1.300000000000000000e+01
-6.490038394927978516e+00,-3.938483953475952148e+00,1.700000000000000000e+01,1.300000000000000000e+01
-8.728791236877441406e+00,-4.527395248413085938e+00,1.700000000000000000e+01,1.300000000000000000e+01
-5.066408157348632812e+00,-3.692801713943481445e+00,1.700000000000000000e+01,1.300000000000000000e+01
-8.246176719665527344e+00,-4.357469081878662109e+00,1.700000000000000000e+01,1.300000000000000000e+01
-7.447597980499267578e+00,-4.116753578186035156e+00,1.700000000000000000e+01,1.300000000000000000e+01
-5.436767101287841797e+00,-3.758383750915527344e+00,1.700000000000000000e+01,1.300000000000000000e+01
-8.236570358276367188e+00,-4.297311305999755859e+00,1.700000000000000000e+01,1.300000000000000000e+01
-7.382256507873535156e+00,-4.083871364593505859e+00,1.700000000000000000e+01,1.300000000000000000e+01
-7.784616470336914062e+00,-4.219651222229003906e+00,1.700000000000000000e+01,1.300000000000000000e+01
-8.719526290893554688e+00,-4.516103744506835938e+00,1.700000000000000000e+01,1.300000000000000000e+01
-3.961744308471679688e+00,-2.855056762695312500e+00,1.700000000000000000e+01,1.300000000000000000e+01
-5.568159103393554688e+00,-3.786469221115112305e+00,1.700000000000000000e+01,1.300000000000000000e+01
-6.864101886749267578e+00,-3.961023807525634766e+00,1.700000000000000000e+01,1.300000000000000000e+01
-6.196324348449707031e+00,-3.927756547927856445e+00,1.700000000000000000e+01,1.300000000000000000e+01
-3.749966382980346680e+00,-3.043159723281860352e+00,1.700000000000000000e+01,1.300000000000000000e+01
-4.843419075012207031e+00,-3.680947303771972656e+00,1.700000000000000000e+01,1.300000000000000000e+01
-6.963115215301513672e+00,-3.990281581878662109e+00,1.700000000000000000e+01,1.300000000000000000e+01
-8.288513183593750000e+00,-4.352447986602783203e+00,1.700000000000000000e+01,1.300000000000000000e+01
-3.917474031448364258e+00,-3.689838647842407227e+00,1.700000000000000000e+01,1.300000000000000000e+01
-8.375668525695800781e+00,-4.374495506286621094e+00,1.700000000000000000e+01,1.300000000000000000e+01
-5.767183303833007812e+00,-3.851377487182617188e+00,1.700000000000000000e+01,1.300000000000000000e+01
-4.987166881561279297e+00,-3.690385103225708008e+00,1.700000000000000000e+01,1.300000000000000000e+01
-7.469574928283691406e+00,-4.120098114013671875e+00,1.700000000000000000e+01,1.300000000000000000e+01
-6.036195755004882812e+00,-3.908749103546142578e+00,1.700000000000000000e+01,1.300000000000000000e+01
-7.280262470245361328e+00,-4.025927543640136719e+00,1.700000000000000000e+01,1.300000000000000000e+01
-5.952972888946533203e+00,-3.905072689056396484e+00,1.700000000000000000e+01,1.300000000000000000e+01
-3.986376047134399414e+00,-2.919738292694091797e+00,1.700000000000000000e+01,1.300000000000000000e+01
-8.763036727905273438e+00,-4.549968242645263672e+00,1.700000000000000000e+01,1.300000000000000000e+01
-7.960852622985839844e+00,-4.248418807983398438e+00,1.700000000000000000e+01,1.300000000000000000e+01
-3.966032981872558594e+00,-2.840608835220336914e+00,1.700000000000000000e+01,1.300000000000000000e+01
-7.263436794281005859e+00,-4.047108650207519531e+00,1.700000000000000000e+01,1.300000000000000000e+01
-4.159153938293457031e+00,-3.064059257507324219e+00,1.700000000000000000e+01,1.300000000000000000e+01
-8.069396018981933594e+00,-4.266109943389892578e+00,1.700000000000000000e+01,1.300000000000000000e+01
-5.797393798828125000e+00,-3.864422321319580078e+00,1.700000000000000000e+01,1.300000000000000000e+01
-3.753139734268188477e+00,-2.949271440505981445e+00,1.700000000000000000e+01,1.300000000000000000e+01
-4.377832889556884766e+00,-3.699381589889526367e+00,1.700000000000000000e+01,1.300000000000000000e+01
-8.454437255859375000e+00,-4.347582817077636719e+00,1.700000000000000000e+01,1.300000000000000000e+01
-6.156436920166015625e+00,-3.924327611923217773e+00,1.700000000000000000e+01,1.300000000000000000e+01
-3.911583662033081055e+00,-2.827860593795776367e+00,1.700000000000000000e+01,1.300000000000000000e+01
-8.585089683532714844e+00,-4.418837070465087891e+00,1.700000000000000000e+01,1.300000000000000000e+01
-3.939941644668579102e+00,-3.776157140731811523e+00,1.700000000000000000e+01,1.300000000000000000e+01
-8.636940002441406250e+00,-4.473287582397460938e+00,1.700000000000000000e+01,1.300000000000000000e+01
-3.983130216598510742e+00,-2.878340005874633789e+00,1.700000000000000000e+01,1.300000000000000000e+01
-5.768946170806884766e+00,-3.854142665863037109e+00,1.700000000000000000e+01,1.300000000000000000e+01
-8.342967033386230469e+00,-4.313327312469482422e+00,1.700000000000000000e+01,1.300000000000000000e+01
-8.590167045593261719e+00,-4.439603805541992188e+00,1.700000000000000000e+01,1.300000000000000000e+01
-3.835001230239868164e+00,-3.305603981018066406e+00,1.700000000000000000e+01,1.300000000000000000e+01
-3.892136812210083008e+00,-3.590008735656738281e+00,1.700000000000000000e+01,1.300000000000000000e+01
-8.692278861999511719e+00,-4.507875442504882812e+00,1.700000000000000000e+01,1.300000000000000000e+01
-7.432729721069335938e+00,-4.104694843292236328e+00,1.700000000000000000e+01,1.300000000000000000e+01
-5.878153800964355469e+00,-3.884003162384033203e+00,1.700000000000000000e+01,1.300000000000000000e+01
-3.933727264404296875e+00,-2.852152824401855469e+00,1.700000000000000000e+01,1.300000000000000000e+01
-8.758940696716308594e+00,-4.550910949707031250e+00,1.700000000000000000e+01,1.300000000000000000e+01
-5.699354171752929688e+00,-3.830635786056518555e+00,1.700000000000000000e+01,1.300000000000000000e+01
-3.941838979721069336e+00,-3.769312143325805664e+00,1.700000000000000000e+01,1.300000000000000000e+01
-7.992799282073974609e+00,-4.253085613250732422e+00,1.700000000000000000e+01,1.300000000000000000e+01
-7.834105491638183594e+00,-4.229802131652832031e+00,1.700000000000000000e+01,1.300000000000000000e+01
-7.414051532745361328e+00,-4.095051288604736328e+00,1.700000000000000000e+01,1.300000000000000000e+01
-3.998237133026123047e+00,-2.882717370986938477e+00,1.700000000000000000e+01,1.300000000000000000e+01
-8.179169654846191406e+00,-4.265499114990234375e+00,1.700000000000000000e+01,1.300000000000000000e+01
-7.267488479614257812e+00,-4.046140670776367188e+00,1.700000000000000000e+01,1.300000000000000000e+01
-8.012369155883789062e+00,-4.221741199493408203e+00,1.700000000000000000e+01,1.300000000000000000e+01
-3.730834960937500000e+00,-3.023261547088623047e+00,1.700000000000000000e+01,1.300000000000000000e+01
-4.153728961944580078e+00,-3.009601354598999023e+00,1.700000000000000000e+01,1.300000000000000000e+01
-4.592130184173583984e+00,-3.454010725021362305e+00,1.700000000000000000e+01,1.300000000000000000e+01
-7.691552162170410156e+00,-4.146716594696044922e+00,1.700000000000000000e+01,1.300000000000000000e+01
-4.001722812652587891e+00,-3.774008512496948242e+00,1.700000000000000000e+01,1.300000000000000000e+01
-4.034837722778320312e+00,-2.933448076248168945e+00,1.700000000000000000e+01,1.300000000000000000e+01
-7.987558841705322266e+00,-4.264217376708984375e+00,1.700000000000000000e+01,1.300000000000000000e+01
-8.455621719360351562e+00,-4.351911544799804688e+00,1.700000000000000000e+01,1.300000000000000000e+01
-7.273307323455810547e+00,-4.049036026000976562e+00,1.700000000000000000e+01,1.300000000000000000e+01
-8.694129943847656250e+00,-4.508867740631103516e+00,1.700000000000000000e+01,1.300000000000000000e+01
-7.435722827911376953e+00,-4.118732452392578125e+00,1.700000000000000000e+01,1.300000000000000000e+01
-8.729250907897949219e+00,-4.525969982147216797e+00,1.700000000000000000e+01,1.300000000000000000e+01
-6.225058555603027344e+00,-3.927777051925659180e+00,1.700000000000000000e+01,1.300000000000000000e+01
-8.721301078796386719e+00,-4.517269134521484375e+00,1.700000000000000000e+01,1.300000000000000000e+01
-7.489657402038574219e+00,-4.123485565185546875e+00,1.700000000000000000e+01,1.300000000000000000e+01
-4.193398475646972656e+00,-3.713093042373657227e+00,1.700000000000000000e+01,1.300000000000000000e+01
-3.891485929489135742e+00,-3.784102439880371094e+00,1.700000000000000000e+01,1.300000000000000000e+01
-3.902542591094970703e+00,-3.644375085830688477e+00,1.700000000000000000e+01,1.300000000000000000e+01
-3.970475912094116211e+00,-3.787095785140991211e+00,1.700000000000000000e+01,1.300000000000000000e+01
-8.004475593566894531e+00,-4.219692230224609375e+00,1.700000000000000000e+01,1.300000000000000000e+01
-8.503021240234375000e+00,-4.374082088470458984e+00,1.700000000000000000e+01,1.300000000000000000e+01
-3.914859771728515625e+00,-3.712395668029785156e+00,1.700000000000000000e+01,1.300000000000000000e+01
-4.790575027465820312e+00,-3.555589675903320312e+00,1.700000000000000000e+01,1.300000000000000000e+01
-4.771432876586914062e+00,-3.547620058059692383e+00,1.700000000000000000e+01,1.300000000000000000e+01
-3.862772226333618164e+00,-2.840460538864135742e+00,1.700000000000000000e+01,1.300000000000000000e+01
-6.146396636962890625e+00,-3.923861980438232422e+00,1.700000000000000000e+01,1.300000000000000000e+01
-6.933386325836181641e+00,-3.973710298538208008e+00,1.700000000000000000e+01,1.300000000000000000e+01
-8.553453445434570312e+00,-4.382071018218994141e+00,1.700000000000000000e+01,1.300000000000000000e+01
-7.118814468383789062e+00,-4.022306442260742188e+00,1.700000000000000000e+01,1.300000000000000000e+01
-5.710855484008789062e+00,-3.834862709045410156e+00,1.700000000000000000e+01,1.300000000000000000e+01
-5.001506805419921875e+00,-3.698851585388183594e+00,1.700000000000000000e+01,1.300000000000000000e+01
-4.171438694000244141e+00,-3.561636447906494141e+00,1.700000000000000000e+01,1.300000000000000000e+01
-5.610109806060791016e+00,-3.802842378616333008e+00,1.700000000000000000e+01,1.300000000000000000e+01
-7.427691459655761719e+00,-4.096600055694580078e+00,1.700000000000000000e+01,1.300000000000000000e+01
-3.865236282348632812e+00,-2.866684675216674805e+00,1.700000000000000000e+01,1.300000000000000000e+01
-8.291734695434570312e+00,-4.377510070800781250e+00,1.700000000000000000e+01,1.300000000000000000e+01
-6.851776123046875000e+00,-3.957646846771240234e+00,1.700000000000000000e+01,1.300000000000000000e+01
-8.261352539062500000e+00,-4.326655864715576172e+00,1.700000000000000000e+01,1.300000000000000000e+01
-4.022650241851806641e+00,-2.865346670150756836e+00,1.700000000000000000e+01,1.300000000000000000e+01
-4.116855621337890625e+00,-3.690928936004638672e+00,1.700000000000000000e+01,1.300000000000000000e+01
-5.973938465118408203e+00,-3.913765430450439453e+00,1.700000000000000000e+01,1.300000000000000000e+01
-7.748522758483886719e+00,-4.162706851959228516e+00,1.700000000000000000e+01,1.300000000000000000e+01
-5.610060691833496094e+00,-3.799309253692626953e+00,1.700000000000000000e+01,1.300000000000000000e+01
-7.462758541107177734e+00,-4.138956546783447266e+00,1.700000000000000000e+01,1.300000000000000000e+01
-3.918047904968261719e+00,-3.745135545730590820e+00,1.700000000000000000e+01,1.300000000000000000e+01
-3.849425792694091797e+00,-3.406224250793457031e+00,1.700000000000000000e+01,1.300000000000000000e+01
-3.930120468139648438e+00,-3.588705539703369141e+00,1.700000000000000000e+01,1.300000000000000000e+01
-4.066428184509277344e+00,-3.250728607177734375e+00,1.700000000000000000e+01,1.300000000000000000e+01
-8.761673927307128906e+00,-4.552699089050292969e+00,1.700000000000000000e+01,1.300000000000000000e+01
-5.040704727172851562e+00,-3.697607040405273438e+00,1.700000000000000000e+01,1.300000000000000000e+01
-6.903663635253906250e+00,-3.962842464447021484e+00,1.700000000000000000e+01,1.300000000000000000e+01
-4.182669162750244141e+00,-3.056671142578125000e+00,1.700000000000000000e+01,1.300000000000000000e+01
-4.156499862670898438e+00,-3.013788461685180664e+00,1.700000000000000000e+01,1.300000000000000000e+01
-8.695864677429199219e+00,-4.507483005523681641e+00,1.700000000000000000e+01,1.300000000000000000e+01
-6.221728324890136719e+00,-3.929625034332275391e+00,1.700000000000000000e+01,1.300000000000000000e+01
-8.763153076171875000e+00,-4.554123878479003906e+00,1.700000000000000000e+01,1.300000000000000000e+01
-5.663568019866943359e+00,-3.808848619461059570e+00,1.700000000000000000e+01,1.300000000000000000e+01
-3.731540918350219727e+00,-3.032097339630126953e+00,1.700000000000000000e+01,1.300000000000000000e+01
-3.739816904067993164e+00,-3.028937578201293945e+00,1.700000000000000000e+01,1.300000000000000000e+01
-3.995221138000488281e+00,-3.773080825805664062e+00,1.700000000000000000e+01,1.300000000000000000e+01
-4.084102153778076172e+00,-3.030124902725219727e+00,1.700000000000000000e+01,1.300000000000000000e+01
-7.900061607360839844e+00,-4.180396556854248047e+00,1.700000000000000000e+01,1.300000000000000000e+01
-7.290151119232177734e+00,-4.043783187866210938e+00,1.700000000000000000e+01,1.300000000000000000e+01
-8.141321182250976562e+00,-4.261975765228271484e+00,1.700000000000000000e+01,1.300000000000000000e+01
-4.946848869323730469e+00,-3.661879062652587891e+00,1.700000000000000000e+01,1.300000000000000000e+01
-7.899588108062744141e+00,-4.247841835021972656e+00,1.700000000000000000e+01,1.300000000000000000e+01
-8.744370460510253906e+00,-4.537559509277343750e+00,1.700000000000000000e+01,1.300000000000000000e+01
-3.742910623550415039e+00,-3.012931108474731445e+00,1.700000000000000000e+01,1.300000000000000000e+01
-3.777716398239135742e+00,-3.162268400192260742e+00,1.700000000000000000e+01,1.300000000000000000e+01
-7.227615833282470703e+00,-4.037716388702392578e+00,1.700000000000000000e+01,1.300000000000000000e+01
1.166074156761169434e+00,-2.254172563552856445e+00,1.700000000000000000e+01,1.200000000000000000e+01
-4.812213897705078125e+00,-3.603478670120239258e+00,1.700000000000000000e+01,1.300000000000000000e+01
-4.764034271240234375e+00,-3.561975240707397461e+00,1.700000000000000000e+01,1.300000000000000000e+01
-8.709418296813964844e+00,-4.507070541381835938e+00,1.700000000000000000e+01,1.300000000000000000e+01
-6.172762393951416016e+00,-3.925821542739868164e+00,1.700000000000000000e+01,1.300000000000000000e+01
-7.959209442138671875e+00,-4.222530841827392578e+00,1.700000000000000000e+01,1.300000000000000000e+01
-4.787176132202148438e+00,-3.558223009109497070e+00,1.700000000000000000e+01,1.300000000000000000e+01
-5.858263969421386719e+00,-3.883049488067626953e+00,1.700000000000000000e+01,1.300000000000000000e+01
-3.846426010131835938e+00,-3.319040775299072266e+00,1.700000000000000000e+01,1.300000000000000000e+01
-3.901693820953369141e+00,-3.657837867736816406e+00,1.700000000000000000e+01,1.300000000000000000e+01
-7.873701572418212891e+00,-4.258445262908935547e+00,1.700000000000000000e+01,1.300000000000000000e+01
-4.682884693145751953e+00,-3.672545194625854492e+00,1.700000000000000000e+01,1.300000000000000000e+01
-7.781672000885009766e+00,-4.166390419006347656e+00,1.700000000000000000e+01,1.300000000000000000e+01
-4.105655193328857422e+00,-2.961332559585571289e+00,1.700000000000000000e+01,1.300000000000000000e+01
-3.902951478958129883e+00,-3.607489585876464844e+00,1.700000000000000000e+01,1.300000000000000000e+01
-7.372902393341064453e+00,-4.081245422363281250e+00,1.700000000000000000e+01,1.300000000000000000e+01
-8.032356262207031250e+00,-4.222043037414550781e+00,1.700000000000000000e+01,1.300000000000000000e+01
-3.834180116653442383e+00,-2.886174440383911133e+00,1.700000000000000000e+01,1.300000000000000000e+01
-5.877679824829101562e+00,-3.887886047363281250e+00,1.700000000000000000e+01,1.300000000000000000e+01
-7.439234256744384766e+00,-4.119102001190185547e+00,1.700000000000000000e+01,1.300000000000000000e+01
-4.728207111358642578e+00,-3.522637605667114258e+00,1.700000000000000000e+01,1.300000000000000000e+01
-3.843740940093994141e+00,-2.864735364913940430e+00,1.700000000000000000e+01,1.300000000000000000e+01
-5.666543483734130859e+00,-3.817775011062622070e+00,1.700000000000000000e+01,1.300000000000000000e+01
-4.118931293487548828e+00,-2.965547561645507812e+00,1.700000000000000000e+01,1.300000000000000000e+01
-8.351153373718261719e+00,-4.321133613586425781e+00,1.700000000000000000e+01,1.300000000000000000e+01
-8.756522178649902344e+00,-4.550207614898681641e+00,1.700000000000000000e+01,1.300000000000000000e+01
-3.719039440155029297e+00,-3.005672454833984375e+00,1.700000000000000000e+01,1.300000000000000000e+01
-8.581778526306152344e+00,-4.451050281524658203e+00,1.700000000000000000e+01,1.300000000000000000e+01
-7.486311435699462891e+00,-4.126204490661621094e+00,1.700000000000000000e+01,1.300000000000000000e+01
-4.236144065856933594e+00,-3.087126016616821289e+00,1.700000000000000000e+01,1.300000000000000000e+01
-3.731161594390869141e+00,-3.003468513488769531e+00,1.700000000000000000e+01,1.300000000000000000e+01
-3.883625984191894531e+00,-3.613980293273925781e+00,1.700000000000000000e+01,1.300000000000000000e+01
-6.877468109130859375e+00,-3.963088989257812500e+00,1.700000000000000000e+01,1.300000000000000000e+01
-8.298235893249511719e+00,-4.350584983825683594e+00,1.700000000000000000e+01,1.300000000000000000e+01
-6.777769088745117188e+00,-3.953967571258544922e+00,1.700000000000000000e+01,1.300000000000000000e+01
-7.357623577117919922e+00,-4.088112831115722656e+00,1.700000000000000000e+01,1.300000000000000000e+01
-3.760258674621582031e+00,-2.936254024505615234e+00,1.700000000000000000e+01,1.300000000000000000e+01
-3.923874855041503906e+00,-3.765479803085327148e+00,1.700000000000000000e+01,1.300000000000000000e+01
-8.131683349609375000e+00,-4.253553867340087891e+00,1.700000000000000000e+01,1.300000000000000000e+01
-6.817719936370849609e+00,-3.951971530914306641e+00,1.700000000000000000e+01,1.300000000000000000e+01
-4.053004741668701172e+00,-2.911990404129028320e+00,1.700000000000000000e+01,1.300000000000000000e+01
-7.615825653076171875e+00,-4.145534992218017578e+00,1.700000000000000000e+01,1.300000000000000000e+01
-6.916164398193359375e+00,-3.970318317413330078e+00,1.700000000000000000e+01,1.300000000000000000e+01
-4.777743816375732422e+00,-3.623313426971435547e+00,1.700000000000000000e+01,1.300000000000000000e+01
-6.848748683929443359e+00,-3.958223104476928711e+00,1.700000000000000000e+01,1.300000000000000000e+01
-4.037018299102783203e+00,-3.749459505081176758e+00,1.700000000000000000e+01,1.300000000000000000e+01
-7.952292442321777344e+00,-4.235167026519775391e+00,1.700000000000000000e+01,1.300000000000000000e+01
-8.607599258422851562e+00,-4.430371284484863281e+00,1.700000000000000000e+01,1.300000000000000000e+01
-6.930792808532714844e+00,-3.985647439956665039e+00,1.700000000000000000e+01,1.300000000000000000e+01
-3.919950485229492188e+00,-3.732937574386596680e+00,1.700000000000000000e+01,1.300000000000000000e+01
-5.683646678924560547e+00,-3.816931724548339844e+00,1.700000000000000000e+01,1.300000000000000000e+01
-2.116787910461425781e+00,-3.263702869415283203e+00,1.700000000000000000e+01,1.200000000000000000e+01
-8.734566688537597656e+00,-4.530498981475830078e+00,1.700000000000000000e+01,1.300000000000000000e+01
-7.989386081695556641e+00,-4.211511611938476562e+00,1.700000000000000000e+01,1.300000000000000000e+01
-6.833952903747558594e+00,-3.957082748413085938e+00,1.700000000000000000e+01,1.300000000000000000e+01
-8.563165664672851562e+00,-4.404588699340820312e+00,1.700000000000000000e+01,1.300000000000000000e+01
-8.748208999633789062e+00,-4.538418769836425781e+00,1.700000000000000000e+01,1.300000000000000000e+01
-8.735903739929199219e+00,-4.522303581237792969e+00,1.700000000000000000e+01,1.300000000000000000e+01
-5.914981842041015625e+00,-3.891420125961303711e+00,1.700000000000000000e+01,1.300000000000000000e+01
-2.041287183761596680e+00,-3.242327213287353516e+00,1.700000000000000000e+01,1.200000000000000000e+01
-7.500776767730712891e+00,-4.128460407257080078e+00,1.700000000000000000e+01,1.300000000000000000e+01
-5.398185253143310547e+00,-3.751425743103027344e+00,1.700000000000000000e+01,1.300000000000000000e+01
-6.870769500732421875e+00,-3.961668968200683594e+00,1.700000000000000000e+01,1.300000000000000000e+01
-8.759566307067871094e+00,-4.552869319915771484e+00,1.700000000000000000e+01,1.300000000000000000e+01
5.518890380859375000e+00,7.455886363983154297e+00,1.800000000000000000e+01,1.600000000000000000e+01
5.080976009368896484e+00,7.208013057708740234e+00,1.800000000000000000e+01,1.600000000000000000e+01
-1.193970966339111328e+01,8.090776205062866211e-01,1.800000000000000000e+01,1.600000000000000000e+01
5.948187828063964844e+00,7.815444469451904297e+00,1.800000000000000000e+01,1.600000000000000000e+01
-1.178978633880615234e+01,4.914937615394592285e-01,1.800000000000000000e+01,1.600000000000000000e+01
-1.201740932464599609e+01,3.359926044940948486e-01,1.800000000000000000e+01,1.600000000000000000e+01
-1.205679416656494141e+01,3.681604564189910889e-01,1.800000000000000000e+01,1.600000000000000000e+01
-1.200111389160156250e+01,7.027457952499389648e-01,1.800000000000000000e+01,1.600000000000000000e+01
-4.290985167026519775e-01,3.332367897033691406e+00,1.800000000000000000e+01,1.600000000000000000e+01
5.773620128631591797e+00,7.661696434020996094e+00,1.800000000000000000e+01,1.600000000000000000e+01
-5.021814107894897461e-01,3.270515918731689453e+00,1.800000000000000000e+01,1.600000000000000000e+01
-3.518495559692382812e-01,3.410402774810791016e+00,1.800000000000000000e+01,1.600000000000000000e+01
-7.468396425247192383e-01,3.121611356735229492e+00,1.800000000000000000e+01,1.600000000000000000e+01
-1.172404098510742188e+01,6.487388014793395996e-01,1.800000000000000000e+01,1.600000000000000000e+01
-1.259120225906372070e+00,2.984554529190063477e+00,1.800000000000000000e+01,1.600000000000000000e+01
-9.411230683326721191e-01,3.025549888610839844e+00,1.800000000000000000e+01,1.600000000000000000e+01
-3.208377063274383545e-01,3.447112560272216797e+00,1.800000000000000000e+01,1.600000000000000000e+01
-5.044979453086853027e-01,3.265892267227172852e+00,1.800000000000000000e+01,1.600000000000000000e+01
-1.407427430152893066e+00,3.102823257446289062e+00,1.800000000000000000e+01,1.600000000000000000e+01
-1.193648338317871094e+01,8.091335892677307129e-01,1.800000000000000000e+01,1.600000000000000000e+01
-1.285055756568908691e+00,2.980778455734252930e+00,1.800000000000000000e+01,1.600000000000000000e+01
5.081182479858398438e+00,7.209008693695068359e+00,1.800000000000000000e+01,1.600000000000000000e+01
-6.190577149391174316e-01,3.187276601791381836e+00,1.800000000000000000e+01,1.600000000000000000e+01
-1.188032054901123047e+01,5.089297294616699219e-01,1.800000000000000000e+01,1.600000000000000000e+01
-3.307983577251434326e-01,3.423580884933471680e+00,1.800000000000000000e+01,1.600000000000000000e+01
-1.178311920166015625e+01,8.732730746269226074e-01,1.800000000000000000e+01,1.600000000000000000e+01
-1.378325104713439941e+00,3.058638811111450195e+00,1.800000000000000000e+01,1.600000000000000000e+01
-1.189820194244384766e+01,8.774464130401611328e-01,1.800000000000000000e+01,1.600000000000000000e+01
4.898796081542968750e+00,7.091832637786865234e+00,1.800000000000000000e+01,1.600000000000000000e+01
5.938236236572265625e+00,7.807665824890136719e+00,1.800000000000000000e+01,1.600000000000000000e+01
-1.200179862976074219e+01,3.743738532066345215e-01,1.800000000000000000e+01,1.600000000000000000e+01
-1.652830392122268677e-01,3.616984605789184570e+00,1.800000000000000000e+01,1.600000000000000000e+01
-1.212630510330200195e+00,2.955493927001953125e+00,1.800000000000000000e+01,1.600000000000000000e+01
5.015984058380126953e+00,7.169249057769775391e+00,1.800000000000000000e+01,1.600000000000000000e+01
-1.185187721252441406e+01,8.606539368629455566e-01,1.800000000000000000e+01,1.600000000000000000e+01
-1.401101827621459961e+00,3.077224731445312500e+00,1.800000000000000000e+01,1.600000000000000000e+01
5.958952426910400391e+00,7.826874256134033203e+00,1.800000000000000000e+01,1.600000000000000000e+01
5.461586952209472656e+00,7.413664817810058594e+00,1.800000000000000000e+01,1.600000000000000000e+01
-1.156467342376708984e+01,9.184920787811279297e-01,1.800000000000000000e+01,1.600000000000000000e+01
-3.817052543163299561e-01,3.377043485641479492e+00,1.800000000000000000e+01,1.600000000000000000e+01
-6.473661661148071289e-01,3.165798902511596680e+00,1.800000000000000000e+01,1.600000000000000000e+01
-1.388132572174072266e+00,3.069670200347900391e+00,1.800000000000000000e+01,1.600000000000000000e+01
-4.451983869075775146e-01,3.323232650756835938e+00,1.800000000000000000e+01,1.600000000000000000e+01
5.603000640869140625e+00,7.523984432220458984e+00,1.800000000000000000e+01,1.600000000000000000e+01
-4.940363168716430664e-01,3.278854846954345703e+00,1.800000000000000000e+01,1.600000000000000000e+01
-1.203846740722656250e+01,3.399078547954559326e-01,1.800000000000000000e+01,1.600000000000000000e+01
-1.046330928802490234e+01,1.256394147872924805e+00,1.800000000000000000e+01,1.600000000000000000e+01
5.128071784973144531e+00,7.243222713470458984e+00,1.800000000000000000e+01,1.600000000000000000e+01
-1.204249382019042969e+01,3.658320009708404541e-01,1.800000000000000000e+01,1.600000000000000000e+01
5.006735324859619141e+00,7.174297809600830078e+00,1.800000000000000000e+01,1.600000000000000000e+01
-1.201125526428222656e+01,7.660199403762817383e-01,1.800000000000000000e+01,1.600000000000000000e+01
-1.131335258483886719e+01,9.326270818710327148e-01,1.800000000000000000e+01,1.600000000000000000e+01
-1.282967209815979004e+00,2.977489471435546875e+00,1.800000000000000000e+01,1.600000000000000000e+01
-1.204512023925781250e+01,4.751490354537963867e-01,1.800000000000000000e+01,1.600000000000000000e+01
-1.178298568725585938e+01,5.417507886886596680e-01,1.800000000000000000e+01,1.600000000000000000e+01
-1.226556658744812012e+00,2.983996391296386719e+00,1.800000000000000000e+01,1.600000000000000000e+01
4.162862151861190796e-02,3.874754428863525391e+00,1.800000000000000000e+01,1.600000000000000000e+01
-1.154553890228271484e+01,8.203223347663879395e-01,1.800000000000000000e+01,1.600000000000000000e+01
-1.196916103363037109e+01,3.306673467159271240e-01,1.800000000000000000e+01,1.600000000000000000e+01
-7.858927249908447266e-01,3.097133398056030273e+00,1.800000000000000000e+01,1.600000000000000000e+01
5.955866813659667969e+00,7.824334621429443359e+00,1.800000000000000000e+01,1.600000000000000000e+01
-1.212083816528320312e+00,2.980658292770385742e+00,1.800000000000000000e+01,1.600000000000000000e+01
5.638622283935546875e+00,7.551745891571044922e+00,1.800000000000000000e+01,1.600000000000000000e+01
-1.205316638946533203e+01,3.524963855743408203e-01,1.800000000000000000e+01,1.600000000000000000e+01
-1.192052078247070312e+01,8.437387943267822266e-01,1.800000000000000000e+01,1.600000000000000000e+01
-3.827715516090393066e-01,3.377752304077148438e+00,1.800000000000000000e+01,1.600000000000000000e+01
-1.171719551086425781e+01,6.034381389617919922e-01,1.800000000000000000e+01,1.600000000000000000e+01
6.322730332612991333e-02,3.903730392456054688e+00,1.800000000000000000e+01,1.600000000000000000e+01
-1.278641462326049805e+00,2.991140127182006836e+00,1.800000000000000000e+01,1.600000000000000000e+01
-7.703058719635009766e-01,3.097546339035034180e+00,1.800000000000000000e+01,1.600000000000000000e+01
-1.202398490905761719e+01,4.756931662559509277e-01,1.800000000000000000e+01,1.600000000000000000e+01
5.102978706359863281e+00,7.220731735229492188e+00,1.800000000000000000e+01,1.600000000000000000e+01
-1.208828639984130859e+01,3.545751273632049561e-01,1.800000000000000000e+01,1.600000000000000000e+01
-1.190187644958496094e+01,8.428465723991394043e-01,1.800000000000000000e+01,1.600000000000000000e+01
-1.195956516265869141e+01,3.183998465538024902e-01,1.800000000000000000e+01,1.600000000000000000e+01
-1.181263065338134766e+01,8.869422674179077148e-01,1.800000000000000000e+01,1.600000000000000000e+01
-1.196179580688476562e+01,3.972260057926177979e-01,1.800000000000000000e+01,1.600000000000000000e+01
3.697078526020050049e-01,5.249137401580810547e+00,1.800000000000000000e+01,1.800000000000000000e+01
4.647445678710937500e+00,6.915504932403564453e+00,1.800000000000000000e+01,1.600000000000000000e+01
5.462242126464843750e+00,7.418198585510253906e+00,1.800000000000000000e+01,1.600000000000000000e+01
4.914398193359375000e+00,7.102062225341796875e+00,1.800000000000000000e+01,1.600000000000000000e+01
-1.067593765258789062e+01,1.130430817604064941e+00,1.800000000000000000e+01,1.600000000000000000e+01
-1.203718566894531250e+01,4.932294189929962158e-01,1.800000000000000000e+01,1.600000000000000000e+01
-1.407032608985900879e-01,3.648315906524658203e+00,1.800000000000000000e+01,1.600000000000000000e+01
-1.322137117385864258e+00,3.019777059555053711e+00,1.800000000000000000e+01,1.600000000000000000e+01
-1.165399169921875000e+01,7.337982654571533203e-01,1.800000000000000000e+01,1.600000000000000000e+01
4.660644531250000000e+00,6.924369335174560547e+00,1.800000000000000000e+01,1.600000000000000000e+01
-1.369624376296997070e+00,3.040481090545654297e+00,1.800000000000000000e+01,1.600000000000000000e+01
-1.198767375946044922e+01,5.547912716865539551e-01,1.800000000000000000e+01,1.600000000000000000e+01
5.930190563201904297e+00,7.798950195312500000e+00,1.800000000000000000e+01,1.600000000000000000e+01
-4.324137866497039795e-01,3.327474355697631836e+00,1.800000000000000000e+01,1.600000000000000000e+01
-3.522492945194244385e-01,3.406410932540893555e+00,1.800000000000000000e+01,1.600000000000000000e+01
-1.060167980194091797e+01,1.165873289108276367e+00,1.800000000000000000e+01,1.600000000000000000e+01
-7.880656421184539795e-02,3.721960544586181641e+00,1.800000000000000000e+01,1.600000000000000000e+01
-5.316227078437805176e-01,3.248176813125610352e+00,1.800000000000000000e+01,1.600000000000000000e+01
5.937388896942138672e+00,7.806596279144287109e+00,1.800000000000000000e+01,1.600000000000000000e+01
-1.177735328674316406e+01,4.684023261070251465e-01,1.800000000000000000e+01,1.600000000000000000e+01
-1.204537773132324219e+01,3.473714292049407959e-01,1.800000000000000000e+01,1.600000000000000000e+01
-1.430430531501770020e+00,3.101506710052490234e+00,1.800000000000000000e+01,1.600000000000000000e+01
4.648258209228515625e+00,6.916041851043701172e+00,1.800000000000000000e+01,1.600000000000000000e+01
-1.207703590393066406e+01,3.507856726646423340e-01,1.800000000000000000e+01,1.600000000000000000e+01
-1.150205993652343750e+01,8.005468845367431641e-01,1.800000000000000000e+01,1.600000000000000000e+01
-1.208521270751953125e+01,3.563443720340728760e-01,1.800000000000000000e+01,1.600000000000000000e+01
-1.149976348876953125e+01,8.286543488502502441e-01,1.800000000000000000e+01,1.600000000000000000e+01
-1.201516342163085938e+01,3.323280513286590576e-01,1.800000000000000000e+01,1.600000000000000000e+01
-1.204111194610595703e+01,5.985466241836547852e-01,1.800000000000000000e+01,1.600000000000000000e+01
-1.202748489379882812e+01,6.899755001068115234e-01,1.800000000000000000e+01,1.600000000000000000e+01
-1.023051500320434570e+00,3.005470037460327148e+00,1.800000000000000000e+01,1.600000000000000000e+01
5.678971290588378906e+00,7.583128452301025391e+00,1.800000000000000000e+01,1.600000000000000000e+01
-1.059425354003906250e+01,1.173226833343505859e+00,1.800000000000000000e+01,1.600000000000000000e+01
4.657466411590576172e+00,6.921145439147949219e+00,1.800000000000000000e+01,1.600000000000000000e+01
-1.350777626037597656e+00,3.039139509201049805e+00,1.800000000000000000e+01,1.600000000000000000e+01
-1.055338096618652344e+01,1.198589086532592773e+00,1.800000000000000000e+01,1.600000000000000000e+01
-1.169159030914306641e+01,9.515957236289978027e-01,1.800000000000000000e+01,1.600000000000000000e+01
-1.070817756652832031e+01,1.117010354995727539e+00,1.800000000000000000e+01,1.600000000000000000e+01
-1.046384429931640625e+01,1.254767537117004395e+00,1.800000000000000000e+01,1.600000000000000000e+01
5.018018722534179688e+00,7.170996189117431641e+00,1.800000000000000000e+01,1.600000000000000000e+01
-1.232359483838081360e-01,3.662076950073242188e+00,1.800000000000000000e+01,1.600000000000000000e+01
3.630878627300262451e-01,5.270385742187500000e+00,1.800000000000000000e+01,1.800000000000000000e+01
-1.203220081329345703e+01,3.245493173599243164e-01,1.800000000000000000e+01,1.600000000000000000e+01
5.975677013397216797e+00,7.843353748321533203e+00,1.800000000000000000e+01,1.600000000000000000e+01
-1.170053291320800781e+01,9.030976295471191406e-01,1.800000000000000000e+01,1.600000000000000000e+01
-1.176922130584716797e+01,4.574936926364898682e-01,1.800000000000000000e+01,1.600000000000000000e+01
-7.300627827644348145e-01,3.087679147720336914e+00,1.800000000000000000e+01,1.600000000000000000e+01
-5.834384560585021973e-01,3.212850570678710938e+00,1.800000000000000000e+01,1.600000000000000000e+01
-1.143877124786376953e+01,8.543884158134460449e-01,1.800000000000000000e+01,1.600000000000000000e+01
-1.045342254638671875e+01,1.264281511306762695e+00,1.800000000000000000e+01,1.600000000000000000e+01
5.522410392761230469e+00,7.454026699066162109e+00,1.800000000000000000e+01,1.600000000000000000e+01
-7.509979605674743652e-01,3.103192329406738281e+00,1.800000000000000000e+01,1.600000000000000000e+01
-1.258804440498352051e+00,2.986091136932373047e+00,1.800000000000000000e+01,1.600000000000000000e+01
-1.177179241180419922e+01,4.762830138206481934e-01,1.800000000000000000e+01,1.600000000000000000e+01
-1.169574356079101562e+01,5.291650891304016113e-01,1.800000000000000000e+01,1.600000000000000000e+01
-1.046097850799560547e+01,1.256973505020141602e+00,1.800000000000000000e+01,1.600000000000000000e+01
-1.052435970306396484e+01,1.222519397735595703e+00,1.800000000000000000e+01,1.600000000000000000e+01
-7.198777198791503906e-01,3.113870143890380859e+00,1.800000000000000000e+01,1.600000000000000000e+01
5.944630146026611328e+00,7.813321113586425781e+00,1.800000000000000000e+01,1.600000000000000000e+01
-1.068690204620361328e+01,1.128320097923278809e+00,1.800000000000000000e+01,1.600000000000000000e+01
-1.169563770294189453e+01,5.222686529159545898e-01,1.800000000000000000e+01,1.600000000000000000e+01
-1.043738174438476562e+01,1.278731465339660645e+00,1.800000000000000000e+01,1.600000000000000000e+01
5.967072010040283203e+00,7.834210872650146484e+00,1.800000000000000000e+01,1.600000000000000000e+01
-3.841041326522827148e-01,3.376933574676513672e+00,1.800000000000000000e+01,1.600000000000000000e+01
-7.121124863624572754e-01,3.085655450820922852e+00,1.800000000000000000e+01,1.600000000000000000e+01
-1.180190086364746094e+01,9.112010002136230469e-01,1.800000000000000000e+01,1.600000000000000000e+01
-1.063774013519287109e+01,1.145882368087768555e+00,1.800000000000000000e+01,1.600000000000000000e+01
-1.200486660003662109e+01,4.778773486614227295e-01,1.800000000000000000e+01,1.600000000000000000e+01
5.700169563293457031e+00,7.602029800415039062e+00,1.800000000000000000e+01,1.600000000000000000e+01
5.964821338653564453e+00,7.832963943481445312e+00,1.800000000000000000e+01,1.600000000000000000e+01
-1.149966526031494141e+01,8.389402627944946289e-01,1.800000000000000000e+01,1.600000000000000000e+01
5.697354316711425781e+00,7.599503040313720703e+00,1.800000000000000000e+01,1.600000000000000000e+01
-1.197912693023681641e+01,7.826808691024780273e-01,1.800000000000000000e+01,1.600000000000000000e+01
5.467017173767089844e+00,7.424187660217285156e+00,1.800000000000000000e+01,1.600000000000000000e+01
-1.081903100013732910e+00,2.992447376251220703e+00,1.800000000000000000e+01,1.600000000000000000e+01
-6.532074809074401855e-01,3.166900396347045898e+00,1.800000000000000000e+01,1.600000000000000000e+01
7.913693785667419434e-02,3.925985813140869141e+00,1.800000000000000000e+01,1.600000000000000000e+01
-1.181824302673339844e+01,4.811882078647613525e-01,1.800000000000000000e+01,1.600000000000000000e+01
4.921434879302978516e+00,7.107223510742187500e+00,1.800000000000000000e+01,1.600000000000000000e+01
-1.202411174774169922e+01,6.698383092880249023e-01,1.800000000000000000e+01,1.600000000000000000e+01
4.662842273712158203e+00,6.925475120544433594e+00,1.800000000000000000e+01,1.600000000000000000e+01
-7.301734685897827148e-01,3.107067346572875977e+00,1.800000000000000000e+01,1.600000000000000000e+01
-1.180743575096130371e+00,2.971596479415893555e+00,1.800000000000000000e+01,1.600000000000000000e+01
4.646563529968261719e+00,6.914053440093994141e+00,1.800000000000000000e+01,1.600000000000000000e+01
-1.072332572937011719e+01,1.104463815689086914e+00,1.800000000000000000e+01,1.600000000000000000e+01
5.957520008087158203e+00,7.825666427612304688e+00,1.800000000000000000e+01,1.600000000000000000e+01
5.461753845214843750e+00,7.419316291809082031e+00,1.800000000000000000e+01,1.600000000000000000e+01
-1.204708099365234375e+01,4.881695210933685303e-01,1.800000000000000000e+01,1.600000000000000000e+01
5.587194919586181641e+00,7.510399341583251953e+00,1.800000000000000000e+01,1.600000000000000000e+01
-1.147655391693115234e+01,8.496770262718200684e-01,1.800000000000000000e+01,1.600000000000000000e+01
-3.927771747112274170e-01,3.363332748413085938e+00,1.800000000000000000e+01,1.600000000000000000e+01
-1.048390865325927734e+01,1.243313550949096680e+00,1.800000000000000000e+01,1.600000000000000000e+01
5.697658538818359375e+00,7.599486827850341797e+00,1.800000000000000000e+01,1.600000000000000000e+01
5.711142063140869141e+00,7.613276958465576172e+00,1.800000000000000000e+01,1.600000000000000000e+01
-1.142999458312988281e+01,8.987218737602233887e-01,1.800000000000000000e+01,1.600000000000000000e+01
-1.265442132949829102e+00,2.980850696563720703e+00,1.800000000000000000e+01,1.600000000000000000e+01
-1.154830813407897949e+00,2.981445789337158203e+00,1.800000000000000000e+01,1.600000000000000000e+01
5.044790744781494141e+00,7.187903881072998047e+00,1.800000000000000000e+01,1.600000000000000000e+01
-1.067192363739013672e+01,1.135239481925964355e+00,1.800000000000000000e+01,1.600000000000000000e+01
-1.148274898529052734e+01,7.962565422058105469e-01,1.800000000000000000e+01,1.600000000000000000e+01
4.604808807373046875e+00,6.880724430084228516e+00,1.800000000000000000e+01,1.600000000000000000e+01
-5.427599549293518066e-01,3.235830783843994141e+00,1.800000000000000000e+01,1.600000000000000000e+01
5.459662914276123047e+00,7.416384696960449219e+00,1.800000000000000000e+01,1.600000000000000000e+01
-1.070396137237548828e+01,1.105765342712402344e+00,1.800000000000000000e+01,1.600000000000000000e+01
-1.162096786499023438e+01,6.843132376670837402e-01,1.800000000000000000e+01,1.600000000000000000e+01
-8.312951326370239258e-01,3.065654039382934570e+00,1.800000000000000000e+01,1.600000000000000000e+01
-1.181383037567138672e+01,4.432133436203002930e-01,1.800000000000000000e+01,1.600000000000000000e+01
-1.209317970275878906e+01,3.720948994159698486e-01,1.800000000000000000e+01,1.600000000000000000e+01
-1.205425834655761719e+01,7.174117565155029297e-01,1.800000000000000000e+01,1.600000000000000000e+01
5.964033603668212891e+00,7.831863403320312500e+00,1.800000000000000000e+01,1.600000000000000000e+01
-2.209917455911636353e-02,3.787023544311523438e+00,1.800000000000000000e+01,1.600000000000000000e+01
4.648363590240478516e+00,6.915040493011474609e+00,1.800000000000000000e+01,1.600000000000000000e+01
-1.068789768218994141e+01,1.126901388168334961e+00,1.800000000000000000e+01,1.600000000000000000e+01
-1.189306926727294922e+01,3.745598196983337402e-01,1.800000000000000000e+01,1.600000000000000000e+01
-1.173929882049560547e+01,9.644174575805664062e-01,1.800000000000000000e+01,1.600000000000000000e+01
4.854020118713378906e+00,7.055903911590576172e+00,1.800000000000000000e+01,1.600000000000000000e+01
-1.237714648246765137e+00,2.964192390441894531e+00,1.800000000000000000e+01,1.600000000000000000e+01
-1.260101079940795898e+00,2.973262786865234375e+00,1.800000000000000000e+01,1.600000000000000000e+01
-4.078592061996459961e-01,3.353836059570312500e+00,1.800000000000000000e+01,1.600000000000000000e+01
-3.451302647590637207e-01,3.405373811721801758e+00,1.800000000000000000e+01,1.600000000000000000e+01
-6.982920169830322266e-01,3.142219781875610352e+00,1.800000000000000000e+01,1.600000000000000000e+01
-4.212900698184967041e-01,3.336287498474121094e+00,1.800000000000000000e+01,1.600000000000000000e+01
-1.157832336425781250e+01,7.753285765647888184e-01,1.800000000000000000e+01,1.600000000000000000e+01
-1.300378918647766113e+00,2.995614767074584961e+00,1.800000000000000000e+01,1.600000000000000000e+01
-1.136629486083984375e+01,9.366172552108764648e-01,1.800000000000000000e+01,1.600000000000000000e+01
5.503083229064941406e+00,7.441039562225341797e+00,1.800000000000000000e+01,1.600000000000000000e+01
5.722919464111328125e+00,7.624054908752441406e+00,1.800000000000000000e+01,1.600000000000000000e+01
5.951762199401855469e+00,7.819864749908447266e+00,1.800000000000000000e+01,1.600000000000000000e+01
-2.093250900506973267e-01,3.565818071365356445e+00,1.800000000000000000e+01,1.600000000000000000e+01
-1.064063930511474609e+01,1.139990925788879395e+00,1.800000000000000000e+01,1.600000000000000000e+01
-7.378993630409240723e-01,3.111700534820556641e+00,1.800000000000000000e+01,1.600000000000000000e+01
-1.315703511238098145e+00,3.001310348510742188e+00,1.800000000000000000e+01,1.600000000000000000e+01
-1.406823158264160156e+00,3.098280906677246094e+00,1.800000000000000000e+01,1.600000000000000000e+01
-1.400955468416213989e-01,6.020187377929687500e+00,1.900000000000000000e+01,1.800000000000000000e+01
4.597762227058410645e-01,4.551493644714355469e+00,1.900000000000000000e+01,1.800000000000000000e+01
1.662390381097793579e-01,6.240729808807373047e+00,1.900000000000000000e+01,1.800000000000000000e+01
9.158402085304260254e-01,7.606200218200683594e+00,1.900000000000000000e+01,1.800000000000000000e+01
-3.569791615009307861e-01,7.115428924560546875e+00,1.900000000000000000e+01,1.800000000000000000e+01
8.038019537925720215e-01,7.294698715209960938e+00,1.900000000000000000e+01,1.800000000000000000e+01
1.953327804803848267e-01,7.477936267852783203e+00,1.900000000000000000e+01,1.800000000000000000e+01
-1.652644127607345581e-01,6.175003051757812500e+00,1.900000000000000000e+01,1.800000000000000000e+01
5.097070336341857910e-01,4.657955169677734375e+00,1.900000000000000000e+01,1.800000000000000000e+01
-3.942990303039550781e+00,-3.685699939727783203e+00,1.900000000000000000e+01,1.300000000000000000e+01
-2.076887488365173340e-01,7.354364871978759766e+00,1.900000000000000000e+01,1.800000000000000000e+01
5.516669750213623047e-01,8.046110153198242188e+00,1.900000000000000000e+01,1.800000000000000000e+01
4.544919729232788086e-01,5.183994770050048828e+00,1.900000000000000000e+01,1.800000000000000000e+01
-2.974753677845001221e-01,6.322276592254638672e+00,1.900000000000000000e+01,1.800000000000000000e+01
-1.472382545471191406e-01,6.148040294647216797e+00,1.900000000000000000e+01,1.800000000000000000e+01
-2.198579609394073486e-01,6.174528598785400391e+00,1.900000000000000000e+01,1.800000000000000000e+01
2.452409744262695312e+00,4.343663215637207031e+00,1.900000000000000000e+01,1.700000000000000000e+01
9.971728920936584473e-01,7.434861183166503906e+00,1.900000000000000000e+01,1.800000000000000000e+01
-4.481162726879119873e-01,6.737958431243896484e+00,1.900000000000000000e+01,1.800000000000000000e+01
9.072048664093017578e-01,7.527064800262451172e+00,1.900000000000000000e+01,1.800000000000000000e+01
9.266133904457092285e-01,7.492620468139648438e+00,1.900000000000000000e+01,1.800000000000000000e+01
4.805194139480590820e-01,4.536272048950195312e+00,1.900000000000000000e+01,1.800000000000000000e+01
-3.982468128204345703e+00,-3.762196779251098633e+00,1.900000000000000000e+01,1.300000000000000000e+01
-2.299152314662933350e-01,6.367231369018554688e+00,1.900000000000000000e+01,1.800000000000000000e+01
-2.205414324998855591e-01,6.200190067291259766e+00,1.900000000000000000e+01,1.800000000000000000e+01
5.978684425354003906e-01,6.170125961303710938e+00,1.900000000000000000e+01,1.800000000000000000e+01
9.245550036430358887e-01,7.437839031219482422e+00,1.900000000000000000e+01,1.800000000000000000e+01
2.190599739551544189e-01,5.571348190307617188e+00,1.900000000000000000e+01,1.800000000000000000e+01
3.026987314224243164e-01,5.421356201171875000e+00,1.900000000000000000e+01,1.800000000000000000e+01
1.058815002441406250e+00,5.589279174804687500e+00,1.900000000000000000e+01,1.700000000000000000e+01
2.083253264427185059e-01,5.619885444641113281e+00,1.900000000000000000e+01,1.800000000000000000e+01
6.878018379211425781e-01,6.855767250061035156e+00,1.900000000000000000e+01,1.800000000000000000e+01
2.628279924392700195e-01,5.511661052703857422e+00,1.900000000000000000e+01,1.800000000000000000e+01
5.284563302993774414e-01,6.979978084564208984e+00,1.900000000000000000e+01,1.800000000000000000e+01
4.417554736137390137e-01,7.632510662078857422e+00,1.900000000000000000e+01,1.800000000000000000e+01
5.378237962722778320e-01,6.796604633331298828e+00,1.900000000000000000e+01,1.800000000000000000e+01
-7.351626455783843994e-02,5.925940990447998047e+00,1.900000000000000000e+01,1.800000000000000000e+01
5.567222237586975098e-01,4.874739170074462891e+00,1.900000000000000000e+01,1.800000000000000000e+01
2.924232482910156250e-01,4.245673179626464844e+00,1.900000000000000000e+01,1.800000000000000000e+01
1.353109627962112427e-01,5.669333457946777344e+00,1.900000000000000000e+01,1.800000000000000000e+01
5.886125564575195312e-01,8.025434494018554688e+00,1.900000000000000000e+01,1.800000000000000000e+01
6.568753719329833984e-01,7.940852642059326172e+00,1.900000000000000000e+01,1.800000000000000000e+01
1.205495670437812805e-01,3.984925746917724609e+00,1.900000000000000000e+01,1.600000000000000000e+01
5.471665263175964355e-01,6.937662124633789062e+00,1.900000000000000000e+01,1.800000000000000000e+01
9.636509418487548828e-01,7.464423179626464844e+00,1.900000000000000000e+01,1.800000000000000000e+01
5.482044219970703125e-01,6.967507362365722656e+00,1.900000000000000000e+01,1.800000000000000000e+01
-2.510951757431030273e-01,6.265916347503662109e+00,1.900000000000000000e+01,1.800000000000000000e+01
2.512809932231903076e-01,5.491675376892089844e+00,1.900000000000000000e+01,1.800000000000000000e+01
3.595084249973297119e-01,5.307017326354980469e+00,1.900000000000000000e+01,1.800000000000000000e+01
6.219546794891357422e-01,6.897023200988769531e+00,1.900000000000000000e+01,1.800000000000000000e+01
9.297529458999633789e-01,7.521452903747558594e+00,1.900000000000000000e+01,1.800000000000000000e+01
-2.397243529558181763e-01,6.278551101684570312e+00,1.900000000000000000e+01,1.800000000000000000e+01
-1.674479246139526367e-01,6.100047111511230469e+00,1.900000000000000000e+01,1.800000000000000000e+01
5.676524639129638672e-01,8.056215286254882812e+00,1.900000000000000000e+01,1.800000000000000000e+01
8.846358060836791992e-01,7.388008594512939453e+00,1.900000000000000000e+01,1.800000000000000000e+01
7.643548846244812012e-01,7.829824924468994141e+00,1.900000000000000000e+01,1.800000000000000000e+01
8.897255063056945801e-01,5.734114170074462891e+00,1.900000000000000000e+01,1.800000000000000000e+01
6.340295076370239258e-01,6.681592464447021484e+00,1.900000000000000000e+01,1.800000000000000000e+01
8.117934465408325195e-01,7.179208278656005859e+00,1.900000000000000000e+01,1.800000000000000000e+01
3.652177155017852783e-01,7.519772052764892578e+00,1.900000000000000000e+01,1.800000000000000000e+01
-2.600741982460021973e-01,7.305548667907714844e+00,1.900000000000000000e+01,1.800000000000000000e+01
9.537038803100585938e-01,7.427902698516845703e+00,1.900000000000000000e+01,1.800000000000000000e+01
4.787677526473999023e-01,6.549152851104736328e+00,1.900000000000000000e+01,1.800000000000000000e+01
5.975242853164672852e-01,8.026323318481445312e+00,1.900000000000000000e+01,1.800000000000000000e+01
4.056352376937866211e-01,5.220969200134277344e+00,1.900000000000000000e+01,1.800000000000000000e+01
-1.682452559471130371e-01,6.071691036224365234e+00,1.900000000000000000e+01,1.800000000000000000e+01
-5.937609449028968811e-02,7.401123046875000000e+00,1.900000000000000000e+01,1.800000000000000000e+01
5.697271227836608887e-01,6.854151248931884766e+00,1.900000000000000000e+01,1.800000000000000000e+01
-2.110572308301925659e-01,6.213855266571044922e+00,1.900000000000000000e+01,1.800000000000000000e+01
7.033857703208923340e-01,7.333171367645263672e+00,1.900000000000000000e+01,1.800000000000000000e+01
6.410815715789794922e-01,6.795047760009765625e+00,1.900000000000000000e+01,1.800000000000000000e+01
6.527701020240783691e-01,6.389362812042236328e+00,1.900000000000000000e+01,1.800000000000000000e+01
-1.280974894762039185e-01,5.991761684417724609e+00,1.900000000000000000e+01,1.800000000000000000e+01
5.089602470397949219e-01,4.736874103546142578e+00,1.900000000000000000e+01,1.800000000000000000e+01
-4.332409203052520752e-01,6.901127338409423828e+00,1.900000000000000000e+01,1.800000000000000000e+01
8.712648749351501465e-01,5.757544040679931641e+00,1.900000000000000000e+01,1.800000000000000000e+01
5.769970417022705078e-01,6.694939613342285156e+00,1.900000000000000000e+01,1.800000000000000000e+01
8.707169890403747559e-01,7.465181827545166016e+00,1.900000000000000000e+01,1.800000000000000000e+01
6.411852836608886719e-01,6.444864749908447266e+00,1.900000000000000000e+01,1.800000000000000000e+01
4.051317274570465088e-01,7.442284584045410156e+00,1.900000000000000000e+01,1.800000000000000000e+01
5.460861325263977051e-01,4.899116992950439453e+00,1.900000000000000000e+01,1.800000000000000000e+01
-3.966050863265991211e+00,-3.735194206237792969e+00,1.900000000000000000e+01,1.300000000000000000e+01
-2.333326041698455811e-01,7.336956501007080078e+00,1.900000000000000000e+01,1.800000000000000000e+01
-2.306644171476364136e-01,7.341192722320556641e+00,1.900000000000000000e+01,1.800000000000000000e+01
5.824740529060363770e-01,8.063537597656250000e+00,1.900000000000000000e+01,1.800000000000000000e+01
5.865603685379028320e-01,8.034001350402832031e+00,1.900000000000000000e+01,1.800000000000000000e+01
-9.104394912719726562e-02,5.937475204467773438e+00,1.900000000000000000e+01,1.800000000000000000e+01
-4.590694308280944824e-01,6.834722995758056641e+00,1.900000000000000000e+01,1.800000000000000000e+01
9.394763708114624023e-01,7.464058876037597656e+00,1.900000000000000000e+01,1.800000000000000000e+01
3.709738552570343018e-01,7.418715953826904297e+00,1.900000000000000000e+01,1.800000000000000000e+01
8.935713171958923340e-01,7.507272720336914062e+00,1.900000000000000000e+01,1.800000000000000000e+01
4.529707431793212891e-01,5.260704994201660156e+00,1.900000000000000000e+01,1.800000000000000000e+01
5.037522315979003906e-01,5.025866031646728516e+00,1.900000000000000000e+01,1.800000000000000000e+01
-1.842122822999954224e-01,6.102672576904296875e+00,1.900000000000000000e+01,1.800000000000000000e+01
2.201701879501342773e+00,4.481581211090087891e+00,1.900000000000000000e+01,1.700000000000000000e+01
-2.513647675514221191e-01,6.257528305053710938e+00,1.900000000000000000e+01,1.800000000000000000e+01
6.721037626266479492e-01,7.912697315216064453e+00,1.900000000000000000e+01,1.800000000000000000e+01
2.333856523036956787e-01,5.503142833709716797e+00,1.900000000000000000e+01,1.800000000000000000e+01
8.495929241180419922e-01,7.649457931518554688e+00,1.900000000000000000e+01,1.800000000000000000e+01
5.810975432395935059e-01,8.043768882751464844e+00,1.900000000000000000e+01,1.800000000000000000e+01
-2.933322265744209290e-02,5.900516986846923828e+00,1.900000000000000000e+01,1.800000000000000000e+01
5.053249001502990723e-01,7.155478477478027344e+00,1.900000000000000000e+01,1.800000000000000000e+01
5.053817033767700195e-01,6.970528602600097656e+00,1.900000000000000000e+01,1.800000000000000000e+01
5.498078837990760803e-02,5.834656238555908203e+00,1.900000000000000000e+01,1.800000000000000000e+01
5.169414281845092773e-01,7.107472896575927734e+00,1.900000000000000000e+01,1.800000000000000000e+01
1.911942213773727417e-01,5.615223407745361328e+00,1.900000000000000000e+01,1.800000000000000000e+01
-9.919001907110214233e-02,3.693448305130004883e+00,1.900000000000000000e+01,1.600000000000000000e+01
5.586975216865539551e-01,7.926188468933105469e+00,1.900000000000000000e+01,1.800000000000000000e+01
8.078442215919494629e-01,7.304921150207519531e+00,1.900000000000000000e+01,1.800000000000000000e+01
1.551472991704940796e-01,5.639255523681640625e+00,1.900000000000000000e+01,1.800000000000000000e+01
6.370232999324798584e-02,5.824528694152832031e+00,1.900000000000000000e+01,1.800000000000000000e+01
6.026800274848937988e-01,8.021710395812988281e+00,1.900000000000000000e+01,1.800000000000000000e+01
-4.595616161823272705e-01,6.746089458465576172e+00,1.900000000000000000e+01,1.800000000000000000e+01
4.751990735530853271e-01,4.550453662872314453e+00,1.900000000000000000e+01,1.800000000000000000e+01
4.945383071899414062e-01,4.572458267211914062e+00,1.900000000000000000e+01,1.800000000000000000e+01
9.271199703216552734e-01,7.464703559875488281e+00,1.900000000000000000e+01,1.800000000000000000e+01
6.184557676315307617e-01,6.278331756591796875e+00,1.900000000000000000e+01,1.800000000000000000e+01
-2.370691746473312378e-01,7.322860717773437500e+00,1.900000000000000000e+01,1.800000000000000000e+01
-4.461345672607421875e-01,6.717670917510986328e+00,1.900000000000000000e+01,1.800000000000000000e+01
6.041257977485656738e-01,6.677478313446044922e+00,1.900000000000000000e+01,1.800000000000000000e+01
-1.077364683151245117e-01,5.966944217681884766e+00,1.900000000000000000e+01,1.800000000000000000e+01
5.592826008796691895e-01,4.821806907653808594e+00,1.900000000000000000e+01,1.800000000000000000e+01
-4.410482943058013916e-01,6.773256778717041016e+00,1.900000000000000000e+01,1.800000000000000000e+01
5.682300925254821777e-01,8.035947799682617188e+00,1.900000000000000000e+01,1.800000000000000000e+01
3.659360706806182861e-01,7.351905822753906250e+00,1.900000000000000000e+01,1.800000000000000000e+01
7.904364466667175293e-01,5.838585376739501953e+00,1.900000000000000000e+01,1.800000000000000000e+01
5.805379152297973633e-01,8.026865959167480469e+00,1.900000000000000000e+01,1.800000000000000000e+01
-2.668271958827972412e-01,7.293263912200927734e+00,1.900000000000000000e+01,1.800000000000000000e+01
5.169722437858581543e-01,6.721073150634765625e+00,1.900000000000000000e+01,1.800000000000000000e+01
2.177772969007492065e-01,5.636880397796630859e+00,1.900000000000000000e+01,1.800000000000000000e+01
-3.975764036178588867e+00,-3.716739177703857422e+00,1.900000000000000000e+01,1.300000000000000000e+01
1.313087940216064453e-01,6.146880149841308594e+00,1.900000000000000000e+01,1.800000000000000000e+01
7.398542165756225586e-01,7.760345458984375000e+00,1.900000000000000000e+01,1.800000000000000000e+01
-3.942798852920532227e+00,-3.689052343368530273e+00,1.900000000000000000e+01,1.300000000000000000e+01
5.347421765327453613e-01,4.683997154235839844e+00,1.900000000000000000e+01,1.800000000000000000e+01
-2.220447957515716553e-01,6.129665851593017578e+00,1.900000000000000000e+01,1.800000000000000000e+01
8.550827503204345703e-01,7.233533382415771484e+00,1.900000000000000000e+01,1.800000000000000000e+01
-2.358545213937759399e-01,6.224945545196533203e+00,1.900000000000000000e+01,1.800000000000000000e+01
2.066267132759094238e-01,5.565093517303466797e+00,1.900000000000000000e+01,1.800000000000000000e+01
8.963674902915954590e-01,7.580731868743896484e+00,1.900000000000000000e+01,1.800000000000000000e+01
7.135853171348571777e-01,6.169228553771972656e+00,1.900000000000000000e+01,1.800000000000000000e+01
8.792767524719238281e-01,7.621577262878417969e+00,1.900000000000000000e+01,1.800000000000000000e+01
8.078237175941467285e-01,7.186217784881591797e+00,1.900000000000000000e+01,1.800000000000000000e+01
5.548259019851684570e-01,8.034815788269042969e+00,1.900000000000000000e+01,1.800000000000000000e+01
2.533251941204071045e-01,5.492795944213867188e+00,1.900000000000000000e+01,1.800000000000000000e+01
9.539768695831298828e-01,7.485350131988525391e+00,1.900000000000000000e+01,1.800000000000000000e+01
2.903632223606109619e-01,6.339713096618652344e+00,1.900000000000000000e+01,1.800000000000000000e+01
-2.706020176410675049e-01,7.296331405639648438e+00,1.900000000000000000e+01,1.800000000000000000e+01
2.393400669097900391e+00,4.387089729309082031e+00,1.900000000000000000e+01,1.700000000000000000e+01
9.613335132598876953e-01,7.473063468933105469e+00,1.900000000000000000e+01,1.800000000000000000e+01
-4.040444791316986084e-01,6.643146991729736328e+00,1.900000000000000000e+01,1.800000000000000000e+01
5.536283254623413086e-01,6.854426383972167969e+00,1.900000000000000000e+01,1.800000000000000000e+01
4.809865355491638184e-01,5.103845596313476562e+00,1.900000000000000000e+01,1.800000000000000000e+01
5.011696815490722656e-01,4.608556270599365234e+00,1.900000000000000000e+01,1.800000000000000000e+01
1.650513559579849243e-01,5.792613983154296875e+00,1.900000000000000000e+01,1.800000000000000000e+01
6.033030748367309570e-01,8.015594482421875000e+00,1.900000000000000000e+01,1.800000000000000000e+01
-3.959444522857666016e+00,-3.703210592269897461e+00,1.900000000000000000e+01,1.300000000000000000e+01
1.899369060993194580e-01,6.054103374481201172e+00,1.900000000000000000e+01,1.800000000000000000e+01
6.234357357025146484e-01,7.977774143218994141e+00,1.900000000000000000e+01,1.800000000000000000e+01
2.035830169916152954e-01,5.868169307708740234e+00,1.900000000000000000e+01,1.800000000000000000e+01
6.228219866752624512e-01,6.738674163818359375e+00,1.900000000000000000e+01,1.800000000000000000e+01
1.548729687929153442e-01,5.919195652008056641e+00,1.900000000000000000e+01,1.800000000000000000e+01
-1.578858196735382080e-01,6.035419464111328125e+00,1.900000000000000000e+01,1.800000000000000000e+01
3.168866038322448730e-01,4.283292293548583984e+00,1.900000000000000000e+01,1.600000000000000000e+01
5.281711816787719727e-01,4.778961658477783203e+00,1.900000000000000000e+01,1.800000000000000000e+01
9.827056527137756348e-01,7.453131198883056641e+00,1.900000000000000000e+01,1.800000000000000000e+01
-2.712504565715789795e-01,7.298453330993652344e+00,1.900000000000000000e+01,1.800000000000000000e+01
3.616757988929748535e-01,7.400222301483154297e+00,1.900000000000000000e+01,1.800000000000000000e+01
8.009930253028869629e-01,7.113381385803222656e+00,1.900000000000000000e+01,1.800000000000000000e+01
-2.890792191028594971e-01,6.374109745025634766e+00,1.900000000000000000e+01,1.800000000000000000e+01
4.889848530292510986e-01,5.086172103881835938e+00,1.900000000000000000e+01,1.800000000000000000e+01
1.645187437534332275e-01,5.942317008972167969e+00,1.900000000000000000e+01,1.800000000000000000e+01
-9.817077964544296265e-02,7.407904148101806641e+00,1.900000000000000000e+01,1.800000000000000000e+01
2.922911942005157471e-01,7.453248500823974609e+00,1.900000000000000000e+01,1.800000000000000000e+01
5.772019624710083008e-01,4.858996868133544922e+00,1.900000000000000000e+01,1.800000000000000000e+01
-4.786979854106903076e-01,6.755534648895263672e+00,1.900000000000000000e+01,1.800000000000000000e+01
2.289209604263305664e+00,4.584748268127441406e+00,1.900000000000000000e+01,1.700000000000000000e+01
9.459468126296997070e-01,7.521949291229248047e+00,1.900000000000000000e+01,1.800000000000000000e+01
-2.232892960309982300e-01,7.352075576782226562e+00,1.900000000000000000e+01,1.800000000000000000e+01
-7.228621840476989746e-02,5.926187038421630859e+00,1.900000000000000000e+01,1.800000000000000000e+01
4.859578609466552734e-01,4.571609497070312500e+00,1.900000000000000000e+01,1.800000000000000000e+01
4.923413395881652832e-01,5.009006500244140625e+00,1.900000000000000000e+01,1.800000000000000000e+01
5.235543251037597656e-01,4.936383247375488281e+00,1.900000000000000000e+01,1.800000000000000000e+01
-5.127776265144348145e-01,6.830868244171142578e+00,1.900000000000000000e+01,1.800000000000000000e+01
-1.159291267395019531e-01,7.372189044952392578e+00,1.900000000000000000e+01,1.800000000000000000e+01
2.536522388458251953e+00,4.222156047821044922e+00,1.900000000000000000e+01,1.700000000000000000e+01
5.505255460739135742e-01,4.648763656616210938e+00,1.900000000000000000e+01,1.800000000000000000e+01
5.577533841133117676e-01,8.037242889404296875e+00,1.900000000000000000e+01,1.800000000000000000e+01
6.356174945831298828e-01,6.619378566741943359e+00,1.900000000000000000e+01,1.800000000000000000e+01
5.610432028770446777e-01,6.950034618377685547e+00,1.900000000000000000e+01,1.800000000000000000e+01
4.674667716026306152e-01,7.270483493804931641e+00,1.900000000000000000e+01,1.800000000000000000e+01
6.180378198623657227e-01,6.804500579833984375e+00,1.900000000000000000e+01,1.800000000000000000e+01
8.991159796714782715e-01,7.520232677459716797e+00,1.900000000000000000e+01,1.800000000000000000e+01
-1.951930671930313110e-01,6.189276695251464844e+00,1.900000000000000000e+01,1.800000000000000000e+01
-2.748956382274627686e-01,7.291959762573242188e+00,1.900000000000000000e+01,1.800000000000000000e+01
6.448061466217041016e-01,6.600180149078369141e+00,1.900000000000000000e+01,1.800000000000000000e+01
-3.935392856597900391e+00,-3.533288002014160156e+00,1.900000000000000000e+01,1.300000000000000000e+01
6.124551892280578613e-01,6.641790866851806641e+00,1.900000000000000000e+01,1.800000000000000000e+01
5.379710793495178223e-01,7.942567825317382812e+00,1.900000000000000000e+01,1.800000000000000000e+01
5.692253708839416504e-01,4.827589511871337891e+00,1.900000000000000000e+01,1.800000000000000000e+01
8.975796699523925781e-01,7.587981224060058594e+00,1.900000000000000000e+01,1.800000000000000000e+01
6.495381593704223633e-01,6.397556304931640625e+00,1.900000000000000000e+01,1.800000000000000000e+01
-3.421104848384857178e-01,6.502124309539794922e+00,1.900000000000000000e+01,1.800000000000000000e+01
-4.747226536273956299e-01,6.804783344268798828e+00,1.900000000000000000e+01,1.800000000000000000e+01
2.560653984546661377e-01,4.188826560974121094e+00,1.900000000000000000e+01,1.800000000000000000e+01
-2.374505251646041870e-02,7.419996738433837891e+00,1.900000000000000000e+01,1.800000000000000000e+01
3.020524978637695312e-01,4.257243156433105469e+00,1.900000000000000000e+01,1.800000000000000000e+01
2.584223151206970215e-01,5.479748249053955078e+00,1.900000000000000000e+01,1.800000000000000000e+01
-1.609457135200500488e-01,6.140000343322753906e+00,1.900000000000000000e+01,1.800000000000000000e+01
-2.103125303983688354e-01,7.349001407623291016e+00,1.900000000000000000e+01,1.800000000000000000e+01
