dim1,dim2,operational_label,is_current_round
2.510668563842773438e+01,-1.355898189544677734e+01,0.000000000000000000e+00,0.000000000000000000e+00
2.522406196594238281e+01,-1.346109104156494141e+01,0.000000000000000000e+00,0.000000000000000000e+00
2.493397331237792969e+01,-1.356021785736083984e+01,0.000000000000000000e+00,0.000000000000000000e+00
2.508237838745117188e+01,-1.351215744018554688e+01,0.000000000000000000e+00,0.000000000000000000e+00
2.433903121948242188e+01,-1.387346744537353516e+01,0.000000000000000000e+00,0.000000000000000000e+00
2.529391860961914062e+01,-1.335846328735351562e+01,0.000000000000000000e+00,0.000000000000000000e+00
2.427775382995605469e+01,-1.418789100646972656e+01,0.000000000000000000e+00,0.000000000000000000e+00
2.378859519958496094e+01,-1.456840705871582031e+01,0.000000000000000000e+00,0.000000000000000000e+00
2.382202529907226562e+01,-1.436186981201171875e+01,0.000000000000000000e+00,0.000000000000000000e+00
2.475315666198730469e+01,-1.400010204315185547e+01,0.000000000000000000e+00,0.000000000000000000e+00
2.529149246215820312e+01,-1.335687160491943359e+01,0.000000000000000000e+00,0.000000000000000000e+00
2.463450622558593750e+01,-1.360699748992919922e+01,0.000000000000000000e+00,0.000000000000000000e+00
2.520550346374511719e+01,-1.347228050231933594e+01,0.000000000000000000e+00,0.000000000000000000e+00
2.444449806213378906e+01,-1.369751358032226562e+01,0.000000000000000000e+00,0.000000000000000000e+00
2.423221778869628906e+01,-1.410743045806884766e+01,0.000000000000000000e+00,0.000000000000000000e+00
2.455042839050292969e+01,-1.350246715545654297e+01,0.000000000000000000e+00,0.000000000000000000e+00
2.377970314025878906e+01,-1.456604576110839844e+01,0.000000000000000000e+00,0.000000000000000000e+00
2.354130172729492188e+01,-1.420532989501953125e+01,0.000000000000000000e+00,0.000000000000000000e+00
2.378404808044433594e+01,-1.456269741058349609e+01,0.000000000000000000e+00,0.000000000000000000e+00
2.376299858093261719e+01,-1.456432819366455078e+01,0.000000000000000000e+00,0.000000000000000000e+00
2.458752059936523438e+01,-1.350683212280273438e+01,0.000000000000000000e+00,0.000000000000000000e+00
2.365222167968750000e+01,-1.416368103027343750e+01,0.000000000000000000e+00,0.000000000000000000e+00
2.411823654174804688e+01,-1.409189414978027344e+01,0.000000000000000000e+00,0.000000000000000000e+00
2.496709060668945312e+01,-1.366101360321044922e+01,0.000000000000000000e+00,0.000000000000000000e+00
2.448975753784179688e+01,-1.381977748870849609e+01,0.000000000000000000e+00,0.000000000000000000e+00
2.385244178771972656e+01,-1.439609050750732422e+01,0.000000000000000000e+00,0.000000000000000000e+00
2.361295890808105469e+01,-1.398987483978271484e+01,0.000000000000000000e+00,0.000000000000000000e+00
2.398543357849121094e+01,-1.411824512481689453e+01,0.000000000000000000e+00,0.000000000000000000e+00
2.364645195007324219e+01,-1.410322952270507812e+01,0.000000000000000000e+00,0.000000000000000000e+00
2.357291412353515625e+01,-1.416851997375488281e+01,0.000000000000000000e+00,0.000000000000000000e+00
2.507424545288085938e+01,-1.356031513214111328e+01,0.000000000000000000e+00,0.000000000000000000e+00
2.458251380920410156e+01,-1.349626922607421875e+01,0.000000000000000000e+00,0.000000000000000000e+00
2.354271507263183594e+01,-1.433579063415527344e+01,0.000000000000000000e+00,0.000000000000000000e+00
2.477219009399414062e+01,-1.398745250701904297e+01,0.000000000000000000e+00,0.000000000000000000e+00
2.403728103637695312e+01,-1.445132255554199219e+01,0.000000000000000000e+00,0.000000000000000000e+00
2.519908523559570312e+01,-1.348108863830566406e+01,0.000000000000000000e+00,0.000000000000000000e+00
2.512759399414062500e+01,-1.353555107116699219e+01,0.000000000000000000e+00,0.000000000000000000e+00
2.443408966064453125e+01,-1.413025951385498047e+01,0.000000000000000000e+00,0.000000000000000000e+00
2.503227806091308594e+01,-1.372491359710693359e+01,0.000000000000000000e+00,0.000000000000000000e+00
2.366907310485839844e+01,-1.399642848968505859e+01,0.000000000000000000e+00,0.000000000000000000e+00
2.367241859436035156e+01,-1.396407604217529297e+01,0.000000000000000000e+00,0.000000000000000000e+00
2.446920776367187500e+01,-1.352072906494140625e+01,0.000000000000000000e+00,0.000000000000000000e+00
2.515068435668945312e+01,-1.355412006378173828e+01,0.000000000000000000e+00,0.000000000000000000e+00
2.372921371459960938e+01,-1.426565551757812500e+01,0.000000000000000000e+00,0.000000000000000000e+00
2.373664093017578125e+01,-1.416539192199707031e+01,0.000000000000000000e+00,0.000000000000000000e+00
2.407715415954589844e+01,-1.408521175384521484e+01,0.000000000000000000e+00,0.000000000000000000e+00
2.389752388000488281e+01,-1.437378215789794922e+01,0.000000000000000000e+00,0.000000000000000000e+00
2.356803512573242188e+01,-1.408466720581054688e+01,0.000000000000000000e+00,0.000000000000000000e+00
2.528625488281250000e+01,-1.336506462097167969e+01,0.000000000000000000e+00,0.000000000000000000e+00
2.352855300903320312e+01,-1.413306903839111328e+01,0.000000000000000000e+00,0.000000000000000000e+00
2.379725265502929688e+01,-1.456314373016357422e+01,0.000000000000000000e+00,0.000000000000000000e+00
2.376856994628906250e+01,-1.457115364074707031e+01,0.000000000000000000e+00,0.000000000000000000e+00
2.427979660034179688e+01,-1.421703243255615234e+01,0.000000000000000000e+00,0.000000000000000000e+00
2.482905578613281250e+01,-1.369960403442382812e+01,0.000000000000000000e+00,0.000000000000000000e+00
2.358639717102050781e+01,-1.414620304107666016e+01,0.000000000000000000e+00,0.000000000000000000e+00
2.457913970947265625e+01,-1.350625514984130859e+01,0.000000000000000000e+00,0.000000000000000000e+00
2.430700683593750000e+01,-1.425260066986083984e+01,0.000000000000000000e+00,0.000000000000000000e+00
2.444270896911621094e+01,-1.365892124176025391e+01,0.000000000000000000e+00,0.000000000000000000e+00
2.511147689819335938e+01,-1.348017024993896484e+01,0.000000000000000000e+00,0.000000000000000000e+00
2.520953178405761719e+01,-1.340966606140136719e+01,0.000000000000000000e+00,0.000000000000000000e+00
2.477033042907714844e+01,-1.401464366912841797e+01,0.000000000000000000e+00,0.000000000000000000e+00
2.409566307067871094e+01,-1.411848545074462891e+01,0.000000000000000000e+00,0.000000000000000000e+00
2.439984130859375000e+01,-1.356404590606689453e+01,0.000000000000000000e+00,0.000000000000000000e+00
2.444342231750488281e+01,-1.383332729339599609e+01,0.000000000000000000e+00,0.000000000000000000e+00
2.362869644165039062e+01,-1.400750541687011719e+01,0.000000000000000000e+00,0.000000000000000000e+00
2.515597343444824219e+01,-1.348266983032226562e+01,0.000000000000000000e+00,0.000000000000000000e+00
2.505685997009277344e+01,-1.351822471618652344e+01,0.000000000000000000e+00,0.000000000000000000e+00
2.469151306152343750e+01,-1.406662464141845703e+01,0.000000000000000000e+00,0.000000000000000000e+00
2.364421272277832031e+01,-1.442022323608398438e+01,0.000000000000000000e+00,0.000000000000000000e+00
2.486306381225585938e+01,-1.354067039489746094e+01,0.000000000000000000e+00,0.000000000000000000e+00
2.367170143127441406e+01,-1.447082519531250000e+01,0.000000000000000000e+00,0.000000000000000000e+00
2.357788848876953125e+01,-1.438923168182373047e+01,0.000000000000000000e+00,0.000000000000000000e+00
2.437714004516601562e+01,-1.376489639282226562e+01,0.000000000000000000e+00,0.000000000000000000e+00
2.390133094787597656e+01,-1.398380279541015625e+01,0.000000000000000000e+00,0.000000000000000000e+00
2.476918601989746094e+01,-1.365698814392089844e+01,0.000000000000000000e+00,0.000000000000000000e+00
2.530611228942871094e+01,-1.335401821136474609e+01,0.000000000000000000e+00,0.000000000000000000e+00
2.492510604858398438e+01,-1.385270786285400391e+01,0.000000000000000000e+00,0.000000000000000000e+00
2.489443206787109375e+01,-1.355194759368896484e+01,0.000000000000000000e+00,0.000000000000000000e+00
2.356148147583007812e+01,-1.413343048095703125e+01,0.000000000000000000e+00,0.000000000000000000e+00
2.354264068603515625e+01,-1.414093208312988281e+01,0.000000000000000000e+00,0.000000000000000000e+00
2.505990982055664062e+01,-1.366647338867187500e+01,0.000000000000000000e+00,0.000000000000000000e+00
2.433799743652343750e+01,-1.412554073333740234e+01,0.000000000000000000e+00,0.000000000000000000e+00
2.529449653625488281e+01,-1.335553359985351562e+01,0.000000000000000000e+00,0.000000000000000000e+00
2.461209297180175781e+01,-1.354450416564941406e+01,0.000000000000000000e+00,0.000000000000000000e+00
2.379069709777832031e+01,-1.455109691619873047e+01,0.000000000000000000e+00,0.000000000000000000e+00
2.463750267028808594e+01,-1.409538650512695312e+01,0.000000000000000000e+00,0.000000000000000000e+00
2.426191520690917969e+01,-1.433976650238037109e+01,0.000000000000000000e+00,0.000000000000000000e+00
2.471110725402832031e+01,-1.377659225463867188e+01,0.000000000000000000e+00,0.000000000000000000e+00
2.352574729919433594e+01,-1.414735889434814453e+01,0.000000000000000000e+00,0.000000000000000000e+00
2.370222854614257812e+01,-1.400820922851562500e+01,0.000000000000000000e+00,0.000000000000000000e+00
2.365210533142089844e+01,-1.403237724304199219e+01,0.000000000000000000e+00,0.000000000000000000e+00
2.447962951660156250e+01,-1.366759872436523438e+01,0.000000000000000000e+00,0.000000000000000000e+00
2.486172103881835938e+01,-1.392526626586914062e+01,0.000000000000000000e+00,0.000000000000000000e+00
2.424022865295410156e+01,-1.415029716491699219e+01,0.000000000000000000e+00,0.000000000000000000e+00
2.529482269287109375e+01,-1.335672569274902344e+01,0.000000000000000000e+00,0.000000000000000000e+00
2.437746238708496094e+01,-1.426292133331298828e+01,0.000000000000000000e+00,0.000000000000000000e+00
2.433813858032226562e+01,-1.401809597015380859e+01,0.000000000000000000e+00,0.000000000000000000e+00
2.529240226745605469e+01,-1.334669399261474609e+01,0.000000000000000000e+00,0.000000000000000000e+00
2.405620956420898438e+01,-1.443905162811279297e+01,0.000000000000000000e+00,0.000000000000000000e+00
2.509673118591308594e+01,-1.361417961120605469e+01,0.000000000000000000e+00,0.000000000000000000e+00
2.490896034240722656e+01,-1.375433540344238281e+01,0.000000000000000000e+00,0.000000000000000000e+00
2.433080863952636719e+01,-1.432151412963867188e+01,0.000000000000000000e+00,0.000000000000000000e+00
2.472733116149902344e+01,-1.405479240417480469e+01,0.000000000000000000e+00,0.000000000000000000e+00
2.447641181945800781e+01,-1.365293788909912109e+01,0.000000000000000000e+00,0.000000000000000000e+00
2.488427734375000000e+01,-1.389328289031982422e+01,0.000000000000000000e+00,0.000000000000000000e+00
2.377207946777343750e+01,-1.435029029846191406e+01,0.000000000000000000e+00,0.000000000000000000e+00
2.399445343017578125e+01,-1.432920742034912109e+01,0.000000000000000000e+00,0.000000000000000000e+00
2.465871047973632812e+01,-1.366436195373535156e+01,0.000000000000000000e+00,0.000000000000000000e+00
2.510526084899902344e+01,-1.349961471557617188e+01,0.000000000000000000e+00,0.000000000000000000e+00
2.347655868530273438e+01,-1.423181438446044922e+01,0.000000000000000000e+00,0.000000000000000000e+00
2.506999015808105469e+01,-1.365621757507324219e+01,0.000000000000000000e+00,0.000000000000000000e+00
2.428086090087890625e+01,-1.421121788024902344e+01,0.000000000000000000e+00,0.000000000000000000e+00
2.513407135009765625e+01,-1.349592590332031250e+01,0.000000000000000000e+00,0.000000000000000000e+00
2.376477432250976562e+01,-1.430690670013427734e+01,0.000000000000000000e+00,0.000000000000000000e+00
2.374333572387695312e+01,-1.452022361755371094e+01,0.000000000000000000e+00,0.000000000000000000e+00
2.418013191223144531e+01,-1.411067008972167969e+01,0.000000000000000000e+00,0.000000000000000000e+00
2.392499732971191406e+01,-1.416995811462402344e+01,0.000000000000000000e+00,0.000000000000000000e+00
2.423590087890625000e+01,-1.426866912841796875e+01,0.000000000000000000e+00,0.000000000000000000e+00
2.376898765563964844e+01,-1.436098384857177734e+01,0.000000000000000000e+00,0.000000000000000000e+00
2.514423561096191406e+01,-1.350903129577636719e+01,0.000000000000000000e+00,0.000000000000000000e+00
2.443287658691406250e+01,-1.419425106048583984e+01,0.000000000000000000e+00,0.000000000000000000e+00
2.367631149291992188e+01,-1.452010059356689453e+01,0.000000000000000000e+00,0.000000000000000000e+00
2.461730766296386719e+01,-1.377191734313964844e+01,0.000000000000000000e+00,0.000000000000000000e+00
2.428382301330566406e+01,-1.411813640594482422e+01,0.000000000000000000e+00,0.000000000000000000e+00
2.355285835266113281e+01,-1.413785839080810547e+01,0.000000000000000000e+00,0.000000000000000000e+00
2.457094764709472656e+01,-1.351426506042480469e+01,0.000000000000000000e+00,0.000000000000000000e+00
2.501692199707031250e+01,-1.358139419555664062e+01,0.000000000000000000e+00,0.000000000000000000e+00
2.479715347290039062e+01,-1.393199920654296875e+01,0.000000000000000000e+00,0.000000000000000000e+00
2.531573295593261719e+01,-1.334484767913818359e+01,0.000000000000000000e+00,0.000000000000000000e+00
2.529671859741210938e+01,-1.336176490783691406e+01,0.000000000000000000e+00,0.000000000000000000e+00
2.368196296691894531e+01,-1.446672248840332031e+01,0.000000000000000000e+00,0.000000000000000000e+00
2.528820991516113281e+01,-1.336500644683837891e+01,0.000000000000000000e+00,0.000000000000000000e+00
2.446703147888183594e+01,-1.354380607604980469e+01,0.000000000000000000e+00,0.000000000000000000e+00
2.493235778808593750e+01,-1.363135433197021484e+01,0.000000000000000000e+00,0.000000000000000000e+00
2.446998786926269531e+01,-1.364155292510986328e+01,0.000000000000000000e+00,0.000000000000000000e+00
2.504908180236816406e+01,-1.368400955200195312e+01,0.000000000000000000e+00,0.000000000000000000e+00
2.407816505432128906e+01,-1.405964565277099609e+01,0.000000000000000000e+00,0.000000000000000000e+00
2.466303253173828125e+01,-1.374621391296386719e+01,0.000000000000000000e+00,0.000000000000000000e+00
2.354122924804687500e+01,-1.429417991638183594e+01,0.000000000000000000e+00,0.000000000000000000e+00
2.462540054321289062e+01,-1.347634506225585938e+01,0.000000000000000000e+00,0.000000000000000000e+00
2.383479309082031250e+01,-1.449980354309082031e+01,0.000000000000000000e+00,0.000000000000000000e+00
2.367602539062500000e+01,-1.398072242736816406e+01,0.000000000000000000e+00,0.000000000000000000e+00
2.474720382690429688e+01,-1.383061408996582031e+01,0.000000000000000000e+00,0.000000000000000000e+00
2.483975791931152344e+01,-1.374822998046875000e+01,0.000000000000000000e+00,0.000000000000000000e+00
2.467125511169433594e+01,-1.346800804138183594e+01,0.000000000000000000e+00,0.000000000000000000e+00
2.370627403259277344e+01,-1.426931095123291016e+01,0.000000000000000000e+00,0.000000000000000000e+00
2.495874023437500000e+01,-1.359106445312500000e+01,0.000000000000000000e+00,0.000000000000000000e+00
2.432530784606933594e+01,-1.390445041656494141e+01,0.000000000000000000e+00,0.000000000000000000e+00
2.360486984252929688e+01,-1.425071144104003906e+01,0.000000000000000000e+00,0.000000000000000000e+00
2.470024108886718750e+01,-1.374998474121093750e+01,0.000000000000000000e+00,0.000000000000000000e+00
2.360517120361328125e+01,-1.408764839172363281e+01,0.000000000000000000e+00,0.000000000000000000e+00
2.426610946655273438e+01,-1.417082881927490234e+01,0.000000000000000000e+00,0.000000000000000000e+00
2.530484771728515625e+01,-1.335484409332275391e+01,0.000000000000000000e+00,0.000000000000000000e+00
2.349505615234375000e+01,-1.433414268493652344e+01,0.000000000000000000e+00,0.000000000000000000e+00
2.392485046386718750e+01,-1.435721397399902344e+01,0.000000000000000000e+00,0.000000000000000000e+00
2.442601585388183594e+01,-1.369864082336425781e+01,0.000000000000000000e+00,0.000000000000000000e+00
2.498081779479980469e+01,-1.379802894592285156e+01,0.000000000000000000e+00,0.000000000000000000e+00
2.409997749328613281e+01,-1.444349384307861328e+01,0.000000000000000000e+00,0.000000000000000000e+00
2.369041252136230469e+01,-1.428232288360595703e+01,0.000000000000000000e+00,0.000000000000000000e+00
2.398129653930664062e+01,-1.414135551452636719e+01,0.000000000000000000e+00,0.000000000000000000e+00
2.497491836547851562e+01,-1.384820938110351562e+01,0.000000000000000000e+00,0.000000000000000000e+00
2.379002571105957031e+01,-1.455087280273437500e+01,0.000000000000000000e+00,0.000000000000000000e+00
2.501613235473632812e+01,-1.360171413421630859e+01,0.000000000000000000e+00,0.000000000000000000e+00
2.485788154602050781e+01,-1.397669506072998047e+01,0.000000000000000000e+00,0.000000000000000000e+00
2.480113410949707031e+01,-1.396357631683349609e+01,0.000000000000000000e+00,0.000000000000000000e+00
2.507630538940429688e+01,-1.353439521789550781e+01,0.000000000000000000e+00,0.000000000000000000e+00
2.442802047729492188e+01,-1.359169292449951172e+01,0.000000000000000000e+00,0.000000000000000000e+00
2.518277740478515625e+01,-1.352091979980468750e+01,0.000000000000000000e+00,0.000000000000000000e+00
2.358067703247070312e+01,-1.436993408203125000e+01,0.000000000000000000e+00,0.000000000000000000e+00
2.455093193054199219e+01,-1.364632225036621094e+01,0.000000000000000000e+00,0.000000000000000000e+00
2.366725730895996094e+01,-1.397670269012451172e+01,0.000000000000000000e+00,0.000000000000000000e+00
2.470100402832031250e+01,-1.405132293701171875e+01,0.000000000000000000e+00,0.000000000000000000e+00
2.456078720092773438e+01,-1.363143634796142578e+01,0.000000000000000000e+00,0.000000000000000000e+00
2.355846214294433594e+01,-1.431740379333496094e+01,0.000000000000000000e+00,0.000000000000000000e+00
2.435190391540527344e+01,-1.424498939514160156e+01,0.000000000000000000e+00,0.000000000000000000e+00
2.466048431396484375e+01,-1.381953430175781250e+01,0.000000000000000000e+00,0.000000000000000000e+00
2.480739021301269531e+01,-1.378233623504638672e+01,0.000000000000000000e+00,0.000000000000000000e+00
2.422301864624023438e+01,-1.435867404937744141e+01,0.000000000000000000e+00,0.000000000000000000e+00
2.519165992736816406e+01,-1.345813369750976562e+01,0.000000000000000000e+00,0.000000000000000000e+00
2.438705825805664062e+01,-1.419615077972412109e+01,0.000000000000000000e+00,0.000000000000000000e+00
2.479909706115722656e+01,-1.399156284332275391e+01,0.000000000000000000e+00,0.000000000000000000e+00
2.369913101196289062e+01,-1.395570373535156250e+01,0.000000000000000000e+00,0.000000000000000000e+00
2.497478675842285156e+01,-1.384156322479248047e+01,0.000000000000000000e+00,0.000000000000000000e+00
2.436341476440429688e+01,-1.408288478851318359e+01,0.000000000000000000e+00,0.000000000000000000e+00
2.413822937011718750e+01,-1.410773658752441406e+01,0.000000000000000000e+00,0.000000000000000000e+00
2.387514114379882812e+01,-1.434545135498046875e+01,0.000000000000000000e+00,0.000000000000000000e+00
2.514324760437011719e+01,-1.348612213134765625e+01,0.000000000000000000e+00,0.000000000000000000e+00
2.429925537109375000e+01,-1.387503337860107422e+01,0.000000000000000000e+00,0.000000000000000000e+00
2.368346786499023438e+01,-1.396886634826660156e+01,0.000000000000000000e+00,0.000000000000000000e+00
2.405348968505859375e+01,-1.438508987426757812e+01,0.000000000000000000e+00,0.000000000000000000e+00
2.424334716796875000e+01,-1.411296749114990234e+01,0.000000000000000000e+00,0.000000000000000000e+00
2.473538398742675781e+01,-1.404606151580810547e+01,0.000000000000000000e+00,0.000000000000000000e+00
2.529957199096679688e+01,-1.336268711090087891e+01,0.000000000000000000e+00,0.000000000000000000e+00
2.400147247314453125e+01,-1.435621166229248047e+01,0.000000000000000000e+00,0.000000000000000000e+00
2.423106384277343750e+01,-1.410944938659667969e+01,0.000000000000000000e+00,0.000000000000000000e+00
2.371872138977050781e+01,-1.409513473510742188e+01,0.000000000000000000e+00,0.000000000000000000e+00
2.427930831909179688e+01,-1.427559280395507812e+01,0.000000000000000000e+00,0.000000000000000000e+00
2.353425788879394531e+01,-1.426854991912841797e+01,0.000000000000000000e+00,0.000000000000000000e+00
2.377037620544433594e+01,-1.455370616912841797e+01,0.000000000000000000e+00,0.000000000000000000e+00
2.418474006652832031e+01,-1.409884548187255859e+01,0.000000000000000000e+00,0.000000000000000000e+00
2.476490020751953125e+01,-1.377424240112304688e+01,0.000000000000000000e+00,0.000000000000000000e+00
2.475280570983886719e+01,-1.400638866424560547e+01,0.000000000000000000e+00,0.000000000000000000e+00
2.448267555236816406e+01,-1.362150382995605469e+01,0.000000000000000000e+00,0.000000000000000000e+00
2.499868011474609375e+01,-1.365293979644775391e+01,0.000000000000000000e+00,0.000000000000000000e+00
2.381750679016113281e+01,-1.429310607910156250e+01,0.000000000000000000e+00,0.000000000000000000e+00
2.508353042602539062e+01,-1.349708843231201172e+01,0.000000000000000000e+00,0.000000000000000000e+00
2.454741859436035156e+01,-1.350116157531738281e+01,0.000000000000000000e+00,0.000000000000000000e+00
2.379094123840332031e+01,-1.456258678436279297e+01,0.000000000000000000e+00,0.000000000000000000e+00
2.452316665649414062e+01,-1.352383327484130859e+01,0.000000000000000000e+00,0.000000000000000000e+00
2.503193092346191406e+01,-1.350622558593750000e+01,0.000000000000000000e+00,0.000000000000000000e+00
1.169918918609619141e+01,-7.347924709320068359e+00,1.000000000000000000e+00,0.000000000000000000e+00
1.159303188323974609e+01,-7.056252956390380859e+00,1.000000000000000000e+00,0.000000000000000000e+00
1.248555946350097656e+01,-6.990498065948486328e+00,1.000000000000000000e+00,0.000000000000000000e+00
1.270882129669189453e+01,-7.183493614196777344e+00,1.000000000000000000e+00,0.000000000000000000e+00
1.091743564605712891e+01,-7.586175441741943359e+00,1.000000000000000000e+00,0.000000000000000000e+00
1.179686260223388672e+01,-7.236238479614257812e+00,1.000000000000000000e+00,0.000000000000000000e+00
1.153525733947753906e+01,-7.391045093536376953e+00,1.000000000000000000e+00,0.000000000000000000e+00
1.159973049163818359e+01,-7.389687061309814453e+00,1.000000000000000000e+00,0.000000000000000000e+00
1.189411926269531250e+01,-6.734683990478515625e+00,1.000000000000000000e+00,0.000000000000000000e+00
1.198018169403076172e+01,-6.931563377380371094e+00,1.000000000000000000e+00,0.000000000000000000e+00
1.250755023956298828e+01,-7.356410026550292969e+00,1.000000000000000000e+00,0.000000000000000000e+00
1.191008567810058594e+01,-7.170885562896728516e+00,1.000000000000000000e+00,0.000000000000000000e+00
1.268452930450439453e+01,-7.084818840026855469e+00,1.000000000000000000e+00,0.000000000000000000e+00
1.268871974945068359e+01,-6.914571285247802734e+00,1.000000000000000000e+00,0.000000000000000000e+00
1.173479080200195312e+01,-7.153240680694580078e+00,1.000000000000000000e+00,0.000000000000000000e+00
1.098089599609375000e+01,-7.485788822174072266e+00,1.000000000000000000e+00,0.000000000000000000e+00
1.131352806091308594e+01,-7.446845054626464844e+00,1.000000000000000000e+00,0.000000000000000000e+00
1.213011360168457031e+01,-7.288651466369628906e+00,1.000000000000000000e+00,0.000000000000000000e+00
1.267364597320556641e+01,-6.852740764617919922e+00,1.000000000000000000e+00,0.000000000000000000e+00
1.180509471893310547e+01,-7.431242465972900391e+00,1.000000000000000000e+00,0.000000000000000000e+00
1.203106689453125000e+01,-6.572264671325683594e+00,1.000000000000000000e+00,0.000000000000000000e+00
1.275105953216552734e+01,-7.113937377929687500e+00,1.000000000000000000e+00,0.000000000000000000e+00
1.261579799652099609e+01,-6.889551639556884766e+00,1.000000000000000000e+00,0.000000000000000000e+00
1.243236255645751953e+01,-7.028403282165527344e+00,1.000000000000000000e+00,0.000000000000000000e+00
1.092789936065673828e+01,-7.554492473602294922e+00,1.000000000000000000e+00,0.000000000000000000e+00
1.197413539886474609e+01,-6.505772590637207031e+00,1.000000000000000000e+00,0.000000000000000000e+00
1.197027206420898438e+01,-7.395276546478271484e+00,1.000000000000000000e+00,0.000000000000000000e+00
1.093710327148437500e+01,-7.519123554229736328e+00,1.000000000000000000e+00,0.000000000000000000e+00
1.090093517303466797e+01,-7.593154907226562500e+00,1.000000000000000000e+00,0.000000000000000000e+00
1.145442295074462891e+01,-7.282178401947021484e+00,1.000000000000000000e+00,0.000000000000000000e+00
1.090240478515625000e+01,-7.597109794616699219e+00,1.000000000000000000e+00,0.000000000000000000e+00
1.198166561126708984e+01,-6.535343647003173828e+00,1.000000000000000000e+00,0.000000000000000000e+00
1.271727657318115234e+01,-6.955501556396484375e+00,1.000000000000000000e+00,0.000000000000000000e+00
1.265820693969726562e+01,-6.881429672241210938e+00,1.000000000000000000e+00,0.000000000000000000e+00
1.262174034118652344e+01,-6.837424278259277344e+00,1.000000000000000000e+00,0.000000000000000000e+00
1.092433834075927734e+01,-7.581287384033203125e+00,1.000000000000000000e+00,0.000000000000000000e+00
1.187812423706054688e+01,-7.195810794830322266e+00,1.000000000000000000e+00,0.000000000000000000e+00
1.187066173553466797e+01,-7.150207996368408203e+00,1.000000000000000000e+00,0.000000000000000000e+00
1.197216510772705078e+01,-7.349320411682128906e+00,1.000000000000000000e+00,0.000000000000000000e+00
1.267097949981689453e+01,-6.940906047821044922e+00,1.000000000000000000e+00,0.000000000000000000e+00
1.195576477050781250e+01,-6.712014675140380859e+00,1.000000000000000000e+00,0.000000000000000000e+00
1.263474082946777344e+01,-6.880644321441650391e+00,1.000000000000000000e+00,0.000000000000000000e+00
1.190355587005615234e+01,-6.696751594543457031e+00,1.000000000000000000e+00,0.000000000000000000e+00
1.192129230499267578e+01,-6.692614555358886719e+00,1.000000000000000000e+00,0.000000000000000000e+00
1.195177078247070312e+01,-7.383896827697753906e+00,1.000000000000000000e+00,0.000000000000000000e+00
1.199301338195800781e+01,-6.629947185516357422e+00,1.000000000000000000e+00,0.000000000000000000e+00
1.250537204742431641e+01,-7.365100383758544922e+00,1.000000000000000000e+00,0.000000000000000000e+00
1.156737995147705078e+01,-7.418610572814941406e+00,1.000000000000000000e+00,0.000000000000000000e+00
1.168551540374755859e+01,-7.177123546600341797e+00,1.000000000000000000e+00,0.000000000000000000e+00
1.236088180541992188e+01,-7.351891040802001953e+00,1.000000000000000000e+00,0.000000000000000000e+00
1.190463542938232422e+01,-6.841418743133544922e+00,1.000000000000000000e+00,0.000000000000000000e+00
1.275568771362304688e+01,-7.244647502899169922e+00,1.000000000000000000e+00,0.000000000000000000e+00
1.186482810974121094e+01,-7.438120841979980469e+00,1.000000000000000000e+00,0.000000000000000000e+00
1.123395347595214844e+01,-7.446202278137207031e+00,1.000000000000000000e+00,0.000000000000000000e+00
1.096108055114746094e+01,-7.527419090270996094e+00,1.000000000000000000e+00,0.000000000000000000e+00
1.275206756591796875e+01,-7.254105091094970703e+00,1.000000000000000000e+00,0.000000000000000000e+00
1.127122592926025391e+01,-7.421401977539062500e+00,1.000000000000000000e+00,0.000000000000000000e+00
1.109075546264648438e+01,-7.511539459228515625e+00,1.000000000000000000e+00,0.000000000000000000e+00
1.145849323272705078e+01,-7.434986114501953125e+00,1.000000000000000000e+00,0.000000000000000000e+00
1.182914447784423828e+01,-7.226737499237060547e+00,1.000000000000000000e+00,0.000000000000000000e+00
1.101025962829589844e+01,-7.519866943359375000e+00,1.000000000000000000e+00,0.000000000000000000e+00
1.135588359832763672e+01,-7.431137084960937500e+00,1.000000000000000000e+00,0.000000000000000000e+00
1.185314083099365234e+01,-7.192684650421142578e+00,1.000000000000000000e+00,0.000000000000000000e+00
1.188779926300048828e+01,-7.249287605285644531e+00,1.000000000000000000e+00,0.000000000000000000e+00
1.162056159973144531e+01,-7.006979465484619141e+00,1.000000000000000000e+00,0.000000000000000000e+00
1.195525646209716797e+01,-7.373096466064453125e+00,1.000000000000000000e+00,0.000000000000000000e+00
1.154046821594238281e+01,-7.370232582092285156e+00,1.000000000000000000e+00,0.000000000000000000e+00
1.265945720672607422e+01,-6.850616931915283203e+00,1.000000000000000000e+00,0.000000000000000000e+00
1.162231540679931641e+01,-7.145525455474853516e+00,1.000000000000000000e+00,0.000000000000000000e+00
1.180621433258056641e+01,-6.855755805969238281e+00,1.000000000000000000e+00,0.000000000000000000e+00
1.272975635528564453e+01,-7.254681110382080078e+00,1.000000000000000000e+00,0.000000000000000000e+00
1.275104999542236328e+01,-7.223035335540771484e+00,1.000000000000000000e+00,0.000000000000000000e+00
1.199639606475830078e+01,-7.403420925140380859e+00,1.000000000000000000e+00,0.000000000000000000e+00
1.101106643676757812e+01,-7.462087154388427734e+00,1.000000000000000000e+00,0.000000000000000000e+00
1.200786781311035156e+01,-7.395060539245605469e+00,1.000000000000000000e+00,0.000000000000000000e+00
1.197769069671630859e+01,-6.617316722869873047e+00,1.000000000000000000e+00,0.000000000000000000e+00
1.116272163391113281e+01,-7.502733230590820312e+00,1.000000000000000000e+00,0.000000000000000000e+00
1.143906116485595703e+01,-7.328891277313232422e+00,1.000000000000000000e+00,0.000000000000000000e+00
1.133778953552246094e+01,-7.350142002105712891e+00,1.000000000000000000e+00,0.000000000000000000e+00
1.196797943115234375e+01,-6.538294315338134766e+00,1.000000000000000000e+00,0.000000000000000000e+00
1.272183609008789062e+01,-7.092679977416992188e+00,1.000000000000000000e+00,0.000000000000000000e+00
1.178422451019287109e+01,-7.052651405334472656e+00,1.000000000000000000e+00,0.000000000000000000e+00
1.190903949737548828e+01,-7.250380516052246094e+00,1.000000000000000000e+00,0.000000000000000000e+00
1.262392330169677734e+01,-7.293833255767822266e+00,1.000000000000000000e+00,0.000000000000000000e+00
1.101133728027343750e+01,-7.550390243530273438e+00,1.000000000000000000e+00,0.000000000000000000e+00
1.114339923858642578e+01,-7.491662502288818359e+00,1.000000000000000000e+00,0.000000000000000000e+00
1.194235420227050781e+01,-7.301834106445312500e+00,1.000000000000000000e+00,0.000000000000000000e+00
1.237728977203369141e+01,-7.065056324005126953e+00,1.000000000000000000e+00,0.000000000000000000e+00
1.246017646789550781e+01,-7.344752788543701172e+00,1.000000000000000000e+00,0.000000000000000000e+00
1.193069267272949219e+01,-7.147310256958007812e+00,1.000000000000000000e+00,0.000000000000000000e+00
1.276583862304687500e+01,-7.260442256927490234e+00,1.000000000000000000e+00,0.000000000000000000e+00
1.206075382232666016e+01,-7.012764453887939453e+00,1.000000000000000000e+00,0.000000000000000000e+00
1.241223144531250000e+01,-7.040796756744384766e+00,1.000000000000000000e+00,0.000000000000000000e+00
1.117851638793945312e+01,-7.469631671905517578e+00,1.000000000000000000e+00,0.000000000000000000e+00
1.187201213836669922e+01,-7.446016311645507812e+00,1.000000000000000000e+00,0.000000000000000000e+00
1.193038845062255859e+01,-6.649996280670166016e+00,1.000000000000000000e+00,0.000000000000000000e+00
1.196577548980712891e+01,-6.828447341918945312e+00,1.000000000000000000e+00,0.000000000000000000e+00
1.273088550567626953e+01,-7.267104625701904297e+00,1.000000000000000000e+00,0.000000000000000000e+00
1.276283836364746094e+01,-7.078023433685302734e+00,1.000000000000000000e+00,0.000000000000000000e+00
1.275576972961425781e+01,-7.239042758941650391e+00,1.000000000000000000e+00,0.000000000000000000e+00
1.096368217468261719e+01,-7.563692092895507812e+00,1.000000000000000000e+00,0.000000000000000000e+00
1.200365161895751953e+01,-6.569087028503417969e+00,1.000000000000000000e+00,0.000000000000000000e+00
1.184609889984130859e+01,-7.462734699249267578e+00,1.000000000000000000e+00,0.000000000000000000e+00
1.241978359222412109e+01,-7.034855842590332031e+00,1.000000000000000000e+00,0.000000000000000000e+00
1.102521800994873047e+01,-7.547402381896972656e+00,1.000000000000000000e+00,0.000000000000000000e+00
1.098999118804931641e+01,-7.511770248413085938e+00,1.000000000000000000e+00,0.000000000000000000e+00
1.118039703369140625e+01,-7.499931335449218750e+00,1.000000000000000000e+00,0.000000000000000000e+00
1.157329845428466797e+01,-7.235803604125976562e+00,1.000000000000000000e+00,0.000000000000000000e+00
1.162275505065917969e+01,-7.350115299224853516e+00,1.000000000000000000e+00,0.000000000000000000e+00
1.131469726562500000e+01,-7.402365207672119141e+00,1.000000000000000000e+00,0.000000000000000000e+00
1.222485351562500000e+01,-7.399743556976318359e+00,1.000000000000000000e+00,0.000000000000000000e+00
1.099755859375000000e+01,-7.482975482940673828e+00,1.000000000000000000e+00,0.000000000000000000e+00
1.271769332885742188e+01,-7.241578102111816406e+00,1.000000000000000000e+00,0.000000000000000000e+00
1.269897174835205078e+01,-6.872977733612060547e+00,1.000000000000000000e+00,0.000000000000000000e+00
1.199426364898681641e+01,-7.390669345855712891e+00,1.000000000000000000e+00,0.000000000000000000e+00
1.148780345916748047e+01,-7.415691375732421875e+00,1.000000000000000000e+00,0.000000000000000000e+00
1.153484153747558594e+01,-7.378462791442871094e+00,1.000000000000000000e+00,0.000000000000000000e+00
1.275225257873535156e+01,-7.222715377807617188e+00,1.000000000000000000e+00,0.000000000000000000e+00
1.243319034576416016e+01,-6.729738235473632812e+00,1.000000000000000000e+00,0.000000000000000000e+00
1.195286846160888672e+01,-7.400267124176025391e+00,1.000000000000000000e+00,0.000000000000000000e+00
1.097123718261718750e+01,-7.505675315856933594e+00,1.000000000000000000e+00,0.000000000000000000e+00
1.089651203155517578e+01,-7.597116947174072266e+00,1.000000000000000000e+00,0.000000000000000000e+00
1.189499378204345703e+01,-7.434689521789550781e+00,1.000000000000000000e+00,0.000000000000000000e+00
1.150858688354492188e+01,-7.446425437927246094e+00,1.000000000000000000e+00,0.000000000000000000e+00
1.253407955169677734e+01,-6.782161235809326172e+00,1.000000000000000000e+00,0.000000000000000000e+00
1.152690982818603516e+01,-7.415783882141113281e+00,1.000000000000000000e+00,0.000000000000000000e+00
1.234762382507324219e+01,-7.373116970062255859e+00,1.000000000000000000e+00,0.000000000000000000e+00
1.275048923492431641e+01,-7.250169754028320312e+00,1.000000000000000000e+00,0.000000000000000000e+00
1.228052139282226562e+01,-7.325593948364257812e+00,1.000000000000000000e+00,0.000000000000000000e+00
1.181087493896484375e+01,-7.218199729919433594e+00,1.000000000000000000e+00,0.000000000000000000e+00
1.123159599304199219e+01,-7.498890876770019531e+00,1.000000000000000000e+00,0.000000000000000000e+00
1.187125110626220703e+01,-6.734746932983398438e+00,1.000000000000000000e+00,0.000000000000000000e+00
1.269658660888671875e+01,-6.878617286682128906e+00,1.000000000000000000e+00,0.000000000000000000e+00
1.275854110717773438e+01,-7.102108478546142578e+00,1.000000000000000000e+00,0.000000000000000000e+00
1.239931011199951172e+01,-7.020882606506347656e+00,1.000000000000000000e+00,0.000000000000000000e+00
1.102267837524414062e+01,-7.475914955139160156e+00,1.000000000000000000e+00,0.000000000000000000e+00
1.276284313201904297e+01,-7.136127471923828125e+00,1.000000000000000000e+00,0.000000000000000000e+00
1.261592483520507812e+01,-6.927193641662597656e+00,1.000000000000000000e+00,0.000000000000000000e+00
1.191322135925292969e+01,-6.637153148651123047e+00,1.000000000000000000e+00,0.000000000000000000e+00
1.181975269317626953e+01,-7.162804603576660156e+00,1.000000000000000000e+00,0.000000000000000000e+00
1.199146842956542969e+01,-6.553808689117431641e+00,1.000000000000000000e+00,0.000000000000000000e+00
1.277642440795898438e+01,-7.063270092010498047e+00,1.000000000000000000e+00,0.000000000000000000e+00
1.198522377014160156e+01,-6.928907871246337891e+00,1.000000000000000000e+00,0.000000000000000000e+00
1.199902725219726562e+01,-6.932520866394042969e+00,1.000000000000000000e+00,0.000000000000000000e+00
1.167957496643066406e+01,-7.333939075469970703e+00,1.000000000000000000e+00,0.000000000000000000e+00
1.260057067871093750e+01,-7.301099777221679688e+00,1.000000000000000000e+00,0.000000000000000000e+00
1.245683765411376953e+01,-7.357186794281005859e+00,1.000000000000000000e+00,0.000000000000000000e+00
1.276945400238037109e+01,-7.129261493682861328e+00,1.000000000000000000e+00,0.000000000000000000e+00
1.264829635620117188e+01,-7.240470409393310547e+00,1.000000000000000000e+00,0.000000000000000000e+00
1.262339115142822266e+01,-7.252720832824707031e+00,1.000000000000000000e+00,0.000000000000000000e+00
1.206128120422363281e+01,-6.540904521942138672e+00,1.000000000000000000e+00,0.000000000000000000e+00
1.241524219512939453e+01,-7.385795116424560547e+00,1.000000000000000000e+00,0.000000000000000000e+00
1.088839149475097656e+01,-7.608928680419921875e+00,1.000000000000000000e+00,0.000000000000000000e+00
1.241883087158203125e+01,-7.038142204284667969e+00,1.000000000000000000e+00,0.000000000000000000e+00
1.097097110748291016e+01,-7.507472515106201172e+00,1.000000000000000000e+00,0.000000000000000000e+00
1.239092159271240234e+01,-7.080227851867675781e+00,1.000000000000000000e+00,0.000000000000000000e+00
1.149224185943603516e+01,-7.413657188415527344e+00,1.000000000000000000e+00,0.000000000000000000e+00
1.178038120269775391e+01,-7.256219387054443359e+00,1.000000000000000000e+00,0.000000000000000000e+00
1.197312355041503906e+01,-7.430740356445312500e+00,1.000000000000000000e+00,0.000000000000000000e+00
1.188464260101318359e+01,-6.815099239349365234e+00,1.000000000000000000e+00,0.000000000000000000e+00
1.144936656951904297e+01,-7.362165451049804688e+00,1.000000000000000000e+00,0.000000000000000000e+00
1.175665760040283203e+01,-7.204435825347900391e+00,1.000000000000000000e+00,0.000000000000000000e+00
1.263027000427246094e+01,-6.930652141571044922e+00,1.000000000000000000e+00,0.000000000000000000e+00
1.114473533630371094e+01,-7.472301006317138672e+00,1.000000000000000000e+00,0.000000000000000000e+00
1.248640632629394531e+01,-6.993141651153564453e+00,1.000000000000000000e+00,0.000000000000000000e+00
1.140032958984375000e+01,-7.404645919799804688e+00,1.000000000000000000e+00,0.000000000000000000e+00
1.198865699768066406e+01,-6.975122451782226562e+00,1.000000000000000000e+00,0.000000000000000000e+00
1.171551322937011719e+01,-7.247168540954589844e+00,1.000000000000000000e+00,0.000000000000000000e+00
1.190560626983642578e+01,-7.379109859466552734e+00,1.000000000000000000e+00,0.000000000000000000e+00
1.094802761077880859e+01,-7.572105407714843750e+00,1.000000000000000000e+00,0.000000000000000000e+00
1.128708648681640625e+01,-7.479054927825927734e+00,1.000000000000000000e+00,0.000000000000000000e+00
1.206542396545410156e+01,-6.569036483764648438e+00,1.000000000000000000e+00,0.000000000000000000e+00
1.264656734466552734e+01,-6.839067935943603516e+00,1.000000000000000000e+00,0.000000000000000000e+00
1.114912986755371094e+01,-7.483177185058593750e+00,1.000000000000000000e+00,0.000000000000000000e+00
1.249280261993408203e+01,-6.982543468475341797e+00,1.000000000000000000e+00,0.000000000000000000e+00
1.183184909820556641e+01,-6.829084396362304688e+00,1.000000000000000000e+00,0.000000000000000000e+00
1.197331237792968750e+01,-6.993216037750244141e+00,1.000000000000000000e+00,0.000000000000000000e+00
1.279120731353759766e+01,-7.192770481109619141e+00,1.000000000000000000e+00,0.000000000000000000e+00
1.191696262359619141e+01,-7.281181812286376953e+00,1.000000000000000000e+00,0.000000000000000000e+00
1.186957740783691406e+01,-7.066863536834716797e+00,1.000000000000000000e+00,0.000000000000000000e+00
1.242644882202148438e+01,-7.335934162139892578e+00,1.000000000000000000e+00,0.000000000000000000e+00
1.090307044982910156e+01,-7.601932525634765625e+00,1.000000000000000000e+00,0.000000000000000000e+00
1.196652221679687500e+01,-7.367068290710449219e+00,1.000000000000000000e+00,0.000000000000000000e+00
1.166194629669189453e+01,-7.337920188903808594e+00,1.000000000000000000e+00,0.000000000000000000e+00
1.185110569000244141e+01,-6.751579284667968750e+00,1.000000000000000000e+00,0.000000000000000000e+00
1.194868850708007812e+01,-6.577697277069091797e+00,1.000000000000000000e+00,0.000000000000000000e+00
1.096672248840332031e+01,-7.509768962860107422e+00,1.000000000000000000e+00,0.000000000000000000e+00
1.269253826141357422e+01,-6.889735221862792969e+00,1.000000000000000000e+00,0.000000000000000000e+00
1.182784748077392578e+01,-6.802515506744384766e+00,1.000000000000000000e+00,0.000000000000000000e+00
1.197275257110595703e+01,-6.524396896362304688e+00,1.000000000000000000e+00,0.000000000000000000e+00
1.274918460845947266e+01,-7.183844566345214844e+00,1.000000000000000000e+00,0.000000000000000000e+00
1.087247467041015625e+01,-7.616287708282470703e+00,1.000000000000000000e+00,0.000000000000000000e+00
1.263280391693115234e+01,-6.958936214447021484e+00,1.000000000000000000e+00,0.000000000000000000e+00
1.164251995086669922e+01,-7.025104522705078125e+00,1.000000000000000000e+00,0.000000000000000000e+00
1.117412376403808594e+01,-7.491077423095703125e+00,1.000000000000000000e+00,0.000000000000000000e+00
1.095732975006103516e+01,-7.575722217559814453e+00,1.000000000000000000e+00,0.000000000000000000e+00
1.232761287689208984e+01,-7.375025272369384766e+00,1.000000000000000000e+00,0.000000000000000000e+00
1.273911380767822266e+01,-7.003807067871093750e+00,1.000000000000000000e+00,0.000000000000000000e+00
1.266268920898437500e+01,-7.243814468383789062e+00,1.000000000000000000e+00,0.000000000000000000e+00
1.132905292510986328e+01,-7.457565307617187500e+00,1.000000000000000000e+00,0.000000000000000000e+00
1.199390983581542969e+01,-6.979754924774169922e+00,1.000000000000000000e+00,0.000000000000000000e+00
1.099023914337158203e+01,-7.500180244445800781e+00,1.000000000000000000e+00,0.000000000000000000e+00
1.198872375488281250e+01,-6.514585971832275391e+00,1.000000000000000000e+00,0.000000000000000000e+00
1.268576335906982422e+01,-6.893112659454345703e+00,1.000000000000000000e+00,0.000000000000000000e+00
1.185116195678710938e+01,-6.768473625183105469e+00,1.000000000000000000e+00,0.000000000000000000e+00
1.238116550445556641e+01,-7.063734531402587891e+00,1.000000000000000000e+00,0.000000000000000000e+00
1.162961673736572266e+01,-7.339634895324707031e+00,1.000000000000000000e+00,0.000000000000000000e+00
1.159014892578125000e+01,-7.333966732025146484e+00,1.000000000000000000e+00,0.000000000000000000e+00
1.232934856414794922e+01,-7.322716712951660156e+00,1.000000000000000000e+00,0.000000000000000000e+00
1.218088912963867188e+01,-7.066120147705078125e+00,1.000000000000000000e+00,0.000000000000000000e+00
2.185948562622070312e+01,-9.001876831054687500e+00,2.000000000000000000e+00,0.000000000000000000e+00
2.190596771240234375e+01,-8.997916221618652344e+00,2.000000000000000000e+00,0.000000000000000000e+00
2.229815292358398438e+01,-8.966588973999023438e+00,2.000000000000000000e+00,0.000000000000000000e+00
2.160300445556640625e+01,-9.592623710632324219e+00,2.000000000000000000e+00,0.000000000000000000e+00
2.122071838378906250e+01,-1.002730369567871094e+01,2.000000000000000000e+00,0.000000000000000000e+00
2.260694694519042969e+01,-8.400397300720214844e+00,2.000000000000000000e+00,0.000000000000000000e+00
2.281538391113281250e+01,-8.495492935180664062e+00,2.000000000000000000e+00,0.000000000000000000e+00
2.166534805297851562e+01,-9.508937835693359375e+00,2.000000000000000000e+00,0.000000000000000000e+00
2.109223937988281250e+01,-1.015988922119140625e+01,2.000000000000000000e+00,0.000000000000000000e+00
2.156380653381347656e+01,-9.638283729553222656e+00,2.000000000000000000e+00,0.000000000000000000e+00
2.254216384887695312e+01,-8.234943389892578125e+00,2.000000000000000000e+00,0.000000000000000000e+00
2.110269355773925781e+01,-1.014813613891601562e+01,2.000000000000000000e+00,0.000000000000000000e+00
2.170654487609863281e+01,-9.457003593444824219e+00,2.000000000000000000e+00,0.000000000000000000e+00
2.134044837951660156e+01,-9.907197952270507812e+00,2.000000000000000000e+00,0.000000000000000000e+00
2.269546508789062500e+01,-8.579720497131347656e+00,2.000000000000000000e+00,0.000000000000000000e+00
2.184858512878417969e+01,-8.990967750549316406e+00,2.000000000000000000e+00,0.000000000000000000e+00
2.104975128173828125e+01,-1.020225620269775391e+01,2.000000000000000000e+00,0.000000000000000000e+00
2.178049659729003906e+01,-9.263693809509277344e+00,2.000000000000000000e+00,0.000000000000000000e+00
2.208292007446289062e+01,-9.094793319702148438e+00,2.000000000000000000e+00,0.000000000000000000e+00
2.262343978881835938e+01,-8.247985839843750000e+00,2.000000000000000000e+00,0.000000000000000000e+00
2.254558563232421875e+01,-8.257277488708496094e+00,2.000000000000000000e+00,0.000000000000000000e+00
2.123536491394042969e+01,-1.001047229766845703e+01,2.000000000000000000e+00,0.000000000000000000e+00
2.268871116638183594e+01,-8.437667846679687500e+00,2.000000000000000000e+00,0.000000000000000000e+00
2.141858100891113281e+01,-9.817246437072753906e+00,2.000000000000000000e+00,0.000000000000000000e+00
2.119679641723632812e+01,-1.005227947235107422e+01,2.000000000000000000e+00,0.000000000000000000e+00
2.262382888793945312e+01,-8.303868293762207031e+00,2.000000000000000000e+00,0.000000000000000000e+00
2.161583328247070312e+01,-9.587576866149902344e+00,2.000000000000000000e+00,0.000000000000000000e+00
2.107109451293945312e+01,-1.018130302429199219e+01,2.000000000000000000e+00,0.000000000000000000e+00
2.266024780273437500e+01,-8.530499458312988281e+00,2.000000000000000000e+00,0.000000000000000000e+00
2.119812202453613281e+01,-1.004997253417968750e+01,2.000000000000000000e+00,0.000000000000000000e+00
2.260267066955566406e+01,-8.410484313964843750e+00,2.000000000000000000e+00,0.000000000000000000e+00
2.125092887878417969e+01,-9.997498512268066406e+00,2.000000000000000000e+00,0.000000000000000000e+00
2.156678199768066406e+01,-9.644595146179199219e+00,2.000000000000000000e+00,0.000000000000000000e+00
2.154851531982421875e+01,-9.663798332214355469e+00,2.000000000000000000e+00,0.000000000000000000e+00
2.261981391906738281e+01,-8.643628120422363281e+00,2.000000000000000000e+00,0.000000000000000000e+00
2.218358230590820312e+01,-8.984189033508300781e+00,2.000000000000000000e+00,0.000000000000000000e+00
2.266967010498046875e+01,-8.705752372741699219e+00,2.000000000000000000e+00,0.000000000000000000e+00
2.119353675842285156e+01,-1.005554962158203125e+01,2.000000000000000000e+00,0.000000000000000000e+00
2.279068756103515625e+01,-8.468221664428710938e+00,2.000000000000000000e+00,0.000000000000000000e+00
2.258970260620117188e+01,-8.270469665527343750e+00,2.000000000000000000e+00,0.000000000000000000e+00
2.266251945495605469e+01,-8.519181251525878906e+00,2.000000000000000000e+00,0.000000000000000000e+00
2.253825759887695312e+01,-8.787213325500488281e+00,2.000000000000000000e+00,0.000000000000000000e+00
2.101534080505371094e+01,-1.023875617980957031e+01,2.000000000000000000e+00,0.000000000000000000e+00
2.104519653320312500e+01,-1.020811080932617188e+01,2.000000000000000000e+00,0.000000000000000000e+00
2.131379508972167969e+01,-9.934745788574218750e+00,2.000000000000000000e+00,0.000000000000000000e+00
2.154608345031738281e+01,-9.663340568542480469e+00,2.000000000000000000e+00,0.000000000000000000e+00
2.126456260681152344e+01,-9.984727859497070312e+00,2.000000000000000000e+00,0.000000000000000000e+00
-9.032505154609680176e-01,2.804230928421020508e+00,2.000000000000000000e+00,0.000000000000000000e+00
2.273106765747070312e+01,-8.382467269897460938e+00,2.000000000000000000e+00,0.000000000000000000e+00
2.264852714538574219e+01,-8.527563095092773438e+00,2.000000000000000000e+00,0.000000000000000000e+00
2.269983482360839844e+01,-8.369018554687500000e+00,2.000000000000000000e+00,0.000000000000000000e+00
2.261654281616210938e+01,-8.487094879150390625e+00,2.000000000000000000e+00,0.000000000000000000e+00
2.246028137207031250e+01,-8.252821922302246094e+00,2.000000000000000000e+00,0.000000000000000000e+00
2.183004951477050781e+01,-9.000576019287109375e+00,2.000000000000000000e+00,0.000000000000000000e+00
2.264941978454589844e+01,-8.340318679809570312e+00,2.000000000000000000e+00,0.000000000000000000e+00
2.160628700256347656e+01,-9.594603538513183594e+00,2.000000000000000000e+00,0.000000000000000000e+00
2.180790328979492188e+01,-9.313249588012695312e+00,2.000000000000000000e+00,0.000000000000000000e+00
2.258023834228515625e+01,-8.275103569030761719e+00,2.000000000000000000e+00,0.000000000000000000e+00
2.160804557800292969e+01,-9.606225967407226562e+00,2.000000000000000000e+00,0.000000000000000000e+00
2.275253295898437500e+01,-8.469404220581054688e+00,2.000000000000000000e+00,0.000000000000000000e+00
2.265270805358886719e+01,-8.707026481628417969e+00,2.000000000000000000e+00,0.000000000000000000e+00
2.254994010925292969e+01,-8.352098464965820312e+00,2.000000000000000000e+00,0.000000000000000000e+00
2.210616302490234375e+01,-9.064939498901367188e+00,2.000000000000000000e+00,0.000000000000000000e+00
2.179210090637207031e+01,-9.377182006835937500e+00,2.000000000000000000e+00,0.000000000000000000e+00
2.269502067565917969e+01,-8.345213890075683594e+00,2.000000000000000000e+00,0.000000000000000000e+00
2.241848373413085938e+01,-8.206677436828613281e+00,2.000000000000000000e+00,0.000000000000000000e+00
2.161372756958007812e+01,-9.596530914306640625e+00,2.000000000000000000e+00,0.000000000000000000e+00
2.178479003906250000e+01,-9.385984420776367188e+00,2.000000000000000000e+00,0.000000000000000000e+00
2.186773109436035156e+01,-9.009154319763183594e+00,2.000000000000000000e+00,0.000000000000000000e+00
2.115686416625976562e+01,-1.009201717376708984e+01,2.000000000000000000e+00,0.000000000000000000e+00
2.105955505371093750e+01,-1.019125080108642578e+01,2.000000000000000000e+00,0.000000000000000000e+00
2.218082618713378906e+01,-9.037201881408691406e+00,2.000000000000000000e+00,0.000000000000000000e+00
2.209986686706542969e+01,-9.065619468688964844e+00,2.000000000000000000e+00,0.000000000000000000e+00
2.213034629821777344e+01,-9.013712882995605469e+00,2.000000000000000000e+00,0.000000000000000000e+00
2.243202018737792969e+01,-8.743341445922851562e+00,2.000000000000000000e+00,0.000000000000000000e+00
2.145182991027832031e+01,-9.759192466735839844e+00,2.000000000000000000e+00,0.000000000000000000e+00
2.203316879272460938e+01,-9.177218437194824219e+00,2.000000000000000000e+00,0.000000000000000000e+00
2.125383186340332031e+01,-9.994061470031738281e+00,2.000000000000000000e+00,0.000000000000000000e+00
2.214710426330566406e+01,-9.017611503601074219e+00,2.000000000000000000e+00,0.000000000000000000e+00
2.238710784912109375e+01,-8.239729881286621094e+00,2.000000000000000000e+00,0.000000000000000000e+00
2.240108489990234375e+01,-8.841676712036132812e+00,2.000000000000000000e+00,0.000000000000000000e+00
2.277528953552246094e+01,-8.443887710571289062e+00,2.000000000000000000e+00,0.000000000000000000e+00
2.251514053344726562e+01,-8.278157234191894531e+00,2.000000000000000000e+00,0.000000000000000000e+00
2.136264038085937500e+01,-9.881420135498046875e+00,2.000000000000000000e+00,0.000000000000000000e+00
2.185991287231445312e+01,-9.022932052612304688e+00,2.000000000000000000e+00,0.000000000000000000e+00
2.261153602600097656e+01,-8.288148880004882812e+00,2.000000000000000000e+00,0.000000000000000000e+00
2.252694892883300781e+01,-8.266476631164550781e+00,2.000000000000000000e+00,0.000000000000000000e+00
2.254784584045410156e+01,-8.777338981628417969e+00,2.000000000000000000e+00,0.000000000000000000e+00
2.132195091247558594e+01,-9.934429168701171875e+00,2.000000000000000000e+00,0.000000000000000000e+00
2.166930580139160156e+01,-9.524624824523925781e+00,2.000000000000000000e+00,0.000000000000000000e+00
2.252534103393554688e+01,-8.242824554443359375e+00,2.000000000000000000e+00,0.000000000000000000e+00
2.241701889038085938e+01,-8.840402603149414062e+00,2.000000000000000000e+00,0.000000000000000000e+00
2.176932716369628906e+01,-9.444779396057128906e+00,2.000000000000000000e+00,0.000000000000000000e+00
2.132748413085937500e+01,-9.919997215270996094e+00,2.000000000000000000e+00,0.000000000000000000e+00
2.112780189514160156e+01,-1.011760711669921875e+01,2.000000000000000000e+00,0.000000000000000000e+00
2.259854507446289062e+01,-8.571338653564453125e+00,2.000000000000000000e+00,0.000000000000000000e+00
2.276774978637695312e+01,-8.452172279357910156e+00,2.000000000000000000e+00,0.000000000000000000e+00
2.254662513732910156e+01,-8.296058654785156250e+00,2.000000000000000000e+00,0.000000000000000000e+00
2.271920585632324219e+01,-8.627214431762695312e+00,2.000000000000000000e+00,0.000000000000000000e+00
2.233466720581054688e+01,-8.897769927978515625e+00,2.000000000000000000e+00,0.000000000000000000e+00
2.238553810119628906e+01,-8.246475219726562500e+00,2.000000000000000000e+00,0.000000000000000000e+00
2.143414688110351562e+01,-9.810946464538574219e+00,2.000000000000000000e+00,0.000000000000000000e+00
2.278510284423828125e+01,-8.471159934997558594e+00,2.000000000000000000e+00,0.000000000000000000e+00
2.117052841186523438e+01,-1.007831954956054688e+01,2.000000000000000000e+00,0.000000000000000000e+00
2.138134574890136719e+01,-9.864885330200195312e+00,2.000000000000000000e+00,0.000000000000000000e+00
2.124678802490234375e+01,-1.000161838531494141e+01,2.000000000000000000e+00,0.000000000000000000e+00
2.266317939758300781e+01,-8.693951606750488281e+00,2.000000000000000000e+00,0.000000000000000000e+00
2.280353736877441406e+01,-8.501059532165527344e+00,2.000000000000000000e+00,0.000000000000000000e+00
2.127250862121582031e+01,-9.976368904113769531e+00,2.000000000000000000e+00,0.000000000000000000e+00
2.259769630432128906e+01,-8.298734664916992188e+00,2.000000000000000000e+00,0.000000000000000000e+00
2.256928062438964844e+01,-8.750340461730957031e+00,2.000000000000000000e+00,0.000000000000000000e+00
2.254536056518554688e+01,-8.263802528381347656e+00,2.000000000000000000e+00,0.000000000000000000e+00
2.126122093200683594e+01,-9.986247062683105469e+00,2.000000000000000000e+00,0.000000000000000000e+00
2.261790084838867188e+01,-8.721064567565917969e+00,2.000000000000000000e+00,0.000000000000000000e+00
2.272863388061523438e+01,-8.522543907165527344e+00,2.000000000000000000e+00,0.000000000000000000e+00
2.258912658691406250e+01,-8.760336875915527344e+00,2.000000000000000000e+00,0.000000000000000000e+00
2.249219512939453125e+01,-8.209122657775878906e+00,2.000000000000000000e+00,0.000000000000000000e+00
2.138216018676757812e+01,-9.865112304687500000e+00,2.000000000000000000e+00,0.000000000000000000e+00
2.130797576904296875e+01,-9.940021514892578125e+00,2.000000000000000000e+00,0.000000000000000000e+00
2.130988502502441406e+01,-9.919818878173828125e+00,2.000000000000000000e+00,0.000000000000000000e+00
2.279052543640136719e+01,-8.465195655822753906e+00,2.000000000000000000e+00,0.000000000000000000e+00
2.139150810241699219e+01,-9.849044799804687500e+00,2.000000000000000000e+00,0.000000000000000000e+00
2.259100151062011719e+01,-8.730287551879882812e+00,2.000000000000000000e+00,0.000000000000000000e+00
2.103530120849609375e+01,-1.021828174591064453e+01,2.000000000000000000e+00,0.000000000000000000e+00
2.247303390502929688e+01,-8.177710533142089844e+00,2.000000000000000000e+00,0.000000000000000000e+00
2.199330329895019531e+01,-8.781955718994140625e+00,2.000000000000000000e+00,0.000000000000000000e+00
2.126505470275878906e+01,-9.978629112243652344e+00,2.000000000000000000e+00,0.000000000000000000e+00
2.238768386840820312e+01,-8.844651222229003906e+00,2.000000000000000000e+00,0.000000000000000000e+00
2.181895446777343750e+01,-8.987552642822265625e+00,2.000000000000000000e+00,0.000000000000000000e+00
2.221163749694824219e+01,-8.990707397460937500e+00,2.000000000000000000e+00,0.000000000000000000e+00
2.239516258239746094e+01,-8.235392570495605469e+00,2.000000000000000000e+00,0.000000000000000000e+00
2.185707855224609375e+01,-8.992768287658691406e+00,2.000000000000000000e+00,0.000000000000000000e+00
2.249727630615234375e+01,-8.784888267517089844e+00,2.000000000000000000e+00,0.000000000000000000e+00
2.263647651672363281e+01,-8.721027374267578125e+00,2.000000000000000000e+00,0.000000000000000000e+00
2.190040969848632812e+01,-9.356321334838867188e+00,2.000000000000000000e+00,0.000000000000000000e+00
2.197269630432128906e+01,-8.801699638366699219e+00,2.000000000000000000e+00,0.000000000000000000e+00
2.182995986938476562e+01,-9.003589630126953125e+00,2.000000000000000000e+00,0.000000000000000000e+00
2.258036613464355469e+01,-8.747721672058105469e+00,2.000000000000000000e+00,0.000000000000000000e+00
2.115823745727539062e+01,-1.009095859527587891e+01,2.000000000000000000e+00,0.000000000000000000e+00
2.144862365722656250e+01,-9.756483078002929688e+00,2.000000000000000000e+00,0.000000000000000000e+00
2.264427185058593750e+01,-8.481181144714355469e+00,2.000000000000000000e+00,0.000000000000000000e+00
2.124576568603515625e+01,-1.000296401977539062e+01,2.000000000000000000e+00,0.000000000000000000e+00
2.179291152954101562e+01,-9.012552261352539062e+00,2.000000000000000000e+00,0.000000000000000000e+00
2.185271453857421875e+01,-8.992476463317871094e+00,2.000000000000000000e+00,0.000000000000000000e+00
2.212734985351562500e+01,-9.044127464294433594e+00,2.000000000000000000e+00,0.000000000000000000e+00
2.273487091064453125e+01,-8.514224052429199219e+00,2.000000000000000000e+00,0.000000000000000000e+00
2.209446907043457031e+01,-9.148679733276367188e+00,2.000000000000000000e+00,0.000000000000000000e+00
2.235366439819335938e+01,-8.274387359619140625e+00,2.000000000000000000e+00,0.000000000000000000e+00
2.188012886047363281e+01,-9.003344535827636719e+00,2.000000000000000000e+00,0.000000000000000000e+00
2.199054145812988281e+01,-8.776673316955566406e+00,2.000000000000000000e+00,0.000000000000000000e+00
2.264792442321777344e+01,-8.731110572814941406e+00,2.000000000000000000e+00,0.000000000000000000e+00
2.246592140197753906e+01,-8.196097373962402344e+00,2.000000000000000000e+00,0.000000000000000000e+00
2.245065498352050781e+01,-8.780953407287597656e+00,2.000000000000000000e+00,0.000000000000000000e+00
2.265696334838867188e+01,-8.702566146850585938e+00,2.000000000000000000e+00,0.000000000000000000e+00
2.265518379211425781e+01,-8.714563369750976562e+00,2.000000000000000000e+00,0.000000000000000000e+00
2.191088485717773438e+01,-9.293118476867675781e+00,2.000000000000000000e+00,0.000000000000000000e+00
2.262961196899414062e+01,-8.517404556274414062e+00,2.000000000000000000e+00,0.000000000000000000e+00
2.104499816894531250e+01,-1.020844841003417969e+01,2.000000000000000000e+00,0.000000000000000000e+00
2.182627487182617188e+01,-9.034291267395019531e+00,2.000000000000000000e+00,0.000000000000000000e+00
2.254565429687500000e+01,-8.202859878540039062e+00,2.000000000000000000e+00,0.000000000000000000e+00
2.128690910339355469e+01,-9.962483406066894531e+00,2.000000000000000000e+00,0.000000000000000000e+00
2.244885253906250000e+01,-8.203417778015136719e+00,2.000000000000000000e+00,0.000000000000000000e+00
2.238980102539062500e+01,-8.845738410949707031e+00,2.000000000000000000e+00,0.000000000000000000e+00
2.240702247619628906e+01,-8.831992149353027344e+00,2.000000000000000000e+00,0.000000000000000000e+00
2.267230415344238281e+01,-8.320035934448242188e+00,2.000000000000000000e+00,0.000000000000000000e+00
2.139287948608398438e+01,-9.843887329101562500e+00,2.000000000000000000e+00,0.000000000000000000e+00
2.239157867431640625e+01,-8.260014533996582031e+00,2.000000000000000000e+00,0.000000000000000000e+00
2.176408195495605469e+01,-9.287684440612792969e+00,2.000000000000000000e+00,0.000000000000000000e+00
2.204472351074218750e+01,-9.177399635314941406e+00,2.000000000000000000e+00,0.000000000000000000e+00
2.132250022888183594e+01,-9.924757003784179688e+00,2.000000000000000000e+00,0.000000000000000000e+00
2.134523963928222656e+01,-9.898048400878906250e+00,2.000000000000000000e+00,0.000000000000000000e+00
2.198726081848144531e+01,-8.762989044189453125e+00,2.000000000000000000e+00,0.000000000000000000e+00
2.252544212341308594e+01,-8.225729942321777344e+00,2.000000000000000000e+00,0.000000000000000000e+00
2.103926086425781250e+01,-1.021416187286376953e+01,2.000000000000000000e+00,0.000000000000000000e+00
2.128281402587890625e+01,-9.961046218872070312e+00,2.000000000000000000e+00,0.000000000000000000e+00
2.125233078002929688e+01,-9.996092796325683594e+00,2.000000000000000000e+00,0.000000000000000000e+00
2.238686752319335938e+01,-8.222661018371582031e+00,2.000000000000000000e+00,0.000000000000000000e+00
2.142808151245117188e+01,-9.804147720336914062e+00,2.000000000000000000e+00,0.000000000000000000e+00
2.184244155883789062e+01,-9.173945426940917969e+00,2.000000000000000000e+00,0.000000000000000000e+00
2.275687408447265625e+01,-8.373715400695800781e+00,2.000000000000000000e+00,0.000000000000000000e+00
2.243390846252441406e+01,-8.211580276489257812e+00,2.000000000000000000e+00,0.000000000000000000e+00
2.242414283752441406e+01,-8.193517684936523438e+00,2.000000000000000000e+00,0.000000000000000000e+00
2.138588523864746094e+01,-9.855759620666503906e+00,2.000000000000000000e+00,0.000000000000000000e+00
2.205926895141601562e+01,-9.081191062927246094e+00,2.000000000000000000e+00,0.000000000000000000e+00
2.258563613891601562e+01,-8.743420600891113281e+00,2.000000000000000000e+00,0.000000000000000000e+00
2.163492012023925781e+01,-9.557964324951171875e+00,2.000000000000000000e+00,0.000000000000000000e+00
2.266818428039550781e+01,-8.334753036499023438e+00,2.000000000000000000e+00,0.000000000000000000e+00
2.134987831115722656e+01,-9.895152091979980469e+00,2.000000000000000000e+00,0.000000000000000000e+00
2.270533561706542969e+01,-8.521873474121093750e+00,2.000000000000000000e+00,0.000000000000000000e+00
2.265071105957031250e+01,-8.621551513671875000e+00,2.000000000000000000e+00,0.000000000000000000e+00
2.182564735412597656e+01,-9.014374732971191406e+00,2.000000000000000000e+00,0.000000000000000000e+00
2.202828216552734375e+01,-9.103775978088378906e+00,2.000000000000000000e+00,0.000000000000000000e+00
2.131296348571777344e+01,-9.935923576354980469e+00,2.000000000000000000e+00,0.000000000000000000e+00
2.268624877929687500e+01,-8.493556976318359375e+00,2.000000000000000000e+00,0.000000000000000000e+00
2.190810585021972656e+01,-8.963612556457519531e+00,2.000000000000000000e+00,0.000000000000000000e+00
2.192448043823242188e+01,-9.023450851440429688e+00,2.000000000000000000e+00,0.000000000000000000e+00
2.185725402832031250e+01,-9.355670928955078125e+00,2.000000000000000000e+00,0.000000000000000000e+00
2.108089065551757812e+01,-1.017000198364257812e+01,2.000000000000000000e+00,0.000000000000000000e+00
2.103423309326171875e+01,-1.021926784515380859e+01,2.000000000000000000e+00,0.000000000000000000e+00
2.199964714050292969e+01,-9.231862068176269531e+00,2.000000000000000000e+00,0.000000000000000000e+00
2.207770729064941406e+01,-9.072344779968261719e+00,2.000000000000000000e+00,0.000000000000000000e+00
2.128373336791992188e+01,-9.964278221130371094e+00,2.000000000000000000e+00,0.000000000000000000e+00
2.276981925964355469e+01,-8.511955261230468750e+00,2.000000000000000000e+00,0.000000000000000000e+00
2.183897209167480469e+01,-8.994347572326660156e+00,2.000000000000000000e+00,0.000000000000000000e+00
2.273872756958007812e+01,-8.432474136352539062e+00,2.000000000000000000e+00,0.000000000000000000e+00
2.103049278259277344e+01,-1.022276020050048828e+01,2.000000000000000000e+00,0.000000000000000000e+00
2.209042739868164062e+01,-9.063640594482421875e+00,2.000000000000000000e+00,0.000000000000000000e+00
2.104682922363281250e+01,-1.020613384246826172e+01,2.000000000000000000e+00,0.000000000000000000e+00
2.184173583984375000e+01,-8.983072280883789062e+00,2.000000000000000000e+00,0.000000000000000000e+00
2.146573829650878906e+01,-9.762774467468261719e+00,2.000000000000000000e+00,0.000000000000000000e+00
1.978127121925354004e+00,5.931973457336425781e+00,3.000000000000000000e+00,0.000000000000000000e+00
2.083366870880126953e+00,6.292757034301757812e+00,3.000000000000000000e+00,0.000000000000000000e+00
2.037200689315795898e+00,5.730964183807373047e+00,3.000000000000000000e+00,0.000000000000000000e+00
2.230266332626342773e+00,6.141245841979980469e+00,3.000000000000000000e+00,0.000000000000000000e+00
1.999418139457702637e+00,6.309845447540283203e+00,3.000000000000000000e+00,0.000000000000000000e+00
2.443704605102539062e+00,5.546801567077636719e+00,3.000000000000000000e+00,0.000000000000000000e+00
1.669261217117309570e+00,6.848657608032226562e+00,3.000000000000000000e+00,0.000000000000000000e+00
2.094031333923339844e+00,6.281387805938720703e+00,3.000000000000000000e+00,0.000000000000000000e+00
2.251205444335937500e+00,5.468399047851562500e+00,3.000000000000000000e+00,0.000000000000000000e+00
1.976668953895568848e+00,5.858762741088867188e+00,3.000000000000000000e+00,0.000000000000000000e+00
1.795519113540649414e+00,6.775336265563964844e+00,3.000000000000000000e+00,0.000000000000000000e+00
2.315409660339355469e+00,5.667632579803466797e+00,3.000000000000000000e+00,0.000000000000000000e+00
2.670808792114257812e+00,5.336379528045654297e+00,3.000000000000000000e+00,0.000000000000000000e+00
2.673157453536987305e+00,5.657868862152099609e+00,3.000000000000000000e+00,0.000000000000000000e+00
1.813974738121032715e+00,6.759011745452880859e+00,3.000000000000000000e+00,0.000000000000000000e+00
2.695997953414916992e+00,5.663150310516357422e+00,3.000000000000000000e+00,0.000000000000000000e+00
2.529267787933349609e+00,5.434426784515380859e+00,3.000000000000000000e+00,0.000000000000000000e+00
2.687875270843505859e+00,5.670290946960449219e+00,3.000000000000000000e+00,0.000000000000000000e+00
1.715495944023132324e+00,6.727131366729736328e+00,3.000000000000000000e+00,0.000000000000000000e+00
2.328785657882690430e+00,5.502502441406250000e+00,3.000000000000000000e+00,0.000000000000000000e+00
2.091602087020874023e+00,6.300935745239257812e+00,3.000000000000000000e+00,0.000000000000000000e+00
1.906232953071594238e+00,6.495849132537841797e+00,3.000000000000000000e+00,0.000000000000000000e+00
2.601048946380615234e+00,5.499218463897705078e+00,3.000000000000000000e+00,0.000000000000000000e+00
1.825440645217895508e+00,6.761721611022949219e+00,3.000000000000000000e+00,0.000000000000000000e+00
2.494189500808715820e+00,5.655899047851562500e+00,3.000000000000000000e+00,0.000000000000000000e+00
2.022158622741699219e+00,6.381950855255126953e+00,3.000000000000000000e+00,0.000000000000000000e+00
2.601688623428344727e+00,5.622897148132324219e+00,3.000000000000000000e+00,0.000000000000000000e+00
2.486503124237060547e+00,5.438160896301269531e+00,3.000000000000000000e+00,0.000000000000000000e+00
2.254569768905639648e+00,5.696022510528564453e+00,3.000000000000000000e+00,0.000000000000000000e+00
2.038055658340454102e+00,5.819137096405029297e+00,3.000000000000000000e+00,0.000000000000000000e+00
1.655005216598510742e+00,6.863394260406494141e+00,3.000000000000000000e+00,0.000000000000000000e+00
1.820693016052246094e+00,6.759513378143310547e+00,3.000000000000000000e+00,0.000000000000000000e+00
1.891867399215698242e+00,6.529410362243652344e+00,3.000000000000000000e+00,0.000000000000000000e+00
2.731165885925292969e+00,5.609345436096191406e+00,3.000000000000000000e+00,0.000000000000000000e+00
1.700424432754516602e+00,6.784933567047119141e+00,3.000000000000000000e+00,0.000000000000000000e+00
2.213228702545166016e+00,5.644942283630371094e+00,3.000000000000000000e+00,0.000000000000000000e+00
2.684370040893554688e+00,5.578269481658935547e+00,3.000000000000000000e+00,0.000000000000000000e+00
1.685120344161987305e+00,6.844006061553955078e+00,3.000000000000000000e+00,0.000000000000000000e+00
2.456968307495117188e+00,5.388468265533447266e+00,3.000000000000000000e+00,0.000000000000000000e+00
2.435791015625000000e+00,5.418992042541503906e+00,3.000000000000000000e+00,0.000000000000000000e+00
2.685012817382812500e+00,5.674960613250732422e+00,3.000000000000000000e+00,0.000000000000000000e+00
2.020956516265869141e+00,6.386796474456787109e+00,3.000000000000000000e+00,0.000000000000000000e+00
2.062186717987060547e+00,5.753904342651367188e+00,3.000000000000000000e+00,0.000000000000000000e+00
2.670640945434570312e+00,5.662731647491455078e+00,3.000000000000000000e+00,0.000000000000000000e+00
2.670597314834594727e+00,5.335357666015625000e+00,3.000000000000000000e+00,0.000000000000000000e+00
1.803446769714355469e+00,6.771645069122314453e+00,3.000000000000000000e+00,0.000000000000000000e+00
2.658504009246826172e+00,5.462219238281250000e+00,3.000000000000000000e+00,0.000000000000000000e+00
2.433252811431884766e+00,5.601014614105224609e+00,3.000000000000000000e+00,0.000000000000000000e+00
1.751789569854736328e+00,6.839638710021972656e+00,3.000000000000000000e+00,0.000000000000000000e+00
1.667178153991699219e+00,6.715053081512451172e+00,3.000000000000000000e+00,0.000000000000000000e+00
1.945576906204223633e+00,6.445978641510009766e+00,3.000000000000000000e+00,0.000000000000000000e+00
2.255772829055786133e+00,5.662921428680419922e+00,3.000000000000000000e+00,0.000000000000000000e+00
2.703586578369140625e+00,5.504088878631591797e+00,3.000000000000000000e+00,0.000000000000000000e+00
2.210306882858276367e+00,6.194132328033447266e+00,3.000000000000000000e+00,0.000000000000000000e+00
2.114774465560913086e+00,6.241450309753417969e+00,3.000000000000000000e+00,0.000000000000000000e+00
1.834794282913208008e+00,6.741066455841064453e+00,3.000000000000000000e+00,0.000000000000000000e+00
2.084207534790039062e+00,5.737314701080322266e+00,3.000000000000000000e+00,0.000000000000000000e+00
2.501428604125976562e+00,5.477994918823242188e+00,3.000000000000000000e+00,0.000000000000000000e+00
2.013454437255859375e+00,5.839221954345703125e+00,3.000000000000000000e+00,0.000000000000000000e+00
2.702228546142578125e+00,5.531328201293945312e+00,3.000000000000000000e+00,0.000000000000000000e+00
2.640937805175781250e+00,5.455477237701416016e+00,3.000000000000000000e+00,0.000000000000000000e+00
1.860271573066711426e+00,6.625171184539794922e+00,3.000000000000000000e+00,0.000000000000000000e+00
2.066526412963867188e+00,6.322267532348632812e+00,3.000000000000000000e+00,0.000000000000000000e+00
2.295176506042480469e+00,5.607346057891845703e+00,3.000000000000000000e+00,0.000000000000000000e+00
1.786027550697326660e+00,6.717110157012939453e+00,3.000000000000000000e+00,0.000000000000000000e+00
1.968585729598999023e+00,5.881731986999511719e+00,3.000000000000000000e+00,0.000000000000000000e+00
2.055415868759155273e+00,6.332256793975830078e+00,3.000000000000000000e+00,0.000000000000000000e+00
2.668505668640136719e+00,5.333994865417480469e+00,3.000000000000000000e+00,0.000000000000000000e+00
2.008778095245361328e+00,5.772763729095458984e+00,3.000000000000000000e+00,0.000000000000000000e+00
2.064862251281738281e+00,6.322001457214355469e+00,3.000000000000000000e+00,0.000000000000000000e+00
2.285700321197509766e+00,5.660656452178955078e+00,3.000000000000000000e+00,0.000000000000000000e+00
2.158725261688232422e+00,5.967215538024902344e+00,3.000000000000000000e+00,0.000000000000000000e+00
1.657701253890991211e+00,6.781124114990234375e+00,3.000000000000000000e+00,0.000000000000000000e+00
1.672926902770996094e+00,6.827571392059326172e+00,3.000000000000000000e+00,0.000000000000000000e+00
1.652112245559692383e+00,6.843113899230957031e+00,3.000000000000000000e+00,0.000000000000000000e+00
1.667096734046936035e+00,6.857574462890625000e+00,3.000000000000000000e+00,0.000000000000000000e+00
2.292367458343505859e+00,5.618559837341308594e+00,3.000000000000000000e+00,0.000000000000000000e+00
2.076913118362426758e+00,5.947695732116699219e+00,3.000000000000000000e+00,0.000000000000000000e+00
2.154979467391967773e+00,6.231268405914306641e+00,3.000000000000000000e+00,0.000000000000000000e+00
2.560251951217651367e+00,5.483474731445312500e+00,3.000000000000000000e+00,0.000000000000000000e+00
2.054095983505249023e+00,5.696925163269042969e+00,3.000000000000000000e+00,0.000000000000000000e+00
1.984968185424804688e+00,5.976765155792236328e+00,3.000000000000000000e+00,0.000000000000000000e+00
1.667476296424865723e+00,6.776618480682373047e+00,3.000000000000000000e+00,0.000000000000000000e+00
2.030852317810058594e+00,6.351396083831787109e+00,3.000000000000000000e+00,0.000000000000000000e+00
1.744661092758178711e+00,6.845046997070312500e+00,3.000000000000000000e+00,0.000000000000000000e+00
2.337120056152343750e+00,5.560359954833984375e+00,3.000000000000000000e+00,0.000000000000000000e+00
2.115668535232543945e+00,6.303572177886962891e+00,3.000000000000000000e+00,0.000000000000000000e+00
2.675221443176269531e+00,5.649733066558837891e+00,3.000000000000000000e+00,0.000000000000000000e+00
1.642380475997924805e+00,6.886762619018554688e+00,3.000000000000000000e+00,0.000000000000000000e+00
2.055537462234497070e+00,6.325219631195068359e+00,3.000000000000000000e+00,0.000000000000000000e+00
2.264760255813598633e+00,5.487656593322753906e+00,3.000000000000000000e+00,0.000000000000000000e+00
1.855018258094787598e+00,6.726603984832763672e+00,3.000000000000000000e+00,0.000000000000000000e+00
2.133159160614013672e+00,5.600537776947021484e+00,3.000000000000000000e+00,0.000000000000000000e+00
2.271650314331054688e+00,5.426791191101074219e+00,3.000000000000000000e+00,0.000000000000000000e+00
2.667731523513793945e+00,5.336740016937255859e+00,3.000000000000000000e+00,0.000000000000000000e+00
2.700767040252685547e+00,5.672591209411621094e+00,3.000000000000000000e+00,0.000000000000000000e+00
1.929632425308227539e+00,6.468927860260009766e+00,3.000000000000000000e+00,0.000000000000000000e+00
1.645640611648559570e+00,6.871536731719970703e+00,3.000000000000000000e+00,0.000000000000000000e+00
2.311954736709594727e+00,5.749212265014648438e+00,3.000000000000000000e+00,0.000000000000000000e+00
1.850800395011901855e+00,6.564087390899658203e+00,3.000000000000000000e+00,0.000000000000000000e+00
1.751468062400817871e+00,6.811355113983154297e+00,3.000000000000000000e+00,0.000000000000000000e+00
2.140603065490722656e+00,5.603901863098144531e+00,3.000000000000000000e+00,0.000000000000000000e+00
2.613996267318725586e+00,5.502375125885009766e+00,3.000000000000000000e+00,0.000000000000000000e+00
1.995136380195617676e+00,6.097223281860351562e+00,3.000000000000000000e+00,0.000000000000000000e+00
1.716069459915161133e+00,6.889440059661865234e+00,3.000000000000000000e+00,0.000000000000000000e+00
2.456167459487915039e+00,5.588796615600585938e+00,3.000000000000000000e+00,0.000000000000000000e+00
2.470126628875732422e+00,5.427367210388183594e+00,3.000000000000000000e+00,0.000000000000000000e+00
2.581822872161865234e+00,5.418191909790039062e+00,3.000000000000000000e+00,0.000000000000000000e+00
1.649752140045166016e+00,6.843716621398925781e+00,3.000000000000000000e+00,0.000000000000000000e+00
2.305181980133056641e+00,5.654759407043457031e+00,3.000000000000000000e+00,0.000000000000000000e+00
1.941580295562744141e+00,6.446227073669433594e+00,3.000000000000000000e+00,0.000000000000000000e+00
1.902154803276062012e+00,6.503922462463378906e+00,3.000000000000000000e+00,0.000000000000000000e+00
2.225939750671386719e+00,5.542496681213378906e+00,3.000000000000000000e+00,0.000000000000000000e+00
1.790091753005981445e+00,6.797910213470458984e+00,3.000000000000000000e+00,0.000000000000000000e+00
2.087192773818969727e+00,6.288260936737060547e+00,3.000000000000000000e+00,0.000000000000000000e+00
2.287837743759155273e+00,5.433760643005371094e+00,3.000000000000000000e+00,0.000000000000000000e+00
1.972755908966064453e+00,6.027110099792480469e+00,3.000000000000000000e+00,0.000000000000000000e+00
2.634918689727783203e+00,5.365180492401123047e+00,3.000000000000000000e+00,0.000000000000000000e+00
2.180607795715332031e+00,5.535498142242431641e+00,3.000000000000000000e+00,0.000000000000000000e+00
2.240541696548461914e+00,5.878208160400390625e+00,3.000000000000000000e+00,0.000000000000000000e+00
2.077914953231811523e+00,5.672797203063964844e+00,3.000000000000000000e+00,0.000000000000000000e+00
2.252305984497070312e+00,5.525129795074462891e+00,3.000000000000000000e+00,0.000000000000000000e+00
2.367960453033447266e+00,5.438668727874755859e+00,3.000000000000000000e+00,0.000000000000000000e+00
2.607565641403198242e+00,5.358345985412597656e+00,3.000000000000000000e+00,0.000000000000000000e+00
2.229260683059692383e+00,6.190282344818115234e+00,3.000000000000000000e+00,0.000000000000000000e+00
2.221084117889404297e+00,5.478051185607910156e+00,3.000000000000000000e+00,0.000000000000000000e+00
2.195116519927978516e+00,5.564073562622070312e+00,3.000000000000000000e+00,0.000000000000000000e+00
2.719821214675903320e+00,5.623744487762451172e+00,3.000000000000000000e+00,0.000000000000000000e+00
2.146158695220947266e+00,5.593184471130371094e+00,3.000000000000000000e+00,0.000000000000000000e+00
2.729893445968627930e+00,5.573202133178710938e+00,3.000000000000000000e+00,0.000000000000000000e+00
2.082127094268798828e+00,6.209856033325195312e+00,3.000000000000000000e+00,0.000000000000000000e+00
1.957970261573791504e+00,5.877048492431640625e+00,3.000000000000000000e+00,0.000000000000000000e+00
1.822541236877441406e+00,6.776338100433349609e+00,3.000000000000000000e+00,0.000000000000000000e+00
2.084218502044677734e+00,6.314551353454589844e+00,3.000000000000000000e+00,0.000000000000000000e+00
2.045771121978759766e+00,6.268478393554687500e+00,3.000000000000000000e+00,0.000000000000000000e+00
2.178027629852294922e+00,5.553548812866210938e+00,3.000000000000000000e+00,0.000000000000000000e+00
2.550496816635131836e+00,5.617375850677490234e+00,3.000000000000000000e+00,0.000000000000000000e+00
1.668104410171508789e+00,6.844960689544677734e+00,3.000000000000000000e+00,0.000000000000000000e+00
1.840287923812866211e+00,6.759808063507080078e+00,3.000000000000000000e+00,0.000000000000000000e+00
2.038052797317504883e+00,5.832080364227294922e+00,3.000000000000000000e+00,0.000000000000000000e+00
2.048567056655883789e+00,5.695007801055908203e+00,3.000000000000000000e+00,0.000000000000000000e+00
2.650282621383666992e+00,5.386665821075439453e+00,3.000000000000000000e+00,0.000000000000000000e+00
2.662629604339599609e+00,5.326076030731201172e+00,3.000000000000000000e+00,0.000000000000000000e+00
1.989297270774841309e+00,5.885875225067138672e+00,3.000000000000000000e+00,0.000000000000000000e+00
2.161442756652832031e+00,5.537689208984375000e+00,3.000000000000000000e+00,0.000000000000000000e+00
1.674795746803283691e+00,6.838379859924316406e+00,3.000000000000000000e+00,0.000000000000000000e+00
1.637763261795043945e+00,6.874387741088867188e+00,3.000000000000000000e+00,0.000000000000000000e+00
1.959422707557678223e+00,5.921676635742187500e+00,3.000000000000000000e+00,0.000000000000000000e+00
2.091128110885620117e+00,6.259448051452636719e+00,3.000000000000000000e+00,0.000000000000000000e+00
2.114330053329467773e+00,5.612276077270507812e+00,3.000000000000000000e+00,0.000000000000000000e+00
1.999135136604309082e+00,5.883922100067138672e+00,3.000000000000000000e+00,0.000000000000000000e+00
2.258770942687988281e+00,5.556018352508544922e+00,3.000000000000000000e+00,0.000000000000000000e+00
2.397094726562500000e+00,5.537899017333984375e+00,3.000000000000000000e+00,0.000000000000000000e+00
2.098564863204956055e+00,5.663065910339355469e+00,3.000000000000000000e+00,0.000000000000000000e+00
1.988447427749633789e+00,5.887663364410400391e+00,3.000000000000000000e+00,0.000000000000000000e+00
1.714340329170227051e+00,6.665703296661376953e+00,3.000000000000000000e+00,0.000000000000000000e+00
2.635322093963623047e+00,5.615385532379150391e+00,3.000000000000000000e+00,0.000000000000000000e+00
1.933278799057006836e+00,6.466020584106445312e+00,3.000000000000000000e+00,0.000000000000000000e+00
2.327580928802490234e+00,5.559979438781738281e+00,3.000000000000000000e+00,0.000000000000000000e+00
2.533682107925415039e+00,5.412232875823974609e+00,3.000000000000000000e+00,0.000000000000000000e+00
2.483360528945922852e+00,5.485322475433349609e+00,3.000000000000000000e+00,0.000000000000000000e+00
2.006034374237060547e+00,6.412520885467529297e+00,3.000000000000000000e+00,0.000000000000000000e+00
2.610436677932739258e+00,5.299066543579101562e+00,3.000000000000000000e+00,0.000000000000000000e+00
2.149265527725219727e+00,5.599122047424316406e+00,3.000000000000000000e+00,0.000000000000000000e+00
2.161393404006958008e+00,5.693893909454345703e+00,3.000000000000000000e+00,0.000000000000000000e+00
1.759225249290466309e+00,6.830210208892822266e+00,3.000000000000000000e+00,0.000000000000000000e+00
2.016205310821533203e+00,5.761964321136474609e+00,3.000000000000000000e+00,0.000000000000000000e+00
2.022524118423461914e+00,6.353909969329833984e+00,3.000000000000000000e+00,0.000000000000000000e+00
2.087486028671264648e+00,6.273929595947265625e+00,3.000000000000000000e+00,0.000000000000000000e+00
2.588040113449096680e+00,5.621673583984375000e+00,3.000000000000000000e+00,0.000000000000000000e+00
1.844997167587280273e+00,6.647873878479003906e+00,3.000000000000000000e+00,0.000000000000000000e+00
2.730988025665283203e+00,5.604324817657470703e+00,3.000000000000000000e+00,0.000000000000000000e+00
1.808407425880432129e+00,6.825283050537109375e+00,3.000000000000000000e+00,0.000000000000000000e+00
2.088548183441162109e+00,5.715080738067626953e+00,3.000000000000000000e+00,0.000000000000000000e+00
2.227450609207153320e+00,5.501142024993896484e+00,3.000000000000000000e+00,0.000000000000000000e+00
2.080735206604003906e+00,5.700018882751464844e+00,3.000000000000000000e+00,0.000000000000000000e+00
1.866313576698303223e+00,6.641356945037841797e+00,3.000000000000000000e+00,0.000000000000000000e+00
2.359880208969116211e+00,5.587257385253906250e+00,3.000000000000000000e+00,0.000000000000000000e+00
2.042715311050415039e+00,5.713439464569091797e+00,3.000000000000000000e+00,0.000000000000000000e+00
2.062716722488403320e+00,5.804382324218750000e+00,3.000000000000000000e+00,0.000000000000000000e+00
2.709476709365844727e+00,5.573580741882324219e+00,3.000000000000000000e+00,0.000000000000000000e+00
2.014026641845703125e+00,6.363484382629394531e+00,3.000000000000000000e+00,0.000000000000000000e+00
2.691483497619628906e+00,5.318190097808837891e+00,3.000000000000000000e+00,0.000000000000000000e+00
2.056173086166381836e+00,5.721469402313232422e+00,3.000000000000000000e+00,0.000000000000000000e+00
2.097039461135864258e+00,5.683187961578369141e+00,3.000000000000000000e+00,0.000000000000000000e+00
2.155972719192504883e+00,5.636766433715820312e+00,3.000000000000000000e+00,0.000000000000000000e+00
1.903369307518005371e+00,6.464803695678710938e+00,3.000000000000000000e+00,0.000000000000000000e+00
2.727659940719604492e+00,5.586151599884033203e+00,3.000000000000000000e+00,0.000000000000000000e+00
1.830428481101989746e+00,6.754315853118896484e+00,3.000000000000000000e+00,0.000000000000000000e+00
2.772224426269531250e+00,5.637073993682861328e+00,3.000000000000000000e+00,0.000000000000000000e+00
2.000310420989990234e+00,5.773138046264648438e+00,3.000000000000000000e+00,0.000000000000000000e+00
2.490429162979125977e+00,5.440721511840820312e+00,3.000000000000000000e+00,0.000000000000000000e+00
2.400651693344116211e+00,5.627935409545898438e+00,3.000000000000000000e+00,0.000000000000000000e+00
2.313072204589843750e+00,5.565552711486816406e+00,3.000000000000000000e+00,0.000000000000000000e+00
1.860026240348815918e+00,6.694322586059570312e+00,3.000000000000000000e+00,0.000000000000000000e+00
2.262783288955688477e+00,5.732750415802001953e+00,3.000000000000000000e+00,0.000000000000000000e+00
2.408747196197509766e+00,5.501613140106201172e+00,3.000000000000000000e+00,0.000000000000000000e+00
2.292460680007934570e+00,6.121644020080566406e+00,3.000000000000000000e+00,0.000000000000000000e+00
2.267394542694091797e+00,5.484336853027343750e+00,3.000000000000000000e+00,0.000000000000000000e+00
1.980266928672790527e+00,5.884220123291015625e+00,3.000000000000000000e+00,0.000000000000000000e+00
2.723793745040893555e+00,5.293010711669921875e+00,3.000000000000000000e+00,0.000000000000000000e+00
2.029286861419677734e+00,5.835962772369384766e+00,3.000000000000000000e+00,0.000000000000000000e+00
1.660425186157226562e+00,6.818998813629150391e+00,3.000000000000000000e+00,0.000000000000000000e+00
2.672947406768798828e+00,5.313470840454101562e+00,3.000000000000000000e+00,0.000000000000000000e+00
1.662972927093505859e+00,6.711053371429443359e+00,3.000000000000000000e+00,0.000000000000000000e+00
2.065883398056030273e+00,5.737320423126220703e+00,3.000000000000000000e+00,0.000000000000000000e+00
2.666921854019165039e+00,5.494730949401855469e+00,3.000000000000000000e+00,0.000000000000000000e+00
2.089686632156372070e+00,6.152263164520263672e+00,3.000000000000000000e+00,0.000000000000000000e+00
2.714640140533447266e+00,5.601904869079589844e+00,3.000000000000000000e+00,0.000000000000000000e+00
2.713628292083740234e+00,5.614832401275634766e+00,3.000000000000000000e+00,0.000000000000000000e+00
-4.559878349304199219e+00,1.520678520202636719e+01,4.000000000000000000e+00,0.000000000000000000e+00
-4.248860359191894531e+00,1.542660713195800781e+01,4.000000000000000000e+00,0.000000000000000000e+00
-4.461256027221679688e+00,1.526010227203369141e+01,4.000000000000000000e+00,0.000000000000000000e+00
-4.236925125122070312e+00,1.498800849914550781e+01,4.000000000000000000e+00,0.000000000000000000e+00
-4.025914669036865234e+00,1.500422954559326172e+01,4.000000000000000000e+00,0.000000000000000000e+00
1.709666633605957031e+01,1.128559017181396484e+01,4.000000000000000000e+00,0.000000000000000000e+00
-3.886010885238647461e+00,1.532788467407226562e+01,4.000000000000000000e+00,0.000000000000000000e+00
1.711424827575683594e+01,1.126611137390136719e+01,4.000000000000000000e+00,0.000000000000000000e+00
-4.508858680725097656e+00,1.555199050903320312e+01,4.000000000000000000e+00,0.000000000000000000e+00
-4.060001373291015625e+00,1.554399776458740234e+01,4.000000000000000000e+00,0.000000000000000000e+00
-3.925394058227539062e+00,1.545803642272949219e+01,4.000000000000000000e+00,0.000000000000000000e+00
-3.818945884704589844e+00,1.548350524902343750e+01,4.000000000000000000e+00,0.000000000000000000e+00
-4.200559616088867188e+00,1.566865444183349609e+01,4.000000000000000000e+00,0.000000000000000000e+00
-4.460427761077880859e+00,1.513701915740966797e+01,4.000000000000000000e+00,0.000000000000000000e+00
-4.588245868682861328e+00,1.538336849212646484e+01,4.000000000000000000e+00,0.000000000000000000e+00
-3.852989912033081055e+00,1.521181678771972656e+01,4.000000000000000000e+00,0.000000000000000000e+00
-4.130055427551269531e+00,1.502082157135009766e+01,4.000000000000000000e+00,0.000000000000000000e+00
1.728535652160644531e+01,1.106653499603271484e+01,4.000000000000000000e+00,0.000000000000000000e+00
-4.549570083618164062e+00,1.529931735992431641e+01,4.000000000000000000e+00,0.000000000000000000e+00
-4.480848312377929688e+00,1.509493541717529297e+01,4.000000000000000000e+00,0.000000000000000000e+00
-4.478613376617431641e+00,1.532172107696533203e+01,4.000000000000000000e+00,0.000000000000000000e+00
-4.122327327728271484e+00,1.555663299560546875e+01,4.000000000000000000e+00,0.000000000000000000e+00
-3.790969133377075195e+00,1.539176273345947266e+01,4.000000000000000000e+00,0.000000000000000000e+00
-4.308127403259277344e+00,1.522496700286865234e+01,4.000000000000000000e+00,0.000000000000000000e+00
-4.094023704528808594e+00,1.541636848449707031e+01,4.000000000000000000e+00,0.000000000000000000e+00
-4.319819450378417969e+00,1.563086605072021484e+01,4.000000000000000000e+00,0.000000000000000000e+00
1.710386085510253906e+01,1.127542781829833984e+01,4.000000000000000000e+00,0.000000000000000000e+00
-3.851975679397583008e+00,1.541300392150878906e+01,4.000000000000000000e+00,0.000000000000000000e+00
-4.160049438476562500e+00,1.519181728363037109e+01,4.000000000000000000e+00,0.000000000000000000e+00
-3.898956060409545898e+00,1.554756069183349609e+01,4.000000000000000000e+00,0.000000000000000000e+00
-4.514189720153808594e+00,1.529013347625732422e+01,4.000000000000000000e+00,0.000000000000000000e+00
-4.646055698394775391e+00,1.538195323944091797e+01,4.000000000000000000e+00,0.000000000000000000e+00
-4.221520423889160156e+00,1.504059314727783203e+01,4.000000000000000000e+00,0.000000000000000000e+00
-4.383263111114501953e+00,1.528432273864746094e+01,4.000000000000000000e+00,0.000000000000000000e+00
-4.539803981781005859e+00,1.515044784545898438e+01,4.000000000000000000e+00,0.000000000000000000e+00
-3.910410642623901367e+00,1.555678653717041016e+01,4.000000000000000000e+00,0.000000000000000000e+00
-4.332372665405273438e+00,1.568266963958740234e+01,4.000000000000000000e+00,0.000000000000000000e+00
1.709804725646972656e+01,1.128133296966552734e+01,4.000000000000000000e+00,0.000000000000000000e+00
1.727750015258789062e+01,1.108703804016113281e+01,4.000000000000000000e+00,0.000000000000000000e+00
-3.745796918869018555e+00,1.538863277435302734e+01,4.000000000000000000e+00,0.000000000000000000e+00
-4.212104797363281250e+00,1.508736610412597656e+01,4.000000000000000000e+00,0.000000000000000000e+00
-3.920107126235961914e+00,1.557172107696533203e+01,4.000000000000000000e+00,0.000000000000000000e+00
1.719091987609863281e+01,1.116676235198974609e+01,4.000000000000000000e+00,0.000000000000000000e+00
1.710404014587402344e+01,1.127846622467041016e+01,4.000000000000000000e+00,0.000000000000000000e+00
-3.827664852142333984e+00,1.543017768859863281e+01,4.000000000000000000e+00,0.000000000000000000e+00
-4.026507854461669922e+00,1.505269432067871094e+01,4.000000000000000000e+00,0.000000000000000000e+00
-4.458531379699707031e+00,1.563899230957031250e+01,4.000000000000000000e+00,0.000000000000000000e+00
-3.809378862380981445e+00,1.539891433715820312e+01,4.000000000000000000e+00,0.000000000000000000e+00
-4.266087532043457031e+00,1.507505130767822266e+01,4.000000000000000000e+00,0.000000000000000000e+00
-3.969721794128417969e+00,1.505118942260742188e+01,4.000000000000000000e+00,0.000000000000000000e+00
-3.923418045043945312e+00,1.527287006378173828e+01,4.000000000000000000e+00,0.000000000000000000e+00
-4.444128513336181641e+00,1.506963348388671875e+01,4.000000000000000000e+00,0.000000000000000000e+00
-3.899940490722656250e+00,1.529490089416503906e+01,4.000000000000000000e+00,0.000000000000000000e+00
-4.267213344573974609e+00,1.549658489227294922e+01,4.000000000000000000e+00,0.000000000000000000e+00
-4.619923591613769531e+00,1.542911148071289062e+01,4.000000000000000000e+00,0.000000000000000000e+00
-3.996817827224731445e+00,1.530978775024414062e+01,4.000000000000000000e+00,0.000000000000000000e+00
-4.200448989868164062e+00,1.553237342834472656e+01,4.000000000000000000e+00,0.000000000000000000e+00
-4.330868244171142578e+00,1.556621551513671875e+01,4.000000000000000000e+00,0.000000000000000000e+00
-4.279893875122070312e+00,1.508154296875000000e+01,4.000000000000000000e+00,0.000000000000000000e+00
-3.884529829025268555e+00,1.553107261657714844e+01,4.000000000000000000e+00,0.000000000000000000e+00
-3.958053588867187500e+00,1.518546104431152344e+01,4.000000000000000000e+00,0.000000000000000000e+00
-4.214730262756347656e+00,1.515394496917724609e+01,4.000000000000000000e+00,0.000000000000000000e+00
-3.740692138671875000e+00,1.539937496185302734e+01,4.000000000000000000e+00,0.000000000000000000e+00
-4.596436023712158203e+00,1.532952117919921875e+01,4.000000000000000000e+00,0.000000000000000000e+00
-4.627612590789794922e+00,1.523482418060302734e+01,4.000000000000000000e+00,0.000000000000000000e+00
-4.556491374969482422e+00,1.544636821746826172e+01,4.000000000000000000e+00,0.000000000000000000e+00
1.710070800781250000e+01,1.128402423858642578e+01,4.000000000000000000e+00,0.000000000000000000e+00
-4.454284191131591797e+00,1.544863033294677734e+01,4.000000000000000000e+00,0.000000000000000000e+00
-4.391444683074951172e+00,1.543993949890136719e+01,4.000000000000000000e+00,0.000000000000000000e+00
-4.310261726379394531e+00,1.521696662902832031e+01,4.000000000000000000e+00,0.000000000000000000e+00
-4.624244213104248047e+00,1.534303474426269531e+01,4.000000000000000000e+00,0.000000000000000000e+00
-4.113717555999755859e+00,1.512141227722167969e+01,4.000000000000000000e+00,0.000000000000000000e+00
-4.519285202026367188e+00,1.522407341003417969e+01,4.000000000000000000e+00,0.000000000000000000e+00
-4.069600105285644531e+00,1.506090641021728516e+01,4.000000000000000000e+00,0.000000000000000000e+00
-4.036990642547607422e+00,1.560633277893066406e+01,4.000000000000000000e+00,0.000000000000000000e+00
-4.462733745574951172e+00,1.550805854797363281e+01,4.000000000000000000e+00,0.000000000000000000e+00
-4.103417873382568359e+00,1.512194633483886719e+01,4.000000000000000000e+00,0.000000000000000000e+00
-3.988704919815063477e+00,1.516599369049072266e+01,4.000000000000000000e+00,0.000000000000000000e+00
-3.871383666992187500e+00,1.549119949340820312e+01,4.000000000000000000e+00,0.000000000000000000e+00
-4.227256298065185547e+00,1.552365112304687500e+01,4.000000000000000000e+00,0.000000000000000000e+00
-3.923335313796997070e+00,1.521527194976806641e+01,4.000000000000000000e+00,0.000000000000000000e+00
-4.492996692657470703e+00,1.518046379089355469e+01,4.000000000000000000e+00,0.000000000000000000e+00
1.716327095031738281e+01,1.120220565795898438e+01,4.000000000000000000e+00,0.000000000000000000e+00
-4.586274147033691406e+00,1.521845722198486328e+01,4.000000000000000000e+00,0.000000000000000000e+00
-4.580400943756103516e+00,1.550837898254394531e+01,4.000000000000000000e+00,0.000000000000000000e+00
-3.880062818527221680e+00,1.550359058380126953e+01,4.000000000000000000e+00,0.000000000000000000e+00
-4.540276527404785156e+00,1.556010055541992188e+01,4.000000000000000000e+00,0.000000000000000000e+00
-4.502278804779052734e+00,1.553706359863281250e+01,4.000000000000000000e+00,0.000000000000000000e+00
1.712096977233886719e+01,1.125527667999267578e+01,4.000000000000000000e+00,0.000000000000000000e+00
-3.995620250701904297e+00,1.503293323516845703e+01,4.000000000000000000e+00,0.000000000000000000e+00
-4.237791538238525391e+00,1.513015460968017578e+01,4.000000000000000000e+00,0.000000000000000000e+00
-3.998886346817016602e+00,1.527785778045654297e+01,4.000000000000000000e+00,0.000000000000000000e+00
1.710151672363281250e+01,1.128149509429931641e+01,4.000000000000000000e+00,0.000000000000000000e+00
-4.612279415130615234e+00,1.529242897033691406e+01,4.000000000000000000e+00,0.000000000000000000e+00
1.726060104370117188e+01,1.109770870208740234e+01,4.000000000000000000e+00,0.000000000000000000e+00
-4.299416065216064453e+00,1.531735515594482422e+01,4.000000000000000000e+00,0.000000000000000000e+00
-3.990439176559448242e+00,1.552708816528320312e+01,4.000000000000000000e+00,0.000000000000000000e+00
-4.006059646606445312e+00,1.517269992828369141e+01,4.000000000000000000e+00,0.000000000000000000e+00
-4.424091815948486328e+00,1.520545387268066406e+01,4.000000000000000000e+00,0.000000000000000000e+00
-4.051666736602783203e+00,1.516378498077392578e+01,4.000000000000000000e+00,0.000000000000000000e+00
-4.525281429290771484e+00,1.549608421325683594e+01,4.000000000000000000e+00,0.000000000000000000e+00
-4.617697715759277344e+00,1.521811962127685547e+01,4.000000000000000000e+00,0.000000000000000000e+00
-4.608856201171875000e+00,1.525335502624511719e+01,4.000000000000000000e+00,0.000000000000000000e+00
-4.360074996948242188e+00,1.566316127777099609e+01,4.000000000000000000e+00,0.000000000000000000e+00
-3.895180940628051758e+00,1.541869068145751953e+01,4.000000000000000000e+00,0.000000000000000000e+00
-4.525187969207763672e+00,1.522479343414306641e+01,4.000000000000000000e+00,0.000000000000000000e+00
-4.472943782806396484e+00,1.510530567169189453e+01,4.000000000000000000e+00,0.000000000000000000e+00
-4.275274753570556641e+00,1.528931999206542969e+01,4.000000000000000000e+00,0.000000000000000000e+00
-4.408668994903564453e+00,1.561438655853271484e+01,4.000000000000000000e+00,0.000000000000000000e+00
-3.852731227874755859e+00,1.538944149017333984e+01,4.000000000000000000e+00,0.000000000000000000e+00
-4.249778270721435547e+00,1.515426731109619141e+01,4.000000000000000000e+00,0.000000000000000000e+00
1.714508247375488281e+01,1.122609901428222656e+01,4.000000000000000000e+00,0.000000000000000000e+00
-4.125759601593017578e+00,1.509996700286865234e+01,4.000000000000000000e+00,0.000000000000000000e+00
1.710864830017089844e+01,1.128390979766845703e+01,4.000000000000000000e+00,0.000000000000000000e+00
-3.801349163055419922e+00,1.548818016052246094e+01,4.000000000000000000e+00,0.000000000000000000e+00
-4.088887691497802734e+00,1.555139732360839844e+01,4.000000000000000000e+00,0.000000000000000000e+00
-4.284255981445312500e+00,1.509203624725341797e+01,4.000000000000000000e+00,0.000000000000000000e+00
-4.115777969360351562e+00,1.502824211120605469e+01,4.000000000000000000e+00,0.000000000000000000e+00
-4.379196166992187500e+00,1.541602802276611328e+01,4.000000000000000000e+00,0.000000000000000000e+00
-4.608634948730468750e+00,1.525618553161621094e+01,4.000000000000000000e+00,0.000000000000000000e+00
-4.608707904815673828e+00,1.527453899383544922e+01,4.000000000000000000e+00,0.000000000000000000e+00
-4.106470584869384766e+00,1.527629756927490234e+01,4.000000000000000000e+00,0.000000000000000000e+00
1.710393333435058594e+01,1.128126525878906250e+01,4.000000000000000000e+00,0.000000000000000000e+00
-4.260806083679199219e+00,1.531469535827636719e+01,4.000000000000000000e+00,0.000000000000000000e+00
-3.930938005447387695e+00,1.521969890594482422e+01,4.000000000000000000e+00,0.000000000000000000e+00
-4.269273757934570312e+00,1.568550586700439453e+01,4.000000000000000000e+00,0.000000000000000000e+00
-3.804616928100585938e+00,1.534657764434814453e+01,4.000000000000000000e+00,0.000000000000000000e+00
-4.010825157165527344e+00,1.520017910003662109e+01,4.000000000000000000e+00,0.000000000000000000e+00
-4.180865287780761719e+00,1.500905609130859375e+01,4.000000000000000000e+00,0.000000000000000000e+00
-4.087863445281982422e+00,1.557504367828369141e+01,4.000000000000000000e+00,0.000000000000000000e+00
-4.118240356445312500e+00,1.501388454437255859e+01,4.000000000000000000e+00,0.000000000000000000e+00
-4.142987251281738281e+00,1.556731510162353516e+01,4.000000000000000000e+00,0.000000000000000000e+00
-4.358324527740478516e+00,1.518320369720458984e+01,4.000000000000000000e+00,0.000000000000000000e+00
-4.433992385864257812e+00,1.562123680114746094e+01,4.000000000000000000e+00,0.000000000000000000e+00
-4.049571990966796875e+00,1.544203948974609375e+01,4.000000000000000000e+00,0.000000000000000000e+00
2.461093902587890625e+01,2.996325254440307617e+00,4.000000000000000000e+00,0.000000000000000000e+00
-4.577833175659179688e+00,1.522022438049316406e+01,4.000000000000000000e+00,0.000000000000000000e+00
-4.483138561248779297e+00,1.509467506408691406e+01,4.000000000000000000e+00,0.000000000000000000e+00
-4.509700298309326172e+00,1.558867931365966797e+01,4.000000000000000000e+00,0.000000000000000000e+00
-4.126010894775390625e+00,1.510042095184326172e+01,4.000000000000000000e+00,0.000000000000000000e+00
-4.051713943481445312e+00,1.509383869171142578e+01,4.000000000000000000e+00,0.000000000000000000e+00
-4.131637096405029297e+00,1.502815818786621094e+01,4.000000000000000000e+00,0.000000000000000000e+00
-4.223761558532714844e+00,1.532193279266357422e+01,4.000000000000000000e+00,0.000000000000000000e+00
1.711174201965332031e+01,1.127498531341552734e+01,4.000000000000000000e+00,0.000000000000000000e+00
-3.928061246871948242e+00,1.522216224670410156e+01,4.000000000000000000e+00,0.000000000000000000e+00
-3.785314083099365234e+00,1.541283226013183594e+01,4.000000000000000000e+00,0.000000000000000000e+00
-4.423616409301757812e+00,1.547325515747070312e+01,4.000000000000000000e+00,0.000000000000000000e+00
-4.005097866058349609e+00,1.513749694824218750e+01,4.000000000000000000e+00,0.000000000000000000e+00
-3.858091115951538086e+00,1.525687217712402344e+01,4.000000000000000000e+00,0.000000000000000000e+00
-4.257914543151855469e+00,1.556570625305175781e+01,4.000000000000000000e+00,0.000000000000000000e+00
-3.859955787658691406e+00,1.553340148925781250e+01,4.000000000000000000e+00,0.000000000000000000e+00
-4.118490219116210938e+00,1.517364406585693359e+01,4.000000000000000000e+00,0.000000000000000000e+00
-3.835785388946533203e+00,1.531223201751708984e+01,4.000000000000000000e+00,0.000000000000000000e+00
-3.943747282028198242e+00,1.556087017059326172e+01,4.000000000000000000e+00,0.000000000000000000e+00
-3.931236028671264648e+00,1.553078746795654297e+01,4.000000000000000000e+00,0.000000000000000000e+00
-4.582173824310302734e+00,1.546877479553222656e+01,4.000000000000000000e+00,0.000000000000000000e+00
-4.616991519927978516e+00,1.534581851959228516e+01,4.000000000000000000e+00,0.000000000000000000e+00
-3.833713769912719727e+00,1.531810855865478516e+01,4.000000000000000000e+00,0.000000000000000000e+00
-4.499895572662353516e+00,1.513633537292480469e+01,4.000000000000000000e+00,0.000000000000000000e+00
-4.459358692169189453e+00,1.522309494018554688e+01,4.000000000000000000e+00,0.000000000000000000e+00
1.725529861450195312e+01,1.109077262878417969e+01,4.000000000000000000e+00,0.000000000000000000e+00
1.719891166687011719e+01,1.116025733947753906e+01,4.000000000000000000e+00,0.000000000000000000e+00
-4.333967685699462891e+00,1.526958847045898438e+01,4.000000000000000000e+00,0.000000000000000000e+00
-4.020443439483642578e+00,1.500666141510009766e+01,4.000000000000000000e+00,0.000000000000000000e+00
-4.082046985626220703e+00,1.542074775695800781e+01,4.000000000000000000e+00,0.000000000000000000e+00
-4.123892784118652344e+00,1.553089904785156250e+01,4.000000000000000000e+00,0.000000000000000000e+00
-4.025301933288574219e+00,1.506995391845703125e+01,4.000000000000000000e+00,0.000000000000000000e+00
-4.449778079986572266e+00,1.520021152496337891e+01,4.000000000000000000e+00,0.000000000000000000e+00
-4.088675975799560547e+00,1.505165481567382812e+01,4.000000000000000000e+00,0.000000000000000000e+00
-4.303683280944824219e+00,1.565768527984619141e+01,4.000000000000000000e+00,0.000000000000000000e+00
-4.124046802520751953e+00,1.508517456054687500e+01,4.000000000000000000e+00,0.000000000000000000e+00
1.729701995849609375e+01,1.105396747589111328e+01,4.000000000000000000e+00,0.000000000000000000e+00
-4.373582363128662109e+00,1.534019851684570312e+01,4.000000000000000000e+00,0.000000000000000000e+00
-4.368488311767578125e+00,1.521693420410156250e+01,4.000000000000000000e+00,0.000000000000000000e+00
-4.483428478240966797e+00,1.526808547973632812e+01,4.000000000000000000e+00,0.000000000000000000e+00
-4.215235233306884766e+00,1.501690483093261719e+01,4.000000000000000000e+00,0.000000000000000000e+00
-3.981592655181884766e+00,1.542555427551269531e+01,4.000000000000000000e+00,0.000000000000000000e+00
-4.689733982086181641e+00,1.541276645660400391e+01,4.000000000000000000e+00,0.000000000000000000e+00
-4.130616664886474609e+00,1.496503543853759766e+01,4.000000000000000000e+00,0.000000000000000000e+00
-4.617498874664306641e+00,1.535978889465332031e+01,4.000000000000000000e+00,0.000000000000000000e+00
-3.963945627212524414e+00,1.537197113037109375e+01,4.000000000000000000e+00,0.000000000000000000e+00
-4.323859214782714844e+00,1.543699455261230469e+01,4.000000000000000000e+00,0.000000000000000000e+00
-4.472567558288574219e+00,1.550459289550781250e+01,4.000000000000000000e+00,0.000000000000000000e+00
-4.505165576934814453e+00,1.552780151367187500e+01,4.000000000000000000e+00,0.000000000000000000e+00
-4.624363422393798828e+00,1.522934436798095703e+01,4.000000000000000000e+00,0.000000000000000000e+00
-4.508266448974609375e+00,1.543737983703613281e+01,4.000000000000000000e+00,0.000000000000000000e+00
-4.194531917572021484e+00,1.505110740661621094e+01,4.000000000000000000e+00,0.000000000000000000e+00
-3.792859792709350586e+00,1.542790985107421875e+01,4.000000000000000000e+00,0.000000000000000000e+00
-4.117949485778808594e+00,1.551046848297119141e+01,4.000000000000000000e+00,0.000000000000000000e+00
-4.504926681518554688e+00,1.534595489501953125e+01,4.000000000000000000e+00,0.000000000000000000e+00
-4.395941734313964844e+00,1.555724811553955078e+01,4.000000000000000000e+00,0.000000000000000000e+00
-3.873219251632690430e+00,1.554617881774902344e+01,4.000000000000000000e+00,0.000000000000000000e+00
-3.744560718536376953e+00,1.537510204315185547e+01,4.000000000000000000e+00,0.000000000000000000e+00
-3.778975009918212891e+00,1.546837425231933594e+01,4.000000000000000000e+00,0.000000000000000000e+00
-4.529775619506835938e+00,1.516684627532958984e+01,4.000000000000000000e+00,0.000000000000000000e+00
-4.387949943542480469e+00,1.518743991851806641e+01,4.000000000000000000e+00,0.000000000000000000e+00
-4.184278964996337891e+00,1.502945423126220703e+01,4.000000000000000000e+00,0.000000000000000000e+00
-4.092676162719726562e+00,1.502866363525390625e+01,4.000000000000000000e+00,0.000000000000000000e+00
-4.154133319854736328e+00,1.553509712219238281e+01,4.000000000000000000e+00,0.000000000000000000e+00
-4.491979598999023438e+00,1.551998424530029297e+01,4.000000000000000000e+00,0.000000000000000000e+00
-3.766150236129760742e+00,1.541621017456054688e+01,4.000000000000000000e+00,0.000000000000000000e+00
-4.552865505218505859e+00,1.558052635192871094e+01,4.000000000000000000e+00,0.000000000000000000e+00
1.710286521911621094e+01,1.128277111053466797e+01,4.000000000000000000e+00,0.000000000000000000e+00
-3.918292522430419922e+00,1.553576278686523438e+01,4.000000000000000000e+00,0.000000000000000000e+00
-4.453017711639404297e+00,1.508963012695312500e+01,4.000000000000000000e+00,0.000000000000000000e+00
-3.859662771224975586e+00,1.554199981689453125e+01,4.000000000000000000e+00,0.000000000000000000e+00
-4.171821117401123047e+00,1.564813613891601562e+01,4.000000000000000000e+00,0.000000000000000000e+00
-4.381072044372558594e+00,1.567887115478515625e+01,4.000000000000000000e+00,0.000000000000000000e+00
-4.387381553649902344e+00,1.521881294250488281e+01,4.000000000000000000e+00,0.000000000000000000e+00
-3.815247535705566406e+00,1.543036651611328125e+01,4.000000000000000000e+00,0.000000000000000000e+00
1.194991493225097656e+01,-1.853474426269531250e+01,5.000000000000000000e+00,0.000000000000000000e+00
1.191588973999023438e+01,-1.876495742797851562e+01,5.000000000000000000e+00,0.000000000000000000e+00
1.210728836059570312e+01,-1.857593345642089844e+01,5.000000000000000000e+00,0.000000000000000000e+00
1.186805248260498047e+01,-1.824597549438476562e+01,5.000000000000000000e+00,0.000000000000000000e+00
1.292982292175292969e+01,-1.835701560974121094e+01,5.000000000000000000e+00,0.000000000000000000e+00
1.163188362121582031e+01,-1.875221443176269531e+01,5.000000000000000000e+00,0.000000000000000000e+00
1.291466808319091797e+01,-1.793796730041503906e+01,5.000000000000000000e+00,0.000000000000000000e+00
1.162642669677734375e+01,-1.868812561035156250e+01,5.000000000000000000e+00,0.000000000000000000e+00
1.303603458404541016e+01,-1.813373374938964844e+01,5.000000000000000000e+00,0.000000000000000000e+00
1.172069168090820312e+01,-1.833221054077148438e+01,5.000000000000000000e+00,0.000000000000000000e+00
1.310091686248779297e+01,-1.830150604248046875e+01,5.000000000000000000e+00,0.000000000000000000e+00
1.299822425842285156e+01,-1.806384849548339844e+01,5.000000000000000000e+00,0.000000000000000000e+00
1.306402111053466797e+01,-1.824743270874023438e+01,5.000000000000000000e+00,0.000000000000000000e+00
1.165255451202392578e+01,-1.867082405090332031e+01,5.000000000000000000e+00,0.000000000000000000e+00
1.308174228668212891e+01,-1.815241241455078125e+01,5.000000000000000000e+00,0.000000000000000000e+00
1.299507141113281250e+01,-1.820181655883789062e+01,5.000000000000000000e+00,0.000000000000000000e+00
1.230832481384277344e+01,-1.852935600280761719e+01,5.000000000000000000e+00,0.000000000000000000e+00
1.166214752197265625e+01,-1.873040199279785156e+01,5.000000000000000000e+00,0.000000000000000000e+00
1.305500984191894531e+01,-1.833864402770996094e+01,5.000000000000000000e+00,0.000000000000000000e+00
1.237285804748535156e+01,-1.818996238708496094e+01,5.000000000000000000e+00,0.000000000000000000e+00
1.244808673858642578e+01,-1.806699180603027344e+01,5.000000000000000000e+00,0.000000000000000000e+00
1.219713592529296875e+01,-1.848414993286132812e+01,5.000000000000000000e+00,0.000000000000000000e+00
1.258221530914306641e+01,-1.795109558105468750e+01,5.000000000000000000e+00,0.000000000000000000e+00
1.302857494354248047e+01,-1.820624542236328125e+01,5.000000000000000000e+00,0.000000000000000000e+00
1.179893493652343750e+01,-1.841749572753906250e+01,5.000000000000000000e+00,0.000000000000000000e+00
1.291771602630615234e+01,-1.797123336791992188e+01,5.000000000000000000e+00,0.000000000000000000e+00
1.172391319274902344e+01,-1.880648040771484375e+01,5.000000000000000000e+00,0.000000000000000000e+00
1.249173641204833984e+01,-1.797949600219726562e+01,5.000000000000000000e+00,0.000000000000000000e+00
1.238030338287353516e+01,-1.799853897094726562e+01,5.000000000000000000e+00,0.000000000000000000e+00
1.245944309234619141e+01,-1.802695655822753906e+01,5.000000000000000000e+00,0.000000000000000000e+00
1.192415046691894531e+01,-1.875409889221191406e+01,5.000000000000000000e+00,0.000000000000000000e+00
1.283732318878173828e+01,-1.828499221801757812e+01,5.000000000000000000e+00,0.000000000000000000e+00
1.273160648345947266e+01,-1.842886924743652344e+01,5.000000000000000000e+00,0.000000000000000000e+00
1.278906631469726562e+01,-1.796644973754882812e+01,5.000000000000000000e+00,0.000000000000000000e+00
1.213361072540283203e+01,-1.866264724731445312e+01,5.000000000000000000e+00,0.000000000000000000e+00
1.230519676208496094e+01,-1.823930931091308594e+01,5.000000000000000000e+00,0.000000000000000000e+00
1.174416065216064453e+01,-1.832016563415527344e+01,5.000000000000000000e+00,0.000000000000000000e+00
1.230274581909179688e+01,-1.855889511108398438e+01,5.000000000000000000e+00,0.000000000000000000e+00
1.272220516204833984e+01,-1.837075233459472656e+01,5.000000000000000000e+00,0.000000000000000000e+00
1.173525238037109375e+01,-1.831627655029296875e+01,5.000000000000000000e+00,0.000000000000000000e+00
1.306440830230712891e+01,-1.823235893249511719e+01,5.000000000000000000e+00,0.000000000000000000e+00
1.228433799743652344e+01,-1.860885047912597656e+01,5.000000000000000000e+00,0.000000000000000000e+00
1.177514839172363281e+01,-1.832419013977050781e+01,5.000000000000000000e+00,0.000000000000000000e+00
1.193895244598388672e+01,-1.824533271789550781e+01,5.000000000000000000e+00,0.000000000000000000e+00
1.295777320861816406e+01,-1.835116386413574219e+01,5.000000000000000000e+00,0.000000000000000000e+00
1.221599292755126953e+01,-1.868251991271972656e+01,5.000000000000000000e+00,0.000000000000000000e+00
1.176982593536376953e+01,-1.877815628051757812e+01,5.000000000000000000e+00,0.000000000000000000e+00
1.286891174316406250e+01,-1.802086830139160156e+01,5.000000000000000000e+00,0.000000000000000000e+00
1.250781917572021484e+01,-1.793408775329589844e+01,5.000000000000000000e+00,0.000000000000000000e+00
1.280202674865722656e+01,-1.832391548156738281e+01,5.000000000000000000e+00,0.000000000000000000e+00
1.293203163146972656e+01,-1.812956619262695312e+01,5.000000000000000000e+00,0.000000000000000000e+00
1.161498355865478516e+01,-1.865350914001464844e+01,5.000000000000000000e+00,0.000000000000000000e+00
1.170115566253662109e+01,-1.874159240722656250e+01,5.000000000000000000e+00,0.000000000000000000e+00
1.174524211883544922e+01,-1.831937599182128906e+01,5.000000000000000000e+00,0.000000000000000000e+00
1.294867706298828125e+01,-1.818303298950195312e+01,5.000000000000000000e+00,0.000000000000000000e+00
1.290643787384033203e+01,-1.801755332946777344e+01,5.000000000000000000e+00,0.000000000000000000e+00
1.164100837707519531e+01,-1.861645126342773438e+01,5.000000000000000000e+00,0.000000000000000000e+00
1.162350082397460938e+01,-1.869979667663574219e+01,5.000000000000000000e+00,0.000000000000000000e+00
1.258007049560546875e+01,-1.838795661926269531e+01,5.000000000000000000e+00,0.000000000000000000e+00
1.282693958282470703e+01,-1.825280952453613281e+01,5.000000000000000000e+00,0.000000000000000000e+00
1.305265235900878906e+01,-1.821739768981933594e+01,5.000000000000000000e+00,0.000000000000000000e+00
1.174424839019775391e+01,-1.877116966247558594e+01,5.000000000000000000e+00,0.000000000000000000e+00
1.170785808563232422e+01,-1.836955451965332031e+01,5.000000000000000000e+00,0.000000000000000000e+00
1.165336418151855469e+01,-1.876103019714355469e+01,5.000000000000000000e+00,0.000000000000000000e+00
1.192192173004150391e+01,-1.876895332336425781e+01,5.000000000000000000e+00,0.000000000000000000e+00
1.697988319396972656e+01,5.137891292572021484e+00,5.000000000000000000e+00,0.000000000000000000e+00
1.288413047790527344e+01,-1.836026573181152344e+01,5.000000000000000000e+00,0.000000000000000000e+00
1.307051277160644531e+01,-1.819503974914550781e+01,5.000000000000000000e+00,0.000000000000000000e+00
1.250620746612548828e+01,-1.848145484924316406e+01,5.000000000000000000e+00,0.000000000000000000e+00
1.181639289855957031e+01,-1.879877662658691406e+01,5.000000000000000000e+00,0.000000000000000000e+00
1.234887123107910156e+01,-1.798899459838867188e+01,5.000000000000000000e+00,0.000000000000000000e+00
1.182440567016601562e+01,-1.879597091674804688e+01,5.000000000000000000e+00,0.000000000000000000e+00
1.292753028869628906e+01,-1.797958564758300781e+01,5.000000000000000000e+00,0.000000000000000000e+00
1.260585880279541016e+01,-1.791968727111816406e+01,5.000000000000000000e+00,0.000000000000000000e+00
1.291023445129394531e+01,-1.827091407775878906e+01,5.000000000000000000e+00,0.000000000000000000e+00
1.197533607482910156e+01,-1.819617271423339844e+01,5.000000000000000000e+00,0.000000000000000000e+00
1.168372249603271484e+01,-1.840695381164550781e+01,5.000000000000000000e+00,0.000000000000000000e+00
1.284257793426513672e+01,-1.794973945617675781e+01,5.000000000000000000e+00,0.000000000000000000e+00
1.186260890960693359e+01,-1.826692008972167969e+01,5.000000000000000000e+00,0.000000000000000000e+00
1.278840160369873047e+01,-1.830149650573730469e+01,5.000000000000000000e+00,0.000000000000000000e+00
1.227967929840087891e+01,-1.831733703613281250e+01,5.000000000000000000e+00,0.000000000000000000e+00
1.288158512115478516e+01,-1.795488929748535156e+01,5.000000000000000000e+00,0.000000000000000000e+00
1.165058994293212891e+01,-1.879430961608886719e+01,5.000000000000000000e+00,0.000000000000000000e+00
1.177050685882568359e+01,-1.883207511901855469e+01,5.000000000000000000e+00,0.000000000000000000e+00
1.307860183715820312e+01,-1.815818023681640625e+01,5.000000000000000000e+00,0.000000000000000000e+00
1.276478481292724609e+01,-1.796639823913574219e+01,5.000000000000000000e+00,0.000000000000000000e+00
1.244048404693603516e+01,-1.805388450622558594e+01,5.000000000000000000e+00,0.000000000000000000e+00
1.187915802001953125e+01,-1.875449371337890625e+01,5.000000000000000000e+00,0.000000000000000000e+00
1.168829631805419922e+01,-1.833769607543945312e+01,5.000000000000000000e+00,0.000000000000000000e+00
1.240136814117431641e+01,-1.818773651123046875e+01,5.000000000000000000e+00,0.000000000000000000e+00
1.207198619842529297e+01,-1.867506599426269531e+01,5.000000000000000000e+00,0.000000000000000000e+00
1.178437423706054688e+01,-1.873498535156250000e+01,5.000000000000000000e+00,0.000000000000000000e+00
1.198895931243896484e+01,-1.818999671936035156e+01,5.000000000000000000e+00,0.000000000000000000e+00
1.251312541961669922e+01,-1.843964195251464844e+01,5.000000000000000000e+00,0.000000000000000000e+00
1.166924571990966797e+01,-1.878159904479980469e+01,5.000000000000000000e+00,0.000000000000000000e+00
1.165537643432617188e+01,-1.849757194519042969e+01,5.000000000000000000e+00,0.000000000000000000e+00
1.164867591857910156e+01,-1.875306510925292969e+01,5.000000000000000000e+00,0.000000000000000000e+00
1.306955146789550781e+01,-1.824794769287109375e+01,5.000000000000000000e+00,0.000000000000000000e+00
1.216117286682128906e+01,-1.868267250061035156e+01,5.000000000000000000e+00,0.000000000000000000e+00
1.292539215087890625e+01,-1.806882476806640625e+01,5.000000000000000000e+00,0.000000000000000000e+00
1.171316432952880859e+01,-1.873651123046875000e+01,5.000000000000000000e+00,0.000000000000000000e+00
1.198167991638183594e+01,-1.851536750793457031e+01,5.000000000000000000e+00,0.000000000000000000e+00
1.261212635040283203e+01,-1.795214080810546875e+01,5.000000000000000000e+00,0.000000000000000000e+00
1.277210235595703125e+01,-1.794130134582519531e+01,5.000000000000000000e+00,0.000000000000000000e+00
1.237172317504882812e+01,-1.803352928161621094e+01,5.000000000000000000e+00,0.000000000000000000e+00
1.262941265106201172e+01,-1.796601867675781250e+01,5.000000000000000000e+00,0.000000000000000000e+00
1.223187065124511719e+01,-1.814618492126464844e+01,5.000000000000000000e+00,0.000000000000000000e+00
1.291464900970458984e+01,-1.794000625610351562e+01,5.000000000000000000e+00,0.000000000000000000e+00
1.163372898101806641e+01,-1.865028762817382812e+01,5.000000000000000000e+00,0.000000000000000000e+00
1.245968723297119141e+01,-1.845556068420410156e+01,5.000000000000000000e+00,0.000000000000000000e+00
1.176229381561279297e+01,-1.874008560180664062e+01,5.000000000000000000e+00,0.000000000000000000e+00
1.256226634979248047e+01,-1.826253890991210938e+01,5.000000000000000000e+00,0.000000000000000000e+00
1.186475658416748047e+01,-1.880488395690917969e+01,5.000000000000000000e+00,0.000000000000000000e+00
1.241895580291748047e+01,-1.857950401306152344e+01,5.000000000000000000e+00,0.000000000000000000e+00
1.233101654052734375e+01,-1.859866905212402344e+01,5.000000000000000000e+00,0.000000000000000000e+00
1.298157501220703125e+01,-1.818000411987304688e+01,5.000000000000000000e+00,0.000000000000000000e+00
1.290396118164062500e+01,-1.804855537414550781e+01,5.000000000000000000e+00,0.000000000000000000e+00
1.223917484283447266e+01,-1.848082542419433594e+01,5.000000000000000000e+00,0.000000000000000000e+00
1.286720752716064453e+01,-1.832171630859375000e+01,5.000000000000000000e+00,0.000000000000000000e+00
1.262445831298828125e+01,-1.794420814514160156e+01,5.000000000000000000e+00,0.000000000000000000e+00
1.268576145172119141e+01,-1.836315155029296875e+01,5.000000000000000000e+00,0.000000000000000000e+00
1.171068668365478516e+01,-1.837271308898925781e+01,5.000000000000000000e+00,0.000000000000000000e+00
1.220563411712646484e+01,-1.830885124206542969e+01,5.000000000000000000e+00,0.000000000000000000e+00
1.245497417449951172e+01,-1.798435783386230469e+01,5.000000000000000000e+00,0.000000000000000000e+00
1.264707469940185547e+01,-1.845520401000976562e+01,5.000000000000000000e+00,0.000000000000000000e+00
1.254443740844726562e+01,-1.793424224853515625e+01,5.000000000000000000e+00,0.000000000000000000e+00
1.175136280059814453e+01,-1.831297111511230469e+01,5.000000000000000000e+00,0.000000000000000000e+00
1.235286426544189453e+01,-1.802265167236328125e+01,5.000000000000000000e+00,0.000000000000000000e+00
1.290367126464843750e+01,-1.795558166503906250e+01,5.000000000000000000e+00,0.000000000000000000e+00
1.231219768524169922e+01,-1.859040451049804688e+01,5.000000000000000000e+00,0.000000000000000000e+00
1.257019996643066406e+01,-1.790567207336425781e+01,5.000000000000000000e+00,0.000000000000000000e+00
1.236470890045166016e+01,-1.815904426574707031e+01,5.000000000000000000e+00,0.000000000000000000e+00
1.170468521118164062e+01,-1.837175750732421875e+01,5.000000000000000000e+00,0.000000000000000000e+00
1.162950515747070312e+01,-1.869532585144042969e+01,5.000000000000000000e+00,0.000000000000000000e+00
1.179034614562988281e+01,-1.877322387695312500e+01,5.000000000000000000e+00,0.000000000000000000e+00
1.196930408477783203e+01,-1.874427986145019531e+01,5.000000000000000000e+00,0.000000000000000000e+00
1.171773910522460938e+01,-1.853616142272949219e+01,5.000000000000000000e+00,0.000000000000000000e+00
1.260051059722900391e+01,-1.792709350585937500e+01,5.000000000000000000e+00,0.000000000000000000e+00
1.250614356994628906e+01,-1.837239646911621094e+01,5.000000000000000000e+00,0.000000000000000000e+00
1.188805294036865234e+01,-1.871161651611328125e+01,5.000000000000000000e+00,0.000000000000000000e+00
1.212311267852783203e+01,-1.864112472534179688e+01,5.000000000000000000e+00,0.000000000000000000e+00
1.282605171203613281e+01,-1.799408149719238281e+01,5.000000000000000000e+00,0.000000000000000000e+00
1.289060783386230469e+01,-1.828705978393554688e+01,5.000000000000000000e+00,0.000000000000000000e+00
1.244440460205078125e+01,-1.838646697998046875e+01,5.000000000000000000e+00,0.000000000000000000e+00
1.198446273803710938e+01,-1.849504280090332031e+01,5.000000000000000000e+00,0.000000000000000000e+00
1.172528934478759766e+01,-1.840861320495605469e+01,5.000000000000000000e+00,0.000000000000000000e+00
1.257295989990234375e+01,-1.800906372070312500e+01,5.000000000000000000e+00,0.000000000000000000e+00
1.187633514404296875e+01,-1.832430267333984375e+01,5.000000000000000000e+00,0.000000000000000000e+00
1.295135974884033203e+01,-1.799369430541992188e+01,5.000000000000000000e+00,0.000000000000000000e+00
1.247166919708251953e+01,-1.847052192687988281e+01,5.000000000000000000e+00,0.000000000000000000e+00
1.259092330932617188e+01,-1.793910408020019531e+01,5.000000000000000000e+00,0.000000000000000000e+00
1.250763511657714844e+01,-1.795085334777832031e+01,5.000000000000000000e+00,0.000000000000000000e+00
1.272424411773681641e+01,-1.835034370422363281e+01,5.000000000000000000e+00,0.000000000000000000e+00
1.194601345062255859e+01,-1.877074623107910156e+01,5.000000000000000000e+00,0.000000000000000000e+00
1.171239280700683594e+01,-1.875966072082519531e+01,5.000000000000000000e+00,0.000000000000000000e+00
1.292457771301269531e+01,-1.796788215637207031e+01,5.000000000000000000e+00,0.000000000000000000e+00
1.166810035705566406e+01,-1.875168037414550781e+01,5.000000000000000000e+00,0.000000000000000000e+00
1.253301048278808594e+01,-1.791857719421386719e+01,5.000000000000000000e+00,0.000000000000000000e+00
1.235809135437011719e+01,-1.813944053649902344e+01,5.000000000000000000e+00,0.000000000000000000e+00
1.162850379943847656e+01,-1.873897933959960938e+01,5.000000000000000000e+00,0.000000000000000000e+00
1.299026870727539062e+01,-1.807946205139160156e+01,5.000000000000000000e+00,0.000000000000000000e+00
1.294852733612060547e+01,-1.808084106445312500e+01,5.000000000000000000e+00,0.000000000000000000e+00
1.224665355682373047e+01,-1.848253059387207031e+01,5.000000000000000000e+00,0.000000000000000000e+00
1.172118282318115234e+01,-1.838658523559570312e+01,5.000000000000000000e+00,0.000000000000000000e+00
1.165511417388916016e+01,-1.877137756347656250e+01,5.000000000000000000e+00,0.000000000000000000e+00
1.283366966247558594e+01,-1.792046165466308594e+01,5.000000000000000000e+00,0.000000000000000000e+00
1.284360313415527344e+01,-1.793317794799804688e+01,5.000000000000000000e+00,0.000000000000000000e+00
1.197301292419433594e+01,-1.877581596374511719e+01,5.000000000000000000e+00,0.000000000000000000e+00
1.178939723968505859e+01,-1.874672126770019531e+01,5.000000000000000000e+00,0.000000000000000000e+00
1.235494327545166016e+01,-1.854913520812988281e+01,5.000000000000000000e+00,0.000000000000000000e+00
1.241015529632568359e+01,-1.850040435791015625e+01,5.000000000000000000e+00,0.000000000000000000e+00
1.269536113739013672e+01,-1.846660232543945312e+01,5.000000000000000000e+00,0.000000000000000000e+00
1.253710269927978516e+01,-1.826579856872558594e+01,5.000000000000000000e+00,0.000000000000000000e+00
1.287590408325195312e+01,-1.813185501098632812e+01,5.000000000000000000e+00,0.000000000000000000e+00
1.256384277343750000e+01,-1.809442901611328125e+01,5.000000000000000000e+00,0.000000000000000000e+00
1.300677967071533203e+01,-1.806893539428710938e+01,5.000000000000000000e+00,0.000000000000000000e+00
1.258434200286865234e+01,-1.845061683654785156e+01,5.000000000000000000e+00,0.000000000000000000e+00
1.284851837158203125e+01,-1.823170089721679688e+01,5.000000000000000000e+00,0.000000000000000000e+00
1.257192134857177734e+01,-1.843019294738769531e+01,5.000000000000000000e+00,0.000000000000000000e+00
1.258297157287597656e+01,-1.822997474670410156e+01,5.000000000000000000e+00,0.000000000000000000e+00
1.199914360046386719e+01,-1.872744369506835938e+01,5.000000000000000000e+00,0.000000000000000000e+00
1.284866714477539062e+01,-1.792829895019531250e+01,5.000000000000000000e+00,0.000000000000000000e+00
1.298701190948486328e+01,-1.807975959777832031e+01,5.000000000000000000e+00,0.000000000000000000e+00
1.260629081726074219e+01,-1.791102218627929688e+01,5.000000000000000000e+00,0.000000000000000000e+00
1.178162479400634766e+01,-1.852555656433105469e+01,5.000000000000000000e+00,0.000000000000000000e+00
1.301452350616455078e+01,-1.828033447265625000e+01,5.000000000000000000e+00,0.000000000000000000e+00
1.217354869842529297e+01,-1.853714942932128906e+01,5.000000000000000000e+00,0.000000000000000000e+00
1.247229290008544922e+01,-1.801640129089355469e+01,5.000000000000000000e+00,0.000000000000000000e+00
1.232729244232177734e+01,-1.806377410888671875e+01,5.000000000000000000e+00,0.000000000000000000e+00
1.185904502868652344e+01,-1.875667572021484375e+01,5.000000000000000000e+00,0.000000000000000000e+00
1.294495773315429688e+01,-1.793338775634765625e+01,5.000000000000000000e+00,0.000000000000000000e+00
1.167964458465576172e+01,-1.868473815917968750e+01,5.000000000000000000e+00,0.000000000000000000e+00
1.306457519531250000e+01,-1.822722434997558594e+01,5.000000000000000000e+00,0.000000000000000000e+00
1.239085102081298828e+01,-1.834008407592773438e+01,5.000000000000000000e+00,0.000000000000000000e+00
1.262793064117431641e+01,-1.787110519409179688e+01,5.000000000000000000e+00,0.000000000000000000e+00
1.171069908142089844e+01,-1.837775421142578125e+01,5.000000000000000000e+00,0.000000000000000000e+00
1.193655395507812500e+01,-1.880128288269042969e+01,5.000000000000000000e+00,0.000000000000000000e+00
1.161493778228759766e+01,-1.856449508666992188e+01,5.000000000000000000e+00,0.000000000000000000e+00
1.240596103668212891e+01,-1.801538276672363281e+01,5.000000000000000000e+00,0.000000000000000000e+00
1.231334018707275391e+01,-1.857307052612304688e+01,5.000000000000000000e+00,0.000000000000000000e+00
1.179975032806396484e+01,-1.878313064575195312e+01,5.000000000000000000e+00,0.000000000000000000e+00
1.224514102935791016e+01,-1.852715492248535156e+01,5.000000000000000000e+00,0.000000000000000000e+00
1.266926479339599609e+01,-1.840653991699218750e+01,5.000000000000000000e+00,0.000000000000000000e+00
1.286478424072265625e+01,-1.796080398559570312e+01,5.000000000000000000e+00,0.000000000000000000e+00
1.289155769348144531e+01,-1.804692459106445312e+01,5.000000000000000000e+00,0.000000000000000000e+00
1.169215965270996094e+01,-1.838293457031250000e+01,5.000000000000000000e+00,0.000000000000000000e+00
1.289328002929687500e+01,-1.793634223937988281e+01,5.000000000000000000e+00,0.000000000000000000e+00
1.239837741851806641e+01,-1.818602943420410156e+01,5.000000000000000000e+00,0.000000000000000000e+00
1.277771568298339844e+01,-1.841588973999023438e+01,5.000000000000000000e+00,0.000000000000000000e+00
1.297624206542968750e+01,-1.790245628356933594e+01,5.000000000000000000e+00,0.000000000000000000e+00
-8.154688835144042969e+00,8.271119117736816406e+00,6.000000000000000000e+00,0.000000000000000000e+00
-8.119029998779296875e+00,7.911017894744873047e+00,6.000000000000000000e+00,0.000000000000000000e+00
-8.126038551330566406e+00,8.356602668762207031e+00,6.000000000000000000e+00,0.000000000000000000e+00
-7.818204879760742188e+00,8.240876197814941406e+00,6.000000000000000000e+00,0.000000000000000000e+00
-7.443951129913330078e+00,8.749210357666015625e+00,6.000000000000000000e+00,0.000000000000000000e+00
-7.482294082641601562e+00,8.762779235839843750e+00,6.000000000000000000e+00,0.000000000000000000e+00
-7.824385643005371094e+00,8.040945053100585938e+00,6.000000000000000000e+00,0.000000000000000000e+00
-8.097000122070312500e+00,7.593126296997070312e+00,6.000000000000000000e+00,0.000000000000000000e+00
-8.164374351501464844e+00,7.726593494415283203e+00,6.000000000000000000e+00,0.000000000000000000e+00
-7.521222591400146484e+00,8.782072067260742188e+00,6.000000000000000000e+00,0.000000000000000000e+00
-7.687545776367187500e+00,8.497509002685546875e+00,6.000000000000000000e+00,0.000000000000000000e+00
-7.724720478057861328e+00,8.836024284362792969e+00,6.000000000000000000e+00,0.000000000000000000e+00
-8.122994422912597656e+00,7.625703334808349609e+00,6.000000000000000000e+00,0.000000000000000000e+00
-7.837967872619628906e+00,8.081663131713867188e+00,6.000000000000000000e+00,0.000000000000000000e+00
-7.579995632171630859e+00,8.766678810119628906e+00,6.000000000000000000e+00,0.000000000000000000e+00
-8.222790718078613281e+00,7.981328487396240234e+00,6.000000000000000000e+00,0.000000000000000000e+00
-7.993197917938232422e+00,8.628534317016601562e+00,6.000000000000000000e+00,0.000000000000000000e+00
-8.014013290405273438e+00,8.643833160400390625e+00,6.000000000000000000e+00,0.000000000000000000e+00
-7.975602626800537109e+00,8.718681335449218750e+00,6.000000000000000000e+00,0.000000000000000000e+00
-7.499563217163085938e+00,8.796293258666992188e+00,6.000000000000000000e+00,0.000000000000000000e+00
-8.047831535339355469e+00,7.632558822631835938e+00,6.000000000000000000e+00,0.000000000000000000e+00
-7.863867282867431641e+00,8.600642204284667969e+00,6.000000000000000000e+00,0.000000000000000000e+00
-7.677219390869140625e+00,8.383151054382324219e+00,6.000000000000000000e+00,0.000000000000000000e+00
-7.666985988616943359e+00,8.294805526733398438e+00,6.000000000000000000e+00,0.000000000000000000e+00
-7.550628662109375000e+00,8.782625198364257812e+00,6.000000000000000000e+00,0.000000000000000000e+00
-7.864470005035400391e+00,8.123012542724609375e+00,6.000000000000000000e+00,0.000000000000000000e+00
-8.153090476989746094e+00,7.795175075531005859e+00,6.000000000000000000e+00,0.000000000000000000e+00
-7.515835762023925781e+00,8.740539550781250000e+00,6.000000000000000000e+00,0.000000000000000000e+00
-7.687401294708251953e+00,8.367790222167968750e+00,6.000000000000000000e+00,0.000000000000000000e+00
-7.866466522216796875e+00,7.865079402923583984e+00,6.000000000000000000e+00,0.000000000000000000e+00
-7.564021110534667969e+00,8.438281059265136719e+00,6.000000000000000000e+00,0.000000000000000000e+00
-7.561016559600830078e+00,8.797775268554687500e+00,6.000000000000000000e+00,0.000000000000000000e+00
-7.488394737243652344e+00,8.784708023071289062e+00,6.000000000000000000e+00,0.000000000000000000e+00
-8.048459053039550781e+00,7.690872669219970703e+00,6.000000000000000000e+00,0.000000000000000000e+00
-8.127392768859863281e+00,7.631869792938232422e+00,6.000000000000000000e+00,0.000000000000000000e+00
-8.174000740051269531e+00,8.150233268737792969e+00,6.000000000000000000e+00,0.000000000000000000e+00
-7.972400188446044922e+00,8.648423194885253906e+00,6.000000000000000000e+00,0.000000000000000000e+00
-7.904831409454345703e+00,8.009158134460449219e+00,6.000000000000000000e+00,0.000000000000000000e+00
-8.054162979125976562e+00,8.121578216552734375e+00,6.000000000000000000e+00,0.000000000000000000e+00
-7.890599250793457031e+00,8.193360328674316406e+00,6.000000000000000000e+00,0.000000000000000000e+00
-8.066052436828613281e+00,8.078171730041503906e+00,6.000000000000000000e+00,0.000000000000000000e+00
-7.973588943481445312e+00,7.860996246337890625e+00,6.000000000000000000e+00,0.000000000000000000e+00
-8.044260978698730469e+00,7.874186992645263672e+00,6.000000000000000000e+00,0.000000000000000000e+00
-7.759041786193847656e+00,8.844130516052246094e+00,6.000000000000000000e+00,0.000000000000000000e+00
-8.110492706298828125e+00,8.397550582885742188e+00,6.000000000000000000e+00,0.000000000000000000e+00
-7.970542907714843750e+00,8.667727470397949219e+00,6.000000000000000000e+00,0.000000000000000000e+00
-7.565660476684570312e+00,8.475131988525390625e+00,6.000000000000000000e+00,0.000000000000000000e+00
-8.171607017517089844e+00,8.196344375610351562e+00,6.000000000000000000e+00,0.000000000000000000e+00
-7.474055290222167969e+00,8.769701004028320312e+00,6.000000000000000000e+00,0.000000000000000000e+00
-7.507930755615234375e+00,8.788669586181640625e+00,6.000000000000000000e+00,0.000000000000000000e+00
-8.117037773132324219e+00,7.611244678497314453e+00,6.000000000000000000e+00,0.000000000000000000e+00
-7.810925960540771484e+00,8.282961845397949219e+00,6.000000000000000000e+00,0.000000000000000000e+00
-8.203365325927734375e+00,7.951790809631347656e+00,6.000000000000000000e+00,0.000000000000000000e+00
-8.090461730957031250e+00,7.932148456573486328e+00,6.000000000000000000e+00,0.000000000000000000e+00
-8.007285118103027344e+00,7.690871238708496094e+00,6.000000000000000000e+00,0.000000000000000000e+00
-8.107359886169433594e+00,7.940114974975585938e+00,6.000000000000000000e+00,0.000000000000000000e+00
-8.210794448852539062e+00,7.979324817657470703e+00,6.000000000000000000e+00,0.000000000000000000e+00
-7.605124473571777344e+00,8.298097610473632812e+00,6.000000000000000000e+00,0.000000000000000000e+00
-8.123233795166015625e+00,7.754945278167724609e+00,6.000000000000000000e+00,0.000000000000000000e+00
-8.099258422851562500e+00,7.688091278076171875e+00,6.000000000000000000e+00,0.000000000000000000e+00
-7.734222888946533203e+00,8.334650039672851562e+00,6.000000000000000000e+00,0.000000000000000000e+00
-7.513468265533447266e+00,8.721544265747070312e+00,6.000000000000000000e+00,0.000000000000000000e+00
-8.113386154174804688e+00,8.200384140014648438e+00,6.000000000000000000e+00,0.000000000000000000e+00
-8.134817123413085938e+00,7.787294864654541016e+00,6.000000000000000000e+00,0.000000000000000000e+00
-7.994757652282714844e+00,7.717027187347412109e+00,6.000000000000000000e+00,0.000000000000000000e+00
-7.577570438385009766e+00,8.656630516052246094e+00,6.000000000000000000e+00,0.000000000000000000e+00
-7.861071586608886719e+00,8.773410797119140625e+00,6.000000000000000000e+00,0.000000000000000000e+00
-8.147640228271484375e+00,7.676465988159179688e+00,6.000000000000000000e+00,0.000000000000000000e+00
-7.780869960784912109e+00,8.293915748596191406e+00,6.000000000000000000e+00,0.000000000000000000e+00
-8.185496330261230469e+00,7.723505496978759766e+00,6.000000000000000000e+00,0.000000000000000000e+00
-7.487820148468017578e+00,8.743304252624511719e+00,6.000000000000000000e+00,0.000000000000000000e+00
-7.539924144744873047e+00,8.813855171203613281e+00,6.000000000000000000e+00,0.000000000000000000e+00
-7.532707214355468750e+00,8.452068328857421875e+00,6.000000000000000000e+00,0.000000000000000000e+00
-7.945543289184570312e+00,8.724213600158691406e+00,6.000000000000000000e+00,0.000000000000000000e+00
-8.017315864562988281e+00,8.724478721618652344e+00,6.000000000000000000e+00,0.000000000000000000e+00
-7.923816204071044922e+00,8.692739486694335938e+00,6.000000000000000000e+00,0.000000000000000000e+00
-7.684616565704345703e+00,8.815128326416015625e+00,6.000000000000000000e+00,0.000000000000000000e+00
-7.582619190216064453e+00,8.720276832580566406e+00,6.000000000000000000e+00,0.000000000000000000e+00
-8.009508132934570312e+00,8.690620422363281250e+00,6.000000000000000000e+00,0.000000000000000000e+00
-8.120773315429687500e+00,7.631790161132812500e+00,6.000000000000000000e+00,0.000000000000000000e+00
-7.825553417205810547e+00,8.225728988647460938e+00,6.000000000000000000e+00,0.000000000000000000e+00
-7.528739929199218750e+00,8.815774917602539062e+00,6.000000000000000000e+00,0.000000000000000000e+00
-7.805252075195312500e+00,8.809457778930664062e+00,6.000000000000000000e+00,0.000000000000000000e+00
-7.497241020202636719e+00,8.612348556518554688e+00,6.000000000000000000e+00,0.000000000000000000e+00
-8.154440879821777344e+00,7.737552642822265625e+00,6.000000000000000000e+00,0.000000000000000000e+00
-7.921150684356689453e+00,8.128963470458984375e+00,6.000000000000000000e+00,0.000000000000000000e+00
-8.215846061706542969e+00,7.846656799316406250e+00,6.000000000000000000e+00,0.000000000000000000e+00
-8.054170608520507812e+00,8.258222579956054688e+00,6.000000000000000000e+00,0.000000000000000000e+00
-8.107579231262207031e+00,7.605543613433837891e+00,6.000000000000000000e+00,0.000000000000000000e+00
-7.968593120574951172e+00,8.706404685974121094e+00,6.000000000000000000e+00,0.000000000000000000e+00
-8.081028938293457031e+00,8.187814712524414062e+00,6.000000000000000000e+00,0.000000000000000000e+00
-8.146115303039550781e+00,7.854103088378906250e+00,6.000000000000000000e+00,0.000000000000000000e+00
-8.195662498474121094e+00,8.170058250427246094e+00,6.000000000000000000e+00,0.000000000000000000e+00
-7.709734439849853516e+00,8.339324951171875000e+00,6.000000000000000000e+00,0.000000000000000000e+00
-7.896440505981445312e+00,7.849283218383789062e+00,6.000000000000000000e+00,0.000000000000000000e+00
-7.834366321563720703e+00,8.760931968688964844e+00,6.000000000000000000e+00,0.000000000000000000e+00
-7.837410449981689453e+00,7.948296546936035156e+00,6.000000000000000000e+00,0.000000000000000000e+00
-8.053788185119628906e+00,8.102889060974121094e+00,6.000000000000000000e+00,0.000000000000000000e+00
-7.727309226989746094e+00,8.173117637634277344e+00,6.000000000000000000e+00,0.000000000000000000e+00
-7.538025379180908203e+00,8.768625259399414062e+00,6.000000000000000000e+00,0.000000000000000000e+00
-8.001235961914062500e+00,8.667346954345703125e+00,6.000000000000000000e+00,0.000000000000000000e+00
-7.488612174987792969e+00,8.782526969909667969e+00,6.000000000000000000e+00,0.000000000000000000e+00
-7.615074634552001953e+00,8.823248863220214844e+00,6.000000000000000000e+00,0.000000000000000000e+00
-8.124457359313964844e+00,7.705183506011962891e+00,6.000000000000000000e+00,0.000000000000000000e+00
-7.667941093444824219e+00,8.338017463684082031e+00,6.000000000000000000e+00,0.000000000000000000e+00
-7.477087020874023438e+00,8.799308776855468750e+00,6.000000000000000000e+00,0.000000000000000000e+00
-7.898317813873291016e+00,7.794712066650390625e+00,6.000000000000000000e+00,0.000000000000000000e+00
-7.863839149475097656e+00,8.103698730468750000e+00,6.000000000000000000e+00,0.000000000000000000e+00
-7.664848327636718750e+00,8.665806770324707031e+00,6.000000000000000000e+00,0.000000000000000000e+00
-7.792352676391601562e+00,8.572333335876464844e+00,6.000000000000000000e+00,0.000000000000000000e+00
-7.809063434600830078e+00,8.365321159362792969e+00,6.000000000000000000e+00,0.000000000000000000e+00
-8.122577667236328125e+00,7.612067699432373047e+00,6.000000000000000000e+00,0.000000000000000000e+00
-8.203619956970214844e+00,8.033505439758300781e+00,6.000000000000000000e+00,0.000000000000000000e+00
-8.077360153198242188e+00,7.637344360351562500e+00,6.000000000000000000e+00,0.000000000000000000e+00
-7.846295833587646484e+00,8.053624153137207031e+00,6.000000000000000000e+00,0.000000000000000000e+00
-7.980495929718017578e+00,8.762087821960449219e+00,6.000000000000000000e+00,0.000000000000000000e+00
-7.924503326416015625e+00,8.740048408508300781e+00,6.000000000000000000e+00,0.000000000000000000e+00
-7.894948959350585938e+00,8.699602127075195312e+00,6.000000000000000000e+00,0.000000000000000000e+00
-8.115711212158203125e+00,7.597840309143066406e+00,6.000000000000000000e+00,0.000000000000000000e+00
-7.805791378021240234e+00,8.392050743103027344e+00,6.000000000000000000e+00,0.000000000000000000e+00
-7.768232345581054688e+00,8.538847923278808594e+00,6.000000000000000000e+00,0.000000000000000000e+00
-7.793099403381347656e+00,8.318138122558593750e+00,6.000000000000000000e+00,0.000000000000000000e+00
-8.193913459777832031e+00,7.902216911315917969e+00,6.000000000000000000e+00,0.000000000000000000e+00
-8.078023910522460938e+00,7.631091117858886719e+00,6.000000000000000000e+00,0.000000000000000000e+00
-7.692759037017822266e+00,8.326220512390136719e+00,6.000000000000000000e+00,0.000000000000000000e+00
-7.997486591339111328e+00,8.496039390563964844e+00,6.000000000000000000e+00,0.000000000000000000e+00
-7.867635250091552734e+00,7.944914817810058594e+00,6.000000000000000000e+00,0.000000000000000000e+00
-8.016240119934082031e+00,8.675560951232910156e+00,6.000000000000000000e+00,0.000000000000000000e+00
-7.639641761779785156e+00,8.520750045776367188e+00,6.000000000000000000e+00,0.000000000000000000e+00
-7.967401027679443359e+00,8.219437599182128906e+00,6.000000000000000000e+00,0.000000000000000000e+00
-7.744957923889160156e+00,8.123770713806152344e+00,6.000000000000000000e+00,0.000000000000000000e+00
-8.078698158264160156e+00,7.589503288269042969e+00,6.000000000000000000e+00,0.000000000000000000e+00
-7.848405838012695312e+00,7.990793228149414062e+00,6.000000000000000000e+00,0.000000000000000000e+00
-8.055764198303222656e+00,8.353831291198730469e+00,6.000000000000000000e+00,0.000000000000000000e+00
-7.492956161499023438e+00,8.806952476501464844e+00,6.000000000000000000e+00,0.000000000000000000e+00
-7.803979396820068359e+00,8.153838157653808594e+00,6.000000000000000000e+00,0.000000000000000000e+00
-8.136866569519042969e+00,8.341528892517089844e+00,6.000000000000000000e+00,0.000000000000000000e+00
-7.514280319213867188e+00,8.785159111022949219e+00,6.000000000000000000e+00,0.000000000000000000e+00
-7.810797214508056641e+00,8.690161705017089844e+00,6.000000000000000000e+00,0.000000000000000000e+00
-7.842817306518554688e+00,8.765898704528808594e+00,6.000000000000000000e+00,0.000000000000000000e+00
-8.062466621398925781e+00,8.521791458129882812e+00,6.000000000000000000e+00,0.000000000000000000e+00
-7.587973594665527344e+00,8.661550521850585938e+00,6.000000000000000000e+00,0.000000000000000000e+00
-7.959003448486328125e+00,8.005225181579589844e+00,6.000000000000000000e+00,0.000000000000000000e+00
-7.658370971679687500e+00,8.342950820922851562e+00,6.000000000000000000e+00,0.000000000000000000e+00
-7.888222694396972656e+00,7.927532672882080078e+00,6.000000000000000000e+00,0.000000000000000000e+00
-8.157607078552246094e+00,7.728871345520019531e+00,6.000000000000000000e+00,0.000000000000000000e+00
-7.896433353424072266e+00,8.641684532165527344e+00,6.000000000000000000e+00,0.000000000000000000e+00
-7.997263431549072266e+00,8.573101043701171875e+00,6.000000000000000000e+00,0.000000000000000000e+00
-8.141720771789550781e+00,7.873725891113281250e+00,6.000000000000000000e+00,0.000000000000000000e+00
-8.233900070190429688e+00,8.122307777404785156e+00,6.000000000000000000e+00,0.000000000000000000e+00
-7.924105167388916016e+00,8.175666809082031250e+00,6.000000000000000000e+00,0.000000000000000000e+00
-7.801128387451171875e+00,7.949240207672119141e+00,6.000000000000000000e+00,0.000000000000000000e+00
-7.703555107116699219e+00,8.221414566040039062e+00,6.000000000000000000e+00,0.000000000000000000e+00
-7.500670433044433594e+00,8.812201499938964844e+00,6.000000000000000000e+00,0.000000000000000000e+00
-8.066028594970703125e+00,8.626776695251464844e+00,6.000000000000000000e+00,0.000000000000000000e+00
-8.101768493652343750e+00,7.626294612884521484e+00,6.000000000000000000e+00,0.000000000000000000e+00
-7.514274120330810547e+00,8.725141525268554688e+00,6.000000000000000000e+00,0.000000000000000000e+00
-8.002255439758300781e+00,8.608586311340332031e+00,6.000000000000000000e+00,0.000000000000000000e+00
-8.178378105163574219e+00,8.202690124511718750e+00,6.000000000000000000e+00,0.000000000000000000e+00
-7.726592540740966797e+00,8.256053924560546875e+00,6.000000000000000000e+00,0.000000000000000000e+00
-8.083154678344726562e+00,7.664781093597412109e+00,6.000000000000000000e+00,0.000000000000000000e+00
-7.989422321319580078e+00,8.695325851440429688e+00,6.000000000000000000e+00,0.000000000000000000e+00
-7.623695373535156250e+00,8.352941513061523438e+00,6.000000000000000000e+00,0.000000000000000000e+00
-8.111707687377929688e+00,7.643424510955810547e+00,6.000000000000000000e+00,0.000000000000000000e+00
-8.211336135864257812e+00,7.724494457244873047e+00,6.000000000000000000e+00,0.000000000000000000e+00
-7.680562973022460938e+00,8.391503334045410156e+00,6.000000000000000000e+00,0.000000000000000000e+00
-7.958493709564208984e+00,8.665904045104980469e+00,6.000000000000000000e+00,0.000000000000000000e+00
-7.982345581054687500e+00,8.673139572143554688e+00,6.000000000000000000e+00,0.000000000000000000e+00
-7.948450088500976562e+00,8.771195411682128906e+00,6.000000000000000000e+00,0.000000000000000000e+00
-8.034441947937011719e+00,8.051956176757812500e+00,6.000000000000000000e+00,0.000000000000000000e+00
-8.103372573852539062e+00,7.798997402191162109e+00,6.000000000000000000e+00,0.000000000000000000e+00
-7.568387508392333984e+00,8.464472770690917969e+00,6.000000000000000000e+00,0.000000000000000000e+00
-7.636298656463623047e+00,8.204281806945800781e+00,6.000000000000000000e+00,0.000000000000000000e+00
-7.567446708679199219e+00,8.541642189025878906e+00,6.000000000000000000e+00,0.000000000000000000e+00
-8.096844673156738281e+00,7.721755504608154297e+00,6.000000000000000000e+00,0.000000000000000000e+00
-8.058105468750000000e+00,8.319998741149902344e+00,6.000000000000000000e+00,0.000000000000000000e+00
-8.098274230957031250e+00,7.589722633361816406e+00,6.000000000000000000e+00,0.000000000000000000e+00
-8.088238716125488281e+00,7.629776477813720703e+00,6.000000000000000000e+00,0.000000000000000000e+00
-7.981860160827636719e+00,8.735303878784179688e+00,6.000000000000000000e+00,0.000000000000000000e+00
-8.031333923339843750e+00,8.176914215087890625e+00,6.000000000000000000e+00,0.000000000000000000e+00
-8.088809013366699219e+00,7.680662631988525391e+00,6.000000000000000000e+00,0.000000000000000000e+00
-8.126442909240722656e+00,7.730520725250244141e+00,6.000000000000000000e+00,0.000000000000000000e+00
-8.214482307434082031e+00,8.164018630981445312e+00,6.000000000000000000e+00,0.000000000000000000e+00
-7.988660335540771484e+00,8.708394050598144531e+00,6.000000000000000000e+00,0.000000000000000000e+00
-8.106887817382812500e+00,7.685876846313476562e+00,6.000000000000000000e+00,0.000000000000000000e+00
-7.802389144897460938e+00,8.154967308044433594e+00,6.000000000000000000e+00,0.000000000000000000e+00
-8.064088821411132812e+00,7.961569786071777344e+00,6.000000000000000000e+00,0.000000000000000000e+00
-8.026191711425781250e+00,8.206675529479980469e+00,6.000000000000000000e+00,0.000000000000000000e+00
-7.574756622314453125e+00,8.772580146789550781e+00,6.000000000000000000e+00,0.000000000000000000e+00
-7.816834449768066406e+00,8.531349182128906250e+00,6.000000000000000000e+00,0.000000000000000000e+00
-7.914259433746337891e+00,8.790548324584960938e+00,6.000000000000000000e+00,0.000000000000000000e+00
-7.899696826934814453e+00,8.196863174438476562e+00,6.000000000000000000e+00,0.000000000000000000e+00
-7.967771530151367188e+00,7.748106002807617188e+00,6.000000000000000000e+00,0.000000000000000000e+00
-8.070214271545410156e+00,8.279820442199707031e+00,6.000000000000000000e+00,0.000000000000000000e+00
-7.906629562377929688e+00,8.771710395812988281e+00,6.000000000000000000e+00,0.000000000000000000e+00
-7.511294364929199219e+00,8.807660102844238281e+00,6.000000000000000000e+00,0.000000000000000000e+00
-8.036802291870117188e+00,8.130969047546386719e+00,6.000000000000000000e+00,0.000000000000000000e+00
-8.087658882141113281e+00,7.672705650329589844e+00,6.000000000000000000e+00,0.000000000000000000e+00
-8.129918098449707031e+00,8.004222869873046875e+00,6.000000000000000000e+00,0.000000000000000000e+00
-7.614203929901123047e+00,8.811328887939453125e+00,6.000000000000000000e+00,0.000000000000000000e+00
-8.213834762573242188e+00,8.109432220458984375e+00,6.000000000000000000e+00,0.000000000000000000e+00
-7.968387126922607422e+00,8.027721405029296875e+00,6.000000000000000000e+00,0.000000000000000000e+00
-8.050577163696289062e+00,7.889465332031250000e+00,6.000000000000000000e+00,0.000000000000000000e+00
-8.149841308593750000e+00,8.256999015808105469e+00,6.000000000000000000e+00,0.000000000000000000e+00
-8.186895370483398438e+00,7.727802753448486328e+00,6.000000000000000000e+00,0.000000000000000000e+00
-8.008412361145019531e+00,8.265905380249023438e+00,6.000000000000000000e+00,0.000000000000000000e+00
-8.101134300231933594e+00,7.618257045745849609e+00,6.000000000000000000e+00,0.000000000000000000e+00
-8.119500160217285156e+00,7.611226081848144531e+00,6.000000000000000000e+00,0.000000000000000000e+00
-8.111844062805175781e+00,8.362347602844238281e+00,6.000000000000000000e+00,0.000000000000000000e+00
-8.135971069335937500e+00,7.617121696472167969e+00,6.000000000000000000e+00,0.000000000000000000e+00
7.477248668670654297e+00,1.796510124206542969e+01,7.000000000000000000e+00,0.000000000000000000e+00
7.421435356140136719e+00,1.803896713256835938e+01,7.000000000000000000e+00,0.000000000000000000e+00
8.209784507751464844e+00,1.867571449279785156e+01,7.000000000000000000e+00,0.000000000000000000e+00
7.544838905334472656e+00,1.787661743164062500e+01,7.000000000000000000e+00,0.000000000000000000e+00
7.950470924377441406e+00,1.787948608398437500e+01,7.000000000000000000e+00,0.000000000000000000e+00
7.969994068145751953e+00,1.882282447814941406e+01,7.000000000000000000e+00,0.000000000000000000e+00
8.201516151428222656e+00,1.865899276733398438e+01,7.000000000000000000e+00,0.000000000000000000e+00
7.535029888153076172e+00,1.792794990539550781e+01,7.000000000000000000e+00,0.000000000000000000e+00
8.063723564147949219e+00,1.756368637084960938e+01,7.000000000000000000e+00,0.000000000000000000e+00
8.222299575805664062e+00,1.862074661254882812e+01,7.000000000000000000e+00,0.000000000000000000e+00
7.519943714141845703e+00,1.768125152587890625e+01,7.000000000000000000e+00,0.000000000000000000e+00
8.141042709350585938e+00,1.762398147583007812e+01,7.000000000000000000e+00,0.000000000000000000e+00
7.620376586914062500e+00,1.810434913635253906e+01,7.000000000000000000e+00,0.000000000000000000e+00
7.555383682250976562e+00,1.781431198120117188e+01,7.000000000000000000e+00,0.000000000000000000e+00
7.257746219635009766e+00,1.785852432250976562e+01,7.000000000000000000e+00,0.000000000000000000e+00
8.059521675109863281e+00,1.862352371215820312e+01,7.000000000000000000e+00,0.000000000000000000e+00
7.878096580505371094e+00,1.883159255981445312e+01,7.000000000000000000e+00,0.000000000000000000e+00
7.923605442047119141e+00,1.894798469543457031e+01,7.000000000000000000e+00,0.000000000000000000e+00
7.911749839782714844e+00,1.755838394165039062e+01,7.000000000000000000e+00,0.000000000000000000e+00
8.066370010375976562e+00,1.811284637451171875e+01,7.000000000000000000e+00,0.000000000000000000e+00
8.064749717712402344e+00,1.768850898742675781e+01,7.000000000000000000e+00,0.000000000000000000e+00
8.173408508300781250e+00,1.868701171875000000e+01,7.000000000000000000e+00,0.000000000000000000e+00
7.900552272796630859e+00,1.794089889526367188e+01,7.000000000000000000e+00,0.000000000000000000e+00
7.487725734710693359e+00,1.781537055969238281e+01,7.000000000000000000e+00,0.000000000000000000e+00
7.540611743927001953e+00,1.768889808654785156e+01,7.000000000000000000e+00,0.000000000000000000e+00
7.521506309509277344e+00,1.784214591979980469e+01,7.000000000000000000e+00,0.000000000000000000e+00
7.523362636566162109e+00,1.798570060729980469e+01,7.000000000000000000e+00,0.000000000000000000e+00
8.158519744873046875e+00,1.871962928771972656e+01,7.000000000000000000e+00,0.000000000000000000e+00
7.947605609893798828e+00,1.884231567382812500e+01,7.000000000000000000e+00,0.000000000000000000e+00
7.968640804290771484e+00,1.878771781921386719e+01,7.000000000000000000e+00,0.000000000000000000e+00
8.089655876159667969e+00,1.768432044982910156e+01,7.000000000000000000e+00,0.000000000000000000e+00
7.612827777862548828e+00,1.781338882446289062e+01,7.000000000000000000e+00,0.000000000000000000e+00
7.522405147552490234e+00,1.808050155639648438e+01,7.000000000000000000e+00,0.000000000000000000e+00
8.022542953491210938e+00,1.802699089050292969e+01,7.000000000000000000e+00,0.000000000000000000e+00
8.149137496948242188e+00,1.785397529602050781e+01,7.000000000000000000e+00,0.000000000000000000e+00
7.514313220977783203e+00,1.775562667846679688e+01,7.000000000000000000e+00,0.000000000000000000e+00
7.695775032043457031e+00,1.789080429077148438e+01,7.000000000000000000e+00,0.000000000000000000e+00
7.552904605865478516e+00,1.811877250671386719e+01,7.000000000000000000e+00,0.000000000000000000e+00
7.883175849914550781e+00,1.852292060852050781e+01,7.000000000000000000e+00,0.000000000000000000e+00
8.002283096313476562e+00,1.874544525146484375e+01,7.000000000000000000e+00,0.000000000000000000e+00
7.439500331878662109e+00,1.793592643737792969e+01,7.000000000000000000e+00,0.000000000000000000e+00
7.970422267913818359e+00,1.754120826721191406e+01,7.000000000000000000e+00,0.000000000000000000e+00
8.058681488037109375e+00,1.771725082397460938e+01,7.000000000000000000e+00,0.000000000000000000e+00
7.927875041961669922e+00,1.757893562316894531e+01,7.000000000000000000e+00,0.000000000000000000e+00
8.205976486206054688e+00,1.864931297302246094e+01,7.000000000000000000e+00,0.000000000000000000e+00
8.198472976684570312e+00,1.866935348510742188e+01,7.000000000000000000e+00,0.000000000000000000e+00
7.290819168090820312e+00,1.794697189331054688e+01,7.000000000000000000e+00,0.000000000000000000e+00
7.979360103607177734e+00,1.756712913513183594e+01,7.000000000000000000e+00,0.000000000000000000e+00
7.443550109863281250e+00,1.799720573425292969e+01,7.000000000000000000e+00,0.000000000000000000e+00
7.464422702789306641e+00,1.795280075073242188e+01,7.000000000000000000e+00,0.000000000000000000e+00
7.276559829711914062e+00,1.796900939941406250e+01,7.000000000000000000e+00,0.000000000000000000e+00
7.613185882568359375e+00,1.814338302612304688e+01,7.000000000000000000e+00,0.000000000000000000e+00
7.354519367218017578e+00,1.801356506347656250e+01,7.000000000000000000e+00,0.000000000000000000e+00
7.920015811920166016e+00,1.895829010009765625e+01,7.000000000000000000e+00,0.000000000000000000e+00
7.966895580291748047e+00,1.782371139526367188e+01,7.000000000000000000e+00,0.000000000000000000e+00
7.924363136291503906e+00,1.895246696472167969e+01,7.000000000000000000e+00,0.000000000000000000e+00
8.093553543090820312e+00,1.768723106384277344e+01,7.000000000000000000e+00,0.000000000000000000e+00
8.156247138977050781e+00,1.794929122924804688e+01,7.000000000000000000e+00,0.000000000000000000e+00
7.754901885986328125e+00,1.803657341003417969e+01,7.000000000000000000e+00,0.000000000000000000e+00
7.875294685363769531e+00,1.767339134216308594e+01,7.000000000000000000e+00,0.000000000000000000e+00
8.057950019836425781e+00,1.774763488769531250e+01,7.000000000000000000e+00,0.000000000000000000e+00
8.200836181640625000e+00,1.866345596313476562e+01,7.000000000000000000e+00,0.000000000000000000e+00
7.903314113616943359e+00,1.882773590087890625e+01,7.000000000000000000e+00,0.000000000000000000e+00
7.959494590759277344e+00,1.756771278381347656e+01,7.000000000000000000e+00,0.000000000000000000e+00
8.145838737487792969e+00,1.768315315246582031e+01,7.000000000000000000e+00,0.000000000000000000e+00
7.616682529449462891e+00,1.759467506408691406e+01,7.000000000000000000e+00,0.000000000000000000e+00
7.567486286163330078e+00,1.806754112243652344e+01,7.000000000000000000e+00,0.000000000000000000e+00
7.904650211334228516e+00,1.856173324584960938e+01,7.000000000000000000e+00,0.000000000000000000e+00
7.726932525634765625e+00,1.845133781433105469e+01,7.000000000000000000e+00,0.000000000000000000e+00
7.922461509704589844e+00,1.892761611938476562e+01,7.000000000000000000e+00,0.000000000000000000e+00
8.146231651306152344e+00,1.753680610656738281e+01,7.000000000000000000e+00,0.000000000000000000e+00
7.930989742279052734e+00,1.894637870788574219e+01,7.000000000000000000e+00,0.000000000000000000e+00
8.099211692810058594e+00,1.747832870483398438e+01,7.000000000000000000e+00,0.000000000000000000e+00
7.271378040313720703e+00,1.790692710876464844e+01,7.000000000000000000e+00,0.000000000000000000e+00
7.918761253356933594e+00,1.877087402343750000e+01,7.000000000000000000e+00,0.000000000000000000e+00
7.428578853607177734e+00,1.805090332031250000e+01,7.000000000000000000e+00,0.000000000000000000e+00
7.694359302520751953e+00,1.841536903381347656e+01,7.000000000000000000e+00,0.000000000000000000e+00
7.964195251464843750e+00,1.888289642333984375e+01,7.000000000000000000e+00,0.000000000000000000e+00
8.010101318359375000e+00,1.768050575256347656e+01,7.000000000000000000e+00,0.000000000000000000e+00
8.153553962707519531e+00,1.766470718383789062e+01,7.000000000000000000e+00,0.000000000000000000e+00
7.487472057342529297e+00,1.810080337524414062e+01,7.000000000000000000e+00,0.000000000000000000e+00
7.722554206848144531e+00,1.847105026245117188e+01,7.000000000000000000e+00,0.000000000000000000e+00
7.508780002593994141e+00,1.766085624694824219e+01,7.000000000000000000e+00,0.000000000000000000e+00
7.673498153686523438e+00,1.783381652832031250e+01,7.000000000000000000e+00,0.000000000000000000e+00
7.764020442962646484e+00,1.756806182861328125e+01,7.000000000000000000e+00,0.000000000000000000e+00
8.013709068298339844e+00,1.801136779785156250e+01,7.000000000000000000e+00,0.000000000000000000e+00
7.405415058135986328e+00,1.777655029296875000e+01,7.000000000000000000e+00,0.000000000000000000e+00
7.921879768371582031e+00,1.895613670349121094e+01,7.000000000000000000e+00,0.000000000000000000e+00
7.955107688903808594e+00,1.887819671630859375e+01,7.000000000000000000e+00,0.000000000000000000e+00
7.290270328521728516e+00,1.791741752624511719e+01,7.000000000000000000e+00,0.000000000000000000e+00
7.707260131835937500e+00,1.838599014282226562e+01,7.000000000000000000e+00,0.000000000000000000e+00
8.057726860046386719e+00,1.822218513488769531e+01,7.000000000000000000e+00,0.000000000000000000e+00
7.487204551696777344e+00,1.815231513977050781e+01,7.000000000000000000e+00,0.000000000000000000e+00
8.180724143981933594e+00,1.854608154296875000e+01,7.000000000000000000e+00,0.000000000000000000e+00
7.546250820159912109e+00,1.772635650634765625e+01,7.000000000000000000e+00,0.000000000000000000e+00
8.063325881958007812e+00,1.769534492492675781e+01,7.000000000000000000e+00,0.000000000000000000e+00
7.971910476684570312e+00,1.876928520202636719e+01,7.000000000000000000e+00,0.000000000000000000e+00
7.282496452331542969e+00,1.791205978393554688e+01,7.000000000000000000e+00,0.000000000000000000e+00
7.988268852233886719e+00,1.783732032775878906e+01,7.000000000000000000e+00,0.000000000000000000e+00
7.880660057067871094e+00,1.749289703369140625e+01,7.000000000000000000e+00,0.000000000000000000e+00
8.133581161499023438e+00,1.791869163513183594e+01,7.000000000000000000e+00,0.000000000000000000e+00
7.927294254302978516e+00,1.892300415039062500e+01,7.000000000000000000e+00,0.000000000000000000e+00
7.901204109191894531e+00,1.749730110168457031e+01,7.000000000000000000e+00,0.000000000000000000e+00
7.923161506652832031e+00,1.884053993225097656e+01,7.000000000000000000e+00,0.000000000000000000e+00
7.992250442504882812e+00,1.876421737670898438e+01,7.000000000000000000e+00,0.000000000000000000e+00
7.456792354583740234e+00,1.772709465026855469e+01,7.000000000000000000e+00,0.000000000000000000e+00
7.646336555480957031e+00,1.830631637573242188e+01,7.000000000000000000e+00,0.000000000000000000e+00
7.869177818298339844e+00,1.743988990783691406e+01,7.000000000000000000e+00,0.000000000000000000e+00
7.483212471008300781e+00,1.795279884338378906e+01,7.000000000000000000e+00,0.000000000000000000e+00
8.136920928955078125e+00,1.775509262084960938e+01,7.000000000000000000e+00,0.000000000000000000e+00
8.135890007019042969e+00,1.761359596252441406e+01,7.000000000000000000e+00,0.000000000000000000e+00
7.916303634643554688e+00,1.750710105895996094e+01,7.000000000000000000e+00,0.000000000000000000e+00
7.938555717468261719e+00,1.752046775817871094e+01,7.000000000000000000e+00,0.000000000000000000e+00
7.894405364990234375e+00,1.748521041870117188e+01,7.000000000000000000e+00,0.000000000000000000e+00
7.489160060882568359e+00,1.800530624389648438e+01,7.000000000000000000e+00,0.000000000000000000e+00
8.132324218750000000e+00,1.771279144287109375e+01,7.000000000000000000e+00,0.000000000000000000e+00
7.289861679077148438e+00,1.793529891967773438e+01,7.000000000000000000e+00,0.000000000000000000e+00
7.903080463409423828e+00,1.768655967712402344e+01,7.000000000000000000e+00,0.000000000000000000e+00
7.546004295349121094e+00,1.809509658813476562e+01,7.000000000000000000e+00,0.000000000000000000e+00
7.933136940002441406e+00,1.897192764282226562e+01,7.000000000000000000e+00,0.000000000000000000e+00
7.515771865844726562e+00,1.798629951477050781e+01,7.000000000000000000e+00,0.000000000000000000e+00
7.640887260437011719e+00,1.838771247863769531e+01,7.000000000000000000e+00,0.000000000000000000e+00
7.934768676757812500e+00,1.886525726318359375e+01,7.000000000000000000e+00,0.000000000000000000e+00
7.904688835144042969e+00,1.764570236206054688e+01,7.000000000000000000e+00,0.000000000000000000e+00
8.049081802368164062e+00,1.823184013366699219e+01,7.000000000000000000e+00,0.000000000000000000e+00
8.135375022888183594e+00,1.760203361511230469e+01,7.000000000000000000e+00,0.000000000000000000e+00
7.464098930358886719e+00,1.794049453735351562e+01,7.000000000000000000e+00,0.000000000000000000e+00
7.924513816833496094e+00,1.849593734741210938e+01,7.000000000000000000e+00,0.000000000000000000e+00
7.534301280975341797e+00,1.801054573059082031e+01,7.000000000000000000e+00,0.000000000000000000e+00
8.140439033508300781e+00,1.772093582153320312e+01,7.000000000000000000e+00,0.000000000000000000e+00
8.040394783020019531e+00,1.748980903625488281e+01,7.000000000000000000e+00,0.000000000000000000e+00
7.508026599884033203e+00,1.790769958496093750e+01,7.000000000000000000e+00,0.000000000000000000e+00
7.944927692413330078e+00,1.891651344299316406e+01,7.000000000000000000e+00,0.000000000000000000e+00
7.627049922943115234e+00,1.795961189270019531e+01,7.000000000000000000e+00,0.000000000000000000e+00
7.455858707427978516e+00,1.812250137329101562e+01,7.000000000000000000e+00,0.000000000000000000e+00
8.082542419433593750e+00,1.768800354003906250e+01,7.000000000000000000e+00,0.000000000000000000e+00
8.175960540771484375e+00,1.870857810974121094e+01,7.000000000000000000e+00,0.000000000000000000e+00
7.634931564331054688e+00,1.757933807373046875e+01,7.000000000000000000e+00,0.000000000000000000e+00
7.492046356201171875e+00,1.792826652526855469e+01,7.000000000000000000e+00,0.000000000000000000e+00
7.651843070983886719e+00,1.832977104187011719e+01,7.000000000000000000e+00,0.000000000000000000e+00
8.142448425292968750e+00,1.787978744506835938e+01,7.000000000000000000e+00,0.000000000000000000e+00
7.809095382690429688e+00,1.814869689941406250e+01,7.000000000000000000e+00,0.000000000000000000e+00
7.800437927246093750e+00,1.854347419738769531e+01,7.000000000000000000e+00,0.000000000000000000e+00
7.855169773101806641e+00,1.855915260314941406e+01,7.000000000000000000e+00,0.000000000000000000e+00
7.807029724121093750e+00,1.759694099426269531e+01,7.000000000000000000e+00,0.000000000000000000e+00
8.079251289367675781e+00,1.780855751037597656e+01,7.000000000000000000e+00,0.000000000000000000e+00
7.978671073913574219e+00,1.876393318176269531e+01,7.000000000000000000e+00,0.000000000000000000e+00
8.033821105957031250e+00,1.777783393859863281e+01,7.000000000000000000e+00,0.000000000000000000e+00
7.532522201538085938e+00,1.806010246276855469e+01,7.000000000000000000e+00,0.000000000000000000e+00
7.952906608581542969e+00,1.759816360473632812e+01,7.000000000000000000e+00,0.000000000000000000e+00
7.747253417968750000e+00,1.847243309020996094e+01,7.000000000000000000e+00,0.000000000000000000e+00
7.280190944671630859e+00,1.793516731262207031e+01,7.000000000000000000e+00,0.000000000000000000e+00
8.025056838989257812e+00,1.874885368347167969e+01,7.000000000000000000e+00,0.000000000000000000e+00
8.101621627807617188e+00,1.766697883605957031e+01,7.000000000000000000e+00,0.000000000000000000e+00
7.955581188201904297e+00,1.883729553222656250e+01,7.000000000000000000e+00,0.000000000000000000e+00
7.675705432891845703e+00,1.840770339965820312e+01,7.000000000000000000e+00,0.000000000000000000e+00
7.471368312835693359e+00,1.770894622802734375e+01,7.000000000000000000e+00,0.000000000000000000e+00
8.124447822570800781e+00,1.752503776550292969e+01,7.000000000000000000e+00,0.000000000000000000e+00
7.555015563964843750e+00,1.764722251892089844e+01,7.000000000000000000e+00,0.000000000000000000e+00
7.514286994934082031e+00,1.782812500000000000e+01,7.000000000000000000e+00,0.000000000000000000e+00
7.335102081298828125e+00,1.802267456054687500e+01,7.000000000000000000e+00,0.000000000000000000e+00
7.380600452423095703e+00,1.800277328491210938e+01,7.000000000000000000e+00,0.000000000000000000e+00
7.957824707031250000e+00,1.843491554260253906e+01,7.000000000000000000e+00,0.000000000000000000e+00
7.436798572540283203e+00,1.807523536682128906e+01,7.000000000000000000e+00,0.000000000000000000e+00
7.712182044982910156e+00,1.844918060302734375e+01,7.000000000000000000e+00,0.000000000000000000e+00
7.943704128265380859e+00,1.748948478698730469e+01,7.000000000000000000e+00,0.000000000000000000e+00
7.549038887023925781e+00,1.764042091369628906e+01,7.000000000000000000e+00,0.000000000000000000e+00
7.906481742858886719e+00,1.899128723144531250e+01,7.000000000000000000e+00,0.000000000000000000e+00
7.519548416137695312e+00,1.771865081787109375e+01,7.000000000000000000e+00,0.000000000000000000e+00
7.339679241180419922e+00,1.802638816833496094e+01,7.000000000000000000e+00,0.000000000000000000e+00
7.901937961578369141e+00,1.887189102172851562e+01,7.000000000000000000e+00,0.000000000000000000e+00
7.833096981048583984e+00,1.744208335876464844e+01,7.000000000000000000e+00,0.000000000000000000e+00
8.142847061157226562e+00,1.765945434570312500e+01,7.000000000000000000e+00,0.000000000000000000e+00
8.025851249694824219e+00,1.826149940490722656e+01,7.000000000000000000e+00,0.000000000000000000e+00
7.316635608673095703e+00,1.786746215820312500e+01,7.000000000000000000e+00,0.000000000000000000e+00
7.534542560577392578e+00,1.786984062194824219e+01,7.000000000000000000e+00,0.000000000000000000e+00
8.155485153198242188e+00,1.870111465454101562e+01,7.000000000000000000e+00,0.000000000000000000e+00
7.938269615173339844e+00,1.764498710632324219e+01,7.000000000000000000e+00,0.000000000000000000e+00
7.529036998748779297e+00,1.758272743225097656e+01,7.000000000000000000e+00,0.000000000000000000e+00
7.810204982757568359e+00,1.855178642272949219e+01,7.000000000000000000e+00,0.000000000000000000e+00
7.444580078125000000e+00,1.767286491394042969e+01,7.000000000000000000e+00,0.000000000000000000e+00
7.281491279602050781e+00,1.792008590698242188e+01,7.000000000000000000e+00,0.000000000000000000e+00
7.810378551483154297e+00,1.848006439208984375e+01,7.000000000000000000e+00,0.000000000000000000e+00
8.085261344909667969e+00,1.752411460876464844e+01,7.000000000000000000e+00,0.000000000000000000e+00
7.938667297363281250e+00,1.890245628356933594e+01,7.000000000000000000e+00,0.000000000000000000e+00
7.804852008819580078e+00,1.853792190551757812e+01,7.000000000000000000e+00,0.000000000000000000e+00
8.139431953430175781e+00,1.750074958801269531e+01,7.000000000000000000e+00,0.000000000000000000e+00
7.597069740295410156e+00,1.759780311584472656e+01,7.000000000000000000e+00,0.000000000000000000e+00
7.931891918182373047e+00,1.890318489074707031e+01,7.000000000000000000e+00,0.000000000000000000e+00
8.068227767944335938e+00,1.751446342468261719e+01,7.000000000000000000e+00,0.000000000000000000e+00
8.192914962768554688e+00,1.867852020263671875e+01,7.000000000000000000e+00,0.000000000000000000e+00
8.152776718139648438e+00,1.760739517211914062e+01,7.000000000000000000e+00,0.000000000000000000e+00
8.039280891418457031e+00,1.870676231384277344e+01,7.000000000000000000e+00,0.000000000000000000e+00
7.417114734649658203e+00,1.788521385192871094e+01,7.000000000000000000e+00,0.000000000000000000e+00
7.305585861206054688e+00,1.788134956359863281e+01,7.000000000000000000e+00,0.000000000000000000e+00
7.745378971099853516e+00,1.825948905944824219e+01,7.000000000000000000e+00,0.000000000000000000e+00
7.382206439971923828e+00,1.780125236511230469e+01,7.000000000000000000e+00,0.000000000000000000e+00
7.874789237976074219e+00,1.841914176940917969e+01,7.000000000000000000e+00,0.000000000000000000e+00
7.827626705169677734e+00,1.811982536315917969e+01,7.000000000000000000e+00,0.000000000000000000e+00
8.065170288085937500e+00,1.819219207763671875e+01,7.000000000000000000e+00,0.000000000000000000e+00
8.078161239624023438e+00,1.769402694702148438e+01,7.000000000000000000e+00,0.000000000000000000e+00
8.044625282287597656e+00,1.771209144592285156e+01,7.000000000000000000e+00,0.000000000000000000e+00
7.366245269775390625e+00,1.800852012634277344e+01,7.000000000000000000e+00,0.000000000000000000e+00
7.913651943206787109e+00,1.889260864257812500e+01,7.000000000000000000e+00,0.000000000000000000e+00
8.082440376281738281e+00,1.748947334289550781e+01,7.000000000000000000e+00,0.000000000000000000e+00
7.729360580444335938e+00,1.848363685607910156e+01,7.000000000000000000e+00,0.000000000000000000e+00
7.342639923095703125e+00,1.804499053955078125e+01,7.000000000000000000e+00,0.000000000000000000e+00
7.947820186614990234e+00,1.894469642639160156e+01,7.000000000000000000e+00,0.000000000000000000e+00
7.635244846343994141e+00,1.785316085815429688e+01,7.000000000000000000e+00,0.000000000000000000e+00
7.463442325592041016e+00,1.794161033630371094e+01,7.000000000000000000e+00,0.000000000000000000e+00
3.745936870574951172e+00,-1.272203922271728516e+00,8.000000000000000000e+00,0.000000000000000000e+00
3.439597368240356445e+00,-1.429792046546936035e-01,8.000000000000000000e+00,0.000000000000000000e+00
3.661010503768920898e+00,-6.117153763771057129e-01,8.000000000000000000e+00,0.000000000000000000e+00
3.264049053192138672e+00,-9.486124850809574127e-03,8.000000000000000000e+00,0.000000000000000000e+00
3.922713279724121094e+00,-1.157367348670959473e+00,8.000000000000000000e+00,0.000000000000000000e+00
3.320241928100585938e+00,-3.953944519162178040e-02,8.000000000000000000e+00,0.000000000000000000e+00
3.426192760467529297e+00,-9.911423176527023315e-02,8.000000000000000000e+00,0.000000000000000000e+00
3.845912218093872070e+00,-9.487190246582031250e-01,8.000000000000000000e+00,0.000000000000000000e+00
3.233345985412597656e+00,4.031763672828674316e-01,8.000000000000000000e+00,0.000000000000000000e+00
3.945374727249145508e+00,-1.291235089302062988e+00,8.000000000000000000e+00,0.000000000000000000e+00
3.689970493316650391e+00,-1.697980463504791260e-01,8.000000000000000000e+00,0.000000000000000000e+00
3.923187494277954102e+00,-9.953374266624450684e-01,8.000000000000000000e+00,0.000000000000000000e+00
3.745599746704101562e+00,-3.202065527439117432e-01,8.000000000000000000e+00,0.000000000000000000e+00
3.366811037063598633e+00,1.787099242210388184e-01,8.000000000000000000e+00,0.000000000000000000e+00
3.418810367584228516e+00,-6.094847992062568665e-02,8.000000000000000000e+00,0.000000000000000000e+00
3.781902790069580078e+00,-6.886754035949707031e-01,8.000000000000000000e+00,0.000000000000000000e+00
3.236940622329711914e+00,3.698742985725402832e-01,8.000000000000000000e+00,0.000000000000000000e+00
4.023094177246093750e+00,-1.216098427772521973e+00,8.000000000000000000e+00,0.000000000000000000e+00
3.681535720825195312e+00,1.428054273128509521e-02,8.000000000000000000e+00,0.000000000000000000e+00
4.004039287567138672e+00,-1.151107192039489746e+00,8.000000000000000000e+00,0.000000000000000000e+00
3.245851993560791016e+00,3.816914558410644531e-01,8.000000000000000000e+00,0.000000000000000000e+00
3.678515672683715820e+00,-4.321439266204833984e-01,8.000000000000000000e+00,0.000000000000000000e+00
3.428419113159179688e+00,-2.157923877239227295e-01,8.000000000000000000e+00,0.000000000000000000e+00
3.526876926422119141e+00,-2.578223645687103271e-01,8.000000000000000000e+00,0.000000000000000000e+00
3.380817890167236328e+00,-1.000971570611000061e-01,8.000000000000000000e+00,0.000000000000000000e+00
3.937166929244995117e+00,-1.321037292480468750e+00,8.000000000000000000e+00,0.000000000000000000e+00
3.247019767761230469e+00,3.563477098941802979e-01,8.000000000000000000e+00,0.000000000000000000e+00
3.342881917953491211e+00,3.193376362323760986e-01,8.000000000000000000e+00,0.000000000000000000e+00
3.638143301010131836e+00,-3.486706018447875977e-01,8.000000000000000000e+00,0.000000000000000000e+00
3.808278083801269531e+00,-8.339229822158813477e-01,8.000000000000000000e+00,0.000000000000000000e+00
3.742644071578979492e+00,-3.432959616184234619e-01,8.000000000000000000e+00,0.000000000000000000e+00
3.398288726806640625e+00,1.743943095207214355e-01,8.000000000000000000e+00,0.000000000000000000e+00
3.715945005416870117e+00,-5.845028162002563477e-01,8.000000000000000000e+00,0.000000000000000000e+00
3.746114969253540039e+00,-3.326720297336578369e-01,8.000000000000000000e+00,0.000000000000000000e+00
3.280873537063598633e+00,4.199122190475463867e-01,8.000000000000000000e+00,0.000000000000000000e+00
3.330576419830322266e+00,-1.067536026239395142e-01,8.000000000000000000e+00,0.000000000000000000e+00
3.263831138610839844e+00,3.531495928764343262e-01,8.000000000000000000e+00,0.000000000000000000e+00
3.388887405395507812e+00,2.727983891963958740e-01,8.000000000000000000e+00,0.000000000000000000e+00
3.257594108581542969e+00,3.761564493179321289e-01,8.000000000000000000e+00,0.000000000000000000e+00
3.785428047180175781e+00,-7.989084124565124512e-01,8.000000000000000000e+00,0.000000000000000000e+00
3.999805212020874023e+00,-1.129619002342224121e+00,8.000000000000000000e+00,0.000000000000000000e+00
3.779023885726928711e+00,-4.878683388233184814e-01,8.000000000000000000e+00,0.000000000000000000e+00
3.788535833358764648e+00,-5.166114568710327148e-01,8.000000000000000000e+00,0.000000000000000000e+00
3.715523242950439453e+00,-1.266414403915405273e+00,8.000000000000000000e+00,0.000000000000000000e+00
3.437482118606567383e+00,-1.414299607276916504e-01,8.000000000000000000e+00,0.000000000000000000e+00
3.259964227676391602e+00,-3.545490652322769165e-02,8.000000000000000000e+00,0.000000000000000000e+00
3.919053792953491211e+00,-1.257537603378295898e+00,8.000000000000000000e+00,0.000000000000000000e+00
3.750947237014770508e+00,-8.002688884735107422e-01,8.000000000000000000e+00,0.000000000000000000e+00
3.702045679092407227e+00,-4.212248623371124268e-01,8.000000000000000000e+00,0.000000000000000000e+00
4.028604984283447266e+00,-1.219749331474304199e+00,8.000000000000000000e+00,0.000000000000000000e+00
3.304017782211303711e+00,3.514082729816436768e-02,8.000000000000000000e+00,0.000000000000000000e+00
3.249801158905029297e+00,3.831128478050231934e-01,8.000000000000000000e+00,0.000000000000000000e+00
3.407827615737915039e+00,-9.103213995695114136e-02,8.000000000000000000e+00,0.000000000000000000e+00
3.631193161010742188e+00,-3.915108144283294678e-01,8.000000000000000000e+00,0.000000000000000000e+00
3.536954641342163086e+00,-4.374178051948547363e-01,8.000000000000000000e+00,0.000000000000000000e+00
3.865129470825195312e+00,-8.952563405036926270e-01,8.000000000000000000e+00,0.000000000000000000e+00
3.369003057479858398e+00,2.688692882657051086e-02,8.000000000000000000e+00,0.000000000000000000e+00
3.774988174438476562e+00,-4.856462180614471436e-01,8.000000000000000000e+00,0.000000000000000000e+00
3.230598449707031250e+00,-7.257424294948577881e-03,8.000000000000000000e+00,0.000000000000000000e+00
3.896623849868774414e+00,-1.302315235137939453e+00,8.000000000000000000e+00,0.000000000000000000e+00
3.758614063262939453e+00,-3.594390749931335449e-01,8.000000000000000000e+00,0.000000000000000000e+00
3.937715768814086914e+00,-1.295315265655517578e+00,8.000000000000000000e+00,0.000000000000000000e+00
3.225140333175659180e+00,9.937717020511627197e-02,8.000000000000000000e+00,0.000000000000000000e+00
3.293775081634521484e+00,4.441687464714050293e-01,8.000000000000000000e+00,0.000000000000000000e+00
3.241061449050903320e+00,3.781314790248870850e-01,8.000000000000000000e+00,0.000000000000000000e+00
3.494992494583129883e+00,-2.691745460033416748e-01,8.000000000000000000e+00,0.000000000000000000e+00
3.287881135940551758e+00,2.397502511739730835e-01,8.000000000000000000e+00,0.000000000000000000e+00
3.446581125259399414e+00,-1.163063794374465942e-01,8.000000000000000000e+00,0.000000000000000000e+00
3.997439622879028320e+00,-1.225767374038696289e+00,8.000000000000000000e+00,0.000000000000000000e+00
3.279444932937622070e+00,1.660536378622055054e-01,8.000000000000000000e+00,0.000000000000000000e+00
3.681292295455932617e+00,-5.160397384315729141e-03,8.000000000000000000e+00,0.000000000000000000e+00
4.010365486145019531e+00,-1.222297072410583496e+00,8.000000000000000000e+00,0.000000000000000000e+00
3.775797605514526367e+00,-1.287127971649169922e+00,8.000000000000000000e+00,0.000000000000000000e+00
3.286114215850830078e+00,2.446576505899429321e-01,8.000000000000000000e+00,0.000000000000000000e+00
3.376212835311889648e+00,2.499691247940063477e-01,8.000000000000000000e+00,0.000000000000000000e+00
3.544067859649658203e+00,-4.813814461231231689e-01,8.000000000000000000e+00,0.000000000000000000e+00
3.712944746017456055e+00,-6.977450102567672729e-02,8.000000000000000000e+00,0.000000000000000000e+00
3.652894973754882812e+00,1.270046830177307129e-02,8.000000000000000000e+00,0.000000000000000000e+00
3.428753137588500977e+00,1.453898940235376358e-02,8.000000000000000000e+00,0.000000000000000000e+00
3.814998865127563477e+00,-8.086572885513305664e-01,8.000000000000000000e+00,0.000000000000000000e+00
4.005589962005615234e+00,-1.156873345375061035e+00,8.000000000000000000e+00,0.000000000000000000e+00
3.608174800872802734e+00,-4.284192919731140137e-01,8.000000000000000000e+00,0.000000000000000000e+00
3.675733327865600586e+00,-4.205879271030426025e-01,8.000000000000000000e+00,0.000000000000000000e+00
3.204996347427368164e+00,2.480358034372329712e-01,8.000000000000000000e+00,0.000000000000000000e+00
3.222242116928100586e+00,4.112280607223510742e-01,8.000000000000000000e+00,0.000000000000000000e+00
3.436962127685546875e+00,1.282737404108047485e-01,8.000000000000000000e+00,0.000000000000000000e+00
3.445641517639160156e+00,-2.328396216034889221e-02,8.000000000000000000e+00,0.000000000000000000e+00
3.751069307327270508e+00,-6.552045345306396484e-01,8.000000000000000000e+00,0.000000000000000000e+00
3.719274044036865234e+00,-7.082473635673522949e-01,8.000000000000000000e+00,0.000000000000000000e+00
3.709366798400878906e+00,-1.242017149925231934e+00,8.000000000000000000e+00,0.000000000000000000e+00
3.604119539260864258e+00,1.055559888482093811e-01,8.000000000000000000e+00,0.000000000000000000e+00
3.252956867218017578e+00,9.276630729436874390e-02,8.000000000000000000e+00,0.000000000000000000e+00
3.222849130630493164e+00,3.927576243877410889e-01,8.000000000000000000e+00,0.000000000000000000e+00
3.425695180892944336e+00,-1.282518059015274048e-01,8.000000000000000000e+00,0.000000000000000000e+00
3.781649589538574219e+00,-7.011526226997375488e-01,8.000000000000000000e+00,0.000000000000000000e+00
3.419764518737792969e+00,2.177241593599319458e-01,8.000000000000000000e+00,0.000000000000000000e+00
3.553432941436767578e+00,1.107506006956100464e-01,8.000000000000000000e+00,0.000000000000000000e+00
3.430022001266479492e+00,-1.404442489147186279e-01,8.000000000000000000e+00,0.000000000000000000e+00
3.409179449081420898e+00,-1.368124634027481079e-01,8.000000000000000000e+00,0.000000000000000000e+00
3.813755750656127930e+00,-8.415194153785705566e-01,8.000000000000000000e+00,0.000000000000000000e+00
3.287266016006469727e+00,3.983565866947174072e-01,8.000000000000000000e+00,0.000000000000000000e+00
3.309667587280273438e+00,-7.771708816289901733e-02,8.000000000000000000e+00,0.000000000000000000e+00
3.746871709823608398e+00,-6.042211651802062988e-01,8.000000000000000000e+00,0.000000000000000000e+00
3.801477670669555664e+00,-6.820334196090698242e-01,8.000000000000000000e+00,0.000000000000000000e+00
3.228496074676513672e+00,4.136225208640098572e-02,8.000000000000000000e+00,0.000000000000000000e+00
3.350722551345825195e+00,-1.695418506860733032e-01,8.000000000000000000e+00,0.000000000000000000e+00
3.395158052444458008e+00,-2.484992593526840210e-01,8.000000000000000000e+00,0.000000000000000000e+00
3.726324319839477539e+00,-3.769552707672119141e-01,8.000000000000000000e+00,0.000000000000000000e+00
3.229197502136230469e+00,3.257761895656585693e-01,8.000000000000000000e+00,0.000000000000000000e+00
3.665926218032836914e+00,2.238759025931358337e-02,8.000000000000000000e+00,0.000000000000000000e+00
3.236385345458984375e+00,3.675661087036132812e-01,8.000000000000000000e+00,0.000000000000000000e+00
3.361503601074218750e+00,2.680010199546813965e-01,8.000000000000000000e+00,0.000000000000000000e+00
3.604265451431274414e+00,-2.872176235541701317e-03,8.000000000000000000e+00,0.000000000000000000e+00
3.291471481323242188e+00,3.172101676464080811e-01,8.000000000000000000e+00,0.000000000000000000e+00
3.793770313262939453e+00,-9.530671238899230957e-01,8.000000000000000000e+00,0.000000000000000000e+00
3.565067052841186523e+00,-3.630866706371307373e-01,8.000000000000000000e+00,0.000000000000000000e+00
3.883199930191040039e+00,-1.241972446441650391e+00,8.000000000000000000e+00,0.000000000000000000e+00
3.423651695251464844e+00,-1.453438401222229004e-01,8.000000000000000000e+00,0.000000000000000000e+00
3.317768096923828125e+00,-9.768755733966827393e-02,8.000000000000000000e+00,0.000000000000000000e+00
3.602855920791625977e+00,-5.542490482330322266e-01,8.000000000000000000e+00,0.000000000000000000e+00
3.457332611083984375e+00,1.642370522022247314e-01,8.000000000000000000e+00,0.000000000000000000e+00
3.960399866104125977e+00,-1.128250718116760254e+00,8.000000000000000000e+00,0.000000000000000000e+00
3.382939100265502930e+00,-2.077217847108840942e-01,8.000000000000000000e+00,0.000000000000000000e+00
3.668046951293945312e+00,-3.926538228988647461e-01,8.000000000000000000e+00,0.000000000000000000e+00
3.801170587539672852e+00,-1.186514019966125488e+00,8.000000000000000000e+00,0.000000000000000000e+00
3.798503875732421875e+00,-9.937047958374023438e-01,8.000000000000000000e+00,0.000000000000000000e+00
3.475769519805908203e+00,-1.786240190267562866e-01,8.000000000000000000e+00,0.000000000000000000e+00
3.403637409210205078e+00,-6.019669026136398315e-02,8.000000000000000000e+00,0.000000000000000000e+00
3.505328893661499023e+00,-2.883915603160858154e-01,8.000000000000000000e+00,0.000000000000000000e+00
3.812907218933105469e+00,-1.190073966979980469e+00,8.000000000000000000e+00,0.000000000000000000e+00
3.888667345046997070e+00,-1.288538098335266113e+00,8.000000000000000000e+00,0.000000000000000000e+00
4.036680698394775391e+00,-1.177172899246215820e+00,8.000000000000000000e+00,0.000000000000000000e+00
3.621984481811523438e+00,4.146511480212211609e-02,8.000000000000000000e+00,0.000000000000000000e+00
3.494173288345336914e+00,-2.784361243247985840e-01,8.000000000000000000e+00,0.000000000000000000e+00
3.448919534683227539e+00,-2.353801876306533813e-01,8.000000000000000000e+00,0.000000000000000000e+00
3.686626195907592773e+00,-4.941541254520416260e-01,8.000000000000000000e+00,0.000000000000000000e+00
3.993395328521728516e+00,-1.123270511627197266e+00,8.000000000000000000e+00,0.000000000000000000e+00
3.767564296722412109e+00,-1.259694337844848633e+00,8.000000000000000000e+00,0.000000000000000000e+00
3.729559183120727539e+00,-7.915694117546081543e-01,8.000000000000000000e+00,0.000000000000000000e+00
4.018400192260742188e+00,-1.218903422355651855e+00,8.000000000000000000e+00,0.000000000000000000e+00
3.266661405563354492e+00,-2.647958695888519287e-02,8.000000000000000000e+00,0.000000000000000000e+00
3.301763534545898438e+00,2.877333164215087891e-01,8.000000000000000000e+00,0.000000000000000000e+00
3.598284482955932617e+00,-5.766887664794921875e-01,8.000000000000000000e+00,0.000000000000000000e+00
3.394420385360717773e+00,2.408169507980346680e-01,8.000000000000000000e+00,0.000000000000000000e+00
3.267878293991088867e+00,3.857904672622680664e-01,8.000000000000000000e+00,0.000000000000000000e+00
4.006551265716552734e+00,-1.226360440254211426e+00,8.000000000000000000e+00,0.000000000000000000e+00
3.776024580001831055e+00,-5.311026573181152344e-01,8.000000000000000000e+00,0.000000000000000000e+00
3.320989608764648438e+00,3.059453368186950684e-01,8.000000000000000000e+00,0.000000000000000000e+00
3.670032501220703125e+00,-4.085535705089569092e-01,8.000000000000000000e+00,0.000000000000000000e+00
3.246699810028076172e+00,3.912110924720764160e-01,8.000000000000000000e+00,0.000000000000000000e+00
3.511654376983642578e+00,1.687781363725662231e-01,8.000000000000000000e+00,0.000000000000000000e+00
3.492573261260986328e+00,4.134863987565040588e-02,8.000000000000000000e+00,0.000000000000000000e+00
3.335199594497680664e+00,2.974230945110321045e-01,8.000000000000000000e+00,0.000000000000000000e+00
3.724884510040283203e+00,-1.266288757324218750e+00,8.000000000000000000e+00,0.000000000000000000e+00
3.994665384292602539e+00,-1.216187834739685059e+00,8.000000000000000000e+00,0.000000000000000000e+00
3.825114965438842773e+00,-8.011498451232910156e-01,8.000000000000000000e+00,0.000000000000000000e+00
3.298160552978515625e+00,3.404996991157531738e-01,8.000000000000000000e+00,0.000000000000000000e+00
3.805413722991943359e+00,-1.264697313308715820e+00,8.000000000000000000e+00,0.000000000000000000e+00
3.491029500961303711e+00,6.240483745932579041e-02,8.000000000000000000e+00,0.000000000000000000e+00
3.340251207351684570e+00,-9.188506752252578735e-02,8.000000000000000000e+00,0.000000000000000000e+00
3.278299093246459961e+00,3.878085911273956299e-01,8.000000000000000000e+00,0.000000000000000000e+00
3.816149473190307617e+00,-1.297589063644409180e+00,8.000000000000000000e+00,0.000000000000000000e+00
3.931878566741943359e+00,-1.298923730850219727e+00,8.000000000000000000e+00,0.000000000000000000e+00
3.958992719650268555e+00,-1.080197930335998535e+00,8.000000000000000000e+00,0.000000000000000000e+00
3.476883411407470703e+00,1.798702478408813477e-01,8.000000000000000000e+00,0.000000000000000000e+00
3.314486980438232422e+00,3.431349992752075195e-01,8.000000000000000000e+00,0.000000000000000000e+00
3.393474102020263672e+00,-2.202644199132919312e-01,8.000000000000000000e+00,0.000000000000000000e+00
3.295945882797241211e+00,-3.280139714479446411e-02,8.000000000000000000e+00,0.000000000000000000e+00
3.801100730895996094e+00,-6.448422074317932129e-01,8.000000000000000000e+00,0.000000000000000000e+00
3.300852060317993164e+00,-6.308247894048690796e-02,8.000000000000000000e+00,0.000000000000000000e+00
3.641749858856201172e+00,-9.645637124776840210e-02,8.000000000000000000e+00,0.000000000000000000e+00
3.740221500396728516e+00,-9.329341650009155273e-01,8.000000000000000000e+00,0.000000000000000000e+00
3.387685298919677734e+00,-9.387870319187641144e-03,8.000000000000000000e+00,0.000000000000000000e+00
3.228309869766235352e+00,3.602743148803710938e-01,8.000000000000000000e+00,0.000000000000000000e+00
3.489857196807861328e+00,-2.109194248914718628e-01,8.000000000000000000e+00,0.000000000000000000e+00
3.684228420257568359e+00,-4.077202081680297852e-01,8.000000000000000000e+00,0.000000000000000000e+00
3.778738737106323242e+00,-7.722272276878356934e-01,8.000000000000000000e+00,0.000000000000000000e+00
3.765898704528808594e+00,-5.413181185722351074e-01,8.000000000000000000e+00,0.000000000000000000e+00
3.815052747726440430e+00,-1.222017407417297363e+00,8.000000000000000000e+00,0.000000000000000000e+00
3.676005840301513672e+00,-6.246753931045532227e-01,8.000000000000000000e+00,0.000000000000000000e+00
3.549173831939697266e+00,1.482317447662353516e-01,8.000000000000000000e+00,0.000000000000000000e+00
3.484862089157104492e+00,-2.169927954673767090e-01,8.000000000000000000e+00,0.000000000000000000e+00
3.745938777923583984e+00,-7.188228368759155273e-01,8.000000000000000000e+00,0.000000000000000000e+00
3.959423303604125977e+00,-1.264909625053405762e+00,8.000000000000000000e+00,0.000000000000000000e+00
3.919191122055053711e+00,-1.237142801284790039e+00,8.000000000000000000e+00,0.000000000000000000e+00
3.842307806015014648e+00,-1.276468038558959961e+00,8.000000000000000000e+00,0.000000000000000000e+00
3.773293018341064453e+00,-7.522761821746826172e-01,8.000000000000000000e+00,0.000000000000000000e+00
3.736345052719116211e+00,-1.257553577423095703e+00,8.000000000000000000e+00,0.000000000000000000e+00
3.465213775634765625e+00,-2.407189160585403442e-01,8.000000000000000000e+00,0.000000000000000000e+00
3.654543876647949219e+00,4.843611270189285278e-02,8.000000000000000000e+00,0.000000000000000000e+00
3.748654365539550781e+00,-1.451740860939025879e-01,8.000000000000000000e+00,0.000000000000000000e+00
3.297499656677246094e+00,3.175446689128875732e-01,8.000000000000000000e+00,0.000000000000000000e+00
3.736961603164672852e+00,-4.282091259956359863e-01,8.000000000000000000e+00,0.000000000000000000e+00
3.639329671859741211e+00,4.758227244019508362e-02,8.000000000000000000e+00,0.000000000000000000e+00
3.873155593872070312e+00,-1.294638633728027344e+00,8.000000000000000000e+00,0.000000000000000000e+00
3.655019283294677734e+00,-4.516627788543701172e-01,8.000000000000000000e+00,0.000000000000000000e+00
3.754703044891357422e+00,-5.622237920761108398e-01,8.000000000000000000e+00,0.000000000000000000e+00
4.003948211669921875e+00,-1.236140489578247070e+00,8.000000000000000000e+00,0.000000000000000000e+00
3.588610410690307617e+00,-5.166288018226623535e-01,8.000000000000000000e+00,0.000000000000000000e+00
3.440751075744628906e+00,-1.167163699865341187e-01,8.000000000000000000e+00,0.000000000000000000e+00
3.233551979064941406e+00,2.886213362216949463e-01,8.000000000000000000e+00,0.000000000000000000e+00
3.907800197601318359e+00,-1.267583489418029785e+00,8.000000000000000000e+00,0.000000000000000000e+00
3.719004631042480469e+00,-5.502726882696151733e-02,8.000000000000000000e+00,0.000000000000000000e+00
3.835375308990478516e+00,-1.080296039581298828e+00,8.000000000000000000e+00,0.000000000000000000e+00
3.773981571197509766e+00,-3.440165519714355469e-01,8.000000000000000000e+00,0.000000000000000000e+00
3.805981636047363281e+00,-7.969999909400939941e-01,8.000000000000000000e+00,0.000000000000000000e+00
3.286764621734619141e+00,3.178595900535583496e-01,8.000000000000000000e+00,0.000000000000000000e+00
3.843713521957397461e+00,-1.276654958724975586e+00,8.000000000000000000e+00,0.000000000000000000e+00
3.874423980712890625e+00,-1.054290175437927246e+00,8.000000000000000000e+00,0.000000000000000000e+00
3.259246826171875000e+00,3.658860623836517334e-01,8.000000000000000000e+00,0.000000000000000000e+00
1.412286853790283203e+01,2.067424011230468750e+01,9.000000000000000000e+00,0.000000000000000000e+00
1.423290157318115234e+01,2.099159049987792969e+01,9.000000000000000000e+00,0.000000000000000000e+00
1.463397693634033203e+01,2.105492019653320312e+01,9.000000000000000000e+00,0.000000000000000000e+00
1.439522743225097656e+01,1.999998664855957031e+01,9.000000000000000000e+00,0.000000000000000000e+00
1.457016086578369141e+01,2.051124572753906250e+01,9.000000000000000000e+00,0.000000000000000000e+00
1.372053527832031250e+01,2.023034858703613281e+01,9.000000000000000000e+00,0.000000000000000000e+00
1.381324005126953125e+01,2.052048683166503906e+01,9.000000000000000000e+00,0.000000000000000000e+00
1.422128868103027344e+01,2.105213737487792969e+01,9.000000000000000000e+00,0.000000000000000000e+00
1.454285335540771484e+01,2.098182868957519531e+01,9.000000000000000000e+00,0.000000000000000000e+00
1.419557762145996094e+01,2.078444671630859375e+01,9.000000000000000000e+00,0.000000000000000000e+00
1.431864738464355469e+01,1.993937110900878906e+01,9.000000000000000000e+00,0.000000000000000000e+00
1.457072257995605469e+01,2.089691925048828125e+01,9.000000000000000000e+00,0.000000000000000000e+00
1.441726493835449219e+01,2.101799964904785156e+01,9.000000000000000000e+00,0.000000000000000000e+00
1.368698978424072266e+01,2.029883193969726562e+01,9.000000000000000000e+00,0.000000000000000000e+00
1.459499931335449219e+01,2.066488456726074219e+01,9.000000000000000000e+00,0.000000000000000000e+00
1.402896308898925781e+01,2.018891906738281250e+01,9.000000000000000000e+00,0.000000000000000000e+00
1.403331184387207031e+01,2.070343399047851562e+01,9.000000000000000000e+00,0.000000000000000000e+00
1.421077728271484375e+01,2.003060340881347656e+01,9.000000000000000000e+00,0.000000000000000000e+00
1.455485248565673828e+01,2.050261688232421875e+01,9.000000000000000000e+00,0.000000000000000000e+00
1.390816783905029297e+01,2.003608512878417969e+01,9.000000000000000000e+00,0.000000000000000000e+00
1.462555217742919922e+01,2.104524612426757812e+01,9.000000000000000000e+00,0.000000000000000000e+00
1.370974445343017578e+01,2.027021980285644531e+01,9.000000000000000000e+00,0.000000000000000000e+00
1.440155982971191406e+01,2.051809692382812500e+01,9.000000000000000000e+00,0.000000000000000000e+00
1.381000614166259766e+01,2.021948242187500000e+01,9.000000000000000000e+00,0.000000000000000000e+00
1.383222103118896484e+01,2.063173484802246094e+01,9.000000000000000000e+00,0.000000000000000000e+00
1.386967277526855469e+01,2.025253868103027344e+01,9.000000000000000000e+00,0.000000000000000000e+00
1.379869174957275391e+01,2.016725921630859375e+01,9.000000000000000000e+00,0.000000000000000000e+00
1.389546966552734375e+01,2.072152519226074219e+01,9.000000000000000000e+00,0.000000000000000000e+00
1.401461315155029297e+01,2.005198287963867188e+01,9.000000000000000000e+00,0.000000000000000000e+00
1.406555843353271484e+01,2.007090950012207031e+01,9.000000000000000000e+00,0.000000000000000000e+00
1.420752906799316406e+01,2.060519218444824219e+01,9.000000000000000000e+00,0.000000000000000000e+00
1.375482273101806641e+01,2.019569969177246094e+01,9.000000000000000000e+00,0.000000000000000000e+00
1.441704273223876953e+01,2.023476219177246094e+01,9.000000000000000000e+00,0.000000000000000000e+00
1.375845909118652344e+01,2.054163551330566406e+01,9.000000000000000000e+00,0.000000000000000000e+00
1.449410057067871094e+01,2.036171340942382812e+01,9.000000000000000000e+00,0.000000000000000000e+00
1.386408996582031250e+01,2.003307151794433594e+01,9.000000000000000000e+00,0.000000000000000000e+00
1.459508705139160156e+01,2.105068016052246094e+01,9.000000000000000000e+00,0.000000000000000000e+00
1.376320552825927734e+01,2.012675285339355469e+01,9.000000000000000000e+00,0.000000000000000000e+00
1.464042282104492188e+01,2.106202125549316406e+01,9.000000000000000000e+00,0.000000000000000000e+00
1.457951450347900391e+01,2.062221336364746094e+01,9.000000000000000000e+00,0.000000000000000000e+00
1.380523967742919922e+01,2.017156982421875000e+01,9.000000000000000000e+00,0.000000000000000000e+00
1.464697074890136719e+01,2.099399375915527344e+01,9.000000000000000000e+00,0.000000000000000000e+00
1.459901237487792969e+01,2.047327804565429688e+01,9.000000000000000000e+00,0.000000000000000000e+00
1.463188648223876953e+01,2.099810028076171875e+01,9.000000000000000000e+00,0.000000000000000000e+00
1.424990272521972656e+01,2.053727912902832031e+01,9.000000000000000000e+00,0.000000000000000000e+00
1.426353168487548828e+01,2.108935928344726562e+01,9.000000000000000000e+00,0.000000000000000000e+00
1.465900707244873047e+01,2.102886772155761719e+01,9.000000000000000000e+00,0.000000000000000000e+00
1.429571056365966797e+01,2.060554122924804688e+01,9.000000000000000000e+00,0.000000000000000000e+00
1.457640552520751953e+01,2.052805709838867188e+01,9.000000000000000000e+00,0.000000000000000000e+00
1.458813953399658203e+01,2.101599502563476562e+01,9.000000000000000000e+00,0.000000000000000000e+00
1.451553440093994141e+01,2.037639045715332031e+01,9.000000000000000000e+00,0.000000000000000000e+00
1.417975044250488281e+01,2.104216575622558594e+01,9.000000000000000000e+00,0.000000000000000000e+00
1.466407489776611328e+01,2.102287864685058594e+01,9.000000000000000000e+00,0.000000000000000000e+00
1.374705314636230469e+01,2.012808227539062500e+01,9.000000000000000000e+00,0.000000000000000000e+00
1.381824302673339844e+01,2.022529983520507812e+01,9.000000000000000000e+00,0.000000000000000000e+00
1.432723999023437500e+01,1.993639755249023438e+01,9.000000000000000000e+00,0.000000000000000000e+00
1.375586891174316406e+01,2.052461433410644531e+01,9.000000000000000000e+00,0.000000000000000000e+00
1.417239665985107422e+01,2.087226867675781250e+01,9.000000000000000000e+00,0.000000000000000000e+00
1.449558925628662109e+01,2.085728836059570312e+01,9.000000000000000000e+00,0.000000000000000000e+00
1.437697601318359375e+01,2.023591041564941406e+01,9.000000000000000000e+00,0.000000000000000000e+00
1.373594284057617188e+01,2.022486305236816406e+01,9.000000000000000000e+00,0.000000000000000000e+00
1.460195541381835938e+01,2.105184745788574219e+01,9.000000000000000000e+00,0.000000000000000000e+00
1.381297302246093750e+01,2.054616355895996094e+01,9.000000000000000000e+00,0.000000000000000000e+00
1.424128532409667969e+01,2.048068046569824219e+01,9.000000000000000000e+00,0.000000000000000000e+00
1.446063613891601562e+01,2.077569770812988281e+01,9.000000000000000000e+00,0.000000000000000000e+00
1.409977531433105469e+01,2.071002578735351562e+01,9.000000000000000000e+00,0.000000000000000000e+00
1.383467292785644531e+01,2.067769050598144531e+01,9.000000000000000000e+00,0.000000000000000000e+00
1.380515193939208984e+01,2.021187591552734375e+01,9.000000000000000000e+00,0.000000000000000000e+00
1.414065456390380859e+01,2.061634063720703125e+01,9.000000000000000000e+00,0.000000000000000000e+00
1.438204097747802734e+01,1.998254394531250000e+01,9.000000000000000000e+00,0.000000000000000000e+00
1.374556255340576172e+01,2.031652450561523438e+01,9.000000000000000000e+00,0.000000000000000000e+00
1.390233135223388672e+01,2.029145812988281250e+01,9.000000000000000000e+00,0.000000000000000000e+00
1.456270027160644531e+01,2.105819320678710938e+01,9.000000000000000000e+00,0.000000000000000000e+00
1.423434352874755859e+01,2.108251190185546875e+01,9.000000000000000000e+00,0.000000000000000000e+00
1.370234012603759766e+01,2.018931770324707031e+01,9.000000000000000000e+00,0.000000000000000000e+00
1.386946487426757812e+01,2.063675880432128906e+01,9.000000000000000000e+00,0.000000000000000000e+00
1.461124897003173828e+01,2.108337783813476562e+01,9.000000000000000000e+00,0.000000000000000000e+00
1.465109348297119141e+01,2.107935714721679688e+01,9.000000000000000000e+00,0.000000000000000000e+00
1.385525226593017578e+01,2.001939582824707031e+01,9.000000000000000000e+00,0.000000000000000000e+00
1.459278583526611328e+01,2.098676872253417969e+01,9.000000000000000000e+00,0.000000000000000000e+00
1.451209640502929688e+01,2.038762664794921875e+01,9.000000000000000000e+00,0.000000000000000000e+00
1.442536258697509766e+01,2.017598152160644531e+01,9.000000000000000000e+00,0.000000000000000000e+00
1.376204586029052734e+01,2.058540725708007812e+01,9.000000000000000000e+00,0.000000000000000000e+00
1.466459369659423828e+01,2.109224700927734375e+01,9.000000000000000000e+00,0.000000000000000000e+00
1.384005165100097656e+01,2.039175033569335938e+01,9.000000000000000000e+00,0.000000000000000000e+00
1.390910148620605469e+01,2.009410476684570312e+01,9.000000000000000000e+00,0.000000000000000000e+00
1.370813083648681641e+01,2.027914810180664062e+01,9.000000000000000000e+00,0.000000000000000000e+00
1.443979549407958984e+01,2.003300857543945312e+01,9.000000000000000000e+00,0.000000000000000000e+00
1.368797302246093750e+01,2.020600128173828125e+01,9.000000000000000000e+00,0.000000000000000000e+00
1.419730091094970703e+01,2.057387542724609375e+01,9.000000000000000000e+00,0.000000000000000000e+00
1.412766265869140625e+01,2.013022804260253906e+01,9.000000000000000000e+00,0.000000000000000000e+00
1.459541320800781250e+01,2.103993797302246094e+01,9.000000000000000000e+00,0.000000000000000000e+00
1.374678897857666016e+01,2.013277435302734375e+01,9.000000000000000000e+00,0.000000000000000000e+00
1.412065124511718750e+01,2.095030975341796875e+01,9.000000000000000000e+00,0.000000000000000000e+00
1.421258258819580078e+01,2.105230712890625000e+01,9.000000000000000000e+00,0.000000000000000000e+00
1.459393024444580078e+01,2.047015571594238281e+01,9.000000000000000000e+00,0.000000000000000000e+00
1.376948547363281250e+01,2.021403884887695312e+01,9.000000000000000000e+00,0.000000000000000000e+00
1.382336425781250000e+01,2.028003883361816406e+01,9.000000000000000000e+00,0.000000000000000000e+00
1.396794223785400391e+01,2.081085777282714844e+01,9.000000000000000000e+00,0.000000000000000000e+00
1.456369113922119141e+01,2.082467269897460938e+01,9.000000000000000000e+00,0.000000000000000000e+00
1.435060214996337891e+01,1.997571945190429688e+01,9.000000000000000000e+00,0.000000000000000000e+00
1.453292560577392578e+01,2.048004722595214844e+01,9.000000000000000000e+00,0.000000000000000000e+00
1.422378921508789062e+01,2.104446601867675781e+01,9.000000000000000000e+00,0.000000000000000000e+00
1.417146015167236328e+01,1.984375190734863281e+01,9.000000000000000000e+00,0.000000000000000000e+00
1.379016876220703125e+01,2.046955871582031250e+01,9.000000000000000000e+00,0.000000000000000000e+00
1.429483032226562500e+01,2.105528068542480469e+01,9.000000000000000000e+00,0.000000000000000000e+00
1.392430591583251953e+01,1.999973869323730469e+01,9.000000000000000000e+00,0.000000000000000000e+00
1.407313537597656250e+01,2.062988090515136719e+01,9.000000000000000000e+00,0.000000000000000000e+00
1.413409900665283203e+01,2.053714942932128906e+01,9.000000000000000000e+00,0.000000000000000000e+00
1.398875713348388672e+01,2.018815422058105469e+01,9.000000000000000000e+00,0.000000000000000000e+00
1.376860904693603516e+01,2.036923027038574219e+01,9.000000000000000000e+00,0.000000000000000000e+00
1.386201190948486328e+01,2.065455818176269531e+01,9.000000000000000000e+00,0.000000000000000000e+00
1.399282550811767578e+01,2.000951194763183594e+01,9.000000000000000000e+00,0.000000000000000000e+00
1.418608570098876953e+01,1.989368247985839844e+01,9.000000000000000000e+00,0.000000000000000000e+00
1.383215522766113281e+01,2.013350296020507812e+01,9.000000000000000000e+00,0.000000000000000000e+00
1.376147747039794922e+01,2.056412696838378906e+01,9.000000000000000000e+00,0.000000000000000000e+00
1.422840213775634766e+01,1.984979629516601562e+01,9.000000000000000000e+00,0.000000000000000000e+00
1.379104328155517578e+01,2.041591072082519531e+01,9.000000000000000000e+00,0.000000000000000000e+00
1.404775619506835938e+01,2.015624618530273438e+01,9.000000000000000000e+00,0.000000000000000000e+00
1.449210548400878906e+01,2.016579818725585938e+01,9.000000000000000000e+00,0.000000000000000000e+00
1.372771549224853516e+01,2.025111770629882812e+01,9.000000000000000000e+00,0.000000000000000000e+00
1.394835472106933594e+01,2.000742340087890625e+01,9.000000000000000000e+00,0.000000000000000000e+00
1.404838848114013672e+01,2.088748931884765625e+01,9.000000000000000000e+00,0.000000000000000000e+00
1.446001052856445312e+01,2.095753097534179688e+01,9.000000000000000000e+00,0.000000000000000000e+00
1.378829956054687500e+01,2.011746788024902344e+01,9.000000000000000000e+00,0.000000000000000000e+00
1.454369258880615234e+01,2.071244049072265625e+01,9.000000000000000000e+00,0.000000000000000000e+00
1.444924163818359375e+01,2.074285888671875000e+01,9.000000000000000000e+00,0.000000000000000000e+00
1.384249019622802734e+01,2.065303802490234375e+01,9.000000000000000000e+00,0.000000000000000000e+00
1.420967578887939453e+01,1.983824539184570312e+01,9.000000000000000000e+00,0.000000000000000000e+00
1.390443706512451172e+01,2.043591117858886719e+01,9.000000000000000000e+00,0.000000000000000000e+00
1.400402450561523438e+01,2.078371429443359375e+01,9.000000000000000000e+00,0.000000000000000000e+00
1.375703144073486328e+01,2.016493797302246094e+01,9.000000000000000000e+00,0.000000000000000000e+00
1.448620033264160156e+01,2.080751419067382812e+01,9.000000000000000000e+00,0.000000000000000000e+00
1.387775707244873047e+01,2.034467506408691406e+01,9.000000000000000000e+00,0.000000000000000000e+00
1.418478584289550781e+01,2.057287788391113281e+01,9.000000000000000000e+00,0.000000000000000000e+00
1.427369308471679688e+01,2.107702064514160156e+01,9.000000000000000000e+00,0.000000000000000000e+00
1.428702735900878906e+01,2.066857528686523438e+01,9.000000000000000000e+00,0.000000000000000000e+00
1.458588218688964844e+01,2.097143936157226562e+01,9.000000000000000000e+00,0.000000000000000000e+00
1.383447360992431641e+01,2.023629951477050781e+01,9.000000000000000000e+00,0.000000000000000000e+00
1.463188457489013672e+01,2.105700302124023438e+01,9.000000000000000000e+00,0.000000000000000000e+00
1.442268371582031250e+01,2.016594886779785156e+01,9.000000000000000000e+00,0.000000000000000000e+00
1.465499687194824219e+01,2.100007629394531250e+01,9.000000000000000000e+00,0.000000000000000000e+00
1.409550380706787109e+01,2.074617958068847656e+01,9.000000000000000000e+00,0.000000000000000000e+00
1.417427825927734375e+01,2.050219345092773438e+01,9.000000000000000000e+00,0.000000000000000000e+00
1.422897815704345703e+01,1.996731185913085938e+01,9.000000000000000000e+00,0.000000000000000000e+00
1.455072975158691406e+01,2.075939559936523438e+01,9.000000000000000000e+00,0.000000000000000000e+00
1.428577899932861328e+01,1.985189437866210938e+01,9.000000000000000000e+00,0.000000000000000000e+00
1.390541076660156250e+01,2.065774345397949219e+01,9.000000000000000000e+00,0.000000000000000000e+00
1.377079868316650391e+01,2.045943641662597656e+01,9.000000000000000000e+00,0.000000000000000000e+00
1.434169006347656250e+01,1.990221786499023438e+01,9.000000000000000000e+00,0.000000000000000000e+00
1.370954036712646484e+01,2.018743896484375000e+01,9.000000000000000000e+00,0.000000000000000000e+00
1.394292640686035156e+01,1.999618530273437500e+01,9.000000000000000000e+00,0.000000000000000000e+00
1.421041870117187500e+01,2.006411170959472656e+01,9.000000000000000000e+00,0.000000000000000000e+00
1.433713340759277344e+01,1.988945770263671875e+01,9.000000000000000000e+00,0.000000000000000000e+00
1.423336315155029297e+01,2.106972122192382812e+01,9.000000000000000000e+00,0.000000000000000000e+00
1.380960750579833984e+01,2.035608863830566406e+01,9.000000000000000000e+00,0.000000000000000000e+00
1.447146224975585938e+01,2.034855079650878906e+01,9.000000000000000000e+00,0.000000000000000000e+00
1.420788097381591797e+01,1.983156585693359375e+01,9.000000000000000000e+00,0.000000000000000000e+00
1.373871326446533203e+01,2.015098762512207031e+01,9.000000000000000000e+00,0.000000000000000000e+00
1.458525848388671875e+01,2.104990577697753906e+01,9.000000000000000000e+00,0.000000000000000000e+00
1.452003002166748047e+01,2.040009117126464844e+01,9.000000000000000000e+00,0.000000000000000000e+00
1.410196113586425781e+01,1.995857810974121094e+01,9.000000000000000000e+00,0.000000000000000000e+00
1.431436443328857422e+01,2.105345535278320312e+01,9.000000000000000000e+00,0.000000000000000000e+00
1.442054367065429688e+01,2.062033081054687500e+01,9.000000000000000000e+00,0.000000000000000000e+00
1.448964691162109375e+01,2.082618904113769531e+01,9.000000000000000000e+00,0.000000000000000000e+00
1.378004264831542969e+01,2.010045623779296875e+01,9.000000000000000000e+00,0.000000000000000000e+00
1.419915771484375000e+01,2.077532196044921875e+01,9.000000000000000000e+00,0.000000000000000000e+00
1.442423057556152344e+01,2.005045509338378906e+01,9.000000000000000000e+00,0.000000000000000000e+00
1.377334976196289062e+01,2.007797241210937500e+01,9.000000000000000000e+00,0.000000000000000000e+00
1.415733909606933594e+01,2.048809814453125000e+01,9.000000000000000000e+00,0.000000000000000000e+00
1.418984699249267578e+01,2.106868171691894531e+01,9.000000000000000000e+00,0.000000000000000000e+00
1.412261295318603516e+01,2.077899742126464844e+01,9.000000000000000000e+00,0.000000000000000000e+00
1.450367164611816406e+01,2.087705993652343750e+01,9.000000000000000000e+00,0.000000000000000000e+00
1.368764972686767578e+01,2.034247779846191406e+01,9.000000000000000000e+00,0.000000000000000000e+00
1.384708976745605469e+01,2.027169799804687500e+01,9.000000000000000000e+00,0.000000000000000000e+00
1.386940383911132812e+01,2.057965850830078125e+01,9.000000000000000000e+00,0.000000000000000000e+00
1.444043445587158203e+01,2.040361022949218750e+01,9.000000000000000000e+00,0.000000000000000000e+00
1.406243991851806641e+01,2.058772659301757812e+01,9.000000000000000000e+00,0.000000000000000000e+00
1.420951652526855469e+01,2.061807250976562500e+01,9.000000000000000000e+00,0.000000000000000000e+00
1.413331699371337891e+01,2.075926399230957031e+01,9.000000000000000000e+00,0.000000000000000000e+00
1.414787673950195312e+01,1.987478446960449219e+01,9.000000000000000000e+00,0.000000000000000000e+00
1.423072624206542969e+01,2.012372779846191406e+01,9.000000000000000000e+00,0.000000000000000000e+00
1.453206825256347656e+01,2.072390747070312500e+01,9.000000000000000000e+00,0.000000000000000000e+00
1.458458137512207031e+01,2.050280761718750000e+01,9.000000000000000000e+00,0.000000000000000000e+00
1.370933914184570312e+01,2.041240882873535156e+01,9.000000000000000000e+00,0.000000000000000000e+00
1.384669494628906250e+01,2.040787506103515625e+01,9.000000000000000000e+00,0.000000000000000000e+00
1.417374229431152344e+01,2.068436050415039062e+01,9.000000000000000000e+00,0.000000000000000000e+00
1.391283607482910156e+01,1.999607467651367188e+01,9.000000000000000000e+00,0.000000000000000000e+00
1.397566604614257812e+01,2.069993400573730469e+01,9.000000000000000000e+00,0.000000000000000000e+00
1.393394756317138672e+01,1.996659278869628906e+01,9.000000000000000000e+00,0.000000000000000000e+00
1.370235633850097656e+01,2.024548912048339844e+01,9.000000000000000000e+00,0.000000000000000000e+00
1.446688556671142578e+01,2.027220153808593750e+01,9.000000000000000000e+00,0.000000000000000000e+00
1.419877338409423828e+01,2.094629287719726562e+01,9.000000000000000000e+00,0.000000000000000000e+00
1.391788959503173828e+01,2.067670440673828125e+01,9.000000000000000000e+00,0.000000000000000000e+00
1.420620441436767578e+01,1.988558006286621094e+01,9.000000000000000000e+00,0.000000000000000000e+00
1.385922431945800781e+01,2.066339111328125000e+01,9.000000000000000000e+00,0.000000000000000000e+00
1.427327346801757812e+01,1.991884803771972656e+01,9.000000000000000000e+00,0.000000000000000000e+00
1.422912979125976562e+01,2.012369155883789062e+01,9.000000000000000000e+00,0.000000000000000000e+00
1.456962490081787109e+01,2.044882202148437500e+01,9.000000000000000000e+00,0.000000000000000000e+00
1.393905830383300781e+01,2.061827659606933594e+01,9.000000000000000000e+00,0.000000000000000000e+00
1.402048492431640625e+01,2.000814056396484375e+01,9.000000000000000000e+00,0.000000000000000000e+00
1.414364910125732422e+01,1.989807510375976562e+01,9.000000000000000000e+00,0.000000000000000000e+00
1.414830207824707031e+01,2.009940719604492188e+01,9.000000000000000000e+00,0.000000000000000000e+00
1.399877452850341797e+01,2.001325798034667969e+01,9.000000000000000000e+00,0.000000000000000000e+00
1.434582805633544922e+01,1.996869850158691406e+01,9.000000000000000000e+00,0.000000000000000000e+00
1.385082006454467773e+00,-5.401742458343505859e+00,9.000000000000000000e+00,0.000000000000000000e+00
1.380868911743164062e+01,2.055467414855957031e+01,9.000000000000000000e+00,0.000000000000000000e+00
1.373753547668457031e+01,2.029588699340820312e+01,9.000000000000000000e+00,0.000000000000000000e+00
1.418171024322509766e+01,2.009568786621093750e+01,9.000000000000000000e+00,0.000000000000000000e+00
1.387768173217773438e+01,2.072002601623535156e+01,9.000000000000000000e+00,0.000000000000000000e+00
-6.091952323913574219e+00,-1.621464252471923828e+00,1.300000000000000000e+01,0.000000000000000000e+00
-5.937794685363769531e+00,-2.376441478729248047e+00,1.300000000000000000e+01,0.000000000000000000e+00
-5.979283332824707031e+00,-9.246599078178405762e-01,1.300000000000000000e+01,0.000000000000000000e+00
-6.128397941589355469e+00,-1.512589693069458008e+00,1.300000000000000000e+01,0.000000000000000000e+00
-5.940658092498779297e+00,-2.376926660537719727e+00,1.300000000000000000e+01,0.000000000000000000e+00
-5.949402809143066406e+00,-2.417509794235229492e+00,1.300000000000000000e+01,0.000000000000000000e+00
-5.946087360382080078e+00,-2.928590297698974609e+00,1.300000000000000000e+01,0.000000000000000000e+00
-6.166987419128417969e+00,-1.577831506729125977e+00,1.300000000000000000e+01,0.000000000000000000e+00
-5.937068462371826172e+00,-8.780291676521301270e-01,1.300000000000000000e+01,0.000000000000000000e+00
-5.947172641754150391e+00,-2.337196350097656250e+00,1.300000000000000000e+01,0.000000000000000000e+00
-6.194747447967529297e+00,-1.564148783683776855e+00,1.300000000000000000e+01,0.000000000000000000e+00
-5.683800220489501953e+00,-9.176933020353317261e-02,1.300000000000000000e+01,0.000000000000000000e+00
-6.002633094787597656e+00,-9.553204774856567383e-01,1.300000000000000000e+01,0.000000000000000000e+00
-5.944767475128173828e+00,-2.375131368637084961e+00,1.300000000000000000e+01,0.000000000000000000e+00
-6.042861461639404297e+00,-1.952707648277282715e+00,1.300000000000000000e+01,0.000000000000000000e+00
-6.100852966308593750e+00,-1.642425894737243652e+00,1.300000000000000000e+01,0.000000000000000000e+00
-6.122914791107177734e+00,-1.611115455627441406e+00,1.300000000000000000e+01,0.000000000000000000e+00
-6.115968704223632812e+00,-1.057311058044433594e+00,1.300000000000000000e+01,0.000000000000000000e+00
-5.998018264770507812e+00,-9.419962763786315918e-01,1.300000000000000000e+01,0.000000000000000000e+00
-6.169290542602539062e+00,-1.164374470710754395e+00,1.300000000000000000e+01,0.000000000000000000e+00
-5.934566020965576172e+00,-2.360483884811401367e+00,1.300000000000000000e+01,0.000000000000000000e+00
-6.053939342498779297e+00,-9.591524004936218262e-01,1.300000000000000000e+01,0.000000000000000000e+00
-6.035896778106689453e+00,-1.082685351371765137e+00,1.300000000000000000e+01,0.000000000000000000e+00
-6.061177730560302734e+00,-1.702156305313110352e+00,1.300000000000000000e+01,0.000000000000000000e+00
-6.204734325408935547e+00,-1.614200949668884277e+00,1.300000000000000000e+01,0.000000000000000000e+00
-5.686804294586181641e+00,-1.320032775402069092e-01,1.300000000000000000e+01,0.000000000000000000e+00
-5.638174057006835938e+00,-5.304258689284324646e-02,1.300000000000000000e+01,0.000000000000000000e+00
-6.117369174957275391e+00,-1.048805475234985352e+00,1.300000000000000000e+01,0.000000000000000000e+00
-5.934061527252197266e+00,-2.443390130996704102e+00,1.300000000000000000e+01,0.000000000000000000e+00
-6.139780998229980469e+00,-1.593412399291992188e+00,1.300000000000000000e+01,0.000000000000000000e+00
-5.896243572235107422e+00,-2.743145942687988281e+00,1.300000000000000000e+01,0.000000000000000000e+00
-6.070111751556396484e+00,-1.419807553291320801e+00,1.300000000000000000e+01,0.000000000000000000e+00
-5.834599494934082031e+00,-4.780603945255279541e-01,1.300000000000000000e+01,0.000000000000000000e+00
-5.903243064880371094e+00,-2.869240999221801758e+00,1.300000000000000000e+01,0.000000000000000000e+00
-5.960794448852539062e+00,-2.315951108932495117e+00,1.300000000000000000e+01,0.000000000000000000e+00
-5.929384231567382812e+00,-6.595181822776794434e-01,1.300000000000000000e+01,0.000000000000000000e+00
-6.145146846771240234e+00,-1.061320543289184570e+00,1.300000000000000000e+01,0.000000000000000000e+00
-5.910887718200683594e+00,-2.596977710723876953e+00,1.300000000000000000e+01,0.000000000000000000e+00
-6.160552024841308594e+00,-1.246274828910827637e+00,1.300000000000000000e+01,0.000000000000000000e+00
-5.949519157409667969e+00,-2.315030813217163086e+00,1.300000000000000000e+01,0.000000000000000000e+00
-5.717947483062744141e+00,-1.611589193344116211e-01,1.300000000000000000e+01,0.000000000000000000e+00
-5.638501167297363281e+00,-5.664215236902236938e-02,1.300000000000000000e+01,0.000000000000000000e+00
-5.889446258544921875e+00,-2.781768560409545898e+00,1.300000000000000000e+01,0.000000000000000000e+00
-6.096171855926513672e+00,-1.461627244949340820e+00,1.300000000000000000e+01,0.000000000000000000e+00
-5.731956481933593750e+00,-1.764024645090103149e-01,1.300000000000000000e+01,0.000000000000000000e+00
-6.025597095489501953e+00,-8.792122602462768555e-01,1.300000000000000000e+01,0.000000000000000000e+00
-6.027899742126464844e+00,-1.181530594825744629e+00,1.300000000000000000e+01,0.000000000000000000e+00
-5.898814201354980469e+00,-2.713295459747314453e+00,1.300000000000000000e+01,0.000000000000000000e+00
-5.916831493377685547e+00,-2.944144248962402344e+00,1.300000000000000000e+01,0.000000000000000000e+00
-5.937366485595703125e+00,-2.952213764190673828e+00,1.300000000000000000e+01,0.000000000000000000e+00
-6.195056915283203125e+00,-1.529398083686828613e+00,1.300000000000000000e+01,0.000000000000000000e+00
-6.117157459259033203e+00,-1.134350299835205078e+00,1.300000000000000000e+01,0.000000000000000000e+00
-5.909024238586425781e+00,-2.590009689331054688e+00,1.300000000000000000e+01,0.000000000000000000e+00
-5.672051906585693359e+00,-9.883061051368713379e-02,1.300000000000000000e+01,0.000000000000000000e+00
-5.948714733123779297e+00,-2.919337272644042969e+00,1.300000000000000000e+01,0.000000000000000000e+00
-5.775930881500244141e+00,-3.541906476020812988e-01,1.300000000000000000e+01,0.000000000000000000e+00
-6.126397609710693359e+00,-1.620069026947021484e+00,1.300000000000000000e+01,0.000000000000000000e+00
-5.632217407226562500e+00,-1.336661428213119507e-01,1.300000000000000000e+01,0.000000000000000000e+00
-6.044231891632080078e+00,-1.280861496925354004e+00,1.300000000000000000e+01,0.000000000000000000e+00
-6.080423831939697266e+00,-1.103376507759094238e+00,1.300000000000000000e+01,0.000000000000000000e+00
-5.941639423370361328e+00,-2.517019271850585938e+00,1.300000000000000000e+01,0.000000000000000000e+00
-5.935289382934570312e+00,-2.439928531646728516e+00,1.300000000000000000e+01,0.000000000000000000e+00
-5.937346458435058594e+00,-2.458709239959716797e+00,1.300000000000000000e+01,0.000000000000000000e+00
-5.884607315063476562e+00,-2.780553340911865234e+00,1.300000000000000000e+01,0.000000000000000000e+00
-5.660936355590820312e+00,-7.883249223232269287e-02,1.300000000000000000e+01,0.000000000000000000e+00
-6.203236579895019531e+00,-1.365411043167114258e+00,1.300000000000000000e+01,0.000000000000000000e+00
-5.719079494476318359e+00,-1.951078027486801147e-01,1.300000000000000000e+01,0.000000000000000000e+00
-5.899386882781982422e+00,-2.816231250762939453e+00,1.300000000000000000e+01,0.000000000000000000e+00
-6.149648189544677734e+00,-1.616288542747497559e+00,1.300000000000000000e+01,0.000000000000000000e+00
-5.735961437225341797e+00,-2.447962164878845215e-01,1.300000000000000000e+01,0.000000000000000000e+00
-5.936881542205810547e+00,-2.416070222854614258e+00,1.300000000000000000e+01,0.000000000000000000e+00
-5.909321308135986328e+00,-2.896600484848022461e+00,1.300000000000000000e+01,0.000000000000000000e+00
-6.189873218536376953e+00,-1.487653613090515137e+00,1.300000000000000000e+01,0.000000000000000000e+00
-5.926396846771240234e+00,-2.936795234680175781e+00,1.300000000000000000e+01,0.000000000000000000e+00
-6.181695938110351562e+00,-1.584466099739074707e+00,1.300000000000000000e+01,0.000000000000000000e+00
-6.158888339996337891e+00,-1.589753389358520508e+00,1.300000000000000000e+01,0.000000000000000000e+00
-6.119987487792968750e+00,-1.576563239097595215e+00,1.300000000000000000e+01,0.000000000000000000e+00
-5.916017055511474609e+00,-2.769967794418334961e+00,1.300000000000000000e+01,0.000000000000000000e+00
-5.875625610351562500e+00,-2.839341163635253906e+00,1.300000000000000000e+01,0.000000000000000000e+00
-5.863426208496093750e+00,-5.668023824691772461e-01,1.300000000000000000e+01,0.000000000000000000e+00
-5.954300403594970703e+00,-2.274572372436523438e+00,1.300000000000000000e+01,0.000000000000000000e+00
-5.896101951599121094e+00,-2.937242507934570312e+00,1.300000000000000000e+01,0.000000000000000000e+00
1.529619216918945312e+01,4.191578865051269531e+00,9.000000000000000000e+00,0.000000000000000000e+00
-5.918425083160400391e+00,-6.842016577720642090e-01,1.300000000000000000e+01,0.000000000000000000e+00
-6.053512573242187500e+00,-9.452980160713195801e-01,1.300000000000000000e+01,0.000000000000000000e+00
-6.195106029510498047e+00,-1.595369458198547363e+00,1.300000000000000000e+01,0.000000000000000000e+00
-5.951978206634521484e+00,-2.787215709686279297e+00,1.300000000000000000e+01,0.000000000000000000e+00
-5.990693569183349609e+00,-2.114163637161254883e+00,1.300000000000000000e+01,0.000000000000000000e+00
-5.988314628601074219e+00,-2.193436384201049805e+00,1.300000000000000000e+01,0.000000000000000000e+00
-6.136521339416503906e+00,-1.600361585617065430e+00,1.300000000000000000e+01,0.000000000000000000e+00
-6.104151248931884766e+00,-1.442551612854003906e+00,1.300000000000000000e+01,0.000000000000000000e+00
-6.170667171478271484e+00,-1.605432510375976562e+00,1.300000000000000000e+01,0.000000000000000000e+00
-6.155823230743408203e+00,-1.591739296913146973e+00,1.300000000000000000e+01,0.000000000000000000e+00
-5.911561012268066406e+00,-2.431348800659179688e+00,1.300000000000000000e+01,0.000000000000000000e+00
-6.155208587646484375e+00,-1.617817521095275879e+00,1.300000000000000000e+01,0.000000000000000000e+00
-6.019073009490966797e+00,-1.244863748550415039e+00,1.300000000000000000e+01,0.000000000000000000e+00
-5.933495521545410156e+00,-2.512515068054199219e+00,1.300000000000000000e+01,0.000000000000000000e+00
-5.737160205841064453e+00,-2.160563021898269653e-01,1.300000000000000000e+01,0.000000000000000000e+00
-5.673950672149658203e+00,-9.080321341753005981e-02,1.300000000000000000e+01,0.000000000000000000e+00
-5.892144680023193359e+00,-6.523507237434387207e-01,1.300000000000000000e+01,0.000000000000000000e+00
-5.931036949157714844e+00,-2.348610639572143555e+00,1.300000000000000000e+01,0.000000000000000000e+00
-5.680935382843017578e+00,-1.214381679892539978e-01,1.300000000000000000e+01,0.000000000000000000e+00
-6.168208599090576172e+00,-1.535572528839111328e+00,1.300000000000000000e+01,0.000000000000000000e+00
-6.172843933105468750e+00,-1.610089421272277832e+00,1.300000000000000000e+01,0.000000000000000000e+00
-5.984698772430419922e+00,-9.079712033271789551e-01,1.300000000000000000e+01,0.000000000000000000e+00
-5.697556018829345703e+00,-1.306470781564712524e-01,1.300000000000000000e+01,0.000000000000000000e+00
-5.985199928283691406e+00,-2.878735542297363281e+00,1.300000000000000000e+01,0.000000000000000000e+00
-5.899374485015869141e+00,-2.846646547317504883e+00,1.300000000000000000e+01,0.000000000000000000e+00
-6.238032341003417969e+00,-1.446971058845520020e+00,1.300000000000000000e+01,0.000000000000000000e+00
-6.147758960723876953e+00,-1.594863772392272949e+00,1.300000000000000000e+01,0.000000000000000000e+00
-6.180996894836425781e+00,-1.501211881637573242e+00,1.300000000000000000e+01,0.000000000000000000e+00
-6.125347137451171875e+00,-1.037460803985595703e+00,1.300000000000000000e+01,0.000000000000000000e+00
-6.166692256927490234e+00,-1.251664638519287109e+00,1.300000000000000000e+01,0.000000000000000000e+00
-5.948467254638671875e+00,-7.620186805725097656e-01,1.300000000000000000e+01,0.000000000000000000e+00
-5.918943405151367188e+00,-7.298377752304077148e-01,1.300000000000000000e+01,0.000000000000000000e+00
-5.684933185577392578e+00,-1.385511457920074463e-01,1.300000000000000000e+01,0.000000000000000000e+00
-5.884370803833007812e+00,-2.834839344024658203e+00,1.300000000000000000e+01,0.000000000000000000e+00
-6.040431976318359375e+00,-1.266714572906494141e+00,1.300000000000000000e+01,0.000000000000000000e+00
-5.950096607208251953e+00,-2.897242784500122070e+00,1.300000000000000000e+01,0.000000000000000000e+00
-6.164165973663330078e+00,-1.511408686637878418e+00,1.300000000000000000e+01,0.000000000000000000e+00
-5.731569766998291016e+00,-2.136837393045425415e-01,1.300000000000000000e+01,0.000000000000000000e+00
-6.125039100646972656e+00,-1.581022381782531738e+00,1.300000000000000000e+01,0.000000000000000000e+00
-5.953920364379882812e+00,-2.965212583541870117e+00,1.300000000000000000e+01,0.000000000000000000e+00
-6.067463397979736328e+00,-1.763388872146606445e+00,1.300000000000000000e+01,0.000000000000000000e+00
-5.754907608032226562e+00,-2.566383183002471924e-01,1.300000000000000000e+01,0.000000000000000000e+00
-5.898314476013183594e+00,-2.428417205810546875e+00,1.300000000000000000e+01,0.000000000000000000e+00
-5.900327682495117188e+00,-2.683959722518920898e+00,1.300000000000000000e+01,0.000000000000000000e+00
-5.653583526611328125e+00,-8.099872618913650513e-02,1.300000000000000000e+01,0.000000000000000000e+00
-6.123874187469482422e+00,-1.179515242576599121e+00,1.300000000000000000e+01,0.000000000000000000e+00
-5.986562252044677734e+00,-2.928284883499145508e+00,1.300000000000000000e+01,0.000000000000000000e+00
-5.889009475708007812e+00,-2.839570283889770508e+00,1.300000000000000000e+01,0.000000000000000000e+00
-6.225471019744873047e+00,-1.469034910202026367e+00,1.300000000000000000e+01,0.000000000000000000e+00
-5.654550552368164062e+00,-9.525238722562789917e-02,1.300000000000000000e+01,0.000000000000000000e+00
-6.199438095092773438e+00,-1.540016889572143555e+00,1.300000000000000000e+01,0.000000000000000000e+00
-6.181216716766357422e+00,-1.586166858673095703e+00,1.300000000000000000e+01,0.000000000000000000e+00
-5.898910522460937500e+00,-2.856979131698608398e+00,1.300000000000000000e+01,0.000000000000000000e+00
-6.231755733489990234e+00,-1.407352685928344727e+00,1.300000000000000000e+01,0.000000000000000000e+00
-6.127388477325439453e+00,-1.588177561759948730e+00,1.300000000000000000e+01,0.000000000000000000e+00
-5.691296577453613281e+00,-1.470912247896194458e-01,1.300000000000000000e+01,0.000000000000000000e+00
-5.706015586853027344e+00,-1.443525850772857666e-01,1.300000000000000000e+01,0.000000000000000000e+00
-6.051566600799560547e+00,-1.430393576622009277e+00,1.300000000000000000e+01,0.000000000000000000e+00
-5.920485496520996094e+00,-2.695732116699218750e+00,1.300000000000000000e+01,0.000000000000000000e+00
-5.936079025268554688e+00,-2.344696044921875000e+00,1.300000000000000000e+01,0.000000000000000000e+00
-5.992171764373779297e+00,-2.137990951538085938e+00,1.300000000000000000e+01,0.000000000000000000e+00
-5.927530765533447266e+00,-2.403842687606811523e+00,1.300000000000000000e+01,0.000000000000000000e+00
-5.876721382141113281e+00,-5.801970362663269043e-01,1.300000000000000000e+01,0.000000000000000000e+00
-5.930909633636474609e+00,-7.532058954238891602e-01,1.300000000000000000e+01,0.000000000000000000e+00
-6.128837108612060547e+00,-1.071714043617248535e+00,1.300000000000000000e+01,0.000000000000000000e+00
-5.932898521423339844e+00,-2.393771409988403320e+00,1.300000000000000000e+01,0.000000000000000000e+00
-5.921706199645996094e+00,-2.686026096343994141e+00,1.300000000000000000e+01,0.000000000000000000e+00
-5.999988079071044922e+00,-9.032643437385559082e-01,1.300000000000000000e+01,0.000000000000000000e+00
-5.915145397186279297e+00,-2.938874483108520508e+00,1.300000000000000000e+01,0.000000000000000000e+00
-5.916388988494873047e+00,-2.946213006973266602e+00,1.300000000000000000e+01,0.000000000000000000e+00
-6.149847984313964844e+00,-1.216797113418579102e+00,1.300000000000000000e+01,0.000000000000000000e+00
-5.932311534881591797e+00,-7.394824624061584473e-01,1.300000000000000000e+01,0.000000000000000000e+00
-5.698767662048339844e+00,-1.395186632871627808e-01,1.300000000000000000e+01,0.000000000000000000e+00
-6.114160537719726562e+00,-1.732051253318786621e+00,1.300000000000000000e+01,0.000000000000000000e+00
-5.693489551544189453e+00,-1.204523518681526184e-01,1.300000000000000000e+01,0.000000000000000000e+00
-6.018862247467041016e+00,-1.131224751472473145e+00,1.300000000000000000e+01,0.000000000000000000e+00
-6.175832271575927734e+00,-1.571969747543334961e+00,1.300000000000000000e+01,0.000000000000000000e+00
-5.862359046936035156e+00,-5.417838096618652344e-01,1.300000000000000000e+01,0.000000000000000000e+00
-5.646512508392333984e+00,-6.943443417549133301e-02,1.300000000000000000e+01,0.000000000000000000e+00
-5.887044906616210938e+00,-2.467177629470825195e+00,1.300000000000000000e+01,0.000000000000000000e+00
-6.151757717132568359e+00,-1.518213629722595215e+00,1.300000000000000000e+01,0.000000000000000000e+00
-6.009891986846923828e+00,-9.273165464401245117e-01,1.300000000000000000e+01,0.000000000000000000e+00
-5.874779224395751953e+00,-5.653690695762634277e-01,1.300000000000000000e+01,0.000000000000000000e+00
-5.932954788208007812e+00,-2.774570703506469727e+00,1.300000000000000000e+01,0.000000000000000000e+00
-5.966601848602294922e+00,-2.278012275695800781e+00,1.300000000000000000e+01,0.000000000000000000e+00
-5.661290645599365234e+00,-8.931571990251541138e-02,1.300000000000000000e+01,0.000000000000000000e+00
-5.912699699401855469e+00,-2.920648574829101562e+00,1.300000000000000000e+01,0.000000000000000000e+00
-5.880593776702880859e+00,-5.899496674537658691e-01,1.300000000000000000e+01,0.000000000000000000e+00
-6.183514118194580078e+00,-1.354915738105773926e+00,1.300000000000000000e+01,0.000000000000000000e+00
-6.158368110656738281e+00,-1.542855024337768555e+00,1.300000000000000000e+01,0.000000000000000000e+00
-5.907869815826416016e+00,-2.708016633987426758e+00,1.300000000000000000e+01,0.000000000000000000e+00
-6.170236110687255859e+00,-1.604797124862670898e+00,1.300000000000000000e+01,0.000000000000000000e+00
-6.178689002990722656e+00,-1.518761873245239258e+00,1.300000000000000000e+01,0.000000000000000000e+00
-5.896526336669921875e+00,-2.785789966583251953e+00,1.300000000000000000e+01,0.000000000000000000e+00
-5.959201335906982422e+00,-2.888531446456909180e+00,1.300000000000000000e+01,0.000000000000000000e+00
-6.200564384460449219e+00,-1.537795305252075195e+00,1.300000000000000000e+01,0.000000000000000000e+00
-5.920612812042236328e+00,-2.752389192581176758e+00,1.300000000000000000e+01,0.000000000000000000e+00
-5.898821353912353516e+00,-2.714243888854980469e+00,1.300000000000000000e+01,0.000000000000000000e+00
-6.139441967010498047e+00,-1.631127119064331055e+00,1.300000000000000000e+01,0.000000000000000000e+00
-5.964830875396728516e+00,-9.266775250434875488e-01,1.300000000000000000e+01,0.000000000000000000e+00
-6.015618801116943359e+00,-1.194432377815246582e+00,1.300000000000000000e+01,0.000000000000000000e+00
-5.950246334075927734e+00,-2.308543920516967773e+00,1.300000000000000000e+01,0.000000000000000000e+00
-5.737936496734619141e+00,-2.182730883359909058e-01,1.300000000000000000e+01,0.000000000000000000e+00
-6.160758495330810547e+00,-1.321649193763732910e+00,1.300000000000000000e+01,0.000000000000000000e+00
-5.759875297546386719e+00,-2.331738919019699097e-01,1.300000000000000000e+01,0.000000000000000000e+00
-6.131791591644287109e+00,-1.054487586021423340e+00,1.300000000000000000e+01,0.000000000000000000e+00
-5.915603160858154297e+00,-6.634992361068725586e-01,1.300000000000000000e+01,0.000000000000000000e+00
-6.214290618896484375e+00,-1.433334350585937500e+00,1.300000000000000000e+01,0.000000000000000000e+00
-6.136335372924804688e+00,-1.198176503181457520e+00,1.300000000000000000e+01,0.000000000000000000e+00
-5.980028152465820312e+00,-2.364396810531616211e+00,1.300000000000000000e+01,0.000000000000000000e+00
-5.890487670898437500e+00,-2.809460878372192383e+00,1.300000000000000000e+01,0.000000000000000000e+00
-5.961818218231201172e+00,-8.756479620933532715e-01,1.300000000000000000e+01,0.000000000000000000e+00
-5.928360462188720703e+00,-2.975471258163452148e+00,1.300000000000000000e+01,0.000000000000000000e+00
-5.924370288848876953e+00,-7.151773571968078613e-01,1.300000000000000000e+01,0.000000000000000000e+00
-5.675343990325927734e+00,-1.219224929809570312e-01,1.300000000000000000e+01,0.000000000000000000e+00
-6.116984367370605469e+00,-1.145134210586547852e+00,1.300000000000000000e+01,0.000000000000000000e+00
-6.023055076599121094e+00,-9.541671872138977051e-01,1.300000000000000000e+01,0.000000000000000000e+00
-5.906997203826904297e+00,-2.716055631637573242e+00,1.300000000000000000e+01,0.000000000000000000e+00
-5.936577796936035156e+00,-2.453236103057861328e+00,1.300000000000000000e+01,0.000000000000000000e+00
-6.126542568206787109e+00,-1.589715242385864258e+00,1.300000000000000000e+01,0.000000000000000000e+00
-5.788036823272705078e+00,-3.369348943233489990e-01,1.300000000000000000e+01,0.000000000000000000e+00
-5.965559959411621094e+00,-2.943567276000976562e+00,1.300000000000000000e+01,0.000000000000000000e+00
-5.939093112945556641e+00,-2.483728647232055664e+00,1.300000000000000000e+01,0.000000000000000000e+00
-5.943302631378173828e+00,-2.924066543579101562e+00,1.300000000000000000e+01,0.000000000000000000e+00
-5.916773796081542969e+00,-2.533696174621582031e+00,1.300000000000000000e+01,0.000000000000000000e+00
-5.872776985168457031e+00,-5.686917304992675781e-01,1.300000000000000000e+01,0.000000000000000000e+00
-5.955915451049804688e+00,-2.307949066162109375e+00,1.300000000000000000e+01,0.000000000000000000e+00
1.209865283966064453e+01,-1.234705448150634766e+01,1.400000000000000000e+01,0.000000000000000000e+00
1.316282558441162109e+01,-1.255228328704833984e+01,1.400000000000000000e+01,0.000000000000000000e+00
1.300138378143310547e+01,-1.252997493743896484e+01,1.400000000000000000e+01,0.000000000000000000e+00
1.174848365783691406e+01,-1.236352062225341797e+01,1.400000000000000000e+01,0.000000000000000000e+00
1.183510684967041016e+01,-1.236137676239013672e+01,1.400000000000000000e+01,0.000000000000000000e+00
1.293306255340576172e+01,-1.249587249755859375e+01,1.400000000000000000e+01,0.000000000000000000e+00
1.284725189208984375e+01,-1.246948146820068359e+01,1.400000000000000000e+01,0.000000000000000000e+00
1.307407951354980469e+01,-1.254972171783447266e+01,1.400000000000000000e+01,0.000000000000000000e+00
1.314197158813476562e+01,-1.256506443023681641e+01,1.400000000000000000e+01,0.000000000000000000e+00
1.350007438659667969e+01,-1.259567832946777344e+01,1.400000000000000000e+01,0.000000000000000000e+00
2.755942916870117188e+01,-8.725810050964355469e-01,1.100000000000000000e+01,0.000000000000000000e+00
1.344480133056640625e+01,-1.257812404632568359e+01,1.400000000000000000e+01,0.000000000000000000e+00
1.363562583923339844e+01,-1.259030723571777344e+01,1.400000000000000000e+01,0.000000000000000000e+00
1.200861072540283203e+01,-1.235976600646972656e+01,1.400000000000000000e+01,0.000000000000000000e+00
1.294223499298095703e+01,-1.251875686645507812e+01,1.400000000000000000e+01,0.000000000000000000e+00
1.176159095764160156e+01,-1.237037372589111328e+01,1.400000000000000000e+01,0.000000000000000000e+00
1.113230133056640625e+01,-1.197398471832275391e+01,9.000000000000000000e+00,0.000000000000000000e+00
1.218258476257324219e+01,-1.236607933044433594e+01,1.400000000000000000e+01,0.000000000000000000e+00
1.181715202331542969e+01,-1.238629627227783203e+01,1.400000000000000000e+01,0.000000000000000000e+00
1.300650787353515625e+01,-1.256836795806884766e+01,1.400000000000000000e+01,0.000000000000000000e+00
1.353823661804199219e+01,-1.259988021850585938e+01,1.400000000000000000e+01,0.000000000000000000e+00
1.288878726959228516e+01,-1.247731208801269531e+01,1.400000000000000000e+01,0.000000000000000000e+00
1.358950901031494141e+01,-1.259425163269042969e+01,1.400000000000000000e+01,0.000000000000000000e+00
2.756028938293457031e+01,-8.721578717231750488e-01,1.100000000000000000e+01,0.000000000000000000e+00
1.102281475067138672e+01,-1.193245697021484375e+01,1.500000000000000000e+01,0.000000000000000000e+00
1.119327259063720703e+01,-1.198563671112060547e+01,9.000000000000000000e+00,0.000000000000000000e+00
1.297695159912109375e+01,-1.251209545135498047e+01,1.400000000000000000e+01,0.000000000000000000e+00
1.105115604400634766e+01,-1.192233276367187500e+01,1.500000000000000000e+01,0.000000000000000000e+00
1.175845336914062500e+01,-1.237240028381347656e+01,1.400000000000000000e+01,0.000000000000000000e+00
1.210312938690185547e+01,-1.234720897674560547e+01,1.400000000000000000e+01,0.000000000000000000e+00
1.334883689880371094e+01,-1.258725738525390625e+01,1.400000000000000000e+01,0.000000000000000000e+00
1.311924457550048828e+01,-1.254499912261962891e+01,1.400000000000000000e+01,0.000000000000000000e+00
1.182766723632812500e+01,-1.227843093872070312e+01,1.400000000000000000e+01,0.000000000000000000e+00
1.103563690185546875e+01,-1.192004776000976562e+01,1.500000000000000000e+01,0.000000000000000000e+00
1.308957004547119141e+01,-1.252318668365478516e+01,1.400000000000000000e+01,0.000000000000000000e+00
1.352763843536376953e+01,-1.263234996795654297e+01,1.400000000000000000e+01,0.000000000000000000e+00
1.289306926727294922e+01,-1.249829864501953125e+01,1.400000000000000000e+01,0.000000000000000000e+00
1.316714668273925781e+01,-1.256412601470947266e+01,1.400000000000000000e+01,0.000000000000000000e+00
1.104310417175292969e+01,-1.192451763153076172e+01,1.500000000000000000e+01,0.000000000000000000e+00
1.365785121917724609e+01,-1.259779930114746094e+01,1.400000000000000000e+01,0.000000000000000000e+00
1.342932987213134766e+01,-1.255188274383544922e+01,1.400000000000000000e+01,0.000000000000000000e+00
1.286028766632080078e+01,-1.247802162170410156e+01,1.400000000000000000e+01,0.000000000000000000e+00
1.192760372161865234e+01,-1.235259437561035156e+01,1.400000000000000000e+01,0.000000000000000000e+00
1.296857643127441406e+01,-1.251142978668212891e+01,1.400000000000000000e+01,0.000000000000000000e+00
1.134655857086181641e+01,-1.205299663543701172e+01,9.000000000000000000e+00,0.000000000000000000e+00
1.249689483642578125e+01,-1.241776847839355469e+01,1.400000000000000000e+01,0.000000000000000000e+00
1.291475296020507812e+01,-1.249605846405029297e+01,1.400000000000000000e+01,0.000000000000000000e+00
1.365390872955322266e+01,-1.258345508575439453e+01,1.400000000000000000e+01,0.000000000000000000e+00
1.359660053253173828e+01,-1.258647823333740234e+01,1.400000000000000000e+01,0.000000000000000000e+00
2.756015777587890625e+01,-8.722197413444519043e-01,1.100000000000000000e+01,0.000000000000000000e+00
1.258692264556884766e+01,-1.246022224426269531e+01,1.400000000000000000e+01,0.000000000000000000e+00
1.363933753967285156e+01,-1.259332561492919922e+01,1.400000000000000000e+01,0.000000000000000000e+00
1.201636314392089844e+01,-1.233454227447509766e+01,1.400000000000000000e+01,0.000000000000000000e+00
1.315828990936279297e+01,-1.256158638000488281e+01,1.400000000000000000e+01,0.000000000000000000e+00
1.174080848693847656e+01,-1.218441677093505859e+01,9.000000000000000000e+00,0.000000000000000000e+00
1.365033912658691406e+01,-1.259651470184326172e+01,1.400000000000000000e+01,0.000000000000000000e+00
1.102379322052001953e+01,-1.192001533508300781e+01,9.000000000000000000e+00,0.000000000000000000e+00
1.105779743194580078e+01,-1.192749595642089844e+01,1.500000000000000000e+01,0.000000000000000000e+00
1.341638088226318359e+01,-1.256413078308105469e+01,1.400000000000000000e+01,0.000000000000000000e+00
1.364082431793212891e+01,-1.259876823425292969e+01,1.400000000000000000e+01,0.000000000000000000e+00
1.209865665435791016e+01,-1.234364604949951172e+01,1.400000000000000000e+01,0.000000000000000000e+00
1.106267547607421875e+01,-1.194278335571289062e+01,1.500000000000000000e+01,0.000000000000000000e+00
1.179442501068115234e+01,-1.236033344268798828e+01,1.400000000000000000e+01,0.000000000000000000e+00
1.201254844665527344e+01,-1.235716438293457031e+01,1.400000000000000000e+01,0.000000000000000000e+00
1.365778255462646484e+01,-1.259656715393066406e+01,1.400000000000000000e+01,0.000000000000000000e+00
1.175829124450683594e+01,-1.236728954315185547e+01,1.400000000000000000e+01,0.000000000000000000e+00
1.196998310089111328e+01,-1.235101413726806641e+01,1.400000000000000000e+01,0.000000000000000000e+00
1.337455940246582031e+01,-1.254186725616455078e+01,1.400000000000000000e+01,0.000000000000000000e+00
1.248317813873291016e+01,-1.241562175750732422e+01,1.400000000000000000e+01,0.000000000000000000e+00
1.357505607604980469e+01,-1.260445976257324219e+01,1.400000000000000000e+01,0.000000000000000000e+00
1.180913257598876953e+01,-1.238034915924072266e+01,1.400000000000000000e+01,0.000000000000000000e+00
1.338724231719970703e+01,-1.256795215606689453e+01,1.400000000000000000e+01,0.000000000000000000e+00
1.178110313415527344e+01,-1.237662696838378906e+01,1.400000000000000000e+01,0.000000000000000000e+00
1.302748966217041016e+01,-1.253242111206054688e+01,1.400000000000000000e+01,0.000000000000000000e+00
1.358613491058349609e+01,-1.259736061096191406e+01,1.400000000000000000e+01,0.000000000000000000e+00
2.756000518798828125e+01,-8.724012970924377441e-01,1.100000000000000000e+01,0.000000000000000000e+00
1.368930339813232422e+01,-1.256352519989013672e+01,1.400000000000000000e+01,0.000000000000000000e+00
1.222740554809570312e+01,-1.236849880218505859e+01,1.400000000000000000e+01,0.000000000000000000e+00
1.366286182403564453e+01,-1.259377479553222656e+01,1.400000000000000000e+01,0.000000000000000000e+00
1.177347660064697266e+01,-1.236869621276855469e+01,9.000000000000000000e+00,0.000000000000000000e+00
1.281684780120849609e+01,-1.250800228118896484e+01,1.400000000000000000e+01,0.000000000000000000e+00
1.174745368957519531e+01,-1.235378265380859375e+01,1.400000000000000000e+01,0.000000000000000000e+00
1.307706356048583984e+01,-1.254077816009521484e+01,1.400000000000000000e+01,0.000000000000000000e+00
1.363250732421875000e+01,-1.259575557708740234e+01,1.400000000000000000e+01,0.000000000000000000e+00
1.331964302062988281e+01,-1.255704975128173828e+01,1.400000000000000000e+01,0.000000000000000000e+00
1.296591758728027344e+01,-1.253388404846191406e+01,1.400000000000000000e+01,0.000000000000000000e+00
1.106236362457275391e+01,-1.193638038635253906e+01,1.500000000000000000e+01,0.000000000000000000e+00
1.279294872283935547e+01,-1.248668861389160156e+01,1.400000000000000000e+01,0.000000000000000000e+00
1.303839874267578125e+01,-1.253876495361328125e+01,1.400000000000000000e+01,0.000000000000000000e+00
1.194581890106201172e+01,-1.237680149078369141e+01,1.400000000000000000e+01,0.000000000000000000e+00
1.226199626922607422e+01,-1.237284660339355469e+01,1.400000000000000000e+01,0.000000000000000000e+00
1.166485118865966797e+01,-1.244353199005126953e+01,9.000000000000000000e+00,0.000000000000000000e+00
1.226907825469970703e+01,-1.237020015716552734e+01,1.400000000000000000e+01,0.000000000000000000e+00
2.755996704101562500e+01,-8.724310398101806641e-01,1.100000000000000000e+01,0.000000000000000000e+00
1.246986484527587891e+01,-1.240484428405761719e+01,1.400000000000000000e+01,0.000000000000000000e+00
1.251206016540527344e+01,-1.241980743408203125e+01,1.400000000000000000e+01,0.000000000000000000e+00
1.200084495544433594e+01,-1.234315204620361328e+01,1.400000000000000000e+01,0.000000000000000000e+00
1.324683284759521484e+01,-1.255601406097412109e+01,1.400000000000000000e+01,0.000000000000000000e+00
1.324013805389404297e+01,-1.255518722534179688e+01,1.400000000000000000e+01,0.000000000000000000e+00
1.347884750366210938e+01,-1.257984924316406250e+01,1.400000000000000000e+01,0.000000000000000000e+00
1.255260181427001953e+01,-1.243814754486083984e+01,1.400000000000000000e+01,0.000000000000000000e+00
1.329185962677001953e+01,-1.257713127136230469e+01,1.400000000000000000e+01,0.000000000000000000e+00
1.178471660614013672e+01,-1.235164546966552734e+01,1.400000000000000000e+01,0.000000000000000000e+00
1.110371398925781250e+01,-1.195515060424804688e+01,1.500000000000000000e+01,0.000000000000000000e+00
1.360778808593750000e+01,-1.260360336303710938e+01,1.400000000000000000e+01,0.000000000000000000e+00
1.293416976928710938e+01,-1.250792026519775391e+01,1.400000000000000000e+01,0.000000000000000000e+00
1.224058341979980469e+01,-1.235997867584228516e+01,1.400000000000000000e+01,0.000000000000000000e+00
1.104991722106933594e+01,-1.193193340301513672e+01,1.500000000000000000e+01,0.000000000000000000e+00
1.347194957733154297e+01,-1.255227184295654297e+01,1.400000000000000000e+01,0.000000000000000000e+00
1.179276561737060547e+01,-1.230622005462646484e+01,1.400000000000000000e+01,0.000000000000000000e+00
1.300602054595947266e+01,-1.253134918212890625e+01,1.400000000000000000e+01,0.000000000000000000e+00
1.199011039733886719e+01,-1.232067680358886719e+01,1.400000000000000000e+01,0.000000000000000000e+00
1.245116710662841797e+01,-1.241571617126464844e+01,9.000000000000000000e+00,0.000000000000000000e+00
1.362503623962402344e+01,-1.257453823089599609e+01,1.400000000000000000e+01,0.000000000000000000e+00
1.325951480865478516e+01,-1.257681083679199219e+01,1.400000000000000000e+01,0.000000000000000000e+00
2.756026077270507812e+01,-8.721914887428283691e-01,1.100000000000000000e+01,0.000000000000000000e+00
1.192381286621093750e+01,-1.226698112487792969e+01,1.400000000000000000e+01,0.000000000000000000e+00
1.353592014312744141e+01,-1.257543468475341797e+01,1.400000000000000000e+01,0.000000000000000000e+00
1.139370155334472656e+01,-1.207417106628417969e+01,9.000000000000000000e+00,0.000000000000000000e+00
1.300134277343750000e+01,-1.253197002410888672e+01,1.400000000000000000e+01,0.000000000000000000e+00
1.102962589263916016e+01,-1.192103767395019531e+01,1.500000000000000000e+01,0.000000000000000000e+00
1.177717685699462891e+01,-1.237309646606445312e+01,1.400000000000000000e+01,0.000000000000000000e+00
1.259294223785400391e+01,-1.243530082702636719e+01,1.400000000000000000e+01,0.000000000000000000e+00
1.298443126678466797e+01,-1.253019714355468750e+01,1.400000000000000000e+01,0.000000000000000000e+00
1.301070213317871094e+01,-1.254656028747558594e+01,1.400000000000000000e+01,0.000000000000000000e+00
1.122202873229980469e+01,-1.199712371826171875e+01,9.000000000000000000e+00,0.000000000000000000e+00
1.101398658752441406e+01,-1.192568397521972656e+01,1.500000000000000000e+01,0.000000000000000000e+00
1.287375545501708984e+01,-1.246709060668945312e+01,1.400000000000000000e+01,0.000000000000000000e+00
1.298859024047851562e+01,-1.251283168792724609e+01,1.400000000000000000e+01,0.000000000000000000e+00
1.301842975616455078e+01,-1.253394031524658203e+01,1.400000000000000000e+01,0.000000000000000000e+00
1.304101848602294922e+01,-1.253308391571044922e+01,1.400000000000000000e+01,0.000000000000000000e+00
2.756051063537597656e+01,-8.719934821128845215e-01,1.100000000000000000e+01,0.000000000000000000e+00
1.176983737945556641e+01,-1.241114616394042969e+01,9.000000000000000000e+00,0.000000000000000000e+00
1.176573085784912109e+01,-1.235145950317382812e+01,1.400000000000000000e+01,0.000000000000000000e+00
1.202512073516845703e+01,-1.232292079925537109e+01,1.400000000000000000e+01,0.000000000000000000e+00
1.174939155578613281e+01,-1.236214542388916016e+01,1.400000000000000000e+01,0.000000000000000000e+00
2.756027984619140625e+01,-8.721580505371093750e-01,1.100000000000000000e+01,0.000000000000000000e+00
1.342477607727050781e+01,-1.256074905395507812e+01,1.400000000000000000e+01,0.000000000000000000e+00
1.253550720214843750e+01,-1.241810226440429688e+01,1.400000000000000000e+01,0.000000000000000000e+00
1.276319408416748047e+01,-1.248159885406494141e+01,1.400000000000000000e+01,0.000000000000000000e+00
1.116335296630859375e+01,-1.198093795776367188e+01,9.000000000000000000e+00,0.000000000000000000e+00
1.177560329437255859e+01,-1.236946296691894531e+01,1.400000000000000000e+01,0.000000000000000000e+00
1.310874938964843750e+01,-1.256783962249755859e+01,1.400000000000000000e+01,0.000000000000000000e+00
1.105731868743896484e+01,-1.193358230590820312e+01,1.500000000000000000e+01,0.000000000000000000e+00
1.214268970489501953e+01,-1.234362411499023438e+01,1.400000000000000000e+01,0.000000000000000000e+00
1.176210498809814453e+01,-1.237175369262695312e+01,1.400000000000000000e+01,0.000000000000000000e+00
1.197919750213623047e+01,-1.227882194519042969e+01,1.400000000000000000e+01,0.000000000000000000e+00
1.176675224304199219e+01,-1.238106155395507812e+01,1.400000000000000000e+01,0.000000000000000000e+00
1.300757122039794922e+01,-1.250260066986083984e+01,1.400000000000000000e+01,0.000000000000000000e+00
1.189600372314453125e+01,-1.231598472595214844e+01,1.400000000000000000e+01,0.000000000000000000e+00
1.103531932830810547e+01,-1.192154216766357422e+01,1.500000000000000000e+01,0.000000000000000000e+00
1.191483783721923828e+01,-1.236413574218750000e+01,1.400000000000000000e+01,0.000000000000000000e+00
1.169738483428955078e+01,-1.240007019042968750e+01,1.400000000000000000e+01,0.000000000000000000e+00
1.193333053588867188e+01,-1.235050773620605469e+01,1.400000000000000000e+01,0.000000000000000000e+00
1.175558948516845703e+01,-1.237276363372802734e+01,1.400000000000000000e+01,0.000000000000000000e+00
1.366183567047119141e+01,-1.259587192535400391e+01,1.400000000000000000e+01,0.000000000000000000e+00
1.298426055908203125e+01,-1.251189708709716797e+01,1.400000000000000000e+01,0.000000000000000000e+00
1.120763492584228516e+01,-1.198153114318847656e+01,9.000000000000000000e+00,0.000000000000000000e+00
1.191575717926025391e+01,-1.232174873352050781e+01,1.400000000000000000e+01,0.000000000000000000e+00
1.210481452941894531e+01,-1.231179904937744141e+01,1.400000000000000000e+01,0.000000000000000000e+00
2.756039619445800781e+01,-8.721327185630798340e-01,1.100000000000000000e+01,0.000000000000000000e+00
1.292164039611816406e+01,-1.247235584259033203e+01,1.400000000000000000e+01,0.000000000000000000e+00
1.319136238098144531e+01,-1.252125835418701172e+01,1.400000000000000000e+01,0.000000000000000000e+00
1.103448867797851562e+01,-1.192388820648193359e+01,1.500000000000000000e+01,0.000000000000000000e+00
1.211002254486083984e+01,-1.235302543640136719e+01,1.400000000000000000e+01,0.000000000000000000e+00
1.353363323211669922e+01,-1.259516143798828125e+01,1.400000000000000000e+01,0.000000000000000000e+00
1.213454341888427734e+01,-1.234353733062744141e+01,1.400000000000000000e+01,0.000000000000000000e+00
1.358029651641845703e+01,-1.259812545776367188e+01,1.400000000000000000e+01,0.000000000000000000e+00
1.184371089935302734e+01,-1.237199592590332031e+01,1.400000000000000000e+01,0.000000000000000000e+00
1.313859558105468750e+01,-1.254019546508789062e+01,1.400000000000000000e+01,0.000000000000000000e+00
1.205377101898193359e+01,-1.234355449676513672e+01,1.400000000000000000e+01,0.000000000000000000e+00
1.128816795349121094e+01,-1.203436851501464844e+01,1.400000000000000000e+01,0.000000000000000000e+00
1.364948272705078125e+01,-1.259348964691162109e+01,1.400000000000000000e+01,0.000000000000000000e+00
1.305334854125976562e+01,-1.254017543792724609e+01,1.400000000000000000e+01,0.000000000000000000e+00
1.300405406951904297e+01,-1.254258060455322266e+01,1.400000000000000000e+01,0.000000000000000000e+00
1.136455249786376953e+01,-1.205040168762207031e+01,9.000000000000000000e+00,0.000000000000000000e+00
1.203903961181640625e+01,-1.234596157073974609e+01,1.400000000000000000e+01,0.000000000000000000e+00
1.299420642852783203e+01,-1.253924560546875000e+01,1.400000000000000000e+01,0.000000000000000000e+00
1.176576137542724609e+01,-1.236197662353515625e+01,1.400000000000000000e+01,0.000000000000000000e+00
2.756031990051269531e+01,-8.722454905509948730e-01,1.100000000000000000e+01,0.000000000000000000e+00
1.219062519073486328e+01,-1.234751033782958984e+01,1.400000000000000000e+01,0.000000000000000000e+00
1.204503250122070312e+01,-1.233483695983886719e+01,1.400000000000000000e+01,0.000000000000000000e+00
1.362458419799804688e+01,-1.260015583038330078e+01,1.400000000000000000e+01,0.000000000000000000e+00
1.246387481689453125e+01,-1.240774917602539062e+01,1.400000000000000000e+01,0.000000000000000000e+00
1.359901332855224609e+01,-1.259485530853271484e+01,1.400000000000000000e+01,0.000000000000000000e+00
1.206124973297119141e+01,-1.236496925354003906e+01,1.400000000000000000e+01,0.000000000000000000e+00
1.220471477508544922e+01,-1.236416053771972656e+01,1.400000000000000000e+01,0.000000000000000000e+00
1.174858379364013672e+01,-1.239490509033203125e+01,1.400000000000000000e+01,0.000000000000000000e+00
1.205980014801025391e+01,-1.234305286407470703e+01,1.400000000000000000e+01,0.000000000000000000e+00
1.219948863983154297e+01,-1.234294319152832031e+01,1.400000000000000000e+01,0.000000000000000000e+00
1.275069808959960938e+01,-1.246258831024169922e+01,1.400000000000000000e+01,0.000000000000000000e+00
1.314816093444824219e+01,-1.255032253265380859e+01,1.400000000000000000e+01,0.000000000000000000e+00
1.289220905303955078e+01,-1.250593757629394531e+01,1.400000000000000000e+01,0.000000000000000000e+00
1.105012607574462891e+01,-1.193264961242675781e+01,1.500000000000000000e+01,0.000000000000000000e+00
1.299542140960693359e+01,-1.252869606018066406e+01,1.400000000000000000e+01,0.000000000000000000e+00
1.327614212036132812e+01,-1.254464340209960938e+01,1.400000000000000000e+01,0.000000000000000000e+00
1.180713367462158203e+01,-1.235817909240722656e+01,1.400000000000000000e+01,0.000000000000000000e+00
1.205161476135253906e+01,-1.237063694000244141e+01,1.400000000000000000e+01,0.000000000000000000e+00
1.288208198547363281e+01,-1.247286891937255859e+01,1.400000000000000000e+01,0.000000000000000000e+00
1.245267772674560547e+01,-1.240809535980224609e+01,1.400000000000000000e+01,0.000000000000000000e+00
1.256176853179931641e+01,-1.243332481384277344e+01,1.400000000000000000e+01,0.000000000000000000e+00
1.099050998687744141e+01,-1.189540195465087891e+01,1.500000000000000000e+01,0.000000000000000000e+00
1.232839584350585938e+01,-1.238983058929443359e+01,1.400000000000000000e+01,0.000000000000000000e+00
1.340251827239990234e+01,-1.259632682800292969e+01,1.400000000000000000e+01,0.000000000000000000e+00
2.756037139892578125e+01,-8.721599578857421875e-01,1.100000000000000000e+01,0.000000000000000000e+00
1.323595046997070312e+01,-1.251578044891357422e+01,1.400000000000000000e+01,0.000000000000000000e+00
2.756040954589843750e+01,-8.721228241920471191e-01,1.100000000000000000e+01,0.000000000000000000e+00
1.311100578308105469e+01,-1.256253719329833984e+01,1.400000000000000000e+01,0.000000000000000000e+00
1.109971523284912109e+01,-1.194035911560058594e+01,9.000000000000000000e+00,0.000000000000000000e+00
1.358431053161621094e+01,-1.259718894958496094e+01,1.400000000000000000e+01,0.000000000000000000e+00
-8.690643310546875000e-01,1.069040203094482422e+01,1.700000000000000000e+01,0.000000000000000000e+00
7.953910529613494873e-02,1.079987335205078125e+01,1.700000000000000000e+01,0.000000000000000000e+00
-1.125502213835716248e-01,1.043995571136474609e+01,1.700000000000000000e+01,0.000000000000000000e+00
-1.001617833971977234e-01,1.057159042358398438e+01,1.700000000000000000e+01,0.000000000000000000e+00
-8.211017251014709473e-01,1.067271900177001953e+01,1.700000000000000000e+01,0.000000000000000000e+00
-9.605808854103088379e-01,1.062194538116455078e+01,1.700000000000000000e+01,0.000000000000000000e+00
-9.300431013107299805e-01,1.073732089996337891e+01,1.700000000000000000e+01,0.000000000000000000e+00
-1.608617752790451050e-01,1.047560596466064453e+01,1.700000000000000000e+01,0.000000000000000000e+00
-9.556602835655212402e-01,1.070607566833496094e+01,1.700000000000000000e+01,0.000000000000000000e+00
-3.403660655021667480e-01,1.108741188049316406e+01,1.700000000000000000e+01,0.000000000000000000e+00
1.173801183700561523e+00,1.070818519592285156e+01,1.600000000000000000e+01,0.000000000000000000e+00
6.885786354541778564e-02,1.084495544433593750e+01,1.700000000000000000e+01,0.000000000000000000e+00
-9.456958770751953125e-01,1.064117527008056641e+01,1.700000000000000000e+01,0.000000000000000000e+00
-8.591918945312500000e-01,1.073387622833251953e+01,1.700000000000000000e+01,0.000000000000000000e+00
-6.567801833152770996e-01,1.090620326995849609e+01,1.700000000000000000e+01,0.000000000000000000e+00
-9.544029831886291504e-01,1.065395355224609375e+01,1.700000000000000000e+01,0.000000000000000000e+00
-9.770135879516601562e-01,1.064570999145507812e+01,1.700000000000000000e+01,0.000000000000000000e+00
5.556212663650512695e-01,1.067739677429199219e+01,9.000000000000000000e+00,0.000000000000000000e+00
2.121617458760738373e-02,1.071500110626220703e+01,1.700000000000000000e+01,0.000000000000000000e+00
4.631397128105163574e-01,1.055225658416748047e+01,1.700000000000000000e+01,0.000000000000000000e+00
-5.179718732833862305e-01,1.065029525756835938e+01,1.700000000000000000e+01,0.000000000000000000e+00
-3.310300409793853760e-01,1.103944778442382812e+01,1.700000000000000000e+01,0.000000000000000000e+00
4.346515834331512451e-01,1.054751491546630859e+01,1.700000000000000000e+01,0.000000000000000000e+00
3.323146998882293701e-01,1.072764873504638672e+01,1.700000000000000000e+01,0.000000000000000000e+00
-3.819927573204040527e-01,1.102657222747802734e+01,1.700000000000000000e+01,0.000000000000000000e+00
-2.365258187055587769e-01,1.102232837677001953e+01,1.700000000000000000e+01,0.000000000000000000e+00
1.160287857055664062e+00,1.070983219146728516e+01,1.600000000000000000e+01,0.000000000000000000e+00
-1.380710005760192871e-01,1.087403488159179688e+01,1.700000000000000000e+01,0.000000000000000000e+00
-7.130095362663269043e-01,1.079429817199707031e+01,1.700000000000000000e+01,0.000000000000000000e+00
1.207522273063659668e+00,1.069630050659179688e+01,1.600000000000000000e+01,0.000000000000000000e+00
-5.867441892623901367e-01,1.072377109527587891e+01,1.700000000000000000e+01,0.000000000000000000e+00
-4.077156186103820801e-01,1.065240001678466797e+01,1.700000000000000000e+01,0.000000000000000000e+00
-9.407974779605865479e-02,1.045519733428955078e+01,1.700000000000000000e+01,0.000000000000000000e+00
-6.205866113305091858e-02,1.074651241302490234e+01,1.700000000000000000e+01,0.000000000000000000e+00
1.189303636550903320e+00,1.070376873016357422e+01,9.000000000000000000e+00,0.000000000000000000e+00
-8.884949609637260437e-03,1.051802730560302734e+01,1.700000000000000000e+01,0.000000000000000000e+00
-7.402554154396057129e-01,1.076255512237548828e+01,1.700000000000000000e+01,0.000000000000000000e+00
1.187364816665649414e+00,1.070510292053222656e+01,1.600000000000000000e+01,0.000000000000000000e+00
-5.755763128399848938e-02,1.081670188903808594e+01,1.700000000000000000e+01,0.000000000000000000e+00
-7.403401285409927368e-02,1.047398948669433594e+01,9.000000000000000000e+00,0.000000000000000000e+00
-3.155019581317901611e-01,1.103691673278808594e+01,1.700000000000000000e+01,0.000000000000000000e+00
-7.158618569374084473e-01,1.077834987640380859e+01,1.700000000000000000e+01,0.000000000000000000e+00
2.844662368297576904e-01,1.075744342803955078e+01,1.700000000000000000e+01,0.000000000000000000e+00
-3.582496941089630127e-01,1.102145290374755859e+01,1.700000000000000000e+01,0.000000000000000000e+00
-5.768418312072753906e-01,1.081634998321533203e+01,1.700000000000000000e+01,0.000000000000000000e+00
-5.267434120178222656e-01,1.072091293334960938e+01,1.700000000000000000e+01,0.000000000000000000e+00
1.424031704664230347e-02,1.075515937805175781e+01,1.700000000000000000e+01,0.000000000000000000e+00
-4.000839889049530029e-01,1.103324508666992188e+01,1.700000000000000000e+01,0.000000000000000000e+00
3.647340228781104088e-03,1.075165653228759766e+01,1.700000000000000000e+01,0.000000000000000000e+00
-1.476121097803115845e-01,1.062380409240722656e+01,1.700000000000000000e+01,0.000000000000000000e+00
4.550122618675231934e-01,1.058783912658691406e+01,1.700000000000000000e+01,0.000000000000000000e+00
4.895827919244766235e-02,1.074302577972412109e+01,1.700000000000000000e+01,0.000000000000000000e+00
-2.540974915027618408e-01,1.055391120910644531e+01,1.700000000000000000e+01,0.000000000000000000e+00
-6.357000470161437988e-01,1.070247554779052734e+01,1.700000000000000000e+01,0.000000000000000000e+00
4.501085579395294189e-01,1.069398784637451172e+01,1.700000000000000000e+01,0.000000000000000000e+00
1.077288091182708740e-01,1.081089878082275391e+01,1.700000000000000000e+01,0.000000000000000000e+00
-9.775232523679733276e-02,1.046912479400634766e+01,1.700000000000000000e+01,0.000000000000000000e+00
-6.374756693840026855e-01,1.071965122222900391e+01,1.700000000000000000e+01,0.000000000000000000e+00
-6.791617870330810547e-01,1.075251197814941406e+01,1.700000000000000000e+01,0.000000000000000000e+00
1.194511294364929199e+00,1.071393680572509766e+01,1.600000000000000000e+01,0.000000000000000000e+00
1.003146916627883911e-01,1.066587162017822266e+01,1.700000000000000000e+01,0.000000000000000000e+00
-3.456538319587707520e-01,1.078121376037597656e+01,1.700000000000000000e+01,0.000000000000000000e+00
-1.849150210618972778e-01,1.068080425262451172e+01,1.700000000000000000e+01,0.000000000000000000e+00
-5.577318072319030762e-01,1.076688766479492188e+01,1.700000000000000000e+01,0.000000000000000000e+00
-1.769825816154479980e-01,1.043820858001708984e+01,1.700000000000000000e+01,0.000000000000000000e+00
-9.439396858215332031e-01,1.061107635498046875e+01,1.700000000000000000e+01,0.000000000000000000e+00
-1.239588707685470581e-01,1.074849128723144531e+01,1.700000000000000000e+01,0.000000000000000000e+00
-9.612157940864562988e-01,1.062734699249267578e+01,1.700000000000000000e+01,0.000000000000000000e+00
-5.192716792225837708e-02,1.055922222137451172e+01,1.700000000000000000e+01,0.000000000000000000e+00
1.461810767650604248e-01,1.082574081420898438e+01,1.700000000000000000e+01,0.000000000000000000e+00
1.179127812385559082e+00,1.071042633056640625e+01,1.600000000000000000e+01,0.000000000000000000e+00
-2.348549664020538330e-01,1.046038150787353516e+01,1.700000000000000000e+01,0.000000000000000000e+00
-3.741871714591979980e-01,1.106456089019775391e+01,1.700000000000000000e+01,0.000000000000000000e+00
5.223640799522399902e-01,1.060928344726562500e+01,1.700000000000000000e+01,0.000000000000000000e+00
-5.314316749572753906e-01,1.071150779724121094e+01,1.700000000000000000e+01,0.000000000000000000e+00
-9.582328200340270996e-01,1.062191104888916016e+01,1.700000000000000000e+01,0.000000000000000000e+00
7.466165721416473389e-02,1.071901416778564453e+01,1.700000000000000000e+01,0.000000000000000000e+00
-9.104286432266235352e-01,1.068016719818115234e+01,1.700000000000000000e+01,0.000000000000000000e+00
6.721599400043487549e-02,1.081323051452636719e+01,1.700000000000000000e+01,0.000000000000000000e+00
-7.697819173336029053e-02,1.086528491973876953e+01,1.700000000000000000e+01,0.000000000000000000e+00
5.294299721717834473e-01,1.061294555664062500e+01,1.700000000000000000e+01,0.000000000000000000e+00
4.681366384029388428e-01,1.057678604125976562e+01,1.700000000000000000e+01,0.000000000000000000e+00
1.688362658023834229e-02,1.074230194091796875e+01,1.700000000000000000e+01,0.000000000000000000e+00
4.775696992874145508e-01,1.067954826354980469e+01,1.700000000000000000e+01,0.000000000000000000e+00
1.195640921592712402e+00,1.070684528350830078e+01,1.600000000000000000e+01,0.000000000000000000e+00
-4.874258115887641907e-02,1.052636051177978516e+01,1.700000000000000000e+01,0.000000000000000000e+00
-2.983415685594081879e-02,1.074396610260009766e+01,1.700000000000000000e+01,0.000000000000000000e+00
5.381170511245727539e-01,1.068684005737304688e+01,9.000000000000000000e+00,0.000000000000000000e+00
-7.949369549751281738e-01,1.075791645050048828e+01,1.700000000000000000e+01,0.000000000000000000e+00
-4.260597750544548035e-02,1.057759189605712891e+01,1.700000000000000000e+01,0.000000000000000000e+00
-4.402886927127838135e-01,1.104896640777587891e+01,1.700000000000000000e+01,0.000000000000000000e+00
9.489070177078247070e-01,1.071522331237792969e+01,1.600000000000000000e+01,0.000000000000000000e+00
-5.123134851455688477e-01,1.070473003387451172e+01,1.700000000000000000e+01,0.000000000000000000e+00
-9.140614867210388184e-01,1.076764392852783203e+01,1.700000000000000000e+01,0.000000000000000000e+00
-5.456827953457832336e-02,1.076164627075195312e+01,1.700000000000000000e+01,0.000000000000000000e+00
-1.369421035051345825e-01,1.083741760253906250e+01,1.700000000000000000e+01,0.000000000000000000e+00
-1.892630592919886112e-03,1.068562793731689453e+01,1.700000000000000000e+01,0.000000000000000000e+00
5.249092578887939453e-01,1.062089538574218750e+01,1.700000000000000000e+01,0.000000000000000000e+00
3.948697820305824280e-02,1.072236824035644531e+01,1.700000000000000000e+01,0.000000000000000000e+00
-6.432141065597534180e-01,1.074215507507324219e+01,1.700000000000000000e+01,0.000000000000000000e+00
4.120419323444366455e-01,1.069396305084228516e+01,1.700000000000000000e+01,0.000000000000000000e+00
-1.814954169094562531e-02,1.049178695678710938e+01,1.700000000000000000e+01,0.000000000000000000e+00
-9.071543812751770020e-01,1.062957763671875000e+01,1.700000000000000000e+01,0.000000000000000000e+00
-1.477460712194442749e-01,1.083479404449462891e+01,1.700000000000000000e+01,0.000000000000000000e+00
-3.627101182937622070e-01,1.111565589904785156e+01,9.000000000000000000e+00,0.000000000000000000e+00
-3.921760618686676025e-01,1.059561729431152344e+01,1.700000000000000000e+01,0.000000000000000000e+00
1.065067291259765625e+00,1.071342468261718750e+01,9.000000000000000000e+00,0.000000000000000000e+00
-9.354418516159057617e-01,1.071268177032470703e+01,1.700000000000000000e+01,0.000000000000000000e+00
-2.736476361751556396e-01,1.104234504699707031e+01,9.000000000000000000e+00,0.000000000000000000e+00
1.154936790466308594e+00,1.072294139862060547e+01,1.600000000000000000e+01,0.000000000000000000e+00
-8.157238960266113281e-01,1.070211791992187500e+01,1.700000000000000000e+01,0.000000000000000000e+00
7.264374196529388428e-02,1.083652782440185547e+01,1.700000000000000000e+01,0.000000000000000000e+00
5.136777162551879883e-01,1.058294582366943359e+01,1.700000000000000000e+01,0.000000000000000000e+00
-9.045009016990661621e-01,1.066159725189208984e+01,1.700000000000000000e+01,0.000000000000000000e+00
-9.705852270126342773e-01,1.069402980804443359e+01,1.700000000000000000e+01,0.000000000000000000e+00
4.370084106922149658e-01,1.072808074951171875e+01,1.700000000000000000e+01,0.000000000000000000e+00
9.315012022852897644e-03,1.095045089721679688e+01,9.000000000000000000e+00,0.000000000000000000e+00
-3.845083713531494141e-01,1.104811668395996094e+01,1.700000000000000000e+01,0.000000000000000000e+00
3.716778755187988281e-01,1.077247714996337891e+01,1.700000000000000000e+01,0.000000000000000000e+00
-7.333217859268188477e-01,1.061935043334960938e+01,1.700000000000000000e+01,0.000000000000000000e+00
-7.761357426643371582e-01,1.078435802459716797e+01,1.700000000000000000e+01,0.000000000000000000e+00
3.686379492282867432e-01,1.073218059539794922e+01,1.700000000000000000e+01,0.000000000000000000e+00
1.199843406677246094e+00,1.070734214782714844e+01,1.600000000000000000e+01,0.000000000000000000e+00
-1.173802241683006287e-01,1.084548473358154297e+01,1.700000000000000000e+01,0.000000000000000000e+00
-5.236179009079933167e-02,1.079180812835693359e+01,1.700000000000000000e+01,0.000000000000000000e+00
-4.100081622600555420e-01,1.105081462860107422e+01,1.700000000000000000e+01,0.000000000000000000e+00
-4.889575541019439697e-01,1.098404312133789062e+01,1.700000000000000000e+01,0.000000000000000000e+00
-9.285033345222473145e-01,1.071690273284912109e+01,1.700000000000000000e+01,0.000000000000000000e+00
1.167951941490173340e+00,1.070775604248046875e+01,1.600000000000000000e+01,0.000000000000000000e+00
4.333108663558959961e-01,1.068354129791259766e+01,1.700000000000000000e+01,0.000000000000000000e+00
-7.524437308311462402e-01,1.073487854003906250e+01,1.700000000000000000e+01,0.000000000000000000e+00
4.364868402481079102e-01,1.068753814697265625e+01,1.700000000000000000e+01,0.000000000000000000e+00
-6.988219022750854492e-01,1.080677890777587891e+01,1.700000000000000000e+01,0.000000000000000000e+00
2.495329231023788452e-01,1.080923843383789062e+01,1.700000000000000000e+01,0.000000000000000000e+00
-9.717109203338623047e-01,1.060129356384277344e+01,1.700000000000000000e+01,0.000000000000000000e+00
-2.541497349739074707e-01,1.100416851043701172e+01,1.700000000000000000e+01,0.000000000000000000e+00
-1.927390098571777344e-01,1.084606361389160156e+01,1.700000000000000000e+01,0.000000000000000000e+00
3.821044266223907471e-01,1.078030204772949219e+01,1.700000000000000000e+01,0.000000000000000000e+00
-3.137323260307312012e-01,1.103415775299072266e+01,1.700000000000000000e+01,0.000000000000000000e+00
-4.101848900318145752e-01,1.064595317840576172e+01,1.700000000000000000e+01,0.000000000000000000e+00
-9.411921501159667969e-01,1.061498069763183594e+01,1.700000000000000000e+01,0.000000000000000000e+00
-8.823987245559692383e-01,1.056726360321044922e+01,1.700000000000000000e+01,0.000000000000000000e+00
1.161779880523681641e+00,1.073069953918457031e+01,1.600000000000000000e+01,0.000000000000000000e+00
-9.152458906173706055e-01,1.061877918243408203e+01,1.700000000000000000e+01,0.000000000000000000e+00
-8.684092760086059570e-02,1.049654579162597656e+01,1.700000000000000000e+01,0.000000000000000000e+00
-3.534741997718811035e-01,1.106917190551757812e+01,1.700000000000000000e+01,0.000000000000000000e+00
-2.743892669677734375e-01,1.101662540435791016e+01,1.700000000000000000e+01,0.000000000000000000e+00
5.277133584022521973e-01,1.064139842987060547e+01,1.700000000000000000e+01,0.000000000000000000e+00
-1.351864486932754517e-01,1.079174613952636719e+01,1.700000000000000000e+01,0.000000000000000000e+00
-5.495635271072387695e-01,1.054600906372070312e+01,1.700000000000000000e+01,0.000000000000000000e+00
-6.323339343070983887e-01,1.073968410491943359e+01,1.700000000000000000e+01,0.000000000000000000e+00
4.724833071231842041e-01,1.061037063598632812e+01,1.700000000000000000e+01,0.000000000000000000e+00
-1.707861572504043579e-01,1.042621135711669922e+01,1.700000000000000000e+01,0.000000000000000000e+00
-4.403285384178161621e-01,1.066826629638671875e+01,1.700000000000000000e+01,0.000000000000000000e+00
5.188744515180587769e-02,1.082512855529785156e+01,9.000000000000000000e+00,0.000000000000000000e+00
4.806385338306427002e-01,1.062940979003906250e+01,1.700000000000000000e+01,0.000000000000000000e+00
-3.149468451738357544e-02,1.071026229858398438e+01,1.700000000000000000e+01,0.000000000000000000e+00
1.186330437660217285e+00,1.070723438262939453e+01,1.600000000000000000e+01,0.000000000000000000e+00
-2.513901591300964355e-01,1.094666576385498047e+01,1.700000000000000000e+01,0.000000000000000000e+00
-8.511747717857360840e-01,1.073776626586914062e+01,1.700000000000000000e+01,0.000000000000000000e+00
-9.105637669563293457e-01,1.069559955596923828e+01,1.700000000000000000e+01,0.000000000000000000e+00
-6.061106920242309570e-02,1.046511268615722656e+01,1.700000000000000000e+01,0.000000000000000000e+00
1.186468243598937988e+00,1.072498798370361328e+01,1.600000000000000000e+01,0.000000000000000000e+00
2.711954340338706970e-02,1.079040527343750000e+01,1.700000000000000000e+01,0.000000000000000000e+00
4.826456010341644287e-01,1.064770698547363281e+01,1.700000000000000000e+01,0.000000000000000000e+00
-9.568898081779479980e-01,1.063927364349365234e+01,1.700000000000000000e+01,0.000000000000000000e+00
4.721429646015167236e-01,1.064629745483398438e+01,1.700000000000000000e+01,0.000000000000000000e+00
-3.771522939205169678e-01,1.111850070953369141e+01,9.000000000000000000e+00,0.000000000000000000e+00
-9.647487998008728027e-01,1.063151645660400391e+01,9.000000000000000000e+00,0.000000000000000000e+00
-9.235782623291015625e-01,1.074591255187988281e+01,1.700000000000000000e+01,0.000000000000000000e+00
-9.765856862068176270e-01,1.066710567474365234e+01,1.700000000000000000e+01,0.000000000000000000e+00
1.082181096076965332e+00,1.071855449676513672e+01,9.000000000000000000e+00,0.000000000000000000e+00
-5.607130527496337891e-01,1.068183231353759766e+01,1.700000000000000000e+01,0.000000000000000000e+00
-1.649252474308013916e-01,1.046097755432128906e+01,1.700000000000000000e+01,0.000000000000000000e+00
-5.963761359453201294e-02,1.059720611572265625e+01,1.700000000000000000e+01,0.000000000000000000e+00
-2.954441495239734650e-02,1.078371620178222656e+01,1.700000000000000000e+01,0.000000000000000000e+00
3.808064162731170654e-01,1.052020931243896484e+01,1.700000000000000000e+01,0.000000000000000000e+00
-8.239796161651611328e-01,1.059268283843994141e+01,1.700000000000000000e+01,0.000000000000000000e+00
-4.954575598239898682e-01,1.094436931610107422e+01,1.700000000000000000e+01,0.000000000000000000e+00
1.198665738105773926e+00,1.071065998077392578e+01,1.600000000000000000e+01,0.000000000000000000e+00
2.290107011795043945e-01,1.051553058624267578e+01,1.700000000000000000e+01,0.000000000000000000e+00
-2.082250863313674927e-01,1.084747219085693359e+01,1.700000000000000000e+01,0.000000000000000000e+00
-6.091542243957519531e-01,1.064029121398925781e+01,1.700000000000000000e+01,0.000000000000000000e+00
4.026865586638450623e-02,1.081478023529052734e+01,1.700000000000000000e+01,0.000000000000000000e+00
1.202059909701347351e-01,1.089438724517822266e+01,9.000000000000000000e+00,0.000000000000000000e+00
-7.599670290946960449e-01,1.070826721191406250e+01,1.700000000000000000e+01,0.000000000000000000e+00
-2.256944477558135986e-01,1.065017509460449219e+01,1.700000000000000000e+01,0.000000000000000000e+00
1.196398854255676270e+00,1.069616317749023438e+01,9.000000000000000000e+00,0.000000000000000000e+00
-1.668912619352340698e-01,1.040957450866699219e+01,1.700000000000000000e+01,0.000000000000000000e+00
3.211067020893096924e-01,1.076268196105957031e+01,1.700000000000000000e+01,0.000000000000000000e+00
1.210241317749023438e+00,1.070497894287109375e+01,1.600000000000000000e+01,0.000000000000000000e+00
-9.481289237737655640e-02,1.083837699890136719e+01,1.700000000000000000e+01,0.000000000000000000e+00
-2.726860940456390381e-01,1.090456962585449219e+01,1.700000000000000000e+01,0.000000000000000000e+00
-1.066155135631561279e-01,1.046064949035644531e+01,1.700000000000000000e+01,0.000000000000000000e+00
5.110766291618347168e-01,1.060327720642089844e+01,1.700000000000000000e+01,0.000000000000000000e+00
-6.733809709548950195e-01,1.088766098022460938e+01,1.700000000000000000e+01,0.000000000000000000e+00
4.967766404151916504e-01,1.055951404571533203e+01,1.700000000000000000e+01,0.000000000000000000e+00
4.624957442283630371e-01,1.057942295074462891e+01,1.700000000000000000e+01,0.000000000000000000e+00
1.219513893127441406e+01,-1.235743999481201172e+01,1.400000000000000000e+01,0.000000000000000000e+00
1.182954668998718262e+00,1.070816516876220703e+01,1.600000000000000000e+01,0.000000000000000000e+00
1.107651591300964355e+00,1.070315456390380859e+01,9.000000000000000000e+00,0.000000000000000000e+00
-2.548366785049438477e-01,1.100602912902832031e+01,1.700000000000000000e+01,0.000000000000000000e+00
1.204252600669860840e+00,1.070176792144775391e+01,9.000000000000000000e+00,0.000000000000000000e+00
-1.841762065887451172e-01,1.098269748687744141e+01,1.700000000000000000e+01,0.000000000000000000e+00
1.198738694190979004e+00,1.070600795745849609e+01,1.600000000000000000e+01,0.000000000000000000e+00
-2.862468659877777100e-01,1.076138114929199219e+01,1.700000000000000000e+01,0.000000000000000000e+00
-9.323726296424865723e-01,1.061510467529296875e+01,1.700000000000000000e+01,0.000000000000000000e+00
4.411387071013450623e-02,1.045090007781982422e+01,1.700000000000000000e+01,0.000000000000000000e+00
-2.866945862770080566e-01,1.067869186401367188e+01,1.700000000000000000e+01,0.000000000000000000e+00
-5.905321985483169556e-02,1.077963733673095703e+01,1.700000000000000000e+01,0.000000000000000000e+00
1.838379669189453125e+01,1.105458450317382812e+01,2.000000000000000000e+01,0.000000000000000000e+00
1.898462295532226562e+01,1.120528984069824219e+01,2.000000000000000000e+01,0.000000000000000000e+00
1.995421600341796875e+01,1.166241264343261719e+01,2.000000000000000000e+01,0.000000000000000000e+00
1.826740837097167969e+01,1.100093078613281250e+01,2.000000000000000000e+01,0.000000000000000000e+00
1.995086479187011719e+01,1.161940574645996094e+01,2.000000000000000000e+01,0.000000000000000000e+00
1.825905227661132812e+01,1.097945308685302734e+01,2.000000000000000000e+01,0.000000000000000000e+00
1.980434608459472656e+01,1.149737262725830078e+01,2.000000000000000000e+01,0.000000000000000000e+00
1.979875564575195312e+01,1.139164829254150391e+01,2.000000000000000000e+01,0.000000000000000000e+00
1.899945449829101562e+01,1.140769100189208984e+01,2.000000000000000000e+01,0.000000000000000000e+00
1.798846244812011719e+01,1.077428054809570312e+01,2.000000000000000000e+01,0.000000000000000000e+00
1.840470695495605469e+01,1.104811286926269531e+01,2.000000000000000000e+01,0.000000000000000000e+00
1.984646606445312500e+01,1.169208526611328125e+01,2.000000000000000000e+01,0.000000000000000000e+00
1.821348762512207031e+01,1.096892642974853516e+01,2.000000000000000000e+01,0.000000000000000000e+00
1.913164710998535156e+01,1.158514213562011719e+01,2.000000000000000000e+01,0.000000000000000000e+00
1.958811569213867188e+01,1.140321922302246094e+01,2.000000000000000000e+01,0.000000000000000000e+00
1.998433303833007812e+01,1.153552627563476562e+01,2.000000000000000000e+01,0.000000000000000000e+00
1.829260063171386719e+01,1.099204158782958984e+01,2.000000000000000000e+01,0.000000000000000000e+00
1.956603240966796875e+01,1.167593383789062500e+01,2.000000000000000000e+01,0.000000000000000000e+00
1.986499023437500000e+01,1.129147529602050781e+01,2.000000000000000000e+01,0.000000000000000000e+00
1.928406715393066406e+01,1.169559097290039062e+01,2.000000000000000000e+01,0.000000000000000000e+00
1.960544776916503906e+01,1.167691326141357422e+01,2.000000000000000000e+01,0.000000000000000000e+00
1.881190490722656250e+01,1.122678947448730469e+01,2.000000000000000000e+01,0.000000000000000000e+00
1.801419448852539062e+01,1.080023097991943359e+01,2.000000000000000000e+01,0.000000000000000000e+00
1.950022888183593750e+01,1.117465114593505859e+01,2.000000000000000000e+01,0.000000000000000000e+00
1.937306022644042969e+01,9.722681045532226562e+00,9.000000000000000000e+00,0.000000000000000000e+00
1.959570693969726562e+01,1.157803249359130859e+01,2.000000000000000000e+01,0.000000000000000000e+00
1.940107536315917969e+01,1.162543487548828125e+01,2.000000000000000000e+01,0.000000000000000000e+00
1.968700599670410156e+01,1.139328765869140625e+01,2.000000000000000000e+01,0.000000000000000000e+00
1.994901657104492188e+01,1.138229465484619141e+01,2.000000000000000000e+01,0.000000000000000000e+00
1.950462913513183594e+01,1.130685234069824219e+01,2.000000000000000000e+01,0.000000000000000000e+00
1.906439208984375000e+01,1.120788764953613281e+01,2.000000000000000000e+01,0.000000000000000000e+00
1.928106307983398438e+01,1.154788303375244141e+01,2.000000000000000000e+01,0.000000000000000000e+00
1.994210052490234375e+01,1.159667110443115234e+01,9.000000000000000000e+00,0.000000000000000000e+00
1.903098106384277344e+01,1.143684196472167969e+01,2.000000000000000000e+01,0.000000000000000000e+00
1.918641471862792969e+01,1.121799468994140625e+01,2.000000000000000000e+01,0.000000000000000000e+00
1.945571708679199219e+01,1.171768569946289062e+01,2.000000000000000000e+01,0.000000000000000000e+00
1.912029075622558594e+01,1.150726318359375000e+01,2.000000000000000000e+01,0.000000000000000000e+00
1.994252395629882812e+01,1.142627143859863281e+01,2.000000000000000000e+01,0.000000000000000000e+00
1.952878189086914062e+01,1.168791675567626953e+01,2.000000000000000000e+01,0.000000000000000000e+00
1.828202629089355469e+01,1.101263427734375000e+01,2.000000000000000000e+01,0.000000000000000000e+00
1.954618644714355469e+01,1.147643280029296875e+01,2.000000000000000000e+01,0.000000000000000000e+00
1.954405403137207031e+01,1.130599308013916016e+01,2.000000000000000000e+01,0.000000000000000000e+00
1.901933288574218750e+01,1.121717357635498047e+01,2.000000000000000000e+01,0.000000000000000000e+00
1.955361557006835938e+01,1.165641784667968750e+01,2.000000000000000000e+01,0.000000000000000000e+00
1.833530807495117188e+01,1.101836299896240234e+01,2.000000000000000000e+01,0.000000000000000000e+00
1.952029609680175781e+01,1.167432022094726562e+01,2.000000000000000000e+01,0.000000000000000000e+00
1.979054832458496094e+01,1.173702049255371094e+01,2.000000000000000000e+01,0.000000000000000000e+00
1.970808219909667969e+01,1.161873626708984375e+01,2.000000000000000000e+01,0.000000000000000000e+00
1.899774169921875000e+01,1.140837574005126953e+01,2.000000000000000000e+01,0.000000000000000000e+00
1.881095695495605469e+01,1.125793266296386719e+01,2.000000000000000000e+01,0.000000000000000000e+00
1.906310081481933594e+01,1.154171085357666016e+01,2.000000000000000000e+01,0.000000000000000000e+00
1.983419990539550781e+01,1.130756282806396484e+01,2.000000000000000000e+01,0.000000000000000000e+00
1.937698936462402344e+01,1.115072154998779297e+01,2.000000000000000000e+01,0.000000000000000000e+00
1.828360366821289062e+01,1.099733734130859375e+01,2.000000000000000000e+01,0.000000000000000000e+00
1.948749542236328125e+01,1.122425842285156250e+01,2.000000000000000000e+01,0.000000000000000000e+00
1.982341766357421875e+01,1.168625259399414062e+01,2.000000000000000000e+01,0.000000000000000000e+00
1.911258506774902344e+01,1.148096275329589844e+01,2.000000000000000000e+01,0.000000000000000000e+00
1.879624938964843750e+01,1.124639892578125000e+01,2.000000000000000000e+01,0.000000000000000000e+00
1.941365432739257812e+01,1.131341743469238281e+01,2.000000000000000000e+01,0.000000000000000000e+00
1.991008758544921875e+01,1.167243289947509766e+01,2.000000000000000000e+01,0.000000000000000000e+00
1.951455116271972656e+01,1.165843296051025391e+01,2.000000000000000000e+01,0.000000000000000000e+00
1.917303657531738281e+01,1.159597873687744141e+01,2.000000000000000000e+01,0.000000000000000000e+00
1.907723426818847656e+01,1.139298820495605469e+01,2.000000000000000000e+01,0.000000000000000000e+00
1.903079605102539062e+01,1.145257377624511719e+01,2.000000000000000000e+01,0.000000000000000000e+00
1.941820335388183594e+01,1.166234874725341797e+01,2.000000000000000000e+01,0.000000000000000000e+00
1.905107879638671875e+01,1.138404560089111328e+01,2.000000000000000000e+01,0.000000000000000000e+00
1.972557640075683594e+01,1.156855678558349609e+01,2.000000000000000000e+01,0.000000000000000000e+00
1.875797271728515625e+01,1.000531482696533203e+01,9.000000000000000000e+00,0.000000000000000000e+00
1.965855407714843750e+01,1.164715385437011719e+01,2.000000000000000000e+01,0.000000000000000000e+00
1.947176742553710938e+01,1.119743728637695312e+01,2.000000000000000000e+01,0.000000000000000000e+00
1.887285232543945312e+01,1.130219554901123047e+01,2.000000000000000000e+01,0.000000000000000000e+00
1.863386154174804688e+01,1.116576671600341797e+01,2.000000000000000000e+01,0.000000000000000000e+00
1.973331260681152344e+01,1.112856864929199219e+01,2.000000000000000000e+01,0.000000000000000000e+00
1.992290115356445312e+01,1.165873527526855469e+01,2.000000000000000000e+01,0.000000000000000000e+00
1.910399818420410156e+01,1.155177879333496094e+01,2.000000000000000000e+01,0.000000000000000000e+00
1.923810005187988281e+01,1.152553272247314453e+01,2.000000000000000000e+01,0.000000000000000000e+00
1.945096588134765625e+01,1.148436450958251953e+01,2.000000000000000000e+01,0.000000000000000000e+00
1.818525123596191406e+01,1.096223831176757812e+01,2.000000000000000000e+01,0.000000000000000000e+00
1.955633544921875000e+01,1.119827651977539062e+01,2.000000000000000000e+01,0.000000000000000000e+00
1.834698104858398438e+01,1.102543258666992188e+01,2.000000000000000000e+01,0.000000000000000000e+00
1.916270065307617188e+01,1.154121017456054688e+01,2.000000000000000000e+01,0.000000000000000000e+00
1.975529479980468750e+01,1.139093685150146484e+01,2.000000000000000000e+01,0.000000000000000000e+00
1.882764053344726562e+01,1.127875232696533203e+01,2.000000000000000000e+01,0.000000000000000000e+00
1.978607559204101562e+01,1.107238101959228516e+01,2.000000000000000000e+01,0.000000000000000000e+00
1.994021987915039062e+01,1.135157871246337891e+01,2.000000000000000000e+01,0.000000000000000000e+00
1.866929626464843750e+01,1.116862392425537109e+01,2.000000000000000000e+01,0.000000000000000000e+00
1.963645935058593750e+01,1.132896041870117188e+01,2.000000000000000000e+01,0.000000000000000000e+00
1.913323402404785156e+01,1.157466983795166016e+01,2.000000000000000000e+01,0.000000000000000000e+00
1.835027122497558594e+01,1.103689479827880859e+01,2.000000000000000000e+01,0.000000000000000000e+00
1.988457870483398438e+01,1.134809494018554688e+01,2.000000000000000000e+01,0.000000000000000000e+00
1.918652725219726562e+01,1.154100704193115234e+01,2.000000000000000000e+01,0.000000000000000000e+00
1.869396972656250000e+01,1.117890644073486328e+01,2.000000000000000000e+01,0.000000000000000000e+00
1.925055694580078125e+01,1.156488895416259766e+01,2.000000000000000000e+01,0.000000000000000000e+00
1.959498786926269531e+01,1.169531059265136719e+01,2.000000000000000000e+01,0.000000000000000000e+00
1.995247840881347656e+01,1.154779624938964844e+01,2.000000000000000000e+01,0.000000000000000000e+00
1.905815887451171875e+01,1.139528846740722656e+01,2.000000000000000000e+01,0.000000000000000000e+00
1.953906440734863281e+01,1.118921089172363281e+01,2.000000000000000000e+01,0.000000000000000000e+00
1.907795524597167969e+01,1.134210968017578125e+01,2.000000000000000000e+01,0.000000000000000000e+00
1.912766075134277344e+01,1.154688262939453125e+01,2.000000000000000000e+01,0.000000000000000000e+00
1.808705711364746094e+01,1.078947734832763672e+01,2.000000000000000000e+01,0.000000000000000000e+00
1.826656532287597656e+01,1.098340702056884766e+01,2.000000000000000000e+01,0.000000000000000000e+00
1.984904670715332031e+01,1.168895053863525391e+01,2.000000000000000000e+01,0.000000000000000000e+00
1.903786277770996094e+01,1.141211128234863281e+01,2.000000000000000000e+01,0.000000000000000000e+00
1.985649490356445312e+01,1.122524070739746094e+01,2.000000000000000000e+01,0.000000000000000000e+00
1.942900085449218750e+01,1.113695716857910156e+01,2.000000000000000000e+01,0.000000000000000000e+00
1.836801338195800781e+01,1.105567073822021484e+01,2.000000000000000000e+01,0.000000000000000000e+00
1.994422912597656250e+01,1.165168476104736328e+01,2.000000000000000000e+01,0.000000000000000000e+00
1.974774169921875000e+01,1.169290828704833984e+01,2.000000000000000000e+01,0.000000000000000000e+00
1.938314628601074219e+01,1.119839954376220703e+01,9.000000000000000000e+00,0.000000000000000000e+00
1.985705947875976562e+01,1.137767028808593750e+01,2.000000000000000000e+01,0.000000000000000000e+00
1.880175018310546875e+01,1.125104236602783203e+01,2.000000000000000000e+01,0.000000000000000000e+00
1.993270492553710938e+01,1.156781768798828125e+01,2.000000000000000000e+01,0.000000000000000000e+00
1.952276992797851562e+01,1.141834259033203125e+01,2.000000000000000000e+01,0.000000000000000000e+00
1.994539451599121094e+01,1.134045886993408203e+01,2.000000000000000000e+01,0.000000000000000000e+00
1.980310440063476562e+01,1.140131759643554688e+01,2.000000000000000000e+01,0.000000000000000000e+00
1.979905128479003906e+01,1.111595726013183594e+01,2.000000000000000000e+01,0.000000000000000000e+00
1.831982421875000000e+01,1.100155544281005859e+01,2.000000000000000000e+01,0.000000000000000000e+00
1.910663223266601562e+01,1.149257755279541016e+01,2.000000000000000000e+01,0.000000000000000000e+00
1.950732994079589844e+01,1.105667591094970703e+01,2.000000000000000000e+01,0.000000000000000000e+00
1.898063850402832031e+01,1.129981231689453125e+01,2.000000000000000000e+01,0.000000000000000000e+00
1.944959449768066406e+01,1.119370460510253906e+01,2.000000000000000000e+01,0.000000000000000000e+00
1.905014610290527344e+01,1.130578041076660156e+01,2.000000000000000000e+01,0.000000000000000000e+00
1.950877380371093750e+01,1.164218711853027344e+01,2.000000000000000000e+01,0.000000000000000000e+00
1.994409370422363281e+01,1.145583152770996094e+01,2.000000000000000000e+01,0.000000000000000000e+00
1.915708541870117188e+01,1.154992008209228516e+01,2.000000000000000000e+01,0.000000000000000000e+00
1.915310859680175781e+01,1.161542129516601562e+01,2.000000000000000000e+01,0.000000000000000000e+00
1.997556686401367188e+01,1.146565818786621094e+01,2.000000000000000000e+01,0.000000000000000000e+00
1.827798080444335938e+01,1.095097541809082031e+01,2.000000000000000000e+01,0.000000000000000000e+00
1.943001556396484375e+01,1.167308616638183594e+01,2.000000000000000000e+01,0.000000000000000000e+00
1.983592605590820312e+01,1.114217948913574219e+01,2.000000000000000000e+01,0.000000000000000000e+00
1.944472694396972656e+01,1.122793960571289062e+01,2.000000000000000000e+01,0.000000000000000000e+00
1.995322608947753906e+01,1.159077930450439453e+01,2.000000000000000000e+01,0.000000000000000000e+00
1.819826698303222656e+01,1.094387912750244141e+01,2.000000000000000000e+01,0.000000000000000000e+00
1.947731781005859375e+01,1.121989345550537109e+01,2.000000000000000000e+01,0.000000000000000000e+00
1.917853355407714844e+01,1.149910259246826172e+01,2.000000000000000000e+01,0.000000000000000000e+00
1.767393684387207031e+01,1.065747642517089844e+01,2.000000000000000000e+01,0.000000000000000000e+00
1.978335571289062500e+01,1.145655822753906250e+01,2.000000000000000000e+01,0.000000000000000000e+00
1.781218147277832031e+01,1.077847480773925781e+01,2.000000000000000000e+01,0.000000000000000000e+00
1.953195190429687500e+01,1.169223022460937500e+01,2.000000000000000000e+01,0.000000000000000000e+00
1.924233055114746094e+01,1.123526096343994141e+01,9.000000000000000000e+00,0.000000000000000000e+00
1.895773124694824219e+01,1.124180412292480469e+01,2.000000000000000000e+01,0.000000000000000000e+00
1.998135757446289062e+01,1.156837081909179688e+01,2.000000000000000000e+01,0.000000000000000000e+00
1.820981979370117188e+01,1.092748737335205078e+01,2.000000000000000000e+01,0.000000000000000000e+00
1.887682342529296875e+01,1.131693267822265625e+01,2.000000000000000000e+01,0.000000000000000000e+00
1.956977081298828125e+01,1.166142940521240234e+01,2.000000000000000000e+01,0.000000000000000000e+00
1.905970764160156250e+01,1.151187324523925781e+01,2.000000000000000000e+01,0.000000000000000000e+00
1.859494590759277344e+01,1.114554500579833984e+01,2.000000000000000000e+01,0.000000000000000000e+00
1.789314270019531250e+01,1.077949714660644531e+01,2.000000000000000000e+01,0.000000000000000000e+00
1.959887695312500000e+01,1.143485260009765625e+01,2.000000000000000000e+01,0.000000000000000000e+00
1.882181358337402344e+01,1.122144317626953125e+01,2.000000000000000000e+01,0.000000000000000000e+00
1.992618942260742188e+01,1.169984436035156250e+01,2.000000000000000000e+01,0.000000000000000000e+00
1.792532539367675781e+01,1.324211978912353516e+01,9.000000000000000000e+00,0.000000000000000000e+00
1.960478973388671875e+01,1.139997482299804688e+01,2.000000000000000000e+01,0.000000000000000000e+00
1.872344589233398438e+01,1.120010852813720703e+01,2.000000000000000000e+01,0.000000000000000000e+00
1.909967041015625000e+01,1.147736072540283203e+01,9.000000000000000000e+00,0.000000000000000000e+00
1.954865837097167969e+01,1.165041351318359375e+01,2.000000000000000000e+01,0.000000000000000000e+00
1.966293144226074219e+01,1.078589248657226562e+01,9.000000000000000000e+00,0.000000000000000000e+00
1.899503135681152344e+01,1.140444564819335938e+01,2.000000000000000000e+01,0.000000000000000000e+00
1.996243858337402344e+01,1.168302249908447266e+01,2.000000000000000000e+01,0.000000000000000000e+00
1.989224624633789062e+01,1.121058464050292969e+01,2.000000000000000000e+01,0.000000000000000000e+00
1.796492767333984375e+01,1.078670024871826172e+01,2.000000000000000000e+01,0.000000000000000000e+00
1.879411697387695312e+01,1.124002361297607422e+01,2.000000000000000000e+01,0.000000000000000000e+00
1.825704002380371094e+01,1.094452476501464844e+01,2.000000000000000000e+01,0.000000000000000000e+00
1.990126800537109375e+01,1.163024425506591797e+01,2.000000000000000000e+01,0.000000000000000000e+00
1.951857376098632812e+01,1.126436424255371094e+01,2.000000000000000000e+01,0.000000000000000000e+00
1.954414558410644531e+01,1.154428291320800781e+01,2.000000000000000000e+01,0.000000000000000000e+00
1.900608444213867188e+01,1.134889602661132812e+01,2.000000000000000000e+01,0.000000000000000000e+00
1.813017845153808594e+01,1.084126949310302734e+01,2.000000000000000000e+01,0.000000000000000000e+00
1.934080123901367188e+01,1.117904758453369141e+01,2.000000000000000000e+01,0.000000000000000000e+00
1.966695022583007812e+01,1.132539367675781250e+01,2.000000000000000000e+01,0.000000000000000000e+00
1.947997283935546875e+01,1.171333026885986328e+01,2.000000000000000000e+01,0.000000000000000000e+00
1.988429260253906250e+01,1.147838401794433594e+01,2.000000000000000000e+01,0.000000000000000000e+00
1.933270645141601562e+01,1.127451038360595703e+01,2.000000000000000000e+01,0.000000000000000000e+00
1.915044403076171875e+01,1.120033550262451172e+01,2.000000000000000000e+01,0.000000000000000000e+00
1.968188095092773438e+01,1.130299663543701172e+01,2.000000000000000000e+01,0.000000000000000000e+00
1.910105133056640625e+01,1.137662506103515625e+01,2.000000000000000000e+01,0.000000000000000000e+00
1.986938667297363281e+01,1.120024299621582031e+01,2.000000000000000000e+01,0.000000000000000000e+00
1.789998817443847656e+01,1.312419986724853516e+01,9.000000000000000000e+00,0.000000000000000000e+00
1.802641677856445312e+01,1.077067947387695312e+01,2.000000000000000000e+01,0.000000000000000000e+00
1.833295440673828125e+01,1.100163555145263672e+01,2.000000000000000000e+01,0.000000000000000000e+00
1.989739990234375000e+01,1.126006984710693359e+01,2.000000000000000000e+01,0.000000000000000000e+00
1.984261131286621094e+01,1.138696384429931641e+01,2.000000000000000000e+01,0.000000000000000000e+00
1.955241394042968750e+01,1.173363494873046875e+01,2.000000000000000000e+01,0.000000000000000000e+00
1.781455421447753906e+01,1.081565570831298828e+01,9.000000000000000000e+00,0.000000000000000000e+00
1.988403892517089844e+01,1.140934944152832031e+01,2.000000000000000000e+01,0.000000000000000000e+00
1.964391517639160156e+01,1.145663928985595703e+01,2.000000000000000000e+01,0.000000000000000000e+00
2.002007865905761719e+01,1.134601402282714844e+01,2.000000000000000000e+01,0.000000000000000000e+00
1.913936042785644531e+01,1.160135650634765625e+01,2.000000000000000000e+01,0.000000000000000000e+00
1.955297470092773438e+01,1.131775569915771484e+01,2.000000000000000000e+01,0.000000000000000000e+00
1.895590209960937500e+01,1.135834884643554688e+01,2.000000000000000000e+01,0.000000000000000000e+00
1.992132949829101562e+01,1.156249809265136719e+01,2.000000000000000000e+01,0.000000000000000000e+00
1.966537094116210938e+01,1.164609432220458984e+01,2.000000000000000000e+01,0.000000000000000000e+00
1.948892784118652344e+01,1.164413356781005859e+01,2.000000000000000000e+01,0.000000000000000000e+00
1.958505249023437500e+01,1.115125560760498047e+01,2.000000000000000000e+01,0.000000000000000000e+00
1.891346168518066406e+01,1.118214225769042969e+01,2.000000000000000000e+01,0.000000000000000000e+00
1.807310485839843750e+01,1.082995319366455078e+01,2.000000000000000000e+01,0.000000000000000000e+00
1.942880821228027344e+01,1.120315551757812500e+01,2.000000000000000000e+01,0.000000000000000000e+00
1.951984977722167969e+01,1.117689895629882812e+01,2.000000000000000000e+01,0.000000000000000000e+00
1.788743591308593750e+01,1.077386760711669922e+01,2.000000000000000000e+01,0.000000000000000000e+00
1.853486251831054688e+01,1.109773445129394531e+01,2.000000000000000000e+01,0.000000000000000000e+00
1.995209693908691406e+01,1.153360176086425781e+01,2.000000000000000000e+01,0.000000000000000000e+00
1.789552497863769531e+01,1.306479072570800781e+01,9.000000000000000000e+00,0.000000000000000000e+00
1.900902748107910156e+01,1.125447654724121094e+01,2.000000000000000000e+01,0.000000000000000000e+00
1.837496566772460938e+01,1.104201984405517578e+01,2.000000000000000000e+01,0.000000000000000000e+00
1.963780975341796875e+01,1.170274257659912109e+01,2.000000000000000000e+01,0.000000000000000000e+00
1.982336425781250000e+01,1.136679553985595703e+01,2.000000000000000000e+01,0.000000000000000000e+00
1.847427749633789062e+01,1.104164314270019531e+01,2.000000000000000000e+01,0.000000000000000000e+00
1.899173927307128906e+01,1.140597820281982422e+01,2.000000000000000000e+01,0.000000000000000000e+00
1.931300163269042969e+01,1.174941635131835938e+01,2.000000000000000000e+01,0.000000000000000000e+00
1.940441703796386719e+01,1.161430931091308594e+01,2.000000000000000000e+01,0.000000000000000000e+00
8.376184463500976562e+00,1.082425975799560547e+01,1.900000000000000000e+01,0.000000000000000000e+00
7.752821922302246094e+00,1.020650386810302734e+01,1.900000000000000000e+01,0.000000000000000000e+00
8.257082939147949219e+00,1.063389396667480469e+01,1.900000000000000000e+01,0.000000000000000000e+00
8.043788909912109375e+00,1.068603324890136719e+01,1.900000000000000000e+01,0.000000000000000000e+00
7.882720470428466797e+00,1.214601325988769531e+01,1.900000000000000000e+01,0.000000000000000000e+00
8.588407516479492188e+00,1.005410003662109375e+01,1.900000000000000000e+01,0.000000000000000000e+00
7.779292106628417969e+00,1.014131259918212891e+01,1.900000000000000000e+01,0.000000000000000000e+00
7.653446197509765625e+00,9.854598045349121094e+00,1.900000000000000000e+01,0.000000000000000000e+00
1.564864158630371094e+01,4.740707397460937500e+00,9.000000000000000000e+00,0.000000000000000000e+00
8.153275489807128906e+00,1.026223373413085938e+01,1.900000000000000000e+01,0.000000000000000000e+00
7.831503868103027344e+00,1.059911918640136719e+01,1.900000000000000000e+01,0.000000000000000000e+00
8.255427360534667969e+00,1.002569389343261719e+01,1.900000000000000000e+01,0.000000000000000000e+00
7.283438205718994141e+00,1.273124790191650391e+01,1.900000000000000000e+01,0.000000000000000000e+00
7.714432239532470703e+00,1.227013015747070312e+01,1.900000000000000000e+01,0.000000000000000000e+00
8.235732078552246094e+00,1.001025009155273438e+01,1.900000000000000000e+01,0.000000000000000000e+00
7.894669055938720703e+00,1.038744354248046875e+01,1.900000000000000000e+01,0.000000000000000000e+00
8.434793472290039062e+00,1.087982082366943359e+01,1.900000000000000000e+01,0.000000000000000000e+00
8.339335441589355469e+00,1.015397834777832031e+01,1.900000000000000000e+01,0.000000000000000000e+00
8.569779396057128906e+00,8.975350379943847656e+00,1.900000000000000000e+01,0.000000000000000000e+00
8.261245727539062500e+00,1.164563751220703125e+01,1.900000000000000000e+01,0.000000000000000000e+00
8.538393020629882812e+00,1.004215240478515625e+01,1.900000000000000000e+01,0.000000000000000000e+00
8.073780059814453125e+00,1.100097751617431641e+01,1.900000000000000000e+01,0.000000000000000000e+00
8.375102043151855469e+00,1.253628921508789062e+01,1.900000000000000000e+01,0.000000000000000000e+00
7.254065990447998047e+00,1.275651741027832031e+01,1.900000000000000000e+01,0.000000000000000000e+00
8.657158851623535156e+00,9.186182975769042969e+00,1.900000000000000000e+01,0.000000000000000000e+00
8.000889778137207031e+00,1.181791210174560547e+01,1.900000000000000000e+01,0.000000000000000000e+00
7.577903747558593750e+00,1.250324821472167969e+01,1.900000000000000000e+01,0.000000000000000000e+00
8.387287139892578125e+00,1.003698730468750000e+01,1.900000000000000000e+01,0.000000000000000000e+00
8.219097137451171875e+00,1.024787235260009766e+01,1.900000000000000000e+01,0.000000000000000000e+00
8.959721565246582031e+00,1.219343757629394531e+01,1.900000000000000000e+01,0.000000000000000000e+00
8.142177581787109375e+00,1.027879905700683594e+01,1.900000000000000000e+01,0.000000000000000000e+00
8.338418960571289062e+00,1.002996444702148438e+01,1.900000000000000000e+01,0.000000000000000000e+00
7.921110630035400391e+00,1.001415538787841797e+01,1.900000000000000000e+01,0.000000000000000000e+00
7.897480487823486328e+00,1.041890144348144531e+01,1.900000000000000000e+01,0.000000000000000000e+00
8.771052360534667969e+00,9.319702148437500000e+00,1.900000000000000000e+01,0.000000000000000000e+00
8.168800354003906250e+00,1.054154396057128906e+01,1.900000000000000000e+01,0.000000000000000000e+00
8.833722114562988281e+00,9.130360603332519531e+00,9.000000000000000000e+00,0.000000000000000000e+00
8.652297973632812500e+00,9.276280403137207031e+00,1.900000000000000000e+01,0.000000000000000000e+00
7.969358444213867188e+00,1.024071502685546875e+01,1.900000000000000000e+01,0.000000000000000000e+00
8.019815444946289062e+00,1.003400230407714844e+01,1.900000000000000000e+01,0.000000000000000000e+00
7.612918853759765625e+00,1.248251152038574219e+01,1.900000000000000000e+01,0.000000000000000000e+00
8.632448196411132812e+00,1.008065414428710938e+01,1.900000000000000000e+01,0.000000000000000000e+00
7.786605358123779297e+00,9.843662261962890625e+00,1.900000000000000000e+01,0.000000000000000000e+00
8.126190185546875000e+00,1.089762306213378906e+01,1.900000000000000000e+01,0.000000000000000000e+00
7.268280506134033203e+00,1.275068759918212891e+01,1.900000000000000000e+01,0.000000000000000000e+00
8.509641647338867188e+00,8.601108551025390625e+00,9.000000000000000000e+00,0.000000000000000000e+00
7.906802654266357422e+00,9.948436737060546875e+00,1.900000000000000000e+01,0.000000000000000000e+00
8.088125228881835938e+00,1.076263809204101562e+01,1.900000000000000000e+01,0.000000000000000000e+00
7.871451854705810547e+00,1.027564334869384766e+01,1.900000000000000000e+01,0.000000000000000000e+00
7.910001277923583984e+00,1.010772037506103516e+01,1.900000000000000000e+01,0.000000000000000000e+00
8.362556457519531250e+00,1.078511619567871094e+01,1.900000000000000000e+01,0.000000000000000000e+00
9.216918945312500000e+00,8.131711959838867188e+00,9.000000000000000000e+00,0.000000000000000000e+00
9.156612396240234375e+00,8.206627845764160156e+00,9.000000000000000000e+00,0.000000000000000000e+00
7.769553184509277344e+00,1.019173240661621094e+01,1.900000000000000000e+01,0.000000000000000000e+00
8.293266296386718750e+00,1.002782630920410156e+01,1.900000000000000000e+01,0.000000000000000000e+00
8.349709510803222656e+00,1.008282184600830078e+01,1.900000000000000000e+01,0.000000000000000000e+00
7.243076324462890625e+00,1.277047634124755859e+01,1.900000000000000000e+01,0.000000000000000000e+00
8.609672546386718750e+00,1.006486225128173828e+01,1.900000000000000000e+01,0.000000000000000000e+00
7.774098396301269531e+00,1.206746196746826172e+01,1.900000000000000000e+01,0.000000000000000000e+00
8.297267913818359375e+00,1.103220748901367188e+01,1.900000000000000000e+01,0.000000000000000000e+00
8.135425567626953125e+00,1.107990646362304688e+01,1.900000000000000000e+01,0.000000000000000000e+00
7.833815574645996094e+00,9.993854522705078125e+00,1.900000000000000000e+01,0.000000000000000000e+00
7.406367778778076172e+00,1.263247966766357422e+01,1.900000000000000000e+01,0.000000000000000000e+00
7.699445724487304688e+00,1.248915100097656250e+01,1.900000000000000000e+01,0.000000000000000000e+00
8.368673324584960938e+00,1.075939273834228516e+01,1.900000000000000000e+01,0.000000000000000000e+00
7.957343101501464844e+00,1.203213691711425781e+01,1.900000000000000000e+01,0.000000000000000000e+00
8.372522354125976562e+00,1.076185131072998047e+01,1.900000000000000000e+01,0.000000000000000000e+00
8.598985671997070312e+00,1.006733894348144531e+01,1.900000000000000000e+01,0.000000000000000000e+00
8.260932922363281250e+00,1.008577442169189453e+01,1.900000000000000000e+01,0.000000000000000000e+00
8.408711433410644531e+00,1.093515300750732422e+01,1.900000000000000000e+01,0.000000000000000000e+00
7.982147693634033203e+00,1.037901401519775391e+01,1.900000000000000000e+01,0.000000000000000000e+00
8.387644767761230469e+00,1.069582080841064453e+01,1.900000000000000000e+01,0.000000000000000000e+00
8.616637229919433594e+00,1.003178501129150391e+01,1.900000000000000000e+01,0.000000000000000000e+00
8.265539169311523438e+00,1.162404441833496094e+01,1.900000000000000000e+01,0.000000000000000000e+00
7.276066780090332031e+00,1.274552822113037109e+01,1.900000000000000000e+01,0.000000000000000000e+00
7.639913082122802734e+00,9.822560310363769531e+00,9.000000000000000000e+00,0.000000000000000000e+00
8.113084793090820312e+00,1.081919193267822266e+01,1.900000000000000000e+01,0.000000000000000000e+00
9.044409751892089844e+00,8.470031738281250000e+00,9.000000000000000000e+00,0.000000000000000000e+00
7.529322624206542969e+00,1.252368640899658203e+01,1.900000000000000000e+01,0.000000000000000000e+00
8.281451225280761719e+00,1.072990036010742188e+01,1.900000000000000000e+01,0.000000000000000000e+00
7.991804122924804688e+00,1.034576606750488281e+01,1.900000000000000000e+01,0.000000000000000000e+00
8.290658950805664062e+00,1.039775276184082031e+01,1.900000000000000000e+01,0.000000000000000000e+00
9.239851951599121094e+00,7.812778949737548828e+00,9.000000000000000000e+00,0.000000000000000000e+00
8.127560615539550781e+00,1.080595207214355469e+01,1.900000000000000000e+01,0.000000000000000000e+00
7.887361049652099609e+00,1.039535140991210938e+01,1.900000000000000000e+01,0.000000000000000000e+00
7.657359600067138672e+00,1.222940349578857422e+01,9.000000000000000000e+00,0.000000000000000000e+00
7.770205497741699219e+00,9.933943748474121094e+00,1.900000000000000000e+01,0.000000000000000000e+00
8.177555084228515625e+00,1.098998260498046875e+01,1.900000000000000000e+01,0.000000000000000000e+00
8.195708274841308594e+00,1.101875400543212891e+01,1.900000000000000000e+01,0.000000000000000000e+00
8.508193969726562500e+00,1.247805118560791016e+01,1.900000000000000000e+01,0.000000000000000000e+00
8.554422378540039062e+00,1.004510688781738281e+01,1.900000000000000000e+01,0.000000000000000000e+00
7.861325263977050781e+00,9.998665809631347656e+00,1.900000000000000000e+01,0.000000000000000000e+00
7.717050552368164062e+00,1.225236701965332031e+01,1.900000000000000000e+01,0.000000000000000000e+00
7.562282085418701172e+00,1.247408008575439453e+01,1.900000000000000000e+01,0.000000000000000000e+00
7.765997409820556641e+00,1.014086818695068359e+01,1.900000000000000000e+01,0.000000000000000000e+00
8.214836120605468750e+00,1.029404735565185547e+01,1.900000000000000000e+01,0.000000000000000000e+00
7.889289855957031250e+00,1.027914237976074219e+01,1.900000000000000000e+01,0.000000000000000000e+00
8.238887786865234375e+00,1.136318111419677734e+01,1.900000000000000000e+01,0.000000000000000000e+00
7.257084369659423828e+00,1.275593662261962891e+01,1.900000000000000000e+01,0.000000000000000000e+00
8.135091781616210938e+00,1.086355686187744141e+01,1.900000000000000000e+01,0.000000000000000000e+00
7.886672496795654297e+00,1.026525211334228516e+01,1.900000000000000000e+01,0.000000000000000000e+00
8.266968727111816406e+00,1.245297622680664062e+01,1.900000000000000000e+01,0.000000000000000000e+00
7.942998886108398438e+00,1.019448280334472656e+01,1.900000000000000000e+01,0.000000000000000000e+00
8.009485244750976562e+00,9.972844123840332031e+00,1.900000000000000000e+01,0.000000000000000000e+00
7.996788501739501953e+00,1.005754566192626953e+01,1.900000000000000000e+01,0.000000000000000000e+00
7.926410198211669922e+00,1.028177738189697266e+01,1.900000000000000000e+01,0.000000000000000000e+00
8.314598083496093750e+00,1.009354877471923828e+01,1.900000000000000000e+01,0.000000000000000000e+00
8.956063270568847656e+00,1.242433547973632812e+01,1.900000000000000000e+01,0.000000000000000000e+00
8.606603622436523438e+00,9.197260856628417969e+00,1.900000000000000000e+01,0.000000000000000000e+00
7.853458881378173828e+00,9.972893714904785156e+00,1.900000000000000000e+01,0.000000000000000000e+00
9.183945655822753906e+00,8.171107292175292969e+00,9.000000000000000000e+00,0.000000000000000000e+00
7.786191463470458984e+00,1.012248229980468750e+01,1.900000000000000000e+01,0.000000000000000000e+00
8.238267898559570312e+00,1.007446765899658203e+01,1.900000000000000000e+01,0.000000000000000000e+00
8.212157249450683594e+00,1.096523284912109375e+01,1.900000000000000000e+01,0.000000000000000000e+00
7.252895355224609375e+00,1.276346015930175781e+01,1.900000000000000000e+01,0.000000000000000000e+00
9.231745719909667969e+00,7.797792434692382812e+00,9.000000000000000000e+00,0.000000000000000000e+00
7.255426406860351562e+00,1.276562786102294922e+01,1.900000000000000000e+01,0.000000000000000000e+00
8.338531494140625000e+00,1.174896812438964844e+01,1.900000000000000000e+01,0.000000000000000000e+00
9.233265876770019531e+00,7.760360717773437500e+00,9.000000000000000000e+00,0.000000000000000000e+00
8.610367774963378906e+00,9.185353279113769531e+00,1.900000000000000000e+01,0.000000000000000000e+00
7.957141399383544922e+00,1.011956787109375000e+01,1.900000000000000000e+01,0.000000000000000000e+00
8.449750900268554688e+00,1.084761619567871094e+01,1.900000000000000000e+01,0.000000000000000000e+00
7.932110309600830078e+00,9.966871261596679688e+00,1.900000000000000000e+01,0.000000000000000000e+00
8.065311431884765625e+00,1.073731231689453125e+01,1.900000000000000000e+01,0.000000000000000000e+00
7.931107521057128906e+00,1.003121280670166016e+01,1.900000000000000000e+01,0.000000000000000000e+00
8.071645736694335938e+00,1.120642471313476562e+01,1.900000000000000000e+01,0.000000000000000000e+00
8.579933166503906250e+00,1.003468132019042969e+01,1.900000000000000000e+01,0.000000000000000000e+00
7.347007751464843750e+00,1.264964389801025391e+01,1.900000000000000000e+01,0.000000000000000000e+00
7.871335506439208984e+00,1.039983177185058594e+01,1.900000000000000000e+01,0.000000000000000000e+00
8.084773063659667969e+00,1.172441959381103516e+01,1.900000000000000000e+01,0.000000000000000000e+00
8.605088233947753906e+00,1.008401489257812500e+01,1.900000000000000000e+01,0.000000000000000000e+00
8.438557624816894531e+00,1.067614364624023438e+01,1.900000000000000000e+01,0.000000000000000000e+00
8.517965316772460938e+00,1.005435943603515625e+01,1.900000000000000000e+01,0.000000000000000000e+00
8.348273277282714844e+00,1.003863143920898438e+01,1.900000000000000000e+01,0.000000000000000000e+00
8.314584732055664062e+00,1.144940757751464844e+01,1.900000000000000000e+01,0.000000000000000000e+00
8.697168350219726562e+00,9.217330932617187500e+00,1.900000000000000000e+01,0.000000000000000000e+00
8.593049049377441406e+00,1.005124282836914062e+01,1.900000000000000000e+01,0.000000000000000000e+00
7.793881416320800781e+00,1.004056262969970703e+01,1.900000000000000000e+01,0.000000000000000000e+00
8.428848266601562500e+00,1.251157474517822266e+01,1.900000000000000000e+01,0.000000000000000000e+00
8.114479064941406250e+00,1.073005962371826172e+01,1.900000000000000000e+01,0.000000000000000000e+00
7.483358383178710938e+00,1.256644725799560547e+01,1.900000000000000000e+01,0.000000000000000000e+00
8.451411247253417969e+00,1.076651763916015625e+01,1.900000000000000000e+01,0.000000000000000000e+00
9.262464523315429688e+00,7.815828323364257812e+00,9.000000000000000000e+00,0.000000000000000000e+00
7.549981594085693359e+00,1.252562999725341797e+01,1.900000000000000000e+01,0.000000000000000000e+00
7.604833602905273438e+00,1.247391605377197266e+01,1.900000000000000000e+01,0.000000000000000000e+00
8.148221015930175781e+00,1.174325561523437500e+01,1.900000000000000000e+01,0.000000000000000000e+00
8.587389945983886719e+00,1.004755592346191406e+01,1.900000000000000000e+01,0.000000000000000000e+00
7.267115592956542969e+00,1.275481796264648438e+01,1.900000000000000000e+01,0.000000000000000000e+00
8.774716377258300781e+00,9.220930099487304688e+00,1.900000000000000000e+01,0.000000000000000000e+00
7.958021640777587891e+00,1.161538696289062500e+01,1.900000000000000000e+01,0.000000000000000000e+00
7.689422130584716797e+00,9.911934852600097656e+00,1.900000000000000000e+01,0.000000000000000000e+00
7.947582721710205078e+00,1.026141262054443359e+01,1.900000000000000000e+01,0.000000000000000000e+00
9.027824401855468750e+00,1.239819431304931641e+01,1.900000000000000000e+01,0.000000000000000000e+00
8.500817298889160156e+00,1.047469520568847656e+01,1.900000000000000000e+01,0.000000000000000000e+00
8.378309249877929688e+00,1.073132038116455078e+01,1.900000000000000000e+01,0.000000000000000000e+00
7.954576969146728516e+00,9.977273941040039062e+00,1.900000000000000000e+01,0.000000000000000000e+00
7.524801731109619141e+00,9.927512168884277344e+00,1.900000000000000000e+01,0.000000000000000000e+00
7.843553543090820312e+00,1.211353397369384766e+01,1.900000000000000000e+01,0.000000000000000000e+00
8.404248237609863281e+00,1.070851421356201172e+01,1.900000000000000000e+01,0.000000000000000000e+00
8.111469268798828125e+00,9.968580245971679688e+00,1.900000000000000000e+01,0.000000000000000000e+00
8.075937271118164062e+00,1.073170375823974609e+01,1.900000000000000000e+01,0.000000000000000000e+00
7.255465507507324219e+00,1.276261711120605469e+01,1.900000000000000000e+01,0.000000000000000000e+00
8.144166946411132812e+00,1.146472644805908203e+01,1.900000000000000000e+01,0.000000000000000000e+00
8.205708503723144531e+00,1.090931224822998047e+01,1.900000000000000000e+01,0.000000000000000000e+00
7.865213871002197266e+00,1.022273349761962891e+01,1.900000000000000000e+01,0.000000000000000000e+00
8.395429611206054688e+00,1.067077636718750000e+01,1.900000000000000000e+01,0.000000000000000000e+00
7.262156009674072266e+00,1.275089454650878906e+01,1.900000000000000000e+01,0.000000000000000000e+00
8.290189743041992188e+00,1.059107875823974609e+01,1.900000000000000000e+01,0.000000000000000000e+00
7.892073631286621094e+00,1.039984035491943359e+01,1.900000000000000000e+01,0.000000000000000000e+00
7.373156070709228516e+00,1.266140651702880859e+01,1.900000000000000000e+01,0.000000000000000000e+00
7.982688426971435547e+00,9.990633964538574219e+00,1.900000000000000000e+01,0.000000000000000000e+00
7.579135894775390625e+00,1.250045585632324219e+01,1.900000000000000000e+01,0.000000000000000000e+00
8.372262001037597656e+00,1.068591213226318359e+01,1.900000000000000000e+01,0.000000000000000000e+00
7.255274772644042969e+00,1.276457691192626953e+01,1.900000000000000000e+01,0.000000000000000000e+00
8.151797294616699219e+00,1.115106868743896484e+01,1.900000000000000000e+01,0.000000000000000000e+00
7.915797233581542969e+00,9.732759475708007812e+00,9.000000000000000000e+00,0.000000000000000000e+00
8.447493553161621094e+00,1.088965892791748047e+01,1.900000000000000000e+01,0.000000000000000000e+00
8.404349327087402344e+00,1.090622138977050781e+01,1.900000000000000000e+01,0.000000000000000000e+00
8.011164665222167969e+00,1.172864913940429688e+01,1.900000000000000000e+01,0.000000000000000000e+00
7.559896469116210938e+00,1.249888992309570312e+01,1.900000000000000000e+01,0.000000000000000000e+00
7.253198623657226562e+00,1.275206565856933594e+01,1.900000000000000000e+01,0.000000000000000000e+00
8.456926345825195312e+00,1.063843250274658203e+01,1.900000000000000000e+01,0.000000000000000000e+00
8.386068344116210938e+00,1.067355060577392578e+01,9.000000000000000000e+00,0.000000000000000000e+00
8.419911384582519531e+00,9.949024200439453125e+00,1.900000000000000000e+01,0.000000000000000000e+00
9.204259872436523438e+00,7.508027553558349609e+00,9.000000000000000000e+00,0.000000000000000000e+00
8.541417121887207031e+00,9.073755264282226562e+00,1.900000000000000000e+01,0.000000000000000000e+00
8.599983215332031250e+00,9.048769950866699219e+00,1.900000000000000000e+01,0.000000000000000000e+00
7.273728370666503906e+00,1.274564266204833984e+01,1.900000000000000000e+01,0.000000000000000000e+00
8.190115928649902344e+00,1.032859039306640625e+01,1.900000000000000000e+01,0.000000000000000000e+00
8.275160789489746094e+00,1.013616847991943359e+01,1.900000000000000000e+01,0.000000000000000000e+00
8.592061042785644531e+00,1.297354125976562500e+01,1.900000000000000000e+01,0.000000000000000000e+00
8.671946525573730469e+00,9.967654228210449219e+00,1.900000000000000000e+01,0.000000000000000000e+00
8.365112304687500000e+00,1.254927062988281250e+01,1.900000000000000000e+01,0.000000000000000000e+00
8.018273353576660156e+00,1.031691646575927734e+01,1.900000000000000000e+01,0.000000000000000000e+00
7.501881122589111328e+00,1.255049896240234375e+01,1.900000000000000000e+01,0.000000000000000000e+00
7.610305786132812500e+00,1.245889186859130859e+01,1.900000000000000000e+01,0.000000000000000000e+00
8.013751029968261719e+00,1.201666164398193359e+01,1.900000000000000000e+01,0.000000000000000000e+00
8.046999931335449219e+00,1.231801700592041016e+01,1.900000000000000000e+01,0.000000000000000000e+00
7.911555290222167969e+00,1.192366695404052734e+01,1.900000000000000000e+01,0.000000000000000000e+00
9.113501548767089844e+00,1.291045951843261719e+01,1.900000000000000000e+01,0.000000000000000000e+00
8.341407775878906250e+00,1.174816894531250000e+01,1.900000000000000000e+01,0.000000000000000000e+00
8.209530830383300781e+00,1.182414054870605469e+01,1.900000000000000000e+01,0.000000000000000000e+00
8.664060592651367188e+00,8.121793746948242188e+00,9.000000000000000000e+00,0.000000000000000000e+00
9.081790924072265625e+00,1.252379322052001953e+01,1.900000000000000000e+01,0.000000000000000000e+00
7.935822486877441406e+00,1.167851734161376953e+01,1.900000000000000000e+01,0.000000000000000000e+00
8.181895256042480469e+00,1.052521324157714844e+01,1.900000000000000000e+01,0.000000000000000000e+00
7.990402221679687500e+00,1.023716735839843750e+01,1.900000000000000000e+01,0.000000000000000000e+00
8.005570411682128906e+00,1.001323318481445312e+01,1.900000000000000000e+01,0.000000000000000000e+00
8.621104240417480469e+00,9.159636497497558594e+00,1.900000000000000000e+01,0.000000000000000000e+00
8.865889549255371094e+00,8.913451194763183594e+00,1.900000000000000000e+01,0.000000000000000000e+00
8.220225334167480469e+00,1.241333293914794922e+01,1.900000000000000000e+01,0.000000000000000000e+00
9.381562232971191406e+00,1.306047916412353516e+01,1.900000000000000000e+01,0.000000000000000000e+00
9.363996505737304688e+00,1.304742813110351562e+01,1.900000000000000000e+01,0.000000000000000000e+00
9.560951232910156250e+00,1.316996383666992188e+01,1.900000000000000000e+01,0.000000000000000000e+00
8.639076232910156250e+00,1.295366382598876953e+01,1.900000000000000000e+01,0.000000000000000000e+00
9.412219047546386719e+00,1.331086254119873047e+01,1.900000000000000000e+01,0.000000000000000000e+00
8.357715606689453125e+00,1.269027137756347656e+01,1.900000000000000000e+01,0.000000000000000000e+00
8.847128868103027344e+00,1.313841819763183594e+01,1.900000000000000000e+01,0.000000000000000000e+00
9.407310485839843750e+00,1.332582473754882812e+01,1.900000000000000000e+01,0.000000000000000000e+00
9.306944847106933594e+00,1.323035430908203125e+01,1.900000000000000000e+01,0.000000000000000000e+00
9.267827987670898438e+00,1.329143428802490234e+01,1.900000000000000000e+01,0.000000000000000000e+00
8.698031425476074219e+00,1.222285079956054688e+01,1.900000000000000000e+01,0.000000000000000000e+00
8.458655357360839844e+00,1.201490116119384766e+01,1.900000000000000000e+01,0.000000000000000000e+00
9.585665702819824219e+00,1.321254158020019531e+01,1.900000000000000000e+01,0.000000000000000000e+00
9.632275581359863281e+00,1.331053066253662109e+01,1.900000000000000000e+01,0.000000000000000000e+00
9.066440582275390625e+00,1.280220508575439453e+01,1.900000000000000000e+01,0.000000000000000000e+00
8.978300094604492188e+00,1.301939201354980469e+01,1.900000000000000000e+01,0.000000000000000000e+00
9.620578765869140625e+00,1.338223552703857422e+01,1.900000000000000000e+01,0.000000000000000000e+00
8.732036590576171875e+00,1.254099559783935547e+01,1.900000000000000000e+01,0.000000000000000000e+00
8.965545654296875000e+00,1.288235187530517578e+01,1.900000000000000000e+01,0.000000000000000000e+00
9.599807739257812500e+00,1.318773651123046875e+01,1.900000000000000000e+01,0.000000000000000000e+00
8.234086036682128906e+00,1.721829986572265625e+01,1.900000000000000000e+01,0.000000000000000000e+00
8.222167968750000000e+00,1.257561683654785156e+01,1.900000000000000000e+01,0.000000000000000000e+00
8.845546722412109375e+00,1.271262454986572266e+01,1.900000000000000000e+01,0.000000000000000000e+00
8.883392333984375000e+00,1.237303256988525391e+01,1.900000000000000000e+01,0.000000000000000000e+00
9.061090469360351562e+00,1.305203914642333984e+01,1.900000000000000000e+01,0.000000000000000000e+00
8.904570579528808594e+00,1.284094905853271484e+01,1.900000000000000000e+01,0.000000000000000000e+00
9.564049720764160156e+00,1.337099552154541016e+01,1.900000000000000000e+01,0.000000000000000000e+00
9.297943115234375000e+00,1.295484352111816406e+01,1.900000000000000000e+01,0.000000000000000000e+00
9.600519180297851562e+00,1.337685585021972656e+01,1.900000000000000000e+01,0.000000000000000000e+00
8.798403739929199219e+00,1.292999458312988281e+01,1.900000000000000000e+01,0.000000000000000000e+00
9.343767166137695312e+00,1.302078056335449219e+01,1.900000000000000000e+01,0.000000000000000000e+00
8.660645484924316406e+00,1.288187980651855469e+01,1.900000000000000000e+01,0.000000000000000000e+00
7.905977249145507812e+00,1.235468101501464844e+01,1.900000000000000000e+01,0.000000000000000000e+00
9.046530723571777344e+00,1.262878036499023438e+01,1.900000000000000000e+01,0.000000000000000000e+00
9.646132469177246094e+00,1.336458683013916016e+01,1.900000000000000000e+01,0.000000000000000000e+00
9.160224914550781250e+00,1.269017982482910156e+01,1.900000000000000000e+01,0.000000000000000000e+00
9.589248657226562500e+00,1.319717311859130859e+01,1.900000000000000000e+01,0.000000000000000000e+00
9.276537895202636719e+00,1.290584659576416016e+01,1.900000000000000000e+01,0.000000000000000000e+00
8.885854721069335938e+00,1.315722751617431641e+01,1.900000000000000000e+01,0.000000000000000000e+00
8.912449836730957031e+00,1.244367980957031250e+01,1.900000000000000000e+01,0.000000000000000000e+00
8.254011154174804688e+00,1.129530620574951172e+01,1.900000000000000000e+01,0.000000000000000000e+00
9.638567924499511719e+00,1.323841476440429688e+01,1.900000000000000000e+01,0.000000000000000000e+00
8.649804115295410156e+00,1.286161708831787109e+01,1.900000000000000000e+01,0.000000000000000000e+00
8.722817420959472656e+00,1.287927246093750000e+01,1.900000000000000000e+01,0.000000000000000000e+00
8.172874450683593750e+00,1.738674354553222656e+01,1.900000000000000000e+01,0.000000000000000000e+00
8.471282958984375000e+00,1.155554485321044922e+01,1.900000000000000000e+01,0.000000000000000000e+00
9.412764549255371094e+00,1.309492778778076172e+01,1.900000000000000000e+01,0.000000000000000000e+00
8.653754234313964844e+00,1.304784774780273438e+01,1.900000000000000000e+01,0.000000000000000000e+00
8.449886322021484375e+00,1.183075714111328125e+01,1.900000000000000000e+01,0.000000000000000000e+00
9.534650802612304688e+00,1.336898612976074219e+01,1.900000000000000000e+01,0.000000000000000000e+00
9.198942184448242188e+00,1.326877021789550781e+01,1.900000000000000000e+01,0.000000000000000000e+00
8.890130043029785156e+00,1.241317081451416016e+01,1.900000000000000000e+01,0.000000000000000000e+00
8.239542961120605469e+00,1.275130748748779297e+01,1.900000000000000000e+01,0.000000000000000000e+00
9.257750511169433594e+00,1.302011299133300781e+01,1.900000000000000000e+01,0.000000000000000000e+00
9.147436141967773438e+00,1.286410617828369141e+01,1.900000000000000000e+01,0.000000000000000000e+00
8.164520263671875000e+00,1.256258392333984375e+01,1.900000000000000000e+01,0.000000000000000000e+00
9.602169990539550781e+00,1.322012424468994141e+01,1.900000000000000000e+01,0.000000000000000000e+00
8.110523223876953125e+00,1.244326972961425781e+01,1.900000000000000000e+01,0.000000000000000000e+00
8.670993804931640625e+00,1.302986240386962891e+01,1.900000000000000000e+01,0.000000000000000000e+00
8.231435775756835938e+00,1.270643901824951172e+01,1.900000000000000000e+01,0.000000000000000000e+00
8.287990570068359375e+00,1.240809726715087891e+01,1.900000000000000000e+01,0.000000000000000000e+00
9.105946540832519531e+00,1.307636165618896484e+01,1.900000000000000000e+01,0.000000000000000000e+00
8.088727951049804688e+00,1.239385128021240234e+01,1.900000000000000000e+01,0.000000000000000000e+00
8.253922462463378906e+00,1.271343898773193359e+01,1.900000000000000000e+01,0.000000000000000000e+00
9.336877822875976562e+00,1.309701919555664062e+01,1.900000000000000000e+01,0.000000000000000000e+00
8.284179687500000000e+00,1.265293979644775391e+01,1.900000000000000000e+01,0.000000000000000000e+00
8.596063613891601562e+00,1.294778633117675781e+01,1.900000000000000000e+01,0.000000000000000000e+00
9.107613563537597656e+00,1.320394802093505859e+01,1.900000000000000000e+01,0.000000000000000000e+00
8.206394195556640625e+00,1.261331558227539062e+01,1.900000000000000000e+01,0.000000000000000000e+00
8.080239295959472656e+00,1.240653896331787109e+01,1.900000000000000000e+01,0.000000000000000000e+00
9.523733139038085938e+00,1.312253189086914062e+01,1.900000000000000000e+01,0.000000000000000000e+00
8.566308975219726562e+00,1.283107948303222656e+01,1.900000000000000000e+01,0.000000000000000000e+00
8.084404945373535156e+00,1.240534496307373047e+01,1.900000000000000000e+01,0.000000000000000000e+00
8.953214645385742188e+00,1.314433193206787109e+01,1.900000000000000000e+01,0.000000000000000000e+00
9.442536354064941406e+00,1.336479568481445312e+01,1.900000000000000000e+01,0.000000000000000000e+00
8.941493034362792969e+00,1.302201747894287109e+01,1.900000000000000000e+01,0.000000000000000000e+00
9.568913459777832031e+00,1.338783454895019531e+01,1.900000000000000000e+01,0.000000000000000000e+00
9.608564376831054688e+00,1.324848651885986328e+01,1.900000000000000000e+01,0.000000000000000000e+00
9.626349449157714844e+00,1.337505626678466797e+01,1.900000000000000000e+01,0.000000000000000000e+00
9.115715026855468750e+00,1.275876617431640625e+01,1.900000000000000000e+01,0.000000000000000000e+00
8.346969604492187500e+00,1.280670166015625000e+01,1.900000000000000000e+01,0.000000000000000000e+00
9.527060508728027344e+00,1.317868518829345703e+01,1.900000000000000000e+01,0.000000000000000000e+00
8.820611000061035156e+00,1.270389556884765625e+01,1.900000000000000000e+01,0.000000000000000000e+00
8.454312324523925781e+00,1.185945224761962891e+01,1.900000000000000000e+01,0.000000000000000000e+00
9.354598045349121094e+00,1.289765930175781250e+01,1.900000000000000000e+01,0.000000000000000000e+00
8.667234420776367188e+00,1.304916095733642578e+01,1.900000000000000000e+01,0.000000000000000000e+00
9.133482933044433594e+00,1.272012042999267578e+01,1.900000000000000000e+01,0.000000000000000000e+00
8.847399711608886719e+00,1.291023731231689453e+01,1.900000000000000000e+01,0.000000000000000000e+00
9.263854980468750000e+00,1.284234523773193359e+01,1.900000000000000000e+01,0.000000000000000000e+00
8.309994697570800781e+00,1.276994991302490234e+01,1.900000000000000000e+01,0.000000000000000000e+00
9.026460647583007812e+00,1.314491558074951172e+01,1.900000000000000000e+01,0.000000000000000000e+00
8.126635551452636719e+00,1.239575099945068359e+01,1.900000000000000000e+01,0.000000000000000000e+00
8.462236404418945312e+00,1.171101188659667969e+01,1.900000000000000000e+01,0.000000000000000000e+00
9.522289276123046875e+00,1.338501644134521484e+01,1.900000000000000000e+01,0.000000000000000000e+00
8.099126815795898438e+00,1.236216354370117188e+01,1.900000000000000000e+01,0.000000000000000000e+00
8.674949645996093750e+00,1.301857662200927734e+01,1.900000000000000000e+01,0.000000000000000000e+00
9.368972778320312500e+00,1.306443023681640625e+01,1.900000000000000000e+01,0.000000000000000000e+00
8.068749427795410156e+00,1.756817054748535156e+01,9.000000000000000000e+00,0.000000000000000000e+00
9.099705696105957031e+00,1.266942882537841797e+01,1.900000000000000000e+01,0.000000000000000000e+00
8.290471076965332031e+00,1.194305610656738281e+01,1.900000000000000000e+01,0.000000000000000000e+00
8.243001937866210938e+00,1.250119400024414062e+01,1.900000000000000000e+01,0.000000000000000000e+00
9.547895431518554688e+00,1.320290279388427734e+01,1.900000000000000000e+01,0.000000000000000000e+00
8.763555526733398438e+00,1.303379821777343750e+01,1.900000000000000000e+01,0.000000000000000000e+00
9.666846275329589844e+00,1.336066818237304688e+01,1.900000000000000000e+01,0.000000000000000000e+00
9.015522003173828125e+00,1.309132766723632812e+01,1.900000000000000000e+01,0.000000000000000000e+00
8.151838302612304688e+00,1.750590705871582031e+01,1.900000000000000000e+01,0.000000000000000000e+00
8.244356155395507812e+00,1.272020626068115234e+01,1.900000000000000000e+01,0.000000000000000000e+00
9.307391166687011719e+00,1.300660800933837891e+01,1.900000000000000000e+01,0.000000000000000000e+00
8.285140037536621094e+00,1.192978858947753906e+01,1.900000000000000000e+01,0.000000000000000000e+00
8.737944602966308594e+00,1.313793659210205078e+01,1.900000000000000000e+01,0.000000000000000000e+00
9.346549987792968750e+00,1.313753795623779297e+01,1.900000000000000000e+01,0.000000000000000000e+00
9.194423675537109375e+00,1.286257743835449219e+01,1.900000000000000000e+01,0.000000000000000000e+00
8.488061904907226562e+00,1.278537750244140625e+01,1.900000000000000000e+01,0.000000000000000000e+00
8.756696701049804688e+00,1.292848491668701172e+01,1.900000000000000000e+01,0.000000000000000000e+00
8.770238876342773438e+00,1.296416568756103516e+01,1.900000000000000000e+01,0.000000000000000000e+00
9.392224311828613281e+00,1.329841518402099609e+01,1.900000000000000000e+01,0.000000000000000000e+00
9.070148468017578125e+00,1.291588687896728516e+01,1.900000000000000000e+01,0.000000000000000000e+00
8.271105766296386719e+00,1.207631874084472656e+01,1.900000000000000000e+01,0.000000000000000000e+00
8.921215057373046875e+00,1.311424827575683594e+01,1.900000000000000000e+01,0.000000000000000000e+00
9.148780822753906250e+00,1.291361331939697266e+01,1.900000000000000000e+01,0.000000000000000000e+00
8.947951316833496094e+00,1.278993129730224609e+01,1.900000000000000000e+01,0.000000000000000000e+00
8.999493598937988281e+00,1.308433246612548828e+01,1.900000000000000000e+01,0.000000000000000000e+00
8.630685806274414062e+00,1.294818019866943359e+01,1.900000000000000000e+01,0.000000000000000000e+00
9.247378349304199219e+00,1.288695049285888672e+01,1.900000000000000000e+01,0.000000000000000000e+00
9.440601348876953125e+00,1.314971637725830078e+01,1.900000000000000000e+01,0.000000000000000000e+00
9.350272178649902344e+00,1.333722305297851562e+01,1.900000000000000000e+01,0.000000000000000000e+00
9.569306373596191406e+00,1.326013088226318359e+01,1.900000000000000000e+01,0.000000000000000000e+00
9.604030609130859375e+00,1.338134670257568359e+01,1.900000000000000000e+01,0.000000000000000000e+00
8.620793342590332031e+00,1.217573833465576172e+01,1.900000000000000000e+01,0.000000000000000000e+00
8.623585700988769531e+00,1.303621959686279297e+01,1.900000000000000000e+01,0.000000000000000000e+00
8.493737220764160156e+00,1.282227039337158203e+01,1.900000000000000000e+01,0.000000000000000000e+00
9.633791923522949219e+00,1.327205181121826172e+01,1.900000000000000000e+01,0.000000000000000000e+00
8.335375785827636719e+00,1.226260185241699219e+01,1.900000000000000000e+01,0.000000000000000000e+00
9.376821517944335938e+00,1.310892677307128906e+01,1.900000000000000000e+01,0.000000000000000000e+00
8.953358650207519531e+00,1.259694004058837891e+01,1.900000000000000000e+01,0.000000000000000000e+00
8.242785453796386719e+00,1.211638641357421875e+01,1.900000000000000000e+01,0.000000000000000000e+00
8.484745979309082031e+00,1.149138259887695312e+01,1.900000000000000000e+01,0.000000000000000000e+00
9.393762588500976562e+00,1.333739280700683594e+01,1.900000000000000000e+01,0.000000000000000000e+00
8.412693023681640625e+00,1.285095119476318359e+01,1.900000000000000000e+01,0.000000000000000000e+00
8.493947982788085938e+00,1.191020584106445312e+01,1.900000000000000000e+01,0.000000000000000000e+00
8.706432342529296875e+00,1.237314128875732422e+01,1.900000000000000000e+01,0.000000000000000000e+00
8.241456031799316406e+00,1.197450447082519531e+01,1.900000000000000000e+01,0.000000000000000000e+00
8.298371315002441406e+00,1.258780479431152344e+01,1.900000000000000000e+01,0.000000000000000000e+00
8.977355003356933594e+00,1.278950500488281250e+01,1.900000000000000000e+01,0.000000000000000000e+00
8.026808738708496094e+00,1.238881015777587891e+01,1.900000000000000000e+01,0.000000000000000000e+00
9.089436531066894531e+00,1.316776943206787109e+01,1.900000000000000000e+01,0.000000000000000000e+00
8.351197242736816406e+00,1.251008701324462891e+01,1.900000000000000000e+01,0.000000000000000000e+00
8.293031692504882812e+00,1.179022884368896484e+01,1.900000000000000000e+01,0.000000000000000000e+00
8.210109710693359375e+00,1.226795578002929688e+01,1.900000000000000000e+01,0.000000000000000000e+00
8.238756179809570312e+00,1.235930156707763672e+01,1.900000000000000000e+01,0.000000000000000000e+00
1.138833165168762207e+00,2.133693313598632812e+01,9.000000000000000000e+00,0.000000000000000000e+00
8.373571395874023438e+00,1.280605220794677734e+01,1.900000000000000000e+01,0.000000000000000000e+00
8.906336784362792969e+00,1.248881149291992188e+01,1.900000000000000000e+01,0.000000000000000000e+00
8.321985244750976562e+00,1.278427982330322266e+01,1.900000000000000000e+01,0.000000000000000000e+00
9.588099479675292969e+00,1.335611343383789062e+01,1.900000000000000000e+01,0.000000000000000000e+00
8.685776710510253906e+00,1.223929023742675781e+01,1.900000000000000000e+01,0.000000000000000000e+00
9.248250961303710938e+00,1.327642250061035156e+01,1.900000000000000000e+01,0.000000000000000000e+00
8.244396209716796875e+00,1.265389347076416016e+01,1.900000000000000000e+01,0.000000000000000000e+00
9.073264122009277344e+00,1.319790363311767578e+01,1.900000000000000000e+01,0.000000000000000000e+00
8.755783081054687500e+00,1.297450542449951172e+01,1.900000000000000000e+01,0.000000000000000000e+00
9.466267585754394531e+00,1.330754661560058594e+01,1.900000000000000000e+01,0.000000000000000000e+00
8.523799896240234375e+00,1.288487243652343750e+01,1.900000000000000000e+01,0.000000000000000000e+00
8.156821250915527344e+00,1.245356178283691406e+01,1.900000000000000000e+01,0.000000000000000000e+00
8.330199241638183594e+00,1.265958690643310547e+01,1.900000000000000000e+01,0.000000000000000000e+00
8.331779479980468750e+00,1.279158020019531250e+01,1.900000000000000000e+01,0.000000000000000000e+00
9.101893424987792969e+00,1.262758636474609375e+01,1.900000000000000000e+01,0.000000000000000000e+00
8.879661560058593750e+00,1.296982669830322266e+01,1.900000000000000000e+01,0.000000000000000000e+00
8.128570556640625000e+00,1.751625251770019531e+01,1.900000000000000000e+01,0.000000000000000000e+00
8.181336402893066406e+00,1.739397621154785156e+01,1.900000000000000000e+01,0.000000000000000000e+00
8.729338645935058594e+00,1.296786022186279297e+01,1.900000000000000000e+01,0.000000000000000000e+00
9.655305862426757812e+00,1.334296321868896484e+01,1.900000000000000000e+01,0.000000000000000000e+00
8.581250190734863281e+00,1.292138099670410156e+01,1.900000000000000000e+01,0.000000000000000000e+00
9.552282333374023438e+00,1.335553646087646484e+01,1.900000000000000000e+01,0.000000000000000000e+00
8.534197807312011719e+00,1.282536411285400391e+01,1.900000000000000000e+01,0.000000000000000000e+00
8.479305267333984375e+00,1.155836105346679688e+01,1.900000000000000000e+01,0.000000000000000000e+00
8.470036506652832031e+00,1.144487380981445312e+01,1.900000000000000000e+01,0.000000000000000000e+00
8.176980972290039062e+00,1.729338645935058594e+01,1.900000000000000000e+01,0.000000000000000000e+00
8.760396003723144531e+00,1.281236553192138672e+01,1.900000000000000000e+01,0.000000000000000000e+00
8.772862434387207031e+00,1.249635887145996094e+01,1.900000000000000000e+01,0.000000000000000000e+00
8.257040977478027344e+00,1.177799034118652344e+01,1.900000000000000000e+01,0.000000000000000000e+00
8.644453048706054688e+00,1.286179161071777344e+01,1.900000000000000000e+01,0.000000000000000000e+00
8.196878433227539062e+00,1.165278816223144531e+01,1.900000000000000000e+01,0.000000000000000000e+00
8.861179351806640625e+00,1.297530174255371094e+01,1.900000000000000000e+01,0.000000000000000000e+00
9.642486572265625000e+00,1.336337947845458984e+01,1.900000000000000000e+01,0.000000000000000000e+00
8.166077613830566406e+00,1.228676700592041016e+01,1.900000000000000000e+01,0.000000000000000000e+00
9.047695159912109375e+00,1.252914142608642578e+01,1.900000000000000000e+01,0.000000000000000000e+00
9.195119857788085938e+00,1.325436973571777344e+01,1.900000000000000000e+01,0.000000000000000000e+00
8.886795043945312500e+00,1.248300838470458984e+01,1.900000000000000000e+01,0.000000000000000000e+00
8.784352302551269531e+00,1.308923339843750000e+01,1.900000000000000000e+01,0.000000000000000000e+00
8.304131507873535156e+00,1.196540164947509766e+01,1.900000000000000000e+01,0.000000000000000000e+00
8.908540725708007812e+00,1.248046207427978516e+01,1.900000000000000000e+01,0.000000000000000000e+00
9.139824867248535156e+00,1.258690357208251953e+01,1.900000000000000000e+01,0.000000000000000000e+00
8.593252182006835938e+00,1.296498870849609375e+01,1.900000000000000000e+01,0.000000000000000000e+00
8.273022651672363281e+00,1.268763637542724609e+01,1.900000000000000000e+01,0.000000000000000000e+00
9.276157379150390625e+00,1.294348621368408203e+01,1.900000000000000000e+01,0.000000000000000000e+00
8.271911621093750000e+00,1.198223495483398438e+01,1.900000000000000000e+01,0.000000000000000000e+00
8.307471275329589844e+00,1.188751125335693359e+01,1.900000000000000000e+01,0.000000000000000000e+00
8.561129570007324219e+00,1.230054950714111328e+01,1.900000000000000000e+01,0.000000000000000000e+00
9.351237297058105469e+00,1.333148384094238281e+01,1.900000000000000000e+01,0.000000000000000000e+00
9.541232109069824219e+00,1.322727108001708984e+01,1.900000000000000000e+01,0.000000000000000000e+00
8.380461692810058594e+00,1.249463081359863281e+01,1.900000000000000000e+01,0.000000000000000000e+00
8.194453239440917969e+00,1.240783214569091797e+01,1.900000000000000000e+01,0.000000000000000000e+00
8.695181846618652344e+00,1.227543735504150391e+01,1.900000000000000000e+01,0.000000000000000000e+00
9.568332672119140625e+00,1.317975425720214844e+01,1.900000000000000000e+01,0.000000000000000000e+00
7.858344078063964844e+00,1.214335250854492188e+01,1.900000000000000000e+01,0.000000000000000000e+00
9.048899650573730469e+00,1.305244731903076172e+01,1.900000000000000000e+01,0.000000000000000000e+00
8.519185066223144531e+00,1.219401931762695312e+01,1.900000000000000000e+01,0.000000000000000000e+00
9.633644104003906250e+00,1.330302143096923828e+01,1.900000000000000000e+01,0.000000000000000000e+00
8.200044631958007812e+00,1.260053443908691406e+01,1.900000000000000000e+01,0.000000000000000000e+00
2.309327697753906250e+01,-3.361645221710205078e+00,1.000000000000000000e+01,0.000000000000000000e+00
2.302409744262695312e+01,-3.445727825164794922e+00,1.000000000000000000e+01,0.000000000000000000e+00
2.279773902893066406e+01,-3.819316148757934570e+00,1.000000000000000000e+01,0.000000000000000000e+00
2.295089530944824219e+01,-3.512819766998291016e+00,1.000000000000000000e+01,0.000000000000000000e+00
2.325971221923828125e+01,-2.973741769790649414e+00,1.000000000000000000e+01,0.000000000000000000e+00
2.298832511901855469e+01,-3.409729242324829102e+00,1.000000000000000000e+01,0.000000000000000000e+00
2.336670112609863281e+01,-2.667482852935791016e+00,1.000000000000000000e+01,0.000000000000000000e+00
2.336625099182128906e+01,-2.677584648132324219e+00,1.000000000000000000e+01,0.000000000000000000e+00
2.227674865722656250e+01,-4.570034027099609375e+00,1.000000000000000000e+01,0.000000000000000000e+00
2.236446762084960938e+01,-4.471520423889160156e+00,1.000000000000000000e+01,0.000000000000000000e+00
2.277226448059082031e+01,-3.876326322555541992e+00,1.000000000000000000e+01,0.000000000000000000e+00
2.254497337341308594e+01,-4.215063095092773438e+00,1.000000000000000000e+01,0.000000000000000000e+00
2.248902320861816406e+01,-4.329241275787353516e+00,1.000000000000000000e+01,0.000000000000000000e+00
2.289268302917480469e+01,-3.689849615097045898e+00,1.000000000000000000e+01,0.000000000000000000e+00
2.226318740844726562e+01,-4.587215900421142578e+00,1.000000000000000000e+01,0.000000000000000000e+00
2.336826896667480469e+01,-2.658825874328613281e+00,1.000000000000000000e+01,0.000000000000000000e+00
2.299537086486816406e+01,-3.388934373855590820e+00,1.000000000000000000e+01,0.000000000000000000e+00
2.296412086486816406e+01,-3.546117544174194336e+00,1.000000000000000000e+01,0.000000000000000000e+00
2.318915176391601562e+01,-2.998375654220581055e+00,1.000000000000000000e+01,0.000000000000000000e+00
2.310939025878906250e+01,-3.275086164474487305e+00,1.000000000000000000e+01,0.000000000000000000e+00
2.293987274169921875e+01,-3.593529939651489258e+00,1.000000000000000000e+01,0.000000000000000000e+00
2.261899948120117188e+01,-4.108810901641845703e+00,1.000000000000000000e+01,0.000000000000000000e+00
2.227141571044921875e+01,-4.573223114013671875e+00,1.000000000000000000e+01,0.000000000000000000e+00
2.231164550781250000e+01,-4.531958580017089844e+00,1.000000000000000000e+01,0.000000000000000000e+00
2.300675582885742188e+01,-3.479748487472534180e+00,1.000000000000000000e+01,0.000000000000000000e+00
2.317019844055175781e+01,-3.082213163375854492e+00,1.000000000000000000e+01,0.000000000000000000e+00
2.228216361999511719e+01,-4.569986820220947266e+00,1.000000000000000000e+01,0.000000000000000000e+00
2.266068840026855469e+01,-4.048545360565185547e+00,1.000000000000000000e+01,0.000000000000000000e+00
2.270441818237304688e+01,-3.984091520309448242e+00,1.000000000000000000e+01,0.000000000000000000e+00
2.246813964843750000e+01,-4.325391769409179688e+00,1.000000000000000000e+01,0.000000000000000000e+00
2.237301826477050781e+01,-4.453290939331054688e+00,1.000000000000000000e+01,0.000000000000000000e+00
2.317185592651367188e+01,-2.894560813903808594e+00,1.000000000000000000e+01,0.000000000000000000e+00
2.229320526123046875e+01,-4.548392295837402344e+00,1.000000000000000000e+01,0.000000000000000000e+00
2.310978698730468750e+01,-3.132803678512573242e+00,1.000000000000000000e+01,0.000000000000000000e+00
2.295832633972167969e+01,-3.521264553070068359e+00,1.000000000000000000e+01,0.000000000000000000e+00
2.231854438781738281e+01,-4.539299964904785156e+00,1.000000000000000000e+01,0.000000000000000000e+00
2.297126197814941406e+01,-3.446677923202514648e+00,1.000000000000000000e+01,0.000000000000000000e+00
2.301917839050292969e+01,-3.312731266021728516e+00,1.000000000000000000e+01,0.000000000000000000e+00
2.310782814025878906e+01,-3.009857892990112305e+00,1.000000000000000000e+01,0.000000000000000000e+00
2.299941444396972656e+01,-3.185436248779296875e+00,1.000000000000000000e+01,0.000000000000000000e+00
2.274711227416992188e+01,-3.898682832717895508e+00,1.000000000000000000e+01,0.000000000000000000e+00
2.304247093200683594e+01,-3.161857843399047852e+00,1.000000000000000000e+01,0.000000000000000000e+00
2.276437568664550781e+01,-3.899054527282714844e+00,1.000000000000000000e+01,0.000000000000000000e+00
2.304871940612792969e+01,-3.325137376785278320e+00,1.000000000000000000e+01,0.000000000000000000e+00
2.295652198791503906e+01,-3.421837568283081055e+00,1.000000000000000000e+01,0.000000000000000000e+00
2.329088401794433594e+01,-2.811867237091064453e+00,1.000000000000000000e+01,0.000000000000000000e+00
2.269392776489257812e+01,-3.999073982238769531e+00,1.000000000000000000e+01,0.000000000000000000e+00
2.238581657409667969e+01,-4.431464195251464844e+00,1.000000000000000000e+01,0.000000000000000000e+00
2.257155036926269531e+01,-4.199138164520263672e+00,1.000000000000000000e+01,0.000000000000000000e+00
2.238751220703125000e+01,-4.440732955932617188e+00,1.000000000000000000e+01,0.000000000000000000e+00
2.305195808410644531e+01,-3.452419519424438477e+00,1.000000000000000000e+01,0.000000000000000000e+00
2.310787582397460938e+01,-3.025561809539794922e+00,1.000000000000000000e+01,0.000000000000000000e+00
2.227741432189941406e+01,-4.568563461303710938e+00,1.000000000000000000e+01,0.000000000000000000e+00
2.294875526428222656e+01,-3.484356880187988281e+00,1.000000000000000000e+01,0.000000000000000000e+00
2.278464508056640625e+01,-3.901314258575439453e+00,1.000000000000000000e+01,0.000000000000000000e+00
2.278711318969726562e+01,-3.828044414520263672e+00,1.000000000000000000e+01,0.000000000000000000e+00
2.322920036315917969e+01,-2.955722570419311523e+00,1.000000000000000000e+01,0.000000000000000000e+00
2.315809440612792969e+01,-3.045239448547363281e+00,1.000000000000000000e+01,0.000000000000000000e+00
2.234202194213867188e+01,-4.508062362670898438e+00,1.000000000000000000e+01,0.000000000000000000e+00
2.295478820800781250e+01,-3.466943740844726562e+00,1.000000000000000000e+01,0.000000000000000000e+00
2.233331871032714844e+01,-4.509551525115966797e+00,1.000000000000000000e+01,0.000000000000000000e+00
1.723141098022460938e+01,-6.323774814605712891e+00,9.000000000000000000e+00,0.000000000000000000e+00
2.335401916503906250e+01,-2.669478416442871094e+00,1.000000000000000000e+01,0.000000000000000000e+00
2.303468322753906250e+01,-3.418063163757324219e+00,1.000000000000000000e+01,0.000000000000000000e+00
2.337520980834960938e+01,-2.657742977142333984e+00,1.000000000000000000e+01,0.000000000000000000e+00
2.259602355957031250e+01,-4.136426448822021484e+00,1.000000000000000000e+01,0.000000000000000000e+00
2.247929954528808594e+01,-4.305148124694824219e+00,1.000000000000000000e+01,0.000000000000000000e+00
2.301444435119628906e+01,-3.375743389129638672e+00,1.000000000000000000e+01,0.000000000000000000e+00
2.306232070922851562e+01,-3.115900278091430664e+00,1.000000000000000000e+01,0.000000000000000000e+00
2.303144645690917969e+01,-3.443338871002197266e+00,1.000000000000000000e+01,0.000000000000000000e+00
2.278327369689941406e+01,-3.869085311889648438e+00,1.000000000000000000e+01,0.000000000000000000e+00
2.290782928466796875e+01,-3.679850578308105469e+00,1.000000000000000000e+01,0.000000000000000000e+00
2.274650573730468750e+01,-3.923987865447998047e+00,1.000000000000000000e+01,0.000000000000000000e+00
2.226340484619140625e+01,-4.579402923583984375e+00,1.000000000000000000e+01,0.000000000000000000e+00
2.326306724548339844e+01,-2.790409564971923828e+00,1.000000000000000000e+01,0.000000000000000000e+00
2.268284416198730469e+01,-3.991319894790649414e+00,1.000000000000000000e+01,0.000000000000000000e+00
2.272648811340332031e+01,-3.947395086288452148e+00,1.000000000000000000e+01,0.000000000000000000e+00
2.294380187988281250e+01,-3.461177825927734375e+00,1.000000000000000000e+01,0.000000000000000000e+00
2.236832427978515625e+01,-4.469819068908691406e+00,1.000000000000000000e+01,0.000000000000000000e+00
2.296285247802734375e+01,-3.550770759582519531e+00,1.000000000000000000e+01,0.000000000000000000e+00
2.316327476501464844e+01,-3.112786769866943359e+00,1.000000000000000000e+01,0.000000000000000000e+00
2.298067474365234375e+01,-3.552311420440673828e+00,1.000000000000000000e+01,0.000000000000000000e+00
2.247496795654296875e+01,-4.316166877746582031e+00,1.000000000000000000e+01,0.000000000000000000e+00
2.284459495544433594e+01,-3.735130786895751953e+00,1.000000000000000000e+01,0.000000000000000000e+00
2.263891601562500000e+01,-4.063714981079101562e+00,1.000000000000000000e+01,0.000000000000000000e+00
2.312060928344726562e+01,-3.002670526504516602e+00,1.000000000000000000e+01,0.000000000000000000e+00
2.327671623229980469e+01,-2.854086875915527344e+00,1.000000000000000000e+01,0.000000000000000000e+00
2.338562202453613281e+01,-2.644304037094116211e+00,1.000000000000000000e+01,0.000000000000000000e+00
2.244713592529296875e+01,-4.356032371520996094e+00,1.000000000000000000e+01,0.000000000000000000e+00
2.341195106506347656e+01,-2.616066455841064453e+00,1.000000000000000000e+01,0.000000000000000000e+00
2.281746101379394531e+01,-3.811342239379882812e+00,1.000000000000000000e+01,0.000000000000000000e+00
2.276921844482421875e+01,-3.886456012725830078e+00,1.000000000000000000e+01,0.000000000000000000e+00
2.278516197204589844e+01,-3.865417242050170898e+00,1.000000000000000000e+01,0.000000000000000000e+00
2.237497711181640625e+01,-4.454161643981933594e+00,1.000000000000000000e+01,0.000000000000000000e+00
2.272459983825683594e+01,-3.927133798599243164e+00,1.000000000000000000e+01,0.000000000000000000e+00
2.244873237609863281e+01,-4.335322380065917969e+00,1.000000000000000000e+01,0.000000000000000000e+00
2.262476348876953125e+01,-4.085989952087402344e+00,1.000000000000000000e+01,0.000000000000000000e+00
2.309416961669921875e+01,-3.079223632812500000e+00,1.000000000000000000e+01,0.000000000000000000e+00
2.287956619262695312e+01,-3.704220533370971680e+00,1.000000000000000000e+01,0.000000000000000000e+00
2.255838394165039062e+01,-4.191395759582519531e+00,1.000000000000000000e+01,0.000000000000000000e+00
2.310188102722167969e+01,-3.298031091690063477e+00,1.000000000000000000e+01,0.000000000000000000e+00
2.266073226928710938e+01,-4.047898769378662109e+00,1.000000000000000000e+01,0.000000000000000000e+00
2.313650321960449219e+01,-3.150077342987060547e+00,1.000000000000000000e+01,0.000000000000000000e+00
2.273483276367187500e+01,-3.930522203445434570e+00,1.000000000000000000e+01,0.000000000000000000e+00
2.303221702575683594e+01,-3.503898143768310547e+00,1.000000000000000000e+01,0.000000000000000000e+00
2.241348648071289062e+01,-4.400643825531005859e+00,1.000000000000000000e+01,0.000000000000000000e+00
2.339356803894042969e+01,-2.653112649917602539e+00,1.000000000000000000e+01,0.000000000000000000e+00
2.282118415832519531e+01,-3.810389757156372070e+00,1.000000000000000000e+01,0.000000000000000000e+00
2.239624023437500000e+01,-4.426745414733886719e+00,1.000000000000000000e+01,0.000000000000000000e+00
2.256735038757324219e+01,-4.175487518310546875e+00,1.000000000000000000e+01,0.000000000000000000e+00
2.295863533020019531e+01,-3.460834026336669922e+00,1.000000000000000000e+01,0.000000000000000000e+00
2.345159912109375000e+01,-2.573976993560791016e+00,1.000000000000000000e+01,0.000000000000000000e+00
2.262197494506835938e+01,-4.090253353118896484e+00,1.000000000000000000e+01,0.000000000000000000e+00
2.226550674438476562e+01,-4.576749801635742188e+00,1.000000000000000000e+01,0.000000000000000000e+00
2.235196304321289062e+01,-4.497914791107177734e+00,1.000000000000000000e+01,0.000000000000000000e+00
2.277649307250976562e+01,-3.884739875793457031e+00,1.000000000000000000e+01,0.000000000000000000e+00
2.314622116088867188e+01,-3.065709352493286133e+00,1.000000000000000000e+01,0.000000000000000000e+00
2.257493591308593750e+01,-4.165280342102050781e+00,1.000000000000000000e+01,0.000000000000000000e+00
2.340544700622558594e+01,-2.620028734207153320e+00,1.000000000000000000e+01,0.000000000000000000e+00
2.291373252868652344e+01,-3.622805118560791016e+00,1.000000000000000000e+01,0.000000000000000000e+00
2.306847000122070312e+01,-3.088861942291259766e+00,1.000000000000000000e+01,0.000000000000000000e+00
2.337656974792480469e+01,-2.653687715530395508e+00,1.000000000000000000e+01,0.000000000000000000e+00
2.300082015991210938e+01,-3.400364875793457031e+00,1.000000000000000000e+01,0.000000000000000000e+00
2.310472869873046875e+01,-3.312570571899414062e+00,1.000000000000000000e+01,0.000000000000000000e+00
2.227126502990722656e+01,-4.576657295227050781e+00,1.000000000000000000e+01,0.000000000000000000e+00
2.242128753662109375e+01,-4.383867740631103516e+00,1.000000000000000000e+01,0.000000000000000000e+00
2.229057121276855469e+01,-4.553328990936279297e+00,1.000000000000000000e+01,0.000000000000000000e+00
2.285138320922851562e+01,-3.749845027923583984e+00,1.000000000000000000e+01,0.000000000000000000e+00
2.270573043823242188e+01,-3.960911035537719727e+00,1.000000000000000000e+01,0.000000000000000000e+00
2.293612861633300781e+01,-3.607428073883056641e+00,1.000000000000000000e+01,0.000000000000000000e+00
2.338131141662597656e+01,-2.644262075424194336e+00,1.000000000000000000e+01,0.000000000000000000e+00
2.265933418273925781e+01,-4.047361373901367188e+00,1.000000000000000000e+01,0.000000000000000000e+00
2.249917793273925781e+01,-4.278333187103271484e+00,1.000000000000000000e+01,0.000000000000000000e+00
2.248509025573730469e+01,-4.314368247985839844e+00,1.000000000000000000e+01,0.000000000000000000e+00
2.318193626403808594e+01,-2.993708610534667969e+00,1.000000000000000000e+01,0.000000000000000000e+00
2.229149436950683594e+01,-4.552874088287353516e+00,1.000000000000000000e+01,0.000000000000000000e+00
2.228433227539062500e+01,-4.564662933349609375e+00,1.000000000000000000e+01,0.000000000000000000e+00
2.319549369812011719e+01,-3.019885301589965820e+00,1.000000000000000000e+01,0.000000000000000000e+00
2.323965263366699219e+01,-2.945828199386596680e+00,1.000000000000000000e+01,0.000000000000000000e+00
2.337877845764160156e+01,-2.647005796432495117e+00,1.000000000000000000e+01,0.000000000000000000e+00
2.297857666015625000e+01,-3.390695571899414062e+00,1.000000000000000000e+01,0.000000000000000000e+00
2.330449295043945312e+01,-2.805109977722167969e+00,1.000000000000000000e+01,0.000000000000000000e+00
2.286369705200195312e+01,-3.715662717819213867e+00,1.000000000000000000e+01,0.000000000000000000e+00
2.334993171691894531e+01,-2.684790134429931641e+00,1.000000000000000000e+01,0.000000000000000000e+00
2.271955299377441406e+01,-3.953592300415039062e+00,1.000000000000000000e+01,0.000000000000000000e+00
2.278609657287597656e+01,-3.846850156784057617e+00,1.000000000000000000e+01,0.000000000000000000e+00
2.316504287719726562e+01,-3.114587545394897461e+00,1.000000000000000000e+01,0.000000000000000000e+00
2.339350318908691406e+01,-2.617082357406616211e+00,1.000000000000000000e+01,0.000000000000000000e+00
2.235120201110839844e+01,-4.496916770935058594e+00,1.000000000000000000e+01,0.000000000000000000e+00
2.276248550415039062e+01,-3.901683568954467773e+00,1.000000000000000000e+01,0.000000000000000000e+00
2.338112449645996094e+01,-2.631644725799560547e+00,1.000000000000000000e+01,0.000000000000000000e+00
2.334814262390136719e+01,-2.669714927673339844e+00,1.000000000000000000e+01,0.000000000000000000e+00
2.322704887390136719e+01,-2.986717939376831055e+00,1.000000000000000000e+01,0.000000000000000000e+00
2.306985473632812500e+01,-3.200249433517456055e+00,1.000000000000000000e+01,0.000000000000000000e+00
2.335323715209960938e+01,-2.680199623107910156e+00,1.000000000000000000e+01,0.000000000000000000e+00
2.304576301574707031e+01,-3.452381849288940430e+00,1.000000000000000000e+01,0.000000000000000000e+00
2.335401916503906250e+01,-2.676191329956054688e+00,1.000000000000000000e+01,0.000000000000000000e+00
2.318876266479492188e+01,-3.025048255920410156e+00,1.000000000000000000e+01,0.000000000000000000e+00
2.259537124633789062e+01,-4.131737232208251953e+00,1.000000000000000000e+01,0.000000000000000000e+00
2.226803207397460938e+01,-4.586658477783203125e+00,1.000000000000000000e+01,0.000000000000000000e+00
2.335902404785156250e+01,-2.676275253295898438e+00,1.000000000000000000e+01,0.000000000000000000e+00
2.335265922546386719e+01,-2.692862749099731445e+00,1.000000000000000000e+01,0.000000000000000000e+00
2.316054725646972656e+01,-3.082672119140625000e+00,1.000000000000000000e+01,0.000000000000000000e+00
2.246048164367675781e+01,-4.345087528228759766e+00,1.000000000000000000e+01,0.000000000000000000e+00
2.333493232727050781e+01,-2.717658996582031250e+00,1.000000000000000000e+01,0.000000000000000000e+00
2.277101135253906250e+01,-3.891132593154907227e+00,1.000000000000000000e+01,0.000000000000000000e+00
2.239538192749023438e+01,-4.429817676544189453e+00,1.000000000000000000e+01,0.000000000000000000e+00
2.323758316040039062e+01,-2.959097385406494141e+00,1.000000000000000000e+01,0.000000000000000000e+00
2.231255340576171875e+01,-4.536279678344726562e+00,1.000000000000000000e+01,0.000000000000000000e+00
2.255516242980957031e+01,-4.208909034729003906e+00,1.000000000000000000e+01,0.000000000000000000e+00
2.297276878356933594e+01,-3.267730236053466797e+00,1.000000000000000000e+01,0.000000000000000000e+00
2.226796150207519531e+01,-4.578810214996337891e+00,1.000000000000000000e+01,0.000000000000000000e+00
2.224728202819824219e+01,-4.602461338043212891e+00,1.000000000000000000e+01,0.000000000000000000e+00
2.257745552062988281e+01,-4.170806407928466797e+00,1.000000000000000000e+01,0.000000000000000000e+00
2.309973716735839844e+01,-2.961988210678100586e+00,1.000000000000000000e+01,0.000000000000000000e+00
2.325739479064941406e+01,-2.904374599456787109e+00,1.000000000000000000e+01,0.000000000000000000e+00
2.316496658325195312e+01,-2.884544134140014648e+00,1.000000000000000000e+01,0.000000000000000000e+00
2.233815002441406250e+01,-4.508477687835693359e+00,1.000000000000000000e+01,0.000000000000000000e+00
2.297204017639160156e+01,-3.546053886413574219e+00,1.000000000000000000e+01,0.000000000000000000e+00
2.229567337036132812e+01,-4.549536228179931641e+00,1.000000000000000000e+01,0.000000000000000000e+00
2.317024803161621094e+01,-2.999520063400268555e+00,1.000000000000000000e+01,0.000000000000000000e+00
2.281704330444335938e+01,-3.814244508743286133e+00,1.000000000000000000e+01,0.000000000000000000e+00
2.322803497314453125e+01,-2.996613502502441406e+00,1.000000000000000000e+01,0.000000000000000000e+00
2.308339691162109375e+01,-3.148597478866577148e+00,1.000000000000000000e+01,0.000000000000000000e+00
2.225466918945312500e+01,-4.595608234405517578e+00,1.000000000000000000e+01,0.000000000000000000e+00
2.260649108886718750e+01,-4.125725746154785156e+00,1.000000000000000000e+01,0.000000000000000000e+00
2.300892639160156250e+01,-3.423761844635009766e+00,1.000000000000000000e+01,0.000000000000000000e+00
2.233046531677246094e+01,-4.520653247833251953e+00,1.000000000000000000e+01,0.000000000000000000e+00
2.227084159851074219e+01,-4.577358245849609375e+00,1.000000000000000000e+01,0.000000000000000000e+00
2.273067283630371094e+01,-3.933752059936523438e+00,1.000000000000000000e+01,0.000000000000000000e+00
2.338985061645507812e+01,-2.635146617889404297e+00,1.000000000000000000e+01,0.000000000000000000e+00
2.338563537597656250e+01,-2.652900218963623047e+00,1.000000000000000000e+01,0.000000000000000000e+00
2.333989143371582031e+01,-2.656214952468872070e+00,1.000000000000000000e+01,0.000000000000000000e+00
2.232035446166992188e+01,-4.518265724182128906e+00,1.000000000000000000e+01,0.000000000000000000e+00
2.329533576965332031e+01,-2.756109476089477539e+00,1.000000000000000000e+01,0.000000000000000000e+00
2.335100936889648438e+01,-2.682400703430175781e+00,1.000000000000000000e+01,0.000000000000000000e+00
2.281407165527343750e+01,-3.806597948074340820e+00,1.000000000000000000e+01,0.000000000000000000e+00
2.312677574157714844e+01,-3.071916818618774414e+00,1.000000000000000000e+01,0.000000000000000000e+00
2.323183250427246094e+01,-2.985750675201416016e+00,1.000000000000000000e+01,0.000000000000000000e+00
2.320076751708984375e+01,-3.010910272598266602e+00,1.000000000000000000e+01,0.000000000000000000e+00
2.234564590454101562e+01,-4.484974861145019531e+00,1.000000000000000000e+01,0.000000000000000000e+00
2.314229774475097656e+01,-2.959137678146362305e+00,1.000000000000000000e+01,0.000000000000000000e+00
2.305434989929199219e+01,-3.364814043045043945e+00,1.000000000000000000e+01,0.000000000000000000e+00
2.314024353027343750e+01,-3.232821464538574219e+00,1.000000000000000000e+01,0.000000000000000000e+00
2.270165634155273438e+01,-3.992953777313232422e+00,1.000000000000000000e+01,0.000000000000000000e+00
2.236780929565429688e+01,-4.463879108428955078e+00,1.000000000000000000e+01,0.000000000000000000e+00
2.235361671447753906e+01,-4.492835521697998047e+00,1.000000000000000000e+01,0.000000000000000000e+00
2.270648384094238281e+01,-3.971419572830200195e+00,1.000000000000000000e+01,0.000000000000000000e+00
2.274346923828125000e+01,-3.920365333557128906e+00,1.000000000000000000e+01,0.000000000000000000e+00
2.302812385559082031e+01,-3.429207563400268555e+00,1.000000000000000000e+01,0.000000000000000000e+00
8.706296920776367188e+00,-1.303697299957275391e+01,1.200000000000000000e+01,0.000000000000000000e+00
8.858674049377441406e+00,-1.344182205200195312e+01,1.200000000000000000e+01,0.000000000000000000e+00
8.714852333068847656e+00,-1.270931625366210938e+01,1.200000000000000000e+01,0.000000000000000000e+00
8.681468009948730469e+00,-1.274296569824218750e+01,1.200000000000000000e+01,0.000000000000000000e+00
9.268827438354492188e+00,-1.295804882049560547e+01,9.000000000000000000e+00,0.000000000000000000e+00
8.246417045593261719e+00,-1.274301624298095703e+01,1.200000000000000000e+01,0.000000000000000000e+00
8.795002937316894531e+00,-1.253854274749755859e+01,9.000000000000000000e+00,0.000000000000000000e+00
8.644667625427246094e+00,-1.262117958068847656e+01,1.200000000000000000e+01,0.000000000000000000e+00
9.454126358032226562e+00,-1.338559150695800781e+01,1.200000000000000000e+01,0.000000000000000000e+00
9.064585685729980469e+00,-1.294326972961425781e+01,1.200000000000000000e+01,0.000000000000000000e+00
9.040069580078125000e+00,-1.238422966003417969e+01,1.200000000000000000e+01,0.000000000000000000e+00
8.674285888671875000e+00,-1.283055400848388672e+01,1.200000000000000000e+01,0.000000000000000000e+00
9.128361701965332031e+00,-1.256236267089843750e+01,1.200000000000000000e+01,0.000000000000000000e+00
9.448825836181640625e+00,-1.339391422271728516e+01,1.200000000000000000e+01,0.000000000000000000e+00
8.922168731689453125e+00,-1.303681182861328125e+01,1.200000000000000000e+01,0.000000000000000000e+00
9.697456359863281250e+00,-1.312757396697998047e+01,1.200000000000000000e+01,0.000000000000000000e+00
8.802399635314941406e+00,-1.297521877288818359e+01,1.200000000000000000e+01,0.000000000000000000e+00
9.809002876281738281e+00,-1.294719791412353516e+01,1.200000000000000000e+01,0.000000000000000000e+00
8.807031631469726562e+00,-1.343352317810058594e+01,9.000000000000000000e+00,0.000000000000000000e+00
8.557567596435546875e+00,-1.305608463287353516e+01,1.200000000000000000e+01,0.000000000000000000e+00
9.493804931640625000e+00,-1.305903339385986328e+01,1.200000000000000000e+01,0.000000000000000000e+00
9.001842498779296875e+00,-1.317538166046142578e+01,1.200000000000000000e+01,0.000000000000000000e+00
9.680599212646484375e+00,-1.292724704742431641e+01,9.000000000000000000e+00,0.000000000000000000e+00
9.482192039489746094e+00,-1.340605068206787109e+01,1.200000000000000000e+01,0.000000000000000000e+00
8.252049446105957031e+00,-1.275399017333984375e+01,1.200000000000000000e+01,0.000000000000000000e+00
9.205303192138671875e+00,-1.276068210601806641e+01,1.200000000000000000e+01,0.000000000000000000e+00
8.790597915649414062e+00,-1.318423271179199219e+01,1.200000000000000000e+01,0.000000000000000000e+00
9.053293228149414062e+00,-1.298369598388671875e+01,1.200000000000000000e+01,0.000000000000000000e+00
8.594923019409179688e+00,-1.264580059051513672e+01,1.200000000000000000e+01,0.000000000000000000e+00
9.138084411621093750e+00,-1.255514335632324219e+01,1.200000000000000000e+01,0.000000000000000000e+00
8.724825859069824219e+00,-1.326011276245117188e+01,1.200000000000000000e+01,0.000000000000000000e+00
9.795763015747070312e+00,-1.298160457611083984e+01,1.200000000000000000e+01,0.000000000000000000e+00
9.048492431640625000e+00,-1.241640663146972656e+01,1.200000000000000000e+01,0.000000000000000000e+00
9.742240905761718750e+00,-1.303306102752685547e+01,1.200000000000000000e+01,0.000000000000000000e+00
8.591987609863281250e+00,-1.307159423828125000e+01,1.200000000000000000e+01,0.000000000000000000e+00
8.752859115600585938e+00,-1.289896202087402344e+01,1.200000000000000000e+01,0.000000000000000000e+00
9.456644058227539062e+00,-1.299246501922607422e+01,1.200000000000000000e+01,0.000000000000000000e+00
9.005087852478027344e+00,-1.295934963226318359e+01,1.200000000000000000e+01,0.000000000000000000e+00
9.265631675720214844e+00,-1.299453830718994141e+01,1.200000000000000000e+01,0.000000000000000000e+00
9.237634658813476562e+00,-1.277532672882080078e+01,9.000000000000000000e+00,0.000000000000000000e+00
8.697319984436035156e+00,-1.271022605895996094e+01,1.200000000000000000e+01,0.000000000000000000e+00
9.486658096313476562e+00,-1.339568996429443359e+01,1.200000000000000000e+01,0.000000000000000000e+00
9.707173347473144531e+00,-1.294295692443847656e+01,1.200000000000000000e+01,0.000000000000000000e+00
8.510538101196289062e+00,-1.274830150604248047e+01,1.200000000000000000e+01,0.000000000000000000e+00
8.829560279846191406e+00,-1.326973056793212891e+01,1.200000000000000000e+01,0.000000000000000000e+00
8.539082527160644531e+00,-1.273402976989746094e+01,1.200000000000000000e+01,0.000000000000000000e+00
9.718359947204589844e+00,-1.294331073760986328e+01,1.200000000000000000e+01,0.000000000000000000e+00
8.878910064697265625e+00,-1.302039909362792969e+01,1.200000000000000000e+01,0.000000000000000000e+00
8.257600784301757812e+00,-1.273130702972412109e+01,1.200000000000000000e+01,0.000000000000000000e+00
9.092401504516601562e+00,-1.247483730316162109e+01,1.200000000000000000e+01,0.000000000000000000e+00
9.420560836791992188e+00,-1.339073371887207031e+01,1.200000000000000000e+01,0.000000000000000000e+00
9.131545066833496094e+00,-1.297336387634277344e+01,1.200000000000000000e+01,0.000000000000000000e+00
8.635721206665039062e+00,-1.268853759765625000e+01,1.200000000000000000e+01,0.000000000000000000e+00
8.973981857299804688e+00,-1.347313690185546875e+01,9.000000000000000000e+00,0.000000000000000000e+00
9.086667060852050781e+00,-1.241843986511230469e+01,1.200000000000000000e+01,0.000000000000000000e+00
9.762163162231445312e+00,-1.302569484710693359e+01,1.200000000000000000e+01,0.000000000000000000e+00
8.480346679687500000e+00,-1.274643039703369141e+01,1.200000000000000000e+01,0.000000000000000000e+00
8.858837127685546875e+00,-1.296249198913574219e+01,1.200000000000000000e+01,0.000000000000000000e+00
9.485807418823242188e+00,-1.318291759490966797e+01,1.200000000000000000e+01,0.000000000000000000e+00
8.915118217468261719e+00,-1.343922328948974609e+01,1.200000000000000000e+01,0.000000000000000000e+00
8.785320281982421875e+00,-1.251053333282470703e+01,9.000000000000000000e+00,0.000000000000000000e+00
8.896832466125488281e+00,-1.244586086273193359e+01,1.200000000000000000e+01,0.000000000000000000e+00
9.530055999755859375e+00,-1.332685375213623047e+01,1.200000000000000000e+01,0.000000000000000000e+00
8.769128799438476562e+00,-1.334414768218994141e+01,1.200000000000000000e+01,0.000000000000000000e+00
9.197168350219726562e+00,-1.286140537261962891e+01,1.200000000000000000e+01,0.000000000000000000e+00
8.483666419982910156e+00,-1.275550651550292969e+01,1.200000000000000000e+01,0.000000000000000000e+00
9.505807876586914062e+00,-1.337903118133544922e+01,1.200000000000000000e+01,0.000000000000000000e+00
8.833400726318359375e+00,-1.317358684539794922e+01,9.000000000000000000e+00,0.000000000000000000e+00
9.012955665588378906e+00,-1.237513160705566406e+01,1.200000000000000000e+01,0.000000000000000000e+00
9.733304977416992188e+00,-1.295645809173583984e+01,1.200000000000000000e+01,0.000000000000000000e+00
9.672923088073730469e+00,-1.290960597991943359e+01,1.200000000000000000e+01,0.000000000000000000e+00
8.827796936035156250e+00,-1.340178298950195312e+01,9.000000000000000000e+00,0.000000000000000000e+00
8.238761901855468750e+00,-1.275365257263183594e+01,1.200000000000000000e+01,0.000000000000000000e+00
9.442286491394042969e+00,-1.309615039825439453e+01,1.200000000000000000e+01,0.000000000000000000e+00
8.753640174865722656e+00,-1.326601314544677734e+01,1.200000000000000000e+01,0.000000000000000000e+00
9.376609802246093750e+00,-1.329569053649902344e+01,1.200000000000000000e+01,0.000000000000000000e+00
8.684750556945800781e+00,-1.263003158569335938e+01,1.200000000000000000e+01,0.000000000000000000e+00
8.528123855590820312e+00,-1.276035785675048828e+01,1.200000000000000000e+01,0.000000000000000000e+00
8.797162055969238281e+00,-1.275213909149169922e+01,1.200000000000000000e+01,0.000000000000000000e+00
8.837934494018554688e+00,-1.341106033325195312e+01,1.200000000000000000e+01,0.000000000000000000e+00
9.071958541870117188e+00,-1.243378925323486328e+01,1.200000000000000000e+01,0.000000000000000000e+00
8.667188644409179688e+00,-1.273328590393066406e+01,1.200000000000000000e+01,0.000000000000000000e+00
9.595688819885253906e+00,-1.301925277709960938e+01,1.200000000000000000e+01,0.000000000000000000e+00
8.889699935913085938e+00,-1.345907306671142578e+01,9.000000000000000000e+00,0.000000000000000000e+00
9.231008529663085938e+00,-1.301537036895751953e+01,1.200000000000000000e+01,0.000000000000000000e+00
9.721471786499023438e+00,-1.310745620727539062e+01,1.200000000000000000e+01,0.000000000000000000e+00
8.814796447753906250e+00,-1.329608535766601562e+01,1.200000000000000000e+01,0.000000000000000000e+00
9.498766899108886719e+00,-1.337049961090087891e+01,1.200000000000000000e+01,0.000000000000000000e+00
9.196315765380859375e+00,-1.297738361358642578e+01,1.200000000000000000e+01,0.000000000000000000e+00
9.639106750488281250e+00,-1.313766574859619141e+01,1.200000000000000000e+01,0.000000000000000000e+00
9.403145790100097656e+00,-1.303693675994873047e+01,1.200000000000000000e+01,0.000000000000000000e+00
9.050865173339843750e+00,-1.244782543182373047e+01,1.200000000000000000e+01,0.000000000000000000e+00
9.050374984741210938e+00,-1.238972568511962891e+01,9.000000000000000000e+00,0.000000000000000000e+00
8.902337074279785156e+00,-1.242134571075439453e+01,9.000000000000000000e+00,0.000000000000000000e+00
9.051539421081542969e+00,-1.239824962615966797e+01,1.200000000000000000e+01,0.000000000000000000e+00
8.876284599304199219e+00,-1.341566085815429688e+01,1.200000000000000000e+01,0.000000000000000000e+00
9.407887458801269531e+00,-1.337950134277343750e+01,1.200000000000000000e+01,0.000000000000000000e+00
9.050870895385742188e+00,-1.240716934204101562e+01,1.200000000000000000e+01,0.000000000000000000e+00
8.723755836486816406e+00,-1.290496635437011719e+01,1.200000000000000000e+01,0.000000000000000000e+00
8.412487983703613281e+00,-1.289751243591308594e+01,1.200000000000000000e+01,0.000000000000000000e+00
8.253200531005859375e+00,-1.274644660949707031e+01,9.000000000000000000e+00,0.000000000000000000e+00
8.697789192199707031e+00,-1.319337844848632812e+01,1.200000000000000000e+01,0.000000000000000000e+00
9.182575225830078125e+00,-1.300727272033691406e+01,1.200000000000000000e+01,0.000000000000000000e+00
9.475598335266113281e+00,-1.336257266998291016e+01,1.200000000000000000e+01,0.000000000000000000e+00
8.836759567260742188e+00,-1.325013351440429688e+01,1.200000000000000000e+01,0.000000000000000000e+00
8.655311584472656250e+00,-1.313123798370361328e+01,1.200000000000000000e+01,0.000000000000000000e+00
8.762927055358886719e+00,-1.291909122467041016e+01,1.200000000000000000e+01,0.000000000000000000e+00
9.019399642944335938e+00,-1.252135944366455078e+01,1.200000000000000000e+01,0.000000000000000000e+00
9.107154846191406250e+00,-1.295216655731201172e+01,1.200000000000000000e+01,0.000000000000000000e+00
9.772360801696777344e+00,-1.287867927551269531e+01,9.000000000000000000e+00,0.000000000000000000e+00
8.255504608154296875e+00,-1.274958515167236328e+01,1.200000000000000000e+01,0.000000000000000000e+00
9.788291931152343750e+00,-1.296279239654541016e+01,9.000000000000000000e+00,0.000000000000000000e+00
9.171350479125976562e+00,-1.295308113098144531e+01,1.200000000000000000e+01,0.000000000000000000e+00
9.764769554138183594e+00,-1.296762371063232422e+01,1.200000000000000000e+01,0.000000000000000000e+00
8.351705551147460938e+00,-1.276249694824218750e+01,1.200000000000000000e+01,0.000000000000000000e+00
9.094814300537109375e+00,-1.247415161132812500e+01,1.200000000000000000e+01,0.000000000000000000e+00
9.172424316406250000e+00,-1.287236213684082031e+01,1.200000000000000000e+01,0.000000000000000000e+00
8.851864814758300781e+00,-1.341592788696289062e+01,1.200000000000000000e+01,0.000000000000000000e+00
8.552237510681152344e+00,-1.304468441009521484e+01,1.200000000000000000e+01,0.000000000000000000e+00
9.359211921691894531e+00,-1.302906608581542969e+01,1.200000000000000000e+01,0.000000000000000000e+00
9.021508216857910156e+00,-1.239685153961181641e+01,1.200000000000000000e+01,0.000000000000000000e+00
8.746594429016113281e+00,-1.254046058654785156e+01,1.200000000000000000e+01,0.000000000000000000e+00
9.018829345703125000e+00,-1.251378250122070312e+01,1.200000000000000000e+01,0.000000000000000000e+00
8.907247543334960938e+00,-1.256695270538330078e+01,1.200000000000000000e+01,0.000000000000000000e+00
9.490822792053222656e+00,-1.341135883331298828e+01,1.200000000000000000e+01,0.000000000000000000e+00
8.891517639160156250e+00,-1.291086578369140625e+01,1.200000000000000000e+01,0.000000000000000000e+00
9.225985527038574219e+00,-1.299021244049072266e+01,1.200000000000000000e+01,0.000000000000000000e+00
8.575172424316406250e+00,-1.273746204376220703e+01,1.200000000000000000e+01,0.000000000000000000e+00
8.318438529968261719e+00,-1.279864597320556641e+01,1.200000000000000000e+01,0.000000000000000000e+00
9.475119590759277344e+00,-1.338159942626953125e+01,1.200000000000000000e+01,0.000000000000000000e+00
8.701285362243652344e+00,-1.317472171783447266e+01,1.200000000000000000e+01,0.000000000000000000e+00
9.621290206909179688e+00,-1.325046825408935547e+01,1.200000000000000000e+01,0.000000000000000000e+00
9.149941444396972656e+00,-1.284774589538574219e+01,1.200000000000000000e+01,0.000000000000000000e+00
8.568129539489746094e+00,-1.259311962127685547e+01,1.200000000000000000e+01,0.000000000000000000e+00
8.384332656860351562e+00,-1.267547893524169922e+01,9.000000000000000000e+00,0.000000000000000000e+00
9.070035934448242188e+00,-1.241370296478271484e+01,9.000000000000000000e+00,0.000000000000000000e+00
8.537643432617187500e+00,-1.272563552856445312e+01,1.200000000000000000e+01,0.000000000000000000e+00
8.863387107849121094e+00,-1.346155166625976562e+01,1.200000000000000000e+01,0.000000000000000000e+00
8.791145324707031250e+00,-1.338512229919433594e+01,9.000000000000000000e+00,0.000000000000000000e+00
9.430445671081542969e+00,-1.313315296173095703e+01,1.200000000000000000e+01,0.000000000000000000e+00
8.775370597839355469e+00,-1.289728260040283203e+01,1.200000000000000000e+01,0.000000000000000000e+00
9.464711189270019531e+00,-1.303714179992675781e+01,1.200000000000000000e+01,0.000000000000000000e+00
9.491529464721679688e+00,-1.339376068115234375e+01,1.200000000000000000e+01,0.000000000000000000e+00
8.296766281127929688e+00,-1.272844314575195312e+01,9.000000000000000000e+00,0.000000000000000000e+00
8.802197456359863281e+00,-1.247188282012939453e+01,9.000000000000000000e+00,0.000000000000000000e+00
9.257524490356445312e+00,-1.300061893463134766e+01,1.200000000000000000e+01,0.000000000000000000e+00
1.167225456237792969e+01,-1.237080860137939453e+01,1.200000000000000000e+01,0.000000000000000000e+00
8.559394836425781250e+00,-1.276996135711669922e+01,1.200000000000000000e+01,0.000000000000000000e+00
8.622627258300781250e+00,-1.278975296020507812e+01,1.200000000000000000e+01,0.000000000000000000e+00
9.468157768249511719e+00,-1.335053443908691406e+01,1.200000000000000000e+01,0.000000000000000000e+00
9.068121910095214844e+00,-1.296606445312500000e+01,1.200000000000000000e+01,0.000000000000000000e+00
9.338074684143066406e+00,-1.309730529785156250e+01,1.200000000000000000e+01,0.000000000000000000e+00
8.497575759887695312e+00,-1.293641185760498047e+01,1.200000000000000000e+01,0.000000000000000000e+00
9.627882957458496094e+00,-1.282671928405761719e+01,9.000000000000000000e+00,0.000000000000000000e+00
8.849967002868652344e+00,-1.250670242309570312e+01,1.200000000000000000e+01,0.000000000000000000e+00
9.025566101074218750e+00,-1.237555980682373047e+01,1.200000000000000000e+01,0.000000000000000000e+00
9.721492767333984375e+00,-1.291886901855468750e+01,1.200000000000000000e+01,0.000000000000000000e+00
9.106768608093261719e+00,-1.254952907562255859e+01,1.200000000000000000e+01,0.000000000000000000e+00
8.844023704528808594e+00,-1.345414924621582031e+01,1.200000000000000000e+01,0.000000000000000000e+00
8.458997726440429688e+00,-1.277266693115234375e+01,1.200000000000000000e+01,0.000000000000000000e+00
8.947116851806640625e+00,-1.243968105316162109e+01,1.200000000000000000e+01,0.000000000000000000e+00
8.780315399169921875e+00,-1.333774375915527344e+01,1.200000000000000000e+01,0.000000000000000000e+00
8.849564552307128906e+00,-1.344010925292968750e+01,1.200000000000000000e+01,0.000000000000000000e+00
8.228591918945312500e+00,-1.272789573669433594e+01,9.000000000000000000e+00,0.000000000000000000e+00
8.889174461364746094e+00,-1.305332946777343750e+01,1.200000000000000000e+01,0.000000000000000000e+00
8.824078559875488281e+00,-1.328100109100341797e+01,1.200000000000000000e+01,0.000000000000000000e+00
8.301585197448730469e+00,-1.283108043670654297e+01,1.200000000000000000e+01,0.000000000000000000e+00
8.255059242248535156e+00,-1.274427700042724609e+01,1.200000000000000000e+01,0.000000000000000000e+00
8.965978622436523438e+00,-1.297215080261230469e+01,1.200000000000000000e+01,0.000000000000000000e+00
8.246577262878417969e+00,-1.274192142486572266e+01,9.000000000000000000e+00,0.000000000000000000e+00
8.879279136657714844e+00,-1.345381164550781250e+01,1.200000000000000000e+01,0.000000000000000000e+00
9.500664710998535156e+00,-1.339850807189941406e+01,1.200000000000000000e+01,0.000000000000000000e+00
8.556055068969726562e+00,-1.268291473388671875e+01,1.200000000000000000e+01,0.000000000000000000e+00
9.647069931030273438e+00,-1.310615825653076172e+01,1.200000000000000000e+01,0.000000000000000000e+00
8.802823066711425781e+00,-1.335761547088623047e+01,1.200000000000000000e+01,0.000000000000000000e+00
8.571865081787109375e+00,-1.280740451812744141e+01,1.200000000000000000e+01,0.000000000000000000e+00
8.255013465881347656e+00,-1.272760105133056641e+01,9.000000000000000000e+00,0.000000000000000000e+00
8.926540374755859375e+00,-1.244979858398437500e+01,9.000000000000000000e+00,0.000000000000000000e+00
9.418687820434570312e+00,-1.284366321563720703e+01,1.200000000000000000e+01,0.000000000000000000e+00
9.785777091979980469e+00,-1.296787452697753906e+01,1.200000000000000000e+01,0.000000000000000000e+00
8.821055412292480469e+00,-1.319739246368408203e+01,1.200000000000000000e+01,0.000000000000000000e+00
9.404774665832519531e+00,-1.302742195129394531e+01,1.200000000000000000e+01,0.000000000000000000e+00
8.271271705627441406e+00,-1.275743198394775391e+01,1.200000000000000000e+01,0.000000000000000000e+00
9.031539916992187500e+00,-1.239413070678710938e+01,1.200000000000000000e+01,0.000000000000000000e+00
9.429474830627441406e+00,-1.322434329986572266e+01,1.200000000000000000e+01,0.000000000000000000e+00
9.237550735473632812e+00,-1.297806549072265625e+01,1.200000000000000000e+01,0.000000000000000000e+00
8.264671325683593750e+00,-1.276832389831542969e+01,1.200000000000000000e+01,0.000000000000000000e+00
8.871797561645507812e+00,-1.339217758178710938e+01,1.200000000000000000e+01,0.000000000000000000e+00
9.206364631652832031e+00,-1.297970676422119141e+01,1.200000000000000000e+01,0.000000000000000000e+00
9.073042869567871094e+00,-1.265171909332275391e+01,1.200000000000000000e+01,0.000000000000000000e+00
9.252258300781250000e+00,-1.294447517395019531e+01,1.200000000000000000e+01,0.000000000000000000e+00
9.051370620727539062e+00,-1.241051673889160156e+01,1.200000000000000000e+01,0.000000000000000000e+00
9.508815765380859375e+00,-1.304125118255615234e+01,1.200000000000000000e+01,0.000000000000000000e+00
9.469800949096679688e+00,-1.337769317626953125e+01,1.200000000000000000e+01,0.000000000000000000e+00
9.425251007080078125e+00,-1.285240650177001953e+01,9.000000000000000000e+00,0.000000000000000000e+00
8.982090950012207031e+00,-1.240763568878173828e+01,9.000000000000000000e+00,0.000000000000000000e+00
8.631138801574707031e+00,-1.312348842620849609e+01,1.200000000000000000e+01,0.000000000000000000e+00
9.084060668945312500e+00,-1.239520740509033203e+01,9.000000000000000000e+00,0.000000000000000000e+00
9.687890052795410156e+00,-1.312195491790771484e+01,1.200000000000000000e+01,0.000000000000000000e+00
8.875405311584472656e+00,-1.345304203033447266e+01,1.200000000000000000e+01,0.000000000000000000e+00
8.679817199707031250e+00,-1.318495082855224609e+01,1.200000000000000000e+01,0.000000000000000000e+00
9.463654518127441406e+00,-1.336676216125488281e+01,1.200000000000000000e+01,0.000000000000000000e+00
9.498236656188964844e+00,-1.341572475433349609e+01,1.200000000000000000e+01,0.000000000000000000e+00
9.466301918029785156e+00,-1.340313529968261719e+01,1.200000000000000000e+01,0.000000000000000000e+00
8.736248016357421875e+00,-1.306999969482421875e+01,1.200000000000000000e+01,0.000000000000000000e+00
1.099304294586181641e+01,-1.191938781738281250e+01,9.000000000000000000e+00,0.000000000000000000e+00
8.803462982177734375e+00,-1.331619453430175781e+01,1.200000000000000000e+01,0.000000000000000000e+00
8.553050041198730469e+00,-1.303125476837158203e+01,1.200000000000000000e+01,0.000000000000000000e+00
9.270627975463867188e+00,-1.299458503723144531e+01,1.200000000000000000e+01,0.000000000000000000e+00
9.626330375671386719e+00,-1.326017665863037109e+01,1.200000000000000000e+01,0.000000000000000000e+00
-1.401966929435729980e+00,-1.568212747573852539e+00,2.200000000000000000e+01,0.000000000000000000e+00
-1.285544395446777344e+00,-1.536249518394470215e+00,2.200000000000000000e+01,0.000000000000000000e+00
-1.540801167488098145e+00,-2.129220247268676758e+00,2.300000000000000000e+01,0.000000000000000000e+00
-1.546371340751647949e+00,-1.623573064804077148e+00,2.200000000000000000e+01,0.000000000000000000e+00
-2.150150299072265625e+00,-2.101501464843750000e+00,2.200000000000000000e+01,0.000000000000000000e+00
-2.137100458145141602e+00,-2.143042087554931641e+00,9.000000000000000000e+00,0.000000000000000000e+00
-2.054643154144287109e+00,-2.135607719421386719e+00,2.200000000000000000e+01,0.000000000000000000e+00
-1.540036678314208984e+00,-2.148539543151855469e+00,9.000000000000000000e+00,0.000000000000000000e+00
-6.661320328712463379e-01,-1.185149669647216797e+00,2.200000000000000000e+01,0.000000000000000000e+00
-1.674293637275695801e+00,-1.656769633293151855e+00,2.200000000000000000e+01,0.000000000000000000e+00
-6.891352534294128418e-01,-1.167943239212036133e+00,2.200000000000000000e+01,0.000000000000000000e+00
-6.247868537902832031e-01,-1.118889093399047852e+00,2.200000000000000000e+01,0.000000000000000000e+00
-7.251113057136535645e-01,-1.410812258720397949e+00,2.200000000000000000e+01,0.000000000000000000e+00
-1.998209714889526367e+00,-2.082961082458496094e+00,2.200000000000000000e+01,0.000000000000000000e+00
-8.750762939453125000e-01,-1.354519605636596680e+00,2.200000000000000000e+01,0.000000000000000000e+00
-6.844819188117980957e-01,-1.413140773773193359e+00,2.200000000000000000e+01,0.000000000000000000e+00
-5.134021639823913574e-01,-1.255061388015747070e+00,9.000000000000000000e+00,0.000000000000000000e+00
-7.329677343368530273e-01,-1.119289875030517578e+00,2.200000000000000000e+01,0.000000000000000000e+00
-1.096973657608032227e+00,-1.480772972106933594e+00,2.200000000000000000e+01,0.000000000000000000e+00
-1.507692933082580566e+00,-2.128576993942260742e+00,2.300000000000000000e+01,0.000000000000000000e+00
-7.835159301757812500e-01,-1.498795866966247559e+00,2.200000000000000000e+01,0.000000000000000000e+00
-1.304915904998779297e+00,-1.671366453170776367e+00,2.200000000000000000e+01,0.000000000000000000e+00
-7.344994544982910156e-01,-1.110275983810424805e+00,2.200000000000000000e+01,0.000000000000000000e+00
-1.667916774749755859e+00,-2.033511161804199219e+00,9.000000000000000000e+00,0.000000000000000000e+00
-6.761060953140258789e-01,-1.146192431449890137e+00,2.200000000000000000e+01,0.000000000000000000e+00
-1.495190620422363281e+00,-2.114848613739013672e+00,2.300000000000000000e+01,0.000000000000000000e+00
-8.265709877014160156e-01,-1.504712581634521484e+00,2.200000000000000000e+01,0.000000000000000000e+00
-1.364278674125671387e+00,-2.101748228073120117e+00,9.000000000000000000e+00,0.000000000000000000e+00
-1.093730926513671875e+00,-1.515330553054809570e+00,2.200000000000000000e+01,0.000000000000000000e+00
-1.452665448188781738e+00,-1.610224246978759766e+00,2.200000000000000000e+01,0.000000000000000000e+00
-2.073315858840942383e+00,-2.116655349731445312e+00,2.200000000000000000e+01,0.000000000000000000e+00
-5.322073101997375488e-01,-1.325639605522155762e+00,9.000000000000000000e+00,0.000000000000000000e+00
-6.757485270500183105e-01,-1.458083271980285645e+00,2.200000000000000000e+01,0.000000000000000000e+00
-1.447535157203674316e+00,-1.690287232398986816e+00,9.000000000000000000e+00,0.000000000000000000e+00
-1.339347720146179199e+00,-2.071145296096801758e+00,9.000000000000000000e+00,0.000000000000000000e+00
-9.145588874816894531e-01,-1.494487166404724121e+00,2.200000000000000000e+01,0.000000000000000000e+00
-1.781827569007873535e+00,-1.698526263236999512e+00,2.200000000000000000e+01,0.000000000000000000e+00
-1.350622773170471191e+00,-1.566939949989318848e+00,2.200000000000000000e+01,0.000000000000000000e+00
-1.448824882507324219e+00,-2.076075792312622070e+00,9.000000000000000000e+00,0.000000000000000000e+00
-7.280050516128540039e-01,-1.110793232917785645e+00,2.200000000000000000e+01,0.000000000000000000e+00
-7.617108225822448730e-01,-1.141593456268310547e+00,2.200000000000000000e+01,0.000000000000000000e+00
-7.816670536994934082e-01,-1.453878641128540039e+00,2.200000000000000000e+01,0.000000000000000000e+00
-6.551825404167175293e-01,-1.242164492607116699e+00,2.200000000000000000e+01,0.000000000000000000e+00
-1.613162755966186523e+00,-1.740984678268432617e+00,9.000000000000000000e+00,0.000000000000000000e+00
-6.049610972404479980e-01,-1.317444086074829102e+00,2.200000000000000000e+01,0.000000000000000000e+00
-2.148280382156372070e+00,-2.151499509811401367e+00,2.200000000000000000e+01,0.000000000000000000e+00
-1.810164570808410645e+00,-1.772897481918334961e+00,2.200000000000000000e+01,0.000000000000000000e+00
-1.147280693054199219e+00,-1.563421726226806641e+00,2.200000000000000000e+01,0.000000000000000000e+00
-2.138132095336914062e+00,-2.188435077667236328e+00,2.200000000000000000e+01,0.000000000000000000e+00
-1.270864725112915039e+00,-1.509645581245422363e+00,2.200000000000000000e+01,0.000000000000000000e+00
-1.539406776428222656e+00,-2.108995676040649414e+00,2.300000000000000000e+01,0.000000000000000000e+00
-2.107348203659057617e+00,-2.009420156478881836e+00,2.200000000000000000e+01,0.000000000000000000e+00
-9.610711336135864258e-01,-1.476433157920837402e+00,2.200000000000000000e+01,0.000000000000000000e+00
-1.595543026924133301e+00,-2.119812965393066406e+00,2.300000000000000000e+01,0.000000000000000000e+00
-1.470785140991210938e+00,-2.044729471206665039e+00,9.000000000000000000e+00,0.000000000000000000e+00
-6.497524976730346680e-01,-1.469379901885986328e+00,2.200000000000000000e+01,0.000000000000000000e+00
-7.372317314147949219e-01,-1.083564400672912598e+00,9.000000000000000000e+00,0.000000000000000000e+00
-1.826590061187744141e+00,-2.044723987579345703e+00,9.000000000000000000e+00,0.000000000000000000e+00
-2.171618938446044922e+00,-2.110579252243041992e+00,2.200000000000000000e+01,0.000000000000000000e+00
-9.221159815788269043e-01,-1.242357492446899414e+00,2.200000000000000000e+01,0.000000000000000000e+00
-1.678712487220764160e+00,-1.654249548912048340e+00,2.200000000000000000e+01,0.000000000000000000e+00
-7.447203993797302246e-01,-1.466392397880554199e+00,2.200000000000000000e+01,0.000000000000000000e+00
-1.524680852890014648e+00,-1.589668154716491699e+00,2.200000000000000000e+01,0.000000000000000000e+00
-2.182990789413452148e+00,-2.104906797409057617e+00,2.200000000000000000e+01,0.000000000000000000e+00
-1.445014595985412598e+00,-2.138774156570434570e+00,2.300000000000000000e+01,0.000000000000000000e+00
-6.175629496574401855e-01,-1.182773828506469727e+00,2.200000000000000000e+01,0.000000000000000000e+00
-1.963822245597839355e+00,-2.024608135223388672e+00,9.000000000000000000e+00,0.000000000000000000e+00
-4.698046743869781494e-01,-1.313265800476074219e+00,9.000000000000000000e+00,0.000000000000000000e+00
-8.421881198883056641e-01,-1.271069645881652832e+00,2.200000000000000000e+01,0.000000000000000000e+00
-8.832747340202331543e-01,-1.314034581184387207e+00,2.200000000000000000e+01,0.000000000000000000e+00
-1.856263637542724609e+00,-2.102554559707641602e+00,2.200000000000000000e+01,0.000000000000000000e+00
-1.347363352775573730e+00,-1.557473421096801758e+00,2.200000000000000000e+01,0.000000000000000000e+00
-2.078905344009399414e+00,-2.126551628112792969e+00,2.200000000000000000e+01,0.000000000000000000e+00
-1.391903162002563477e+00,-2.099782228469848633e+00,9.000000000000000000e+00,0.000000000000000000e+00
-2.173753499984741211e+00,-2.130023002624511719e+00,9.000000000000000000e+00,0.000000000000000000e+00
-1.561959862709045410e+00,-2.117921352386474609e+00,9.000000000000000000e+00,0.000000000000000000e+00
-2.168606758117675781e+00,-2.128004074096679688e+00,2.200000000000000000e+01,0.000000000000000000e+00
-4.109590053558349609e-01,-1.259336829185485840e+00,9.000000000000000000e+00,0.000000000000000000e+00
-8.975376486778259277e-01,-1.425081610679626465e+00,2.200000000000000000e+01,0.000000000000000000e+00
-1.412947416305541992e+00,-1.545386314392089844e+00,2.200000000000000000e+01,0.000000000000000000e+00
-8.144771456718444824e-01,-1.485409975051879883e+00,2.200000000000000000e+01,0.000000000000000000e+00
-1.815770149230957031e+00,-1.866451978683471680e+00,2.200000000000000000e+01,0.000000000000000000e+00
-1.993256807327270508e+00,-2.093046903610229492e+00,2.200000000000000000e+01,0.000000000000000000e+00
-6.565855145454406738e-01,-1.094816565513610840e+00,2.200000000000000000e+01,0.000000000000000000e+00
-9.220392704010009766e-01,-1.326580286026000977e+00,2.200000000000000000e+01,0.000000000000000000e+00
-1.902944087982177734e+00,-2.015098571777343750e+00,2.200000000000000000e+01,0.000000000000000000e+00
-1.085868239402770996e+00,-1.507774114608764648e+00,2.200000000000000000e+01,0.000000000000000000e+00
-1.060696721076965332e+00,-1.383581876754760742e+00,2.200000000000000000e+01,0.000000000000000000e+00
-1.576956510543823242e+00,-2.098880052566528320e+00,2.300000000000000000e+01,0.000000000000000000e+00
-1.468972206115722656e+00,-1.657972097396850586e+00,2.200000000000000000e+01,0.000000000000000000e+00
-6.905708312988281250e-01,-1.118502616882324219e+00,2.200000000000000000e+01,0.000000000000000000e+00
-7.129294276237487793e-01,-1.104210615158081055e+00,2.200000000000000000e+01,0.000000000000000000e+00
-1.875336050987243652e+00,-1.796980381011962891e+00,2.200000000000000000e+01,0.000000000000000000e+00
-4.694563150405883789e-01,-1.195048093795776367e+00,9.000000000000000000e+00,0.000000000000000000e+00
-7.145830392837524414e-01,-1.191216826438903809e+00,2.200000000000000000e+01,0.000000000000000000e+00
-1.724875688552856445e+00,-1.773162961006164551e+00,2.200000000000000000e+01,0.000000000000000000e+00
-2.153974294662475586e+00,-2.166862964630126953e+00,9.000000000000000000e+00,0.000000000000000000e+00
-2.192795991897583008e+00,-2.149650573730468750e+00,9.000000000000000000e+00,0.000000000000000000e+00
-8.505094051361083984e-01,-1.530130386352539062e+00,2.200000000000000000e+01,0.000000000000000000e+00
-1.058584332466125488e+00,-1.362481355667114258e+00,2.200000000000000000e+01,0.000000000000000000e+00
-2.011560678482055664e+00,-2.096982240676879883e+00,2.200000000000000000e+01,0.000000000000000000e+00
-2.168367147445678711e+00,-2.045111894607543945e+00,2.200000000000000000e+01,0.000000000000000000e+00
-2.097850799560546875e+00,-2.145586490631103516e+00,9.000000000000000000e+00,0.000000000000000000e+00
-1.934626698493957520e+00,-2.020444869995117188e+00,2.200000000000000000e+01,0.000000000000000000e+00
-2.119669437408447266e+00,-2.131911277770996094e+00,9.000000000000000000e+00,0.000000000000000000e+00
-1.392165780067443848e+00,-2.096374988555908203e+00,9.000000000000000000e+00,0.000000000000000000e+00
-1.510291934013366699e+00,-2.139320850372314453e+00,2.300000000000000000e+01,0.000000000000000000e+00
-7.059123516082763672e-01,-1.362959027290344238e+00,2.200000000000000000e+01,0.000000000000000000e+00
-1.216405630111694336e+00,-1.964864969253540039e+00,9.000000000000000000e+00,0.000000000000000000e+00
-1.244175910949707031e+00,-1.997985601425170898e+00,9.000000000000000000e+00,0.000000000000000000e+00
-1.130308032035827637e+00,-1.488882541656494141e+00,2.200000000000000000e+01,0.000000000000000000e+00
-7.761312723159790039e-01,-1.484274983406066895e+00,2.200000000000000000e+01,0.000000000000000000e+00
-1.464464426040649414e+00,-1.680693745613098145e+00,9.000000000000000000e+00,0.000000000000000000e+00
-1.281116247177124023e+00,-2.026417016983032227e+00,9.000000000000000000e+00,0.000000000000000000e+00
-2.023900032043457031e+00,-1.922282695770263672e+00,2.200000000000000000e+01,0.000000000000000000e+00
-1.789239406585693359e+00,-1.762660980224609375e+00,2.200000000000000000e+01,0.000000000000000000e+00
-1.189551353454589844e+00,-1.446332931518554688e+00,2.200000000000000000e+01,0.000000000000000000e+00
-5.530155897140502930e-01,-1.270362615585327148e+00,9.000000000000000000e+00,0.000000000000000000e+00
-4.169039428234100342e-01,-1.220950365066528320e+00,2.100000000000000000e+01,0.000000000000000000e+00
-2.135484218597412109e+00,-2.144867658615112305e+00,9.000000000000000000e+00,0.000000000000000000e+00
-1.540439009666442871e+00,-1.611791491508483887e+00,2.200000000000000000e+01,0.000000000000000000e+00
-1.233443617820739746e+00,-2.021914005279541016e+00,9.000000000000000000e+00,0.000000000000000000e+00
-2.202898025512695312e+00,-2.114349603652954102e+00,9.000000000000000000e+00,0.000000000000000000e+00
-9.328383803367614746e-01,-1.321468114852905273e+00,2.200000000000000000e+01,0.000000000000000000e+00
-7.594683170318603516e-01,-1.183361887931823730e+00,2.200000000000000000e+01,0.000000000000000000e+00
-2.189325094223022461e+00,-2.049715042114257812e+00,9.000000000000000000e+00,0.000000000000000000e+00
-1.804829120635986328e+00,-1.712711930274963379e+00,2.200000000000000000e+01,0.000000000000000000e+00
-1.548200488090515137e+00,-1.646927475929260254e+00,2.200000000000000000e+01,0.000000000000000000e+00
-5.511038303375244141e-01,-1.373567104339599609e+00,9.000000000000000000e+00,0.000000000000000000e+00
-7.832975983619689941e-01,-1.497321963310241699e+00,2.200000000000000000e+01,0.000000000000000000e+00
-2.204681873321533203e+00,-2.112448215484619141e+00,2.200000000000000000e+01,0.000000000000000000e+00
-2.218918800354003906e+00,-2.083727836608886719e+00,9.000000000000000000e+00,0.000000000000000000e+00
-1.595880031585693359e+00,-1.584486722946166992e+00,2.200000000000000000e+01,0.000000000000000000e+00
-1.917292475700378418e+00,-1.791625142097473145e+00,2.200000000000000000e+01,0.000000000000000000e+00
-6.974967122077941895e-01,-1.399968028068542480e+00,2.200000000000000000e+01,0.000000000000000000e+00
-1.564601182937622070e+00,-1.601658105850219727e+00,2.200000000000000000e+01,0.000000000000000000e+00
-2.031547069549560547e+00,-1.927713513374328613e+00,2.200000000000000000e+01,0.000000000000000000e+00
-1.496500134468078613e+00,-2.062617063522338867e+00,9.000000000000000000e+00,0.000000000000000000e+00
-1.820174336433410645e+00,-1.713600158691406250e+00,2.200000000000000000e+01,0.000000000000000000e+00
-1.596006870269775391e+00,-1.601218581199645996e+00,2.200000000000000000e+01,0.000000000000000000e+00
-6.050869822502136230e-01,-1.189326047897338867e+00,2.200000000000000000e+01,0.000000000000000000e+00
-7.498900294303894043e-01,-1.250549316406250000e+00,2.200000000000000000e+01,0.000000000000000000e+00
-1.253835916519165039e+00,-2.036808490753173828e+00,9.000000000000000000e+00,0.000000000000000000e+00
-1.879566788673400879e+00,-1.774249672889709473e+00,2.200000000000000000e+01,0.000000000000000000e+00
-2.054548978805541992e+00,-2.131997346878051758e+00,2.200000000000000000e+01,0.000000000000000000e+00
-1.624933600425720215e+00,-1.635605335235595703e+00,2.200000000000000000e+01,0.000000000000000000e+00
-1.676432728767395020e+00,-1.631802558898925781e+00,2.200000000000000000e+01,0.000000000000000000e+00
-2.231484413146972656e+00,-2.048638820648193359e+00,9.000000000000000000e+00,0.000000000000000000e+00
-1.678308606147766113e+00,-1.632422327995300293e+00,2.200000000000000000e+01,0.000000000000000000e+00
-1.783168315887451172e+00,-2.118915796279907227e+00,9.000000000000000000e+00,0.000000000000000000e+00
-1.305103421211242676e+00,-1.624500036239624023e+00,2.200000000000000000e+01,0.000000000000000000e+00
-7.438612580299377441e-01,-1.385728001594543457e+00,2.200000000000000000e+01,0.000000000000000000e+00
-5.986322760581970215e-01,-1.344158291816711426e+00,2.200000000000000000e+01,0.000000000000000000e+00
-4.757487177848815918e-01,-1.251631140708923340e+00,9.000000000000000000e+00,0.000000000000000000e+00
-2.165251731872558594e+00,-2.115186691284179688e+00,9.000000000000000000e+00,0.000000000000000000e+00
-1.158251523971557617e+00,-1.425872325897216797e+00,9.000000000000000000e+00,0.000000000000000000e+00
-1.755308270454406738e+00,-2.150295734405517578e+00,2.300000000000000000e+01,0.000000000000000000e+00
-8.814517259597778320e-01,-1.489074468612670898e+00,2.200000000000000000e+01,0.000000000000000000e+00
-8.959221839904785156e-01,-1.279204607009887695e+00,2.200000000000000000e+01,0.000000000000000000e+00
-9.198975563049316406e-01,-1.381152391433715820e+00,2.200000000000000000e+01,0.000000000000000000e+00
-1.119989395141601562e+00,-1.481016278266906738e+00,2.200000000000000000e+01,0.000000000000000000e+00
-1.858026862144470215e+00,-1.842914462089538574e+00,2.200000000000000000e+01,0.000000000000000000e+00
-1.789895653724670410e+00,-1.730394363403320312e+00,2.200000000000000000e+01,0.000000000000000000e+00
-1.451335072517395020e+00,-1.557884931564331055e+00,2.200000000000000000e+01,0.000000000000000000e+00
-1.578679800033569336e+00,-2.125002861022949219e+00,9.000000000000000000e+00,0.000000000000000000e+00
-1.745492339134216309e+00,-1.641719818115234375e+00,2.200000000000000000e+01,0.000000000000000000e+00
-2.154633045196533203e+00,-1.999903559684753418e+00,2.200000000000000000e+01,0.000000000000000000e+00
-6.813611388206481934e-01,-1.103339791297912598e+00,2.200000000000000000e+01,0.000000000000000000e+00
-1.640177488327026367e+00,-1.649074435234069824e+00,2.200000000000000000e+01,0.000000000000000000e+00
-1.669379949569702148e+00,-1.623417139053344727e+00,2.200000000000000000e+01,0.000000000000000000e+00
-1.782390356063842773e+00,-1.696438193321228027e+00,2.200000000000000000e+01,0.000000000000000000e+00
-2.204510450363159180e+00,-2.024640560150146484e+00,9.000000000000000000e+00,0.000000000000000000e+00
-1.016729831695556641e+00,-1.433749079704284668e+00,2.200000000000000000e+01,0.000000000000000000e+00
-6.398078799247741699e-01,-1.431847572326660156e+00,2.200000000000000000e+01,0.000000000000000000e+00
-1.208502769470214844e+00,-1.467787504196166992e+00,2.200000000000000000e+01,0.000000000000000000e+00
-1.747156739234924316e+00,-1.816462039947509766e+00,9.000000000000000000e+00,0.000000000000000000e+00
-2.129546642303466797e+00,-2.045607805252075195e+00,9.000000000000000000e+00,0.000000000000000000e+00
-7.826416492462158203e-01,-1.497442364692687988e+00,2.200000000000000000e+01,0.000000000000000000e+00
-6.809290647506713867e-01,-1.155617237091064453e+00,2.200000000000000000e+01,0.000000000000000000e+00
-1.524551272392272949e+00,-1.600529670715332031e+00,2.200000000000000000e+01,0.000000000000000000e+00
-1.482043623924255371e+00,-1.901385068893432617e+00,9.000000000000000000e+00,0.000000000000000000e+00
-2.217541694641113281e+00,-2.085553646087646484e+00,2.200000000000000000e+01,0.000000000000000000e+00
-6.647015810012817383e-01,-1.400788187980651855e+00,2.200000000000000000e+01,0.000000000000000000e+00
-1.575205087661743164e+00,-2.033850431442260742e+00,9.000000000000000000e+00,0.000000000000000000e+00
-2.117509365081787109e+00,-2.126864671707153320e+00,9.000000000000000000e+00,0.000000000000000000e+00
-1.522968053817749023e+00,-2.128847837448120117e+00,2.300000000000000000e+01,0.000000000000000000e+00
-1.744397878646850586e+00,-1.682012438774108887e+00,2.200000000000000000e+01,0.000000000000000000e+00
-6.118063330650329590e-01,-1.154332518577575684e+00,9.000000000000000000e+00,0.000000000000000000e+00
-1.015649199485778809e+00,-1.392867684364318848e+00,2.200000000000000000e+01,0.000000000000000000e+00
-2.153972864151000977e+00,-1.980645179748535156e+00,9.000000000000000000e+00,0.000000000000000000e+00
-2.191869974136352539e+00,-2.122099399566650391e+00,9.000000000000000000e+00,0.000000000000000000e+00
-1.296062469482421875e+00,-2.055936574935913086e+00,9.000000000000000000e+00,0.000000000000000000e+00
-1.191561222076416016e+00,-1.505597710609436035e+00,2.200000000000000000e+01,0.000000000000000000e+00
-6.861930489540100098e-01,-1.493319272994995117e+00,2.200000000000000000e+01,0.000000000000000000e+00
-7.488305568695068359e-01,-1.439370870590209961e+00,2.200000000000000000e+01,0.000000000000000000e+00
-5.810596346855163574e-01,-1.208644032478332520e+00,2.200000000000000000e+01,0.000000000000000000e+00
-6.520810127258300781e-01,-1.107884168624877930e+00,2.200000000000000000e+01,0.000000000000000000e+00
-5.841487050056457520e-01,-1.368761062622070312e+00,9.000000000000000000e+00,0.000000000000000000e+00
-6.537389159202575684e-01,-1.127593159675598145e+00,2.200000000000000000e+01,0.000000000000000000e+00
-1.941028475761413574e+00,-2.036239624023437500e+00,2.200000000000000000e+01,0.000000000000000000e+00
-6.844046711921691895e-01,-1.423925042152404785e+00,2.200000000000000000e+01,0.000000000000000000e+00
-1.881478905677795410e+00,-1.911742091178894043e+00,2.200000000000000000e+01,0.000000000000000000e+00
-1.628039836883544922e+00,-1.626678586006164551e+00,2.200000000000000000e+01,0.000000000000000000e+00
-1.654956698417663574e+00,-1.661579489707946777e+00,2.200000000000000000e+01,0.000000000000000000e+00
-1.757595062255859375e+00,-1.691282987594604492e+00,2.200000000000000000e+01,0.000000000000000000e+00
-7.805621027946472168e-01,-1.136480212211608887e+00,2.200000000000000000e+01,0.000000000000000000e+00
-1.838753938674926758e+00,-1.832012653350830078e+00,2.200000000000000000e+01,0.000000000000000000e+00
-6.803297400474548340e-01,-1.260458350181579590e+00,2.200000000000000000e+01,0.000000000000000000e+00
-8.482489585876464844e-01,-1.477579712867736816e+00,2.200000000000000000e+01,0.000000000000000000e+00
-7.946743965148925781e-01,-1.455856442451477051e+00,2.200000000000000000e+01,0.000000000000000000e+00
1.632774925231933594e+01,9.241287231445312500e+00,2.100000000000000000e+01,0.000000000000000000e+00
1.784855651855468750e+01,1.381719207763671875e+01,9.000000000000000000e+00,0.000000000000000000e+00
1.676326942443847656e+01,9.518804550170898438e+00,2.100000000000000000e+01,0.000000000000000000e+00
1.655799674987792969e+01,1.004214382171630859e+01,2.100000000000000000e+01,0.000000000000000000e+00
1.615616798400878906e+01,9.454622268676757812e+00,2.100000000000000000e+01,0.000000000000000000e+00
1.673911285400390625e+01,9.935601234436035156e+00,2.100000000000000000e+01,0.000000000000000000e+00
1.629756736755371094e+01,9.600043296813964844e+00,2.100000000000000000e+01,0.000000000000000000e+00
1.639078903198242188e+01,9.226983070373535156e+00,2.100000000000000000e+01,0.000000000000000000e+00
1.791840744018554688e+01,1.350792980194091797e+01,9.000000000000000000e+00,0.000000000000000000e+00
1.570174980163574219e+01,5.006376743316650391e+00,9.000000000000000000e+00,0.000000000000000000e+00
1.620239067077636719e+01,9.460176467895507812e+00,2.100000000000000000e+01,0.000000000000000000e+00
1.619724655151367188e+01,9.797967910766601562e+00,2.100000000000000000e+01,0.000000000000000000e+00
1.787140083312988281e+01,1.284304332733154297e+01,1.800000000000000000e+01,0.000000000000000000e+00
1.622480010986328125e+01,9.292542457580566406e+00,2.100000000000000000e+01,0.000000000000000000e+00
1.644673728942871094e+01,9.257263183593750000e+00,2.100000000000000000e+01,0.000000000000000000e+00
1.634319877624511719e+01,9.219894409179687500e+00,2.100000000000000000e+01,0.000000000000000000e+00
1.859126472473144531e+01,1.054623603820800781e+01,9.000000000000000000e+00,0.000000000000000000e+00
1.660052871704101562e+01,1.007858562469482422e+01,2.100000000000000000e+01,0.000000000000000000e+00
1.619872665405273438e+01,9.343131065368652344e+00,2.100000000000000000e+01,0.000000000000000000e+00
1.647884750366210938e+01,9.993906021118164062e+00,2.100000000000000000e+01,0.000000000000000000e+00
1.657089424133300781e+01,1.006474304199218750e+01,2.100000000000000000e+01,0.000000000000000000e+00
1.794075584411621094e+01,1.379779243469238281e+01,9.000000000000000000e+00,0.000000000000000000e+00
1.565525054931640625e+01,4.995175361633300781e+00,9.000000000000000000e+00,0.000000000000000000e+00
1.621242523193359375e+01,9.303368568420410156e+00,2.100000000000000000e+01,0.000000000000000000e+00
1.632501411437988281e+01,9.246484756469726562e+00,2.100000000000000000e+01,0.000000000000000000e+00
1.690378189086914062e+01,9.725886344909667969e+00,2.100000000000000000e+01,0.000000000000000000e+00
1.666695976257324219e+01,1.008896827697753906e+01,2.100000000000000000e+01,0.000000000000000000e+00
1.670132255554199219e+01,9.301190376281738281e+00,2.100000000000000000e+01,0.000000000000000000e+00
1.670404815673828125e+01,9.274222373962402344e+00,2.100000000000000000e+01,0.000000000000000000e+00
1.748570632934570312e+01,1.043958854675292969e+01,9.000000000000000000e+00,0.000000000000000000e+00
1.649147033691406250e+01,9.265816688537597656e+00,2.100000000000000000e+01,0.000000000000000000e+00
1.684372901916503906e+01,9.961568832397460938e+00,2.100000000000000000e+01,0.000000000000000000e+00
1.670625877380371094e+01,9.272568702697753906e+00,2.100000000000000000e+01,0.000000000000000000e+00
1.670588684082031250e+01,9.799255371093750000e+00,2.100000000000000000e+01,0.000000000000000000e+00
1.634964752197265625e+01,9.721833229064941406e+00,2.100000000000000000e+01,0.000000000000000000e+00
1.673330307006835938e+01,9.900841712951660156e+00,2.100000000000000000e+01,0.000000000000000000e+00
1.624850273132324219e+01,9.232054710388183594e+00,2.100000000000000000e+01,0.000000000000000000e+00
1.789266586303710938e+01,1.289056110382080078e+01,1.800000000000000000e+01,0.000000000000000000e+00
1.788637924194335938e+01,1.383476448059082031e+01,9.000000000000000000e+00,0.000000000000000000e+00
1.630745697021484375e+01,9.181439399719238281e+00,9.000000000000000000e+00,0.000000000000000000e+00
1.624076461791992188e+01,9.841976165771484375e+00,2.100000000000000000e+01,0.000000000000000000e+00
1.626699256896972656e+01,9.869496345520019531e+00,2.100000000000000000e+01,0.000000000000000000e+00
1.793203163146972656e+01,1.484160518646240234e+01,9.000000000000000000e+00,0.000000000000000000e+00
1.679162788391113281e+01,9.865821838378906250e+00,2.100000000000000000e+01,0.000000000000000000e+00
1.655273818969726562e+01,1.008966255187988281e+01,9.000000000000000000e+00,0.000000000000000000e+00
1.669863700866699219e+01,9.822706222534179688e+00,2.100000000000000000e+01,0.000000000000000000e+00
1.624627304077148438e+01,9.287158966064453125e+00,2.100000000000000000e+01,0.000000000000000000e+00
1.640015602111816406e+01,9.148293495178222656e+00,2.100000000000000000e+01,0.000000000000000000e+00
1.672241401672363281e+01,9.271203994750976562e+00,2.100000000000000000e+01,0.000000000000000000e+00
1.682645225524902344e+01,9.932342529296875000e+00,2.100000000000000000e+01,0.000000000000000000e+00
1.653426551818847656e+01,1.005711460113525391e+01,2.100000000000000000e+01,0.000000000000000000e+00
1.642241477966308594e+01,9.279109001159667969e+00,2.100000000000000000e+01,0.000000000000000000e+00
1.636161994934082031e+01,9.241753578186035156e+00,2.100000000000000000e+01,0.000000000000000000e+00
1.621761131286621094e+01,9.820652961730957031e+00,2.100000000000000000e+01,0.000000000000000000e+00
1.673144340515136719e+01,1.012898540496826172e+01,2.100000000000000000e+01,0.000000000000000000e+00
1.631686401367187500e+01,9.857713699340820312e+00,2.100000000000000000e+01,0.000000000000000000e+00
1.719248008728027344e+01,1.032431030273437500e+01,9.000000000000000000e+00,0.000000000000000000e+00
1.685660743713378906e+01,1.001481914520263672e+01,2.100000000000000000e+01,0.000000000000000000e+00
1.681577873229980469e+01,1.010643672943115234e+01,2.100000000000000000e+01,0.000000000000000000e+00
1.632607078552246094e+01,9.650416374206542969e+00,2.100000000000000000e+01,0.000000000000000000e+00
1.630940628051757812e+01,9.483916282653808594e+00,2.100000000000000000e+01,0.000000000000000000e+00
1.656727790832519531e+01,1.006516742706298828e+01,9.000000000000000000e+00,0.000000000000000000e+00
1.678363037109375000e+01,9.819533348083496094e+00,2.100000000000000000e+01,0.000000000000000000e+00
1.622746086120605469e+01,9.790876388549804688e+00,2.100000000000000000e+01,0.000000000000000000e+00
1.671564292907714844e+01,9.274200439453125000e+00,2.100000000000000000e+01,0.000000000000000000e+00
1.626895332336425781e+01,9.197861671447753906e+00,2.100000000000000000e+01,0.000000000000000000e+00
1.632989883422851562e+01,9.596511840820312500e+00,2.100000000000000000e+01,0.000000000000000000e+00
1.677836227416992188e+01,9.814720153808593750e+00,2.100000000000000000e+01,0.000000000000000000e+00
1.642307281494140625e+01,9.253815650939941406e+00,2.100000000000000000e+01,0.000000000000000000e+00
1.660745048522949219e+01,9.835798263549804688e+00,2.100000000000000000e+01,0.000000000000000000e+00
1.685153961181640625e+01,1.008820819854736328e+01,2.100000000000000000e+01,0.000000000000000000e+00
1.708794212341308594e+01,1.022292041778564453e+01,9.000000000000000000e+00,0.000000000000000000e+00
1.637162971496582031e+01,9.219458580017089844e+00,2.100000000000000000e+01,0.000000000000000000e+00
1.800287437438964844e+01,1.447439670562744141e+01,9.000000000000000000e+00,0.000000000000000000e+00
1.625976181030273438e+01,9.366544723510742188e+00,2.100000000000000000e+01,0.000000000000000000e+00
1.726521682739257812e+01,1.035717391967773438e+01,9.000000000000000000e+00,0.000000000000000000e+00
1.682456588745117188e+01,9.926899909973144531e+00,2.100000000000000000e+01,0.000000000000000000e+00
1.665238571166992188e+01,9.851594924926757812e+00,2.100000000000000000e+01,0.000000000000000000e+00
1.698897552490234375e+01,1.015702724456787109e+01,2.100000000000000000e+01,0.000000000000000000e+00
1.624079132080078125e+01,9.846735954284667969e+00,2.100000000000000000e+01,0.000000000000000000e+00
1.787291336059570312e+01,1.286709117889404297e+01,1.800000000000000000e+01,0.000000000000000000e+00
1.128150820732116699e+00,2.133243370056152344e+01,9.000000000000000000e+00,0.000000000000000000e+00
1.618328857421875000e+01,9.424507141113281250e+00,2.100000000000000000e+01,0.000000000000000000e+00
1.635960197448730469e+01,9.562300682067871094e+00,2.100000000000000000e+01,0.000000000000000000e+00
1.623180580139160156e+01,9.828181266784667969e+00,2.100000000000000000e+01,0.000000000000000000e+00
1.624148368835449219e+01,9.838381767272949219e+00,2.100000000000000000e+01,0.000000000000000000e+00
1.623187446594238281e+01,9.218992233276367188e+00,2.100000000000000000e+01,0.000000000000000000e+00
1.625108337402343750e+01,9.376470565795898438e+00,2.100000000000000000e+01,0.000000000000000000e+00
1.664602851867675781e+01,1.008764839172363281e+01,2.100000000000000000e+01,0.000000000000000000e+00
1.653408432006835938e+01,9.752388954162597656e+00,2.100000000000000000e+01,0.000000000000000000e+00
1.654004096984863281e+01,9.868412017822265625e+00,2.100000000000000000e+01,0.000000000000000000e+00
1.678894805908203125e+01,9.434962272644042969e+00,2.100000000000000000e+01,0.000000000000000000e+00
1.787832641601562500e+01,1.286618041992187500e+01,1.800000000000000000e+01,0.000000000000000000e+00
1.625558853149414062e+01,9.251272201538085938e+00,2.100000000000000000e+01,0.000000000000000000e+00
1.791556549072265625e+01,1.283316040039062500e+01,9.000000000000000000e+00,0.000000000000000000e+00
1.622592735290527344e+01,9.278973579406738281e+00,2.100000000000000000e+01,0.000000000000000000e+00
1.632602119445800781e+01,9.862578392028808594e+00,2.100000000000000000e+01,0.000000000000000000e+00
1.637332725524902344e+01,9.182402610778808594e+00,2.100000000000000000e+01,0.000000000000000000e+00
1.634337997436523438e+01,9.874944686889648438e+00,2.100000000000000000e+01,0.000000000000000000e+00
1.623114204406738281e+01,9.842680931091308594e+00,2.100000000000000000e+01,0.000000000000000000e+00
1.647714805603027344e+01,9.266863822937011719e+00,2.100000000000000000e+01,0.000000000000000000e+00
1.669920349121093750e+01,9.818861961364746094e+00,2.100000000000000000e+01,0.000000000000000000e+00
1.636685562133789062e+01,9.695858001708984375e+00,2.100000000000000000e+01,0.000000000000000000e+00
1.658933448791503906e+01,9.238575935363769531e+00,2.100000000000000000e+01,0.000000000000000000e+00
1.668093490600585938e+01,9.830656051635742188e+00,2.100000000000000000e+01,0.000000000000000000e+00
1.660878944396972656e+01,9.240595817565917969e+00,2.100000000000000000e+01,0.000000000000000000e+00
1.882467079162597656e+01,9.646842956542968750e+00,9.000000000000000000e+00,0.000000000000000000e+00
1.631272125244140625e+01,9.745145797729492188e+00,2.100000000000000000e+01,0.000000000000000000e+00
1.673046684265136719e+01,9.921568870544433594e+00,2.100000000000000000e+01,0.000000000000000000e+00
1.635511398315429688e+01,9.158849716186523438e+00,2.100000000000000000e+01,0.000000000000000000e+00
1.662552070617675781e+01,9.317858695983886719e+00,2.100000000000000000e+01,0.000000000000000000e+00
1.638894844055175781e+01,9.804193496704101562e+00,2.100000000000000000e+01,0.000000000000000000e+00
1.622312164306640625e+01,9.323358535766601562e+00,2.100000000000000000e+01,0.000000000000000000e+00
1.784213066101074219e+01,1.385874176025390625e+01,9.000000000000000000e+00,0.000000000000000000e+00
1.809019470214843750e+01,1.380731391906738281e+01,9.000000000000000000e+00,0.000000000000000000e+00
1.660909461975097656e+01,9.952643394470214844e+00,2.100000000000000000e+01,0.000000000000000000e+00
1.691036605834960938e+01,9.770539283752441406e+00,2.100000000000000000e+01,0.000000000000000000e+00
1.616534233093261719e+01,9.500968933105468750e+00,2.100000000000000000e+01,0.000000000000000000e+00
1.628507232666015625e+01,9.271138191223144531e+00,2.100000000000000000e+01,0.000000000000000000e+00
1.689496421813964844e+01,9.963517189025878906e+00,2.100000000000000000e+01,0.000000000000000000e+00
1.627194023132324219e+01,9.295797348022460938e+00,2.100000000000000000e+01,0.000000000000000000e+00
1.789661407470703125e+01,1.288856220245361328e+01,1.800000000000000000e+01,0.000000000000000000e+00
1.622688102722167969e+01,9.350823402404785156e+00,2.100000000000000000e+01,0.000000000000000000e+00
1.623033905029296875e+01,9.799170494079589844e+00,2.100000000000000000e+01,0.000000000000000000e+00
1.635006141662597656e+01,9.728141784667968750e+00,2.100000000000000000e+01,0.000000000000000000e+00
1.724970436096191406e+01,1.034181213378906250e+01,9.000000000000000000e+00,0.000000000000000000e+00
1.625622367858886719e+01,9.799813270568847656e+00,2.100000000000000000e+01,0.000000000000000000e+00
1.625929832458496094e+01,9.531701087951660156e+00,2.100000000000000000e+01,0.000000000000000000e+00
1.677118873596191406e+01,9.779939651489257812e+00,2.100000000000000000e+01,0.000000000000000000e+00
1.668922615051269531e+01,9.305042266845703125e+00,2.100000000000000000e+01,0.000000000000000000e+00
1.577080059051513672e+01,4.893491268157958984e+00,9.000000000000000000e+00,0.000000000000000000e+00
1.676868438720703125e+01,9.508677482604980469e+00,2.100000000000000000e+01,0.000000000000000000e+00
1.634543228149414062e+01,9.827951431274414062e+00,2.100000000000000000e+01,0.000000000000000000e+00
1.580356502532958984e+01,4.886590957641601562e+00,9.000000000000000000e+00,0.000000000000000000e+00
1.790268516540527344e+01,1.290190792083740234e+01,1.800000000000000000e+01,0.000000000000000000e+00
1.635645866394042969e+01,9.212777137756347656e+00,2.100000000000000000e+01,0.000000000000000000e+00
1.677173042297363281e+01,1.013339805603027344e+01,2.100000000000000000e+01,0.000000000000000000e+00
1.632457160949707031e+01,9.203322410583496094e+00,2.100000000000000000e+01,0.000000000000000000e+00
1.631986808776855469e+01,9.169257164001464844e+00,2.100000000000000000e+01,0.000000000000000000e+00
1.632458114624023438e+01,9.878889083862304688e+00,2.100000000000000000e+01,0.000000000000000000e+00
1.714388656616210938e+01,1.025947856903076172e+01,9.000000000000000000e+00,0.000000000000000000e+00
1.635444068908691406e+01,9.946224212646484375e+00,2.100000000000000000e+01,0.000000000000000000e+00
1.681454277038574219e+01,1.010163974761962891e+01,2.100000000000000000e+01,0.000000000000000000e+00
1.620301437377929688e+01,9.695216178894042969e+00,2.100000000000000000e+01,0.000000000000000000e+00
1.670363616943359375e+01,9.291564941406250000e+00,2.100000000000000000e+01,0.000000000000000000e+00
1.663686370849609375e+01,1.010298728942871094e+01,2.100000000000000000e+01,0.000000000000000000e+00
1.780234336853027344e+01,1.275461769104003906e+01,9.000000000000000000e+00,0.000000000000000000e+00
1.615320396423339844e+01,9.410500526428222656e+00,2.100000000000000000e+01,0.000000000000000000e+00
1.885667991638183594e+01,1.011516284942626953e+01,9.000000000000000000e+00,0.000000000000000000e+00
1.657439994812011719e+01,1.006433296203613281e+01,2.100000000000000000e+01,0.000000000000000000e+00
1.624263000488281250e+01,9.303732872009277344e+00,2.100000000000000000e+01,0.000000000000000000e+00
1.675371742248535156e+01,9.825387954711914062e+00,2.100000000000000000e+01,0.000000000000000000e+00
1.787988090515136719e+01,1.286034965515136719e+01,1.800000000000000000e+01,0.000000000000000000e+00
1.804621124267578125e+01,1.369304561614990234e+01,9.000000000000000000e+00,0.000000000000000000e+00
1.674343299865722656e+01,9.451483726501464844e+00,2.100000000000000000e+01,0.000000000000000000e+00
1.621968460083007812e+01,9.872288703918457031e+00,2.100000000000000000e+01,0.000000000000000000e+00
1.576961135864257812e+01,4.933219909667968750e+00,9.000000000000000000e+00,0.000000000000000000e+00
1.671874809265136719e+01,9.519889831542968750e+00,2.100000000000000000e+01,0.000000000000000000e+00
1.629925537109375000e+01,9.756435394287109375e+00,2.100000000000000000e+01,0.000000000000000000e+00
1.677133941650390625e+01,9.474933624267578125e+00,2.100000000000000000e+01,0.000000000000000000e+00
1.682111930847167969e+01,9.941531181335449219e+00,2.100000000000000000e+01,0.000000000000000000e+00
1.678092956542968750e+01,9.470644950866699219e+00,2.100000000000000000e+01,0.000000000000000000e+00
1.636608314514160156e+01,9.227293014526367188e+00,2.100000000000000000e+01,0.000000000000000000e+00
1.783419990539550781e+01,1.386454105377197266e+01,9.000000000000000000e+00,0.000000000000000000e+00
1.796483421325683594e+01,1.320084571838378906e+01,9.000000000000000000e+00,0.000000000000000000e+00
1.662999534606933594e+01,1.003176021575927734e+01,2.100000000000000000e+01,0.000000000000000000e+00
1.618269920349121094e+01,9.418075561523437500e+00,2.100000000000000000e+01,0.000000000000000000e+00
1.631292915344238281e+01,9.808134078979492188e+00,9.000000000000000000e+00,0.000000000000000000e+00
1.682656860351562500e+01,1.017675113677978516e+01,2.100000000000000000e+01,0.000000000000000000e+00
1.627769660949707031e+01,9.284381866455078125e+00,2.100000000000000000e+01,0.000000000000000000e+00
1.787717247009277344e+01,1.285660552978515625e+01,1.800000000000000000e+01,0.000000000000000000e+00
1.669572448730468750e+01,9.428532600402832031e+00,2.100000000000000000e+01,0.000000000000000000e+00
1.624604606628417969e+01,9.522888183593750000e+00,2.100000000000000000e+01,0.000000000000000000e+00
1.620968437194824219e+01,9.684476852416992188e+00,2.100000000000000000e+01,0.000000000000000000e+00
1.789056396484375000e+01,1.287656688690185547e+01,1.800000000000000000e+01,0.000000000000000000e+00
1.624046134948730469e+01,9.363978385925292969e+00,2.100000000000000000e+01,0.000000000000000000e+00
1.793284988403320312e+01,1.072051143646240234e+01,9.000000000000000000e+00,0.000000000000000000e+00
1.656379508972167969e+01,1.003941249847412109e+01,2.100000000000000000e+01,0.000000000000000000e+00
1.623170280456542969e+01,9.508379936218261719e+00,2.100000000000000000e+01,0.000000000000000000e+00
1.638034629821777344e+01,9.182939529418945312e+00,2.100000000000000000e+01,0.000000000000000000e+00
1.805268287658691406e+01,1.380690479278564453e+01,9.000000000000000000e+00,0.000000000000000000e+00
1.788089179992675781e+01,1.286479568481445312e+01,1.800000000000000000e+01,0.000000000000000000e+00
1.786647796630859375e+01,1.291272640228271484e+01,1.800000000000000000e+01,0.000000000000000000e+00
1.627522087097167969e+01,9.342856407165527344e+00,2.100000000000000000e+01,0.000000000000000000e+00
1.625233650207519531e+01,9.635121345520019531e+00,2.100000000000000000e+01,0.000000000000000000e+00
1.911495971679687500e+01,9.860821723937988281e+00,9.000000000000000000e+00,0.000000000000000000e+00
1.788137245178222656e+01,1.289854621887207031e+01,9.000000000000000000e+00,0.000000000000000000e+00
1.622303199768066406e+01,9.815248489379882812e+00,2.100000000000000000e+01,0.000000000000000000e+00
1.690736198425292969e+01,1.013641452789306641e+01,2.100000000000000000e+01,0.000000000000000000e+00
1.677276229858398438e+01,9.819069862365722656e+00,2.100000000000000000e+01,0.000000000000000000e+00
1.635721778869628906e+01,9.735209465026855469e+00,2.100000000000000000e+01,0.000000000000000000e+00
1.676496505737304688e+01,9.857460975646972656e+00,2.100000000000000000e+01,0.000000000000000000e+00
1.666768264770507812e+01,1.010000514984130859e+01,2.100000000000000000e+01,0.000000000000000000e+00
1.635075759887695312e+01,9.299930572509765625e+00,2.100000000000000000e+01,0.000000000000000000e+00
1.621544265747070312e+01,9.400812149047851562e+00,2.100000000000000000e+01,0.000000000000000000e+00
1.693281364440917969e+01,1.016741847991943359e+01,9.000000000000000000e+00,0.000000000000000000e+00
1.571365642547607422e+01,4.981260299682617188e+00,9.000000000000000000e+00,0.000000000000000000e+00
1.689998626708984375e+01,1.017629623413085938e+01,9.000000000000000000e+00,0.000000000000000000e+00
1.647566986083984375e+01,9.805596351623535156e+00,2.100000000000000000e+01,0.000000000000000000e+00
1.790176773071289062e+01,1.286192798614501953e+01,1.800000000000000000e+01,0.000000000000000000e+00
1.657593917846679688e+01,9.908310890197753906e+00,2.100000000000000000e+01,0.000000000000000000e+00
1.707828712463378906e+01,1.021418380737304688e+01,9.000000000000000000e+00,0.000000000000000000e+00
1.622761154174804688e+01,9.284696578979492188e+00,2.100000000000000000e+01,0.000000000000000000e+00
1.623833274841308594e+01,9.346321105957031250e+00,2.100000000000000000e+01,0.000000000000000000e+00
1.783275413513183594e+01,1.384731197357177734e+01,9.000000000000000000e+00,0.000000000000000000e+00
1.627070617675781250e+01,9.592012405395507812e+00,2.100000000000000000e+01,0.000000000000000000e+00
1.784585571289062500e+01,1.391389369964599609e+01,9.000000000000000000e+00,0.000000000000000000e+00
1.671160697937011719e+01,9.264592170715332031e+00,2.100000000000000000e+01,0.000000000000000000e+00
1.643554687500000000e+01,9.234278678894042969e+00,2.100000000000000000e+01,0.000000000000000000e+00
1.632868003845214844e+01,9.517974853515625000e+00,2.100000000000000000e+01,0.000000000000000000e+00
1.978352928161621094e+01,7.615614414215087891e+00,1.400000000000000000e+01,0.000000000000000000e+00
2.012163352966308594e+01,8.053540229797363281e+00,1.400000000000000000e+01,0.000000000000000000e+00
1.984026908874511719e+01,7.558780670166015625e+00,9.000000000000000000e+00,0.000000000000000000e+00
1.881819534301757812e+01,9.870647430419921875e+00,1.400000000000000000e+01,0.000000000000000000e+00
1.906792068481445312e+01,9.590323448181152344e+00,1.400000000000000000e+01,0.000000000000000000e+00
1.951972961425781250e+01,7.929695606231689453e+00,1.400000000000000000e+01,0.000000000000000000e+00
2.018707847595214844e+01,7.907256603240966797e+00,1.400000000000000000e+01,0.000000000000000000e+00
1.940114021301269531e+01,8.928108215332031250e+00,1.400000000000000000e+01,0.000000000000000000e+00
1.963973045349121094e+01,7.870378494262695312e+00,1.400000000000000000e+01,0.000000000000000000e+00
1.887131309509277344e+01,9.811778068542480469e+00,1.400000000000000000e+01,0.000000000000000000e+00
1.924318695068359375e+01,9.719169616699218750e+00,1.400000000000000000e+01,0.000000000000000000e+00
8.047811508178710938e+00,9.805247306823730469e+00,9.000000000000000000e+00,0.000000000000000000e+00
1.932660484313964844e+01,9.683224678039550781e+00,1.400000000000000000e+01,0.000000000000000000e+00
1.983894920349121094e+01,7.566271781921386719e+00,1.400000000000000000e+01,0.000000000000000000e+00
1.986619758605957031e+01,7.587505340576171875e+00,9.000000000000000000e+00,0.000000000000000000e+00
1.878612518310546875e+01,9.757454872131347656e+00,1.400000000000000000e+01,0.000000000000000000e+00
1.966732025146484375e+01,7.826682567596435547e+00,1.400000000000000000e+01,0.000000000000000000e+00
1.983851242065429688e+01,7.609739780426025391e+00,1.400000000000000000e+01,0.000000000000000000e+00
1.902550125122070312e+01,9.715589523315429688e+00,1.400000000000000000e+01,0.000000000000000000e+00
1.946763801574707031e+01,8.014679908752441406e+00,1.400000000000000000e+01,0.000000000000000000e+00
1.997865295410156250e+01,7.717343330383300781e+00,1.400000000000000000e+01,0.000000000000000000e+00
1.933284759521484375e+01,8.518643379211425781e+00,1.400000000000000000e+01,0.000000000000000000e+00
1.953763961791992188e+01,7.905750274658203125e+00,1.400000000000000000e+01,0.000000000000000000e+00
1.889981842041015625e+01,9.821887016296386719e+00,1.400000000000000000e+01,0.000000000000000000e+00
1.985986328125000000e+01,7.559946537017822266e+00,1.400000000000000000e+01,0.000000000000000000e+00
1.886901855468750000e+01,9.663216590881347656e+00,1.400000000000000000e+01,0.000000000000000000e+00
1.966703987121582031e+01,7.732522010803222656e+00,1.400000000000000000e+01,0.000000000000000000e+00
1.943327713012695312e+01,8.116148948669433594e+00,1.400000000000000000e+01,0.000000000000000000e+00
1.940659904479980469e+01,8.892094612121582031e+00,1.400000000000000000e+01,0.000000000000000000e+00
1.937779617309570312e+01,8.845644950866699219e+00,1.400000000000000000e+01,0.000000000000000000e+00
1.932156181335449219e+01,8.579894065856933594e+00,1.400000000000000000e+01,0.000000000000000000e+00
1.957485008239746094e+01,7.903568267822265625e+00,1.400000000000000000e+01,0.000000000000000000e+00
1.870070075988769531e+01,9.786450386047363281e+00,1.400000000000000000e+01,0.000000000000000000e+00
1.938974189758300781e+01,9.068519592285156250e+00,1.400000000000000000e+01,0.000000000000000000e+00
1.924614715576171875e+01,9.579086303710937500e+00,1.400000000000000000e+01,0.000000000000000000e+00
1.892583656311035156e+01,9.618713378906250000e+00,1.400000000000000000e+01,0.000000000000000000e+00
2.008470535278320312e+01,7.796713352203369141e+00,1.400000000000000000e+01,0.000000000000000000e+00
1.570625114440917969e+01,4.968728542327880859e+00,9.000000000000000000e+00,0.000000000000000000e+00
2.002709007263183594e+01,7.840786457061767578e+00,1.400000000000000000e+01,0.000000000000000000e+00
1.987020874023437500e+01,7.571670532226562500e+00,1.400000000000000000e+01,0.000000000000000000e+00
1.935027694702148438e+01,8.603430747985839844e+00,1.400000000000000000e+01,0.000000000000000000e+00
1.938211250305175781e+01,9.740107536315917969e+00,1.400000000000000000e+01,0.000000000000000000e+00
1.946535110473632812e+01,7.993057250976562500e+00,1.400000000000000000e+01,0.000000000000000000e+00
2.021446418762207031e+01,7.929157733917236328e+00,1.400000000000000000e+01,0.000000000000000000e+00
1.938464355468750000e+01,8.977231979370117188e+00,1.400000000000000000e+01,0.000000000000000000e+00
1.883534049987792969e+01,9.907845497131347656e+00,1.400000000000000000e+01,0.000000000000000000e+00
2.020679283142089844e+01,8.014634132385253906e+00,1.400000000000000000e+01,0.000000000000000000e+00
2.018036079406738281e+01,8.070913314819335938e+00,1.400000000000000000e+01,0.000000000000000000e+00
2.016079330444335938e+01,7.997224807739257812e+00,1.400000000000000000e+01,0.000000000000000000e+00
1.894495773315429688e+01,9.768707275390625000e+00,1.400000000000000000e+01,0.000000000000000000e+00
1.968509483337402344e+01,7.684224605560302734e+00,1.400000000000000000e+01,0.000000000000000000e+00
1.947624969482421875e+01,9.060217857360839844e+00,1.400000000000000000e+01,0.000000000000000000e+00
2.026859855651855469e+01,7.960563182830810547e+00,1.400000000000000000e+01,0.000000000000000000e+00
2.018667411804199219e+01,8.001423835754394531e+00,1.400000000000000000e+01,0.000000000000000000e+00
2.026607131958007812e+01,8.050597190856933594e+00,1.400000000000000000e+01,0.000000000000000000e+00
2.002414703369140625e+01,7.739363193511962891e+00,1.400000000000000000e+01,0.000000000000000000e+00
1.937133216857910156e+01,9.728029251098632812e+00,1.400000000000000000e+01,0.000000000000000000e+00
1.932531547546386719e+01,9.160352706909179688e+00,1.400000000000000000e+01,0.000000000000000000e+00
1.944833374023437500e+01,7.990216255187988281e+00,9.000000000000000000e+00,0.000000000000000000e+00
1.995747184753417969e+01,7.923299312591552734e+00,1.400000000000000000e+01,0.000000000000000000e+00
1.950457382202148438e+01,7.938813209533691406e+00,1.400000000000000000e+01,0.000000000000000000e+00
2.024957275390625000e+01,8.032623291015625000e+00,1.400000000000000000e+01,0.000000000000000000e+00
1.881280517578125000e+01,9.739645957946777344e+00,1.400000000000000000e+01,0.000000000000000000e+00
1.879035758972167969e+01,9.740689277648925781e+00,1.400000000000000000e+01,0.000000000000000000e+00
1.881239700317382812e+01,9.790271759033203125e+00,1.400000000000000000e+01,0.000000000000000000e+00
1.937916564941406250e+01,8.951588630676269531e+00,1.400000000000000000e+01,0.000000000000000000e+00
1.941794586181640625e+01,8.094155311584472656e+00,1.400000000000000000e+01,0.000000000000000000e+00
1.973867797851562500e+01,7.658237457275390625e+00,1.400000000000000000e+01,0.000000000000000000e+00
2.016119003295898438e+01,8.083825111389160156e+00,1.400000000000000000e+01,0.000000000000000000e+00
1.939776420593261719e+01,9.054698944091796875e+00,1.400000000000000000e+01,0.000000000000000000e+00
1.882391357421875000e+01,9.855013847351074219e+00,1.400000000000000000e+01,0.000000000000000000e+00
1.988709831237792969e+01,7.644861221313476562e+00,1.400000000000000000e+01,0.000000000000000000e+00
1.888295173645019531e+01,9.654009819030761719e+00,1.400000000000000000e+01,0.000000000000000000e+00
1.963097953796386719e+01,7.873743057250976562e+00,1.400000000000000000e+01,0.000000000000000000e+00
1.949294090270996094e+01,7.991862297058105469e+00,1.400000000000000000e+01,0.000000000000000000e+00
1.990703010559082031e+01,7.617741584777832031e+00,1.400000000000000000e+01,0.000000000000000000e+00
9.171326637268066406e+00,8.193981170654296875e+00,9.000000000000000000e+00,0.000000000000000000e+00
1.973260307312011719e+01,7.836644649505615234e+00,1.400000000000000000e+01,0.000000000000000000e+00
1.939245223999023438e+01,8.662560462951660156e+00,1.400000000000000000e+01,0.000000000000000000e+00
1.882499313354492188e+01,9.728572845458984375e+00,1.400000000000000000e+01,0.000000000000000000e+00
2.015466880798339844e+01,8.035499572753906250e+00,1.400000000000000000e+01,0.000000000000000000e+00
1.936442565917968750e+01,8.947735786437988281e+00,1.400000000000000000e+01,0.000000000000000000e+00
2.008121490478515625e+01,8.014925003051757812e+00,1.400000000000000000e+01,0.000000000000000000e+00
1.954917526245117188e+01,7.926556110382080078e+00,1.400000000000000000e+01,0.000000000000000000e+00
1.977960968017578125e+01,7.603333473205566406e+00,1.400000000000000000e+01,0.000000000000000000e+00
1.941127204895019531e+01,8.106133460998535156e+00,1.400000000000000000e+01,0.000000000000000000e+00
1.957273483276367188e+01,7.885025024414062500e+00,1.400000000000000000e+01,0.000000000000000000e+00
1.947766304016113281e+01,7.977321147918701172e+00,1.400000000000000000e+01,0.000000000000000000e+00
1.943238639831542969e+01,8.097738265991210938e+00,1.400000000000000000e+01,0.000000000000000000e+00
1.963935852050781250e+01,7.823140144348144531e+00,1.400000000000000000e+01,0.000000000000000000e+00
1.932616043090820312e+01,8.630178451538085938e+00,1.400000000000000000e+01,0.000000000000000000e+00
1.877781105041503906e+01,9.742129325866699219e+00,1.400000000000000000e+01,0.000000000000000000e+00
1.996733283996582031e+01,7.890950679779052734e+00,1.400000000000000000e+01,0.000000000000000000e+00
2.021574592590332031e+01,7.916719913482666016e+00,1.400000000000000000e+01,0.000000000000000000e+00
1.932667541503906250e+01,8.649226188659667969e+00,1.400000000000000000e+01,0.000000000000000000e+00
1.985578536987304688e+01,7.645550251007080078e+00,1.400000000000000000e+01,0.000000000000000000e+00
1.931387710571289062e+01,8.642027854919433594e+00,1.400000000000000000e+01,0.000000000000000000e+00
1.914847946166992188e+01,9.658135414123535156e+00,1.400000000000000000e+01,0.000000000000000000e+00
1.935095024108886719e+01,9.698661804199218750e+00,1.400000000000000000e+01,0.000000000000000000e+00
1.937438774108886719e+01,8.421847343444824219e+00,1.400000000000000000e+01,0.000000000000000000e+00
1.932167625427246094e+01,8.882109642028808594e+00,1.400000000000000000e+01,0.000000000000000000e+00
1.975636863708496094e+01,7.855595111846923828e+00,1.400000000000000000e+01,0.000000000000000000e+00
1.991213798522949219e+01,7.623005867004394531e+00,1.400000000000000000e+01,0.000000000000000000e+00
1.986625671386718750e+01,7.575947284698486328e+00,1.400000000000000000e+01,0.000000000000000000e+00
1.885392379760742188e+01,9.835878372192382812e+00,1.400000000000000000e+01,0.000000000000000000e+00
1.569288444519042969e+01,5.007915019989013672e+00,9.000000000000000000e+00,0.000000000000000000e+00
1.919287681579589844e+01,9.537300109863281250e+00,1.400000000000000000e+01,0.000000000000000000e+00
1.952726554870605469e+01,7.938285827636718750e+00,1.400000000000000000e+01,0.000000000000000000e+00
1.886463737487792969e+01,9.847714424133300781e+00,1.400000000000000000e+01,0.000000000000000000e+00
1.880461502075195312e+01,9.742507934570312500e+00,1.400000000000000000e+01,0.000000000000000000e+00
2.024730110168457031e+01,8.016921997070312500e+00,1.400000000000000000e+01,0.000000000000000000e+00
1.934631729125976562e+01,9.604678153991699219e+00,1.400000000000000000e+01,0.000000000000000000e+00
1.932873344421386719e+01,9.631558418273925781e+00,1.400000000000000000e+01,0.000000000000000000e+00
2.017689514160156250e+01,8.079575538635253906e+00,1.400000000000000000e+01,0.000000000000000000e+00
1.895343399047851562e+01,9.684562683105468750e+00,1.400000000000000000e+01,0.000000000000000000e+00
1.884351921081542969e+01,9.804520606994628906e+00,1.400000000000000000e+01,0.000000000000000000e+00
1.935432052612304688e+01,9.718027114868164062e+00,1.400000000000000000e+01,0.000000000000000000e+00
1.570567893981933594e+01,5.020594120025634766e+00,9.000000000000000000e+00,0.000000000000000000e+00
1.935978126525878906e+01,8.608724594116210938e+00,1.400000000000000000e+01,0.000000000000000000e+00
1.978368186950683594e+01,7.621014118194580078e+00,1.400000000000000000e+01,0.000000000000000000e+00
1.915769195556640625e+01,9.258008003234863281e+00,1.400000000000000000e+01,0.000000000000000000e+00
1.941305541992187500e+01,8.085523605346679688e+00,1.400000000000000000e+01,0.000000000000000000e+00
1.993604660034179688e+01,7.731573104858398438e+00,1.400000000000000000e+01,0.000000000000000000e+00
1.986902427673339844e+01,7.685874462127685547e+00,1.400000000000000000e+01,0.000000000000000000e+00
1.888095664978027344e+01,9.822919845581054688e+00,1.400000000000000000e+01,0.000000000000000000e+00
1.937555313110351562e+01,9.775134086608886719e+00,1.400000000000000000e+01,0.000000000000000000e+00
1.932108306884765625e+01,8.781282424926757812e+00,1.400000000000000000e+01,0.000000000000000000e+00
1.963765335083007812e+01,7.779809474945068359e+00,1.400000000000000000e+01,0.000000000000000000e+00
1.947255706787109375e+01,7.978371620178222656e+00,1.400000000000000000e+01,0.000000000000000000e+00
1.934468650817871094e+01,9.665011405944824219e+00,1.400000000000000000e+01,0.000000000000000000e+00
1.879860687255859375e+01,9.707317352294921875e+00,1.400000000000000000e+01,0.000000000000000000e+00
1.969676399230957031e+01,7.831246852874755859e+00,1.400000000000000000e+01,0.000000000000000000e+00
1.935021400451660156e+01,9.699541091918945312e+00,1.400000000000000000e+01,0.000000000000000000e+00
2.001326179504394531e+01,7.900659561157226562e+00,1.400000000000000000e+01,0.000000000000000000e+00
1.944933891296386719e+01,8.064550399780273438e+00,1.400000000000000000e+01,0.000000000000000000e+00
1.981685829162597656e+01,7.698517322540283203e+00,1.400000000000000000e+01,0.000000000000000000e+00
1.972506713867187500e+01,7.700020790100097656e+00,1.400000000000000000e+01,0.000000000000000000e+00
1.928964996337890625e+01,8.907114982604980469e+00,1.400000000000000000e+01,0.000000000000000000e+00
1.937289810180664062e+01,9.737811088562011719e+00,1.400000000000000000e+01,0.000000000000000000e+00
2.027488327026367188e+01,7.980036258697509766e+00,1.400000000000000000e+01,0.000000000000000000e+00
1.958707237243652344e+01,7.882248401641845703e+00,1.400000000000000000e+01,0.000000000000000000e+00
1.932309913635253906e+01,8.658179283142089844e+00,1.400000000000000000e+01,0.000000000000000000e+00
1.889095306396484375e+01,9.651665687561035156e+00,1.400000000000000000e+01,0.000000000000000000e+00
1.878190231323242188e+01,9.742951393127441406e+00,1.400000000000000000e+01,0.000000000000000000e+00
1.989701652526855469e+01,7.594307422637939453e+00,1.400000000000000000e+01,0.000000000000000000e+00
1.917696380615234375e+01,9.539508819580078125e+00,1.400000000000000000e+01,0.000000000000000000e+00
2.009848213195800781e+01,7.993879318237304688e+00,1.400000000000000000e+01,0.000000000000000000e+00
1.907583236694335938e+01,9.570208549499511719e+00,1.400000000000000000e+01,0.000000000000000000e+00
1.936481666564941406e+01,8.668936729431152344e+00,1.400000000000000000e+01,0.000000000000000000e+00
1.880104255676269531e+01,9.789073944091796875e+00,1.400000000000000000e+01,0.000000000000000000e+00
1.905381011962890625e+01,9.641812324523925781e+00,1.400000000000000000e+01,0.000000000000000000e+00
1.935082817077636719e+01,8.743650436401367188e+00,1.400000000000000000e+01,0.000000000000000000e+00
1.986877250671386719e+01,7.607496261596679688e+00,1.400000000000000000e+01,0.000000000000000000e+00
1.928951263427734375e+01,9.630035400390625000e+00,1.400000000000000000e+01,0.000000000000000000e+00
1.988953590393066406e+01,7.461446762084960938e+00,9.000000000000000000e+00,0.000000000000000000e+00
1.973321342468261719e+01,8.551133155822753906e+00,1.400000000000000000e+01,0.000000000000000000e+00
1.929613494873046875e+01,9.620839118957519531e+00,1.400000000000000000e+01,0.000000000000000000e+00
1.984716415405273438e+01,7.529998779296875000e+00,9.000000000000000000e+00,0.000000000000000000e+00
1.932998847961425781e+01,9.625309944152832031e+00,1.400000000000000000e+01,0.000000000000000000e+00
2.021198844909667969e+01,7.961913585662841797e+00,1.400000000000000000e+01,0.000000000000000000e+00
1.988485336303710938e+01,7.690548419952392578e+00,1.400000000000000000e+01,0.000000000000000000e+00
1.953510856628417969e+01,7.927830696105957031e+00,1.400000000000000000e+01,0.000000000000000000e+00
1.940170097351074219e+01,9.887983322143554688e+00,1.400000000000000000e+01,0.000000000000000000e+00
1.930734825134277344e+01,9.644279479980468750e+00,1.400000000000000000e+01,0.000000000000000000e+00
2.016930961608886719e+01,8.143628120422363281e+00,1.400000000000000000e+01,0.000000000000000000e+00
2.006481552124023438e+01,7.892621040344238281e+00,1.400000000000000000e+01,0.000000000000000000e+00
1.949551200866699219e+01,7.986060619354248047e+00,1.400000000000000000e+01,0.000000000000000000e+00
1.996591567993164062e+01,7.853307247161865234e+00,1.400000000000000000e+01,0.000000000000000000e+00
1.996013259887695312e+01,7.625835895538330078e+00,1.400000000000000000e+01,0.000000000000000000e+00
1.896960639953613281e+01,9.622839927673339844e+00,1.400000000000000000e+01,0.000000000000000000e+00
1.940889358520507812e+01,8.129650115966796875e+00,1.400000000000000000e+01,0.000000000000000000e+00
1.876417732238769531e+01,9.753117561340332031e+00,1.400000000000000000e+01,0.000000000000000000e+00
1.886043930053710938e+01,9.788140296936035156e+00,1.400000000000000000e+01,0.000000000000000000e+00
1.940048027038574219e+01,9.741154670715332031e+00,1.400000000000000000e+01,0.000000000000000000e+00
1.894150352478027344e+01,9.630537986755371094e+00,1.400000000000000000e+01,0.000000000000000000e+00
2.014175224304199219e+01,8.053470611572265625e+00,1.400000000000000000e+01,0.000000000000000000e+00
1.204573822021484375e+01,-7.338549613952636719e+00,9.000000000000000000e+00,0.000000000000000000e+00
1.903931427001953125e+01,9.577708244323730469e+00,1.400000000000000000e+01,0.000000000000000000e+00
1.934559249877929688e+01,9.689243316650390625e+00,1.400000000000000000e+01,0.000000000000000000e+00
1.782242584228515625e+01,1.310935878753662109e+01,9.000000000000000000e+00,0.000000000000000000e+00
1.877274513244628906e+01,9.779343605041503906e+00,1.400000000000000000e+01,0.000000000000000000e+00
1.988476943969726562e+01,7.579975128173828125e+00,1.400000000000000000e+01,0.000000000000000000e+00
1.934262084960937500e+01,8.714118003845214844e+00,1.400000000000000000e+01,0.000000000000000000e+00
1.983325958251953125e+01,7.585749149322509766e+00,1.400000000000000000e+01,0.000000000000000000e+00
1.938458251953125000e+01,8.839472770690917969e+00,1.400000000000000000e+01,0.000000000000000000e+00
1.943720436096191406e+01,9.801610946655273438e+00,1.400000000000000000e+01,0.000000000000000000e+00
1.929025268554687500e+01,8.655467987060546875e+00,1.400000000000000000e+01,0.000000000000000000e+00
1.960833549499511719e+01,7.835038185119628906e+00,1.400000000000000000e+01,0.000000000000000000e+00
2.011557388305664062e+01,7.807888031005859375e+00,1.400000000000000000e+01,0.000000000000000000e+00
1.855898857116699219e+01,9.822506904602050781e+00,9.000000000000000000e+00,0.000000000000000000e+00
1.970009994506835938e+01,7.677620410919189453e+00,1.400000000000000000e+01,0.000000000000000000e+00
2.018595123291015625e+01,7.880991935729980469e+00,1.400000000000000000e+01,0.000000000000000000e+00
1.929551696777343750e+01,9.561443328857421875e+00,1.400000000000000000e+01,0.000000000000000000e+00
1.921785736083984375e+01,9.581591606140136719e+00,1.400000000000000000e+01,0.000000000000000000e+00
1.945360565185546875e+01,9.938663482666015625e+00,1.400000000000000000e+01,0.000000000000000000e+00
1.938336563110351562e+01,8.311475753784179688e+00,1.400000000000000000e+01,0.000000000000000000e+00
2.026382827758789062e+01,7.992388725280761719e+00,1.400000000000000000e+01,0.000000000000000000e+00
1.936001968383789062e+01,8.302234649658203125e+00,1.400000000000000000e+01,0.000000000000000000e+00
1.938788414001464844e+01,8.827778816223144531e+00,1.400000000000000000e+01,0.000000000000000000e+00
2.011089897155761719e+01,7.818795204162597656e+00,1.400000000000000000e+01,0.000000000000000000e+00
2.000539588928222656e+01,7.862380981445312500e+00,1.400000000000000000e+01,0.000000000000000000e+00
1.938946914672851562e+01,8.792610168457031250e+00,1.400000000000000000e+01,0.000000000000000000e+00
2.013287162780761719e+01,8.114350318908691406e+00,1.400000000000000000e+01,0.000000000000000000e+00
1.971899986267089844e+01,7.811574935913085938e+00,1.400000000000000000e+01,0.000000000000000000e+00
1.938177299499511719e+01,8.886240959167480469e+00,1.400000000000000000e+01,0.000000000000000000e+00
1.874220085144042969e+01,9.769028663635253906e+00,1.400000000000000000e+01,0.000000000000000000e+00
2.001568984985351562e+01,7.894515037536621094e+00,1.400000000000000000e+01,0.000000000000000000e+00
2.008794212341308594e+01,8.187529563903808594e+00,1.400000000000000000e+01,0.000000000000000000e+00
1.887621688842773438e+01,9.654153823852539062e+00,1.400000000000000000e+01,0.000000000000000000e+00
2.026523208618164062e+01,7.932804584503173828e+00,1.400000000000000000e+01,0.000000000000000000e+00
1.471942615509033203e+01,-2.238371372222900391e+00,1.500000000000000000e+01,0.000000000000000000e+00
1.495079517364501953e+01,-9.352210164070129395e-01,1.500000000000000000e+01,0.000000000000000000e+00
1.491387271881103516e+01,-8.958871960639953613e-01,9.000000000000000000e+00,0.000000000000000000e+00
1.507627487182617188e+01,-1.384044885635375977e+00,1.500000000000000000e+01,0.000000000000000000e+00
1.493214511871337891e+01,-2.030495643615722656e+00,1.500000000000000000e+01,0.000000000000000000e+00
7.521588325500488281e+00,1.100342464447021484e+01,9.000000000000000000e+00,0.000000000000000000e+00
1.515015506744384766e+01,-1.965836048126220703e+00,1.500000000000000000e+01,0.000000000000000000e+00
1.504189872741699219e+01,-1.092128396034240723e+00,1.500000000000000000e+01,0.000000000000000000e+00
1.485774135589599609e+01,-2.262740850448608398e+00,1.500000000000000000e+01,0.000000000000000000e+00
1.497762775421142578e+01,-9.780626893043518066e-01,9.000000000000000000e+00,0.000000000000000000e+00
1.508179187774658203e+01,-2.077455282211303711e+00,1.500000000000000000e+01,0.000000000000000000e+00
1.477645587921142578e+01,-2.263065814971923828e+00,1.500000000000000000e+01,0.000000000000000000e+00
1.521794319152832031e+01,-1.457232713699340820e+00,1.500000000000000000e+01,0.000000000000000000e+00
1.518985271453857422e+01,-1.777156829833984375e+00,1.500000000000000000e+01,0.000000000000000000e+00
1.509181499481201172e+01,-1.138331532478332520e+00,1.500000000000000000e+01,0.000000000000000000e+00
1.497836494445800781e+01,-2.221139669418334961e+00,1.500000000000000000e+01,0.000000000000000000e+00
1.521016407012939453e+01,-2.039553642272949219e+00,1.500000000000000000e+01,0.000000000000000000e+00
1.520675659179687500e+01,-1.453250050544738770e+00,1.500000000000000000e+01,0.000000000000000000e+00
1.501935195922851562e+01,-1.525439023971557617e+00,1.500000000000000000e+01,0.000000000000000000e+00
1.487402820587158203e+01,-2.282807588577270508e+00,1.500000000000000000e+01,0.000000000000000000e+00
1.492661285400390625e+01,-1.808939099311828613e+00,1.500000000000000000e+01,0.000000000000000000e+00
1.479117298126220703e+01,-2.163029432296752930e+00,1.500000000000000000e+01,0.000000000000000000e+00
1.470868968963623047e+01,-2.169473409652709961e+00,1.500000000000000000e+01,0.000000000000000000e+00
1.484440135955810547e+01,-1.897072315216064453e+00,1.500000000000000000e+01,0.000000000000000000e+00
1.519379138946533203e+01,-1.959872961044311523e+00,1.500000000000000000e+01,0.000000000000000000e+00
1.513204574584960938e+01,-1.295750975608825684e+00,1.500000000000000000e+01,0.000000000000000000e+00
1.518773651123046875e+01,-1.850254058837890625e+00,1.500000000000000000e+01,0.000000000000000000e+00
1.486446094512939453e+01,-2.216301441192626953e+00,1.500000000000000000e+01,0.000000000000000000e+00
1.508553218841552734e+01,-1.089963674545288086e+00,1.500000000000000000e+01,0.000000000000000000e+00
1.482526874542236328e+01,-2.078670263290405273e+00,1.500000000000000000e+01,0.000000000000000000e+00
7.124464511871337891e+00,1.087352752685546875e+01,9.000000000000000000e+00,0.000000000000000000e+00
1.509438991546630859e+01,-1.904505014419555664e+00,1.500000000000000000e+01,0.000000000000000000e+00
1.520004367828369141e+01,-1.828521490097045898e+00,1.500000000000000000e+01,0.000000000000000000e+00
1.502469348907470703e+01,-1.234613537788391113e+00,1.500000000000000000e+01,0.000000000000000000e+00
1.478956699371337891e+01,-2.259657621383666992e+00,1.500000000000000000e+01,0.000000000000000000e+00
1.509073829650878906e+01,-1.134189963340759277e+00,1.500000000000000000e+01,0.000000000000000000e+00
1.507660770416259766e+01,-1.087895870208740234e+00,1.500000000000000000e+01,0.000000000000000000e+00
1.502761459350585938e+01,-2.247163295745849609e+00,1.500000000000000000e+01,0.000000000000000000e+00
1.474467277526855469e+01,-2.206304073333740234e+00,9.000000000000000000e+00,0.000000000000000000e+00
1.498472881317138672e+01,-1.328373432159423828e+00,1.500000000000000000e+01,0.000000000000000000e+00
1.483026027679443359e+01,-2.069587945938110352e+00,1.500000000000000000e+01,0.000000000000000000e+00
1.523757362365722656e+01,-2.051663637161254883e+00,1.500000000000000000e+01,0.000000000000000000e+00
1.475121402740478516e+01,-2.241077423095703125e+00,1.500000000000000000e+01,0.000000000000000000e+00
1.521075439453125000e+01,-2.079201221466064453e+00,1.500000000000000000e+01,0.000000000000000000e+00
1.499109935760498047e+01,-2.016647338867187500e+00,1.500000000000000000e+01,0.000000000000000000e+00
1.500244903564453125e+01,-9.735252857208251953e-01,9.000000000000000000e+00,0.000000000000000000e+00
1.477243328094482422e+01,-2.077977657318115234e+00,1.500000000000000000e+01,0.000000000000000000e+00
1.497057056427001953e+01,-9.544644355773925781e-01,1.500000000000000000e+01,0.000000000000000000e+00
1.524396514892578125e+01,-2.058825731277465820e+00,1.500000000000000000e+01,0.000000000000000000e+00
1.503897571563720703e+01,-2.117943048477172852e+00,1.500000000000000000e+01,0.000000000000000000e+00
1.485641384124755859e+01,-2.258770227432250977e+00,1.500000000000000000e+01,0.000000000000000000e+00
1.502055740356445312e+01,-1.141105532646179199e+00,1.500000000000000000e+01,0.000000000000000000e+00
1.495516681671142578e+01,-2.005251884460449219e+00,1.500000000000000000e+01,0.000000000000000000e+00
1.521801757812500000e+01,-2.101525783538818359e+00,1.500000000000000000e+01,0.000000000000000000e+00
1.500765514373779297e+01,-1.035934090614318848e+00,1.500000000000000000e+01,0.000000000000000000e+00
1.486200141906738281e+01,-1.901210427284240723e+00,1.500000000000000000e+01,0.000000000000000000e+00
1.519974517822265625e+01,-1.434978246688842773e+00,1.500000000000000000e+01,0.000000000000000000e+00
1.498346042633056641e+01,-1.569180011749267578e+00,1.500000000000000000e+01,0.000000000000000000e+00
1.490931510925292969e+01,-1.903886795043945312e+00,1.500000000000000000e+01,0.000000000000000000e+00
1.499292373657226562e+01,-1.116812586784362793e+00,9.000000000000000000e+00,0.000000000000000000e+00
1.511819648742675781e+01,-1.514731884002685547e+00,1.500000000000000000e+01,0.000000000000000000e+00
1.482665824890136719e+01,-1.804390072822570801e+00,1.500000000000000000e+01,0.000000000000000000e+00
1.521225166320800781e+01,-1.801044583320617676e+00,1.500000000000000000e+01,0.000000000000000000e+00
1.504929828643798828e+01,-1.380209207534790039e+00,1.500000000000000000e+01,0.000000000000000000e+00
1.506202220916748047e+01,-1.095034956932067871e+00,1.500000000000000000e+01,0.000000000000000000e+00
1.501082420349121094e+01,-1.066938757896423340e+00,1.500000000000000000e+01,0.000000000000000000e+00
7.235658168792724609e+00,1.106479454040527344e+01,1.800000000000000000e+01,0.000000000000000000e+00
1.519290256500244141e+01,-2.171084880828857422e+00,1.500000000000000000e+01,0.000000000000000000e+00
7.536499023437500000e+00,1.119333171844482422e+01,9.000000000000000000e+00,0.000000000000000000e+00
1.519671726226806641e+01,-1.363078832626342773e+00,1.500000000000000000e+01,0.000000000000000000e+00
1.491025161743164062e+01,-1.664838790893554688e+00,1.500000000000000000e+01,0.000000000000000000e+00
1.489817810058593750e+01,-2.176179409027099609e+00,1.500000000000000000e+01,0.000000000000000000e+00
1.483184814453125000e+01,-2.266243457794189453e+00,1.500000000000000000e+01,0.000000000000000000e+00
1.500815868377685547e+01,-1.217227935791015625e+00,1.500000000000000000e+01,0.000000000000000000e+00
1.517263507843017578e+01,-2.131693840026855469e+00,1.500000000000000000e+01,0.000000000000000000e+00
7.552699565887451172e+00,1.120425415039062500e+01,9.000000000000000000e+00,0.000000000000000000e+00
1.516686058044433594e+01,-1.368180632591247559e+00,1.500000000000000000e+01,0.000000000000000000e+00
1.493989849090576172e+01,-2.182814836502075195e+00,1.500000000000000000e+01,0.000000000000000000e+00
1.498357295989990234e+01,-2.055551767349243164e+00,1.500000000000000000e+01,0.000000000000000000e+00
1.521973609924316406e+01,-1.936551690101623535e+00,1.500000000000000000e+01,0.000000000000000000e+00
1.491281890869140625e+01,-2.015556573867797852e+00,1.500000000000000000e+01,0.000000000000000000e+00
1.510060119628906250e+01,-1.888940691947937012e+00,1.500000000000000000e+01,0.000000000000000000e+00
1.506029129028320312e+01,-1.090703248977661133e+00,1.500000000000000000e+01,0.000000000000000000e+00
7.571567058563232422e+00,1.105588626861572266e+01,9.000000000000000000e+00,0.000000000000000000e+00
1.511899471282958984e+01,-2.120056629180908203e+00,1.500000000000000000e+01,0.000000000000000000e+00
7.626285552978515625e+00,1.172383308410644531e+01,1.800000000000000000e+01,0.000000000000000000e+00
7.688176631927490234e+00,1.195469474792480469e+01,9.000000000000000000e+00,0.000000000000000000e+00
1.500675010681152344e+01,-1.069229006767272949e+00,1.500000000000000000e+01,0.000000000000000000e+00
1.486929225921630859e+01,-1.906873345375061035e+00,1.500000000000000000e+01,0.000000000000000000e+00
1.501759719848632812e+01,-1.139388561248779297e+00,1.500000000000000000e+01,0.000000000000000000e+00
1.488858985900878906e+01,-1.653560280799865723e+00,1.500000000000000000e+01,0.000000000000000000e+00
1.514853763580322266e+01,-2.079109430313110352e+00,1.500000000000000000e+01,0.000000000000000000e+00
1.503926944732666016e+01,-2.276197433471679688e+00,1.500000000000000000e+01,0.000000000000000000e+00
1.505493640899658203e+01,-2.211638689041137695e+00,1.500000000000000000e+01,0.000000000000000000e+00
1.504411125183105469e+01,-1.933403611183166504e+00,1.500000000000000000e+01,0.000000000000000000e+00
1.503510570526123047e+01,-1.187294363975524902e+00,1.500000000000000000e+01,0.000000000000000000e+00
1.486919689178466797e+01,-2.083462238311767578e+00,1.500000000000000000e+01,0.000000000000000000e+00
1.503528881072998047e+01,-1.398483872413635254e+00,1.500000000000000000e+01,0.000000000000000000e+00
1.495236492156982422e+01,-9.602883458137512207e-01,1.500000000000000000e+01,0.000000000000000000e+00
1.519650459289550781e+01,-1.458832025527954102e+00,1.500000000000000000e+01,0.000000000000000000e+00
1.479940223693847656e+01,-1.802935361862182617e+00,1.500000000000000000e+01,0.000000000000000000e+00
1.486010265350341797e+01,-2.256349563598632812e+00,1.500000000000000000e+01,0.000000000000000000e+00
1.484006977081298828e+01,-1.807640194892883301e+00,1.500000000000000000e+01,0.000000000000000000e+00
1.512211132049560547e+01,-2.024431228637695312e+00,1.500000000000000000e+01,0.000000000000000000e+00
1.515925312042236328e+01,-1.877216935157775879e+00,1.500000000000000000e+01,0.000000000000000000e+00
1.491670036315917969e+01,-2.258190631866455078e+00,1.500000000000000000e+01,0.000000000000000000e+00
1.519331455230712891e+01,-1.480220437049865723e+00,1.500000000000000000e+01,0.000000000000000000e+00
1.521256256103515625e+01,-2.099556446075439453e+00,9.000000000000000000e+00,0.000000000000000000e+00
1.472148227691650391e+01,-2.211641550064086914e+00,1.500000000000000000e+01,0.000000000000000000e+00
1.514046287536621094e+01,-2.152536153793334961e+00,1.500000000000000000e+01,0.000000000000000000e+00
1.490672492980957031e+01,-1.677396297454833984e+00,1.500000000000000000e+01,0.000000000000000000e+00
1.476790523529052734e+01,-2.052767276763916016e+00,1.500000000000000000e+01,0.000000000000000000e+00
7.506766796112060547e+00,1.116066360473632812e+01,9.000000000000000000e+00,0.000000000000000000e+00
1.469894409179687500e+01,-2.260490417480468750e+00,1.500000000000000000e+01,0.000000000000000000e+00
1.495845413208007812e+01,-1.796807050704956055e+00,1.500000000000000000e+01,0.000000000000000000e+00
1.499623012542724609e+01,-1.003734827041625977e+00,1.500000000000000000e+01,0.000000000000000000e+00
1.495452785491943359e+01,-9.437600374221801758e-01,9.000000000000000000e+00,0.000000000000000000e+00
1.514776706695556641e+01,-1.269681572914123535e+00,1.500000000000000000e+01,0.000000000000000000e+00
1.519202423095703125e+01,-2.055297136306762695e+00,1.500000000000000000e+01,0.000000000000000000e+00
7.404786586761474609e+00,1.144996070861816406e+01,9.000000000000000000e+00,0.000000000000000000e+00
1.486191368103027344e+01,-2.184791564941406250e+00,1.500000000000000000e+01,0.000000000000000000e+00
1.484266185760498047e+01,-2.138723611831665039e+00,1.500000000000000000e+01,0.000000000000000000e+00
1.485460662841796875e+01,-2.231947183609008789e+00,1.500000000000000000e+01,0.000000000000000000e+00
1.501270103454589844e+01,-2.023231744766235352e+00,1.500000000000000000e+01,0.000000000000000000e+00
5.861878871917724609e+00,1.047522449493408203e+01,9.000000000000000000e+00,0.000000000000000000e+00
1.522427654266357422e+01,-1.626803994178771973e+00,1.500000000000000000e+01,0.000000000000000000e+00
1.509900856018066406e+01,-2.055075407028198242e+00,1.500000000000000000e+01,0.000000000000000000e+00
7.587896823883056641e+00,1.091963291168212891e+01,9.000000000000000000e+00,0.000000000000000000e+00
1.513545894622802734e+01,-1.946198105812072754e+00,1.500000000000000000e+01,0.000000000000000000e+00
1.474089336395263672e+01,-2.273419141769409180e+00,1.500000000000000000e+01,0.000000000000000000e+00
1.525134372711181641e+01,-2.068562746047973633e+00,1.500000000000000000e+01,0.000000000000000000e+00
1.118447017669677734e+01,5.143597126007080078e+00,9.000000000000000000e+00,0.000000000000000000e+00
1.519681549072265625e+01,-2.066388368606567383e+00,1.500000000000000000e+01,0.000000000000000000e+00
1.505201435089111328e+01,-1.067429184913635254e+00,1.500000000000000000e+01,0.000000000000000000e+00
1.507388210296630859e+01,-1.462613940238952637e+00,1.500000000000000000e+01,0.000000000000000000e+00
1.509082984924316406e+01,-1.290892362594604492e+00,1.500000000000000000e+01,0.000000000000000000e+00
1.509145355224609375e+01,-1.229231476783752441e+00,1.500000000000000000e+01,0.000000000000000000e+00
1.471857261657714844e+01,-2.240453481674194336e+00,1.500000000000000000e+01,0.000000000000000000e+00
7.548632144927978516e+00,1.114705181121826172e+01,9.000000000000000000e+00,0.000000000000000000e+00
1.516533660888671875e+01,-1.310231566429138184e+00,1.500000000000000000e+01,0.000000000000000000e+00
1.487791728973388672e+01,-8.518154621124267578e-01,9.000000000000000000e+00,0.000000000000000000e+00
1.490299415588378906e+01,-1.615335106849670410e+00,1.500000000000000000e+01,0.000000000000000000e+00
1.482475566864013672e+01,-2.099505186080932617e+00,1.500000000000000000e+01,0.000000000000000000e+00
1.505010318756103516e+01,-1.069409608840942383e+00,1.500000000000000000e+01,0.000000000000000000e+00
1.484646224975585938e+01,-2.053412199020385742e+00,1.500000000000000000e+01,0.000000000000000000e+00
1.502816295623779297e+01,-1.033263087272644043e+00,1.500000000000000000e+01,0.000000000000000000e+00
1.509925270080566406e+01,-1.417103648185729980e+00,1.500000000000000000e+01,0.000000000000000000e+00
1.512049865722656250e+01,-2.155601501464843750e+00,1.500000000000000000e+01,0.000000000000000000e+00
1.477663612365722656e+01,-2.262483596801757812e+00,1.500000000000000000e+01,0.000000000000000000e+00
7.415479660034179688e+00,1.145163345336914062e+01,1.800000000000000000e+01,0.000000000000000000e+00
1.503167915344238281e+01,-1.511922717094421387e+00,9.000000000000000000e+00,0.000000000000000000e+00
1.525793552398681641e+01,-2.035981655120849609e+00,1.500000000000000000e+01,0.000000000000000000e+00
7.526467323303222656e+00,1.106399440765380859e+01,9.000000000000000000e+00,0.000000000000000000e+00
1.479779815673828125e+01,-2.120204448699951172e+00,1.500000000000000000e+01,0.000000000000000000e+00
1.508382606506347656e+01,-1.336146712303161621e+00,1.500000000000000000e+01,0.000000000000000000e+00
1.517643833160400391e+01,-2.098936557769775391e+00,1.500000000000000000e+01,0.000000000000000000e+00
1.481217575073242188e+01,-1.908823966979980469e+00,1.500000000000000000e+01,0.000000000000000000e+00
1.516112995147705078e+01,-2.072127342224121094e+00,1.500000000000000000e+01,0.000000000000000000e+00
1.475098896026611328e+01,-2.127034902572631836e+00,9.000000000000000000e+00,0.000000000000000000e+00
1.522898769378662109e+01,-2.069918870925903320e+00,1.500000000000000000e+01,0.000000000000000000e+00
1.470175361633300781e+01,-2.264033555984497070e+00,1.500000000000000000e+01,0.000000000000000000e+00
1.484177303314208984e+01,-2.096582174301147461e+00,1.500000000000000000e+01,0.000000000000000000e+00
1.503145122528076172e+01,-1.137339234352111816e+00,1.500000000000000000e+01,0.000000000000000000e+00
1.521840476989746094e+01,-2.054562091827392578e+00,1.500000000000000000e+01,0.000000000000000000e+00
1.522130680084228516e+01,-2.065808534622192383e+00,1.500000000000000000e+01,0.000000000000000000e+00
1.472297286987304688e+01,-2.253331422805786133e+00,1.500000000000000000e+01,0.000000000000000000e+00
1.502317810058593750e+01,-1.797380805015563965e+00,1.500000000000000000e+01,0.000000000000000000e+00
1.503722190856933594e+01,-1.091492414474487305e+00,1.500000000000000000e+01,0.000000000000000000e+00
1.480346107482910156e+01,-2.276060342788696289e+00,1.500000000000000000e+01,0.000000000000000000e+00
1.511284828186035156e+01,-1.297721624374389648e+00,1.500000000000000000e+01,0.000000000000000000e+00
1.499373340606689453e+01,-2.040626764297485352e+00,1.500000000000000000e+01,0.000000000000000000e+00
1.505373477935791016e+01,-1.195121526718139648e+00,1.500000000000000000e+01,0.000000000000000000e+00
1.499637699127197266e+01,-9.882639646530151367e-01,1.500000000000000000e+01,0.000000000000000000e+00
1.511829757690429688e+01,-1.246882081031799316e+00,1.500000000000000000e+01,0.000000000000000000e+00
1.505516242980957031e+01,-2.032994270324707031e+00,1.500000000000000000e+01,0.000000000000000000e+00
7.468219280242919922e+00,1.135311412811279297e+01,1.800000000000000000e+01,0.000000000000000000e+00
1.480618572235107422e+01,-2.269191980361938477e+00,1.500000000000000000e+01,0.000000000000000000e+00
1.518959522247314453e+01,-1.517549276351928711e+00,1.500000000000000000e+01,0.000000000000000000e+00
1.489585113525390625e+01,-2.203159093856811523e+00,1.500000000000000000e+01,0.000000000000000000e+00
1.524573421478271484e+01,-2.095606803894042969e+00,1.500000000000000000e+01,0.000000000000000000e+00
1.521930789947509766e+01,-1.512238979339599609e+00,1.500000000000000000e+01,0.000000000000000000e+00
1.515693664550781250e+01,-1.491084814071655273e+00,1.500000000000000000e+01,0.000000000000000000e+00
1.474238586425781250e+01,-2.273371458053588867e+00,1.500000000000000000e+01,0.000000000000000000e+00
1.509475994110107422e+01,-2.170084953308105469e+00,1.500000000000000000e+01,0.000000000000000000e+00
1.496825122833251953e+01,-2.030816316604614258e+00,1.500000000000000000e+01,0.000000000000000000e+00
1.484172534942626953e+01,-2.207309484481811523e+00,1.500000000000000000e+01,0.000000000000000000e+00
1.480933380126953125e+01,-2.200000286102294922e+00,1.500000000000000000e+01,0.000000000000000000e+00
1.521008491516113281e+01,-1.960483551025390625e+00,1.500000000000000000e+01,0.000000000000000000e+00
1.503281784057617188e+01,-1.468366384506225586e+00,1.500000000000000000e+01,0.000000000000000000e+00
1.503104877471923828e+01,-2.304033756256103516e+00,1.500000000000000000e+01,0.000000000000000000e+00
1.496304798126220703e+01,-9.553158283233642578e-01,1.500000000000000000e+01,0.000000000000000000e+00
1.512020206451416016e+01,-2.140360593795776367e+00,1.500000000000000000e+01,0.000000000000000000e+00
1.520771121978759766e+01,-1.412593603134155273e+00,1.500000000000000000e+01,0.000000000000000000e+00
1.517775726318359375e+01,-1.269953489303588867e+00,1.500000000000000000e+01,0.000000000000000000e+00
1.512786865234375000e+01,-1.776152491569519043e+00,1.500000000000000000e+01,0.000000000000000000e+00
1.488859176635742188e+01,-1.674718618392944336e+00,1.500000000000000000e+01,0.000000000000000000e+00
1.523734855651855469e+01,-1.666780352592468262e+00,1.500000000000000000e+01,0.000000000000000000e+00
1.480406188964843750e+01,-2.114579200744628906e+00,1.500000000000000000e+01,0.000000000000000000e+00
7.842014789581298828e+00,1.016510581970214844e+01,9.000000000000000000e+00,0.000000000000000000e+00
1.495241355895996094e+01,-2.266297817230224609e+00,1.500000000000000000e+01,0.000000000000000000e+00
1.478277683258056641e+01,-2.171527862548828125e+00,1.500000000000000000e+01,0.000000000000000000e+00
1.518701362609863281e+01,-1.440016031265258789e+00,1.500000000000000000e+01,0.000000000000000000e+00
1.494180965423583984e+01,-1.827316761016845703e+00,1.500000000000000000e+01,0.000000000000000000e+00
1.471251010894775391e+01,-2.196814060211181641e+00,1.500000000000000000e+01,0.000000000000000000e+00
1.518470859527587891e+01,-1.507482528686523438e+00,1.500000000000000000e+01,0.000000000000000000e+00
1.514001083374023438e+01,-2.034399986267089844e+00,1.500000000000000000e+01,0.000000000000000000e+00
1.499512767791748047e+01,-1.558929681777954102e+00,1.500000000000000000e+01,0.000000000000000000e+00
1.501210975646972656e+01,-1.024803757667541504e+00,9.000000000000000000e+00,0.000000000000000000e+00
7.564875602722167969e+00,1.115338706970214844e+01,9.000000000000000000e+00,0.000000000000000000e+00
1.484738445281982422e+01,-2.112567186355590820e+00,1.500000000000000000e+01,0.000000000000000000e+00
9.136418342590332031e+00,7.682010173797607422e+00,2.000000000000000000e+01,0.000000000000000000e+00
9.394287109375000000e+00,7.638223171234130859e+00,2.000000000000000000e+01,0.000000000000000000e+00
7.089695453643798828e+00,1.047574329376220703e+01,9.000000000000000000e+00,0.000000000000000000e+00
7.665856838226318359e+00,9.563890457153320312e+00,2.100000000000000000e+01,0.000000000000000000e+00
8.131203651428222656e+00,8.953517913818359375e+00,2.100000000000000000e+01,0.000000000000000000e+00
8.004712104797363281e+00,9.199470520019531250e+00,2.100000000000000000e+01,0.000000000000000000e+00
8.956920623779296875e+00,7.794054508209228516e+00,2.000000000000000000e+01,0.000000000000000000e+00
8.221961975097656250e+00,8.811910629272460938e+00,2.100000000000000000e+01,0.000000000000000000e+00
6.365439414978027344e+00,9.957131385803222656e+00,9.000000000000000000e+00,0.000000000000000000e+00
5.842158317565917969e+00,1.046744060516357422e+01,2.200000000000000000e+01,0.000000000000000000e+00
8.201022148132324219e+00,8.849241256713867188e+00,2.100000000000000000e+01,0.000000000000000000e+00
7.649736881256103516e+00,9.599869728088378906e+00,2.100000000000000000e+01,0.000000000000000000e+00
8.848852157592773438e+00,7.829118728637695312e+00,2.000000000000000000e+01,0.000000000000000000e+00
6.496968746185302734e+00,1.004380798339843750e+01,2.200000000000000000e+01,0.000000000000000000e+00
6.941981792449951172e+00,1.043613433837890625e+01,9.000000000000000000e+00,0.000000000000000000e+00
8.229245185852050781e+00,8.804677963256835938e+00,2.100000000000000000e+01,0.000000000000000000e+00
6.622908115386962891e+00,1.058331966400146484e+01,9.000000000000000000e+00,0.000000000000000000e+00
7.692377567291259766e+00,9.569647789001464844e+00,2.100000000000000000e+01,0.000000000000000000e+00
7.675229072570800781e+00,9.980929374694824219e+00,9.000000000000000000e+00,0.000000000000000000e+00
6.729596138000488281e+00,1.006479644775390625e+01,2.200000000000000000e+01,0.000000000000000000e+00
1.202540636062622070e+00,-5.645210266113281250e+00,9.000000000000000000e+00,0.000000000000000000e+00
6.136414527893066406e+00,1.004392910003662109e+01,9.000000000000000000e+00,0.000000000000000000e+00
9.346581459045410156e+00,7.986429691314697266e+00,9.000000000000000000e+00,0.000000000000000000e+00
6.545433044433593750e+00,1.015653800964355469e+01,9.000000000000000000e+00,0.000000000000000000e+00
6.190343379974365234e+00,1.031158161163330078e+01,2.200000000000000000e+01,0.000000000000000000e+00
7.770869255065917969e+00,9.421372413635253906e+00,2.100000000000000000e+01,0.000000000000000000e+00
6.406705856323242188e+00,1.048676300048828125e+01,9.000000000000000000e+00,0.000000000000000000e+00
6.816037178039550781e+00,1.023856830596923828e+01,9.000000000000000000e+00,0.000000000000000000e+00
6.390341281890869141e+00,1.038052654266357422e+01,2.200000000000000000e+01,0.000000000000000000e+00
9.087262153625488281e+00,7.826379299163818359e+00,9.000000000000000000e+00,0.000000000000000000e+00
7.723665237426757812e+00,9.575053215026855469e+00,9.000000000000000000e+00,0.000000000000000000e+00
6.387590885162353516e+00,1.042581272125244141e+01,2.200000000000000000e+01,0.000000000000000000e+00
8.145990371704101562e+00,8.927824974060058594e+00,2.100000000000000000e+01,0.000000000000000000e+00
9.398051261901855469e+00,7.432950496673583984e+00,2.000000000000000000e+01,0.000000000000000000e+00
9.350837707519531250e+00,7.787625789642333984e+00,9.000000000000000000e+00,0.000000000000000000e+00
8.030500411987304688e+00,9.217305183410644531e+00,2.100000000000000000e+01,0.000000000000000000e+00
7.749956607818603516e+00,9.578549385070800781e+00,2.100000000000000000e+01,0.000000000000000000e+00
9.334067344665527344e+00,7.719513416290283203e+00,2.000000000000000000e+01,0.000000000000000000e+00
6.566816329956054688e+00,1.042418384552001953e+01,2.200000000000000000e+01,0.000000000000000000e+00
9.043031692504882812e+00,7.751262187957763672e+00,2.000000000000000000e+01,0.000000000000000000e+00
7.801120281219482422e+00,9.486378669738769531e+00,2.100000000000000000e+01,0.000000000000000000e+00
7.761979103088378906e+00,9.780765533447265625e+00,9.000000000000000000e+00,0.000000000000000000e+00
7.703664302825927734e+00,9.586818695068359375e+00,2.100000000000000000e+01,0.000000000000000000e+00
9.104603767395019531e+00,7.755203723907470703e+00,2.000000000000000000e+01,0.000000000000000000e+00
9.111094474792480469e+00,7.732954502105712891e+00,2.000000000000000000e+01,0.000000000000000000e+00
7.682968616485595703e+00,9.504637718200683594e+00,9.000000000000000000e+00,0.000000000000000000e+00
9.026512145996093750e+00,7.832607746124267578e+00,2.000000000000000000e+01,0.000000000000000000e+00
6.626385688781738281e+00,1.055007362365722656e+01,9.000000000000000000e+00,0.000000000000000000e+00
8.652791976928710938e+00,8.102021217346191406e+00,9.000000000000000000e+00,0.000000000000000000e+00
9.316109657287597656e+00,7.655076503753662109e+00,2.000000000000000000e+01,0.000000000000000000e+00
7.916233539581298828e+00,9.342523574829101562e+00,2.100000000000000000e+01,0.000000000000000000e+00
7.345846176147460938e+00,1.019919490814208984e+01,2.100000000000000000e+01,0.000000000000000000e+00
7.717059612274169922e+00,9.536777496337890625e+00,2.100000000000000000e+01,0.000000000000000000e+00
9.171512603759765625e+00,7.532709121704101562e+00,2.000000000000000000e+01,0.000000000000000000e+00
6.688251495361328125e+00,9.901789665222167969e+00,9.000000000000000000e+00,0.000000000000000000e+00
7.911359310150146484e+00,9.620208740234375000e+00,9.000000000000000000e+00,0.000000000000000000e+00
1.119131374359130859e+01,5.139812469482421875e+00,9.000000000000000000e+00,0.000000000000000000e+00
6.998250007629394531e+00,1.019772529602050781e+01,9.000000000000000000e+00,0.000000000000000000e+00
7.649485588073730469e+00,9.626822471618652344e+00,9.000000000000000000e+00,0.000000000000000000e+00
9.368896484375000000e+00,7.460069656372070312e+00,2.000000000000000000e+01,0.000000000000000000e+00
9.021150588989257812e+00,7.770858287811279297e+00,2.000000000000000000e+01,0.000000000000000000e+00
4.466207504272460938e+00,1.034451293945312500e+01,9.000000000000000000e+00,0.000000000000000000e+00
7.746659755706787109e+00,9.733366012573242188e+00,9.000000000000000000e+00,0.000000000000000000e+00
-3.194125890731811523e-01,-1.242714047431945801e+00,9.000000000000000000e+00,0.000000000000000000e+00
9.183485031127929688e+00,7.619100570678710938e+00,2.000000000000000000e+01,0.000000000000000000e+00
9.010388374328613281e+00,7.756001949310302734e+00,2.000000000000000000e+01,0.000000000000000000e+00
8.982622146606445312e+00,7.789909839630126953e+00,2.000000000000000000e+01,0.000000000000000000e+00
8.185682296752929688e+00,8.879701614379882812e+00,2.100000000000000000e+01,0.000000000000000000e+00
8.026241302490234375e+00,9.187902450561523438e+00,9.000000000000000000e+00,0.000000000000000000e+00
7.864875793457031250e+00,9.979451179504394531e+00,9.000000000000000000e+00,0.000000000000000000e+00
9.329320907592773438e+00,7.345121383666992188e+00,2.000000000000000000e+01,0.000000000000000000e+00
7.531004428863525391e+00,1.020101070404052734e+01,9.000000000000000000e+00,0.000000000000000000e+00
8.953589439392089844e+00,7.800781726837158203e+00,2.000000000000000000e+01,0.000000000000000000e+00
8.975436210632324219e+00,7.792502880096435547e+00,2.000000000000000000e+01,0.000000000000000000e+00
6.446647644042968750e+00,1.048715591430664062e+01,9.000000000000000000e+00,0.000000000000000000e+00
6.615820407867431641e+00,1.001411437988281250e+01,9.000000000000000000e+00,0.000000000000000000e+00
6.846798419952392578e+00,1.046381950378417969e+01,9.000000000000000000e+00,0.000000000000000000e+00
6.265967845916748047e+00,1.021062469482421875e+01,2.200000000000000000e+01,0.000000000000000000e+00
8.249096870422363281e+00,8.764563560485839844e+00,2.100000000000000000e+01,0.000000000000000000e+00
9.315528869628906250e+00,7.689063549041748047e+00,2.000000000000000000e+01,0.000000000000000000e+00
7.443689346313476562e+00,9.901210784912109375e+00,2.100000000000000000e+01,0.000000000000000000e+00
7.202043056488037109e+00,6.149911403656005859e+00,9.000000000000000000e+00,0.000000000000000000e+00
9.340032577514648438e+00,7.554047107696533203e+00,2.000000000000000000e+01,0.000000000000000000e+00
7.628996849060058594e+00,1.001981067657470703e+01,9.000000000000000000e+00,0.000000000000000000e+00
6.264023780822753906e+00,1.035980796813964844e+01,2.200000000000000000e+01,0.000000000000000000e+00
9.008584022521972656e+00,7.769856929779052734e+00,2.000000000000000000e+01,0.000000000000000000e+00
9.068982124328613281e+00,7.777932643890380859e+00,2.000000000000000000e+01,0.000000000000000000e+00
8.807725906372070312e+00,7.678330421447753906e+00,2.000000000000000000e+01,0.000000000000000000e+00
6.272759437561035156e+00,9.895127296447753906e+00,9.000000000000000000e+00,0.000000000000000000e+00
8.969801902770996094e+00,7.797622203826904297e+00,2.000000000000000000e+01,0.000000000000000000e+00
5.958030700683593750e+00,1.043311023712158203e+01,2.200000000000000000e+01,0.000000000000000000e+00
6.428819656372070312e+00,1.039223384857177734e+01,2.200000000000000000e+01,0.000000000000000000e+00
6.183636188507080078e+00,1.034666442871093750e+01,2.200000000000000000e+01,0.000000000000000000e+00
6.332824230194091797e+00,9.973835945129394531e+00,9.000000000000000000e+00,0.000000000000000000e+00
9.433340072631835938e+00,7.356233596801757812e+00,9.000000000000000000e+00,0.000000000000000000e+00
6.165456771850585938e+00,1.037774658203125000e+01,2.200000000000000000e+01,0.000000000000000000e+00
9.036297798156738281e+00,7.824337005615234375e+00,2.000000000000000000e+01,0.000000000000000000e+00
7.501662254333496094e+00,1.005293083190917969e+01,2.100000000000000000e+01,0.000000000000000000e+00
7.416176319122314453e+00,1.021650505065917969e+01,2.100000000000000000e+01,0.000000000000000000e+00
7.807442188262939453e+00,9.508314132690429688e+00,2.100000000000000000e+01,0.000000000000000000e+00
9.326664924621582031e+00,7.683301448822021484e+00,2.000000000000000000e+01,0.000000000000000000e+00
8.802431106567382812e+00,7.832442760467529297e+00,9.000000000000000000e+00,0.000000000000000000e+00
9.044341087341308594e+00,7.782671451568603516e+00,2.000000000000000000e+01,0.000000000000000000e+00
6.143902778625488281e+00,1.035094928741455078e+01,2.200000000000000000e+01,0.000000000000000000e+00
8.917524337768554688e+00,7.776663780212402344e+00,2.000000000000000000e+01,0.000000000000000000e+00
6.541954040527343750e+00,1.052225017547607422e+01,9.000000000000000000e+00,0.000000000000000000e+00
6.485359191894531250e+00,1.008529663085937500e+01,2.200000000000000000e+01,0.000000000000000000e+00
6.547743320465087891e+00,1.003217887878417969e+01,2.200000000000000000e+01,0.000000000000000000e+00
6.487144470214843750e+00,1.037110996246337891e+01,2.200000000000000000e+01,0.000000000000000000e+00
6.420390129089355469e+00,1.040217208862304688e+01,2.200000000000000000e+01,0.000000000000000000e+00
9.019962310791015625e+00,7.860525608062744141e+00,2.000000000000000000e+01,0.000000000000000000e+00
9.264728546142578125e+00,7.477614402770996094e+00,2.000000000000000000e+01,0.000000000000000000e+00
7.554344177246093750e+00,9.679741859436035156e+00,9.000000000000000000e+00,0.000000000000000000e+00
7.930494785308837891e+00,9.334114074707031250e+00,2.100000000000000000e+01,0.000000000000000000e+00
9.376566886901855469e+00,7.755362510681152344e+00,2.000000000000000000e+01,0.000000000000000000e+00
9.095407485961914062e+00,7.858533859252929688e+00,9.000000000000000000e+00,0.000000000000000000e+00
9.368005752563476562e+00,7.606364727020263672e+00,2.000000000000000000e+01,0.000000000000000000e+00
7.567873477935791016e+00,9.714593887329101562e+00,9.000000000000000000e+00,0.000000000000000000e+00
7.652328014373779297e+00,1.019744586944580078e+01,9.000000000000000000e+00,0.000000000000000000e+00
9.013633728027343750e+00,7.825456619262695312e+00,2.000000000000000000e+01,0.000000000000000000e+00
9.382542610168457031e+00,7.430268287658691406e+00,2.000000000000000000e+01,0.000000000000000000e+00
1.562713432312011719e+01,4.003823757171630859e+00,9.000000000000000000e+00,0.000000000000000000e+00
8.953869819641113281e+00,7.798661708831787109e+00,2.000000000000000000e+01,0.000000000000000000e+00
7.758449077606201172e+00,9.522471427917480469e+00,2.100000000000000000e+01,0.000000000000000000e+00
8.073298454284667969e+00,9.227012634277343750e+00,9.000000000000000000e+00,0.000000000000000000e+00
6.458074092864990234e+00,1.002547550201416016e+01,2.200000000000000000e+01,0.000000000000000000e+00
5.616703510284423828e+00,1.055012130737304688e+01,9.000000000000000000e+00,0.000000000000000000e+00
9.322297096252441406e+00,7.739957332611083984e+00,2.000000000000000000e+01,0.000000000000000000e+00
8.679120063781738281e+00,8.048889160156250000e+00,9.000000000000000000e+00,0.000000000000000000e+00
9.139801979064941406e+00,7.144729614257812500e+00,9.000000000000000000e+00,0.000000000000000000e+00
9.229948043823242188e+00,7.492871284484863281e+00,2.000000000000000000e+01,0.000000000000000000e+00
8.557556152343750000e+00,8.135532379150390625e+00,9.000000000000000000e+00,0.000000000000000000e+00
9.057193756103515625e+00,7.782354831695556641e+00,2.000000000000000000e+01,0.000000000000000000e+00
6.317060470581054688e+00,1.036593914031982422e+01,2.200000000000000000e+01,0.000000000000000000e+00
6.162874221801757812e+00,9.992888450622558594e+00,9.000000000000000000e+00,0.000000000000000000e+00
9.072937011718750000e+00,7.755331993103027344e+00,2.000000000000000000e+01,0.000000000000000000e+00
6.113286018371582031e+00,1.043530941009521484e+01,9.000000000000000000e+00,0.000000000000000000e+00
8.910531997680664062e+00,7.761710643768310547e+00,2.000000000000000000e+01,0.000000000000000000e+00
9.179993629455566406e+00,7.081223964691162109e+00,9.000000000000000000e+00,0.000000000000000000e+00
8.487319946289062500e+00,9.144343376159667969e+00,9.000000000000000000e+00,0.000000000000000000e+00
9.287827491760253906e+00,8.000424385070800781e+00,9.000000000000000000e+00,0.000000000000000000e+00
9.022091865539550781e+00,7.794562339782714844e+00,2.000000000000000000e+01,0.000000000000000000e+00
9.244736671447753906e+00,7.398735046386718750e+00,2.000000000000000000e+01,0.000000000000000000e+00
7.701702594757080078e+00,9.600318908691406250e+00,2.100000000000000000e+01,0.000000000000000000e+00
5.382002830505371094e+00,1.043476963043212891e+01,9.000000000000000000e+00,0.000000000000000000e+00
8.997897148132324219e+00,7.801670551300048828e+00,2.000000000000000000e+01,0.000000000000000000e+00
9.028572082519531250e+00,7.821680545806884766e+00,2.000000000000000000e+01,0.000000000000000000e+00
6.337041378021240234e+00,1.038163566589355469e+01,9.000000000000000000e+00,0.000000000000000000e+00
9.447910308837890625e+00,7.621251106262207031e+00,2.000000000000000000e+01,0.000000000000000000e+00
9.302538871765136719e+00,7.699336051940917969e+00,2.000000000000000000e+01,0.000000000000000000e+00
6.446524143218994141e+00,1.016646766662597656e+01,2.200000000000000000e+01,0.000000000000000000e+00
8.238671302795410156e+00,8.795719146728515625e+00,2.100000000000000000e+01,0.000000000000000000e+00
9.095591545104980469e+00,7.701024055480957031e+00,2.000000000000000000e+01,0.000000000000000000e+00
8.054353713989257812e+00,9.350440025329589844e+00,9.000000000000000000e+00,0.000000000000000000e+00
9.402741432189941406e+00,7.631954669952392578e+00,2.000000000000000000e+01,0.000000000000000000e+00
9.387609481811523438e+00,7.661962985992431641e+00,2.000000000000000000e+01,0.000000000000000000e+00
9.278036117553710938e+00,7.518563747406005859e+00,2.000000000000000000e+01,0.000000000000000000e+00
7.736348628997802734e+00,9.476881027221679688e+00,9.000000000000000000e+00,0.000000000000000000e+00
6.571446895599365234e+00,1.055550289154052734e+01,9.000000000000000000e+00,0.000000000000000000e+00
9.015723228454589844e+00,7.777442455291748047e+00,2.000000000000000000e+01,0.000000000000000000e+00
6.464619636535644531e+00,1.039451980590820312e+01,2.200000000000000000e+01,0.000000000000000000e+00
7.664880752563476562e+00,9.649012565612792969e+00,2.100000000000000000e+01,0.000000000000000000e+00
9.305479049682617188e+00,7.635237216949462891e+00,2.000000000000000000e+01,0.000000000000000000e+00
7.795889854431152344e+00,9.414930343627929688e+00,2.100000000000000000e+01,0.000000000000000000e+00
6.297670841217041016e+00,1.005115795135498047e+01,2.200000000000000000e+01,0.000000000000000000e+00
6.129086971282958984e+00,1.033349990844726562e+01,9.000000000000000000e+00,0.000000000000000000e+00
7.669389724731445312e+00,9.573168754577636719e+00,9.000000000000000000e+00,0.000000000000000000e+00
8.977964401245117188e+00,7.819537162780761719e+00,2.000000000000000000e+01,0.000000000000000000e+00
8.797000885009765625e+00,7.770178794860839844e+00,2.000000000000000000e+01,0.000000000000000000e+00
9.083366394042968750e+00,7.805984973907470703e+00,2.000000000000000000e+01,0.000000000000000000e+00
9.357819557189941406e+00,7.543505668640136719e+00,2.000000000000000000e+01,0.000000000000000000e+00
8.913393020629882812e+00,7.747368335723876953e+00,2.000000000000000000e+01,0.000000000000000000e+00
6.157207489013671875e+00,1.034524440765380859e+01,2.200000000000000000e+01,0.000000000000000000e+00
7.855304241180419922e+00,9.471951484680175781e+00,9.000000000000000000e+00,0.000000000000000000e+00
1.121153545379638672e+01,5.082817554473876953e+00,9.000000000000000000e+00,0.000000000000000000e+00
7.929431915283203125e+00,9.614277839660644531e+00,9.000000000000000000e+00,0.000000000000000000e+00
7.623026847839355469e+00,1.003791618347167969e+01,9.000000000000000000e+00,0.000000000000000000e+00
8.934762001037597656e+00,7.788731575012207031e+00,2.000000000000000000e+01,0.000000000000000000e+00
6.077291488647460938e+00,1.040901660919189453e+01,2.200000000000000000e+01,0.000000000000000000e+00
6.368902206420898438e+00,1.003344345092773438e+01,2.200000000000000000e+01,0.000000000000000000e+00
9.269013404846191406e+00,7.708773136138916016e+00,2.000000000000000000e+01,0.000000000000000000e+00
9.241310119628906250e+00,7.657240867614746094e+00,2.000000000000000000e+01,0.000000000000000000e+00
9.038534164428710938e+00,7.731112957000732422e+00,2.000000000000000000e+01,0.000000000000000000e+00
9.070371627807617188e+00,7.850825786590576172e+00,2.000000000000000000e+01,0.000000000000000000e+00
8.215829849243164062e+00,8.821228981018066406e+00,2.100000000000000000e+01,0.000000000000000000e+00
9.013844490051269531e+00,7.825584411621093750e+00,2.000000000000000000e+01,0.000000000000000000e+00
9.014093399047851562e+00,7.806630134582519531e+00,2.000000000000000000e+01,0.000000000000000000e+00
6.696830749511718750e+00,1.041775512695312500e+01,2.200000000000000000e+01,0.000000000000000000e+00
9.013840675354003906e+00,7.699702262878417969e+00,2.000000000000000000e+01,0.000000000000000000e+00
8.886368751525878906e+00,7.805536746978759766e+00,2.000000000000000000e+01,0.000000000000000000e+00
-5.970731750130653381e-02,1.068226337432861328e+01,9.000000000000000000e+00,0.000000000000000000e+00
6.578592300415039062e+00,1.057503032684326172e+01,9.000000000000000000e+00,0.000000000000000000e+00
7.683634757995605469e+00,9.644576072692871094e+00,2.100000000000000000e+01,0.000000000000000000e+00
9.101515769958496094e+00,7.782665252685546875e+00,9.000000000000000000e+00,0.000000000000000000e+00
9.509148597717285156e+00,7.051235675811767578e+00,9.000000000000000000e+00,0.000000000000000000e+00
6.279756069183349609e+00,1.036038780212402344e+01,2.200000000000000000e+01,0.000000000000000000e+00
6.543045520782470703e+00,1.040586280822753906e+01,2.200000000000000000e+01,0.000000000000000000e+00
6.496635913848876953e+00,9.916477203369140625e+00,9.000000000000000000e+00,0.000000000000000000e+00
9.307841300964355469e+00,7.694827079772949219e+00,2.000000000000000000e+01,0.000000000000000000e+00
6.443550586700439453e+00,1.052760887145996094e+01,9.000000000000000000e+00,0.000000000000000000e+00
7.591971874237060547e+00,9.746470451354980469e+00,9.000000000000000000e+00,0.000000000000000000e+00
9.153278350830078125e+00,7.689163684844970703e+00,2.000000000000000000e+01,0.000000000000000000e+00
8.817858695983886719e+00,7.855690002441406250e+00,9.000000000000000000e+00,0.000000000000000000e+00
6.630294799804687500e+00,9.815769195556640625e+00,9.000000000000000000e+00,0.000000000000000000e+00
-8.330978155136108398e-01,-1.310801982879638672e+00,9.000000000000000000e+00,0.000000000000000000e+00
6.700518608093261719e+00,1.041788578033447266e+01,9.000000000000000000e+00,0.000000000000000000e+00
9.382664680480957031e+00,7.631360530853271484e+00,2.000000000000000000e+01,0.000000000000000000e+00
9.437098503112792969e+00,7.384578227996826172e+00,2.000000000000000000e+01,0.000000000000000000e+00
6.590410232543945312e+00,1.042838191986083984e+01,2.200000000000000000e+01,0.000000000000000000e+00
9.324056625366210938e+00,7.622505664825439453e+00,2.000000000000000000e+01,0.000000000000000000e+00
4.846743106842041016e+00,1.013834381103515625e+01,2.200000000000000000e+01,0.000000000000000000e+00
5.904963016510009766e+00,1.037538242340087891e+01,2.200000000000000000e+01,0.000000000000000000e+00
4.707388877868652344e+00,9.982100486755371094e+00,2.200000000000000000e+01,0.000000000000000000e+00
5.111953735351562500e+00,1.056719779968261719e+01,2.200000000000000000e+01,0.000000000000000000e+00
-5.650560855865478516e+00,-1.047745048999786377e-01,9.000000000000000000e+00,0.000000000000000000e+00
4.197413921356201172e+00,1.025821018218994141e+01,2.200000000000000000e+01,0.000000000000000000e+00
5.314528942108154297e+00,1.024191093444824219e+01,2.200000000000000000e+01,0.000000000000000000e+00
5.855850219726562500e+00,1.033840465545654297e+01,2.200000000000000000e+01,0.000000000000000000e+00
5.283187866210937500e+00,1.001963806152343750e+01,2.200000000000000000e+01,0.000000000000000000e+00
5.461316108703613281e+00,1.019606113433837891e+01,2.200000000000000000e+01,0.000000000000000000e+00
4.338488101959228516e+00,1.029388046264648438e+01,2.200000000000000000e+01,0.000000000000000000e+00
4.903626441955566406e+00,1.031958007812500000e+01,2.200000000000000000e+01,0.000000000000000000e+00
4.192367076873779297e+00,1.024644184112548828e+01,2.200000000000000000e+01,0.000000000000000000e+00
5.172830581665039062e+00,9.736112594604492188e+00,2.200000000000000000e+01,0.000000000000000000e+00
5.407421588897705078e+00,1.045551109313964844e+01,2.200000000000000000e+01,0.000000000000000000e+00
4.167395591735839844e+00,1.024032211303710938e+01,2.200000000000000000e+01,0.000000000000000000e+00
-5.678518772125244141e+00,-1.401834040880203247e-01,9.000000000000000000e+00,0.000000000000000000e+00
5.193004131317138672e+00,9.744439125061035156e+00,2.200000000000000000e+01,0.000000000000000000e+00
4.809772014617919922e+00,1.056004428863525391e+01,2.200000000000000000e+01,0.000000000000000000e+00
5.310801506042480469e+00,1.023183631896972656e+01,2.200000000000000000e+01,0.000000000000000000e+00
4.858205318450927734e+00,9.743628501892089844e+00,2.200000000000000000e+01,0.000000000000000000e+00
4.169981479644775391e+00,1.025081634521484375e+01,2.200000000000000000e+01,0.000000000000000000e+00
5.721949577331542969e+00,1.033236980438232422e+01,9.000000000000000000e+00,0.000000000000000000e+00
5.028375625610351562e+00,1.058466148376464844e+01,2.200000000000000000e+01,0.000000000000000000e+00
4.915787696838378906e+00,9.741452217102050781e+00,2.200000000000000000e+01,0.000000000000000000e+00
5.238340854644775391e+00,9.530985832214355469e+00,2.200000000000000000e+01,0.000000000000000000e+00
5.390090465545654297e+00,1.017631626129150391e+01,2.200000000000000000e+01,0.000000000000000000e+00
4.585176467895507812e+00,1.024876689910888672e+01,2.200000000000000000e+01,0.000000000000000000e+00
5.584638118743896484e+00,1.052388000488281250e+01,2.200000000000000000e+01,0.000000000000000000e+00
5.037533760070800781e+00,9.554766654968261719e+00,9.000000000000000000e+00,0.000000000000000000e+00
5.705470561981201172e+00,1.053074645996093750e+01,2.200000000000000000e+01,0.000000000000000000e+00
4.888378620147705078e+00,1.060161399841308594e+01,2.200000000000000000e+01,0.000000000000000000e+00
4.683464527130126953e+00,9.996517181396484375e+00,9.000000000000000000e+00,0.000000000000000000e+00
5.254487991333007812e+00,1.050762844085693359e+01,2.200000000000000000e+01,0.000000000000000000e+00
4.620829105377197266e+00,9.974720001220703125e+00,9.000000000000000000e+00,0.000000000000000000e+00
5.730283260345458984e+00,1.049712467193603516e+01,2.200000000000000000e+01,0.000000000000000000e+00
5.787570476531982422e+00,1.045270633697509766e+01,2.200000000000000000e+01,0.000000000000000000e+00
5.129475593566894531e+00,1.040541076660156250e+01,2.200000000000000000e+01,0.000000000000000000e+00
5.315534114837646484e+00,9.563844680786132812e+00,9.000000000000000000e+00,0.000000000000000000e+00
5.296274662017822266e+00,9.583654403686523438e+00,2.200000000000000000e+01,0.000000000000000000e+00
5.395142555236816406e+00,1.016261005401611328e+01,2.200000000000000000e+01,0.000000000000000000e+00
5.040251731872558594e+00,9.577458381652832031e+00,2.200000000000000000e+01,0.000000000000000000e+00
5.255508899688720703e+00,1.038366794586181641e+01,2.200000000000000000e+01,0.000000000000000000e+00
5.241237163543701172e+00,9.533006668090820312e+00,2.200000000000000000e+01,0.000000000000000000e+00
5.104386806488037109e+00,9.636500358581542969e+00,2.200000000000000000e+01,0.000000000000000000e+00
5.843999862670898438e+00,1.045548057556152344e+01,2.200000000000000000e+01,0.000000000000000000e+00
5.420562267303466797e+00,1.015455341339111328e+01,2.200000000000000000e+01,0.000000000000000000e+00
5.296852588653564453e+00,9.620039939880371094e+00,2.200000000000000000e+01,0.000000000000000000e+00
5.083928585052490234e+00,1.058522129058837891e+01,2.200000000000000000e+01,0.000000000000000000e+00
4.155567169189453125e+00,1.025793457031250000e+01,2.200000000000000000e+01,0.000000000000000000e+00
5.961001396179199219e+00,1.040612316131591797e+01,9.000000000000000000e+00,0.000000000000000000e+00
5.873665809631347656e+00,1.033559703826904297e+01,2.200000000000000000e+01,0.000000000000000000e+00
4.944458007812500000e+00,1.058904743194580078e+01,2.200000000000000000e+01,0.000000000000000000e+00
5.734650611877441406e+00,1.023320007324218750e+01,2.200000000000000000e+01,0.000000000000000000e+00
4.500295639038085938e+00,1.034189605712890625e+01,2.200000000000000000e+01,0.000000000000000000e+00
4.532001972198486328e+00,1.040283679962158203e+01,2.200000000000000000e+01,0.000000000000000000e+00
5.310910224914550781e+00,9.546873092651367188e+00,9.000000000000000000e+00,0.000000000000000000e+00
5.746858596801757812e+00,1.043121147155761719e+01,2.200000000000000000e+01,0.000000000000000000e+00
5.032224655151367188e+00,9.579166412353515625e+00,2.200000000000000000e+01,0.000000000000000000e+00
5.095546245574951172e+00,1.052566719055175781e+01,2.200000000000000000e+01,0.000000000000000000e+00
5.446619987487792969e+00,1.007009220123291016e+01,2.200000000000000000e+01,0.000000000000000000e+00
5.248215675354003906e+00,9.527181625366210938e+00,2.200000000000000000e+01,0.000000000000000000e+00
5.352020263671875000e+00,1.046457672119140625e+01,2.200000000000000000e+01,0.000000000000000000e+00
5.026308536529541016e+00,9.721334457397460938e+00,2.200000000000000000e+01,0.000000000000000000e+00
5.086231231689453125e+00,9.709053993225097656e+00,2.200000000000000000e+01,0.000000000000000000e+00
5.263436794281005859e+00,9.551465988159179688e+00,2.200000000000000000e+01,0.000000000000000000e+00
5.062288284301757812e+00,1.033032608032226562e+01,2.200000000000000000e+01,0.000000000000000000e+00
5.300357818603515625e+00,9.831622123718261719e+00,2.200000000000000000e+01,0.000000000000000000e+00
5.894143581390380859e+00,1.034284782409667969e+01,2.200000000000000000e+01,0.000000000000000000e+00
5.203591346740722656e+00,9.604249000549316406e+00,2.200000000000000000e+01,0.000000000000000000e+00
4.826572418212890625e+00,1.029813003540039062e+01,2.200000000000000000e+01,0.000000000000000000e+00
5.220934391021728516e+00,1.046486759185791016e+01,2.200000000000000000e+01,0.000000000000000000e+00
5.033677577972412109e+00,9.593728065490722656e+00,2.200000000000000000e+01,0.000000000000000000e+00
5.183290481567382812e+00,9.784187316894531250e+00,2.200000000000000000e+01,0.000000000000000000e+00
4.789815902709960938e+00,9.881834030151367188e+00,2.200000000000000000e+01,0.000000000000000000e+00
5.091199874877929688e+00,1.044028854370117188e+01,2.200000000000000000e+01,0.000000000000000000e+00
4.771775722503662109e+00,1.052500247955322266e+01,2.200000000000000000e+01,0.000000000000000000e+00
4.236058235168457031e+00,1.025214004516601562e+01,2.200000000000000000e+01,0.000000000000000000e+00
5.422565460205078125e+00,1.026629543304443359e+01,2.200000000000000000e+01,0.000000000000000000e+00
5.309794425964355469e+00,1.047239971160888672e+01,2.200000000000000000e+01,0.000000000000000000e+00
5.834740638732910156e+00,1.044029521942138672e+01,2.200000000000000000e+01,0.000000000000000000e+00
5.360953330993652344e+00,9.688629150390625000e+00,9.000000000000000000e+00,0.000000000000000000e+00
4.183805465698242188e+00,1.026380920410156250e+01,2.200000000000000000e+01,0.000000000000000000e+00
5.781287670135498047e+00,1.041742038726806641e+01,2.200000000000000000e+01,0.000000000000000000e+00
4.888394832611083984e+00,1.007656764984130859e+01,2.200000000000000000e+01,0.000000000000000000e+00
5.567391872406005859e+00,1.031344890594482422e+01,2.200000000000000000e+01,0.000000000000000000e+00
5.629759311676025391e+00,1.013167762756347656e+01,2.200000000000000000e+01,0.000000000000000000e+00
5.638039112091064453e+00,1.029985713958740234e+01,9.000000000000000000e+00,0.000000000000000000e+00
4.486618995666503906e+00,1.018285942077636719e+01,2.200000000000000000e+01,0.000000000000000000e+00
4.153484344482421875e+00,1.024968242645263672e+01,2.200000000000000000e+01,0.000000000000000000e+00
5.935102939605712891e+00,1.040510654449462891e+01,2.200000000000000000e+01,0.000000000000000000e+00
4.403545856475830078e+00,1.020031356811523438e+01,2.200000000000000000e+01,0.000000000000000000e+00
5.184098243713378906e+00,9.598898887634277344e+00,2.200000000000000000e+01,0.000000000000000000e+00
5.571714878082275391e+00,1.054246902465820312e+01,2.200000000000000000e+01,0.000000000000000000e+00
5.033774852752685547e+00,1.061966323852539062e+01,2.200000000000000000e+01,0.000000000000000000e+00
5.784218788146972656e+00,1.045735168457031250e+01,2.200000000000000000e+01,0.000000000000000000e+00
5.173016548156738281e+00,1.053347301483154297e+01,2.200000000000000000e+01,0.000000000000000000e+00
4.168333053588867188e+00,1.025841331481933594e+01,2.200000000000000000e+01,0.000000000000000000e+00
5.012626171112060547e+00,1.058562278747558594e+01,2.200000000000000000e+01,0.000000000000000000e+00
5.394299030303955078e+00,1.051485157012939453e+01,2.200000000000000000e+01,0.000000000000000000e+00
5.869229793548583984e+00,1.042813777923583984e+01,2.200000000000000000e+01,0.000000000000000000e+00
4.188923835754394531e+00,1.026449394226074219e+01,2.200000000000000000e+01,0.000000000000000000e+00
4.180168151855468750e+00,1.027064132690429688e+01,2.200000000000000000e+01,0.000000000000000000e+00
4.725488662719726562e+00,1.014588832855224609e+01,2.200000000000000000e+01,0.000000000000000000e+00
4.145849704742431641e+00,1.024558925628662109e+01,2.200000000000000000e+01,0.000000000000000000e+00
4.897591114044189453e+00,1.051952266693115234e+01,2.200000000000000000e+01,0.000000000000000000e+00
5.271819591522216797e+00,9.754770278930664062e+00,2.200000000000000000e+01,0.000000000000000000e+00
4.719231605529785156e+00,1.053593826293945312e+01,2.200000000000000000e+01,0.000000000000000000e+00
5.208751201629638672e+00,9.799490928649902344e+00,2.200000000000000000e+01,0.000000000000000000e+00
4.916005134582519531e+00,1.026654815673828125e+01,2.200000000000000000e+01,0.000000000000000000e+00
4.570644378662109375e+00,1.023294925689697266e+01,2.200000000000000000e+01,0.000000000000000000e+00
5.934454917907714844e+00,1.042339229583740234e+01,2.200000000000000000e+01,0.000000000000000000e+00
5.346454620361328125e+00,1.030850410461425781e+01,2.200000000000000000e+01,0.000000000000000000e+00
4.794876575469970703e+00,1.055721759796142578e+01,2.200000000000000000e+01,0.000000000000000000e+00
5.315378665924072266e+00,1.023977756500244141e+01,2.200000000000000000e+01,0.000000000000000000e+00
5.873001575469970703e+00,1.033487415313720703e+01,2.200000000000000000e+01,0.000000000000000000e+00
5.035956859588623047e+00,1.060729312896728516e+01,2.200000000000000000e+01,0.000000000000000000e+00
4.194882392883300781e+00,1.025357341766357422e+01,2.200000000000000000e+01,0.000000000000000000e+00
5.258195877075195312e+00,1.027096843719482422e+01,2.200000000000000000e+01,0.000000000000000000e+00
4.451574802398681641e+00,1.039623832702636719e+01,2.200000000000000000e+01,0.000000000000000000e+00
5.089365482330322266e+00,9.497300148010253906e+00,9.000000000000000000e+00,0.000000000000000000e+00
5.016303539276123047e+00,1.058717536926269531e+01,2.200000000000000000e+01,0.000000000000000000e+00
4.755290985107421875e+00,1.055521011352539062e+01,2.200000000000000000e+01,0.000000000000000000e+00
5.095772743225097656e+00,9.727816581726074219e+00,2.200000000000000000e+01,0.000000000000000000e+00
5.185942173004150391e+00,9.733211517333984375e+00,2.200000000000000000e+01,0.000000000000000000e+00
4.879233837127685547e+00,9.973182678222656250e+00,2.200000000000000000e+01,0.000000000000000000e+00
5.084869384765625000e+00,9.515882492065429688e+00,9.000000000000000000e+00,0.000000000000000000e+00
5.064269065856933594e+00,9.674194335937500000e+00,2.200000000000000000e+01,0.000000000000000000e+00
4.648305416107177734e+00,1.026658821105957031e+01,2.200000000000000000e+01,0.000000000000000000e+00
5.276925563812255859e+00,9.534388542175292969e+00,2.200000000000000000e+01,0.000000000000000000e+00
5.069389343261718750e+00,1.021049690246582031e+01,2.200000000000000000e+01,0.000000000000000000e+00
4.846785545349121094e+00,1.045722293853759766e+01,2.200000000000000000e+01,0.000000000000000000e+00
4.238607883453369141e+00,1.031185626983642578e+01,2.200000000000000000e+01,0.000000000000000000e+00
5.916333198547363281e+00,1.039443492889404297e+01,2.200000000000000000e+01,0.000000000000000000e+00
4.659263610839843750e+00,1.046774291992187500e+01,2.200000000000000000e+01,0.000000000000000000e+00
5.004394054412841797e+00,1.054437637329101562e+01,2.200000000000000000e+01,0.000000000000000000e+00
4.155585289001464844e+00,1.025490379333496094e+01,2.200000000000000000e+01,0.000000000000000000e+00
5.783150196075439453e+00,1.035496425628662109e+01,9.000000000000000000e+00,0.000000000000000000e+00
4.676126003265380859e+00,1.016063213348388672e+01,2.200000000000000000e+01,0.000000000000000000e+00
4.625680446624755859e+00,1.048945713043212891e+01,2.200000000000000000e+01,0.000000000000000000e+00
5.686773300170898438e+00,1.049588489532470703e+01,2.200000000000000000e+01,0.000000000000000000e+00
4.167279720306396484e+00,1.025821304321289062e+01,2.200000000000000000e+01,0.000000000000000000e+00
4.811705589294433594e+00,1.054368114471435547e+01,2.200000000000000000e+01,0.000000000000000000e+00
5.165505409240722656e+00,9.604519844055175781e+00,2.200000000000000000e+01,0.000000000000000000e+00
6.373473167419433594e+00,1.051022243499755859e+01,9.000000000000000000e+00,0.000000000000000000e+00
4.521988868713378906e+00,1.039376831054687500e+01,2.200000000000000000e+01,0.000000000000000000e+00
4.529004573822021484e+00,1.034456443786621094e+01,2.200000000000000000e+01,0.000000000000000000e+00
4.808943271636962891e+00,1.057688426971435547e+01,2.200000000000000000e+01,0.000000000000000000e+00
5.156344890594482422e+00,1.056116771697998047e+01,2.200000000000000000e+01,0.000000000000000000e+00
5.672160148620605469e+00,1.051369762420654297e+01,2.200000000000000000e+01,0.000000000000000000e+00
5.754460811614990234e+00,1.036807823181152344e+01,2.200000000000000000e+01,0.000000000000000000e+00
5.172776222229003906e+00,9.653857231140136719e+00,2.200000000000000000e+01,0.000000000000000000e+00
5.422622203826904297e+00,1.042698574066162109e+01,2.200000000000000000e+01,0.000000000000000000e+00
4.501873016357421875e+00,1.037406158447265625e+01,2.200000000000000000e+01,0.000000000000000000e+00
5.462462425231933594e+00,1.026900005340576172e+01,2.200000000000000000e+01,0.000000000000000000e+00
5.380157947540283203e+00,1.034217548370361328e+01,2.200000000000000000e+01,0.000000000000000000e+00
5.679774284362792969e+00,1.040785980224609375e+01,2.200000000000000000e+01,0.000000000000000000e+00
5.249215126037597656e+00,1.047858810424804688e+01,2.200000000000000000e+01,0.000000000000000000e+00
5.122977733612060547e+00,1.056406021118164062e+01,2.200000000000000000e+01,0.000000000000000000e+00
5.726227283477783203e+00,1.042043399810791016e+01,2.200000000000000000e+01,0.000000000000000000e+00
5.903449058532714844e+00,1.041566944122314453e+01,2.200000000000000000e+01,0.000000000000000000e+00
5.137964725494384766e+00,1.020544528961181641e+01,2.200000000000000000e+01,0.000000000000000000e+00
4.776904106140136719e+00,1.019803524017333984e+01,2.200000000000000000e+01,0.000000000000000000e+00
5.184120655059814453e+00,1.059617614746093750e+01,2.200000000000000000e+01,0.000000000000000000e+00
5.400007724761962891e+00,1.020275974273681641e+01,2.200000000000000000e+01,0.000000000000000000e+00
6.503732681274414062e+00,1.053189182281494141e+01,9.000000000000000000e+00,0.000000000000000000e+00
4.864834308624267578e+00,1.060375213623046875e+01,2.200000000000000000e+01,0.000000000000000000e+00
5.917135715484619141e+00,1.035870647430419922e+01,2.200000000000000000e+01,0.000000000000000000e+00
5.244473457336425781e+00,9.647130966186523438e+00,2.200000000000000000e+01,0.000000000000000000e+00
5.050353527069091797e+00,1.061010074615478516e+01,2.200000000000000000e+01,0.000000000000000000e+00
5.274105548858642578e+00,9.763260841369628906e+00,2.200000000000000000e+01,0.000000000000000000e+00
5.208801269531250000e+00,1.028908538818359375e+01,2.200000000000000000e+01,0.000000000000000000e+00
4.139734268188476562e+00,1.022722911834716797e+01,9.000000000000000000e+00,0.000000000000000000e+00
5.214551925659179688e+00,1.053178310394287109e+01,2.200000000000000000e+01,0.000000000000000000e+00
5.361881732940673828e+00,9.707547187805175781e+00,9.000000000000000000e+00,0.000000000000000000e+00
5.831558704376220703e+00,1.028158950805664062e+01,2.200000000000000000e+01,0.000000000000000000e+00
4.707731723785400391e+00,1.001886844635009766e+01,2.200000000000000000e+01,0.000000000000000000e+00
4.917801856994628906e+00,1.035430240631103516e+01,2.200000000000000000e+01,0.000000000000000000e+00
4.707675933837890625e+00,1.053070259094238281e+01,2.200000000000000000e+01,0.000000000000000000e+00
4.923733711242675781e+00,1.038987731933593750e+01,2.200000000000000000e+01,0.000000000000000000e+00
5.087598800659179688e+00,1.022640228271484375e+01,2.200000000000000000e+01,0.000000000000000000e+00
4.138707637786865234e+00,1.024145126342773438e+01,2.200000000000000000e+01,0.000000000000000000e+00
5.240024089813232422e+00,1.051704692840576172e+01,2.200000000000000000e+01,0.000000000000000000e+00
5.050583839416503906e+00,1.057568836212158203e+01,2.200000000000000000e+01,0.000000000000000000e+00
4.182356834411621094e+00,1.024763011932373047e+01,2.200000000000000000e+01,0.000000000000000000e+00
5.739645481109619141e+00,1.045377063751220703e+01,2.200000000000000000e+01,0.000000000000000000e+00
5.499330520629882812e+00,1.016470527648925781e+01,2.200000000000000000e+01,0.000000000000000000e+00
4.760383605957031250e+00,1.054884052276611328e+01,2.200000000000000000e+01,0.000000000000000000e+00
-5.869884490966796875e+00,-5.948633551597595215e-01,9.000000000000000000e+00,0.000000000000000000e+00
5.267803668975830078e+00,9.512306213378906250e+00,9.000000000000000000e+00,0.000000000000000000e+00
5.595561504364013672e+00,1.053195095062255859e+01,2.200000000000000000e+01,0.000000000000000000e+00
5.509649753570556641e+00,1.002367305755615234e+01,2.200000000000000000e+01,0.000000000000000000e+00
4.512413024902343750e+00,1.034290599822998047e+01,2.200000000000000000e+01,0.000000000000000000e+00
4.696939945220947266e+00,1.006261444091796875e+01,2.200000000000000000e+01,0.000000000000000000e+00
5.255075931549072266e+00,9.567769050598144531e+00,2.200000000000000000e+01,0.000000000000000000e+00
4.681854248046875000e+00,9.971646308898925781e+00,9.000000000000000000e+00,0.000000000000000000e+00
4.199678897857666016e+00,1.022863006591796875e+01,2.200000000000000000e+01,0.000000000000000000e+00
5.057826995849609375e+00,1.051155376434326172e+01,2.200000000000000000e+01,0.000000000000000000e+00
5.385078907012939453e+00,9.752018928527832031e+00,2.200000000000000000e+01,0.000000000000000000e+00
4.459646701812744141e+00,1.030938148498535156e+01,2.200000000000000000e+01,0.000000000000000000e+00
5.760878562927246094e+00,1.041006851196289062e+01,2.200000000000000000e+01,0.000000000000000000e+00
-5.645797252655029297e+00,-1.084186285734176636e-01,9.000000000000000000e+00,0.000000000000000000e+00
4.210537910461425781e+00,1.025967311859130859e+01,2.200000000000000000e+01,0.000000000000000000e+00
4.665487766265869141e+00,1.030467796325683594e+01,2.200000000000000000e+01,0.000000000000000000e+00
4.860092639923095703e+00,1.058740425109863281e+01,2.200000000000000000e+01,0.000000000000000000e+00
4.961523056030273438e+00,1.058517265319824219e+01,2.200000000000000000e+01,0.000000000000000000e+00
4.606368541717529297e+00,1.046977710723876953e+01,2.200000000000000000e+01,0.000000000000000000e+00
4.685787200927734375e+00,1.051848697662353516e+01,2.200000000000000000e+01,0.000000000000000000e+00
5.511589527130126953e+00,1.059749698638916016e+01,2.200000000000000000e+01,0.000000000000000000e+00
5.088873863220214844e+00,9.750008583068847656e+00,2.200000000000000000e+01,0.000000000000000000e+00
1.725574111938476562e+01,-7.468351364135742188e+00,1.000000000000000000e+01,0.000000000000000000e+00
1.750756835937500000e+01,-7.507272720336914062e+00,1.000000000000000000e+01,0.000000000000000000e+00
1.729072570800781250e+01,-7.039274215698242188e+00,1.000000000000000000e+01,0.000000000000000000e+00
1.724917984008789062e+01,-7.426450252532958984e+00,1.000000000000000000e+01,0.000000000000000000e+00
1.738006973266601562e+01,-7.534172534942626953e+00,1.000000000000000000e+01,0.000000000000000000e+00
1.719155311584472656e+01,-7.266508102416992188e+00,1.000000000000000000e+01,0.000000000000000000e+00
1.716895484924316406e+01,-7.221439838409423828e+00,1.000000000000000000e+01,0.000000000000000000e+00
1.715597534179687500e+01,-8.627281188964843750e+00,9.000000000000000000e+00,0.000000000000000000e+00
1.747273635864257812e+01,-7.624929428100585938e+00,1.000000000000000000e+01,0.000000000000000000e+00
1.721061897277832031e+01,-6.354627132415771484e+00,1.000000000000000000e+01,0.000000000000000000e+00
1.722388076782226562e+01,-6.343215465545654297e+00,1.000000000000000000e+01,0.000000000000000000e+00
1.725383949279785156e+01,-7.161432743072509766e+00,1.000000000000000000e+01,0.000000000000000000e+00
1.722856140136718750e+01,-6.836221694946289062e+00,1.000000000000000000e+01,0.000000000000000000e+00
1.724265289306640625e+01,-6.336497783660888672e+00,1.000000000000000000e+01,0.000000000000000000e+00
1.713703346252441406e+01,-8.627966880798339844e+00,9.000000000000000000e+00,0.000000000000000000e+00
1.733486747741699219e+01,-7.026541709899902344e+00,1.000000000000000000e+01,0.000000000000000000e+00
1.740364646911621094e+01,-6.586127281188964844e+00,1.000000000000000000e+01,0.000000000000000000e+00
1.729031753540039062e+01,-6.480145454406738281e+00,1.000000000000000000e+01,0.000000000000000000e+00
1.735062599182128906e+01,-7.451313018798828125e+00,1.000000000000000000e+01,0.000000000000000000e+00
1.718549919128417969e+01,-7.134438037872314453e+00,1.000000000000000000e+01,0.000000000000000000e+00
1.733348846435546875e+01,-6.545186996459960938e+00,1.000000000000000000e+01,0.000000000000000000e+00
1.729428291320800781e+01,-7.531998634338378906e+00,1.000000000000000000e+01,0.000000000000000000e+00
1.753054046630859375e+01,-7.558743000030517578e+00,1.000000000000000000e+01,0.000000000000000000e+00
1.709034538269042969e+01,-8.722843170166015625e+00,1.100000000000000000e+01,0.000000000000000000e+00
1.724819183349609375e+01,-7.705221176147460938e+00,1.000000000000000000e+01,0.000000000000000000e+00
1.731170654296875000e+01,-6.617232322692871094e+00,1.000000000000000000e+01,0.000000000000000000e+00
1.747034454345703125e+01,-7.523517131805419922e+00,1.000000000000000000e+01,0.000000000000000000e+00
1.732785224914550781e+01,-6.546693325042724609e+00,1.000000000000000000e+01,0.000000000000000000e+00
1.724447631835937500e+01,-6.387960433959960938e+00,1.000000000000000000e+01,0.000000000000000000e+00
1.752096939086914062e+01,-7.100573062896728516e+00,1.000000000000000000e+01,0.000000000000000000e+00
1.734022521972656250e+01,-6.526538372039794922e+00,1.000000000000000000e+01,0.000000000000000000e+00
1.733561134338378906e+01,-6.897722721099853516e+00,1.000000000000000000e+01,0.000000000000000000e+00
1.734489250183105469e+01,-6.974245548248291016e+00,1.000000000000000000e+01,0.000000000000000000e+00
1.749635887145996094e+01,-6.967607975006103516e+00,1.000000000000000000e+01,0.000000000000000000e+00
1.734577178955078125e+01,-6.555890083312988281e+00,1.000000000000000000e+01,0.000000000000000000e+00
1.708859062194824219e+01,-6.736565113067626953e+00,1.000000000000000000e+01,0.000000000000000000e+00
1.725775718688964844e+01,-6.618514537811279297e+00,1.000000000000000000e+01,0.000000000000000000e+00
1.744419479370117188e+01,-7.483887195587158203e+00,1.000000000000000000e+01,0.000000000000000000e+00
1.710137939453125000e+01,-6.689251422882080078e+00,1.000000000000000000e+01,0.000000000000000000e+00
1.715717887878417969e+01,-6.809931755065917969e+00,1.000000000000000000e+01,0.000000000000000000e+00
1.722216224670410156e+01,-6.684152126312255859e+00,1.000000000000000000e+01,0.000000000000000000e+00
1.724366378784179688e+01,-7.312228202819824219e+00,1.000000000000000000e+01,0.000000000000000000e+00
1.707952308654785156e+01,-8.766483306884765625e+00,1.100000000000000000e+01,0.000000000000000000e+00
1.733245277404785156e+01,-6.529449462890625000e+00,1.000000000000000000e+01,0.000000000000000000e+00
1.735749435424804688e+01,-7.487760066986083984e+00,1.000000000000000000e+01,0.000000000000000000e+00
1.722887802124023438e+01,-6.329627037048339844e+00,1.000000000000000000e+01,0.000000000000000000e+00
1.711468696594238281e+01,-6.811028957366943359e+00,1.000000000000000000e+01,0.000000000000000000e+00
1.731173515319824219e+01,-6.468646526336669922e+00,9.000000000000000000e+00,0.000000000000000000e+00
1.728195571899414062e+01,-7.204844474792480469e+00,1.000000000000000000e+01,0.000000000000000000e+00
1.732403755187988281e+01,-7.462266445159912109e+00,1.000000000000000000e+01,0.000000000000000000e+00
1.708889961242675781e+01,-8.768697738647460938e+00,1.100000000000000000e+01,0.000000000000000000e+00
1.723475265502929688e+01,-7.405874252319335938e+00,1.000000000000000000e+01,0.000000000000000000e+00
1.752305603027343750e+01,-6.958123683929443359e+00,1.000000000000000000e+01,0.000000000000000000e+00
1.707868194580078125e+01,-8.750940322875976562e+00,1.100000000000000000e+01,0.000000000000000000e+00
1.761372566223144531e+01,-7.326474666595458984e+00,1.000000000000000000e+01,0.000000000000000000e+00
1.738077735900878906e+01,-7.504083633422851562e+00,1.000000000000000000e+01,0.000000000000000000e+00
1.732295227050781250e+01,-7.018230438232421875e+00,1.000000000000000000e+01,0.000000000000000000e+00
-5.317367911338806152e-01,2.303650379180908203e+00,9.000000000000000000e+00,0.000000000000000000e+00
1.747996139526367188e+01,-7.396409511566162109e+00,1.000000000000000000e+01,0.000000000000000000e+00
1.733352851867675781e+01,-7.544408321380615234e+00,1.000000000000000000e+01,0.000000000000000000e+00
1.718426704406738281e+01,-7.260934829711914062e+00,1.000000000000000000e+01,0.000000000000000000e+00
1.721934127807617188e+01,-7.261326313018798828e+00,1.000000000000000000e+01,0.000000000000000000e+00
1.709097671508789062e+01,-8.716314315795898438e+00,1.100000000000000000e+01,0.000000000000000000e+00
-5.456802248954772949e-01,2.331335544586181641e+00,9.000000000000000000e+00,0.000000000000000000e+00
1.714538383483886719e+01,-8.607633590698242188e+00,9.000000000000000000e+00,0.000000000000000000e+00
1.736497306823730469e+01,-6.665233612060546875e+00,1.000000000000000000e+01,0.000000000000000000e+00
1.759984970092773438e+01,-7.278631210327148438e+00,1.000000000000000000e+01,0.000000000000000000e+00
1.735904121398925781e+01,-7.307171344757080078e+00,1.000000000000000000e+01,0.000000000000000000e+00
1.715271377563476562e+01,-8.566475868225097656e+00,9.000000000000000000e+00,0.000000000000000000e+00
1.723031616210937500e+01,-7.700911045074462891e+00,9.000000000000000000e+00,0.000000000000000000e+00
1.749239921569824219e+01,-7.333158493041992188e+00,1.000000000000000000e+01,0.000000000000000000e+00
1.729416465759277344e+01,-6.909977912902832031e+00,1.000000000000000000e+01,0.000000000000000000e+00
1.713507652282714844e+01,-8.640067100524902344e+00,1.100000000000000000e+01,0.000000000000000000e+00
1.735586547851562500e+01,-6.995499134063720703e+00,1.000000000000000000e+01,0.000000000000000000e+00
1.732048225402832031e+01,-6.509478569030761719e+00,1.000000000000000000e+01,0.000000000000000000e+00
1.740640640258789062e+01,-7.433896541595458984e+00,1.000000000000000000e+01,0.000000000000000000e+00
1.734080886840820312e+01,-6.507289886474609375e+00,9.000000000000000000e+00,0.000000000000000000e+00
1.714075851440429688e+01,-8.593705177307128906e+00,9.000000000000000000e+00,0.000000000000000000e+00
1.729448318481445312e+01,-7.224863529205322266e+00,1.000000000000000000e+01,0.000000000000000000e+00
1.759123611450195312e+01,-7.285715103149414062e+00,1.000000000000000000e+01,0.000000000000000000e+00
1.740048980712890625e+01,-6.581676483154296875e+00,1.000000000000000000e+01,0.000000000000000000e+00
1.723375511169433594e+01,-6.371371746063232422e+00,1.000000000000000000e+01,0.000000000000000000e+00
1.723617935180664062e+01,-6.344707012176513672e+00,1.000000000000000000e+01,0.000000000000000000e+00
1.751835250854492188e+01,-7.583811283111572266e+00,1.000000000000000000e+01,0.000000000000000000e+00
1.730090713500976562e+01,-7.003405094146728516e+00,1.000000000000000000e+01,0.000000000000000000e+00
1.727966308593750000e+01,-6.397395610809326172e+00,1.000000000000000000e+01,0.000000000000000000e+00
1.729130554199218750e+01,-6.422689437866210938e+00,1.000000000000000000e+01,0.000000000000000000e+00
1.743242263793945312e+01,-7.420825481414794922e+00,1.000000000000000000e+01,0.000000000000000000e+00
1.710581016540527344e+01,-6.700270652770996094e+00,1.000000000000000000e+01,0.000000000000000000e+00
1.738474464416503906e+01,-6.639677524566650391e+00,1.000000000000000000e+01,0.000000000000000000e+00
1.713356208801269531e+01,-8.643374443054199219e+00,9.000000000000000000e+00,0.000000000000000000e+00
1.749224853515625000e+01,-7.452343940734863281e+00,1.000000000000000000e+01,0.000000000000000000e+00
2.225891494750976562e+01,-4.589107990264892578e+00,9.000000000000000000e+00,0.000000000000000000e+00
1.709980392456054688e+01,-6.775081157684326172e+00,1.000000000000000000e+01,0.000000000000000000e+00
1.714598274230957031e+01,-6.610089778900146484e+00,1.000000000000000000e+01,0.000000000000000000e+00
1.746847534179687500e+01,-6.883614063262939453e+00,1.000000000000000000e+01,0.000000000000000000e+00
1.713318634033203125e+01,-6.648475646972656250e+00,1.000000000000000000e+01,0.000000000000000000e+00
1.711783981323242188e+01,-8.653368949890136719e+00,1.100000000000000000e+01,0.000000000000000000e+00
1.730648612976074219e+01,-6.507769107818603516e+00,1.000000000000000000e+01,0.000000000000000000e+00
1.735282325744628906e+01,-6.495872974395751953e+00,1.000000000000000000e+01,0.000000000000000000e+00
1.724750137329101562e+01,-6.577213764190673828e+00,1.000000000000000000e+01,0.000000000000000000e+00
1.748552322387695312e+01,-6.980654716491699219e+00,1.000000000000000000e+01,0.000000000000000000e+00
1.731796264648437500e+01,-7.070582389831542969e+00,1.000000000000000000e+01,0.000000000000000000e+00
1.712335205078125000e+01,-6.749513149261474609e+00,1.000000000000000000e+01,0.000000000000000000e+00
-5.679076910018920898e-01,2.349005937576293945e+00,9.000000000000000000e+00,0.000000000000000000e+00
-5.698327422142028809e-01,2.351091384887695312e+00,9.000000000000000000e+00,0.000000000000000000e+00
1.754243850708007812e+01,-7.180247783660888672e+00,1.000000000000000000e+01,0.000000000000000000e+00
1.742280197143554688e+01,-6.659212589263916016e+00,1.000000000000000000e+01,0.000000000000000000e+00
1.761066246032714844e+01,-7.463415622711181641e+00,1.000000000000000000e+01,0.000000000000000000e+00
1.746360969543457031e+01,-7.613609313964843750e+00,1.000000000000000000e+01,0.000000000000000000e+00
1.714535140991210938e+01,-8.604881286621093750e+00,9.000000000000000000e+00,0.000000000000000000e+00
1.722642135620117188e+01,-6.371879100799560547e+00,1.000000000000000000e+01,0.000000000000000000e+00
1.733350181579589844e+01,-6.493705749511718750e+00,1.000000000000000000e+01,0.000000000000000000e+00
1.708337020874023438e+01,-8.737056732177734375e+00,1.100000000000000000e+01,0.000000000000000000e+00
1.727508544921875000e+01,-6.956294059753417969e+00,1.000000000000000000e+01,0.000000000000000000e+00
1.706810569763183594e+01,-8.756447792053222656e+00,1.100000000000000000e+01,0.000000000000000000e+00
1.723970222473144531e+01,-7.396142959594726562e+00,1.000000000000000000e+01,0.000000000000000000e+00
1.755002784729003906e+01,-7.170102596282958984e+00,1.000000000000000000e+01,0.000000000000000000e+00
1.715041923522949219e+01,-8.546474456787109375e+00,1.000000000000000000e+01,0.000000000000000000e+00
1.708333015441894531e+01,-8.739946365356445312e+00,1.100000000000000000e+01,0.000000000000000000e+00
1.739111900329589844e+01,-7.500994205474853516e+00,1.000000000000000000e+01,0.000000000000000000e+00
1.723104667663574219e+01,-7.241581439971923828e+00,1.000000000000000000e+01,0.000000000000000000e+00
1.723382949829101562e+01,-7.337861537933349609e+00,1.000000000000000000e+01,0.000000000000000000e+00
1.725772094726562500e+01,-6.969995975494384766e+00,1.000000000000000000e+01,0.000000000000000000e+00
1.721237754821777344e+01,-6.419610023498535156e+00,1.000000000000000000e+01,0.000000000000000000e+00
1.710021018981933594e+01,-8.686772346496582031e+00,1.100000000000000000e+01,0.000000000000000000e+00
1.738004302978515625e+01,-6.632616996765136719e+00,1.000000000000000000e+01,0.000000000000000000e+00
1.743033409118652344e+01,-7.126858234405517578e+00,1.000000000000000000e+01,0.000000000000000000e+00
1.714237594604492188e+01,-6.582159996032714844e+00,1.000000000000000000e+01,0.000000000000000000e+00
1.713194274902343750e+01,-6.720225811004638672e+00,1.000000000000000000e+01,0.000000000000000000e+00
1.725352668762207031e+01,-6.301547527313232422e+00,1.000000000000000000e+01,0.000000000000000000e+00
1.732230949401855469e+01,-6.924556255340576172e+00,1.000000000000000000e+01,0.000000000000000000e+00
1.708875274658203125e+01,-8.773653030395507812e+00,1.100000000000000000e+01,0.000000000000000000e+00
1.721661567687988281e+01,-6.308141708374023438e+00,1.000000000000000000e+01,0.000000000000000000e+00
1.708080482482910156e+01,-8.746121406555175781e+00,1.100000000000000000e+01,0.000000000000000000e+00
1.744758605957031250e+01,-7.620705127716064453e+00,1.000000000000000000e+01,0.000000000000000000e+00
1.728759002685546875e+01,-7.477383136749267578e+00,1.000000000000000000e+01,0.000000000000000000e+00
1.761288452148437500e+01,-7.408437252044677734e+00,1.000000000000000000e+01,0.000000000000000000e+00
1.752302169799804688e+01,-7.023752212524414062e+00,1.000000000000000000e+01,0.000000000000000000e+00
1.729537963867187500e+01,-6.375913143157958984e+00,1.000000000000000000e+01,0.000000000000000000e+00
1.748250007629394531e+01,-7.201042652130126953e+00,1.000000000000000000e+01,0.000000000000000000e+00
1.742266654968261719e+01,-6.691127300262451172e+00,1.000000000000000000e+01,0.000000000000000000e+00
1.721805000305175781e+01,-6.308487415313720703e+00,1.000000000000000000e+01,0.000000000000000000e+00
1.706433296203613281e+01,-8.775074005126953125e+00,1.100000000000000000e+01,0.000000000000000000e+00
1.727729606628417969e+01,-7.380894660949707031e+00,1.000000000000000000e+01,0.000000000000000000e+00
1.707702827453613281e+01,-8.782753944396972656e+00,9.000000000000000000e+00,0.000000000000000000e+00
1.709100532531738281e+01,-8.698884963989257812e+00,9.000000000000000000e+00,0.000000000000000000e+00
1.722677230834960938e+01,-7.401978015899658203e+00,1.000000000000000000e+01,0.000000000000000000e+00
1.751193618774414062e+01,-7.500686168670654297e+00,1.000000000000000000e+01,0.000000000000000000e+00
1.731655883789062500e+01,-6.923420906066894531e+00,1.000000000000000000e+01,0.000000000000000000e+00
1.708288764953613281e+01,-8.755277633666992188e+00,1.100000000000000000e+01,0.000000000000000000e+00
1.730195808410644531e+01,-7.254462718963623047e+00,1.000000000000000000e+01,0.000000000000000000e+00
1.746323204040527344e+01,-7.524662017822265625e+00,1.000000000000000000e+01,0.000000000000000000e+00
1.733159446716308594e+01,-7.421853542327880859e+00,1.000000000000000000e+01,0.000000000000000000e+00
1.748101806640625000e+01,-7.608863353729248047e+00,1.000000000000000000e+01,0.000000000000000000e+00
1.758469581604003906e+01,-7.259749412536621094e+00,1.000000000000000000e+01,0.000000000000000000e+00
1.714512634277343750e+01,-8.611935615539550781e+00,9.000000000000000000e+00,0.000000000000000000e+00
1.722580337524414062e+01,-6.355297565460205078e+00,1.000000000000000000e+01,0.000000000000000000e+00
1.735049629211425781e+01,-6.604578971862792969e+00,1.000000000000000000e+01,0.000000000000000000e+00
1.717361450195312500e+01,-7.153288841247558594e+00,1.000000000000000000e+01,0.000000000000000000e+00
1.720615386962890625e+01,-7.434104919433593750e+00,1.000000000000000000e+01,0.000000000000000000e+00
1.753042984008789062e+01,-7.468735694885253906e+00,1.000000000000000000e+01,0.000000000000000000e+00
1.762672233581542969e+01,-7.461362838745117188e+00,1.000000000000000000e+01,0.000000000000000000e+00
1.708063316345214844e+01,-8.754466056823730469e+00,1.100000000000000000e+01,0.000000000000000000e+00
1.728339958190917969e+01,-6.856246948242187500e+00,1.000000000000000000e+01,0.000000000000000000e+00
1.728765487670898438e+01,-6.492063522338867188e+00,1.000000000000000000e+01,0.000000000000000000e+00
1.711002922058105469e+01,-6.718478679656982422e+00,1.000000000000000000e+01,0.000000000000000000e+00
1.761873817443847656e+01,-7.428565502166748047e+00,1.000000000000000000e+01,0.000000000000000000e+00
1.731587982177734375e+01,-6.997674465179443359e+00,1.000000000000000000e+01,0.000000000000000000e+00
1.731919860839843750e+01,-6.675110340118408203e+00,1.000000000000000000e+01,0.000000000000000000e+00
1.723837280273437500e+01,-6.359640121459960938e+00,1.000000000000000000e+01,0.000000000000000000e+00
1.731747627258300781e+01,-7.510568141937255859e+00,1.000000000000000000e+01,0.000000000000000000e+00
1.759761238098144531e+01,-7.268706798553466797e+00,1.000000000000000000e+01,0.000000000000000000e+00
1.726250076293945312e+01,-7.202279567718505859e+00,1.000000000000000000e+01,0.000000000000000000e+00
1.706888961791992188e+01,-6.730514049530029297e+00,1.000000000000000000e+01,0.000000000000000000e+00
1.763587379455566406e+01,-7.431204319000244141e+00,1.000000000000000000e+01,0.000000000000000000e+00
1.750324440002441406e+01,-7.499263286590576172e+00,1.000000000000000000e+01,0.000000000000000000e+00
1.730277824401855469e+01,-7.062844753265380859e+00,1.000000000000000000e+01,0.000000000000000000e+00
1.707969093322753906e+01,-8.747943878173828125e+00,1.100000000000000000e+01,0.000000000000000000e+00
1.722608184814453125e+01,-7.175241470336914062e+00,1.000000000000000000e+01,0.000000000000000000e+00
1.732131767272949219e+01,-7.006299495697021484e+00,1.000000000000000000e+01,0.000000000000000000e+00
1.710891151428222656e+01,-6.690910339355468750e+00,1.000000000000000000e+01,0.000000000000000000e+00
1.730697631835937500e+01,-7.622066497802734375e+00,1.000000000000000000e+01,0.000000000000000000e+00
1.723328781127929688e+01,-6.314243793487548828e+00,1.000000000000000000e+01,0.000000000000000000e+00
1.732027244567871094e+01,-7.442056655883789062e+00,1.000000000000000000e+01,0.000000000000000000e+00
1.752772140502929688e+01,-7.020013332366943359e+00,1.000000000000000000e+01,0.000000000000000000e+00
1.750216102600097656e+01,-7.588100910186767578e+00,1.000000000000000000e+01,0.000000000000000000e+00
1.729608917236328125e+01,-6.537867546081542969e+00,1.000000000000000000e+01,0.000000000000000000e+00
1.727018356323242188e+01,-6.764724254608154297e+00,1.000000000000000000e+01,0.000000000000000000e+00
1.739092063903808594e+01,-7.374802589416503906e+00,1.000000000000000000e+01,0.000000000000000000e+00
1.752589035034179688e+01,-7.583738327026367188e+00,1.000000000000000000e+01,0.000000000000000000e+00
1.727964782714843750e+01,-7.446097373962402344e+00,1.000000000000000000e+01,0.000000000000000000e+00
1.724051284790039062e+01,-7.076754093170166016e+00,1.000000000000000000e+01,0.000000000000000000e+00
1.746412658691406250e+01,-7.606460571289062500e+00,1.000000000000000000e+01,0.000000000000000000e+00
1.733216094970703125e+01,-6.524395942687988281e+00,1.000000000000000000e+01,0.000000000000000000e+00
1.727531051635742188e+01,-7.143167495727539062e+00,1.000000000000000000e+01,0.000000000000000000e+00
1.735434722900390625e+01,-6.572443485260009766e+00,1.000000000000000000e+01,0.000000000000000000e+00
1.726039123535156250e+01,-6.287477970123291016e+00,1.000000000000000000e+01,0.000000000000000000e+00
1.721087455749511719e+01,-7.199426174163818359e+00,1.000000000000000000e+01,0.000000000000000000e+00
1.733827590942382812e+01,-6.489226818084716797e+00,1.000000000000000000e+01,0.000000000000000000e+00
1.717324638366699219e+01,-6.342738628387451172e+00,1.000000000000000000e+01,0.000000000000000000e+00
1.708050346374511719e+01,-8.739929199218750000e+00,1.100000000000000000e+01,0.000000000000000000e+00
1.744264221191406250e+01,-7.428895473480224609e+00,1.000000000000000000e+01,0.000000000000000000e+00
1.725431823730468750e+01,-6.381230831146240234e+00,1.000000000000000000e+01,0.000000000000000000e+00
1.735311698913574219e+01,-6.549562931060791016e+00,1.000000000000000000e+01,0.000000000000000000e+00
1.733399200439453125e+01,-7.538321971893310547e+00,1.000000000000000000e+01,0.000000000000000000e+00
-5.564727783203125000e-01,2.338208675384521484e+00,9.000000000000000000e+00,0.000000000000000000e+00
1.729184913635253906e+01,-6.459489345550537109e+00,1.000000000000000000e+01,0.000000000000000000e+00
1.707774162292480469e+01,-8.735521316528320312e+00,1.100000000000000000e+01,0.000000000000000000e+00
1.729549407958984375e+01,-7.060362339019775391e+00,1.000000000000000000e+01,0.000000000000000000e+00
2.483998298645019531e+01,3.313578128814697266e+00,1.200000000000000000e+01,0.000000000000000000e+00
2.505582427978515625e+01,4.004478931427001953e+00,1.200000000000000000e+01,0.000000000000000000e+00
2.496416664123535156e+01,3.546207427978515625e+00,1.200000000000000000e+01,0.000000000000000000e+00
4.860880374908447266e+00,-1.171976852416992188e+01,1.200000000000000000e+01,0.000000000000000000e+00
2.455361175537109375e+01,3.098726511001586914e+00,1.200000000000000000e+01,0.000000000000000000e+00
5.078418731689453125e+00,-1.153959846496582031e+01,1.200000000000000000e+01,0.000000000000000000e+00
5.079241275787353516e+00,-1.154056835174560547e+01,1.200000000000000000e+01,0.000000000000000000e+00
2.465159225463867188e+01,3.080750465393066406e+00,1.200000000000000000e+01,0.000000000000000000e+00
5.109790325164794922e+00,-1.151348495483398438e+01,1.200000000000000000e+01,0.000000000000000000e+00
2.485114860534667969e+01,3.604939937591552734e+00,1.200000000000000000e+01,0.000000000000000000e+00
4.899562835693359375e+00,-1.168427753448486328e+01,1.200000000000000000e+01,0.000000000000000000e+00
2.478955268859863281e+01,3.931911706924438477e+00,1.200000000000000000e+01,0.000000000000000000e+00
2.470753860473632812e+01,3.180341720581054688e+00,1.200000000000000000e+01,0.000000000000000000e+00
4.883170604705810547e+00,-1.170410919189453125e+01,1.200000000000000000e+01,0.000000000000000000e+00
2.500289535522460938e+01,3.643036842346191406e+00,1.200000000000000000e+01,0.000000000000000000e+00
2.475454902648925781e+01,3.831289768218994141e+00,1.200000000000000000e+01,0.000000000000000000e+00
2.479153060913085938e+01,3.284165143966674805e+00,1.200000000000000000e+01,0.000000000000000000e+00
2.502737998962402344e+01,3.925544023513793945e+00,1.200000000000000000e+01,0.000000000000000000e+00
2.492554664611816406e+01,3.862154960632324219e+00,1.200000000000000000e+01,0.000000000000000000e+00
4.866203308105468750e+00,-1.172199058532714844e+01,1.200000000000000000e+01,0.000000000000000000e+00
2.477359008789062500e+01,3.207981586456298828e+00,9.000000000000000000e+00,0.000000000000000000e+00
2.462770652770996094e+01,3.060521841049194336e+00,9.000000000000000000e+00,0.000000000000000000e+00
4.832619190216064453e+00,-1.174547672271728516e+01,1.200000000000000000e+01,0.000000000000000000e+00
5.165284633636474609e+00,-1.146405410766601562e+01,1.200000000000000000e+01,0.000000000000000000e+00
2.461056137084960938e+01,3.513275146484375000e+00,1.200000000000000000e+01,0.000000000000000000e+00
2.475839424133300781e+01,3.547841787338256836e+00,1.200000000000000000e+01,0.000000000000000000e+00
4.824428558349609375e+00,-1.175356674194335938e+01,1.200000000000000000e+01,0.000000000000000000e+00
2.501305389404296875e+01,3.828994512557983398e+00,1.200000000000000000e+01,0.000000000000000000e+00
2.492996788024902344e+01,3.780100345611572266e+00,1.200000000000000000e+01,0.000000000000000000e+00
2.452346229553222656e+01,3.103596687316894531e+00,1.200000000000000000e+01,0.000000000000000000e+00
4.850535869598388672e+00,-1.172902011871337891e+01,1.200000000000000000e+01,0.000000000000000000e+00
2.473508453369140625e+01,3.167250871658325195e+00,1.200000000000000000e+01,0.000000000000000000e+00
4.823549747467041016e+00,-1.175522899627685547e+01,1.200000000000000000e+01,0.000000000000000000e+00
5.194581985473632812e+00,-1.143924522399902344e+01,1.200000000000000000e+01,0.000000000000000000e+00
2.476148796081542969e+01,3.902437210083007812e+00,1.200000000000000000e+01,0.000000000000000000e+00
2.472296905517578125e+01,3.529546260833740234e+00,1.200000000000000000e+01,0.000000000000000000e+00
2.471365928649902344e+01,3.859515190124511719e+00,1.200000000000000000e+01,0.000000000000000000e+00
2.491674804687500000e+01,3.633263349533081055e+00,1.200000000000000000e+01,0.000000000000000000e+00
2.472184562683105469e+01,3.840916395187377930e+00,1.200000000000000000e+01,0.000000000000000000e+00
2.464934730529785156e+01,3.253821611404418945e+00,1.200000000000000000e+01,0.000000000000000000e+00
2.477873229980468750e+01,3.431080818176269531e+00,1.200000000000000000e+01,0.000000000000000000e+00
2.476465988159179688e+01,3.413903951644897461e+00,1.200000000000000000e+01,0.000000000000000000e+00
5.220138072967529297e+00,-1.141736602783203125e+01,1.200000000000000000e+01,0.000000000000000000e+00
2.490335083007812500e+01,3.644621849060058594e+00,1.200000000000000000e+01,0.000000000000000000e+00
4.857735157012939453e+00,-1.172633743286132812e+01,1.200000000000000000e+01,0.000000000000000000e+00
5.132577896118164062e+00,-1.149428081512451172e+01,1.200000000000000000e+01,0.000000000000000000e+00
4.954190731048583984e+00,-1.163474750518798828e+01,1.200000000000000000e+01,0.000000000000000000e+00
2.458376884460449219e+01,2.998434543609619141e+00,1.200000000000000000e+01,0.000000000000000000e+00
5.145316123962402344e+00,-1.148374176025390625e+01,1.200000000000000000e+01,0.000000000000000000e+00
2.484241104125976562e+01,3.357733726501464844e+00,1.200000000000000000e+01,0.000000000000000000e+00
2.477157020568847656e+01,3.956625699996948242e+00,1.200000000000000000e+01,0.000000000000000000e+00
2.468839645385742188e+01,3.243167638778686523e+00,1.200000000000000000e+01,0.000000000000000000e+00
2.461649894714355469e+01,3.030198097229003906e+00,1.200000000000000000e+01,0.000000000000000000e+00
2.503463554382324219e+01,3.718577861785888672e+00,1.200000000000000000e+01,0.000000000000000000e+00
4.958399295806884766e+00,-1.163672447204589844e+01,1.200000000000000000e+01,0.000000000000000000e+00
2.473273086547851562e+01,3.881710529327392578e+00,1.200000000000000000e+01,0.000000000000000000e+00
2.477003479003906250e+01,3.589628219604492188e+00,1.200000000000000000e+01,0.000000000000000000e+00
4.993199348449707031e+00,-1.161123847961425781e+01,1.200000000000000000e+01,0.000000000000000000e+00
4.878940582275390625e+00,-1.170303344726562500e+01,1.200000000000000000e+01,0.000000000000000000e+00
4.832388401031494141e+00,-1.174625587463378906e+01,1.200000000000000000e+01,0.000000000000000000e+00
2.467462348937988281e+01,3.044363260269165039e+00,1.200000000000000000e+01,0.000000000000000000e+00
2.502432060241699219e+01,3.981126785278320312e+00,1.200000000000000000e+01,0.000000000000000000e+00
2.476496696472167969e+01,3.972239017486572266e+00,1.200000000000000000e+01,0.000000000000000000e+00
4.830112934112548828e+00,-1.174782085418701172e+01,1.200000000000000000e+01,0.000000000000000000e+00
4.888547420501708984e+00,-1.169689559936523438e+01,1.200000000000000000e+01,0.000000000000000000e+00
5.134209632873535156e+00,-1.149440956115722656e+01,1.200000000000000000e+01,0.000000000000000000e+00
2.478620338439941406e+01,3.218401432037353516e+00,1.200000000000000000e+01,0.000000000000000000e+00
5.208086490631103516e+00,-1.142781829833984375e+01,1.200000000000000000e+01,0.000000000000000000e+00
2.464990806579589844e+01,3.565621137619018555e+00,1.200000000000000000e+01,0.000000000000000000e+00
2.483955192565917969e+01,3.594262123107910156e+00,1.200000000000000000e+01,0.000000000000000000e+00
2.469397544860839844e+01,3.732619762420654297e+00,1.200000000000000000e+01,0.000000000000000000e+00
2.483233642578125000e+01,3.941422224044799805e+00,1.200000000000000000e+01,0.000000000000000000e+00
2.458125877380371094e+01,3.129957914352416992e+00,1.200000000000000000e+01,0.000000000000000000e+00
2.466922950744628906e+01,3.644979953765869141e+00,1.200000000000000000e+01,0.000000000000000000e+00
4.892879009246826172e+00,-1.169663619995117188e+01,1.200000000000000000e+01,0.000000000000000000e+00
2.504472732543945312e+01,3.950168848037719727e+00,1.200000000000000000e+01,0.000000000000000000e+00
2.479168891906738281e+01,3.607625722885131836e+00,1.200000000000000000e+01,0.000000000000000000e+00
2.455053329467773438e+01,3.256201267242431641e+00,1.200000000000000000e+01,0.000000000000000000e+00
2.450034332275390625e+01,3.024184226989746094e+00,1.200000000000000000e+01,0.000000000000000000e+00
2.479078865051269531e+01,3.259277582168579102e+00,1.200000000000000000e+01,0.000000000000000000e+00
2.461348915100097656e+01,3.023051023483276367e+00,1.200000000000000000e+01,0.000000000000000000e+00
2.484490966796875000e+01,3.988226413726806641e+00,1.200000000000000000e+01,0.000000000000000000e+00
2.482389831542968750e+01,3.494217395782470703e+00,1.200000000000000000e+01,0.000000000000000000e+00
4.862428665161132812e+00,-1.171711921691894531e+01,1.200000000000000000e+01,0.000000000000000000e+00
2.453186035156250000e+01,3.177170515060424805e+00,1.200000000000000000e+01,0.000000000000000000e+00
5.093782901763916016e+00,-1.152941989898681641e+01,1.200000000000000000e+01,0.000000000000000000e+00
2.478979301452636719e+01,3.934847354888916016e+00,1.200000000000000000e+01,0.000000000000000000e+00
2.454021644592285156e+01,2.978799343109130859e+00,1.200000000000000000e+01,0.000000000000000000e+00
2.468704605102539062e+01,3.702013969421386719e+00,1.200000000000000000e+01,0.000000000000000000e+00
5.119820594787597656e+00,-1.150618648529052734e+01,1.200000000000000000e+01,0.000000000000000000e+00
2.486288452148437500e+01,3.383550643920898438e+00,1.200000000000000000e+01,0.000000000000000000e+00
2.451197433471679688e+01,3.098165512084960938e+00,1.200000000000000000e+01,0.000000000000000000e+00
2.492183303833007812e+01,3.766724586486816406e+00,1.200000000000000000e+01,0.000000000000000000e+00
5.171286582946777344e+00,-1.146142387390136719e+01,1.200000000000000000e+01,0.000000000000000000e+00
2.469589805603027344e+01,3.191198110580444336e+00,1.200000000000000000e+01,0.000000000000000000e+00
2.482400703430175781e+01,3.315222501754760742e+00,1.200000000000000000e+01,0.000000000000000000e+00
2.501909637451171875e+01,3.780638694763183594e+00,1.200000000000000000e+01,0.000000000000000000e+00
2.489454078674316406e+01,3.746295213699340820e+00,1.200000000000000000e+01,0.000000000000000000e+00
2.501206207275390625e+01,3.608950614929199219e+00,1.200000000000000000e+01,0.000000000000000000e+00
4.848145961761474609e+00,-1.173445034027099609e+01,1.200000000000000000e+01,0.000000000000000000e+00
2.458610343933105469e+01,3.145996093750000000e+00,1.200000000000000000e+01,0.000000000000000000e+00
5.064957141876220703e+00,-1.155173206329345703e+01,1.200000000000000000e+01,0.000000000000000000e+00
2.509148597717285156e+01,3.901355028152465820e+00,1.200000000000000000e+01,0.000000000000000000e+00
2.474350357055664062e+01,3.924224853515625000e+00,1.200000000000000000e+01,0.000000000000000000e+00
4.880587100982666016e+00,-1.170692253112792969e+01,1.200000000000000000e+01,0.000000000000000000e+00
5.130543708801269531e+00,-1.149724006652832031e+01,1.200000000000000000e+01,0.000000000000000000e+00
2.490254783630371094e+01,3.699343204498291016e+00,1.200000000000000000e+01,0.000000000000000000e+00
2.471015167236328125e+01,3.131360769271850586e+00,1.200000000000000000e+01,0.000000000000000000e+00
5.036863803863525391e+00,-1.157505130767822266e+01,1.200000000000000000e+01,0.000000000000000000e+00
2.485977745056152344e+01,3.963150501251220703e+00,1.200000000000000000e+01,0.000000000000000000e+00
2.509028244018554688e+01,3.937563180923461914e+00,1.200000000000000000e+01,0.000000000000000000e+00
5.108721256256103516e+00,-1.151259326934814453e+01,1.200000000000000000e+01,0.000000000000000000e+00
5.128949165344238281e+00,-1.149691104888916016e+01,1.200000000000000000e+01,0.000000000000000000e+00
2.509051132202148438e+01,4.011312007904052734e+00,1.200000000000000000e+01,0.000000000000000000e+00
5.132862567901611328e+00,-1.149427318572998047e+01,1.200000000000000000e+01,0.000000000000000000e+00
2.503585815429687500e+01,3.551658153533935547e+00,1.200000000000000000e+01,0.000000000000000000e+00
2.503008079528808594e+01,3.941828250885009766e+00,1.200000000000000000e+01,0.000000000000000000e+00
2.472865867614746094e+01,3.657562494277954102e+00,1.200000000000000000e+01,0.000000000000000000e+00
2.470794868469238281e+01,3.149145603179931641e+00,1.200000000000000000e+01,0.000000000000000000e+00
2.480435371398925781e+01,3.954886198043823242e+00,1.200000000000000000e+01,0.000000000000000000e+00
2.467197418212890625e+01,3.165835380554199219e+00,1.200000000000000000e+01,0.000000000000000000e+00
2.465445518493652344e+01,3.182785987854003906e+00,1.200000000000000000e+01,0.000000000000000000e+00
2.489464378356933594e+01,3.674199819564819336e+00,1.200000000000000000e+01,0.000000000000000000e+00
2.449251937866210938e+01,3.091897010803222656e+00,1.200000000000000000e+01,0.000000000000000000e+00
2.463915824890136719e+01,3.019619226455688477e+00,1.200000000000000000e+01,0.000000000000000000e+00
5.073496341705322266e+00,-1.154000377655029297e+01,9.000000000000000000e+00,0.000000000000000000e+00
2.481492233276367188e+01,3.422358512878417969e+00,1.200000000000000000e+01,0.000000000000000000e+00
2.490475654602050781e+01,3.650810956954956055e+00,1.200000000000000000e+01,0.000000000000000000e+00
2.482344818115234375e+01,3.621407747268676758e+00,1.200000000000000000e+01,0.000000000000000000e+00
2.477752876281738281e+01,3.936319112777709961e+00,1.200000000000000000e+01,0.000000000000000000e+00
4.800121784210205078e+00,-1.177630901336669922e+01,1.200000000000000000e+01,0.000000000000000000e+00
2.488187217712402344e+01,3.434129714965820312e+00,1.200000000000000000e+01,0.000000000000000000e+00
2.464577865600585938e+01,3.027980089187622070e+00,1.200000000000000000e+01,0.000000000000000000e+00
2.471386718750000000e+01,3.232804775238037109e+00,1.200000000000000000e+01,0.000000000000000000e+00
4.843810558319091797e+00,-1.173809623718261719e+01,1.200000000000000000e+01,0.000000000000000000e+00
2.468804550170898438e+01,3.843174219131469727e+00,1.200000000000000000e+01,0.000000000000000000e+00
5.237546920776367188e+00,-1.139993095397949219e+01,1.200000000000000000e+01,0.000000000000000000e+00
4.856093406677246094e+00,-1.172786617279052734e+01,1.200000000000000000e+01,0.000000000000000000e+00
2.480698394775390625e+01,3.979555368423461914e+00,1.200000000000000000e+01,0.000000000000000000e+00
4.822505950927734375e+00,-1.175525188446044922e+01,1.200000000000000000e+01,0.000000000000000000e+00
2.452344322204589844e+01,3.105868816375732422e+00,1.200000000000000000e+01,0.000000000000000000e+00
2.503804206848144531e+01,3.972258806228637695e+00,1.200000000000000000e+01,0.000000000000000000e+00
2.499629020690917969e+01,3.701449394226074219e+00,1.200000000000000000e+01,0.000000000000000000e+00
2.489512634277343750e+01,3.640145778656005859e+00,1.200000000000000000e+01,0.000000000000000000e+00
2.457884788513183594e+01,2.989237546920776367e+00,1.200000000000000000e+01,0.000000000000000000e+00
4.882508277893066406e+00,-1.170549678802490234e+01,1.200000000000000000e+01,0.000000000000000000e+00
2.487522125244140625e+01,3.959851264953613281e+00,1.200000000000000000e+01,0.000000000000000000e+00
2.470841217041015625e+01,3.195221662521362305e+00,1.200000000000000000e+01,0.000000000000000000e+00
2.497442054748535156e+01,3.632526397705078125e+00,1.200000000000000000e+01,0.000000000000000000e+00
2.494791412353515625e+01,3.785603284835815430e+00,1.200000000000000000e+01,0.000000000000000000e+00
4.851169586181640625e+00,-1.173364639282226562e+01,1.200000000000000000e+01,0.000000000000000000e+00
4.882205963134765625e+00,-1.169957351684570312e+01,1.200000000000000000e+01,0.000000000000000000e+00
2.451001358032226562e+01,3.176352500915527344e+00,1.200000000000000000e+01,0.000000000000000000e+00
2.480547332763671875e+01,3.613928556442260742e+00,1.200000000000000000e+01,0.000000000000000000e+00
2.475140380859375000e+01,3.284680843353271484e+00,1.200000000000000000e+01,0.000000000000000000e+00
2.463267517089843750e+01,3.643121242523193359e+00,1.200000000000000000e+01,0.000000000000000000e+00
2.469929885864257812e+01,3.650131702423095703e+00,1.200000000000000000e+01,0.000000000000000000e+00
5.202577590942382812e+00,-1.143322849273681641e+01,1.200000000000000000e+01,0.000000000000000000e+00
5.255061149597167969e+00,-1.138433551788330078e+01,1.200000000000000000e+01,0.000000000000000000e+00
2.452386856079101562e+01,3.075839042663574219e+00,1.200000000000000000e+01,0.000000000000000000e+00
2.487485694885253906e+01,3.622358560562133789e+00,1.200000000000000000e+01,0.000000000000000000e+00
2.488544273376464844e+01,3.735656023025512695e+00,1.200000000000000000e+01,0.000000000000000000e+00
5.080800056457519531e+00,-1.153543949127197266e+01,1.200000000000000000e+01,0.000000000000000000e+00
4.875562667846679688e+00,-1.171170425415039062e+01,1.200000000000000000e+01,0.000000000000000000e+00
2.454112052917480469e+01,3.137301206588745117e+00,1.200000000000000000e+01,0.000000000000000000e+00
2.506088256835937500e+01,3.752687454223632812e+00,1.200000000000000000e+01,0.000000000000000000e+00
5.141844272613525391e+00,-1.148934268951416016e+01,1.200000000000000000e+01,0.000000000000000000e+00
2.476383209228515625e+01,3.824985980987548828e+00,1.200000000000000000e+01,0.000000000000000000e+00
2.495018577575683594e+01,3.943389892578125000e+00,1.200000000000000000e+01,0.000000000000000000e+00
2.471632194519042969e+01,3.929106950759887695e+00,1.200000000000000000e+01,0.000000000000000000e+00
4.865733623504638672e+00,-1.171965026855468750e+01,1.200000000000000000e+01,0.000000000000000000e+00
2.503972625732421875e+01,3.970096349716186523e+00,1.200000000000000000e+01,0.000000000000000000e+00
4.834175109863281250e+00,-1.174574279785156250e+01,1.200000000000000000e+01,0.000000000000000000e+00
2.494213867187500000e+01,3.965401411056518555e+00,1.200000000000000000e+01,0.000000000000000000e+00
2.494410514831542969e+01,3.512295961380004883e+00,1.200000000000000000e+01,0.000000000000000000e+00
2.504287338256835938e+01,3.996022701263427734e+00,1.200000000000000000e+01,0.000000000000000000e+00
5.154334068298339844e+00,-1.147586345672607422e+01,1.200000000000000000e+01,0.000000000000000000e+00
2.507771492004394531e+01,3.958516836166381836e+00,1.200000000000000000e+01,0.000000000000000000e+00
2.476024436950683594e+01,3.703197479248046875e+00,1.200000000000000000e+01,0.000000000000000000e+00
5.118110179901123047e+00,-1.150714778900146484e+01,1.200000000000000000e+01,0.000000000000000000e+00
2.509763336181640625e+01,4.011778831481933594e+00,1.200000000000000000e+01,0.000000000000000000e+00
5.113733768463134766e+00,-1.151086235046386719e+01,1.200000000000000000e+01,0.000000000000000000e+00
2.480743980407714844e+01,3.468491315841674805e+00,1.200000000000000000e+01,0.000000000000000000e+00
2.465178680419921875e+01,3.817510128021240234e+00,1.200000000000000000e+01,0.000000000000000000e+00
2.448239135742187500e+01,3.108011484146118164e+00,1.200000000000000000e+01,0.000000000000000000e+00
2.505079650878906250e+01,3.989018678665161133e+00,1.200000000000000000e+01,0.000000000000000000e+00
2.495839691162109375e+01,3.906719207763671875e+00,1.200000000000000000e+01,0.000000000000000000e+00
2.460245895385742188e+01,3.018727540969848633e+00,1.200000000000000000e+01,0.000000000000000000e+00
4.849250793457031250e+00,-1.173157882690429688e+01,1.200000000000000000e+01,0.000000000000000000e+00
4.827672004699707031e+00,-1.175154209136962891e+01,1.200000000000000000e+01,0.000000000000000000e+00
2.485229873657226562e+01,3.584758520126342773e+00,1.200000000000000000e+01,0.000000000000000000e+00
2.467363548278808594e+01,3.790051221847534180e+00,1.200000000000000000e+01,0.000000000000000000e+00
4.941068172454833984e+00,-1.165623855590820312e+01,1.200000000000000000e+01,0.000000000000000000e+00
5.164330959320068359e+00,-1.146605300903320312e+01,1.200000000000000000e+01,0.000000000000000000e+00
4.938923835754394531e+00,-1.165003108978271484e+01,1.200000000000000000e+01,0.000000000000000000e+00
2.452781486511230469e+01,3.117108106613159180e+00,1.200000000000000000e+01,0.000000000000000000e+00
2.479335594177246094e+01,3.654028892517089844e+00,1.200000000000000000e+01,0.000000000000000000e+00
2.482042884826660156e+01,3.546249628067016602e+00,1.200000000000000000e+01,0.000000000000000000e+00
5.195057392120361328e+00,-1.143832588195800781e+01,1.200000000000000000e+01,0.000000000000000000e+00
2.454596519470214844e+01,3.080433607101440430e+00,1.200000000000000000e+01,0.000000000000000000e+00
2.508418083190917969e+01,3.626790046691894531e+00,1.200000000000000000e+01,0.000000000000000000e+00
2.510551643371582031e+01,3.818637132644653320e+00,1.200000000000000000e+01,0.000000000000000000e+00
2.496942520141601562e+01,3.882570981979370117e+00,1.200000000000000000e+01,0.000000000000000000e+00
2.449985504150390625e+01,3.069076776504516602e+00,1.200000000000000000e+01,0.000000000000000000e+00
5.174709796905517578e+00,-1.145698642730712891e+01,1.200000000000000000e+01,0.000000000000000000e+00
2.490047645568847656e+01,3.667665958404541016e+00,1.200000000000000000e+01,0.000000000000000000e+00
2.493180847167968750e+01,3.791317939758300781e+00,1.200000000000000000e+01,0.000000000000000000e+00
5.102084636688232422e+00,-1.151988792419433594e+01,1.200000000000000000e+01,0.000000000000000000e+00
2.485901069641113281e+01,3.551065206527709961e+00,1.200000000000000000e+01,0.000000000000000000e+00
2.490542602539062500e+01,3.435907602310180664e+00,1.200000000000000000e+01,0.000000000000000000e+00
1.384906196594238281e+01,1.174077129364013672e+01,1.900000000000000000e+01,0.000000000000000000e+00
7.421791076660156250e+00,1.138302326202392578e+01,1.800000000000000000e+01,0.000000000000000000e+00
1.338574123382568359e+01,1.113773727416992188e+01,1.900000000000000000e+01,0.000000000000000000e+00
1.376419162750244141e+01,1.093410778045654297e+01,9.000000000000000000e+00,0.000000000000000000e+00
7.462808132171630859e+00,1.131092643737792969e+01,9.000000000000000000e+00,0.000000000000000000e+00
7.599135875701904297e+00,1.168450546264648438e+01,1.800000000000000000e+01,0.000000000000000000e+00
7.631726264953613281e+00,1.169979286193847656e+01,9.000000000000000000e+00,0.000000000000000000e+00
1.374726963043212891e+01,1.181175422668457031e+01,9.000000000000000000e+00,0.000000000000000000e+00
7.159763336181640625e+00,1.085702323913574219e+01,1.800000000000000000e+01,0.000000000000000000e+00
1.385942649841308594e+01,1.163032913208007812e+01,1.900000000000000000e+01,0.000000000000000000e+00
1.370009136199951172e+01,1.096754169464111328e+01,1.900000000000000000e+01,0.000000000000000000e+00
7.477324008941650391e+00,1.133428001403808594e+01,1.800000000000000000e+01,0.000000000000000000e+00
1.376139259338378906e+01,1.182364845275878906e+01,1.900000000000000000e+01,0.000000000000000000e+00
1.382996463775634766e+01,1.115922451019287109e+01,1.900000000000000000e+01,0.000000000000000000e+00
1.342124938964843750e+01,1.115893650054931641e+01,1.900000000000000000e+01,0.000000000000000000e+00
7.296513557434082031e+00,1.136935138702392578e+01,1.800000000000000000e+01,0.000000000000000000e+00
1.337384414672851562e+01,1.108872699737548828e+01,1.900000000000000000e+01,0.000000000000000000e+00
7.632518768310546875e+00,1.173531723022460938e+01,1.800000000000000000e+01,0.000000000000000000e+00
1.386854076385498047e+01,1.172010421752929688e+01,9.000000000000000000e+00,0.000000000000000000e+00
1.379147911071777344e+01,1.108043193817138672e+01,1.900000000000000000e+01,0.000000000000000000e+00
7.174033164978027344e+00,1.092262268066406250e+01,1.800000000000000000e+01,0.000000000000000000e+00
1.334652233123779297e+01,1.107287311553955078e+01,1.900000000000000000e+01,0.000000000000000000e+00
1.385150146484375000e+01,1.110190773010253906e+01,1.900000000000000000e+01,0.000000000000000000e+00
1.369072246551513672e+01,1.132394409179687500e+01,1.900000000000000000e+01,0.000000000000000000e+00
7.381332397460937500e+00,1.149129390716552734e+01,1.800000000000000000e+01,0.000000000000000000e+00
1.446892929077148438e+01,1.138239383697509766e+01,9.000000000000000000e+00,0.000000000000000000e+00
1.440618705749511719e+01,1.139386272430419922e+01,9.000000000000000000e+00,0.000000000000000000e+00
1.396811103820800781e+01,1.107633972167968750e+01,9.000000000000000000e+00,0.000000000000000000e+00
1.382847595214843750e+01,1.160860347747802734e+01,1.900000000000000000e+01,0.000000000000000000e+00
1.357250785827636719e+01,1.099224090576171875e+01,1.900000000000000000e+01,0.000000000000000000e+00
1.381806755065917969e+01,1.175888729095458984e+01,1.900000000000000000e+01,0.000000000000000000e+00
1.386391639709472656e+01,1.155239200592041016e+01,1.900000000000000000e+01,0.000000000000000000e+00
1.402601146697998047e+01,1.121922492980957031e+01,1.900000000000000000e+01,0.000000000000000000e+00
1.397562408447265625e+01,1.121479797363281250e+01,1.900000000000000000e+01,0.000000000000000000e+00
1.381884288787841797e+01,1.101343250274658203e+01,1.900000000000000000e+01,0.000000000000000000e+00
7.303812980651855469e+00,1.139285850524902344e+01,1.800000000000000000e+01,0.000000000000000000e+00
7.377706527709960938e+00,1.149596214294433594e+01,1.800000000000000000e+01,0.000000000000000000e+00
1.402465820312500000e+01,1.140285110473632812e+01,1.900000000000000000e+01,0.000000000000000000e+00
1.374058723449707031e+01,1.183122253417968750e+01,9.000000000000000000e+00,0.000000000000000000e+00
1.378867149353027344e+01,1.172634220123291016e+01,1.900000000000000000e+01,0.000000000000000000e+00
7.227968215942382812e+00,1.097667694091796875e+01,1.800000000000000000e+01,0.000000000000000000e+00
1.346059799194335938e+01,1.112867927551269531e+01,1.900000000000000000e+01,0.000000000000000000e+00
1.381021308898925781e+01,1.177714633941650391e+01,1.900000000000000000e+01,0.000000000000000000e+00
1.383629226684570312e+01,1.147600555419921875e+01,1.900000000000000000e+01,0.000000000000000000e+00
7.336472988128662109e+00,1.117783832550048828e+01,1.800000000000000000e+01,0.000000000000000000e+00
1.375040149688720703e+01,1.101073932647705078e+01,1.900000000000000000e+01,0.000000000000000000e+00
1.359214782714843750e+01,1.123785018920898438e+01,1.900000000000000000e+01,0.000000000000000000e+00
1.385968208312988281e+01,1.099382495880126953e+01,9.000000000000000000e+00,0.000000000000000000e+00
1.374300575256347656e+01,1.114578247070312500e+01,1.900000000000000000e+01,0.000000000000000000e+00
1.378226470947265625e+01,1.176205348968505859e+01,1.900000000000000000e+01,0.000000000000000000e+00
1.434444618225097656e+01,1.138245201110839844e+01,9.000000000000000000e+00,0.000000000000000000e+00
1.396545600891113281e+01,1.109508991241455078e+01,9.000000000000000000e+00,0.000000000000000000e+00
1.385076618194580078e+01,1.113811302185058594e+01,1.900000000000000000e+01,0.000000000000000000e+00
1.381600666046142578e+01,1.176078033447265625e+01,1.900000000000000000e+01,0.000000000000000000e+00
1.338548469543457031e+01,1.114160919189453125e+01,1.900000000000000000e+01,0.000000000000000000e+00
1.399790573120117188e+01,1.119497680664062500e+01,1.900000000000000000e+01,0.000000000000000000e+00
7.319519519805908203e+00,1.158407688140869141e+01,1.800000000000000000e+01,0.000000000000000000e+00
1.358073139190673828e+01,1.131616687774658203e+01,1.900000000000000000e+01,0.000000000000000000e+00
1.336083602905273438e+01,1.108445358276367188e+01,1.900000000000000000e+01,0.000000000000000000e+00
1.365290164947509766e+01,1.139154243469238281e+01,1.900000000000000000e+01,0.000000000000000000e+00
1.337510776519775391e+01,1.105546855926513672e+01,1.900000000000000000e+01,0.000000000000000000e+00
1.401971435546875000e+01,1.118242454528808594e+01,1.900000000000000000e+01,0.000000000000000000e+00
1.344251251220703125e+01,1.116441345214843750e+01,1.900000000000000000e+01,0.000000000000000000e+00
1.360002136230468750e+01,1.099558639526367188e+01,1.900000000000000000e+01,0.000000000000000000e+00
1.386852931976318359e+01,1.112071990966796875e+01,1.900000000000000000e+01,0.000000000000000000e+00
1.386192226409912109e+01,1.102118301391601562e+01,1.900000000000000000e+01,0.000000000000000000e+00
1.440565109252929688e+01,1.139377880096435547e+01,9.000000000000000000e+00,0.000000000000000000e+00
7.457068920135498047e+00,1.140365028381347656e+01,1.800000000000000000e+01,0.000000000000000000e+00
7.301544666290283203e+00,1.135706901550292969e+01,1.800000000000000000e+01,0.000000000000000000e+00
1.368254852294921875e+01,1.112166309356689453e+01,1.900000000000000000e+01,0.000000000000000000e+00
7.298662662506103516e+00,1.141951084136962891e+01,1.800000000000000000e+01,0.000000000000000000e+00
1.334959602355957031e+01,1.108302307128906250e+01,1.900000000000000000e+01,0.000000000000000000e+00
1.371360301971435547e+01,1.092483139038085938e+01,1.900000000000000000e+01,0.000000000000000000e+00
1.400442790985107422e+01,1.119735908508300781e+01,1.900000000000000000e+01,0.000000000000000000e+00
1.403594207763671875e+01,1.129049491882324219e+01,1.900000000000000000e+01,0.000000000000000000e+00
1.339132499694824219e+01,1.106761837005615234e+01,1.900000000000000000e+01,0.000000000000000000e+00
7.326286792755126953e+00,1.157292938232421875e+01,1.800000000000000000e+01,0.000000000000000000e+00
1.383059978485107422e+01,1.109474658966064453e+01,1.900000000000000000e+01,0.000000000000000000e+00
1.397687149047851562e+01,1.152699756622314453e+01,1.900000000000000000e+01,0.000000000000000000e+00
1.364754867553710938e+01,1.097479629516601562e+01,1.900000000000000000e+01,0.000000000000000000e+00
1.334513187408447266e+01,1.105183792114257812e+01,9.000000000000000000e+00,0.000000000000000000e+00
1.393825054168701172e+01,1.157068824768066406e+01,9.000000000000000000e+00,0.000000000000000000e+00
1.356579208374023438e+01,1.097580718994140625e+01,1.900000000000000000e+01,0.000000000000000000e+00
1.401147365570068359e+01,1.105379486083984375e+01,9.000000000000000000e+00,0.000000000000000000e+00
1.339623641967773438e+01,1.103489780426025391e+01,1.900000000000000000e+01,0.000000000000000000e+00
7.358747959136962891e+00,1.154798221588134766e+01,1.800000000000000000e+01,0.000000000000000000e+00
7.169560909271240234e+00,1.076954936981201172e+01,1.800000000000000000e+01,0.000000000000000000e+00
7.645973205566406250e+00,1.171599292755126953e+01,1.800000000000000000e+01,0.000000000000000000e+00
7.282819747924804688e+00,1.131343078613281250e+01,1.800000000000000000e+01,0.000000000000000000e+00
7.202992439270019531e+00,1.089503765106201172e+01,1.800000000000000000e+01,0.000000000000000000e+00
7.597249031066894531e+00,1.129737567901611328e+01,9.000000000000000000e+00,0.000000000000000000e+00
1.367263889312744141e+01,1.146594142913818359e+01,1.900000000000000000e+01,0.000000000000000000e+00
7.594613552093505859e+00,1.169686603546142578e+01,1.800000000000000000e+01,0.000000000000000000e+00
7.509719848632812500e+00,1.147096824645996094e+01,1.800000000000000000e+01,0.000000000000000000e+00
7.252497673034667969e+00,1.104155921936035156e+01,1.800000000000000000e+01,0.000000000000000000e+00
1.354289150238037109e+01,1.120336341857910156e+01,1.900000000000000000e+01,0.000000000000000000e+00
1.340570449829101562e+01,1.107042026519775391e+01,1.900000000000000000e+01,0.000000000000000000e+00
1.363458442687988281e+01,1.094911003112792969e+01,1.900000000000000000e+01,0.000000000000000000e+00
1.395189666748046875e+01,1.150423240661621094e+01,1.900000000000000000e+01,0.000000000000000000e+00
7.349612236022949219e+00,1.156094264984130859e+01,9.000000000000000000e+00,0.000000000000000000e+00
1.444230747222900391e+01,1.138620758056640625e+01,9.000000000000000000e+00,0.000000000000000000e+00
1.730171775817871094e+01,1.087273597717285156e+01,9.000000000000000000e+00,0.000000000000000000e+00
1.377331924438476562e+01,1.137805271148681641e+01,1.900000000000000000e+01,0.000000000000000000e+00
7.358055114746093750e+00,1.155142307281494141e+01,1.800000000000000000e+01,0.000000000000000000e+00
1.394525814056396484e+01,1.153486347198486328e+01,1.900000000000000000e+01,0.000000000000000000e+00
1.389981746673583984e+01,1.109636497497558594e+01,1.900000000000000000e+01,0.000000000000000000e+00
1.401838397979736328e+01,1.117931652069091797e+01,1.900000000000000000e+01,0.000000000000000000e+00
1.378381633758544922e+01,1.180195522308349609e+01,1.900000000000000000e+01,0.000000000000000000e+00
7.570194244384765625e+00,1.153128337860107422e+01,1.800000000000000000e+01,0.000000000000000000e+00
1.376164340972900391e+01,1.182711982727050781e+01,1.900000000000000000e+01,0.000000000000000000e+00
7.353034019470214844e+00,1.156769275665283203e+01,1.800000000000000000e+01,0.000000000000000000e+00
1.378679084777832031e+01,1.181197452545166016e+01,1.900000000000000000e+01,0.000000000000000000e+00
1.415889453887939453e+01,1.132935142517089844e+01,9.000000000000000000e+00,0.000000000000000000e+00
1.382297611236572266e+01,1.097472572326660156e+01,1.900000000000000000e+01,0.000000000000000000e+00
1.396412754058837891e+01,1.106000518798828125e+01,1.900000000000000000e+01,0.000000000000000000e+00
9.110944747924804688e+00,1.257771778106689453e+01,9.000000000000000000e+00,0.000000000000000000e+00
1.390481472015380859e+01,1.104504871368408203e+01,9.000000000000000000e+00,0.000000000000000000e+00
1.394301986694335938e+01,1.123962974548339844e+01,1.900000000000000000e+01,0.000000000000000000e+00
1.374959659576416016e+01,1.183350372314453125e+01,9.000000000000000000e+00,0.000000000000000000e+00
1.360404491424560547e+01,1.115813255310058594e+01,1.900000000000000000e+01,0.000000000000000000e+00
1.344666671752929688e+01,1.117748069763183594e+01,1.900000000000000000e+01,0.000000000000000000e+00
7.349015712738037109e+00,1.158490753173828125e+01,9.000000000000000000e+00,0.000000000000000000e+00
1.377825927734375000e+01,1.181643199920654297e+01,1.900000000000000000e+01,0.000000000000000000e+00
7.134458065032958984e+00,1.082296276092529297e+01,1.800000000000000000e+01,0.000000000000000000e+00
1.371977901458740234e+01,1.140432929992675781e+01,1.900000000000000000e+01,0.000000000000000000e+00
1.371405601501464844e+01,1.185525035858154297e+01,1.900000000000000000e+01,0.000000000000000000e+00
1.384059619903564453e+01,1.096575736999511719e+01,1.900000000000000000e+01,0.000000000000000000e+00
7.157589435577392578e+00,1.082163429260253906e+01,1.800000000000000000e+01,0.000000000000000000e+00
1.358003711700439453e+01,1.101596355438232422e+01,1.900000000000000000e+01,0.000000000000000000e+00
1.341546154022216797e+01,1.113954162597656250e+01,1.900000000000000000e+01,0.000000000000000000e+00
1.380167484283447266e+01,1.179572105407714844e+01,1.900000000000000000e+01,0.000000000000000000e+00
1.364441967010498047e+01,1.096938610076904297e+01,1.900000000000000000e+01,0.000000000000000000e+00
7.389128208160400391e+00,1.146715259552001953e+01,1.800000000000000000e+01,0.000000000000000000e+00
1.377753639221191406e+01,1.093332290649414062e+01,1.900000000000000000e+01,0.000000000000000000e+00
7.367761135101318359e+00,1.154975223541259766e+01,1.800000000000000000e+01,0.000000000000000000e+00
1.386816501617431641e+01,1.102410697937011719e+01,1.900000000000000000e+01,0.000000000000000000e+00
7.217458724975585938e+00,1.098891258239746094e+01,1.800000000000000000e+01,0.000000000000000000e+00
1.350545883178710938e+01,1.132362937927246094e+01,1.900000000000000000e+01,0.000000000000000000e+00
1.385989189147949219e+01,1.115070915222167969e+01,1.900000000000000000e+01,0.000000000000000000e+00
1.375773620605468750e+01,1.182876682281494141e+01,1.900000000000000000e+01,0.000000000000000000e+00
1.357185554504394531e+01,1.119361972808837891e+01,1.900000000000000000e+01,0.000000000000000000e+00
1.382205390930175781e+01,1.098787021636962891e+01,9.000000000000000000e+00,0.000000000000000000e+00
7.447552680969238281e+00,1.169091892242431641e+01,1.800000000000000000e+01,0.000000000000000000e+00
1.731132507324218750e+01,1.094200325012207031e+01,9.000000000000000000e+00,0.000000000000000000e+00
1.354059791564941406e+01,1.101622581481933594e+01,1.900000000000000000e+01,0.000000000000000000e+00
1.364632415771484375e+01,1.100754451751708984e+01,1.900000000000000000e+01,0.000000000000000000e+00
1.392547893524169922e+01,1.156230735778808594e+01,1.900000000000000000e+01,0.000000000000000000e+00
1.384924411773681641e+01,1.173724460601806641e+01,1.900000000000000000e+01,0.000000000000000000e+00
7.337544441223144531e+00,1.162299919128417969e+01,1.800000000000000000e+01,0.000000000000000000e+00
7.388154029846191406e+00,1.155815124511718750e+01,1.800000000000000000e+01,0.000000000000000000e+00
1.389897823333740234e+01,1.155082511901855469e+01,1.900000000000000000e+01,0.000000000000000000e+00
1.334544658660888672e+01,1.105602073669433594e+01,1.900000000000000000e+01,0.000000000000000000e+00
1.374060535430908203e+01,1.143782138824462891e+01,1.900000000000000000e+01,0.000000000000000000e+00
7.398665904998779297e+00,1.143251800537109375e+01,9.000000000000000000e+00,0.000000000000000000e+00
1.395901107788085938e+01,1.149740791320800781e+01,1.900000000000000000e+01,0.000000000000000000e+00
1.379852485656738281e+01,1.094991970062255859e+01,9.000000000000000000e+00,0.000000000000000000e+00
1.361756992340087891e+01,1.139227485656738281e+01,1.900000000000000000e+01,0.000000000000000000e+00
7.459826469421386719e+00,1.147339820861816406e+01,1.800000000000000000e+01,0.000000000000000000e+00
7.272143363952636719e+00,1.134292888641357422e+01,1.800000000000000000e+01,0.000000000000000000e+00
1.333895492553710938e+01,1.109051513671875000e+01,1.900000000000000000e+01,0.000000000000000000e+00
7.393829822540283203e+00,1.165145778656005859e+01,1.800000000000000000e+01,0.000000000000000000e+00
7.397199153900146484e+00,1.150544357299804688e+01,1.800000000000000000e+01,0.000000000000000000e+00
9.633477210998535156e+00,1.335971736907958984e+01,9.000000000000000000e+00,0.000000000000000000e+00
1.356870841979980469e+01,1.102737903594970703e+01,1.900000000000000000e+01,0.000000000000000000e+00
1.352624607086181641e+01,1.101020145416259766e+01,1.900000000000000000e+01,0.000000000000000000e+00
1.813481521606445312e+01,1.107859706878662109e+01,9.000000000000000000e+00,0.000000000000000000e+00
1.362616729736328125e+01,1.097634792327880859e+01,1.900000000000000000e+01,0.000000000000000000e+00
1.368485355377197266e+01,1.096679306030273438e+01,1.900000000000000000e+01,0.000000000000000000e+00
1.739801406860351562e+01,1.089518165588378906e+01,9.000000000000000000e+00,0.000000000000000000e+00
7.391383647918701172e+00,1.141339397430419922e+01,9.000000000000000000e+00,0.000000000000000000e+00
1.383268070220947266e+01,1.177848720550537109e+01,1.900000000000000000e+01,0.000000000000000000e+00
7.621782302856445312e+00,1.170485973358154297e+01,1.800000000000000000e+01,0.000000000000000000e+00
7.178022861480712891e+00,1.078352642059326172e+01,1.800000000000000000e+01,0.000000000000000000e+00
7.143923282623291016e+00,1.088727569580078125e+01,9.000000000000000000e+00,0.000000000000000000e+00
1.362822246551513672e+01,1.136048603057861328e+01,1.900000000000000000e+01,0.000000000000000000e+00
7.351652145385742188e+00,1.154375171661376953e+01,1.800000000000000000e+01,0.000000000000000000e+00
1.367460155487060547e+01,1.104073143005371094e+01,1.900000000000000000e+01,0.000000000000000000e+00
1.380912494659423828e+01,1.100249862670898438e+01,1.900000000000000000e+01,0.000000000000000000e+00
7.390602588653564453e+00,1.152313613891601562e+01,1.800000000000000000e+01,0.000000000000000000e+00
1.736984252929687500e+01,1.094541931152343750e+01,9.000000000000000000e+00,0.000000000000000000e+00
1.351778602600097656e+01,1.107538223266601562e+01,1.900000000000000000e+01,0.000000000000000000e+00
1.397876453399658203e+01,1.109937286376953125e+01,1.900000000000000000e+01,0.000000000000000000e+00
1.375028228759765625e+01,1.115476799011230469e+01,1.900000000000000000e+01,0.000000000000000000e+00
1.351833152770996094e+01,1.105419445037841797e+01,1.900000000000000000e+01,0.000000000000000000e+00
1.384070491790771484e+01,1.167263984680175781e+01,1.900000000000000000e+01,0.000000000000000000e+00
7.558048248291015625e+00,1.116353607177734375e+01,9.000000000000000000e+00,0.000000000000000000e+00
1.355859756469726562e+01,1.114492893218994141e+01,1.900000000000000000e+01,0.000000000000000000e+00
7.560066223144531250e+00,1.137430095672607422e+01,9.000000000000000000e+00,0.000000000000000000e+00
1.344351768493652344e+01,1.116770172119140625e+01,1.900000000000000000e+01,0.000000000000000000e+00
7.478804588317871094e+00,1.146850490570068359e+01,1.800000000000000000e+01,0.000000000000000000e+00
7.387774944305419922e+00,1.156438636779785156e+01,1.800000000000000000e+01,0.000000000000000000e+00
7.338674068450927734e+00,1.156530094146728516e+01,1.800000000000000000e+01,0.000000000000000000e+00
1.364412879943847656e+01,1.098219490051269531e+01,1.900000000000000000e+01,0.000000000000000000e+00
7.683012008666992188e+00,1.176814937591552734e+01,9.000000000000000000e+00,0.000000000000000000e+00
1.339486312866210938e+01,1.121359920501708984e+01,1.900000000000000000e+01,0.000000000000000000e+00
1.395306205749511719e+01,1.105872058868408203e+01,1.900000000000000000e+01,0.000000000000000000e+00
1.371899318695068359e+01,1.093091106414794922e+01,1.900000000000000000e+01,0.000000000000000000e+00
1.357443618774414062e+01,1.100823020935058594e+01,1.900000000000000000e+01,0.000000000000000000e+00
1.392946147918701172e+01,1.104221630096435547e+01,1.900000000000000000e+01,0.000000000000000000e+00
1.393303298950195312e+01,1.151378726959228516e+01,1.900000000000000000e+01,0.000000000000000000e+00
7.348090648651123047e+00,1.156250953674316406e+01,1.800000000000000000e+01,0.000000000000000000e+00
7.403704643249511719e+00,1.164223098754882812e+01,1.800000000000000000e+01,0.000000000000000000e+00
1.346981811523437500e+01,1.117012977600097656e+01,1.900000000000000000e+01,0.000000000000000000e+00
7.261181354522705078e+00,1.118584442138671875e+01,1.800000000000000000e+01,0.000000000000000000e+00
1.384216880798339844e+01,1.099330234527587891e+01,1.900000000000000000e+01,0.000000000000000000e+00
1.376647090911865234e+01,1.093919277191162109e+01,1.900000000000000000e+01,0.000000000000000000e+00
1.341287994384765625e+01,1.102982044219970703e+01,1.900000000000000000e+01,0.000000000000000000e+00
1.364945602416992188e+01,1.137826061248779297e+01,1.900000000000000000e+01,0.000000000000000000e+00
1.399026203155517578e+01,1.138537311553955078e+01,1.900000000000000000e+01,0.000000000000000000e+00
7.381994247436523438e+00,1.153028297424316406e+01,9.000000000000000000e+00,0.000000000000000000e+00
7.110752582550048828e+00,5.936676502227783203e+00,1.700000000000000000e+01,0.000000000000000000e+00
6.826402187347412109e+00,5.907178878784179688e+00,1.700000000000000000e+01,0.000000000000000000e+00
7.240766525268554688e+00,5.740159988403320312e+00,1.700000000000000000e+01,0.000000000000000000e+00
8.024255752563476562e+00,6.315032958984375000e+00,9.000000000000000000e+00,0.000000000000000000e+00
6.782937049865722656e+00,5.790327548980712891e+00,1.700000000000000000e+01,0.000000000000000000e+00
7.363661289215087891e+00,5.842548370361328125e+00,1.700000000000000000e+01,0.000000000000000000e+00
7.558376789093017578e+00,5.967808723449707031e+00,9.000000000000000000e+00,0.000000000000000000e+00
7.450588226318359375e+00,6.248332977294921875e+00,1.700000000000000000e+01,0.000000000000000000e+00
8.078398704528808594e+00,6.283855438232421875e+00,1.700000000000000000e+01,0.000000000000000000e+00
6.918223381042480469e+00,5.940643787384033203e+00,1.700000000000000000e+01,0.000000000000000000e+00
7.203168392181396484e+00,6.310417175292968750e+00,1.700000000000000000e+01,0.000000000000000000e+00
6.779410362243652344e+00,5.820325851440429688e+00,1.700000000000000000e+01,0.000000000000000000e+00
8.092644691467285156e+00,6.296969413757324219e+00,1.700000000000000000e+01,0.000000000000000000e+00
7.321300029754638672e+00,6.238422393798828125e+00,1.700000000000000000e+01,0.000000000000000000e+00
6.838034629821777344e+00,5.970268249511718750e+00,1.700000000000000000e+01,0.000000000000000000e+00
7.625518798828125000e+00,5.962038993835449219e+00,1.700000000000000000e+01,0.000000000000000000e+00
7.668529510498046875e+00,6.166100502014160156e+00,1.700000000000000000e+01,0.000000000000000000e+00
7.323705196380615234e+00,6.014495372772216797e+00,1.700000000000000000e+01,0.000000000000000000e+00
8.088253021240234375e+00,6.250684738159179688e+00,1.700000000000000000e+01,0.000000000000000000e+00
7.254131317138671875e+00,5.840817928314208984e+00,1.700000000000000000e+01,0.000000000000000000e+00
7.197976112365722656e+00,6.327985286712646484e+00,1.700000000000000000e+01,0.000000000000000000e+00
7.593869686126708984e+00,5.958795070648193359e+00,1.700000000000000000e+01,0.000000000000000000e+00
7.111778259277343750e+00,5.844881057739257812e+00,1.700000000000000000e+01,0.000000000000000000e+00
6.827802658081054688e+00,5.858041763305664062e+00,1.700000000000000000e+01,0.000000000000000000e+00
7.225611686706542969e+00,5.814635276794433594e+00,1.700000000000000000e+01,0.000000000000000000e+00
7.069286823272705078e+00,5.933953285217285156e+00,1.700000000000000000e+01,0.000000000000000000e+00
6.790088653564453125e+00,5.807626724243164062e+00,1.700000000000000000e+01,0.000000000000000000e+00
7.746178627014160156e+00,6.157472610473632812e+00,1.700000000000000000e+01,0.000000000000000000e+00
7.589145183563232422e+00,5.968999385833740234e+00,9.000000000000000000e+00,0.000000000000000000e+00
6.818566799163818359e+00,5.839331626892089844e+00,1.700000000000000000e+01,0.000000000000000000e+00
6.876193523406982422e+00,5.747762203216552734e+00,1.700000000000000000e+01,0.000000000000000000e+00
7.509129524230957031e+00,5.866463661193847656e+00,1.700000000000000000e+01,0.000000000000000000e+00
7.546949863433837891e+00,6.216797828674316406e+00,1.700000000000000000e+01,0.000000000000000000e+00
7.124414920806884766e+00,6.118702411651611328e+00,1.700000000000000000e+01,0.000000000000000000e+00
8.087994575500488281e+00,6.217236995697021484e+00,9.000000000000000000e+00,0.000000000000000000e+00
6.759158134460449219e+00,5.832943916320800781e+00,1.700000000000000000e+01,0.000000000000000000e+00
8.092332839965820312e+00,6.243927001953125000e+00,1.700000000000000000e+01,0.000000000000000000e+00
7.420753955841064453e+00,5.751302719116210938e+00,1.700000000000000000e+01,0.000000000000000000e+00
7.252405166625976562e+00,6.252251625061035156e+00,1.700000000000000000e+01,0.000000000000000000e+00
8.097929954528808594e+00,6.317413806915283203e+00,1.700000000000000000e+01,0.000000000000000000e+00
7.156296730041503906e+00,5.938756465911865234e+00,1.700000000000000000e+01,0.000000000000000000e+00
7.265957355499267578e+00,5.807562828063964844e+00,9.000000000000000000e+00,0.000000000000000000e+00
7.620069503784179688e+00,5.954660892486572266e+00,1.700000000000000000e+01,0.000000000000000000e+00
8.084941864013671875e+00,6.240446567535400391e+00,1.700000000000000000e+01,0.000000000000000000e+00
7.443627357482910156e+00,6.205572605133056641e+00,1.700000000000000000e+01,0.000000000000000000e+00
7.277996540069580078e+00,5.743832588195800781e+00,1.700000000000000000e+01,0.000000000000000000e+00
7.337468147277832031e+00,6.184282779693603516e+00,1.700000000000000000e+01,0.000000000000000000e+00
7.584532737731933594e+00,5.954014778137207031e+00,9.000000000000000000e+00,0.000000000000000000e+00
7.234368324279785156e+00,5.781939029693603516e+00,1.700000000000000000e+01,0.000000000000000000e+00
7.414719581604003906e+00,6.232923507690429688e+00,1.700000000000000000e+01,0.000000000000000000e+00
7.514215469360351562e+00,5.944883823394775391e+00,1.700000000000000000e+01,0.000000000000000000e+00
7.256064414978027344e+00,5.748013973236083984e+00,1.700000000000000000e+01,0.000000000000000000e+00
6.776904582977294922e+00,5.907188892364501953e+00,1.700000000000000000e+01,0.000000000000000000e+00
7.125888824462890625e+00,6.126947402954101562e+00,1.700000000000000000e+01,0.000000000000000000e+00
7.719438552856445312e+00,6.250441551208496094e+00,1.700000000000000000e+01,0.000000000000000000e+00
8.043259620666503906e+00,6.199385643005371094e+00,1.700000000000000000e+01,0.000000000000000000e+00
7.343776226043701172e+00,6.243499755859375000e+00,1.700000000000000000e+01,0.000000000000000000e+00
7.212118625640869141e+00,6.281620979309082031e+00,1.700000000000000000e+01,0.000000000000000000e+00
6.926415443420410156e+00,5.810827255249023438e+00,1.700000000000000000e+01,0.000000000000000000e+00
7.296594619750976562e+00,5.758794307708740234e+00,1.700000000000000000e+01,0.000000000000000000e+00
7.473799705505371094e+00,5.946853637695312500e+00,1.700000000000000000e+01,0.000000000000000000e+00
7.543119907379150391e+00,6.105007648468017578e+00,1.700000000000000000e+01,0.000000000000000000e+00
7.385564804077148438e+00,5.941633224487304688e+00,1.700000000000000000e+01,0.000000000000000000e+00
7.487183570861816406e+00,5.913123607635498047e+00,1.700000000000000000e+01,0.000000000000000000e+00
7.147282123565673828e+00,6.119355678558349609e+00,1.700000000000000000e+01,0.000000000000000000e+00
7.242070674896240234e+00,6.252283096313476562e+00,1.700000000000000000e+01,0.000000000000000000e+00
6.855720043182373047e+00,5.964487075805664062e+00,1.700000000000000000e+01,0.000000000000000000e+00
7.404297351837158203e+00,5.864379405975341797e+00,1.700000000000000000e+01,0.000000000000000000e+00
8.007205963134765625e+00,6.303806781768798828e+00,1.700000000000000000e+01,0.000000000000000000e+00
7.071587562561035156e+00,5.938168048858642578e+00,1.700000000000000000e+01,0.000000000000000000e+00
6.896314620971679688e+00,6.048206806182861328e+00,1.700000000000000000e+01,0.000000000000000000e+00
7.607007026672363281e+00,5.996223449707031250e+00,1.700000000000000000e+01,0.000000000000000000e+00
7.522645473480224609e+00,5.913950920104980469e+00,1.700000000000000000e+01,0.000000000000000000e+00
6.826016426086425781e+00,5.819096565246582031e+00,1.700000000000000000e+01,0.000000000000000000e+00
7.212699890136718750e+00,6.218755722045898438e+00,1.700000000000000000e+01,0.000000000000000000e+00
7.218345165252685547e+00,6.127099990844726562e+00,1.700000000000000000e+01,0.000000000000000000e+00
7.445748805999755859e+00,6.304639816284179688e+00,1.700000000000000000e+01,0.000000000000000000e+00
6.817123889923095703e+00,5.836026191711425781e+00,1.700000000000000000e+01,0.000000000000000000e+00
7.214565753936767578e+00,5.806888103485107422e+00,1.700000000000000000e+01,0.000000000000000000e+00
7.325284957885742188e+00,6.257265567779541016e+00,1.700000000000000000e+01,0.000000000000000000e+00
7.209999084472656250e+00,5.726297378540039062e+00,1.700000000000000000e+01,0.000000000000000000e+00
7.974457740783691406e+00,6.250053405761718750e+00,1.700000000000000000e+01,0.000000000000000000e+00
6.853663921356201172e+00,5.933492660522460938e+00,1.700000000000000000e+01,0.000000000000000000e+00
6.888655185699462891e+00,5.796371459960937500e+00,9.000000000000000000e+00,0.000000000000000000e+00
6.895862579345703125e+00,5.852081298828125000e+00,1.700000000000000000e+01,0.000000000000000000e+00
6.988567352294921875e+00,5.967825889587402344e+00,1.700000000000000000e+01,0.000000000000000000e+00
7.928848266601562500e+00,6.341209888458251953e+00,1.700000000000000000e+01,0.000000000000000000e+00
7.066082000732421875e+00,5.900028705596923828e+00,1.700000000000000000e+01,0.000000000000000000e+00
8.003916740417480469e+00,6.291121482849121094e+00,1.700000000000000000e+01,0.000000000000000000e+00
7.204237937927246094e+00,6.187452316284179688e+00,1.700000000000000000e+01,0.000000000000000000e+00
7.225777626037597656e+00,5.820399284362792969e+00,1.700000000000000000e+01,0.000000000000000000e+00
7.346094131469726562e+00,6.330507755279541016e+00,1.700000000000000000e+01,0.000000000000000000e+00
8.025196075439453125e+00,6.278885841369628906e+00,1.700000000000000000e+01,0.000000000000000000e+00
6.797394752502441406e+00,5.880977630615234375e+00,1.700000000000000000e+01,0.000000000000000000e+00
7.437019348144531250e+00,6.235838413238525391e+00,1.700000000000000000e+01,0.000000000000000000e+00
7.250627517700195312e+00,6.312965393066406250e+00,1.700000000000000000e+01,0.000000000000000000e+00
8.081447601318359375e+00,6.263789176940917969e+00,1.700000000000000000e+01,0.000000000000000000e+00
8.109127998352050781e+00,6.320434570312500000e+00,1.700000000000000000e+01,0.000000000000000000e+00
7.259099960327148438e+00,5.953614711761474609e+00,1.700000000000000000e+01,0.000000000000000000e+00
6.770318984985351562e+00,5.846917152404785156e+00,1.700000000000000000e+01,0.000000000000000000e+00
8.062293052673339844e+00,6.272415637969970703e+00,1.700000000000000000e+01,0.000000000000000000e+00
6.828646659851074219e+00,5.888297557830810547e+00,1.700000000000000000e+01,0.000000000000000000e+00
7.951833248138427734e+00,6.384653568267822266e+00,9.000000000000000000e+00,0.000000000000000000e+00
7.242001056671142578e+00,6.270913600921630859e+00,1.700000000000000000e+01,0.000000000000000000e+00
7.178433418273925781e+00,6.201491832733154297e+00,1.700000000000000000e+01,0.000000000000000000e+00
6.752757072448730469e+00,5.802138328552246094e+00,1.700000000000000000e+01,0.000000000000000000e+00
6.875752925872802734e+00,5.909562110900878906e+00,1.700000000000000000e+01,0.000000000000000000e+00
6.948859214782714844e+00,6.006643295288085938e+00,1.700000000000000000e+01,0.000000000000000000e+00
7.103328704833984375e+00,6.107583045959472656e+00,1.700000000000000000e+01,0.000000000000000000e+00
7.113556385040283203e+00,5.768715381622314453e+00,1.700000000000000000e+01,0.000000000000000000e+00
7.300137519836425781e+00,5.779808998107910156e+00,1.700000000000000000e+01,0.000000000000000000e+00
6.879997730255126953e+00,6.011048793792724609e+00,1.700000000000000000e+01,0.000000000000000000e+00
7.201804637908935547e+00,6.168978214263916016e+00,1.700000000000000000e+01,0.000000000000000000e+00
8.044552803039550781e+00,6.258803367614746094e+00,9.000000000000000000e+00,0.000000000000000000e+00
7.986962318420410156e+00,6.282618999481201172e+00,1.700000000000000000e+01,0.000000000000000000e+00
6.785248279571533203e+00,5.836003780364990234e+00,1.700000000000000000e+01,0.000000000000000000e+00
7.135704994201660156e+00,6.256696224212646484e+00,1.700000000000000000e+01,0.000000000000000000e+00
7.202201843261718750e+00,6.280832290649414062e+00,1.700000000000000000e+01,0.000000000000000000e+00
6.858759880065917969e+00,5.985781669616699219e+00,1.700000000000000000e+01,0.000000000000000000e+00
7.532344341278076172e+00,6.187914848327636719e+00,1.700000000000000000e+01,0.000000000000000000e+00
6.764950275421142578e+00,5.993654727935791016e+00,9.000000000000000000e+00,0.000000000000000000e+00
8.000300407409667969e+00,6.274513244628906250e+00,9.000000000000000000e+00,0.000000000000000000e+00
7.215082168579101562e+00,6.211478710174560547e+00,1.700000000000000000e+01,0.000000000000000000e+00
7.234228610992431641e+00,5.986708164215087891e+00,1.700000000000000000e+01,0.000000000000000000e+00
7.469223976135253906e+00,5.874795913696289062e+00,1.700000000000000000e+01,0.000000000000000000e+00
7.955410003662109375e+00,6.340641498565673828e+00,1.700000000000000000e+01,0.000000000000000000e+00
6.849067687988281250e+00,5.969032287597656250e+00,1.700000000000000000e+01,0.000000000000000000e+00
7.089540004730224609e+00,5.978946208953857422e+00,1.700000000000000000e+01,0.000000000000000000e+00
7.358756542205810547e+00,6.193659782409667969e+00,1.700000000000000000e+01,0.000000000000000000e+00
7.613584041595458984e+00,5.963076591491699219e+00,1.700000000000000000e+01,0.000000000000000000e+00
7.038650512695312500e+00,6.009307384490966797e+00,1.700000000000000000e+01,0.000000000000000000e+00
8.045744895935058594e+00,6.227211952209472656e+00,9.000000000000000000e+00,0.000000000000000000e+00
7.144788742065429688e+00,6.225450992584228516e+00,1.700000000000000000e+01,0.000000000000000000e+00
7.165130138397216797e+00,6.075053691864013672e+00,1.700000000000000000e+01,0.000000000000000000e+00
6.860972881317138672e+00,5.979552268981933594e+00,1.700000000000000000e+01,0.000000000000000000e+00
7.498606681823730469e+00,5.930161476135253906e+00,1.700000000000000000e+01,0.000000000000000000e+00
7.026802062988281250e+00,6.167967796325683594e+00,9.000000000000000000e+00,0.000000000000000000e+00
8.051782608032226562e+00,6.277160644531250000e+00,1.700000000000000000e+01,0.000000000000000000e+00
6.812366008758544922e+00,5.897268772125244141e+00,1.700000000000000000e+01,0.000000000000000000e+00
7.179060935974121094e+00,5.975795745849609375e+00,1.700000000000000000e+01,0.000000000000000000e+00
8.052010536193847656e+00,6.194222927093505859e+00,9.000000000000000000e+00,0.000000000000000000e+00
8.071241378784179688e+00,6.268539905548095703e+00,1.700000000000000000e+01,0.000000000000000000e+00
8.102342605590820312e+00,6.252850532531738281e+00,1.700000000000000000e+01,0.000000000000000000e+00
7.357475280761718750e+00,6.348645210266113281e+00,1.700000000000000000e+01,0.000000000000000000e+00
6.807145118713378906e+00,5.856745243072509766e+00,1.700000000000000000e+01,0.000000000000000000e+00
6.766152381896972656e+00,5.823969364166259766e+00,1.700000000000000000e+01,0.000000000000000000e+00
7.552505493164062500e+00,5.897352218627929688e+00,1.700000000000000000e+01,0.000000000000000000e+00
7.115057468414306641e+00,6.137677669525146484e+00,1.700000000000000000e+01,0.000000000000000000e+00
6.813130378723144531e+00,5.822381973266601562e+00,1.700000000000000000e+01,0.000000000000000000e+00
6.756352424621582031e+00,5.794753551483154297e+00,1.700000000000000000e+01,0.000000000000000000e+00
6.957821369171142578e+00,5.870831966400146484e+00,1.700000000000000000e+01,0.000000000000000000e+00
6.876015663146972656e+00,5.970039367675781250e+00,1.700000000000000000e+01,0.000000000000000000e+00
7.275764942169189453e+00,6.355761528015136719e+00,1.700000000000000000e+01,0.000000000000000000e+00
6.956593990325927734e+00,5.912134170532226562e+00,1.700000000000000000e+01,0.000000000000000000e+00
7.312245368957519531e+00,6.245445728302001953e+00,1.700000000000000000e+01,0.000000000000000000e+00
8.064599990844726562e+00,6.296304225921630859e+00,1.700000000000000000e+01,0.000000000000000000e+00
7.166254043579101562e+00,5.961860656738281250e+00,1.700000000000000000e+01,0.000000000000000000e+00
6.771889686584472656e+00,5.894210815429687500e+00,1.700000000000000000e+01,0.000000000000000000e+00
7.309207439422607422e+00,5.746371746063232422e+00,1.700000000000000000e+01,0.000000000000000000e+00
7.298844814300537109e+00,6.093185901641845703e+00,1.700000000000000000e+01,0.000000000000000000e+00
7.486936569213867188e+00,6.161938190460205078e+00,1.700000000000000000e+01,0.000000000000000000e+00
7.558192253112792969e+00,6.011683940887451172e+00,1.700000000000000000e+01,0.000000000000000000e+00
7.165606498718261719e+00,6.125293254852294922e+00,1.700000000000000000e+01,0.000000000000000000e+00
7.077717781066894531e+00,5.823468208312988281e+00,1.700000000000000000e+01,0.000000000000000000e+00
6.782364368438720703e+00,5.804545879364013672e+00,1.700000000000000000e+01,0.000000000000000000e+00
7.150145053863525391e+00,6.324647903442382812e+00,9.000000000000000000e+00,0.000000000000000000e+00
7.045392990112304688e+00,5.848152160644531250e+00,1.700000000000000000e+01,0.000000000000000000e+00
8.078377723693847656e+00,6.310688495635986328e+00,1.700000000000000000e+01,0.000000000000000000e+00
7.297955036163330078e+00,5.783126354217529297e+00,1.700000000000000000e+01,0.000000000000000000e+00
7.316891670227050781e+00,6.251761913299560547e+00,1.700000000000000000e+01,0.000000000000000000e+00
7.938188552856445312e+00,6.156743526458740234e+00,9.000000000000000000e+00,0.000000000000000000e+00
7.365086078643798828e+00,6.203090190887451172e+00,1.700000000000000000e+01,0.000000000000000000e+00
7.120827198028564453e+00,6.007726669311523438e+00,1.700000000000000000e+01,0.000000000000000000e+00
8.059236526489257812e+00,6.208050251007080078e+00,1.700000000000000000e+01,0.000000000000000000e+00
7.285357952117919922e+00,6.079575538635253906e+00,1.700000000000000000e+01,0.000000000000000000e+00
8.092300415039062500e+00,6.311375617980957031e+00,1.700000000000000000e+01,0.000000000000000000e+00
6.878106117248535156e+00,5.995069980621337891e+00,1.700000000000000000e+01,0.000000000000000000e+00
7.200939178466796875e+00,5.869893074035644531e+00,1.700000000000000000e+01,0.000000000000000000e+00
8.022511482238769531e+00,6.194475650787353516e+00,1.700000000000000000e+01,0.000000000000000000e+00
8.031084060668945312e+00,6.283175468444824219e+00,1.700000000000000000e+01,0.000000000000000000e+00
8.069913864135742188e+00,6.272858619689941406e+00,1.700000000000000000e+01,0.000000000000000000e+00
6.805824279785156250e+00,5.813487052917480469e+00,1.700000000000000000e+01,0.000000000000000000e+00
6.774460792541503906e+00,5.831431865692138672e+00,1.700000000000000000e+01,0.000000000000000000e+00
6.731409549713134766e+00,5.777640342712402344e+00,1.700000000000000000e+01,0.000000000000000000e+00
7.168595314025878906e+00,5.702440261840820312e+00,1.700000000000000000e+01,0.000000000000000000e+00
6.882278919219970703e+00,5.793106555938720703e+00,1.700000000000000000e+01,0.000000000000000000e+00
7.454686164855957031e+00,5.965798377990722656e+00,1.700000000000000000e+01,0.000000000000000000e+00
7.435219764709472656e+00,6.273347854614257812e+00,1.700000000000000000e+01,0.000000000000000000e+00
7.419904232025146484e+00,6.164978027343750000e+00,1.700000000000000000e+01,0.000000000000000000e+00
6.824391365051269531e+00,5.800190925598144531e+00,1.700000000000000000e+01,0.000000000000000000e+00
6.762335777282714844e+00,5.924603462219238281e+00,1.700000000000000000e+01,0.000000000000000000e+00
7.286612987518310547e+00,6.047342777252197266e+00,1.700000000000000000e+01,0.000000000000000000e+00
6.717922687530517578e+00,5.758547306060791016e+00,1.700000000000000000e+01,0.000000000000000000e+00
7.417617797851562500e+00,5.914838790893554688e+00,1.700000000000000000e+01,0.000000000000000000e+00
7.674691677093505859e+00,6.122475147247314453e+00,1.700000000000000000e+01,0.000000000000000000e+00
8.064114570617675781e+00,6.194108009338378906e+00,1.700000000000000000e+01,0.000000000000000000e+00
7.242280483245849609e+00,6.117136955261230469e+00,1.700000000000000000e+01,0.000000000000000000e+00
6.916213989257812500e+00,5.960388660430908203e+00,1.700000000000000000e+01,0.000000000000000000e+00
7.000349998474121094e+00,5.799525737762451172e+00,1.700000000000000000e+01,0.000000000000000000e+00
7.594536304473876953e+00,5.939788818359375000e+00,9.000000000000000000e+00,0.000000000000000000e+00
7.770716667175292969e+00,6.273705005645751953e+00,1.700000000000000000e+01,0.000000000000000000e+00
8.145141601562500000e+00,6.205734729766845703e+00,1.700000000000000000e+01,0.000000000000000000e+00
6.935608863830566406e+00,5.880037784576416016e+00,1.700000000000000000e+01,0.000000000000000000e+00
6.779781818389892578e+00,5.925478458404541016e+00,1.700000000000000000e+01,0.000000000000000000e+00
7.289535522460937500e+00,5.881521224975585938e+00,1.700000000000000000e+01,0.000000000000000000e+00
6.770604133605957031e+00,5.835039615631103516e+00,1.700000000000000000e+01,0.000000000000000000e+00
7.282844543457031250e+00,6.283590316772460938e+00,9.000000000000000000e+00,0.000000000000000000e+00
6.973046779632568359e+00,5.973515510559082031e+00,1.700000000000000000e+01,0.000000000000000000e+00
8.561923980712890625e+00,8.870300292968750000e+00,9.000000000000000000e+00,0.000000000000000000e+00
6.769659996032714844e+00,5.904131889343261719e+00,1.700000000000000000e+01,0.000000000000000000e+00
-1.482496261596679688e+00,3.720423221588134766e+00,1.600000000000000000e+01,0.000000000000000000e+00
-1.861563563346862793e+00,4.542880058288574219e+00,1.600000000000000000e+01,0.000000000000000000e+00
-1.324104189872741699e+00,3.445892810821533203e+00,1.600000000000000000e+01,0.000000000000000000e+00
-1.629906177520751953e+00,4.002424240112304688e+00,1.600000000000000000e+01,0.000000000000000000e+00
-1.425829529762268066e+00,3.612492084503173828e+00,1.600000000000000000e+01,0.000000000000000000e+00
-1.262508869171142578e+00,3.355781555175781250e+00,1.600000000000000000e+01,0.000000000000000000e+00
-1.708382725715637207e+00,4.618683338165283203e+00,1.600000000000000000e+01,0.000000000000000000e+00
-1.529703736305236816e+00,3.856622695922851562e+00,1.600000000000000000e+01,0.000000000000000000e+00
-1.280067801475524902e+00,3.378359317779541016e+00,1.600000000000000000e+01,0.000000000000000000e+00
-1.552823543548583984e+00,4.196600914001464844e+00,1.600000000000000000e+01,0.000000000000000000e+00
-1.601021289825439453e+00,4.264912605285644531e+00,1.600000000000000000e+01,0.000000000000000000e+00
-9.744795560836791992e-01,2.907202959060668945e+00,1.600000000000000000e+01,0.000000000000000000e+00
-1.599839210510253906e+00,4.009820461273193359e+00,1.600000000000000000e+01,0.000000000000000000e+00
-5.518767237663269043e-01,2.325035810470581055e+00,1.600000000000000000e+01,0.000000000000000000e+00
-1.671238780021667480e+00,4.634246826171875000e+00,1.600000000000000000e+01,0.000000000000000000e+00
-1.393380999565124512e+00,3.559971809387207031e+00,1.600000000000000000e+01,0.000000000000000000e+00
-1.858523964881896973e+00,4.444172859191894531e+00,1.600000000000000000e+01,0.000000000000000000e+00
-5.101359486579895020e-01,2.277646064758300781e+00,1.600000000000000000e+01,0.000000000000000000e+00
-1.105436086654663086e+00,3.118336677551269531e+00,1.600000000000000000e+01,0.000000000000000000e+00
-1.879833579063415527e+00,4.494429588317871094e+00,1.600000000000000000e+01,0.000000000000000000e+00
-9.392086863517761230e-01,2.864911556243896484e+00,1.600000000000000000e+01,0.000000000000000000e+00
-1.863000631332397461e+00,4.522854804992675781e+00,1.600000000000000000e+01,0.000000000000000000e+00
-1.290725111961364746e+00,5.149613380432128906e+00,1.600000000000000000e+01,0.000000000000000000e+00
-5.139195322990417480e-01,2.279742002487182617e+00,1.600000000000000000e+01,0.000000000000000000e+00
-5.262606143951416016e-01,2.296790122985839844e+00,9.000000000000000000e+00,0.000000000000000000e+00
-1.222831487655639648e+00,5.234451293945312500e+00,1.600000000000000000e+01,0.000000000000000000e+00
-1.866109371185302734e+00,4.521661281585693359e+00,1.600000000000000000e+01,0.000000000000000000e+00
-1.343332290649414062e+00,3.479620695114135742e+00,1.600000000000000000e+01,0.000000000000000000e+00
-1.916207671165466309e+00,4.480731487274169922e+00,1.600000000000000000e+01,0.000000000000000000e+00
-9.762497544288635254e-01,2.914474248886108398e+00,1.600000000000000000e+01,0.000000000000000000e+00
-1.190639376640319824e+00,3.252198219299316406e+00,1.600000000000000000e+01,0.000000000000000000e+00
-1.851071476936340332e+00,4.437584877014160156e+00,1.600000000000000000e+01,0.000000000000000000e+00
-1.892067551612854004e+00,4.465407848358154297e+00,1.600000000000000000e+01,0.000000000000000000e+00
-1.561880707740783691e+00,4.466766834259033203e+00,1.600000000000000000e+01,0.000000000000000000e+00
-7.285083532333374023e-01,2.573287248611450195e+00,1.600000000000000000e+01,0.000000000000000000e+00
-1.559729099273681641e+00,4.431812286376953125e+00,1.600000000000000000e+01,0.000000000000000000e+00
-1.822950124740600586e+00,4.553610801696777344e+00,1.600000000000000000e+01,0.000000000000000000e+00
-1.605302095413208008e+00,4.622483253479003906e+00,1.600000000000000000e+01,0.000000000000000000e+00
-1.624444842338562012e+00,4.604003906250000000e+00,1.600000000000000000e+01,0.000000000000000000e+00
-5.333007574081420898e-01,2.304188489913940430e+00,1.600000000000000000e+01,0.000000000000000000e+00
-1.117681384086608887e+00,3.148355007171630859e+00,1.600000000000000000e+01,0.000000000000000000e+00
-1.592502832412719727e+00,4.620127677917480469e+00,1.600000000000000000e+01,0.000000000000000000e+00
-7.660724520683288574e-01,2.625668764114379883e+00,1.600000000000000000e+01,0.000000000000000000e+00
-1.591374158859252930e+00,4.330498218536376953e+00,1.600000000000000000e+01,0.000000000000000000e+00
-1.511529803276062012e+00,4.820697784423828125e+00,1.600000000000000000e+01,0.000000000000000000e+00
-1.222667813301086426e+00,5.241318225860595703e+00,1.600000000000000000e+01,0.000000000000000000e+00
-1.614108085632324219e+00,4.028172969818115234e+00,1.600000000000000000e+01,0.000000000000000000e+00
-1.550012350082397461e+00,4.714357376098632812e+00,1.600000000000000000e+01,0.000000000000000000e+00
-1.872441411018371582e+00,4.520126342773437500e+00,1.600000000000000000e+01,0.000000000000000000e+00
-9.229090809822082520e-01,2.840430974960327148e+00,1.600000000000000000e+01,0.000000000000000000e+00
-7.270150184631347656e-01,2.573647260665893555e+00,1.600000000000000000e+01,0.000000000000000000e+00
-1.474766850471496582e+00,3.700951814651489258e+00,1.600000000000000000e+01,0.000000000000000000e+00
-1.724582076072692871e+00,4.572457313537597656e+00,1.600000000000000000e+01,0.000000000000000000e+00
-1.580958604812622070e+00,4.416268348693847656e+00,1.600000000000000000e+01,0.000000000000000000e+00
-8.027693033218383789e-01,2.673848390579223633e+00,1.600000000000000000e+01,0.000000000000000000e+00
-1.892285466194152832e+00,4.485797405242919922e+00,1.600000000000000000e+01,0.000000000000000000e+00
-1.278723359107971191e+00,5.202334403991699219e+00,1.600000000000000000e+01,0.000000000000000000e+00
-1.557874083518981934e+00,4.484311580657958984e+00,1.600000000000000000e+01,0.000000000000000000e+00
-1.540323972702026367e+00,4.760139942169189453e+00,1.600000000000000000e+01,0.000000000000000000e+00
-1.581195235252380371e+00,3.943531990051269531e+00,1.600000000000000000e+01,0.000000000000000000e+00
-5.292224884033203125e-01,2.299080133438110352e+00,1.600000000000000000e+01,0.000000000000000000e+00
-1.877805829048156738e+00,4.516878128051757812e+00,1.600000000000000000e+01,0.000000000000000000e+00
-5.135570764541625977e-01,2.281271457672119141e+00,1.600000000000000000e+01,0.000000000000000000e+00
-1.545775055885314941e+00,4.511368274688720703e+00,1.600000000000000000e+01,0.000000000000000000e+00
-8.081626296043395996e-01,2.680234193801879883e+00,1.600000000000000000e+01,0.000000000000000000e+00
-1.284016728401184082e+00,3.386339426040649414e+00,1.600000000000000000e+01,0.000000000000000000e+00
-8.169993758201599121e-01,2.692697286605834961e+00,1.600000000000000000e+01,0.000000000000000000e+00
-1.230745315551757812e+00,5.223557949066162109e+00,1.600000000000000000e+01,0.000000000000000000e+00
-1.474424719810485840e+00,4.828313827514648438e+00,1.600000000000000000e+01,0.000000000000000000e+00
-8.072616457939147949e-01,2.683604001998901367e+00,1.600000000000000000e+01,0.000000000000000000e+00
-9.340904355049133301e-01,2.846908569335937500e+00,1.600000000000000000e+01,0.000000000000000000e+00
-1.217697024345397949e+00,5.234082698822021484e+00,1.600000000000000000e+01,0.000000000000000000e+00
-9.812088012695312500e-01,2.925512790679931641e+00,1.600000000000000000e+01,0.000000000000000000e+00
-1.558534502983093262e+00,4.222095966339111328e+00,1.600000000000000000e+01,0.000000000000000000e+00
-1.227793812751770020e+00,3.301378965377807617e+00,1.600000000000000000e+01,0.000000000000000000e+00
-1.253550648689270020e+00,3.337693452835083008e+00,1.600000000000000000e+01,0.000000000000000000e+00
-1.331707119941711426e+00,3.457948923110961914e+00,1.600000000000000000e+01,0.000000000000000000e+00
-9.775262475013732910e-01,2.915670633316040039e+00,1.600000000000000000e+01,0.000000000000000000e+00
-1.899401068687438965e+00,4.508420467376708984e+00,1.600000000000000000e+01,0.000000000000000000e+00
-8.592873215675354004e-01,2.750389337539672852e+00,1.600000000000000000e+01,0.000000000000000000e+00
-7.987403273582458496e-01,2.669007778167724609e+00,1.600000000000000000e+01,0.000000000000000000e+00
-1.559206366539001465e+00,4.733802795410156250e+00,1.600000000000000000e+01,0.000000000000000000e+00
-1.372133016586303711e+00,3.526053667068481445e+00,1.600000000000000000e+01,0.000000000000000000e+00
-1.030543088912963867e+00,3.015680074691772461e+00,1.600000000000000000e+01,0.000000000000000000e+00
-1.303657889366149902e+00,3.415031671524047852e+00,1.600000000000000000e+01,0.000000000000000000e+00
-1.241081476211547852e+00,5.204006671905517578e+00,1.600000000000000000e+01,0.000000000000000000e+00
-8.025342822074890137e-01,2.674610137939453125e+00,1.600000000000000000e+01,0.000000000000000000e+00
-1.261840343475341797e+00,3.352505445480346680e+00,1.600000000000000000e+01,0.000000000000000000e+00
-5.167528986930847168e-01,2.284797906875610352e+00,1.600000000000000000e+01,0.000000000000000000e+00
-1.072218060493469238e+00,3.115719556808471680e+00,1.600000000000000000e+01,0.000000000000000000e+00
-6.304598450660705566e-01,2.439334154129028320e+00,1.600000000000000000e+01,0.000000000000000000e+00
-1.148017764091491699e+00,5.269492149353027344e+00,9.000000000000000000e+00,0.000000000000000000e+00
-1.643219113349914551e+00,4.115948677062988281e+00,1.600000000000000000e+01,0.000000000000000000e+00
-5.257825255393981934e-01,2.298280000686645508e+00,1.600000000000000000e+01,0.000000000000000000e+00
-9.967620372772216797e-01,2.947591304779052734e+00,1.600000000000000000e+01,0.000000000000000000e+00
-1.210887074470520020e+00,5.207246303558349609e+00,1.600000000000000000e+01,0.000000000000000000e+00
-1.270345568656921387e+00,3.359654903411865234e+00,1.600000000000000000e+01,0.000000000000000000e+00
-1.054669499397277832e+00,3.116785526275634766e+00,1.600000000000000000e+01,0.000000000000000000e+00
-1.618239641189575195e+00,4.017933368682861328e+00,1.600000000000000000e+01,0.000000000000000000e+00
-1.661933541297912598e+00,4.616442203521728516e+00,1.600000000000000000e+01,0.000000000000000000e+00
-1.885917186737060547e+00,4.507261276245117188e+00,1.600000000000000000e+01,0.000000000000000000e+00
-1.549575328826904297e+00,4.719040870666503906e+00,1.600000000000000000e+01,0.000000000000000000e+00
-1.499969720840454102e+00,3.750540018081665039e+00,1.600000000000000000e+01,0.000000000000000000e+00
-1.298729777336120605e+00,3.398069381713867188e+00,1.600000000000000000e+01,0.000000000000000000e+00
-1.213912010192871094e+00,5.225902080535888672e+00,1.600000000000000000e+01,0.000000000000000000e+00
-1.546957731246948242e+00,4.511787414550781250e+00,1.600000000000000000e+01,0.000000000000000000e+00
-7.383133172988891602e-01,2.591591835021972656e+00,1.600000000000000000e+01,0.000000000000000000e+00
-7.216013669967651367e-01,2.565434455871582031e+00,1.600000000000000000e+01,0.000000000000000000e+00
-1.520388722419738770e+00,3.782448291778564453e+00,1.600000000000000000e+01,0.000000000000000000e+00
-1.555218458175659180e+00,3.950641632080078125e+00,1.600000000000000000e+01,0.000000000000000000e+00
-1.464028477668762207e+00,3.677723646163940430e+00,1.600000000000000000e+01,0.000000000000000000e+00
-1.411304950714111328e+00,3.591620683670043945e+00,1.600000000000000000e+01,0.000000000000000000e+00
-1.270436525344848633e+00,5.187573909759521484e+00,1.600000000000000000e+01,0.000000000000000000e+00
-5.180974602699279785e-01,2.285853147506713867e+00,1.600000000000000000e+01,0.000000000000000000e+00
-1.226221919059753418e+00,5.233664035797119141e+00,1.600000000000000000e+01,0.000000000000000000e+00
-1.608449697494506836e+00,4.578852176666259766e+00,1.600000000000000000e+01,0.000000000000000000e+00
-1.536362290382385254e+00,3.849701166152954102e+00,1.600000000000000000e+01,0.000000000000000000e+00
-1.864757418632507324e+00,4.509978294372558594e+00,1.600000000000000000e+01,0.000000000000000000e+00
-1.540017604827880859e+00,3.872066974639892578e+00,1.600000000000000000e+01,0.000000000000000000e+00
-1.228184580802917480e+00,5.213429450988769531e+00,1.600000000000000000e+01,0.000000000000000000e+00
-1.436726331710815430e+00,4.863191604614257812e+00,1.600000000000000000e+01,0.000000000000000000e+00
-1.900413632392883301e+00,4.507197856903076172e+00,1.600000000000000000e+01,0.000000000000000000e+00
1.730261039733886719e+01,-7.406431674957275391e+00,1.000000000000000000e+01,0.000000000000000000e+00
-1.257769346237182617e+00,5.163273334503173828e+00,1.600000000000000000e+01,0.000000000000000000e+00
-1.847910284996032715e+00,4.413648128509521484e+00,1.600000000000000000e+01,0.000000000000000000e+00
-1.234282255172729492e+00,5.215667247772216797e+00,1.600000000000000000e+01,0.000000000000000000e+00
-5.329911112785339355e-01,2.302776575088500977e+00,1.600000000000000000e+01,0.000000000000000000e+00
-1.232798099517822266e+00,5.218387126922607422e+00,1.600000000000000000e+01,0.000000000000000000e+00
-1.300443291664123535e+00,3.414340496063232422e+00,1.600000000000000000e+01,0.000000000000000000e+00
-1.477009415626525879e+00,3.734572887420654297e+00,1.600000000000000000e+01,0.000000000000000000e+00
-1.865200281143188477e+00,4.516746044158935547e+00,1.600000000000000000e+01,0.000000000000000000e+00
-1.585222601890563965e+00,4.648496150970458984e+00,1.600000000000000000e+01,0.000000000000000000e+00
-1.299477934837341309e+00,3.409397363662719727e+00,1.600000000000000000e+01,0.000000000000000000e+00
-1.606009364128112793e+00,3.976333141326904297e+00,1.600000000000000000e+01,0.000000000000000000e+00
-1.568078279495239258e+00,4.521632194519042969e+00,1.600000000000000000e+01,0.000000000000000000e+00
-1.198365092277526855e+00,5.238079547882080078e+00,1.600000000000000000e+01,0.000000000000000000e+00
-1.558521151542663574e+00,3.892631053924560547e+00,1.600000000000000000e+01,0.000000000000000000e+00
-1.277461290359497070e+00,3.377045392990112305e+00,1.600000000000000000e+01,0.000000000000000000e+00
-1.615639925003051758e+00,4.026172637939453125e+00,1.600000000000000000e+01,0.000000000000000000e+00
-1.215115666389465332e+00,3.289546251296997070e+00,1.600000000000000000e+01,0.000000000000000000e+00
-1.419845938682556152e+00,4.882055759429931641e+00,1.600000000000000000e+01,0.000000000000000000e+00
-1.036208868026733398e+00,3.019402027130126953e+00,1.600000000000000000e+01,0.000000000000000000e+00
-1.035245537757873535e+00,3.173226118087768555e+00,1.600000000000000000e+01,0.000000000000000000e+00
-1.221648693084716797e+00,5.234662055969238281e+00,1.600000000000000000e+01,0.000000000000000000e+00
-9.918565750122070312e-01,2.960724115371704102e+00,1.600000000000000000e+01,0.000000000000000000e+00
-1.617968201637268066e+00,4.189401626586914062e+00,1.600000000000000000e+01,0.000000000000000000e+00
-1.718029856681823730e+00,4.246449947357177734e+00,1.600000000000000000e+01,0.000000000000000000e+00
-1.471134781837463379e+00,3.688257694244384766e+00,1.600000000000000000e+01,0.000000000000000000e+00
-1.257442712783813477e+00,5.208937168121337891e+00,1.600000000000000000e+01,0.000000000000000000e+00
-1.344266891479492188e+00,5.016621589660644531e+00,1.600000000000000000e+01,0.000000000000000000e+00
-1.555623888969421387e+00,4.511191368103027344e+00,1.600000000000000000e+01,0.000000000000000000e+00
-7.314274907112121582e-01,2.579009056091308594e+00,1.600000000000000000e+01,0.000000000000000000e+00
-1.478571534156799316e+00,4.764321804046630859e+00,1.600000000000000000e+01,0.000000000000000000e+00
-1.636629223823547363e+00,4.675655841827392578e+00,1.600000000000000000e+01,0.000000000000000000e+00
-5.620152354240417480e-01,2.348102569580078125e+00,1.600000000000000000e+01,0.000000000000000000e+00
-1.273741722106933594e+00,5.188414573669433594e+00,1.600000000000000000e+01,0.000000000000000000e+00
-8.712754845619201660e-01,2.765547037124633789e+00,9.000000000000000000e+00,0.000000000000000000e+00
-1.569828748703002930e+00,4.075898170471191406e+00,1.600000000000000000e+01,0.000000000000000000e+00
-1.240028500556945801e+00,5.221053123474121094e+00,1.600000000000000000e+01,0.000000000000000000e+00
-1.533839225769042969e+00,4.780709743499755859e+00,1.600000000000000000e+01,0.000000000000000000e+00
-1.222261667251586914e+00,5.187506198883056641e+00,1.600000000000000000e+01,0.000000000000000000e+00
-9.854930043220520020e-01,2.926964282989501953e+00,1.600000000000000000e+01,0.000000000000000000e+00
-1.638361096382141113e+00,4.636903762817382812e+00,1.600000000000000000e+01,0.000000000000000000e+00
-5.331506133079528809e-01,2.303341150283813477e+00,1.600000000000000000e+01,0.000000000000000000e+00
-1.494307875633239746e+00,3.743939638137817383e+00,1.600000000000000000e+01,0.000000000000000000e+00
-9.693315625190734863e-01,2.922405481338500977e+00,1.600000000000000000e+01,0.000000000000000000e+00
-1.549383997917175293e+00,4.447562217712402344e+00,1.600000000000000000e+01,0.000000000000000000e+00
-1.220502734184265137e+00,5.231972694396972656e+00,1.600000000000000000e+01,0.000000000000000000e+00
-1.118677020072937012e+00,3.143959283828735352e+00,1.600000000000000000e+01,0.000000000000000000e+00
-1.260754108428955078e+00,3.358277320861816406e+00,1.600000000000000000e+01,0.000000000000000000e+00
-1.843568325042724609e+00,4.533095836639404297e+00,1.600000000000000000e+01,0.000000000000000000e+00
-9.320888519287109375e-01,2.850646257400512695e+00,1.600000000000000000e+01,0.000000000000000000e+00
-1.569173693656921387e+00,4.739686489105224609e+00,1.600000000000000000e+01,0.000000000000000000e+00
-7.674180269241333008e-01,2.627629041671752930e+00,1.600000000000000000e+01,0.000000000000000000e+00
-1.571955561637878418e+00,4.529058933258056641e+00,1.600000000000000000e+01,0.000000000000000000e+00
-1.532611131668090820e+00,3.835445880889892578e+00,1.600000000000000000e+01,0.000000000000000000e+00
-9.626125693321228027e-01,2.883600234985351562e+00,1.600000000000000000e+01,0.000000000000000000e+00
-1.863028645515441895e+00,4.484066009521484375e+00,9.000000000000000000e+00,0.000000000000000000e+00
-7.669338583946228027e-01,2.628825664520263672e+00,1.600000000000000000e+01,0.000000000000000000e+00
-5.103265047073364258e-01,2.275924921035766602e+00,1.600000000000000000e+01,0.000000000000000000e+00
-1.471757292747497559e+00,3.704880475997924805e+00,1.600000000000000000e+01,0.000000000000000000e+00
-9.485548138618469238e-01,2.871677160263061523e+00,1.600000000000000000e+01,0.000000000000000000e+00
-1.531613349914550781e+00,3.786025285720825195e+00,1.600000000000000000e+01,0.000000000000000000e+00
-1.221668004989624023e+00,5.220251560211181641e+00,1.600000000000000000e+01,0.000000000000000000e+00
-1.631123661994934082e+00,4.087207317352294922e+00,1.600000000000000000e+01,0.000000000000000000e+00
-1.440402030944824219e+00,3.639553070068359375e+00,1.600000000000000000e+01,0.000000000000000000e+00
-1.136420607566833496e+00,3.169351577758789062e+00,1.600000000000000000e+01,0.000000000000000000e+00
-7.388569712638854980e-01,2.597239255905151367e+00,1.600000000000000000e+01,0.000000000000000000e+00
-1.787763953208923340e+00,4.543767929077148438e+00,1.600000000000000000e+01,0.000000000000000000e+00
-1.240993142127990723e+00,5.241141796112060547e+00,1.600000000000000000e+01,0.000000000000000000e+00
-1.093644738197326660e+00,3.095065832138061523e+00,1.600000000000000000e+01,0.000000000000000000e+00
-8.871715068817138672e-01,2.776409387588500977e+00,1.600000000000000000e+01,0.000000000000000000e+00
-9.573656916618347168e-01,2.877744913101196289e+00,1.600000000000000000e+01,0.000000000000000000e+00
-5.312813520431518555e-01,2.302398681640625000e+00,1.600000000000000000e+01,0.000000000000000000e+00
-6.448543071746826172e-01,2.461445808410644531e+00,1.600000000000000000e+01,0.000000000000000000e+00
-5.270293951034545898e-01,2.298418998718261719e+00,1.600000000000000000e+01,0.000000000000000000e+00
-1.578496575355529785e+00,4.036047458648681641e+00,1.600000000000000000e+01,0.000000000000000000e+00
-1.831295013427734375e+00,4.546590805053710938e+00,1.600000000000000000e+01,0.000000000000000000e+00
-1.506534218788146973e+00,3.698676824569702148e+00,1.600000000000000000e+01,0.000000000000000000e+00
-1.205626606941223145e+00,5.232511520385742188e+00,1.600000000000000000e+01,0.000000000000000000e+00
-1.250102281570434570e+00,5.212877750396728516e+00,1.600000000000000000e+01,0.000000000000000000e+00
-1.226555824279785156e+00,5.234421730041503906e+00,1.600000000000000000e+01,0.000000000000000000e+00
-1.230002164840698242e+00,5.217333793640136719e+00,1.600000000000000000e+01,0.000000000000000000e+00
-1.463299989700317383e+00,3.692910671234130859e+00,1.600000000000000000e+01,0.000000000000000000e+00
-1.881945133209228516e+00,4.464150905609130859e+00,1.600000000000000000e+01,0.000000000000000000e+00
-5.496448278427124023e-01,2.301452875137329102e+00,1.600000000000000000e+01,0.000000000000000000e+00
-1.550755143165588379e+00,4.481828689575195312e+00,1.600000000000000000e+01,0.000000000000000000e+00
-1.213334083557128906e+00,3.296841382980346680e+00,1.600000000000000000e+01,0.000000000000000000e+00
-1.219964146614074707e+00,5.227388858795166016e+00,1.600000000000000000e+01,0.000000000000000000e+00
-1.212607622146606445e+00,5.232655525207519531e+00,1.600000000000000000e+01,0.000000000000000000e+00
1.826160240173339844e+01,1.425717067718505859e+01,1.300000000000000000e+01,0.000000000000000000e+00
1.841782569885253906e+01,1.486159610748291016e+01,1.300000000000000000e+01,0.000000000000000000e+00
1.838825798034667969e+01,1.504686927795410156e+01,1.300000000000000000e+01,0.000000000000000000e+00
1.835514831542968750e+01,1.477830505371093750e+01,1.300000000000000000e+01,0.000000000000000000e+00
1.854067420959472656e+01,1.413321018218994141e+01,1.300000000000000000e+01,0.000000000000000000e+00
1.771488380432128906e+01,1.414424419403076172e+01,1.300000000000000000e+01,0.000000000000000000e+00
1.848817062377929688e+01,1.447423267364501953e+01,1.300000000000000000e+01,0.000000000000000000e+00
1.773731422424316406e+01,1.428218555450439453e+01,1.300000000000000000e+01,0.000000000000000000e+00
1.787268638610839844e+01,1.397870826721191406e+01,1.300000000000000000e+01,0.000000000000000000e+00
1.852309417724609375e+01,1.458960533142089844e+01,1.300000000000000000e+01,0.000000000000000000e+00
1.863623237609863281e+01,1.428088951110839844e+01,1.300000000000000000e+01,0.000000000000000000e+00
1.772223091125488281e+01,1.424004936218261719e+01,1.300000000000000000e+01,0.000000000000000000e+00
1.804711532592773438e+01,1.403761959075927734e+01,1.300000000000000000e+01,0.000000000000000000e+00
1.853188896179199219e+01,1.478289508819580078e+01,1.300000000000000000e+01,0.000000000000000000e+00
1.838380432128906250e+01,1.477012825012207031e+01,1.300000000000000000e+01,0.000000000000000000e+00
1.815602302551269531e+01,1.510091972351074219e+01,1.300000000000000000e+01,0.000000000000000000e+00
1.816784477233886719e+01,1.445146846771240234e+01,1.300000000000000000e+01,0.000000000000000000e+00
1.811725997924804688e+01,1.400103950500488281e+01,1.300000000000000000e+01,0.000000000000000000e+00
1.771302795410156250e+01,1.423084831237792969e+01,1.300000000000000000e+01,0.000000000000000000e+00
1.806867408752441406e+01,1.382457733154296875e+01,1.300000000000000000e+01,0.000000000000000000e+00
1.827686500549316406e+01,1.488008594512939453e+01,1.300000000000000000e+01,0.000000000000000000e+00
1.798429107666015625e+01,1.400413417816162109e+01,1.300000000000000000e+01,0.000000000000000000e+00
1.808620071411132812e+01,1.502828788757324219e+01,1.300000000000000000e+01,0.000000000000000000e+00
1.857112121582031250e+01,1.476176548004150391e+01,1.300000000000000000e+01,0.000000000000000000e+00
1.848287773132324219e+01,1.417118549346923828e+01,1.300000000000000000e+01,0.000000000000000000e+00
1.770085525512695312e+01,1.416296100616455078e+01,1.300000000000000000e+01,0.000000000000000000e+00
1.844095611572265625e+01,1.430104923248291016e+01,1.300000000000000000e+01,0.000000000000000000e+00
1.866386985778808594e+01,1.432137775421142578e+01,1.300000000000000000e+01,0.000000000000000000e+00
1.771026611328125000e+01,1.418627738952636719e+01,1.300000000000000000e+01,0.000000000000000000e+00
1.779851150512695312e+01,1.437752437591552734e+01,1.300000000000000000e+01,0.000000000000000000e+00
1.855434608459472656e+01,1.435878944396972656e+01,1.300000000000000000e+01,0.000000000000000000e+00
1.823314094543457031e+01,1.476546478271484375e+01,1.300000000000000000e+01,0.000000000000000000e+00
1.783098411560058594e+01,1.413553524017333984e+01,1.300000000000000000e+01,0.000000000000000000e+00
1.810206031799316406e+01,1.383282279968261719e+01,1.300000000000000000e+01,0.000000000000000000e+00
1.806914520263671875e+01,1.498484516143798828e+01,1.300000000000000000e+01,0.000000000000000000e+00
1.816807937622070312e+01,1.486278057098388672e+01,1.300000000000000000e+01,0.000000000000000000e+00
1.780050659179687500e+01,1.425965499877929688e+01,1.300000000000000000e+01,0.000000000000000000e+00
1.829175949096679688e+01,1.499761486053466797e+01,1.300000000000000000e+01,0.000000000000000000e+00
1.831754493713378906e+01,1.457100009918212891e+01,1.300000000000000000e+01,0.000000000000000000e+00
1.804582214355468750e+01,1.502719879150390625e+01,1.300000000000000000e+01,0.000000000000000000e+00
1.828462028503417969e+01,1.515067672729492188e+01,1.300000000000000000e+01,0.000000000000000000e+00
1.849937438964843750e+01,1.432247543334960938e+01,1.300000000000000000e+01,0.000000000000000000e+00
1.827847480773925781e+01,1.494909286499023438e+01,1.300000000000000000e+01,0.000000000000000000e+00
1.772959709167480469e+01,1.429233455657958984e+01,1.300000000000000000e+01,0.000000000000000000e+00
1.831953048706054688e+01,1.506075191497802734e+01,1.300000000000000000e+01,0.000000000000000000e+00
1.846531486511230469e+01,1.409195899963378906e+01,1.300000000000000000e+01,0.000000000000000000e+00
1.859796714782714844e+01,1.471652126312255859e+01,1.300000000000000000e+01,0.000000000000000000e+00
1.834319686889648438e+01,1.503217697143554688e+01,1.300000000000000000e+01,0.000000000000000000e+00
1.817654991149902344e+01,1.507391929626464844e+01,1.300000000000000000e+01,0.000000000000000000e+00
1.840340805053710938e+01,1.493381500244140625e+01,1.300000000000000000e+01,0.000000000000000000e+00
1.815571212768554688e+01,1.395859432220458984e+01,1.300000000000000000e+01,0.000000000000000000e+00
1.783275413513183594e+01,1.402088069915771484e+01,1.300000000000000000e+01,0.000000000000000000e+00
1.864429092407226562e+01,1.425931072235107422e+01,1.300000000000000000e+01,0.000000000000000000e+00
1.837699890136718750e+01,1.500886154174804688e+01,1.300000000000000000e+01,0.000000000000000000e+00
1.837547492980957031e+01,1.464158916473388672e+01,1.300000000000000000e+01,0.000000000000000000e+00
1.821256637573242188e+01,1.464715385437011719e+01,1.300000000000000000e+01,0.000000000000000000e+00
1.804927062988281250e+01,1.498064327239990234e+01,1.300000000000000000e+01,0.000000000000000000e+00
1.781837844848632812e+01,1.450112247467041016e+01,1.300000000000000000e+01,0.000000000000000000e+00
1.825819969177246094e+01,1.418620681762695312e+01,1.300000000000000000e+01,0.000000000000000000e+00
1.828346824645996094e+01,1.464391422271728516e+01,1.300000000000000000e+01,0.000000000000000000e+00
1.850881576538085938e+01,1.418144989013671875e+01,1.300000000000000000e+01,0.000000000000000000e+00
1.867156219482421875e+01,1.434438705444335938e+01,1.300000000000000000e+01,0.000000000000000000e+00
1.822761917114257812e+01,1.463139343261718750e+01,1.300000000000000000e+01,0.000000000000000000e+00
1.857547378540039062e+01,1.418597126007080078e+01,1.300000000000000000e+01,0.000000000000000000e+00
1.819357872009277344e+01,1.462615203857421875e+01,1.300000000000000000e+01,0.000000000000000000e+00
1.800102233886718750e+01,1.384086322784423828e+01,1.300000000000000000e+01,0.000000000000000000e+00
1.838647270202636719e+01,1.497679519653320312e+01,1.300000000000000000e+01,0.000000000000000000e+00
1.770726013183593750e+01,1.418639087677001953e+01,1.300000000000000000e+01,0.000000000000000000e+00
1.854702758789062500e+01,1.411151409149169922e+01,1.300000000000000000e+01,0.000000000000000000e+00
1.786018562316894531e+01,1.427541351318359375e+01,1.300000000000000000e+01,0.000000000000000000e+00
1.784902000427246094e+01,1.432998561859130859e+01,1.300000000000000000e+01,0.000000000000000000e+00
1.860270881652832031e+01,1.478286075592041016e+01,1.300000000000000000e+01,0.000000000000000000e+00
1.852781105041503906e+01,1.408471393585205078e+01,1.300000000000000000e+01,0.000000000000000000e+00
1.849623298645019531e+01,1.449335765838623047e+01,1.300000000000000000e+01,0.000000000000000000e+00
1.767986679077148438e+01,1.430659198760986328e+01,1.300000000000000000e+01,0.000000000000000000e+00
1.807504463195800781e+01,1.382055759429931641e+01,1.300000000000000000e+01,0.000000000000000000e+00
1.772564506530761719e+01,1.413646793365478516e+01,1.300000000000000000e+01,0.000000000000000000e+00
1.828030586242675781e+01,1.439826011657714844e+01,1.300000000000000000e+01,0.000000000000000000e+00
1.845901679992675781e+01,1.416928100585937500e+01,1.300000000000000000e+01,0.000000000000000000e+00
1.851005935668945312e+01,1.490152263641357422e+01,1.300000000000000000e+01,0.000000000000000000e+00
1.821527290344238281e+01,1.463345432281494141e+01,1.300000000000000000e+01,0.000000000000000000e+00
1.812069129943847656e+01,1.511880016326904297e+01,1.300000000000000000e+01,0.000000000000000000e+00
1.835907173156738281e+01,1.420820713043212891e+01,1.300000000000000000e+01,0.000000000000000000e+00
1.833683586120605469e+01,1.503293704986572266e+01,1.300000000000000000e+01,0.000000000000000000e+00
1.829682540893554688e+01,1.410727500915527344e+01,1.300000000000000000e+01,0.000000000000000000e+00
1.833424758911132812e+01,1.426172256469726562e+01,1.300000000000000000e+01,0.000000000000000000e+00
1.846048355102539062e+01,1.504755973815917969e+01,1.300000000000000000e+01,0.000000000000000000e+00
1.837154579162597656e+01,1.488818550109863281e+01,1.300000000000000000e+01,0.000000000000000000e+00
1.851894187927246094e+01,1.465929412841796875e+01,1.300000000000000000e+01,0.000000000000000000e+00
1.857666206359863281e+01,1.413245868682861328e+01,1.300000000000000000e+01,0.000000000000000000e+00
1.846245956420898438e+01,1.427791500091552734e+01,1.300000000000000000e+01,0.000000000000000000e+00
1.825503921508789062e+01,1.505448532104492188e+01,1.300000000000000000e+01,0.000000000000000000e+00
1.790713691711425781e+01,1.434116840362548828e+01,1.300000000000000000e+01,0.000000000000000000e+00
1.825672340393066406e+01,1.503782749176025391e+01,1.300000000000000000e+01,0.000000000000000000e+00
1.812682151794433594e+01,1.505916023254394531e+01,1.300000000000000000e+01,0.000000000000000000e+00
1.810275650024414062e+01,1.393718719482421875e+01,1.300000000000000000e+01,0.000000000000000000e+00
1.794929313659667969e+01,1.476767921447753906e+01,1.300000000000000000e+01,0.000000000000000000e+00
1.854255867004394531e+01,1.438501834869384766e+01,1.300000000000000000e+01,0.000000000000000000e+00
1.784673690795898438e+01,1.409627628326416016e+01,1.300000000000000000e+01,0.000000000000000000e+00
1.854957771301269531e+01,1.431814956665039062e+01,1.300000000000000000e+01,0.000000000000000000e+00
1.821980285644531250e+01,1.467486572265625000e+01,1.300000000000000000e+01,0.000000000000000000e+00
1.846277809143066406e+01,1.456426906585693359e+01,1.300000000000000000e+01,0.000000000000000000e+00
1.810408401489257812e+01,1.504228210449218750e+01,1.300000000000000000e+01,0.000000000000000000e+00
1.823783874511718750e+01,1.393569755554199219e+01,1.300000000000000000e+01,0.000000000000000000e+00
1.783481979370117188e+01,1.409416389465332031e+01,1.300000000000000000e+01,0.000000000000000000e+00
1.772464561462402344e+01,1.424486255645751953e+01,1.300000000000000000e+01,0.000000000000000000e+00
1.782339477539062500e+01,1.414332580566406250e+01,1.300000000000000000e+01,0.000000000000000000e+00
1.811498451232910156e+01,1.493007755279541016e+01,1.300000000000000000e+01,0.000000000000000000e+00
1.837705802917480469e+01,1.500486564636230469e+01,1.300000000000000000e+01,0.000000000000000000e+00
1.807187843322753906e+01,1.387295150756835938e+01,1.300000000000000000e+01,0.000000000000000000e+00
1.773137855529785156e+01,1.435049819946289062e+01,1.300000000000000000e+01,0.000000000000000000e+00
1.814388465881347656e+01,1.508730888366699219e+01,1.300000000000000000e+01,0.000000000000000000e+00
1.839426422119140625e+01,1.430493259429931641e+01,1.300000000000000000e+01,0.000000000000000000e+00
1.837623214721679688e+01,1.500133419036865234e+01,1.300000000000000000e+01,0.000000000000000000e+00
1.828221130371093750e+01,1.404196357727050781e+01,1.300000000000000000e+01,0.000000000000000000e+00
1.819491958618164062e+01,1.389311122894287109e+01,1.300000000000000000e+01,0.000000000000000000e+00
1.836422729492187500e+01,1.510202789306640625e+01,1.300000000000000000e+01,0.000000000000000000e+00
1.846879577636718750e+01,1.462059211730957031e+01,1.300000000000000000e+01,0.000000000000000000e+00
1.814576530456542969e+01,1.387726688385009766e+01,1.300000000000000000e+01,0.000000000000000000e+00
1.825904846191406250e+01,1.463173389434814453e+01,1.300000000000000000e+01,0.000000000000000000e+00
1.807834053039550781e+01,1.502622795104980469e+01,1.300000000000000000e+01,0.000000000000000000e+00
1.822667694091796875e+01,1.414999294281005859e+01,1.300000000000000000e+01,0.000000000000000000e+00
1.809713363647460938e+01,1.502990245819091797e+01,1.300000000000000000e+01,0.000000000000000000e+00
1.839659118652343750e+01,1.406419086456298828e+01,1.300000000000000000e+01,0.000000000000000000e+00
1.866534042358398438e+01,1.427527046203613281e+01,1.300000000000000000e+01,0.000000000000000000e+00
1.837920188903808594e+01,1.481743621826171875e+01,1.300000000000000000e+01,0.000000000000000000e+00
1.831036758422851562e+01,1.496829700469970703e+01,1.300000000000000000e+01,0.000000000000000000e+00
1.772221565246582031e+01,1.413657093048095703e+01,1.300000000000000000e+01,0.000000000000000000e+00
1.818330574035644531e+01,1.507527637481689453e+01,1.300000000000000000e+01,0.000000000000000000e+00
1.818148040771484375e+01,1.386881542205810547e+01,1.300000000000000000e+01,0.000000000000000000e+00
1.803204917907714844e+01,1.383363246917724609e+01,1.300000000000000000e+01,0.000000000000000000e+00
1.824840164184570312e+01,1.512787437438964844e+01,1.300000000000000000e+01,0.000000000000000000e+00
1.827861404418945312e+01,1.396761798858642578e+01,1.300000000000000000e+01,0.000000000000000000e+00
1.868919563293457031e+01,1.427712154388427734e+01,1.300000000000000000e+01,0.000000000000000000e+00
1.812826728820800781e+01,1.485833930969238281e+01,1.300000000000000000e+01,0.000000000000000000e+00
1.865841865539550781e+01,1.429290199279785156e+01,1.300000000000000000e+01,0.000000000000000000e+00
1.854200744628906250e+01,1.458927154541015625e+01,1.300000000000000000e+01,0.000000000000000000e+00
1.780987739562988281e+01,1.404237461090087891e+01,1.300000000000000000e+01,0.000000000000000000e+00
1.837246513366699219e+01,1.458943462371826172e+01,1.300000000000000000e+01,0.000000000000000000e+00
1.816863441467285156e+01,1.427146434783935547e+01,1.300000000000000000e+01,0.000000000000000000e+00
1.844316101074218750e+01,1.456801891326904297e+01,1.300000000000000000e+01,0.000000000000000000e+00
1.839889335632324219e+01,1.434167194366455078e+01,1.300000000000000000e+01,0.000000000000000000e+00
1.855830574035644531e+01,1.414135265350341797e+01,1.300000000000000000e+01,0.000000000000000000e+00
1.834833526611328125e+01,1.427709102630615234e+01,1.300000000000000000e+01,0.000000000000000000e+00
1.785272216796875000e+01,1.436219596862792969e+01,1.300000000000000000e+01,0.000000000000000000e+00
1.843708229064941406e+01,1.506386280059814453e+01,1.300000000000000000e+01,0.000000000000000000e+00
1.862765502929687500e+01,1.423821353912353516e+01,1.300000000000000000e+01,0.000000000000000000e+00
1.777631568908691406e+01,1.405276203155517578e+01,1.300000000000000000e+01,0.000000000000000000e+00
1.811087989807128906e+01,1.386208057403564453e+01,1.300000000000000000e+01,0.000000000000000000e+00
1.830650711059570312e+01,1.434287166595458984e+01,1.300000000000000000e+01,0.000000000000000000e+00
1.814227485656738281e+01,1.513199615478515625e+01,1.300000000000000000e+01,0.000000000000000000e+00
1.786228752136230469e+01,1.397198486328125000e+01,1.300000000000000000e+01,0.000000000000000000e+00
1.768763351440429688e+01,1.415221500396728516e+01,1.300000000000000000e+01,0.000000000000000000e+00
1.812594795227050781e+01,1.500935935974121094e+01,1.300000000000000000e+01,0.000000000000000000e+00
1.836794662475585938e+01,1.501122093200683594e+01,1.300000000000000000e+01,0.000000000000000000e+00
1.852154922485351562e+01,1.460536193847656250e+01,1.300000000000000000e+01,0.000000000000000000e+00
1.828622245788574219e+01,1.447556495666503906e+01,1.300000000000000000e+01,0.000000000000000000e+00
1.511231327056884766e+01,-1.191397905349731445e+00,9.000000000000000000e+00,0.000000000000000000e+00
1.824297523498535156e+01,1.453358745574951172e+01,1.300000000000000000e+01,0.000000000000000000e+00
1.807131385803222656e+01,1.383180713653564453e+01,1.300000000000000000e+01,0.000000000000000000e+00
1.808690643310546875e+01,1.507065010070800781e+01,1.300000000000000000e+01,0.000000000000000000e+00
1.827207565307617188e+01,1.487631225585937500e+01,1.300000000000000000e+01,0.000000000000000000e+00
1.826660156250000000e+01,1.504255390167236328e+01,1.300000000000000000e+01,0.000000000000000000e+00
1.771706390380859375e+01,1.412932586669921875e+01,1.300000000000000000e+01,0.000000000000000000e+00
1.849405288696289062e+01,1.397492504119873047e+01,9.000000000000000000e+00,0.000000000000000000e+00
1.848166656494140625e+01,1.453876209259033203e+01,1.300000000000000000e+01,0.000000000000000000e+00
1.856844711303710938e+01,1.469808197021484375e+01,1.300000000000000000e+01,0.000000000000000000e+00
1.852337837219238281e+01,1.448039913177490234e+01,1.300000000000000000e+01,0.000000000000000000e+00
1.846917915344238281e+01,1.446775245666503906e+01,1.300000000000000000e+01,0.000000000000000000e+00
1.843565750122070312e+01,1.491870689392089844e+01,1.300000000000000000e+01,0.000000000000000000e+00
1.836029624938964844e+01,1.510753726959228516e+01,1.300000000000000000e+01,0.000000000000000000e+00
1.856429481506347656e+01,1.409459877014160156e+01,1.300000000000000000e+01,0.000000000000000000e+00
1.812298202514648438e+01,1.493227863311767578e+01,1.300000000000000000e+01,0.000000000000000000e+00
1.861287689208984375e+01,1.460605812072753906e+01,1.300000000000000000e+01,0.000000000000000000e+00
1.798782920837402344e+01,1.433392429351806641e+01,1.300000000000000000e+01,0.000000000000000000e+00
1.850394821166992188e+01,1.400033855438232422e+01,9.000000000000000000e+00,0.000000000000000000e+00
1.834943389892578125e+01,1.432113170623779297e+01,1.300000000000000000e+01,0.000000000000000000e+00
1.834367942810058594e+01,1.445164966583251953e+01,1.300000000000000000e+01,0.000000000000000000e+00
1.812166404724121094e+01,1.456742763519287109e+01,1.300000000000000000e+01,0.000000000000000000e+00
1.810870552062988281e+01,1.513361263275146484e+01,1.300000000000000000e+01,0.000000000000000000e+00
1.855568122863769531e+01,1.471382713317871094e+01,1.300000000000000000e+01,0.000000000000000000e+00
1.808079910278320312e+01,1.508788204193115234e+01,1.300000000000000000e+01,0.000000000000000000e+00
1.825490951538085938e+01,1.509876060485839844e+01,1.300000000000000000e+01,0.000000000000000000e+00
1.814335060119628906e+01,1.504781150817871094e+01,1.300000000000000000e+01,0.000000000000000000e+00
1.847659873962402344e+01,1.484812355041503906e+01,1.300000000000000000e+01,0.000000000000000000e+00
1.839425468444824219e+01,1.513267993927001953e+01,1.300000000000000000e+01,0.000000000000000000e+00
1.782881164550781250e+01,1.401850986480712891e+01,1.300000000000000000e+01,0.000000000000000000e+00
1.831644630432128906e+01,1.478695011138916016e+01,1.300000000000000000e+01,0.000000000000000000e+00
1.805970573425292969e+01,1.499746036529541016e+01,1.300000000000000000e+01,0.000000000000000000e+00
1.822888374328613281e+01,1.507957744598388672e+01,1.300000000000000000e+01,0.000000000000000000e+00
1.834016990661621094e+01,1.493340873718261719e+01,1.300000000000000000e+01,0.000000000000000000e+00
1.842630958557128906e+01,1.456913185119628906e+01,1.300000000000000000e+01,0.000000000000000000e+00
1.804350662231445312e+01,1.379057121276855469e+01,1.300000000000000000e+01,0.000000000000000000e+00
1.828992271423339844e+01,1.475854492187500000e+01,1.300000000000000000e+01,0.000000000000000000e+00
1.850540733337402344e+01,1.439732074737548828e+01,1.300000000000000000e+01,0.000000000000000000e+00
1.825940895080566406e+01,1.508776092529296875e+01,1.300000000000000000e+01,0.000000000000000000e+00
1.785759735107421875e+01,1.399819564819335938e+01,1.300000000000000000e+01,0.000000000000000000e+00
1.817269515991210938e+01,1.454986095428466797e+01,1.300000000000000000e+01,0.000000000000000000e+00
1.791708374023437500e+01,1.433552837371826172e+01,1.300000000000000000e+01,0.000000000000000000e+00
1.692905998229980469e+01,1.015556907653808594e+01,9.000000000000000000e+00,0.000000000000000000e+00
1.800668144226074219e+01,1.389594173431396484e+01,1.300000000000000000e+01,0.000000000000000000e+00
1.807688140869140625e+01,1.382658576965332031e+01,1.300000000000000000e+01,0.000000000000000000e+00
1.788583183288574219e+01,1.431740283966064453e+01,1.300000000000000000e+01,0.000000000000000000e+00
1.849904441833496094e+01,1.418216800689697266e+01,1.300000000000000000e+01,0.000000000000000000e+00
1.829110145568847656e+01,1.447736644744873047e+01,1.300000000000000000e+01,0.000000000000000000e+00
1.809936904907226562e+01,1.512508964538574219e+01,1.300000000000000000e+01,0.000000000000000000e+00
1.778891754150390625e+01,1.406120014190673828e+01,1.300000000000000000e+01,0.000000000000000000e+00
1.854587936401367188e+01,1.452561855316162109e+01,1.300000000000000000e+01,0.000000000000000000e+00
1.779086494445800781e+01,1.408469867706298828e+01,1.300000000000000000e+01,0.000000000000000000e+00
1.817601013183593750e+01,1.386700916290283203e+01,1.300000000000000000e+01,0.000000000000000000e+00
1.113222312927246094e+01,5.246198654174804688e+00,1.800000000000000000e+01,1.000000000000000000e+00
1.610035705566406250e+01,4.723148822784423828e+00,2.000000000000000000e+01,1.000000000000000000e+00
1.114946937561035156e+01,5.214175224304199219e+00,1.800000000000000000e+01,1.000000000000000000e+00
1.679841041564941406e+01,5.485441684722900391e+00,2.000000000000000000e+01,1.000000000000000000e+00
1.662375640869140625e+01,4.873960018157958984e+00,2.000000000000000000e+01,1.000000000000000000e+00
1.712351608276367188e+01,4.574766635894775391e+00,2.000000000000000000e+01,1.000000000000000000e+00
1.115063858032226562e+01,5.187130928039550781e+00,1.800000000000000000e+01,1.000000000000000000e+00
1.653271484375000000e+01,4.518611907958984375e+00,2.000000000000000000e+01,1.000000000000000000e+00
1.703762817382812500e+01,4.669157981872558594e+00,2.000000000000000000e+01,1.000000000000000000e+00
1.710788726806640625e+01,5.284232139587402344e+00,2.000000000000000000e+01,1.000000000000000000e+00
1.687681388854980469e+01,4.491003513336181641e+00,2.000000000000000000e+01,1.000000000000000000e+00
1.623840713500976562e+01,5.063782215118408203e+00,2.000000000000000000e+01,1.000000000000000000e+00
1.105995559692382812e+01,5.389270305633544922e+00,1.800000000000000000e+01,1.000000000000000000e+00
1.618325233459472656e+01,5.139171600341796875e+00,2.000000000000000000e+01,1.000000000000000000e+00
1.724832916259765625e+01,4.969462871551513672e+00,2.000000000000000000e+01,1.000000000000000000e+00
1.102121543884277344e+01,5.417696475982666016e+00,1.800000000000000000e+01,1.000000000000000000e+00
1.656057357788085938e+01,5.235713958740234375e+00,2.000000000000000000e+01,1.000000000000000000e+00
1.615024185180664062e+01,4.681715011596679688e+00,2.000000000000000000e+01,1.000000000000000000e+00
1.693386459350585938e+01,5.507617473602294922e+00,2.000000000000000000e+01,1.000000000000000000e+00
1.688679695129394531e+01,5.505915164947509766e+00,2.000000000000000000e+01,1.000000000000000000e+00
1.118151378631591797e+01,5.047689914703369141e+00,9.000000000000000000e+00,1.000000000000000000e+00
1.718708229064941406e+01,5.287692546844482422e+00,2.000000000000000000e+01,1.000000000000000000e+00
1.708633804321289062e+01,5.333377838134765625e+00,2.000000000000000000e+01,1.000000000000000000e+00
1.636628341674804688e+01,4.608245372772216797e+00,2.000000000000000000e+01,1.000000000000000000e+00
1.080952930450439453e+01,5.418985843658447266e+00,9.000000000000000000e+00,1.000000000000000000e+00
1.087386894226074219e+01,5.396885395050048828e+00,1.800000000000000000e+01,1.000000000000000000e+00
1.618036651611328125e+01,4.606271743774414062e+00,2.000000000000000000e+01,1.000000000000000000e+00
1.701304817199707031e+01,4.185184478759765625e+00,2.000000000000000000e+01,1.000000000000000000e+00
1.622867774963378906e+01,4.577791213989257812e+00,2.000000000000000000e+01,1.000000000000000000e+00
1.608565902709960938e+01,4.803620338439941406e+00,2.000000000000000000e+01,1.000000000000000000e+00
1.666303253173828125e+01,5.248206138610839844e+00,2.000000000000000000e+01,1.000000000000000000e+00
1.663225936889648438e+01,5.255429267883300781e+00,2.000000000000000000e+01,1.000000000000000000e+00
1.625219726562500000e+01,4.664583683013916016e+00,2.000000000000000000e+01,1.000000000000000000e+00
1.708846855163574219e+01,4.333860874176025391e+00,2.000000000000000000e+01,1.000000000000000000e+00
1.727608299255371094e+01,4.934418678283691406e+00,2.000000000000000000e+01,1.000000000000000000e+00
1.682001876831054688e+01,4.897310256958007812e+00,2.000000000000000000e+01,1.000000000000000000e+00
1.711741447448730469e+01,5.340935230255126953e+00,2.000000000000000000e+01,1.000000000000000000e+00
1.736643028259277344e+01,5.006123065948486328e+00,2.000000000000000000e+01,1.000000000000000000e+00
1.613019180297851562e+01,4.760781764984130859e+00,2.000000000000000000e+01,1.000000000000000000e+00
1.104413890838623047e+01,5.414384365081787109e+00,9.000000000000000000e+00,1.000000000000000000e+00
1.743138504028320312e+01,5.081014156341552734e+00,2.000000000000000000e+01,1.000000000000000000e+00
1.073935890197753906e+01,5.447882175445556641e+00,9.000000000000000000e+00,1.000000000000000000e+00
1.635422515869140625e+01,4.524513244628906250e+00,2.000000000000000000e+01,1.000000000000000000e+00
1.739772224426269531e+01,5.038147449493408203e+00,2.000000000000000000e+01,1.000000000000000000e+00
1.725891494750976562e+01,4.933310985565185547e+00,2.000000000000000000e+01,1.000000000000000000e+00
1.061313533782958984e+01,5.475463867187500000e+00,9.000000000000000000e+00,1.000000000000000000e+00
1.617313575744628906e+01,4.911628723144531250e+00,2.000000000000000000e+01,1.000000000000000000e+00
1.115485286712646484e+01,5.170267105102539062e+00,1.800000000000000000e+01,1.000000000000000000e+00
1.698517990112304688e+01,4.355139255523681641e+00,2.000000000000000000e+01,1.000000000000000000e+00
1.619389533996582031e+01,5.119596004486083984e+00,2.000000000000000000e+01,1.000000000000000000e+00
1.617476463317871094e+01,5.136432647705078125e+00,2.000000000000000000e+01,1.000000000000000000e+00
1.704215621948242188e+01,5.021036148071289062e+00,2.000000000000000000e+01,1.000000000000000000e+00
1.730550575256347656e+01,4.877861976623535156e+00,2.000000000000000000e+01,1.000000000000000000e+00
1.675008964538574219e+01,5.067648410797119141e+00,2.000000000000000000e+01,1.000000000000000000e+00
1.673658180236816406e+01,5.017522335052490234e+00,2.000000000000000000e+01,1.000000000000000000e+00
1.115046977996826172e+01,5.225933074951171875e+00,1.800000000000000000e+01,1.000000000000000000e+00
1.703083229064941406e+01,4.554042816162109375e+00,2.000000000000000000e+01,1.000000000000000000e+00
1.727305221557617188e+01,4.722282886505126953e+00,2.000000000000000000e+01,1.000000000000000000e+00
1.615561676025390625e+01,4.997794628143310547e+00,9.000000000000000000e+00,1.000000000000000000e+00
1.695298767089843750e+01,5.454523563385009766e+00,2.000000000000000000e+01,1.000000000000000000e+00
1.608146667480468750e+01,4.781417846679687500e+00,2.000000000000000000e+01,1.000000000000000000e+00
1.666130828857421875e+01,4.586582660675048828e+00,2.000000000000000000e+01,1.000000000000000000e+00
1.625443077087402344e+01,4.501005649566650391e+00,2.000000000000000000e+01,1.000000000000000000e+00
1.055706119537353516e+01,5.488815307617187500e+00,1.900000000000000000e+01,1.000000000000000000e+00
9.470737457275390625e+00,7.225042343139648438e+00,1.900000000000000000e+01,1.000000000000000000e+00
9.726221084594726562e+00,6.947342395782470703e+00,9.000000000000000000e+00,1.000000000000000000e+00
1.724081230163574219e+01,5.263659477233886719e+00,2.000000000000000000e+01,1.000000000000000000e+00
1.620618438720703125e+01,5.173762321472167969e+00,2.000000000000000000e+01,1.000000000000000000e+00
1.747865104675292969e+01,5.084181308746337891e+00,2.000000000000000000e+01,1.000000000000000000e+00
1.633580398559570312e+01,5.079570293426513672e+00,2.000000000000000000e+01,1.000000000000000000e+00
1.630155372619628906e+01,4.522150516510009766e+00,2.000000000000000000e+01,1.000000000000000000e+00
1.699937629699707031e+01,4.855560779571533203e+00,2.000000000000000000e+01,1.000000000000000000e+00
1.688261604309082031e+01,5.008426666259765625e+00,2.000000000000000000e+01,1.000000000000000000e+00
9.467901229858398438e+00,7.220277309417724609e+00,9.000000000000000000e+00,1.000000000000000000e+00
1.750317955017089844e+01,5.069854259490966797e+00,2.000000000000000000e+01,1.000000000000000000e+00
1.692863464355468750e+01,5.075158119201660156e+00,2.000000000000000000e+01,1.000000000000000000e+00
1.114291954040527344e+01,5.195047855377197266e+00,1.800000000000000000e+01,1.000000000000000000e+00
1.116141891479492188e+01,5.176884651184082031e+00,1.800000000000000000e+01,1.000000000000000000e+00
1.618349456787109375e+01,4.641242980957031250e+00,9.000000000000000000e+00,1.000000000000000000e+00
9.445353507995605469e+00,7.269042968750000000e+00,9.000000000000000000e+00,1.000000000000000000e+00
1.058776855468750000e+01,5.596782207489013672e+00,1.900000000000000000e+01,1.000000000000000000e+00
1.747175407409667969e+01,5.075293064117431641e+00,2.000000000000000000e+01,1.000000000000000000e+00
1.614264106750488281e+01,4.673270225524902344e+00,2.000000000000000000e+01,1.000000000000000000e+00
1.678643798828125000e+01,4.991975307464599609e+00,2.000000000000000000e+01,1.000000000000000000e+00
1.684497642517089844e+01,5.500616073608398438e+00,2.000000000000000000e+01,1.000000000000000000e+00
1.739204406738281250e+01,4.903514862060546875e+00,2.000000000000000000e+01,1.000000000000000000e+00
1.081002140045166016e+01,5.509302139282226562e+00,9.000000000000000000e+00,1.000000000000000000e+00
1.113268852233886719e+01,5.226587772369384766e+00,1.800000000000000000e+01,1.000000000000000000e+00
1.726116752624511719e+01,4.699072360992431641e+00,2.000000000000000000e+01,1.000000000000000000e+00
1.114930248260498047e+01,5.210789203643798828e+00,1.800000000000000000e+01,1.000000000000000000e+00
1.700992202758789062e+01,4.822060108184814453e+00,2.000000000000000000e+01,1.000000000000000000e+00
1.616330337524414062e+01,5.010687351226806641e+00,2.000000000000000000e+01,1.000000000000000000e+00
1.115417671203613281e+01,5.194163322448730469e+00,1.800000000000000000e+01,1.000000000000000000e+00
1.703585624694824219e+01,5.332349300384521484e+00,2.000000000000000000e+01,1.000000000000000000e+00
1.677675437927246094e+01,5.454871654510498047e+00,2.000000000000000000e+01,1.000000000000000000e+00
1.699143981933593750e+01,4.655253410339355469e+00,2.000000000000000000e+01,1.000000000000000000e+00
1.680507087707519531e+01,5.114268779754638672e+00,2.000000000000000000e+01,1.000000000000000000e+00
1.610585975646972656e+01,4.905529022216796875e+00,2.000000000000000000e+01,1.000000000000000000e+00
1.704802513122558594e+01,4.993188381195068359e+00,2.000000000000000000e+01,1.000000000000000000e+00
1.633562660217285156e+01,4.528913021087646484e+00,2.000000000000000000e+01,1.000000000000000000e+00
1.619593238830566406e+01,4.584329605102539062e+00,2.000000000000000000e+01,1.000000000000000000e+00
1.652779960632324219e+01,4.768266201019287109e+00,2.000000000000000000e+01,1.000000000000000000e+00
1.701955795288085938e+01,5.105965614318847656e+00,2.000000000000000000e+01,1.000000000000000000e+00
1.664052009582519531e+01,4.722600936889648438e+00,2.000000000000000000e+01,1.000000000000000000e+00
1.686738204956054688e+01,5.525201797485351562e+00,9.000000000000000000e+00,1.000000000000000000e+00
1.613059425354003906e+01,4.937902927398681641e+00,2.000000000000000000e+01,1.000000000000000000e+00
1.703918266296386719e+01,4.567686557769775391e+00,2.000000000000000000e+01,1.000000000000000000e+00
9.395196914672851562e+00,7.335546016693115234e+00,9.000000000000000000e+00,1.000000000000000000e+00
1.741652488708496094e+01,4.891373157501220703e+00,2.000000000000000000e+01,1.000000000000000000e+00
1.713126373291015625e+01,5.378541469573974609e+00,9.000000000000000000e+00,1.000000000000000000e+00
1.102042388916015625e+01,5.492515087127685547e+00,1.800000000000000000e+01,1.000000000000000000e+00
1.644480133056640625e+01,5.177269935607910156e+00,2.000000000000000000e+01,1.000000000000000000e+00
1.698260879516601562e+01,5.481365680694580078e+00,9.000000000000000000e+00,1.000000000000000000e+00
1.621600341796875000e+01,4.673394680023193359e+00,2.000000000000000000e+01,1.000000000000000000e+00
1.744296646118164062e+01,4.990065574645996094e+00,2.000000000000000000e+01,1.000000000000000000e+00
1.052975845336914062e+01,5.484913825988769531e+00,1.900000000000000000e+01,1.000000000000000000e+00
1.118801593780517578e+01,5.130680084228515625e+00,9.000000000000000000e+00,1.000000000000000000e+00
1.665242958068847656e+01,5.357179164886474609e+00,2.000000000000000000e+01,1.000000000000000000e+00
1.689653205871582031e+01,4.250333309173583984e+00,9.000000000000000000e+00,1.000000000000000000e+00
9.477717399597167969e+00,7.208058834075927734e+00,1.900000000000000000e+01,1.000000000000000000e+00
1.602877807617187500e+01,4.868777751922607422e+00,9.000000000000000000e+00,1.000000000000000000e+00
1.636197853088378906e+01,4.736035823822021484e+00,2.000000000000000000e+01,1.000000000000000000e+00
1.612974929809570312e+01,4.744796752929687500e+00,2.000000000000000000e+01,1.000000000000000000e+00
1.110878562927246094e+01,5.299231052398681641e+00,1.800000000000000000e+01,1.000000000000000000e+00
1.607564353942871094e+01,4.783983707427978516e+00,2.000000000000000000e+01,1.000000000000000000e+00
1.736846160888671875e+01,5.214224815368652344e+00,2.000000000000000000e+01,1.000000000000000000e+00
1.689192771911621094e+01,5.549553394317626953e+00,9.000000000000000000e+00,1.000000000000000000e+00
1.116098022460937500e+01,5.162997722625732422e+00,1.800000000000000000e+01,1.000000000000000000e+00
1.731532287597656250e+01,5.236818313598632812e+00,2.000000000000000000e+01,1.000000000000000000e+00
1.105170154571533203e+01,5.320819377899169922e+00,1.800000000000000000e+01,1.000000000000000000e+00
1.701659393310546875e+01,4.561432361602783203e+00,2.000000000000000000e+01,1.000000000000000000e+00
1.738115119934082031e+01,4.956811904907226562e+00,2.000000000000000000e+01,1.000000000000000000e+00
1.692276763916015625e+01,5.435302257537841797e+00,2.000000000000000000e+01,1.000000000000000000e+00
1.745251655578613281e+01,5.006135463714599609e+00,2.000000000000000000e+01,1.000000000000000000e+00
1.100621128082275391e+01,5.556314468383789062e+00,9.000000000000000000e+00,1.000000000000000000e+00
1.058610248565673828e+01,5.493890762329101562e+00,1.900000000000000000e+01,1.000000000000000000e+00
1.706719398498535156e+01,3.787785053253173828e+00,9.000000000000000000e+00,1.000000000000000000e+00
1.698732948303222656e+01,5.108479499816894531e+00,2.000000000000000000e+01,1.000000000000000000e+00
1.614441680908203125e+01,4.712588787078857422e+00,2.000000000000000000e+01,1.000000000000000000e+00
1.053174400329589844e+01,5.586464881896972656e+00,1.900000000000000000e+01,1.000000000000000000e+00
1.690335083007812500e+01,5.516005516052246094e+00,2.000000000000000000e+01,1.000000000000000000e+00
1.050444316864013672e+01,5.505479812622070312e+00,1.900000000000000000e+01,1.000000000000000000e+00
1.698825454711914062e+01,4.747231006622314453e+00,2.000000000000000000e+01,1.000000000000000000e+00
1.743520545959472656e+01,4.952145099639892578e+00,2.000000000000000000e+01,1.000000000000000000e+00
1.655319023132324219e+01,4.677482604980468750e+00,2.000000000000000000e+01,1.000000000000000000e+00
1.610073852539062500e+01,4.980156421661376953e+00,2.000000000000000000e+01,1.000000000000000000e+00
1.688663864135742188e+01,5.465689182281494141e+00,2.000000000000000000e+01,1.000000000000000000e+00
1.704754829406738281e+01,5.424117088317871094e+00,9.000000000000000000e+00,1.000000000000000000e+00
1.110808753967285156e+01,5.276977539062500000e+00,1.800000000000000000e+01,1.000000000000000000e+00
1.686521339416503906e+01,5.327613830566406250e+00,2.000000000000000000e+01,1.000000000000000000e+00
1.104378700256347656e+01,5.511525154113769531e+00,9.000000000000000000e+00,1.000000000000000000e+00
1.734760284423828125e+01,4.782049179077148438e+00,2.000000000000000000e+01,1.000000000000000000e+00
1.735998916625976562e+01,4.907162189483642578e+00,2.000000000000000000e+01,1.000000000000000000e+00
1.656576347351074219e+01,5.224478721618652344e+00,2.000000000000000000e+01,1.000000000000000000e+00
1.698930549621582031e+01,5.475101470947265625e+00,2.000000000000000000e+01,1.000000000000000000e+00
1.054727172851562500e+01,5.599138736724853516e+00,1.900000000000000000e+01,1.000000000000000000e+00
1.685577774047851562e+01,5.516889095306396484e+00,2.000000000000000000e+01,1.000000000000000000e+00
1.736795234680175781e+01,5.128518104553222656e+00,2.000000000000000000e+01,1.000000000000000000e+00
1.664300155639648438e+01,4.497645378112792969e+00,2.000000000000000000e+01,1.000000000000000000e+00
1.699354171752929688e+01,5.049406528472900391e+00,2.000000000000000000e+01,1.000000000000000000e+00
1.116239261627197266e+01,5.154481410980224609e+00,1.800000000000000000e+01,1.000000000000000000e+00
1.650362777709960938e+01,4.896647453308105469e+00,2.000000000000000000e+01,1.000000000000000000e+00
1.619272041320800781e+01,5.118085861206054688e+00,2.000000000000000000e+01,1.000000000000000000e+00
1.616720008850097656e+01,5.109379291534423828e+00,2.000000000000000000e+01,1.000000000000000000e+00
1.702827453613281250e+01,4.143100738525390625e+00,2.000000000000000000e+01,1.000000000000000000e+00
1.696645355224609375e+01,5.413657188415527344e+00,2.000000000000000000e+01,1.000000000000000000e+00
1.058980369567871094e+01,5.558311939239501953e+00,1.900000000000000000e+01,1.000000000000000000e+00
1.647342872619628906e+01,4.891805648803710938e+00,2.000000000000000000e+01,1.000000000000000000e+00
1.615800285339355469e+01,5.105640411376953125e+00,2.000000000000000000e+01,1.000000000000000000e+00
1.116740798950195312e+01,5.116762638092041016e+00,1.800000000000000000e+01,1.000000000000000000e+00
1.627896499633789062e+01,4.808448314666748047e+00,2.000000000000000000e+01,1.000000000000000000e+00
1.609789085388183594e+01,4.969343662261962891e+00,2.000000000000000000e+01,1.000000000000000000e+00
1.686605072021484375e+01,5.419542312622070312e+00,2.000000000000000000e+01,1.000000000000000000e+00
1.657148933410644531e+01,5.235014915466308594e+00,2.000000000000000000e+01,1.000000000000000000e+00
1.714472198486328125e+01,5.286054134368896484e+00,2.000000000000000000e+01,1.000000000000000000e+00
1.702039146423339844e+01,5.413054466247558594e+00,2.000000000000000000e+01,1.000000000000000000e+00
1.721756744384765625e+01,4.816120147705078125e+00,2.000000000000000000e+01,1.000000000000000000e+00
1.610123634338378906e+01,4.913651943206787109e+00,2.000000000000000000e+01,1.000000000000000000e+00
1.732912635803222656e+01,5.234395980834960938e+00,2.000000000000000000e+01,1.000000000000000000e+00
1.685468292236328125e+01,5.075813293457031250e+00,2.000000000000000000e+01,1.000000000000000000e+00
1.694174194335937500e+01,5.465236663818359375e+00,2.000000000000000000e+01,1.000000000000000000e+00
1.681877517700195312e+01,5.486890316009521484e+00,2.000000000000000000e+01,1.000000000000000000e+00
1.696239280700683594e+01,5.064973831176757812e+00,2.000000000000000000e+01,1.000000000000000000e+00
1.706828117370605469e+01,5.335687160491943359e+00,2.000000000000000000e+01,1.000000000000000000e+00
1.743515586853027344e+01,5.108533382415771484e+00,2.000000000000000000e+01,1.000000000000000000e+00
1.055570793151855469e+01,5.571450233459472656e+00,1.900000000000000000e+01,1.000000000000000000e+00
1.654342460632324219e+01,5.273568630218505859e+00,2.000000000000000000e+01,1.000000000000000000e+00
1.694287490844726562e+01,5.168706893920898438e+00,2.000000000000000000e+01,1.000000000000000000e+00
1.633839035034179688e+01,4.635480403900146484e+00,2.000000000000000000e+01,1.000000000000000000e+00
1.713271331787109375e+01,5.297959327697753906e+00,2.000000000000000000e+01,1.000000000000000000e+00
1.749634170532226562e+01,5.030346393585205078e+00,2.000000000000000000e+01,1.000000000000000000e+00
1.101996707916259766e+01,5.534195423126220703e+00,9.000000000000000000e+00,1.000000000000000000e+00
1.107789516448974609e+01,5.163866996765136719e+00,9.000000000000000000e+00,1.000000000000000000e+00
1.687726593017578125e+01,5.501972198486328125e+00,2.000000000000000000e+01,1.000000000000000000e+00
1.625410079956054688e+01,4.526531696319580078e+00,2.000000000000000000e+01,1.000000000000000000e+00
1.616267967224121094e+01,4.811504840850830078e+00,2.000000000000000000e+01,1.000000000000000000e+00
1.708429527282714844e+01,4.691934108734130859e+00,2.000000000000000000e+01,1.000000000000000000e+00
1.613415527343750000e+01,5.030957698822021484e+00,2.000000000000000000e+01,1.000000000000000000e+00
1.092980384826660156e+01,5.390439033508300781e+00,1.800000000000000000e+01,1.000000000000000000e+00
1.700731849670410156e+01,4.895864963531494141e+00,2.000000000000000000e+01,1.000000000000000000e+00
1.723466682434082031e+01,4.950788974761962891e+00,2.000000000000000000e+01,1.000000000000000000e+00
1.626608848571777344e+01,4.654094219207763672e+00,2.000000000000000000e+01,1.000000000000000000e+00
1.620856666564941406e+01,5.182445049285888672e+00,2.000000000000000000e+01,1.000000000000000000e+00
1.617970275878906250e+01,5.047548294067382812e+00,2.000000000000000000e+01,1.000000000000000000e+00
1.683919143676757812e+01,5.509484767913818359e+00,2.000000000000000000e+01,1.000000000000000000e+00
1.751177024841308594e+01,5.058092117309570312e+00,2.000000000000000000e+01,1.000000000000000000e+00
1.091301345825195312e+01,5.372398376464843750e+00,9.000000000000000000e+00,1.000000000000000000e+00
1.748533058166503906e+01,5.060357570648193359e+00,2.000000000000000000e+01,1.000000000000000000e+00
1.700107002258300781e+01,4.912186622619628906e+00,2.000000000000000000e+01,1.000000000000000000e+00
1.703688812255859375e+01,5.270808696746826172e+00,2.000000000000000000e+01,1.000000000000000000e+00
-1.057921791076660156e+01,1.612845301628112793e+00,1.100000000000000000e+01,1.000000000000000000e+00
-1.038007164001464844e+01,1.289919734001159668e+00,1.100000000000000000e+01,1.000000000000000000e+00
-1.044090366363525391e+01,1.857535481452941895e+00,1.100000000000000000e+01,1.000000000000000000e+00
-1.057733249664306641e+01,9.684334397315979004e-01,1.100000000000000000e+01,1.000000000000000000e+00
-9.693615913391113281e+00,1.292200088500976562e+00,1.100000000000000000e+01,1.000000000000000000e+00
-1.007423496246337891e+01,1.611544132232666016e+00,1.100000000000000000e+01,1.000000000000000000e+00
-1.053037261962890625e+01,1.077228903770446777e+00,1.100000000000000000e+01,1.000000000000000000e+00
-9.841161727905273438e+00,1.494991898536682129e+00,1.100000000000000000e+01,1.000000000000000000e+00
-9.738997459411621094e+00,1.379375457763671875e+00,1.100000000000000000e+01,1.000000000000000000e+00
-9.804391860961914062e+00,9.402246475219726562e-01,1.100000000000000000e+01,1.000000000000000000e+00
-9.751355171203613281e+00,1.079030275344848633e+00,1.100000000000000000e+01,1.000000000000000000e+00
-1.060652828216552734e+01,1.423668265342712402e+00,1.100000000000000000e+01,1.000000000000000000e+00
-9.821939468383789062e+00,9.400783777236938477e-01,1.100000000000000000e+01,1.000000000000000000e+00
-1.047816562652587891e+01,1.112365007400512695e+00,1.100000000000000000e+01,1.000000000000000000e+00
-1.010490131378173828e+01,7.795564532279968262e-01,1.100000000000000000e+01,1.000000000000000000e+00
-1.058570384979248047e+01,9.553471803665161133e-01,1.100000000000000000e+01,1.000000000000000000e+00
-1.027136516571044922e+01,1.336695313453674316e+00,1.100000000000000000e+01,1.000000000000000000e+00
-1.063155460357666016e+01,1.424285769462585449e+00,1.100000000000000000e+01,1.000000000000000000e+00
-1.069654655456542969e+01,9.202759861946105957e-01,1.100000000000000000e+01,1.000000000000000000e+00
-1.051433658599853516e+01,1.695852756500244141e+00,1.100000000000000000e+01,1.000000000000000000e+00
-9.678657531738281250e+00,1.166335940361022949e+00,1.100000000000000000e+01,1.000000000000000000e+00
9.643087387084960938e+00,1.331123542785644531e+01,1.100000000000000000e+01,1.000000000000000000e+00
-1.069470214843750000e+01,9.051026701927185059e-01,1.100000000000000000e+01,1.000000000000000000e+00
-9.712025642395019531e+00,1.060324430465698242e+00,1.100000000000000000e+01,1.000000000000000000e+00
-1.045880985260009766e+01,1.083182930946350098e+00,1.100000000000000000e+01,1.000000000000000000e+00
-1.046247196197509766e+01,1.865126252174377441e+00,1.100000000000000000e+01,1.000000000000000000e+00
-1.024994659423828125e+01,1.360938429832458496e+00,1.100000000000000000e+01,1.000000000000000000e+00
-1.042940616607666016e+01,1.832496881484985352e+00,1.100000000000000000e+01,1.000000000000000000e+00
-1.065569019317626953e+01,8.743725419044494629e-01,1.100000000000000000e+01,1.000000000000000000e+00
-1.060509681701660156e+01,1.119876623153686523e+00,1.100000000000000000e+01,1.000000000000000000e+00
-1.060154724121093750e+01,1.600978016853332520e+00,1.100000000000000000e+01,1.000000000000000000e+00
-1.016691970825195312e+01,1.726689696311950684e+00,1.100000000000000000e+01,1.000000000000000000e+00
-1.030336570739746094e+01,1.181972265243530273e+00,1.100000000000000000e+01,1.000000000000000000e+00
-1.058072566986083984e+01,1.452399969100952148e+00,1.100000000000000000e+01,1.000000000000000000e+00
-1.034779644012451172e+01,1.877361774444580078e+00,1.100000000000000000e+01,1.000000000000000000e+00
-8.715531826019287109e-01,2.753699064254760742e+00,9.000000000000000000e+00,1.000000000000000000e+00
-1.048459815979003906e+01,9.104602932929992676e-01,1.100000000000000000e+01,1.000000000000000000e+00
-1.032461357116699219e+01,1.832307934761047363e+00,1.100000000000000000e+01,1.000000000000000000e+00
-1.066634845733642578e+01,1.511928796768188477e+00,1.100000000000000000e+01,1.000000000000000000e+00
-1.070918560028076172e+01,1.275235891342163086e+00,1.100000000000000000e+01,1.000000000000000000e+00
-1.044885826110839844e+01,9.255844354629516602e-01,1.100000000000000000e+01,1.000000000000000000e+00
-1.017540264129638672e+01,9.006974697113037109e-01,1.100000000000000000e+01,1.000000000000000000e+00
-1.008657932281494141e+01,8.211557865142822266e-01,1.100000000000000000e+01,1.000000000000000000e+00
-1.050278472900390625e+01,8.615275621414184570e-01,1.100000000000000000e+01,1.000000000000000000e+00
-1.051253700256347656e+01,1.440674424171447754e+00,1.100000000000000000e+01,1.000000000000000000e+00
-1.053892135620117188e+01,1.223745822906494141e+00,1.100000000000000000e+01,1.000000000000000000e+00
-1.069102764129638672e+01,1.001882553100585938e+00,1.100000000000000000e+01,1.000000000000000000e+00
-1.033760166168212891e+01,1.401919364929199219e+00,1.100000000000000000e+01,1.000000000000000000e+00
-1.025273609161376953e+01,1.357083082199096680e+00,1.100000000000000000e+01,1.000000000000000000e+00
-9.761301994323730469e+00,1.261526346206665039e+00,1.100000000000000000e+01,1.000000000000000000e+00
-1.062676334381103516e+01,1.094835400581359863e+00,1.100000000000000000e+01,1.000000000000000000e+00
-9.780543327331542969e+00,1.255965828895568848e+00,1.100000000000000000e+01,1.000000000000000000e+00
-1.055295848846435547e+01,9.004955887794494629e-01,1.100000000000000000e+01,1.000000000000000000e+00
-1.023048782348632812e+01,1.363768100738525391e+00,1.100000000000000000e+01,1.000000000000000000e+00
-1.027488994598388672e+01,1.187157750129699707e+00,1.100000000000000000e+01,1.000000000000000000e+00
-1.065392494201660156e+01,9.750148653984069824e-01,1.100000000000000000e+01,1.000000000000000000e+00
-1.027188777923583984e+01,1.290085434913635254e+00,1.100000000000000000e+01,1.000000000000000000e+00
-9.827820777893066406e+00,1.516410231590270996e+00,1.100000000000000000e+01,1.000000000000000000e+00
-9.764358520507812500e+00,1.021742343902587891e+00,1.100000000000000000e+01,1.000000000000000000e+00
-1.030723381042480469e+01,1.067306041717529297e+00,1.100000000000000000e+01,1.000000000000000000e+00
-1.048166561126708984e+01,9.477065205574035645e-01,1.100000000000000000e+01,1.000000000000000000e+00
-9.970371246337890625e+00,7.574799656867980957e-01,1.100000000000000000e+01,1.000000000000000000e+00
-9.718183517456054688e+00,1.222177743911743164e+00,1.100000000000000000e+01,1.000000000000000000e+00
-9.831644058227539062e+00,9.800819754600524902e-01,1.100000000000000000e+01,1.000000000000000000e+00
-9.764986038208007812e+00,9.997491240501403809e-01,1.100000000000000000e+01,1.000000000000000000e+00
-1.064527606964111328e+01,1.423940658569335938e+00,1.100000000000000000e+01,1.000000000000000000e+00
-1.062541580200195312e+01,9.417074918746948242e-01,1.100000000000000000e+01,1.000000000000000000e+00
-1.056679344177246094e+01,1.099057435989379883e+00,1.100000000000000000e+01,1.000000000000000000e+00
-9.970691680908203125e+00,8.039782047271728516e-01,1.100000000000000000e+01,1.000000000000000000e+00
-1.064368534088134766e+01,1.074027419090270996e+00,1.100000000000000000e+01,1.000000000000000000e+00
-1.065432929992675781e+01,1.101495504379272461e+00,1.100000000000000000e+01,1.000000000000000000e+00
-1.066197204589843750e+01,1.087037324905395508e+00,1.100000000000000000e+01,1.000000000000000000e+00
-9.934509277343750000e+00,8.572095036506652832e-01,1.100000000000000000e+01,1.000000000000000000e+00
-1.043512439727783203e+01,1.064160346984863281e+00,1.100000000000000000e+01,1.000000000000000000e+00
-1.001297092437744141e+01,8.749625086784362793e-01,1.100000000000000000e+01,1.000000000000000000e+00
-9.985798835754394531e+00,8.314464092254638672e-01,1.100000000000000000e+01,1.000000000000000000e+00
-1.011544132232666016e+01,1.349287390708923340e+00,1.100000000000000000e+01,1.000000000000000000e+00
-9.877388000488281250e+00,1.136359333992004395e+00,1.100000000000000000e+01,1.000000000000000000e+00
-1.020640945434570312e+01,1.559422492980957031e+00,1.100000000000000000e+01,1.000000000000000000e+00
-1.046370601654052734e+01,1.212287783622741699e+00,1.100000000000000000e+01,1.000000000000000000e+00
-1.047480869293212891e+01,1.718366265296936035e+00,1.100000000000000000e+01,1.000000000000000000e+00
-1.029315185546875000e+01,1.216257095336914062e+00,1.100000000000000000e+01,1.000000000000000000e+00
-9.697888374328613281e+00,1.128969550132751465e+00,1.100000000000000000e+01,1.000000000000000000e+00
-9.845900535583496094e+00,8.508227467536926270e-01,1.100000000000000000e+01,1.000000000000000000e+00
-1.036003971099853516e+01,1.880891919136047363e+00,1.100000000000000000e+01,1.000000000000000000e+00
-9.906301498413085938e+00,1.011034011840820312e+00,1.100000000000000000e+01,1.000000000000000000e+00
-1.058551979064941406e+01,1.152651786804199219e+00,1.100000000000000000e+01,1.000000000000000000e+00
-9.707687377929687500e+00,1.317396283149719238e+00,1.100000000000000000e+01,1.000000000000000000e+00
-1.060253334045410156e+01,9.084184169769287109e-01,1.100000000000000000e+01,1.000000000000000000e+00
-1.061928653717041016e+01,9.221903085708618164e-01,1.100000000000000000e+01,1.000000000000000000e+00
-9.785877227783203125e+00,1.435249209403991699e+00,1.100000000000000000e+01,1.000000000000000000e+00
-1.035367870330810547e+01,1.495950698852539062e+00,1.100000000000000000e+01,1.000000000000000000e+00
-1.008793926239013672e+01,9.835723638534545898e-01,1.100000000000000000e+01,1.000000000000000000e+00
-9.831336975097656250e+00,1.192404389381408691e+00,1.100000000000000000e+01,1.000000000000000000e+00
-1.057373332977294922e+01,1.261317014694213867e+00,1.100000000000000000e+01,1.000000000000000000e+00
-1.056230545043945312e+01,1.101647138595581055e+00,1.100000000000000000e+01,1.000000000000000000e+00
-1.039130783081054688e+01,1.782496333122253418e+00,1.100000000000000000e+01,1.000000000000000000e+00
-1.037329387664794922e+01,1.242341876029968262e+00,1.100000000000000000e+01,1.000000000000000000e+00
-9.874647140502929688e+00,8.773359656333923340e-01,1.100000000000000000e+01,1.000000000000000000e+00
-1.026788616180419922e+01,1.339860558509826660e+00,1.100000000000000000e+01,1.000000000000000000e+00
-1.048202037811279297e+01,1.168155431747436523e+00,1.100000000000000000e+01,1.000000000000000000e+00
-1.039733409881591797e+01,1.461897134780883789e+00,1.100000000000000000e+01,1.000000000000000000e+00
-9.941736221313476562e+00,8.481059670448303223e-01,1.100000000000000000e+01,1.000000000000000000e+00
-9.735630035400390625e+00,1.001600861549377441e+00,1.100000000000000000e+01,1.000000000000000000e+00
-9.915377616882324219e+00,7.712758183479309082e-01,1.100000000000000000e+01,1.000000000000000000e+00
-1.010914516448974609e+01,1.673613548278808594e+00,1.100000000000000000e+01,1.000000000000000000e+00
-9.963059425354003906e+00,8.264467716217041016e-01,1.100000000000000000e+01,1.000000000000000000e+00
-1.036231899261474609e+01,1.907819509506225586e+00,1.100000000000000000e+01,1.000000000000000000e+00
-9.783473014831542969e+00,9.608619809150695801e-01,1.100000000000000000e+01,1.000000000000000000e+00
-1.051606559753417969e+01,1.120537757873535156e+00,1.100000000000000000e+01,1.000000000000000000e+00
-9.673516273498535156e+00,1.156543374061584473e+00,1.100000000000000000e+01,1.000000000000000000e+00
-1.003446865081787109e+01,1.681703567504882812e+00,1.100000000000000000e+01,1.000000000000000000e+00
-1.055185222625732422e+01,8.851344585418701172e-01,1.100000000000000000e+01,1.000000000000000000e+00
-1.032902336120605469e+01,1.882262587547302246e+00,1.100000000000000000e+01,1.000000000000000000e+00
-9.931224822998046875e+00,8.154254555702209473e-01,1.100000000000000000e+01,1.000000000000000000e+00
-1.004264450073242188e+01,7.521448135375976562e-01,1.100000000000000000e+01,1.000000000000000000e+00
-1.033047199249267578e+01,1.334415793418884277e+00,1.100000000000000000e+01,1.000000000000000000e+00
-9.980202674865722656e+00,8.861877918243408203e-01,1.100000000000000000e+01,1.000000000000000000e+00
-1.043502807617187500e+01,1.032107949256896973e+00,1.100000000000000000e+01,1.000000000000000000e+00
-1.030133533477783203e+01,1.851871132850646973e+00,1.100000000000000000e+01,1.000000000000000000e+00
-9.952684402465820312e+00,7.731854319572448730e-01,1.100000000000000000e+01,1.000000000000000000e+00
-1.012567520141601562e+01,1.778473734855651855e+00,1.100000000000000000e+01,1.000000000000000000e+00
-1.070987033843994141e+01,1.046221852302551270e+00,1.100000000000000000e+01,1.000000000000000000e+00
-9.804480552673339844e+00,1.461240291595458984e+00,1.100000000000000000e+01,1.000000000000000000e+00
-1.058257579803466797e+01,8.260810375213623047e-01,1.100000000000000000e+01,1.000000000000000000e+00
-1.036053085327148438e+01,1.871259331703186035e+00,1.100000000000000000e+01,1.000000000000000000e+00
-1.045461273193359375e+01,1.209927916526794434e+00,1.100000000000000000e+01,1.000000000000000000e+00
-1.041894531250000000e+01,1.500469803810119629e+00,1.100000000000000000e+01,1.000000000000000000e+00
-1.028701496124267578e+01,1.870530366897583008e+00,1.100000000000000000e+01,1.000000000000000000e+00
-1.018112087249755859e+01,1.350834488868713379e+00,1.100000000000000000e+01,1.000000000000000000e+00
-1.037464141845703125e+01,1.449874281883239746e+00,1.100000000000000000e+01,1.000000000000000000e+00
-9.710625648498535156e+00,1.155113220214843750e+00,1.100000000000000000e+01,1.000000000000000000e+00
-1.065558910369873047e+01,1.094088435173034668e+00,1.100000000000000000e+01,1.000000000000000000e+00
-1.066615486145019531e+01,1.355286478996276855e+00,1.100000000000000000e+01,1.000000000000000000e+00
-9.681769371032714844e+00,1.139069795608520508e+00,1.100000000000000000e+01,1.000000000000000000e+00
-1.062030220031738281e+01,1.141569972038269043e+00,1.100000000000000000e+01,1.000000000000000000e+00
-1.034970283508300781e+01,1.837987661361694336e+00,1.100000000000000000e+01,1.000000000000000000e+00
-1.005027103424072266e+01,8.886837363243103027e-01,1.100000000000000000e+01,1.000000000000000000e+00
-1.064332485198974609e+01,1.111329197883605957e+00,1.100000000000000000e+01,1.000000000000000000e+00
-9.843616485595703125e+00,9.060566425323486328e-01,1.100000000000000000e+01,1.000000000000000000e+00
-1.022318458557128906e+01,1.129985809326171875e+00,1.100000000000000000e+01,1.000000000000000000e+00
-1.054593467712402344e+01,8.922196626663208008e-01,1.100000000000000000e+01,1.000000000000000000e+00
-1.007947158813476562e+01,7.860522866249084473e-01,1.100000000000000000e+01,1.000000000000000000e+00
-9.983481407165527344e+00,1.620191812515258789e+00,1.100000000000000000e+01,1.000000000000000000e+00
-1.018776988983154297e+01,1.679689168930053711e+00,1.100000000000000000e+01,1.000000000000000000e+00
-1.036429309844970703e+01,1.110141038894653320e+00,1.100000000000000000e+01,1.000000000000000000e+00
-1.014250278472900391e+01,1.669522523880004883e+00,1.100000000000000000e+01,1.000000000000000000e+00
-1.027736949920654297e+01,1.809709668159484863e+00,1.100000000000000000e+01,1.000000000000000000e+00
-1.051762294769287109e+01,1.733196020126342773e+00,1.100000000000000000e+01,1.000000000000000000e+00
-1.070025444030761719e+01,9.121269583702087402e-01,1.100000000000000000e+01,1.000000000000000000e+00
-1.000816822052001953e+01,1.664190649986267090e+00,1.100000000000000000e+01,1.000000000000000000e+00
-1.040151119232177734e+01,9.255107045173645020e-01,1.100000000000000000e+01,1.000000000000000000e+00
-1.062261390686035156e+01,1.353042840957641602e+00,1.100000000000000000e+01,1.000000000000000000e+00
-1.064064502716064453e+01,1.407643675804138184e+00,1.100000000000000000e+01,1.000000000000000000e+00
-1.029340362548828125e+01,1.273765921592712402e+00,1.100000000000000000e+01,1.000000000000000000e+00
-1.035879707336425781e+01,9.943618774414062500e-01,1.100000000000000000e+01,1.000000000000000000e+00
-1.046890354156494141e+01,1.877477407455444336e+00,1.100000000000000000e+01,1.000000000000000000e+00
-1.066350078582763672e+01,1.110014200210571289e+00,1.100000000000000000e+01,1.000000000000000000e+00
-1.019251441955566406e+01,1.822408080101013184e+00,1.100000000000000000e+01,1.000000000000000000e+00
-9.733016014099121094e+00,1.386348247528076172e+00,1.100000000000000000e+01,1.000000000000000000e+00
-1.064281368255615234e+01,1.176855087280273438e+00,1.100000000000000000e+01,1.000000000000000000e+00
-1.023772621154785156e+01,1.332698106765747070e+00,1.100000000000000000e+01,1.000000000000000000e+00
-9.881351470947265625e+00,7.863981723785400391e-01,1.100000000000000000e+01,1.000000000000000000e+00
-1.016662693023681641e+01,9.434402585029602051e-01,1.100000000000000000e+01,1.000000000000000000e+00
-1.010845375061035156e+01,1.729942083358764648e+00,1.100000000000000000e+01,1.000000000000000000e+00
-9.989832878112792969e+00,9.355155825614929199e-01,1.100000000000000000e+01,1.000000000000000000e+00
-9.901588439941406250e+00,9.295897483825683594e-01,1.100000000000000000e+01,1.000000000000000000e+00
-1.044461345672607422e+01,1.814960479736328125e+00,1.100000000000000000e+01,1.000000000000000000e+00
-1.032196998596191406e+01,1.315938591957092285e+00,1.100000000000000000e+01,1.000000000000000000e+00
-1.059223747253417969e+01,1.431915640830993652e+00,1.100000000000000000e+01,1.000000000000000000e+00
-1.072080993652343750e+01,9.437788128852844238e-01,1.100000000000000000e+01,1.000000000000000000e+00
-1.031874465942382812e+01,1.917148828506469727e+00,1.100000000000000000e+01,1.000000000000000000e+00
-1.038848876953125000e+01,1.875024080276489258e+00,1.100000000000000000e+01,1.000000000000000000e+00
-1.055928325653076172e+01,1.501139879226684570e+00,1.100000000000000000e+01,1.000000000000000000e+00
-9.840459823608398438e+00,1.133601784706115723e+00,1.100000000000000000e+01,1.000000000000000000e+00
-9.856263160705566406e+00,8.442927002906799316e-01,1.100000000000000000e+01,1.000000000000000000e+00
-1.063269042968750000e+01,1.500979542732238770e+00,1.100000000000000000e+01,1.000000000000000000e+00
-1.064654254913330078e+01,9.782336354255676270e-01,1.100000000000000000e+01,1.000000000000000000e+00
-9.672456741333007812e+00,1.111664295196533203e+00,1.100000000000000000e+01,1.000000000000000000e+00
-1.039386940002441406e+01,1.806304812431335449e+00,1.100000000000000000e+01,1.000000000000000000e+00
-9.825304031372070312e+00,8.857256174087524414e-01,1.100000000000000000e+01,1.000000000000000000e+00
-1.030993175506591797e+01,1.834914445877075195e+00,1.100000000000000000e+01,1.000000000000000000e+00
-1.035768699645996094e+01,1.879909515380859375e+00,1.100000000000000000e+01,1.000000000000000000e+00
-1.046277236938476562e+01,1.893236041069030762e+00,1.100000000000000000e+01,1.000000000000000000e+00
-1.043062305450439453e+01,1.870468497276306152e+00,1.100000000000000000e+01,1.000000000000000000e+00
-1.031694316864013672e+01,1.354860186576843262e+00,1.100000000000000000e+01,1.000000000000000000e+00
-1.031338596343994141e+01,1.343613743782043457e+00,1.100000000000000000e+01,1.000000000000000000e+00
-1.020651721954345703e+01,9.473956823348999023e-01,1.100000000000000000e+01,1.000000000000000000e+00
-1.042161178588867188e+01,1.034000277519226074e+00,1.100000000000000000e+01,1.000000000000000000e+00
-1.068054962158203125e+01,9.964999556541442871e-01,1.100000000000000000e+01,1.000000000000000000e+00
-1.050217437744140625e+01,1.259219288825988770e+00,1.100000000000000000e+01,1.000000000000000000e+00
-1.035980224609375000e+01,8.815879821777343750e-01,1.100000000000000000e+01,1.000000000000000000e+00
-9.998292922973632812e+00,7.561248540878295898e-01,1.100000000000000000e+01,1.000000000000000000e+00
-9.717892646789550781e+00,1.071184515953063965e+00,1.100000000000000000e+01,1.000000000000000000e+00
-1.051440715789794922e+01,1.720423460006713867e+00,1.100000000000000000e+01,1.000000000000000000e+00
-1.016267871856689453e+01,8.558243513107299805e-01,1.100000000000000000e+01,1.000000000000000000e+00
-1.045535182952880859e+01,1.824605345726013184e+00,1.100000000000000000e+01,1.000000000000000000e+00
-1.004509449005126953e+01,1.711988091468811035e+00,1.100000000000000000e+01,1.000000000000000000e+00
-1.006094741821289062e+01,7.582795619964599609e-01,1.100000000000000000e+01,1.000000000000000000e+00
-9.934445381164550781e+00,8.531131148338317871e-01,1.100000000000000000e+01,1.000000000000000000e+00
-1.020388984680175781e+01,1.373899817466735840e+00,1.100000000000000000e+01,1.000000000000000000e+00
-9.829082489013671875e+00,1.183997988700866699e+00,1.100000000000000000e+01,1.000000000000000000e+00
-9.717967033386230469e+00,1.272658467292785645e+00,1.100000000000000000e+01,1.000000000000000000e+00
-9.686674118041992188e+00,1.049316048622131348e+00,1.100000000000000000e+01,1.000000000000000000e+00
-1.033030986785888672e+01,1.339684844017028809e+00,1.100000000000000000e+01,1.000000000000000000e+00
-9.920075416564941406e+00,7.814039587974548340e-01,1.100000000000000000e+01,1.000000000000000000e+00
-1.031818389892578125e+01,1.898717284202575684e+00,1.100000000000000000e+01,1.000000000000000000e+00
-1.068142604827880859e+01,1.124112963676452637e+00,1.100000000000000000e+01,1.000000000000000000e+00
-1.049918460845947266e+01,1.163222670555114746e+00,1.100000000000000000e+01,1.000000000000000000e+00
-1.070703697204589844e+01,1.458934664726257324e+00,1.100000000000000000e+01,1.000000000000000000e+00
1.491784095764160156e+00,1.977735710144042969e+01,1.000000000000000000e+01,1.000000000000000000e+00
1.150200724601745605e+00,2.137129211425781250e+01,1.000000000000000000e+01,1.000000000000000000e+00
1.007484555244445801e+00,2.032493972778320312e+01,1.000000000000000000e+01,1.000000000000000000e+00
1.072267413139343262e+00,2.100061225891113281e+01,1.000000000000000000e+01,1.000000000000000000e+00
1.850634574890136719e+00,1.934718704223632812e+01,1.000000000000000000e+01,1.000000000000000000e+00
1.501733779907226562e+00,1.980804634094238281e+01,1.000000000000000000e+01,1.000000000000000000e+00
1.484469532966613770e+00,1.985377311706542969e+01,1.000000000000000000e+01,1.000000000000000000e+00
1.849626302719116211e+00,1.934802436828613281e+01,1.000000000000000000e+01,1.000000000000000000e+00
1.662178754806518555e+00,1.949110603332519531e+01,1.000000000000000000e+01,1.000000000000000000e+00
1.843518733978271484e+00,1.938930130004882812e+01,1.000000000000000000e+01,1.000000000000000000e+00
1.111533522605895996e+00,2.122245597839355469e+01,1.000000000000000000e+01,1.000000000000000000e+00
9.059020280838012695e-01,2.024903297424316406e+01,1.000000000000000000e+01,1.000000000000000000e+00
1.468828678131103516e+00,2.041975784301757812e+01,1.000000000000000000e+01,1.000000000000000000e+00
1.862164139747619629e+00,1.936248970031738281e+01,1.000000000000000000e+01,1.000000000000000000e+00
1.809054017066955566e+00,1.944585990905761719e+01,1.000000000000000000e+01,1.000000000000000000e+00
1.367554187774658203e+00,2.020664405822753906e+01,1.000000000000000000e+01,1.000000000000000000e+00
1.246679782867431641e+00,2.015933418273925781e+01,1.000000000000000000e+01,1.000000000000000000e+00
9.599385857582092285e-01,2.039038085937500000e+01,1.000000000000000000e+01,1.000000000000000000e+00
1.475827693939208984e+00,2.035224151611328125e+01,1.000000000000000000e+01,1.000000000000000000e+00
1.321924209594726562e+00,2.029327774047851562e+01,1.000000000000000000e+01,1.000000000000000000e+00
9.712916612625122070e-01,2.056538581848144531e+01,1.000000000000000000e+01,1.000000000000000000e+00
1.052809476852416992e+00,2.094461059570312500e+01,1.000000000000000000e+01,1.000000000000000000e+00
1.329667210578918457e+00,2.030229759216308594e+01,1.000000000000000000e+01,1.000000000000000000e+00
1.200438261032104492e+00,2.111884307861328125e+01,1.000000000000000000e+01,1.000000000000000000e+00
1.133933782577514648e+00,2.134443855285644531e+01,1.000000000000000000e+01,1.000000000000000000e+00
1.426028132438659668e+00,2.059113502502441406e+01,1.000000000000000000e+01,1.000000000000000000e+00
1.613040328025817871e+00,1.961992645263671875e+01,1.000000000000000000e+01,1.000000000000000000e+00
1.603949785232543945e+00,1.965166282653808594e+01,1.000000000000000000e+01,1.000000000000000000e+00
9.512008428573608398e-01,2.042317771911621094e+01,1.000000000000000000e+01,1.000000000000000000e+00
1.040301680564880371e+00,2.064257621765136719e+01,1.000000000000000000e+01,1.000000000000000000e+00
1.545199990272521973e+00,2.042684173583984375e+01,1.000000000000000000e+01,1.000000000000000000e+00
1.843382120132446289e+00,1.939461517333984375e+01,1.000000000000000000e+01,1.000000000000000000e+00
1.637306690216064453e+00,1.955276298522949219e+01,1.000000000000000000e+01,1.000000000000000000e+00
1.060366392135620117e+00,2.042975807189941406e+01,1.000000000000000000e+01,1.000000000000000000e+00
1.651208996772766113e+00,1.972536087036132812e+01,1.000000000000000000e+01,1.000000000000000000e+00
1.435951113700866699e+00,1.996132659912109375e+01,1.000000000000000000e+01,1.000000000000000000e+00
1.101281046867370605e+00,2.119274520874023438e+01,1.000000000000000000e+01,1.000000000000000000e+00
1.652845621109008789e+00,1.952443122863769531e+01,1.000000000000000000e+01,1.000000000000000000e+00
1.466696143150329590e+00,2.045434761047363281e+01,1.000000000000000000e+01,1.000000000000000000e+00
1.310459256172180176e+00,2.064245414733886719e+01,1.000000000000000000e+01,1.000000000000000000e+00
1.100221991539001465e+00,2.106199455261230469e+01,1.000000000000000000e+01,1.000000000000000000e+00
1.832624554634094238e+00,1.938786125183105469e+01,1.000000000000000000e+01,1.000000000000000000e+00
1.615962624549865723e+00,2.004774856567382812e+01,1.000000000000000000e+01,1.000000000000000000e+00
1.410009026527404785e+00,2.069439125061035156e+01,1.000000000000000000e+01,1.000000000000000000e+00
1.361721992492675781e+00,2.083863258361816406e+01,1.000000000000000000e+01,1.000000000000000000e+00
1.429123282432556152e+00,2.045581626892089844e+01,1.000000000000000000e+01,1.000000000000000000e+00
1.425725460052490234e+00,2.052189445495605469e+01,1.000000000000000000e+01,1.000000000000000000e+00
1.698984742164611816e+00,1.948660087585449219e+01,1.000000000000000000e+01,1.000000000000000000e+00
1.173554539680480957e+00,2.125366020202636719e+01,1.000000000000000000e+01,1.000000000000000000e+00
1.862041950225830078e+00,1.935095405578613281e+01,1.000000000000000000e+01,1.000000000000000000e+00
1.110770940780639648e+00,2.122212409973144531e+01,1.000000000000000000e+01,1.000000000000000000e+00
1.510812044143676758e+00,2.038153076171875000e+01,1.000000000000000000e+01,1.000000000000000000e+00
1.862219929695129395e+00,1.932954788208007812e+01,1.000000000000000000e+01,1.000000000000000000e+00
1.137946009635925293e+00,2.050580787658691406e+01,1.000000000000000000e+01,1.000000000000000000e+00
1.029223680496215820e+00,2.055653381347656250e+01,1.000000000000000000e+01,1.000000000000000000e+00
1.791720867156982422e+00,1.941189384460449219e+01,1.000000000000000000e+01,1.000000000000000000e+00
9.805064797401428223e-01,2.021673774719238281e+01,1.000000000000000000e+01,1.000000000000000000e+00
1.829290986061096191e+00,1.940502548217773438e+01,1.000000000000000000e+01,1.000000000000000000e+00
1.461312294006347656e+00,2.037223434448242188e+01,1.000000000000000000e+01,1.000000000000000000e+00
1.432436585426330566e+00,2.012451553344726562e+01,1.000000000000000000e+01,1.000000000000000000e+00
1.103260636329650879e+00,2.129290771484375000e+01,1.000000000000000000e+01,1.000000000000000000e+00
1.620405793190002441e+00,2.003594970703125000e+01,1.000000000000000000e+01,1.000000000000000000e+00
1.510079503059387207e+00,2.057711982727050781e+01,1.000000000000000000e+01,1.000000000000000000e+00
1.616424560546875000e+00,1.978906250000000000e+01,1.000000000000000000e+01,1.000000000000000000e+00
1.842280983924865723e+00,1.938572502136230469e+01,1.000000000000000000e+01,1.000000000000000000e+00
1.122134923934936523e+00,2.132396697998046875e+01,1.000000000000000000e+01,1.000000000000000000e+00
1.573486566543579102e+00,1.971260261535644531e+01,1.000000000000000000e+01,1.000000000000000000e+00
1.378794193267822266e+00,2.017899894714355469e+01,1.000000000000000000e+01,1.000000000000000000e+00
1.629990339279174805e+00,1.956713867187500000e+01,1.000000000000000000e+01,1.000000000000000000e+00
1.535772323608398438e+00,2.037374114990234375e+01,1.000000000000000000e+01,1.000000000000000000e+00
9.626586437225341797e-01,2.024450111389160156e+01,1.000000000000000000e+01,1.000000000000000000e+00
1.127998709678649902e+00,2.135494613647460938e+01,1.000000000000000000e+01,1.000000000000000000e+00
1.656984686851501465e+00,1.951913070678710938e+01,1.000000000000000000e+01,1.000000000000000000e+00
1.621627569198608398e+00,1.956657600402832031e+01,1.000000000000000000e+01,1.000000000000000000e+00
1.610467433929443359e+00,1.960354995727539062e+01,1.000000000000000000e+01,1.000000000000000000e+00
1.423615813255310059e+00,2.062471008300781250e+01,1.000000000000000000e+01,1.000000000000000000e+00
1.065774440765380859e+00,2.036204528808593750e+01,1.000000000000000000e+01,1.000000000000000000e+00
1.362873315811157227e+00,2.088788795471191406e+01,1.000000000000000000e+01,1.000000000000000000e+00
1.416894555091857910e+00,2.036072349548339844e+01,1.000000000000000000e+01,1.000000000000000000e+00
9.043296575546264648e-01,2.026762199401855469e+01,1.000000000000000000e+01,1.000000000000000000e+00
1.364271998405456543e+00,2.060225296020507812e+01,1.000000000000000000e+01,1.000000000000000000e+00
1.320877194404602051e+00,2.028044509887695312e+01,1.000000000000000000e+01,1.000000000000000000e+00
1.156542181968688965e+00,2.127770233154296875e+01,1.000000000000000000e+01,1.000000000000000000e+00
1.129786252975463867e+00,2.028422927856445312e+01,1.000000000000000000e+01,1.000000000000000000e+00
1.149045705795288086e+00,2.136133384704589844e+01,1.000000000000000000e+01,1.000000000000000000e+00
1.560494899749755859e+00,2.040040397644042969e+01,1.000000000000000000e+01,1.000000000000000000e+00
1.128040552139282227e+00,2.038017463684082031e+01,1.000000000000000000e+01,1.000000000000000000e+00
1.007553935050964355e+00,2.067092323303222656e+01,1.000000000000000000e+01,1.000000000000000000e+00
9.443119764328002930e-01,2.040812492370605469e+01,1.000000000000000000e+01,1.000000000000000000e+00
1.837371706962585449e+00,1.944308853149414062e+01,1.000000000000000000e+01,1.000000000000000000e+00
1.610353827476501465e+00,2.038966941833496094e+01,1.000000000000000000e+01,1.000000000000000000e+00
1.386217117309570312e+00,1.998466682434082031e+01,1.000000000000000000e+01,1.000000000000000000e+00
1.509895563125610352e+00,2.034914779663085938e+01,1.000000000000000000e+01,1.000000000000000000e+00
1.075991272926330566e+00,2.092106056213378906e+01,1.000000000000000000e+01,1.000000000000000000e+00
1.370998263359069824e+00,2.016344451904296875e+01,1.000000000000000000e+01,1.000000000000000000e+00
1.128748774528503418e+00,2.131299972534179688e+01,1.000000000000000000e+01,1.000000000000000000e+00
1.064623355865478516e+00,2.064122581481933594e+01,1.000000000000000000e+01,1.000000000000000000e+00
1.082780480384826660e+00,2.107578659057617188e+01,1.000000000000000000e+01,1.000000000000000000e+00
1.623817563056945801e+00,1.955254936218261719e+01,1.000000000000000000e+01,1.000000000000000000e+00
1.488280653953552246e+00,1.983917999267578125e+01,1.000000000000000000e+01,1.000000000000000000e+00
1.407602310180664062e+00,1.991376876831054688e+01,1.000000000000000000e+01,1.000000000000000000e+00
1.392689943313598633e+00,2.007876205444335938e+01,1.000000000000000000e+01,1.000000000000000000e+00
1.345983505249023438e+00,2.082843017578125000e+01,1.000000000000000000e+01,1.000000000000000000e+00
1.586443781852722168e+00,1.978966712951660156e+01,1.000000000000000000e+01,1.000000000000000000e+00
1.498196363449096680e+00,1.985127258300781250e+01,1.000000000000000000e+01,1.000000000000000000e+00
1.613899111747741699e+00,1.964410018920898438e+01,1.000000000000000000e+01,1.000000000000000000e+00
8.878607749938964844e-01,2.036412239074707031e+01,1.000000000000000000e+01,1.000000000000000000e+00
1.556671500205993652e+00,2.039736366271972656e+01,1.000000000000000000e+01,1.000000000000000000e+00
1.817803978919982910e+00,1.943857955932617188e+01,1.000000000000000000e+01,1.000000000000000000e+00
1.270897865295410156e+00,2.018747520446777344e+01,1.000000000000000000e+01,1.000000000000000000e+00
1.138504147529602051e+00,2.134760284423828125e+01,1.000000000000000000e+01,1.000000000000000000e+00
1.632601141929626465e+00,1.953215026855468750e+01,1.000000000000000000e+01,1.000000000000000000e+00
9.991599321365356445e-01,2.061457061767578125e+01,1.000000000000000000e+01,1.000000000000000000e+00
1.143730401992797852e+00,2.101232910156250000e+01,1.000000000000000000e+01,1.000000000000000000e+00
1.560549855232238770e+00,2.035779762268066406e+01,1.000000000000000000e+01,1.000000000000000000e+00
1.101568698883056641e+00,2.119203567504882812e+01,1.000000000000000000e+01,1.000000000000000000e+00
1.335267424583435059e+00,2.032259368896484375e+01,1.000000000000000000e+01,1.000000000000000000e+00
1.529006719589233398e+00,2.048043632507324219e+01,1.000000000000000000e+01,1.000000000000000000e+00
1.442843079566955566e+00,2.053071212768554688e+01,1.000000000000000000e+01,1.000000000000000000e+00
1.178556323051452637e+00,2.133956527709960938e+01,1.000000000000000000e+01,1.000000000000000000e+00
1.556144237518310547e+00,1.969885444641113281e+01,1.000000000000000000e+01,1.000000000000000000e+00
1.105192542076110840e+00,2.075071525573730469e+01,1.000000000000000000e+01,1.000000000000000000e+00
1.106214523315429688e+00,2.025090408325195312e+01,1.000000000000000000e+01,1.000000000000000000e+00
1.146362304687500000e+00,2.131711006164550781e+01,1.000000000000000000e+01,1.000000000000000000e+00
1.199523925781250000e+00,2.071667480468750000e+01,1.000000000000000000e+01,1.000000000000000000e+00
1.144095182418823242e+00,2.085931015014648438e+01,1.000000000000000000e+01,1.000000000000000000e+00
1.138626337051391602e+00,2.128491592407226562e+01,1.000000000000000000e+01,1.000000000000000000e+00
1.712059259414672852e+00,1.960985183715820312e+01,1.000000000000000000e+01,1.000000000000000000e+00
1.625085234642028809e+00,1.955657386779785156e+01,1.000000000000000000e+01,1.000000000000000000e+00
1.642685055732727051e+00,1.977684593200683594e+01,1.000000000000000000e+01,1.000000000000000000e+00
1.260732293128967285e+00,2.023288154602050781e+01,1.000000000000000000e+01,1.000000000000000000e+00
1.057780861854553223e+00,2.061131095886230469e+01,1.000000000000000000e+01,1.000000000000000000e+00
1.451898694038391113e+00,2.030312347412109375e+01,1.000000000000000000e+01,1.000000000000000000e+00
1.440909743309020996e+00,1.985655212402343750e+01,1.000000000000000000e+01,1.000000000000000000e+00
1.358454108238220215e+00,2.023239135742187500e+01,1.000000000000000000e+01,1.000000000000000000e+00
1.131940722465515137e+00,2.104307937622070312e+01,1.000000000000000000e+01,1.000000000000000000e+00
1.808061480522155762e+00,1.942495346069335938e+01,1.000000000000000000e+01,1.000000000000000000e+00
1.870983481407165527e+00,1.937026405334472656e+01,1.000000000000000000e+01,1.000000000000000000e+00
9.030303955078125000e-01,2.037994384765625000e+01,1.000000000000000000e+01,1.000000000000000000e+00
8.819296956062316895e-01,2.031135177612304688e+01,1.000000000000000000e+01,1.000000000000000000e+00
1.079067230224609375e+00,2.018463897705078125e+01,1.000000000000000000e+01,1.000000000000000000e+00
1.150423049926757812e+00,2.125170516967773438e+01,1.000000000000000000e+01,1.000000000000000000e+00
1.127427935600280762e+00,2.136906242370605469e+01,1.000000000000000000e+01,1.000000000000000000e+00
9.861384630203247070e-01,2.022533226013183594e+01,1.000000000000000000e+01,1.000000000000000000e+00
1.588882684707641602e+00,1.962614250183105469e+01,1.000000000000000000e+01,1.000000000000000000e+00
1.117539405822753906e+00,2.121252250671386719e+01,1.000000000000000000e+01,1.000000000000000000e+00
1.011247634887695312e+00,2.046075439453125000e+01,1.000000000000000000e+01,1.000000000000000000e+00
1.068254947662353516e+00,2.022802925109863281e+01,1.000000000000000000e+01,1.000000000000000000e+00
1.323668003082275391e+00,2.092168235778808594e+01,1.000000000000000000e+01,1.000000000000000000e+00
1.163904070854187012e+00,2.130597496032714844e+01,1.000000000000000000e+01,1.000000000000000000e+00
1.676156759262084961e+00,1.949695587158203125e+01,1.000000000000000000e+01,1.000000000000000000e+00
1.119750738143920898e+00,2.101158332824707031e+01,1.000000000000000000e+01,1.000000000000000000e+00
1.050033330917358398e+00,2.064856529235839844e+01,1.000000000000000000e+01,1.000000000000000000e+00
8.838188052177429199e-01,2.034453582763671875e+01,1.000000000000000000e+01,1.000000000000000000e+00
1.492423295974731445e+00,2.061354255676269531e+01,1.000000000000000000e+01,1.000000000000000000e+00
1.560635566711425781e+00,2.043506240844726562e+01,1.000000000000000000e+01,1.000000000000000000e+00
1.408171057701110840e+00,2.050891685485839844e+01,1.000000000000000000e+01,1.000000000000000000e+00
1.502501606941223145e+00,2.035379600524902344e+01,1.000000000000000000e+01,1.000000000000000000e+00
9.314995408058166504e-01,2.028516578674316406e+01,1.000000000000000000e+01,1.000000000000000000e+00
1.087571501731872559e+00,2.116796684265136719e+01,1.000000000000000000e+01,1.000000000000000000e+00
1.011371612548828125e+00,2.067359542846679688e+01,1.000000000000000000e+01,1.000000000000000000e+00
1.130226373672485352e+00,2.136036300659179688e+01,1.000000000000000000e+01,1.000000000000000000e+00
1.363122105598449707e+00,2.086643981933593750e+01,1.000000000000000000e+01,1.000000000000000000e+00
1.858009576797485352e+00,1.935076522827148438e+01,1.000000000000000000e+01,1.000000000000000000e+00
1.657361745834350586e+00,1.966343116760253906e+01,1.000000000000000000e+01,1.000000000000000000e+00
1.696621298789978027e+00,1.951868247985839844e+01,1.000000000000000000e+01,1.000000000000000000e+00
1.869012475013732910e+00,1.936424255371093750e+01,1.000000000000000000e+01,1.000000000000000000e+00
1.048282384872436523e+00,2.022568321228027344e+01,1.000000000000000000e+01,1.000000000000000000e+00
1.207468628883361816e+00,2.040349960327148438e+01,1.000000000000000000e+01,1.000000000000000000e+00
1.123654007911682129e+00,2.134551811218261719e+01,1.000000000000000000e+01,1.000000000000000000e+00
8.956875205039978027e-01,2.035801887512207031e+01,1.000000000000000000e+01,1.000000000000000000e+00
1.810582995414733887e+00,1.942445755004882812e+01,1.000000000000000000e+01,1.000000000000000000e+00
1.178168416023254395e+00,2.029537010192871094e+01,1.000000000000000000e+01,1.000000000000000000e+00
1.099944353103637695e+00,2.080456733703613281e+01,1.000000000000000000e+01,1.000000000000000000e+00
1.129518389701843262e+00,2.138615989685058594e+01,1.000000000000000000e+01,1.000000000000000000e+00
1.096176385879516602e+00,2.116801834106445312e+01,1.000000000000000000e+01,1.000000000000000000e+00
1.595802664756774902e+00,1.970536804199218750e+01,1.000000000000000000e+01,1.000000000000000000e+00
1.645805239677429199e+00,1.972428131103515625e+01,1.000000000000000000e+01,1.000000000000000000e+00
1.142987489700317383e+00,2.129333305358886719e+01,1.000000000000000000e+01,1.000000000000000000e+00
1.029243826866149902e+00,2.038335609436035156e+01,1.000000000000000000e+01,1.000000000000000000e+00
1.595413565635681152e+00,1.970425987243652344e+01,1.000000000000000000e+01,1.000000000000000000e+00
1.118317723274230957e+00,2.133960914611816406e+01,1.000000000000000000e+01,1.000000000000000000e+00
1.586576938629150391e+00,2.025197410583496094e+01,1.000000000000000000e+01,1.000000000000000000e+00
1.173364043235778809e+00,2.127441978454589844e+01,1.000000000000000000e+01,1.000000000000000000e+00
1.025617241859436035e+00,2.024602890014648438e+01,1.000000000000000000e+01,1.000000000000000000e+00
1.117696404457092285e+00,2.094077682495117188e+01,1.000000000000000000e+01,1.000000000000000000e+00
1.108207583427429199e+00,2.135855674743652344e+01,1.000000000000000000e+01,1.000000000000000000e+00
1.152228116989135742e+00,2.128342437744140625e+01,1.000000000000000000e+01,1.000000000000000000e+00
1.801950335502624512e+00,1.948265457153320312e+01,1.000000000000000000e+01,1.000000000000000000e+00
1.613943099975585938e+00,1.965401268005371094e+01,1.000000000000000000e+01,1.000000000000000000e+00
1.016529917716979980e+00,2.050105476379394531e+01,1.000000000000000000e+01,1.000000000000000000e+00
1.340982079505920410e+00,2.021490669250488281e+01,1.000000000000000000e+01,1.000000000000000000e+00
1.511084914207458496e+00,1.975237846374511719e+01,1.000000000000000000e+01,1.000000000000000000e+00
1.405836939811706543e+00,2.043694305419921875e+01,1.000000000000000000e+01,1.000000000000000000e+00
1.631963491439819336e+00,1.959797477722167969e+01,1.000000000000000000e+01,1.000000000000000000e+00
1.058180212974548340e+00,2.059848213195800781e+01,1.000000000000000000e+01,1.000000000000000000e+00
1.765638470649719238e+00,1.967854881286621094e+01,1.000000000000000000e+01,1.000000000000000000e+00
1.113440513610839844e+00,2.076739501953125000e+01,1.000000000000000000e+01,1.000000000000000000e+00
1.046613335609436035e+00,2.057051467895507812e+01,1.000000000000000000e+01,1.000000000000000000e+00
1.402270674705505371e+00,2.057479095458984375e+01,1.000000000000000000e+01,1.000000000000000000e+00
8.915390372276306152e-01,2.035237312316894531e+01,1.000000000000000000e+01,1.000000000000000000e+00
9.187616705894470215e-01,2.027947807312011719e+01,1.000000000000000000e+01,1.000000000000000000e+00
1.072570919990539551e+00,2.104783821105957031e+01,1.000000000000000000e+01,1.000000000000000000e+00
1.563544988632202148e+00,2.035622596740722656e+01,1.000000000000000000e+01,1.000000000000000000e+00
8.862867951393127441e-01,2.033789825439453125e+01,1.000000000000000000e+01,1.000000000000000000e+00
1.640293359756469727e+00,1.985832214355468750e+01,1.000000000000000000e+01,1.000000000000000000e+00
1.798930168151855469e+00,1.947050476074218750e+01,1.000000000000000000e+01,1.000000000000000000e+00
1.278093695640563965e+00,2.034681701660156250e+01,1.000000000000000000e+01,1.000000000000000000e+00
1.559384226799011230e+00,2.034020423889160156e+01,1.000000000000000000e+01,1.000000000000000000e+00
1.792156100273132324e+00,1.949329757690429688e+01,1.000000000000000000e+01,1.000000000000000000e+00
1.255338191986083984e+00,-5.607760906219482422e+00,1.300000000000000000e+01,1.000000000000000000e+00
3.547641336917877197e-01,-6.205745220184326172e+00,1.300000000000000000e+01,1.000000000000000000e+00
1.722699701786041260e-01,-6.378664970397949219e+00,1.300000000000000000e+01,1.000000000000000000e+00
1.278017878532409668e+00,-5.586026191711425781e+00,1.300000000000000000e+01,1.000000000000000000e+00
3.603546619415283203e-01,-6.203751087188720703e+00,1.300000000000000000e+01,1.000000000000000000e+00
1.692285388708114624e-01,-6.381482124328613281e+00,1.300000000000000000e+01,1.000000000000000000e+00
4.052409529685974121e-01,-6.165566444396972656e+00,1.300000000000000000e+01,1.000000000000000000e+00
2.516520261764526367e+00,-4.671182155609130859e+00,1.300000000000000000e+01,1.000000000000000000e+00
1.989952325820922852e-01,-6.355589866638183594e+00,1.300000000000000000e+01,1.000000000000000000e+00
3.668719530105590820e-01,-6.196910858154296875e+00,1.300000000000000000e+01,1.000000000000000000e+00
1.011155247688293457e+00,-5.789976119995117188e+00,1.300000000000000000e+01,1.000000000000000000e+00
4.806439578533172607e-01,-6.117073535919189453e+00,1.300000000000000000e+01,1.000000000000000000e+00
2.518305778503417969e+00,-4.677394866943359375e+00,1.300000000000000000e+01,1.000000000000000000e+00
1.906913757324218750e+00,-5.116612434387207031e+00,1.300000000000000000e+01,1.000000000000000000e+00
2.413924932479858398e+00,-4.767051696777343750e+00,1.300000000000000000e+01,1.000000000000000000e+00
1.657235383987426758e+00,-5.306241512298583984e+00,1.300000000000000000e+01,1.000000000000000000e+00
3.921116590499877930e-01,-6.174183368682861328e+00,1.300000000000000000e+01,1.000000000000000000e+00
1.294250249862670898e+00,-5.572342872619628906e+00,1.300000000000000000e+01,1.000000000000000000e+00
1.732730507850646973e+00,-5.238984107971191406e+00,1.300000000000000000e+01,1.000000000000000000e+00
1.779165863990783691e+00,-5.209607124328613281e+00,1.300000000000000000e+01,1.000000000000000000e+00
1.877197742462158203e+00,-5.141645908355712891e+00,1.300000000000000000e+01,1.000000000000000000e+00
1.562026143074035645e+00,-5.368801593780517578e+00,1.300000000000000000e+01,1.000000000000000000e+00
3.892754316329956055e-01,-6.173097133636474609e+00,1.300000000000000000e+01,1.000000000000000000e+00
2.502703428268432617e+00,-4.697813034057617188e+00,1.300000000000000000e+01,1.000000000000000000e+00
2.573624372482299805e+00,-4.630883216857910156e+00,1.300000000000000000e+01,1.000000000000000000e+00
3.791597485542297363e-01,-6.185423851013183594e+00,1.300000000000000000e+01,1.000000000000000000e+00
2.223936080932617188e+00,-4.905166149139404297e+00,1.300000000000000000e+01,1.000000000000000000e+00
2.470755100250244141e+00,-4.721831798553466797e+00,1.300000000000000000e+01,1.000000000000000000e+00
1.769565224647521973e+00,-5.216943264007568359e+00,1.300000000000000000e+01,1.000000000000000000e+00
2.600898027420043945e+00,-4.604624748229980469e+00,1.300000000000000000e+01,1.000000000000000000e+00
2.454038143157958984e+00,-4.698958873748779297e+00,1.300000000000000000e+01,1.000000000000000000e+00
2.525601625442504883e+00,-4.672888278961181641e+00,1.300000000000000000e+01,1.000000000000000000e+00
2.546490669250488281e+00,-4.651468753814697266e+00,1.300000000000000000e+01,1.000000000000000000e+00
1.496579945087432861e-01,-6.398240089416503906e+00,1.300000000000000000e+01,1.000000000000000000e+00
1.692707061767578125e+00,-5.275837898254394531e+00,1.300000000000000000e+01,1.000000000000000000e+00
1.375592589378356934e+00,-5.506217956542968750e+00,1.300000000000000000e+01,1.000000000000000000e+00
1.297356128692626953e+00,-5.562608242034912109e+00,1.300000000000000000e+01,1.000000000000000000e+00
2.559648990631103516e+00,-4.640617847442626953e+00,1.300000000000000000e+01,1.000000000000000000e+00
1.197488665580749512e+00,-5.649843215942382812e+00,1.300000000000000000e+01,1.000000000000000000e+00
1.604570746421813965e+00,-5.344608783721923828e+00,1.300000000000000000e+01,1.000000000000000000e+00
1.250402450561523438e+00,-5.612629890441894531e+00,1.300000000000000000e+01,1.000000000000000000e+00
2.591763973236083984e+00,-4.614064216613769531e+00,1.300000000000000000e+01,1.000000000000000000e+00
1.709410309791564941e+00,-5.262153625488281250e+00,1.300000000000000000e+01,1.000000000000000000e+00
2.485629796981811523e+00,-4.714273452758789062e+00,1.300000000000000000e+01,1.000000000000000000e+00
1.020072221755981445e+00,-5.788116455078125000e+00,1.300000000000000000e+01,1.000000000000000000e+00
2.829726636409759521e-01,-6.282043933868408203e+00,1.300000000000000000e+01,1.000000000000000000e+00
1.327596545219421387e+00,-5.559167385101318359e+00,1.300000000000000000e+01,1.000000000000000000e+00
2.864422500133514404e-01,-6.274331569671630859e+00,1.300000000000000000e+01,1.000000000000000000e+00
1.864959597587585449e-01,-6.365945339202880859e+00,1.300000000000000000e+01,1.000000000000000000e+00
1.185980558395385742e+00,-5.647424221038818359e+00,1.300000000000000000e+01,1.000000000000000000e+00
2.493741035461425781e+00,-4.712837696075439453e+00,1.300000000000000000e+01,1.000000000000000000e+00
3.693390488624572754e-01,-6.196320533752441406e+00,1.300000000000000000e+01,1.000000000000000000e+00
1.621201515197753906e+00,-5.330128192901611328e+00,1.300000000000000000e+01,1.000000000000000000e+00
2.532462835311889648e+00,-4.668849945068359375e+00,1.300000000000000000e+01,1.000000000000000000e+00
1.422497510910034180e+00,-5.474842071533203125e+00,1.300000000000000000e+01,1.000000000000000000e+00
3.866982161998748779e-01,-6.200551986694335938e+00,1.300000000000000000e+01,1.000000000000000000e+00
2.565310716629028320e+00,-4.637353897094726562e+00,1.300000000000000000e+01,1.000000000000000000e+00
2.500351190567016602e+00,-4.694341182708740234e+00,1.300000000000000000e+01,1.000000000000000000e+00
4.928670525550842285e-01,-6.116141319274902344e+00,1.300000000000000000e+01,1.000000000000000000e+00
3.581824898719787598e-01,-6.207741737365722656e+00,1.300000000000000000e+01,1.000000000000000000e+00
1.936798930168151855e+00,-5.100722312927246094e+00,1.300000000000000000e+01,1.000000000000000000e+00
1.413785934448242188e+00,-5.488058090209960938e+00,1.300000000000000000e+01,1.000000000000000000e+00
1.740574091672897339e-01,-6.377792358398437500e+00,1.300000000000000000e+01,1.000000000000000000e+00
1.006420612335205078e+00,-5.798406600952148438e+00,1.300000000000000000e+01,1.000000000000000000e+00
3.548359572887420654e-01,-6.209037780761718750e+00,1.300000000000000000e+01,1.000000000000000000e+00
2.530483722686767578e+00,-4.672673702239990234e+00,1.300000000000000000e+01,1.000000000000000000e+00
1.010948657989501953e+00,-5.791307926177978516e+00,1.300000000000000000e+01,1.000000000000000000e+00
2.484406232833862305e+00,-4.709893226623535156e+00,1.300000000000000000e+01,1.000000000000000000e+00
1.530824542045593262e+00,-5.396419525146484375e+00,1.300000000000000000e+01,1.000000000000000000e+00
2.036753445863723755e-01,-6.352398872375488281e+00,1.300000000000000000e+01,1.000000000000000000e+00
2.524265050888061523e+00,-4.685609340667724609e+00,1.300000000000000000e+01,1.000000000000000000e+00
4.892214536666870117e-01,-6.092497348785400391e+00,1.300000000000000000e+01,1.000000000000000000e+00
1.428505659103393555e+00,-5.408044815063476562e+00,9.000000000000000000e+00,1.000000000000000000e+00
1.286848425865173340e+00,-5.585807323455810547e+00,1.300000000000000000e+01,1.000000000000000000e+00
2.393927425146102905e-01,-6.321723937988281250e+00,1.300000000000000000e+01,1.000000000000000000e+00
3.212271630764007568e-01,-6.236889362335205078e+00,1.300000000000000000e+01,1.000000000000000000e+00
1.564545750617980957e+00,-5.371899127960205078e+00,1.300000000000000000e+01,1.000000000000000000e+00
6.339610815048217773e-01,-6.008923530578613281e+00,1.300000000000000000e+01,1.000000000000000000e+00
1.469177484512329102e+00,-5.438207626342773438e+00,1.300000000000000000e+01,1.000000000000000000e+00
1.350397467613220215e+00,-5.525857448577880859e+00,1.300000000000000000e+01,1.000000000000000000e+00
1.889049410820007324e-01,-6.361032485961914062e+00,1.300000000000000000e+01,1.000000000000000000e+00
1.930333077907562256e-01,-6.359183788299560547e+00,1.300000000000000000e+01,1.000000000000000000e+00
1.970095634460449219e-01,-6.356818199157714844e+00,1.300000000000000000e+01,1.000000000000000000e+00
1.414421558380126953e+00,-5.482361316680908203e+00,1.300000000000000000e+01,1.000000000000000000e+00
7.993569970130920410e-01,-5.933108806610107422e+00,1.300000000000000000e+01,1.000000000000000000e+00
4.473626315593719482e-01,-6.155448436737060547e+00,1.300000000000000000e+01,1.000000000000000000e+00
1.036593437194824219e+00,-5.774018287658691406e+00,1.300000000000000000e+01,1.000000000000000000e+00
-1.601030468940734863e+00,3.985136270523071289e+00,9.000000000000000000e+00,1.000000000000000000e+00
2.559330701828002930e+00,-4.642506122589111328e+00,1.300000000000000000e+01,1.000000000000000000e+00
2.461215734481811523e+00,-4.733211517333984375e+00,1.300000000000000000e+01,1.000000000000000000e+00
1.041535615921020508e+00,-5.767569541931152344e+00,1.300000000000000000e+01,1.000000000000000000e+00
6.602751612663269043e-01,-5.992566585540771484e+00,1.300000000000000000e+01,1.000000000000000000e+00
4.841181039810180664e-01,-6.118723392486572266e+00,1.300000000000000000e+01,1.000000000000000000e+00
2.581166028976440430e+00,-4.624891757965087891e+00,1.300000000000000000e+01,1.000000000000000000e+00
1.666859030723571777e+00,-5.294516563415527344e+00,1.300000000000000000e+01,1.000000000000000000e+00
5.045528411865234375e-01,-6.085315704345703125e+00,1.300000000000000000e+01,1.000000000000000000e+00
2.254333972930908203e+00,-4.883737564086914062e+00,1.300000000000000000e+01,1.000000000000000000e+00
1.088273406028747559e+00,-5.734302043914794922e+00,1.300000000000000000e+01,1.000000000000000000e+00
2.575045108795166016e+00,-4.630678176879882812e+00,1.300000000000000000e+01,1.000000000000000000e+00
1.681223869323730469e+00,-5.277936458587646484e+00,1.300000000000000000e+01,1.000000000000000000e+00
2.493258953094482422e+00,-4.711415290832519531e+00,1.300000000000000000e+01,1.000000000000000000e+00
2.575462579727172852e+00,-4.631822109222412109e+00,1.300000000000000000e+01,1.000000000000000000e+00
9.682161211967468262e-01,-5.821677207946777344e+00,1.300000000000000000e+01,1.000000000000000000e+00
5.152865648269653320e-01,-6.082994461059570312e+00,1.300000000000000000e+01,1.000000000000000000e+00
1.279463291168212891e+00,-5.572349548339843750e+00,1.300000000000000000e+01,1.000000000000000000e+00
2.248991250991821289e+00,-4.888553619384765625e+00,1.300000000000000000e+01,1.000000000000000000e+00
3.940852284431457520e-01,-6.170719146728515625e+00,1.300000000000000000e+01,1.000000000000000000e+00
2.594300270080566406e+00,-4.608957290649414062e+00,1.300000000000000000e+01,1.000000000000000000e+00
2.595766067504882812e+00,-4.609345912933349609e+00,1.300000000000000000e+01,1.000000000000000000e+00
2.379748523235321045e-01,-6.318745613098144531e+00,1.300000000000000000e+01,1.000000000000000000e+00
1.718276739120483398e+00,-5.255137443542480469e+00,1.300000000000000000e+01,1.000000000000000000e+00
1.120768427848815918e+00,-5.711919784545898438e+00,1.300000000000000000e+01,1.000000000000000000e+00
1.293292164802551270e+00,-5.568103790283203125e+00,1.300000000000000000e+01,1.000000000000000000e+00
2.521461963653564453e+00,-4.677344322204589844e+00,1.300000000000000000e+01,1.000000000000000000e+00
9.804266691207885742e-01,-5.809180259704589844e+00,1.300000000000000000e+01,1.000000000000000000e+00
1.758615136146545410e+00,-5.226553440093994141e+00,1.300000000000000000e+01,1.000000000000000000e+00
3.959346413612365723e-01,-6.171317577362060547e+00,1.300000000000000000e+01,1.000000000000000000e+00
4.862824678421020508e-01,-6.120867729187011719e+00,1.300000000000000000e+01,1.000000000000000000e+00
1.415915131568908691e+00,-5.490458488464355469e+00,1.300000000000000000e+01,1.000000000000000000e+00
2.332574278116226196e-01,-6.326395511627197266e+00,1.300000000000000000e+01,1.000000000000000000e+00
3.655947446823120117e-01,-6.195863246917724609e+00,1.300000000000000000e+01,1.000000000000000000e+00
3.354257643222808838e-01,-6.222411632537841797e+00,1.300000000000000000e+01,1.000000000000000000e+00
5.082643628120422363e-01,-6.096096992492675781e+00,1.300000000000000000e+01,1.000000000000000000e+00
1.401680111885070801e+00,-5.508431434631347656e+00,1.300000000000000000e+01,1.000000000000000000e+00
8.957487940788269043e-01,-5.872469425201416016e+00,1.300000000000000000e+01,1.000000000000000000e+00
1.712189674377441406e+00,-5.258833885192871094e+00,1.300000000000000000e+01,1.000000000000000000e+00
2.555310964584350586e+00,-4.645980358123779297e+00,1.300000000000000000e+01,1.000000000000000000e+00
4.999178051948547363e-01,-6.111025810241699219e+00,1.300000000000000000e+01,1.000000000000000000e+00
7.262082695960998535e-01,-5.959321975708007812e+00,1.300000000000000000e+01,1.000000000000000000e+00
2.308883428573608398e+00,-4.849104404449462891e+00,1.300000000000000000e+01,1.000000000000000000e+00
3.639653623104095459e-01,-6.203722953796386719e+00,1.300000000000000000e+01,1.000000000000000000e+00
2.467137336730957031e+00,-4.720270633697509766e+00,1.300000000000000000e+01,1.000000000000000000e+00
1.689882993698120117e+00,-5.273849010467529297e+00,1.300000000000000000e+01,1.000000000000000000e+00
4.932257831096649170e-01,-6.110529422760009766e+00,1.300000000000000000e+01,1.000000000000000000e+00
2.180551141500473022e-01,-6.333506584167480469e+00,1.300000000000000000e+01,1.000000000000000000e+00
2.251034736633300781e+00,-4.887339591979980469e+00,1.300000000000000000e+01,1.000000000000000000e+00
4.062819778919219971e-01,-6.154214382171630859e+00,1.300000000000000000e+01,1.000000000000000000e+00
1.328886628150939941e+00,-5.563686370849609375e+00,1.300000000000000000e+01,1.000000000000000000e+00
2.509541273117065430e+00,-4.687258720397949219e+00,1.300000000000000000e+01,1.000000000000000000e+00
1.173511624336242676e+00,-5.678689956665039062e+00,1.300000000000000000e+01,1.000000000000000000e+00
4.815430939197540283e-01,-6.101164817810058594e+00,1.300000000000000000e+01,1.000000000000000000e+00
3.660737872123718262e-01,-6.194203853607177734e+00,1.300000000000000000e+01,1.000000000000000000e+00
2.124563932418823242e+00,-4.970330715179443359e+00,1.300000000000000000e+01,1.000000000000000000e+00
5.229009389877319336e-01,-6.073293685913085938e+00,1.300000000000000000e+01,1.000000000000000000e+00
2.391812801361083984e+00,-4.782492160797119141e+00,1.300000000000000000e+01,1.000000000000000000e+00
3.389781713485717773e-01,-6.228742122650146484e+00,1.300000000000000000e+01,1.000000000000000000e+00
2.495888710021972656e+00,-4.698736190795898438e+00,1.300000000000000000e+01,1.000000000000000000e+00
2.054018259048461914e+00,-5.018253803253173828e+00,1.300000000000000000e+01,1.000000000000000000e+00
2.621218264102935791e-01,-6.302899360656738281e+00,1.300000000000000000e+01,1.000000000000000000e+00
1.593749284744262695e+00,-5.348699092864990234e+00,1.300000000000000000e+01,1.000000000000000000e+00
1.462831020355224609e+00,-5.447584629058837891e+00,1.300000000000000000e+01,1.000000000000000000e+00
5.001085996627807617e-01,-6.088323116302490234e+00,1.300000000000000000e+01,1.000000000000000000e+00
1.038583874702453613e+00,-5.773883342742919922e+00,1.300000000000000000e+01,1.000000000000000000e+00
1.452999830245971680e+00,-5.455584049224853516e+00,1.300000000000000000e+01,1.000000000000000000e+00
1.826632857322692871e+00,-5.178786277770996094e+00,1.300000000000000000e+01,1.000000000000000000e+00
2.467527389526367188e+00,-4.743509292602539062e+00,1.300000000000000000e+01,1.000000000000000000e+00
1.410441994667053223e+00,-5.483763694763183594e+00,1.300000000000000000e+01,1.000000000000000000e+00
1.846226006746292114e-01,-6.366032600402832031e+00,1.300000000000000000e+01,1.000000000000000000e+00
1.892912745475769043e+00,-5.131168365478515625e+00,1.300000000000000000e+01,1.000000000000000000e+00
3.851999938488006592e-01,-6.177314758300781250e+00,1.300000000000000000e+01,1.000000000000000000e+00
1.305034279823303223e+00,-5.582867145538330078e+00,1.300000000000000000e+01,1.000000000000000000e+00
2.159769058227539062e+00,-4.946562767028808594e+00,1.300000000000000000e+01,1.000000000000000000e+00
1.257150173187255859e+00,-5.591042041778564453e+00,1.300000000000000000e+01,1.000000000000000000e+00
1.227185249328613281e+01,4.150990962982177734e+00,1.300000000000000000e+01,1.000000000000000000e+00
2.449939489364624023e+00,-4.735156536102294922e+00,1.300000000000000000e+01,1.000000000000000000e+00
1.392542481422424316e+00,-5.505870819091796875e+00,1.300000000000000000e+01,1.000000000000000000e+00
9.549841284751892090e-01,-5.830427646636962891e+00,1.300000000000000000e+01,1.000000000000000000e+00
1.414233922958374023e+00,-5.476083755493164062e+00,1.300000000000000000e+01,1.000000000000000000e+00
1.936915218830108643e-01,-6.349757671356201172e+00,1.300000000000000000e+01,1.000000000000000000e+00
1.989308893680572510e-01,-6.351997852325439453e+00,1.300000000000000000e+01,1.000000000000000000e+00
1.809817194938659668e+00,-5.189218997955322266e+00,1.300000000000000000e+01,1.000000000000000000e+00
1.673911571502685547e+00,-5.286854267120361328e+00,1.300000000000000000e+01,1.000000000000000000e+00
7.652374505996704102e-01,-5.946393966674804688e+00,1.300000000000000000e+01,1.000000000000000000e+00
2.506442308425903320e+00,-4.702045440673828125e+00,1.300000000000000000e+01,1.000000000000000000e+00
9.970260262489318848e-01,-5.799094200134277344e+00,1.300000000000000000e+01,1.000000000000000000e+00
9.814746379852294922e-01,-5.813223838806152344e+00,1.300000000000000000e+01,1.000000000000000000e+00
2.546966314315795898e+00,-4.653079509735107422e+00,1.300000000000000000e+01,1.000000000000000000e+00
5.467426776885986328e-01,-6.046977996826171875e+00,1.300000000000000000e+01,1.000000000000000000e+00
1.313113808631896973e+00,-5.551136493682861328e+00,1.300000000000000000e+01,1.000000000000000000e+00
3.949206769466400146e-01,-6.192460536956787109e+00,1.300000000000000000e+01,1.000000000000000000e+00
1.380978345870971680e+00,-5.496818542480468750e+00,1.300000000000000000e+01,1.000000000000000000e+00
6.258264183998107910e-01,-6.005335807800292969e+00,1.300000000000000000e+01,1.000000000000000000e+00
5.480744242668151855e-01,-6.052635192871093750e+00,1.300000000000000000e+01,1.000000000000000000e+00
2.467255353927612305e+00,-4.726184368133544922e+00,1.300000000000000000e+01,1.000000000000000000e+00
4.023509025573730469e-01,-6.166185855865478516e+00,1.300000000000000000e+01,1.000000000000000000e+00
2.204080104827880859e+00,-4.918761730194091797e+00,1.300000000000000000e+01,1.000000000000000000e+00
3.803232312202453613e-01,-6.182480335235595703e+00,1.300000000000000000e+01,1.000000000000000000e+00
3.239752352237701416e-01,-6.237356185913085938e+00,1.300000000000000000e+01,1.000000000000000000e+00
2.244623661041259766e+00,-4.885979652404785156e+00,1.300000000000000000e+01,1.000000000000000000e+00
1.509257435798645020e+00,-5.410082817077636719e+00,1.300000000000000000e+01,1.000000000000000000e+00
1.091572284698486328e+00,-5.704240322113037109e+00,1.300000000000000000e+01,1.000000000000000000e+00
2.508634567260742188e+00,-4.732418060302734375e+00,1.300000000000000000e+01,1.000000000000000000e+00
2.517826318740844727e+00,-4.686274051666259766e+00,1.300000000000000000e+01,1.000000000000000000e+00
6.502262353897094727e-01,-5.985825538635253906e+00,1.300000000000000000e+01,1.000000000000000000e+00
2.243483304977416992e+00,-4.893708705902099609e+00,1.300000000000000000e+01,1.000000000000000000e+00
2.000859975814819336e-01,-6.353124618530273438e+00,1.300000000000000000e+01,1.000000000000000000e+00
1.274773240089416504e+00,-5.580202102661132812e+00,1.300000000000000000e+01,1.000000000000000000e+00
2.498843908309936523e+00,-4.709103107452392578e+00,1.300000000000000000e+01,1.000000000000000000e+00
1.265776872634887695e+00,-5.588587760925292969e+00,1.300000000000000000e+01,1.000000000000000000e+00
1.703405737876892090e+00,-5.265475273132324219e+00,1.300000000000000000e+01,1.000000000000000000e+00
1.225161552429199219e+00,-5.613479137420654297e+00,1.300000000000000000e+01,1.000000000000000000e+00
1.662489891052246094e+00,-5.296765804290771484e+00,1.300000000000000000e+01,1.000000000000000000e+00
6.372883915901184082e-01,-6.028628826141357422e+00,1.300000000000000000e+01,1.000000000000000000e+00
2.282300949096679688e+00,-4.856447696685791016e+00,1.300000000000000000e+01,1.000000000000000000e+00
2.512331008911132812e+00,-4.689356327056884766e+00,1.300000000000000000e+01,1.000000000000000000e+00
1.389158844947814941e+00,-5.498848915100097656e+00,1.300000000000000000e+01,1.000000000000000000e+00
2.228935480117797852e+00,-4.884197711944580078e+00,1.300000000000000000e+01,1.000000000000000000e+00
1.161142110824584961e+00,-5.686344146728515625e+00,1.300000000000000000e+01,1.000000000000000000e+00
1.428187131881713867e+00,-5.462453842163085938e+00,1.300000000000000000e+01,1.000000000000000000e+00
1.226676821708679199e+00,-5.611633777618408203e+00,1.300000000000000000e+01,1.000000000000000000e+00
2.076850891113281250e+01,1.381117582321166992e+00,2.100000000000000000e+01,1.000000000000000000e+00
1.934771347045898438e+01,5.985305905342102051e-01,2.100000000000000000e+01,1.000000000000000000e+00
1.930491447448730469e+01,5.817173123359680176e-01,2.100000000000000000e+01,1.000000000000000000e+00
5.356242179870605469e+00,2.297703027725219727e+00,2.200000000000000000e+01,1.000000000000000000e+00
1.963762664794921875e+01,7.069818973541259766e-01,2.100000000000000000e+01,1.000000000000000000e+00
2.017637825012207031e+01,9.703927636146545410e-01,2.100000000000000000e+01,1.000000000000000000e+00
1.993217468261718750e+01,8.518553972244262695e-01,2.100000000000000000e+01,1.000000000000000000e+00
1.920264053344726562e+01,5.261786580085754395e-01,2.100000000000000000e+01,1.000000000000000000e+00
2.047676086425781250e+01,1.111248493194580078e+00,2.100000000000000000e+01,1.000000000000000000e+00
2.069074630737304688e+01,1.332465767860412598e+00,2.100000000000000000e+01,1.000000000000000000e+00
2.072560691833496094e+01,1.372372508049011230e+00,2.100000000000000000e+01,1.000000000000000000e+00
1.902357292175292969e+01,3.913863003253936768e-01,2.100000000000000000e+01,1.000000000000000000e+00
2.075618171691894531e+01,1.395951271057128906e+00,2.100000000000000000e+01,1.000000000000000000e+00
5.290315151214599609e+00,2.234348297119140625e+00,2.200000000000000000e+01,1.000000000000000000e+00
1.931652832031250000e+01,5.783932209014892578e-01,2.100000000000000000e+01,1.000000000000000000e+00
2.072035598754882812e+01,1.320020794868469238e+00,2.100000000000000000e+01,1.000000000000000000e+00
1.879357337951660156e+01,2.438157200813293457e-01,2.100000000000000000e+01,1.000000000000000000e+00
1.994320869445800781e+01,8.756939768791198730e-01,2.100000000000000000e+01,1.000000000000000000e+00
2.022550201416015625e+01,9.935285449028015137e-01,2.100000000000000000e+01,1.000000000000000000e+00
1.852836799621582031e+01,4.150605760514736176e-03,2.100000000000000000e+01,1.000000000000000000e+00
1.968331336975097656e+01,7.340668439865112305e-01,2.100000000000000000e+01,1.000000000000000000e+00
1.865503120422363281e+01,1.076370775699615479e-01,2.100000000000000000e+01,1.000000000000000000e+00
2.020491218566894531e+01,9.816277623176574707e-01,2.100000000000000000e+01,1.000000000000000000e+00
2.013909530639648438e+01,9.515914320945739746e-01,2.100000000000000000e+01,1.000000000000000000e+00
1.926355552673339844e+01,5.543124675750732422e-01,2.100000000000000000e+01,1.000000000000000000e+00
1.921072387695312500e+01,5.227024555206298828e-01,2.100000000000000000e+01,1.000000000000000000e+00
1.866576957702636719e+01,1.300193816423416138e-01,2.100000000000000000e+01,1.000000000000000000e+00
1.982383155822753906e+01,8.335031270980834961e-01,2.100000000000000000e+01,1.000000000000000000e+00
5.359206676483154297e+00,2.296478748321533203e+00,2.200000000000000000e+01,1.000000000000000000e+00
1.986160659790039062e+01,8.186787962913513184e-01,2.100000000000000000e+01,1.000000000000000000e+00
2.068025016784667969e+01,1.295157313346862793e+00,2.100000000000000000e+01,1.000000000000000000e+00
1.918312454223632812e+01,5.029813647270202637e-01,2.100000000000000000e+01,1.000000000000000000e+00
5.429734706878662109e+00,2.340464591979980469e+00,2.200000000000000000e+01,1.000000000000000000e+00
2.072346305847167969e+01,1.369792819023132324e+00,2.100000000000000000e+01,1.000000000000000000e+00
1.924431419372558594e+01,5.632793307304382324e-01,2.100000000000000000e+01,1.000000000000000000e+00
2.074790191650390625e+01,1.014623284339904785e+00,2.100000000000000000e+01,1.000000000000000000e+00
2.078444862365722656e+01,9.918421506881713867e-01,2.100000000000000000e+01,1.000000000000000000e+00
1.918794631958007812e+01,5.035861730575561523e-01,2.100000000000000000e+01,1.000000000000000000e+00
5.307067871093750000e+00,2.250947475433349609e+00,2.200000000000000000e+01,1.000000000000000000e+00
1.928543853759765625e+01,5.776017308235168457e-01,2.100000000000000000e+01,1.000000000000000000e+00
1.867003059387207031e+01,1.353258341550827026e-01,2.100000000000000000e+01,1.000000000000000000e+00
1.858869171142578125e+01,5.683236941695213318e-02,2.100000000000000000e+01,1.000000000000000000e+00
2.077200508117675781e+01,9.934335947036743164e-01,2.100000000000000000e+01,1.000000000000000000e+00
1.916170501708984375e+01,4.838957190513610840e-01,2.100000000000000000e+01,1.000000000000000000e+00
2.074340629577636719e+01,1.379156231880187988e+00,2.100000000000000000e+01,1.000000000000000000e+00
2.074794769287109375e+01,1.385823607444763184e+00,2.100000000000000000e+01,1.000000000000000000e+00
5.364467144012451172e+00,2.303223848342895508e+00,2.200000000000000000e+01,1.000000000000000000e+00
1.994069671630859375e+01,8.574218153953552246e-01,2.100000000000000000e+01,1.000000000000000000e+00
2.076325988769531250e+01,1.004899859428405762e+00,2.100000000000000000e+01,1.000000000000000000e+00
5.305070400238037109e+00,2.248286724090576172e+00,2.200000000000000000e+01,1.000000000000000000e+00
1.971433258056640625e+01,7.653592228889465332e-01,2.100000000000000000e+01,1.000000000000000000e+00
2.070737838745117188e+01,1.067642331123352051e+00,2.100000000000000000e+01,1.000000000000000000e+00
5.408450126647949219e+00,2.332659244537353516e+00,2.200000000000000000e+01,1.000000000000000000e+00
1.968789291381835938e+01,7.389875650405883789e-01,2.100000000000000000e+01,1.000000000000000000e+00
2.074684333801269531e+01,9.997137784957885742e-01,2.100000000000000000e+01,1.000000000000000000e+00
1.985256767272949219e+01,8.127125501632690430e-01,2.100000000000000000e+01,1.000000000000000000e+00
1.859600067138671875e+01,6.393496692180633545e-02,2.100000000000000000e+01,1.000000000000000000e+00
1.991144180297851562e+01,8.529677987098693848e-01,2.100000000000000000e+01,1.000000000000000000e+00
1.937516593933105469e+01,6.087549924850463867e-01,2.100000000000000000e+01,1.000000000000000000e+00
1.994502639770507812e+01,8.561116456985473633e-01,2.100000000000000000e+01,1.000000000000000000e+00
2.074589729309082031e+01,1.025305986404418945e+00,2.100000000000000000e+01,1.000000000000000000e+00
2.067354965209960938e+01,1.065694928169250488e+00,2.100000000000000000e+01,1.000000000000000000e+00
1.920585250854492188e+01,5.161399245262145996e-01,2.100000000000000000e+01,1.000000000000000000e+00
2.057720375061035156e+01,1.161176323890686035e+00,2.100000000000000000e+01,1.000000000000000000e+00
2.075198745727539062e+01,1.390494465827941895e+00,2.100000000000000000e+01,1.000000000000000000e+00
1.984311866760253906e+01,8.091687560081481934e-01,2.100000000000000000e+01,1.000000000000000000e+00
1.925410842895507812e+01,5.843164324760437012e-01,2.100000000000000000e+01,1.000000000000000000e+00
2.070068740844726562e+01,1.094037413597106934e+00,2.100000000000000000e+01,1.000000000000000000e+00
1.884026527404785156e+01,2.921382784843444824e-01,2.100000000000000000e+01,1.000000000000000000e+00
1.948243522644042969e+01,6.563296318054199219e-01,2.100000000000000000e+01,1.000000000000000000e+00
2.040424537658691406e+01,1.061790108680725098e+00,2.100000000000000000e+01,1.000000000000000000e+00
2.036036491394042969e+01,1.070852994918823242e+00,2.100000000000000000e+01,1.000000000000000000e+00
2.074000930786132812e+01,1.413508653640747070e+00,2.100000000000000000e+01,1.000000000000000000e+00
1.849648094177246094e+01,-2.076426893472671509e-02,9.000000000000000000e+00,1.000000000000000000e+00
1.864578437805175781e+01,1.090489476919174194e-01,2.100000000000000000e+01,1.000000000000000000e+00
2.072887039184570312e+01,1.068719863891601562e+00,2.100000000000000000e+01,1.000000000000000000e+00
1.858611488342285156e+01,4.675230756402015686e-02,2.100000000000000000e+01,1.000000000000000000e+00
2.017431640625000000e+01,9.826256632804870605e-01,2.100000000000000000e+01,1.000000000000000000e+00
1.863556861877441406e+01,9.152176976203918457e-02,2.100000000000000000e+01,1.000000000000000000e+00
1.882072067260742188e+01,2.570097446441650391e-01,2.100000000000000000e+01,1.000000000000000000e+00
1.854503250122070312e+01,1.591533236205577850e-02,2.100000000000000000e+01,1.000000000000000000e+00
1.856104469299316406e+01,4.185431078076362610e-02,9.000000000000000000e+00,1.000000000000000000e+00
1.920548629760742188e+01,5.161821246147155762e-01,2.100000000000000000e+01,1.000000000000000000e+00
5.319335937500000000e+00,2.262488365173339844e+00,2.200000000000000000e+01,1.000000000000000000e+00
1.853995323181152344e+01,1.108620408922433853e-02,2.100000000000000000e+01,1.000000000000000000e+00
1.857048034667968750e+01,2.542514912784099579e-02,2.100000000000000000e+01,1.000000000000000000e+00
5.315565109252929688e+00,2.258640289306640625e+00,2.200000000000000000e+01,1.000000000000000000e+00
2.070568847656250000e+01,1.068216085433959961e+00,2.100000000000000000e+01,1.000000000000000000e+00
5.353591918945312500e+00,2.294983625411987305e+00,2.200000000000000000e+01,1.000000000000000000e+00
1.854618453979492188e+01,1.509234774857759476e-02,2.100000000000000000e+01,1.000000000000000000e+00
2.078929138183593750e+01,1.443045258522033691e+00,2.100000000000000000e+01,1.000000000000000000e+00
2.074118232727050781e+01,1.398544669151306152e+00,2.100000000000000000e+01,1.000000000000000000e+00
1.960384178161621094e+01,7.023571729660034180e-01,2.100000000000000000e+01,1.000000000000000000e+00
2.070258903503417969e+01,1.104362845420837402e+00,2.100000000000000000e+01,1.000000000000000000e+00
2.070925331115722656e+01,1.307765364646911621e+00,2.100000000000000000e+01,1.000000000000000000e+00
5.334383010864257812e+00,2.276226282119750977e+00,2.200000000000000000e+01,1.000000000000000000e+00
2.074483871459960938e+01,1.359867453575134277e+00,2.100000000000000000e+01,1.000000000000000000e+00
2.069957542419433594e+01,1.225154638290405273e+00,2.100000000000000000e+01,1.000000000000000000e+00
1.856940078735351562e+01,3.759915009140968323e-02,2.100000000000000000e+01,1.000000000000000000e+00
1.878635406494140625e+01,2.483235150575637817e-01,2.100000000000000000e+01,1.000000000000000000e+00
5.320534229278564453e+00,2.263502359390258789e+00,2.200000000000000000e+01,1.000000000000000000e+00
1.967725372314453125e+01,7.423993349075317383e-01,2.100000000000000000e+01,1.000000000000000000e+00
1.855280685424804688e+01,2.327862381935119629e-02,2.100000000000000000e+01,1.000000000000000000e+00
2.071900749206542969e+01,1.034277200698852539e+00,2.100000000000000000e+01,1.000000000000000000e+00
1.855044746398925781e+01,1.092652883380651474e-02,9.000000000000000000e+00,1.000000000000000000e+00
1.857663536071777344e+01,4.082962870597839355e-02,2.100000000000000000e+01,1.000000000000000000e+00
5.436477661132812500e+00,2.335711717605590820e+00,2.200000000000000000e+01,1.000000000000000000e+00
1.854023551940917969e+01,1.401686202734708786e-02,2.100000000000000000e+01,1.000000000000000000e+00
1.881702804565429688e+01,2.661747634410858154e-01,2.100000000000000000e+01,1.000000000000000000e+00
1.881600379943847656e+01,2.590191066265106201e-01,2.100000000000000000e+01,1.000000000000000000e+00
1.970847702026367188e+01,7.403895854949951172e-01,2.100000000000000000e+01,1.000000000000000000e+00
1.882771682739257812e+01,2.506365776062011719e-01,2.100000000000000000e+01,1.000000000000000000e+00
2.068916130065917969e+01,1.337390303611755371e+00,2.100000000000000000e+01,1.000000000000000000e+00
1.932880401611328125e+01,5.851714611053466797e-01,2.100000000000000000e+01,1.000000000000000000e+00
1.863481140136718750e+01,1.018325835466384888e-01,2.100000000000000000e+01,1.000000000000000000e+00
1.861042022705078125e+01,8.200182020664215088e-02,2.100000000000000000e+01,1.000000000000000000e+00
2.077411270141601562e+01,9.899500012397766113e-01,2.100000000000000000e+01,1.000000000000000000e+00
5.284512996673583984e+00,2.228270053863525391e+00,2.200000000000000000e+01,1.000000000000000000e+00
2.030827331542968750e+01,1.006410360336303711e+00,2.100000000000000000e+01,1.000000000000000000e+00
2.075871467590332031e+01,1.372154355049133301e+00,2.100000000000000000e+01,1.000000000000000000e+00
1.924537277221679688e+01,5.347356200218200684e-01,2.100000000000000000e+01,1.000000000000000000e+00
1.941300010681152344e+01,6.230630278587341309e-01,2.100000000000000000e+01,1.000000000000000000e+00
1.912344932556152344e+01,4.618185162544250488e-01,2.100000000000000000e+01,1.000000000000000000e+00
5.391760826110839844e+00,2.320935964584350586e+00,2.200000000000000000e+01,1.000000000000000000e+00
2.068296051025390625e+01,1.273782491683959961e+00,2.100000000000000000e+01,1.000000000000000000e+00
2.058964538574218750e+01,1.169086933135986328e+00,2.100000000000000000e+01,1.000000000000000000e+00
1.920937538146972656e+01,5.561708807945251465e-01,2.100000000000000000e+01,1.000000000000000000e+00
1.894577407836914062e+01,3.329566419124603271e-01,2.100000000000000000e+01,1.000000000000000000e+00
5.328620910644531250e+00,2.270421743392944336e+00,2.200000000000000000e+01,1.000000000000000000e+00
1.911860847473144531e+01,4.582005739212036133e-01,2.100000000000000000e+01,1.000000000000000000e+00
2.070454597473144531e+01,1.335825800895690918e+00,2.100000000000000000e+01,1.000000000000000000e+00
2.012421226501464844e+01,9.464864730834960938e-01,2.100000000000000000e+01,1.000000000000000000e+00
2.020432472229003906e+01,9.648407101631164551e-01,2.100000000000000000e+01,1.000000000000000000e+00
2.021498298645019531e+01,9.899876117706298828e-01,2.100000000000000000e+01,1.000000000000000000e+00
2.072885322570800781e+01,1.369926571846008301e+00,2.100000000000000000e+01,1.000000000000000000e+00
1.915549850463867188e+01,4.828747212886810303e-01,2.100000000000000000e+01,1.000000000000000000e+00
2.017325210571289062e+01,9.694665670394897461e-01,2.100000000000000000e+01,1.000000000000000000e+00
1.872355651855468750e+01,1.820604503154754639e-01,2.100000000000000000e+01,1.000000000000000000e+00
2.078129959106445312e+01,9.822733998298645020e-01,2.100000000000000000e+01,1.000000000000000000e+00
2.076925468444824219e+01,9.859185814857482910e-01,2.100000000000000000e+01,1.000000000000000000e+00
1.965239906311035156e+01,7.386699914932250977e-01,2.100000000000000000e+01,1.000000000000000000e+00
2.078921127319335938e+01,9.918861985206604004e-01,2.100000000000000000e+01,1.000000000000000000e+00
1.864208984375000000e+01,8.916877955198287964e-02,2.100000000000000000e+01,1.000000000000000000e+00
2.000297355651855469e+01,8.836412429809570312e-01,2.100000000000000000e+01,1.000000000000000000e+00
1.982358360290527344e+01,8.063920736312866211e-01,2.100000000000000000e+01,1.000000000000000000e+00
1.897011947631835938e+01,3.487567603588104248e-01,2.100000000000000000e+01,1.000000000000000000e+00
1.966509628295898438e+01,7.280500531196594238e-01,2.100000000000000000e+01,1.000000000000000000e+00
2.077653503417968750e+01,1.012048244476318359e+00,2.100000000000000000e+01,1.000000000000000000e+00
2.035857963562011719e+01,1.046765923500061035e+00,2.100000000000000000e+01,1.000000000000000000e+00
1.982571792602539062e+01,8.213989734649658203e-01,2.100000000000000000e+01,1.000000000000000000e+00
5.306556701660156250e+00,2.250607013702392578e+00,2.200000000000000000e+01,1.000000000000000000e+00
5.372291564941406250e+00,2.308921098709106445e+00,2.200000000000000000e+01,1.000000000000000000e+00
1.912780570983886719e+01,4.645994603633880615e-01,2.100000000000000000e+01,1.000000000000000000e+00
1.880220413208007812e+01,2.321342676877975464e-01,2.100000000000000000e+01,1.000000000000000000e+00
5.416669368743896484e+00,2.340034246444702148e+00,2.200000000000000000e+01,1.000000000000000000e+00
2.018108558654785156e+01,9.798816442489624023e-01,2.100000000000000000e+01,1.000000000000000000e+00
2.074420356750488281e+01,1.385198473930358887e+00,2.100000000000000000e+01,1.000000000000000000e+00
1.851464462280273438e+01,-8.561145514249801636e-03,9.000000000000000000e+00,1.000000000000000000e+00
2.074074935913085938e+01,1.362374424934387207e+00,2.100000000000000000e+01,1.000000000000000000e+00
2.047817039489746094e+01,1.030742883682250977e+00,2.100000000000000000e+01,1.000000000000000000e+00
1.990021324157714844e+01,8.410257697105407715e-01,2.100000000000000000e+01,1.000000000000000000e+00
1.856400871276855469e+01,3.179661557078361511e-02,2.100000000000000000e+01,1.000000000000000000e+00
2.073585510253906250e+01,1.361347436904907227e+00,2.100000000000000000e+01,1.000000000000000000e+00
2.069812774658203125e+01,1.104586720466613770e+00,2.100000000000000000e+01,1.000000000000000000e+00
1.995904350280761719e+01,9.030047655105590820e-01,2.100000000000000000e+01,1.000000000000000000e+00
1.930037879943847656e+01,5.773728489875793457e-01,2.100000000000000000e+01,1.000000000000000000e+00
5.396011829376220703e+00,2.325388431549072266e+00,2.200000000000000000e+01,1.000000000000000000e+00
2.052451896667480469e+01,1.143823146820068359e+00,2.100000000000000000e+01,1.000000000000000000e+00
5.309393882751464844e+00,2.252969503402709961e+00,2.200000000000000000e+01,1.000000000000000000e+00
5.417512416839599609e+00,2.331216096878051758e+00,9.000000000000000000e+00,1.000000000000000000e+00
1.885610008239746094e+01,2.994294464588165283e-01,2.100000000000000000e+01,1.000000000000000000e+00
1.905012702941894531e+01,4.087368845939636230e-01,2.100000000000000000e+01,1.000000000000000000e+00
2.066860771179199219e+01,1.169383287429809570e+00,2.100000000000000000e+01,1.000000000000000000e+00
2.007332420349121094e+01,9.267343282699584961e-01,2.100000000000000000e+01,1.000000000000000000e+00
1.912316513061523438e+01,4.588009417057037354e-01,2.100000000000000000e+01,1.000000000000000000e+00
5.337898731231689453e+00,2.279401302337646484e+00,2.200000000000000000e+01,1.000000000000000000e+00
1.883331680297851562e+01,2.588334381580352783e-01,2.100000000000000000e+01,1.000000000000000000e+00
2.021906852722167969e+01,9.804202914237976074e-01,2.100000000000000000e+01,1.000000000000000000e+00
2.064990806579589844e+01,1.080022692680358887e+00,2.100000000000000000e+01,1.000000000000000000e+00
1.852647590637207031e+01,-4.775851266458630562e-04,2.100000000000000000e+01,1.000000000000000000e+00
1.860821342468261719e+01,7.558790594339370728e-02,2.100000000000000000e+01,1.000000000000000000e+00
1.855883026123046875e+01,3.077875822782516479e-02,2.100000000000000000e+01,1.000000000000000000e+00
1.867304611206054688e+01,1.335736811161041260e-01,2.100000000000000000e+01,1.000000000000000000e+00
1.856107139587402344e+01,2.826721966266632080e-02,2.100000000000000000e+01,1.000000000000000000e+00
2.051491165161132812e+01,1.151175498962402344e+00,2.100000000000000000e+01,1.000000000000000000e+00
1.915877914428710938e+01,4.854719340801239014e-01,2.100000000000000000e+01,1.000000000000000000e+00
2.039226341247558594e+01,1.067133307456970215e+00,2.100000000000000000e+01,1.000000000000000000e+00
5.373910903930664062e+00,2.308542728424072266e+00,2.200000000000000000e+01,1.000000000000000000e+00
5.303434848785400391e+00,2.245936155319213867e+00,2.200000000000000000e+01,1.000000000000000000e+00
2.072392654418945312e+01,1.353636503219604492e+00,2.100000000000000000e+01,1.000000000000000000e+00
2.074350929260253906e+01,1.407419443130493164e+00,2.100000000000000000e+01,1.000000000000000000e+00
1.927129745483398438e+01,5.478804707527160645e-01,2.100000000000000000e+01,1.000000000000000000e+00
5.423345088958740234e+00,2.349865436553955078e+00,2.200000000000000000e+01,1.000000000000000000e+00
2.035873222351074219e+01,1.066070199012756348e+00,2.100000000000000000e+01,1.000000000000000000e+00
5.287506103515625000e+00,2.229932069778442383e+00,2.200000000000000000e+01,1.000000000000000000e+00
2.076483726501464844e+01,1.001224040985107422e+00,2.100000000000000000e+01,1.000000000000000000e+00
1.861693763732910156e+01,7.492975890636444092e-02,2.100000000000000000e+01,1.000000000000000000e+00
1.926119804382324219e+01,5.591344237327575684e-01,2.100000000000000000e+01,1.000000000000000000e+00
1.957265853881835938e+01,6.971547007560729980e-01,2.100000000000000000e+01,1.000000000000000000e+00
2.073740196228027344e+01,1.386546015739440918e+00,2.100000000000000000e+01,1.000000000000000000e+00
1.911993980407714844e+01,4.592188894748687744e-01,2.100000000000000000e+01,1.000000000000000000e+00
1.864001464843750000e+01,1.086125671863555908e-01,2.100000000000000000e+01,1.000000000000000000e+00
1.852984428405761719e+01,-4.734550602734088898e-04,2.100000000000000000e+01,1.000000000000000000e+00
5.407976627349853516e+00,2.335963010787963867e+00,2.200000000000000000e+01,1.000000000000000000e+00
1.859056854248046875e+01,5.775994434952735901e-02,2.100000000000000000e+01,1.000000000000000000e+00
2.008973503112792969e+01,9.461853504180908203e-01,2.100000000000000000e+01,1.000000000000000000e+00
1.859239959716796875e+01,6.068988889455795288e-02,2.100000000000000000e+01,1.000000000000000000e+00
2.072978782653808594e+01,1.017830014228820801e+00,2.100000000000000000e+01,1.000000000000000000e+00
2.072244262695312500e+01,1.375695228576660156e+00,2.100000000000000000e+01,1.000000000000000000e+00
1.853729438781738281e+01,1.210374757647514343e-02,2.100000000000000000e+01,1.000000000000000000e+00
1.603471565246582031e+01,3.956712722778320312e+00,2.000000000000000000e+01,1.000000000000000000e+00
1.713075447082519531e+01,3.606285810470581055e+00,2.000000000000000000e+01,1.000000000000000000e+00
1.525440120697021484e+01,3.937696933746337891e+00,2.000000000000000000e+01,1.000000000000000000e+00
1.750613784790039062e+01,3.209753513336181641e+00,2.000000000000000000e+01,1.000000000000000000e+00
1.608465003967285156e+01,4.382343769073486328e+00,2.000000000000000000e+01,1.000000000000000000e+00
1.714760589599609375e+01,3.590334892272949219e+00,2.000000000000000000e+01,1.000000000000000000e+00
1.686090278625488281e+01,4.087925910949707031e+00,2.000000000000000000e+01,1.000000000000000000e+00
1.520692348480224609e+01,3.990024089813232422e+00,2.000000000000000000e+01,1.000000000000000000e+00
1.721273803710937500e+01,3.525694847106933594e+00,2.000000000000000000e+01,1.000000000000000000e+00
1.573132133483886719e+01,4.004698276519775391e+00,2.000000000000000000e+01,1.000000000000000000e+00
1.595560455322265625e+01,3.875902891159057617e+00,2.000000000000000000e+01,1.000000000000000000e+00
1.695414733886718750e+01,3.833795070648193359e+00,2.000000000000000000e+01,1.000000000000000000e+00
1.544457244873046875e+01,3.838498830795288086e+00,2.000000000000000000e+01,1.000000000000000000e+00
1.572917556762695312e+01,4.009741783142089844e+00,2.000000000000000000e+01,1.000000000000000000e+00
1.739271736145019531e+01,3.368733406066894531e+00,9.000000000000000000e+00,1.000000000000000000e+00
1.544636917114257812e+01,3.872630119323730469e+00,2.000000000000000000e+01,1.000000000000000000e+00
1.696124458312988281e+01,3.851320743560791016e+00,2.000000000000000000e+01,1.000000000000000000e+00
1.708081817626953125e+01,3.643208503723144531e+00,2.000000000000000000e+01,1.000000000000000000e+00
1.540019989013671875e+01,3.832054853439331055e+00,9.000000000000000000e+00,1.000000000000000000e+00
1.720536804199218750e+01,3.537618160247802734e+00,2.000000000000000000e+01,1.000000000000000000e+00
1.604640579223632812e+01,4.410589694976806641e+00,2.000000000000000000e+01,1.000000000000000000e+00
1.578726863861083984e+01,3.790661096572875977e+00,2.000000000000000000e+01,1.000000000000000000e+00
1.743353843688964844e+01,3.330235719680786133e+00,2.000000000000000000e+01,1.000000000000000000e+00
1.597102737426757812e+01,4.378947257995605469e+00,2.000000000000000000e+01,1.000000000000000000e+00
1.552455902099609375e+01,3.820048093795776367e+00,2.000000000000000000e+01,1.000000000000000000e+00
1.545305919647216797e+01,3.803900003433227539e+00,9.000000000000000000e+00,1.000000000000000000e+00
1.715946388244628906e+01,3.584670543670654297e+00,2.000000000000000000e+01,1.000000000000000000e+00
1.565414619445800781e+01,4.005753517150878906e+00,2.000000000000000000e+01,1.000000000000000000e+00
1.680901145935058594e+01,3.859259843826293945e+00,2.000000000000000000e+01,1.000000000000000000e+00
1.523251438140869141e+01,4.074609279632568359e+00,2.000000000000000000e+01,1.000000000000000000e+00
1.541942405700683594e+01,3.828297853469848633e+00,2.000000000000000000e+01,1.000000000000000000e+00
1.533579826354980469e+01,3.933642864227294922e+00,2.000000000000000000e+01,1.000000000000000000e+00
1.542981433868408203e+01,3.878601789474487305e+00,2.000000000000000000e+01,1.000000000000000000e+00
1.683728599548339844e+01,4.075095176696777344e+00,2.000000000000000000e+01,1.000000000000000000e+00
1.526658725738525391e+01,4.049956321716308594e+00,2.000000000000000000e+01,1.000000000000000000e+00
1.650165748596191406e+01,4.253893375396728516e+00,2.000000000000000000e+01,1.000000000000000000e+00
1.703569412231445312e+01,3.765700817108154297e+00,2.000000000000000000e+01,1.000000000000000000e+00
1.607909011840820312e+01,4.273120880126953125e+00,2.000000000000000000e+01,1.000000000000000000e+00
1.548184013366699219e+01,3.829637527465820312e+00,2.000000000000000000e+01,1.000000000000000000e+00
1.723834609985351562e+01,3.496736049652099609e+00,2.000000000000000000e+01,1.000000000000000000e+00
1.598245716094970703e+01,3.830677509307861328e+00,2.000000000000000000e+01,1.000000000000000000e+00
1.745967292785644531e+01,3.254022359848022461e+00,2.000000000000000000e+01,1.000000000000000000e+00
1.561633777618408203e+01,3.835050106048583984e+00,2.000000000000000000e+01,1.000000000000000000e+00
1.527891921997070312e+01,3.949866056442260742e+00,2.000000000000000000e+01,1.000000000000000000e+00
1.593967723846435547e+01,4.409280776977539062e+00,9.000000000000000000e+00,1.000000000000000000e+00
1.716934013366699219e+01,3.566826581954956055e+00,2.000000000000000000e+01,1.000000000000000000e+00
1.663385200500488281e+01,4.884101867675781250e+00,2.000000000000000000e+01,1.000000000000000000e+00
1.599704551696777344e+01,4.054558277130126953e+00,2.000000000000000000e+01,1.000000000000000000e+00
1.744994163513183594e+01,3.252706289291381836e+00,2.000000000000000000e+01,1.000000000000000000e+00
1.520736789703369141e+01,3.991657495498657227e+00,2.000000000000000000e+01,1.000000000000000000e+00
1.682624244689941406e+01,3.954366922378540039e+00,2.000000000000000000e+01,1.000000000000000000e+00
1.585419273376464844e+01,3.759164094924926758e+00,9.000000000000000000e+00,1.000000000000000000e+00
1.667341804504394531e+01,4.501891613006591797e+00,9.000000000000000000e+00,1.000000000000000000e+00
1.710290336608886719e+01,3.657631397247314453e+00,2.000000000000000000e+01,1.000000000000000000e+00
1.528361511230468750e+01,4.006124496459960938e+00,2.000000000000000000e+01,1.000000000000000000e+00
1.751031494140625000e+01,3.200658321380615234e+00,2.000000000000000000e+01,1.000000000000000000e+00
1.679481506347656250e+01,4.123739242553710938e+00,2.000000000000000000e+01,1.000000000000000000e+00
1.610247039794921875e+01,4.041282176971435547e+00,2.000000000000000000e+01,1.000000000000000000e+00
1.628734016418457031e+01,4.058866977691650391e+00,2.000000000000000000e+01,1.000000000000000000e+00
1.518705463409423828e+01,4.025676250457763672e+00,2.000000000000000000e+01,1.000000000000000000e+00
1.701615715026855469e+01,3.775081157684326172e+00,2.000000000000000000e+01,1.000000000000000000e+00
1.732710647583007812e+01,3.414404392242431641e+00,2.000000000000000000e+01,1.000000000000000000e+00
1.542274093627929688e+01,4.287050247192382812e+00,9.000000000000000000e+00,1.000000000000000000e+00
1.699657630920410156e+01,3.813905715942382812e+00,2.000000000000000000e+01,1.000000000000000000e+00
1.533722305297851562e+01,4.239986419677734375e+00,9.000000000000000000e+00,1.000000000000000000e+00
1.683117294311523438e+01,4.031163215637207031e+00,2.000000000000000000e+01,1.000000000000000000e+00
1.618568801879882812e+01,4.116561889648437500e+00,2.000000000000000000e+01,1.000000000000000000e+00
1.539012145996093750e+01,4.130640029907226562e+00,9.000000000000000000e+00,1.000000000000000000e+00
1.527766704559326172e+01,4.213423252105712891e+00,2.000000000000000000e+01,1.000000000000000000e+00
1.748038864135742188e+01,3.224708557128906250e+00,2.000000000000000000e+01,1.000000000000000000e+00
1.593803215026855469e+01,3.961715936660766602e+00,2.000000000000000000e+01,1.000000000000000000e+00
1.676741600036621094e+01,4.020682334899902344e+00,2.000000000000000000e+01,1.000000000000000000e+00
1.748562049865722656e+01,3.247472047805786133e+00,9.000000000000000000e+00,1.000000000000000000e+00
1.525478649139404297e+01,4.057610511779785156e+00,2.000000000000000000e+01,1.000000000000000000e+00
1.747973823547363281e+01,3.226103067398071289e+00,2.000000000000000000e+01,1.000000000000000000e+00
1.652399444580078125e+01,4.229083061218261719e+00,2.000000000000000000e+01,1.000000000000000000e+00
1.720584106445312500e+01,3.525861024856567383e+00,2.000000000000000000e+01,1.000000000000000000e+00
1.746254158020019531e+01,3.233130216598510742e+00,2.000000000000000000e+01,1.000000000000000000e+00
1.693921661376953125e+01,3.840721368789672852e+00,2.000000000000000000e+01,1.000000000000000000e+00
1.677180480957031250e+01,3.984860181808471680e+00,2.000000000000000000e+01,1.000000000000000000e+00
1.529980182647705078e+01,4.201692581176757812e+00,2.000000000000000000e+01,1.000000000000000000e+00
1.531157302856445312e+01,4.259559154510498047e+00,9.000000000000000000e+00,1.000000000000000000e+00
1.544236278533935547e+01,3.818044185638427734e+00,2.000000000000000000e+01,1.000000000000000000e+00
1.599743366241455078e+01,3.902999877929687500e+00,2.000000000000000000e+01,1.000000000000000000e+00
1.739777183532714844e+01,3.353999137878417969e+00,2.000000000000000000e+01,1.000000000000000000e+00
1.605160331726074219e+01,3.936130523681640625e+00,2.000000000000000000e+01,1.000000000000000000e+00
1.518395709991455078e+01,4.040306568145751953e+00,2.000000000000000000e+01,1.000000000000000000e+00
1.586835575103759766e+01,4.069368362426757812e+00,2.000000000000000000e+01,1.000000000000000000e+00
1.548499965667724609e+01,3.840917587280273438e+00,2.000000000000000000e+01,1.000000000000000000e+00
1.708022880554199219e+01,3.694101810455322266e+00,2.000000000000000000e+01,1.000000000000000000e+00
1.581318855285644531e+01,3.867832660675048828e+00,2.000000000000000000e+01,1.000000000000000000e+00
1.585861587524414062e+01,3.750848293304443359e+00,9.000000000000000000e+00,1.000000000000000000e+00
1.581712722778320312e+01,3.939229011535644531e+00,2.000000000000000000e+01,1.000000000000000000e+00
1.521202278137207031e+01,4.002481460571289062e+00,2.000000000000000000e+01,1.000000000000000000e+00
1.556164550781250000e+01,3.820912361145019531e+00,2.000000000000000000e+01,1.000000000000000000e+00
1.557195758819580078e+01,3.789572954177856445e+00,2.000000000000000000e+01,1.000000000000000000e+00
1.647998046875000000e+01,4.261894702911376953e+00,2.000000000000000000e+01,1.000000000000000000e+00
1.683498382568359375e+01,3.935166835784912109e+00,2.000000000000000000e+01,1.000000000000000000e+00
1.630386924743652344e+01,4.248952388763427734e+00,2.000000000000000000e+01,1.000000000000000000e+00
1.698956298828125000e+01,3.760989665985107422e+00,2.000000000000000000e+01,1.000000000000000000e+00
1.547437000274658203e+01,3.918376684188842773e+00,2.000000000000000000e+01,1.000000000000000000e+00
1.715027618408203125e+01,3.586866855621337891e+00,2.000000000000000000e+01,1.000000000000000000e+00
1.100550556182861328e+01,5.544401645660400391e+00,9.000000000000000000e+00,1.000000000000000000e+00
1.598845005035400391e+01,3.778603315353393555e+00,2.000000000000000000e+01,1.000000000000000000e+00
1.523487377166748047e+01,3.978896141052246094e+00,2.000000000000000000e+01,1.000000000000000000e+00
1.670649909973144531e+01,4.226239681243896484e+00,2.000000000000000000e+01,1.000000000000000000e+00
1.519726562500000000e+01,3.950553417205810547e+00,2.000000000000000000e+01,1.000000000000000000e+00
1.656657028198242188e+01,4.169839859008789062e+00,2.000000000000000000e+01,1.000000000000000000e+00
1.652686119079589844e+01,4.276286602020263672e+00,2.000000000000000000e+01,1.000000000000000000e+00
1.580002307891845703e+01,3.840891361236572266e+00,2.000000000000000000e+01,1.000000000000000000e+00
1.542342853546142578e+01,3.816340684890747070e+00,2.000000000000000000e+01,1.000000000000000000e+00
1.525788784027099609e+01,4.013589859008789062e+00,2.000000000000000000e+01,1.000000000000000000e+00
1.681911849975585938e+01,4.102048397064208984e+00,2.000000000000000000e+01,1.000000000000000000e+00
1.688630294799804688e+01,3.893173694610595703e+00,2.000000000000000000e+01,1.000000000000000000e+00
1.522825336456298828e+01,4.063799858093261719e+00,2.000000000000000000e+01,1.000000000000000000e+00
1.540247058868408203e+01,3.835749149322509766e+00,2.000000000000000000e+01,1.000000000000000000e+00
1.529264736175537109e+01,3.953742980957031250e+00,2.000000000000000000e+01,1.000000000000000000e+00
1.694721031188964844e+01,3.841895818710327148e+00,2.000000000000000000e+01,1.000000000000000000e+00
1.638144302368164062e+01,3.852453708648681641e+00,2.000000000000000000e+01,1.000000000000000000e+00
1.600380706787109375e+01,3.781527757644653320e+00,2.000000000000000000e+01,1.000000000000000000e+00
1.523244762420654297e+01,4.056416511535644531e+00,2.000000000000000000e+01,1.000000000000000000e+00
1.747162818908691406e+01,3.276790142059326172e+00,9.000000000000000000e+00,1.000000000000000000e+00
1.750347900390625000e+01,3.211544513702392578e+00,2.000000000000000000e+01,1.000000000000000000e+00
1.708653450012207031e+01,3.656953811645507812e+00,2.000000000000000000e+01,1.000000000000000000e+00
1.648111724853515625e+01,4.217546939849853516e+00,2.000000000000000000e+01,1.000000000000000000e+00
1.678699493408203125e+01,4.163633346557617188e+00,2.000000000000000000e+01,1.000000000000000000e+00
1.704601669311523438e+01,3.674910306930541992e+00,2.000000000000000000e+01,1.000000000000000000e+00
1.680310058593750000e+01,4.089834213256835938e+00,2.000000000000000000e+01,1.000000000000000000e+00
1.606630897521972656e+01,4.334649562835693359e+00,2.000000000000000000e+01,1.000000000000000000e+00
1.660057830810546875e+01,4.184640884399414062e+00,2.000000000000000000e+01,1.000000000000000000e+00
1.545354938507080078e+01,3.809479951858520508e+00,2.000000000000000000e+01,1.000000000000000000e+00
1.709419822692871094e+01,3.646133422851562500e+00,2.000000000000000000e+01,1.000000000000000000e+00
1.685285377502441406e+01,4.050676822662353516e+00,2.000000000000000000e+01,1.000000000000000000e+00
1.649028205871582031e+01,4.353862762451171875e+00,2.000000000000000000e+01,1.000000000000000000e+00
1.686138916015625000e+01,4.020300388336181641e+00,2.000000000000000000e+01,1.000000000000000000e+00
1.678499031066894531e+01,4.136948585510253906e+00,2.000000000000000000e+01,1.000000000000000000e+00
1.524094295501708984e+01,3.972084999084472656e+00,9.000000000000000000e+00,1.000000000000000000e+00
1.704805755615234375e+01,3.709965467453002930e+00,2.000000000000000000e+01,1.000000000000000000e+00
1.741713714599609375e+01,3.288054943084716797e+00,2.000000000000000000e+01,1.000000000000000000e+00
1.541700458526611328e+01,3.846748352050781250e+00,2.000000000000000000e+01,1.000000000000000000e+00
1.606851005554199219e+01,4.069859504699707031e+00,2.000000000000000000e+01,1.000000000000000000e+00
1.598566246032714844e+01,3.880647182464599609e+00,2.000000000000000000e+01,1.000000000000000000e+00
1.708325386047363281e+01,3.666630744934082031e+00,2.000000000000000000e+01,1.000000000000000000e+00
1.750121307373046875e+01,3.207698106765747070e+00,2.000000000000000000e+01,1.000000000000000000e+00
1.530834007263183594e+01,4.232355117797851562e+00,9.000000000000000000e+00,1.000000000000000000e+00
1.554950618743896484e+01,3.989777803421020508e+00,2.000000000000000000e+01,1.000000000000000000e+00
1.535631656646728516e+01,3.864805459976196289e+00,9.000000000000000000e+00,1.000000000000000000e+00
1.714912223815917969e+01,3.614162445068359375e+00,2.000000000000000000e+01,1.000000000000000000e+00
1.752086448669433594e+01,3.184316396713256836e+00,2.000000000000000000e+01,1.000000000000000000e+00
1.751693916320800781e+01,3.191093683242797852e+00,2.000000000000000000e+01,1.000000000000000000e+00
1.552624130249023438e+01,3.982815265655517578e+00,2.000000000000000000e+01,1.000000000000000000e+00
1.740787696838378906e+01,3.277478933334350586e+00,2.000000000000000000e+01,1.000000000000000000e+00
1.706422042846679688e+01,3.705678701400756836e+00,2.000000000000000000e+01,1.000000000000000000e+00
1.726560592651367188e+01,3.462175130844116211e+00,2.000000000000000000e+01,1.000000000000000000e+00
1.636614418029785156e+01,4.234068393707275391e+00,2.000000000000000000e+01,1.000000000000000000e+00
1.723495483398437500e+01,3.508281946182250977e+00,2.000000000000000000e+01,1.000000000000000000e+00
1.538469314575195312e+01,3.925193548202514648e+00,2.000000000000000000e+01,1.000000000000000000e+00
1.590128135681152344e+01,3.798350811004638672e+00,2.000000000000000000e+01,1.000000000000000000e+00
1.611543464660644531e+01,4.337130546569824219e+00,2.000000000000000000e+01,1.000000000000000000e+00
1.737550163269042969e+01,3.327939987182617188e+00,2.000000000000000000e+01,1.000000000000000000e+00
1.673799896240234375e+01,4.034576416015625000e+00,2.000000000000000000e+01,1.000000000000000000e+00
1.696742630004882812e+01,3.861440420150756836e+00,2.000000000000000000e+01,1.000000000000000000e+00
1.662529563903808594e+01,4.494463443756103516e+00,2.000000000000000000e+01,1.000000000000000000e+00
1.738003730773925781e+01,3.501441717147827148e+00,9.000000000000000000e+00,1.000000000000000000e+00
1.714137077331542969e+01,3.612119913101196289e+00,2.000000000000000000e+01,1.000000000000000000e+00
1.744768142700195312e+01,3.255245208740234375e+00,2.000000000000000000e+01,1.000000000000000000e+00
1.713605308532714844e+01,3.601258039474487305e+00,2.000000000000000000e+01,1.000000000000000000e+00
1.529203891754150391e+01,4.203963756561279297e+00,2.000000000000000000e+01,1.000000000000000000e+00
1.663647460937500000e+01,4.403613567352294922e+00,2.000000000000000000e+01,1.000000000000000000e+00
1.699578475952148438e+01,3.747508049011230469e+00,2.000000000000000000e+01,1.000000000000000000e+00
1.522633457183837891e+01,4.067417144775390625e+00,2.000000000000000000e+01,1.000000000000000000e+00
1.655349731445312500e+01,4.203041076660156250e+00,2.000000000000000000e+01,1.000000000000000000e+00
1.738223457336425781e+01,3.363936185836791992e+00,2.000000000000000000e+01,1.000000000000000000e+00
1.593259143829345703e+01,4.324154376983642578e+00,2.000000000000000000e+01,1.000000000000000000e+00
1.680623245239257812e+01,4.091919898986816406e+00,2.000000000000000000e+01,1.000000000000000000e+00
1.520301055908203125e+01,4.025940418243408203e+00,2.000000000000000000e+01,1.000000000000000000e+00
1.583535289764404297e+01,3.987891197204589844e+00,2.000000000000000000e+01,1.000000000000000000e+00
1.545945167541503906e+01,3.855105161666870117e+00,2.000000000000000000e+01,1.000000000000000000e+00
1.100383567810058594e+01,5.530572414398193359e+00,9.000000000000000000e+00,1.000000000000000000e+00
1.676611709594726562e+01,3.733423709869384766e+00,2.000000000000000000e+01,1.000000000000000000e+00
1.720692443847656250e+01,3.516889095306396484e+00,2.000000000000000000e+01,1.000000000000000000e+00
1.674064445495605469e+01,4.157393455505371094e+00,2.000000000000000000e+01,1.000000000000000000e+00
1.586208248138427734e+01,3.796910762786865234e+00,2.000000000000000000e+01,1.000000000000000000e+00
1.694659996032714844e+01,3.841665267944335938e+00,2.000000000000000000e+01,1.000000000000000000e+00
1.669505310058593750e+01,4.085808277130126953e+00,2.000000000000000000e+01,1.000000000000000000e+00
1.604421043395996094e+01,4.051623821258544922e+00,2.000000000000000000e+01,1.000000000000000000e+00
1.571007633209228516e+01,3.872510433197021484e+00,2.000000000000000000e+01,1.000000000000000000e+00
1.708709907531738281e+01,3.612443447113037109e+00,2.000000000000000000e+01,1.000000000000000000e+00
1.710369873046875000e+01,3.638043403625488281e+00,2.000000000000000000e+01,1.000000000000000000e+00
1.722422790527343750e+01,3.510483264923095703e+00,2.000000000000000000e+01,1.000000000000000000e+00
1.533033847808837891e+01,4.086539268493652344e+00,2.000000000000000000e+01,1.000000000000000000e+00
1.663405227661132812e+01,4.839997768402099609e+00,9.000000000000000000e+00,1.000000000000000000e+00
1.544811820983886719e+01,3.943200826644897461e+00,2.000000000000000000e+01,1.000000000000000000e+00
1.744796943664550781e+01,3.253624200820922852e+00,2.000000000000000000e+01,1.000000000000000000e+00
1.710725212097167969e+01,3.624279499053955078e+00,2.000000000000000000e+01,1.000000000000000000e+00
1.676601791381835938e+01,4.071317672729492188e+00,2.000000000000000000e+01,1.000000000000000000e+00
1.544139194488525391e+01,3.954907417297363281e+00,2.000000000000000000e+01,1.000000000000000000e+00
1.686957168579101562e+01,4.036764144897460938e+00,2.000000000000000000e+01,1.000000000000000000e+00
1.541018199920654297e+01,3.902796030044555664e+00,2.000000000000000000e+01,1.000000000000000000e+00
1.595378208160400391e+01,3.824242830276489258e+00,2.000000000000000000e+01,1.000000000000000000e+00
1.677777862548828125e+01,4.144526004791259766e+00,2.000000000000000000e+01,1.000000000000000000e+00
1.753210830688476562e+01,3.171501636505126953e+00,2.000000000000000000e+01,1.000000000000000000e+00
1.559378242492675781e+01,3.815019845962524414e+00,2.000000000000000000e+01,1.000000000000000000e+00
1.522588825225830078e+01,3.989368438720703125e+00,2.000000000000000000e+01,1.000000000000000000e+00
1.559913444519042969e+01,3.944324254989624023e+00,2.000000000000000000e+01,1.000000000000000000e+00
1.745179176330566406e+01,3.270061492919921875e+00,2.000000000000000000e+01,1.000000000000000000e+00
1.744451522827148438e+01,3.242397069931030273e+00,2.000000000000000000e+01,1.000000000000000000e+00
1.729145431518554688e+01,3.537762165069580078e+00,9.000000000000000000e+00,1.000000000000000000e+00
1.522037124633789062e+01,4.010360240936279297e+00,2.000000000000000000e+01,1.000000000000000000e+00
1.676210975646972656e+01,3.708619594573974609e+00,2.000000000000000000e+01,1.000000000000000000e+00
1.145151996612548828e+01,3.263953447341918945e+00,1.500000000000000000e+01,1.000000000000000000e+00
1.214483547210693359e+01,4.180700778961181641e+00,1.500000000000000000e+01,1.000000000000000000e+00
1.139085483551025391e+01,3.264602184295654297e+00,1.500000000000000000e+01,1.000000000000000000e+00
1.231749534606933594e+01,3.338983058929443359e+00,1.500000000000000000e+01,1.000000000000000000e+00
1.140179538726806641e+01,4.104375362396240234e+00,1.500000000000000000e+01,1.000000000000000000e+00
1.142136383056640625e+01,3.388001203536987305e+00,1.500000000000000000e+01,1.000000000000000000e+00
1.165389060974121094e+01,3.627126693725585938e+00,1.500000000000000000e+01,1.000000000000000000e+00
1.138749122619628906e+01,3.320522308349609375e+00,1.500000000000000000e+01,1.000000000000000000e+00
1.174685478210449219e+01,4.007175922393798828e+00,1.500000000000000000e+01,1.000000000000000000e+00
1.233583068847656250e+01,3.320255041122436523e+00,1.500000000000000000e+01,1.000000000000000000e+00
1.159219741821289062e+01,3.529003143310546875e+00,1.500000000000000000e+01,1.000000000000000000e+00
1.163280487060546875e+01,3.578267097473144531e+00,1.500000000000000000e+01,1.000000000000000000e+00
1.133768939971923828e+01,4.421072006225585938e+00,1.500000000000000000e+01,1.000000000000000000e+00
1.149891948699951172e+01,4.191657066345214844e+00,1.500000000000000000e+01,1.000000000000000000e+00
1.176046466827392578e+01,4.350650787353515625e+00,1.500000000000000000e+01,1.000000000000000000e+00
1.155412769317626953e+01,3.180033922195434570e+00,1.500000000000000000e+01,1.000000000000000000e+00
1.251978302001953125e+01,3.428258657455444336e+00,1.500000000000000000e+01,1.000000000000000000e+00
1.171674346923828125e+01,4.387104988098144531e+00,1.500000000000000000e+01,1.000000000000000000e+00
1.146615028381347656e+01,3.287601947784423828e+00,1.500000000000000000e+01,1.000000000000000000e+00
1.126481342315673828e+01,3.130610227584838867e+00,1.500000000000000000e+01,1.000000000000000000e+00
1.138072013854980469e+01,3.491557836532592773e+00,1.500000000000000000e+01,1.000000000000000000e+00
1.135106849670410156e+01,3.736437559127807617e+00,1.500000000000000000e+01,1.000000000000000000e+00
1.212900543212890625e+01,3.690973997116088867e+00,1.500000000000000000e+01,1.000000000000000000e+00
1.227426433563232422e+01,3.359832763671875000e+00,1.500000000000000000e+01,1.000000000000000000e+00
1.241311550140380859e+01,3.459537029266357422e+00,1.500000000000000000e+01,1.000000000000000000e+00
1.232535934448242188e+01,3.342494010925292969e+00,1.500000000000000000e+01,1.000000000000000000e+00
1.130114746093750000e+01,3.797865867614746094e+00,1.500000000000000000e+01,1.000000000000000000e+00
1.234474468231201172e+01,3.365231990814208984e+00,1.500000000000000000e+01,1.000000000000000000e+00
1.226909828186035156e+01,3.943508863449096680e+00,1.500000000000000000e+01,1.000000000000000000e+00
1.168189620971679688e+01,3.592681169509887695e+00,1.500000000000000000e+01,1.000000000000000000e+00
1.251704502105712891e+01,3.505739450454711914e+00,1.500000000000000000e+01,1.000000000000000000e+00
1.152149772644042969e+01,4.568280220031738281e+00,1.500000000000000000e+01,1.000000000000000000e+00
1.229028415679931641e+01,4.004141807556152344e+00,1.500000000000000000e+01,1.000000000000000000e+00
1.218247985839843750e+01,4.029205799102783203e+00,1.500000000000000000e+01,1.000000000000000000e+00
1.169426822662353516e+01,3.276455879211425781e+00,1.500000000000000000e+01,1.000000000000000000e+00
1.251072406768798828e+01,3.422740221023559570e+00,1.500000000000000000e+01,1.000000000000000000e+00
1.179436492919921875e+01,3.553411960601806641e+00,1.500000000000000000e+01,1.000000000000000000e+00
1.127514171600341797e+01,3.148551464080810547e+00,1.500000000000000000e+01,1.000000000000000000e+00
1.173322200775146484e+01,3.065703630447387695e+00,1.500000000000000000e+01,1.000000000000000000e+00
1.138754081726074219e+01,4.018036365509033203e+00,1.500000000000000000e+01,1.000000000000000000e+00
1.199656772613525391e+01,3.043162584304809570e+00,1.500000000000000000e+01,1.000000000000000000e+00
1.127013969421386719e+01,3.087019681930541992e+00,1.500000000000000000e+01,1.000000000000000000e+00
1.126729202270507812e+01,3.168849229812622070e+00,1.500000000000000000e+01,1.000000000000000000e+00
1.170738124847412109e+01,3.218520402908325195e+00,1.500000000000000000e+01,1.000000000000000000e+00
1.198275375366210938e+01,3.018014430999755859e+00,1.500000000000000000e+01,1.000000000000000000e+00
1.223797035217285156e+01,3.318883657455444336e+00,1.500000000000000000e+01,1.000000000000000000e+00
1.172965621948242188e+01,3.648734569549560547e+00,1.500000000000000000e+01,1.000000000000000000e+00
1.123436546325683594e+01,3.098018407821655273e+00,1.500000000000000000e+01,1.000000000000000000e+00
1.227995014190673828e+01,4.081711292266845703e+00,1.500000000000000000e+01,1.000000000000000000e+00
1.124795532226562500e+01,3.457056760787963867e+00,1.500000000000000000e+01,1.000000000000000000e+00
1.202140808105468750e+01,4.062297821044921875e+00,1.500000000000000000e+01,1.000000000000000000e+00
1.162561035156250000e+01,3.529617786407470703e+00,1.500000000000000000e+01,1.000000000000000000e+00
1.235912990570068359e+01,3.944479942321777344e+00,1.500000000000000000e+01,1.000000000000000000e+00
1.196776008605957031e+01,3.029297113418579102e+00,1.500000000000000000e+01,1.000000000000000000e+00
1.189627647399902344e+01,2.993277549743652344e+00,1.500000000000000000e+01,1.000000000000000000e+00
1.228711318969726562e+01,3.269273519515991211e+00,1.500000000000000000e+01,1.000000000000000000e+00
1.232145786285400391e+01,4.022004604339599609e+00,9.000000000000000000e+00,1.000000000000000000e+00
1.175066184997558594e+01,3.971943378448486328e+00,1.500000000000000000e+01,1.000000000000000000e+00
1.146541309356689453e+01,3.467332601547241211e+00,1.500000000000000000e+01,1.000000000000000000e+00
1.142913246154785156e+01,4.132155895233154297e+00,1.500000000000000000e+01,1.000000000000000000e+00
1.249702644348144531e+01,3.403584003448486328e+00,1.500000000000000000e+01,1.000000000000000000e+00
1.198887729644775391e+01,3.058263063430786133e+00,1.500000000000000000e+01,1.000000000000000000e+00
1.231160068511962891e+01,4.060406684875488281e+00,1.500000000000000000e+01,1.000000000000000000e+00
1.200136280059814453e+01,3.016569614410400391e+00,1.500000000000000000e+01,1.000000000000000000e+00
1.203851985931396484e+01,4.069513797760009766e+00,1.500000000000000000e+01,1.000000000000000000e+00
1.231933593750000000e+01,3.952576160430908203e+00,1.500000000000000000e+01,1.000000000000000000e+00
1.131752586364746094e+01,4.380808830261230469e+00,9.000000000000000000e+00,1.000000000000000000e+00
1.175943565368652344e+01,3.905844688415527344e+00,1.500000000000000000e+01,1.000000000000000000e+00
1.193526840209960938e+01,3.930640697479248047e+00,1.500000000000000000e+01,1.000000000000000000e+00
1.218068790435791016e+01,3.536495447158813477e+00,1.500000000000000000e+01,1.000000000000000000e+00
1.226971149444580078e+01,3.730567932128906250e+00,1.500000000000000000e+01,1.000000000000000000e+00
1.182594203948974609e+01,3.698610067367553711e+00,1.500000000000000000e+01,1.000000000000000000e+00
1.139402198791503906e+01,3.382406949996948242e+00,1.500000000000000000e+01,1.000000000000000000e+00
1.131261825561523438e+01,3.160033464431762695e+00,1.500000000000000000e+01,1.000000000000000000e+00
1.135207462310791016e+01,3.494802713394165039e+00,1.500000000000000000e+01,1.000000000000000000e+00
1.153902626037597656e+01,4.550971508026123047e+00,1.500000000000000000e+01,1.000000000000000000e+00
1.147092437744140625e+01,4.105383396148681641e+00,1.500000000000000000e+01,1.000000000000000000e+00
1.229415607452392578e+01,3.250103235244750977e+00,1.500000000000000000e+01,1.000000000000000000e+00
1.221566867828369141e+01,3.962239027023315430e+00,1.500000000000000000e+01,1.000000000000000000e+00
1.188802051544189453e+01,3.005103826522827148e+00,9.000000000000000000e+00,1.000000000000000000e+00
1.184970855712890625e+01,3.005928516387939453e+00,1.500000000000000000e+01,1.000000000000000000e+00
1.124114894866943359e+01,3.078036069869995117e+00,1.500000000000000000e+01,1.000000000000000000e+00
1.124149227142333984e+01,3.157618522644042969e+00,1.500000000000000000e+01,1.000000000000000000e+00
1.208463573455810547e+01,3.077072858810424805e+00,1.500000000000000000e+01,1.000000000000000000e+00
1.213710594177246094e+01,3.455928564071655273e+00,1.500000000000000000e+01,1.000000000000000000e+00
1.250531291961669922e+01,3.415647983551025391e+00,1.500000000000000000e+01,1.000000000000000000e+00
1.209485149383544922e+01,4.203508853912353516e+00,1.500000000000000000e+01,1.000000000000000000e+00
1.160497570037841797e+01,4.260732173919677734e+00,1.500000000000000000e+01,1.000000000000000000e+00
1.125810909271240234e+01,3.205496788024902344e+00,1.500000000000000000e+01,1.000000000000000000e+00
1.176575851440429688e+01,3.657808542251586914e+00,1.500000000000000000e+01,1.000000000000000000e+00
1.149356555938720703e+01,4.049325466156005859e+00,1.500000000000000000e+01,1.000000000000000000e+00
1.176693058013916016e+01,3.700565814971923828e+00,1.500000000000000000e+01,1.000000000000000000e+00
1.130081272125244141e+01,3.150266408920288086e+00,1.500000000000000000e+01,1.000000000000000000e+00
1.165455341339111328e+01,3.025154352188110352e+00,1.500000000000000000e+01,1.000000000000000000e+00
1.143565845489501953e+01,4.115067481994628906e+00,1.500000000000000000e+01,1.000000000000000000e+00
1.189437580108642578e+01,2.989812374114990234e+00,1.500000000000000000e+01,1.000000000000000000e+00
1.173971843719482422e+01,3.218924999237060547e+00,1.500000000000000000e+01,1.000000000000000000e+00
1.227868270874023438e+01,3.252711296081542969e+00,1.500000000000000000e+01,1.000000000000000000e+00
1.222107219696044922e+01,3.549673557281494141e+00,1.500000000000000000e+01,1.000000000000000000e+00
1.161465644836425781e+01,3.523456811904907227e+00,1.500000000000000000e+01,1.000000000000000000e+00
1.228083896636962891e+01,3.213497638702392578e+00,1.500000000000000000e+01,1.000000000000000000e+00
1.243261623382568359e+01,3.777667522430419922e+00,1.500000000000000000e+01,1.000000000000000000e+00
1.131929111480712891e+01,3.973694086074829102e+00,1.500000000000000000e+01,1.000000000000000000e+00
1.239386940002441406e+01,3.899156093597412109e+00,1.500000000000000000e+01,1.000000000000000000e+00
1.214514160156250000e+01,3.902093648910522461e+00,1.500000000000000000e+01,1.000000000000000000e+00
1.209670066833496094e+01,3.896746397018432617e+00,1.500000000000000000e+01,1.000000000000000000e+00
1.141999340057373047e+01,3.380116224288940430e+00,1.500000000000000000e+01,1.000000000000000000e+00
1.170832252502441406e+01,3.163503408432006836e+00,1.500000000000000000e+01,1.000000000000000000e+00
1.222227478027343750e+01,3.306287527084350586e+00,1.500000000000000000e+01,1.000000000000000000e+00
1.184154224395751953e+01,3.014593601226806641e+00,1.500000000000000000e+01,1.000000000000000000e+00
1.164116668701171875e+01,3.158844470977783203e+00,1.500000000000000000e+01,1.000000000000000000e+00
1.190913581848144531e+01,2.995313167572021484e+00,1.500000000000000000e+01,1.000000000000000000e+00
1.232575321197509766e+01,3.381150007247924805e+00,1.500000000000000000e+01,1.000000000000000000e+00
1.144010066986083984e+01,4.090009212493896484e+00,1.500000000000000000e+01,1.000000000000000000e+00
1.136466979980468750e+01,3.176760673522949219e+00,1.500000000000000000e+01,1.000000000000000000e+00
1.215489864349365234e+01,4.203987598419189453e+00,1.500000000000000000e+01,1.000000000000000000e+00
1.127997398376464844e+01,3.693125009536743164e+00,1.500000000000000000e+01,1.000000000000000000e+00
1.188297462463378906e+01,3.862225532531738281e+00,1.500000000000000000e+01,1.000000000000000000e+00
1.199453830718994141e+01,3.854394435882568359e+00,1.500000000000000000e+01,1.000000000000000000e+00
1.144904899597167969e+01,4.106709003448486328e+00,1.500000000000000000e+01,1.000000000000000000e+00
1.222891235351562500e+01,3.481981754302978516e+00,1.500000000000000000e+01,1.000000000000000000e+00
1.165048694610595703e+01,3.635524272918701172e+00,1.500000000000000000e+01,1.000000000000000000e+00
1.200665473937988281e+01,3.812382936477661133e+00,1.500000000000000000e+01,1.000000000000000000e+00
1.176471996307373047e+01,3.669660329818725586e+00,1.500000000000000000e+01,1.000000000000000000e+00
1.224247932434082031e+01,3.865001440048217773e+00,1.500000000000000000e+01,1.000000000000000000e+00
1.183213996887207031e+01,3.768295526504516602e+00,1.500000000000000000e+01,1.000000000000000000e+00
1.155900478363037109e+01,3.220421314239501953e+00,1.500000000000000000e+01,1.000000000000000000e+00
1.189667510986328125e+01,3.473760604858398438e+00,1.500000000000000000e+01,1.000000000000000000e+00
1.178720760345458984e+01,4.362717151641845703e+00,9.000000000000000000e+00,1.000000000000000000e+00
1.228760623931884766e+01,3.947100877761840820e+00,1.500000000000000000e+01,1.000000000000000000e+00
1.142318534851074219e+01,3.742278814315795898e+00,1.500000000000000000e+01,1.000000000000000000e+00
1.172942638397216797e+01,3.724807262420654297e+00,1.500000000000000000e+01,1.000000000000000000e+00
1.238858318328857422e+01,3.897665262222290039e+00,1.500000000000000000e+01,1.000000000000000000e+00
1.171861648559570312e+01,3.246089935302734375e+00,1.500000000000000000e+01,1.000000000000000000e+00
1.134447669982910156e+01,4.534315109252929688e+00,1.500000000000000000e+01,1.000000000000000000e+00
1.174611473083496094e+01,3.138933658599853516e+00,1.500000000000000000e+01,1.000000000000000000e+00
1.180117893218994141e+01,3.014289617538452148e+00,1.500000000000000000e+01,1.000000000000000000e+00
1.158057212829589844e+01,3.985117673873901367e+00,1.500000000000000000e+01,1.000000000000000000e+00
1.218139457702636719e+01,3.575982570648193359e+00,1.500000000000000000e+01,1.000000000000000000e+00
1.226502037048339844e+01,4.101162910461425781e+00,1.500000000000000000e+01,1.000000000000000000e+00
1.155268287658691406e+01,3.214153289794921875e+00,1.500000000000000000e+01,1.000000000000000000e+00
1.132258415222167969e+01,4.485138416290283203e+00,9.000000000000000000e+00,1.000000000000000000e+00
1.253278446197509766e+01,3.429445981979370117e+00,1.500000000000000000e+01,1.000000000000000000e+00
1.188149833679199219e+01,3.507733106613159180e+00,1.500000000000000000e+01,1.000000000000000000e+00
1.237916851043701172e+01,3.382740020751953125e+00,1.500000000000000000e+01,1.000000000000000000e+00
1.165266895294189453e+01,3.374083757400512695e+00,1.500000000000000000e+01,1.000000000000000000e+00
1.232727527618408203e+01,4.035547256469726562e+00,1.500000000000000000e+01,1.000000000000000000e+00
1.168988895416259766e+01,3.623785734176635742e+00,1.500000000000000000e+01,1.000000000000000000e+00
1.210183906555175781e+01,4.219786167144775391e+00,1.500000000000000000e+01,1.000000000000000000e+00
1.135291957855224609e+01,4.028825759887695312e+00,1.500000000000000000e+01,1.000000000000000000e+00
1.136454963684082031e+01,3.675478935241699219e+00,1.500000000000000000e+01,1.000000000000000000e+00
1.166791725158691406e+01,3.668661594390869141e+00,1.500000000000000000e+01,1.000000000000000000e+00
1.229574012756347656e+01,4.082629680633544922e+00,1.500000000000000000e+01,1.000000000000000000e+00
1.159669208526611328e+01,3.513465881347656250e+00,1.500000000000000000e+01,1.000000000000000000e+00
1.253668975830078125e+01,3.480792045593261719e+00,1.500000000000000000e+01,1.000000000000000000e+00
1.178825569152832031e+01,4.361597061157226562e+00,9.000000000000000000e+00,1.000000000000000000e+00
1.213141250610351562e+01,4.182122707366943359e+00,1.500000000000000000e+01,1.000000000000000000e+00
1.233654117584228516e+01,3.369791984558105469e+00,1.500000000000000000e+01,1.000000000000000000e+00
1.139606571197509766e+01,3.465786218643188477e+00,1.500000000000000000e+01,1.000000000000000000e+00
1.125845623016357422e+01,3.225149393081665039e+00,1.500000000000000000e+01,1.000000000000000000e+00
1.123418331146240234e+01,3.114536523818969727e+00,9.000000000000000000e+00,1.000000000000000000e+00
1.166496276855468750e+01,3.035113096237182617e+00,1.500000000000000000e+01,1.000000000000000000e+00
1.208518600463867188e+01,4.227027416229248047e+00,1.500000000000000000e+01,1.000000000000000000e+00
1.212524795532226562e+01,4.114723682403564453e+00,1.500000000000000000e+01,1.000000000000000000e+00
1.174300956726074219e+01,3.714746475219726562e+00,1.500000000000000000e+01,1.000000000000000000e+00
1.175870513916015625e+01,3.714993953704833984e+00,1.500000000000000000e+01,1.000000000000000000e+00
1.126269721984863281e+01,3.140813827514648438e+00,1.500000000000000000e+01,1.000000000000000000e+00
1.203083801269531250e+01,4.258531570434570312e+00,1.500000000000000000e+01,1.000000000000000000e+00
1.249520397186279297e+01,3.435139894485473633e+00,1.500000000000000000e+01,1.000000000000000000e+00
1.129802894592285156e+01,3.181641817092895508e+00,1.500000000000000000e+01,1.000000000000000000e+00
1.163020992279052734e+01,3.570992946624755859e+00,1.500000000000000000e+01,1.000000000000000000e+00
1.136969757080078125e+01,4.762403011322021484e+00,1.500000000000000000e+01,1.000000000000000000e+00
1.222010231018066406e+01,4.167423248291015625e+00,1.500000000000000000e+01,1.000000000000000000e+00
1.225195884704589844e+01,3.488280773162841797e+00,1.500000000000000000e+01,1.000000000000000000e+00
1.219573211669921875e+01,3.541464567184448242e+00,1.500000000000000000e+01,1.000000000000000000e+00
1.188760757446289062e+01,3.298703432083129883e+00,1.500000000000000000e+01,1.000000000000000000e+00
1.187224960327148438e+01,3.278455972671508789e+00,1.500000000000000000e+01,1.000000000000000000e+00
1.215249729156494141e+01,3.928570508956909180e+00,1.500000000000000000e+01,1.000000000000000000e+00
1.225397872924804688e+01,3.714653015136718750e+00,1.500000000000000000e+01,1.000000000000000000e+00
1.183102130889892578e+01,3.591879606246948242e+00,1.500000000000000000e+01,1.000000000000000000e+00
1.160580539703369141e+01,4.322420597076416016e+00,1.500000000000000000e+01,1.000000000000000000e+00
1.209591388702392578e+01,3.471523761749267578e+00,1.500000000000000000e+01,1.000000000000000000e+00
1.124656200408935547e+01,3.159003734588623047e+00,1.500000000000000000e+01,1.000000000000000000e+00
1.154172229766845703e+01,3.540380239486694336e+00,1.500000000000000000e+01,1.000000000000000000e+00
1.137444686889648438e+01,3.549808740615844727e+00,1.500000000000000000e+01,1.000000000000000000e+00
1.224642372131347656e+01,3.869925260543823242e+00,1.500000000000000000e+01,1.000000000000000000e+00
1.124494552612304688e+01,3.125283479690551758e+00,1.500000000000000000e+01,1.000000000000000000e+00
1.214398479461669922e+01,3.858586311340332031e+00,1.500000000000000000e+01,1.000000000000000000e+00
1.252878093719482422e+01,3.446518898010253906e+00,1.500000000000000000e+01,1.000000000000000000e+00
1.182978916168212891e+01,3.749489307403564453e+00,1.500000000000000000e+01,1.000000000000000000e+00
1.138549137115478516e+01,4.054594039916992188e+00,1.500000000000000000e+01,1.000000000000000000e+00
1.202730846405029297e+01,4.228773117065429688e+00,1.500000000000000000e+01,1.000000000000000000e+00
1.144060707092285156e+01,3.431823253631591797e+00,1.500000000000000000e+01,1.000000000000000000e+00
1.165837097167968750e+01,3.041631460189819336e+00,1.500000000000000000e+01,1.000000000000000000e+00
1.153597450256347656e+01,3.493720054626464844e+00,1.500000000000000000e+01,1.000000000000000000e+00
1.141597461700439453e+01,3.078547477722167969e+00,1.500000000000000000e+01,1.000000000000000000e+00
1.207946968078613281e+01,3.469244718551635742e+00,1.500000000000000000e+01,1.000000000000000000e+00
1.217787933349609375e+01,4.097734928131103516e+00,1.500000000000000000e+01,1.000000000000000000e+00
1.214795303344726562e+01,3.368547677993774414e+00,1.500000000000000000e+01,1.000000000000000000e+00
1.240245819091796875e+01,3.366138219833374023e+00,1.500000000000000000e+01,1.000000000000000000e+00
1.224769496917724609e+01,3.199618577957153320e+00,1.500000000000000000e+01,1.000000000000000000e+00
1.183684825897216797e+01,3.811990261077880859e+00,1.500000000000000000e+01,1.000000000000000000e+00
1.165038490295410156e+01,3.605072021484375000e+00,1.500000000000000000e+01,1.000000000000000000e+00
1.223924732208251953e+01,4.138946056365966797e+00,1.500000000000000000e+01,1.000000000000000000e+00
1.193363857269287109e+01,3.841260671615600586e+00,1.500000000000000000e+01,1.000000000000000000e+00
1.190732765197753906e+01,3.724109649658203125e+00,1.500000000000000000e+01,1.000000000000000000e+00
1.143778896331787109e+01,4.100576400756835938e+00,1.500000000000000000e+01,1.000000000000000000e+00
1.250399494171142578e+01,3.446720361709594727e+00,1.500000000000000000e+01,1.000000000000000000e+00
1.127505397796630859e+01,3.341542005538940430e+00,1.500000000000000000e+01,1.000000000000000000e+00
1.170382499694824219e+01,3.249258279800415039e+00,1.500000000000000000e+01,1.000000000000000000e+00
1.026164340972900391e+01,5.318923473358154297e+00,1.700000000000000000e+01,1.000000000000000000e+00
9.477333068847656250e+00,-3.104641437530517578e+00,1.600000000000000000e+01,1.000000000000000000e+00
9.327220916748046875e+00,-2.991721153259277344e+00,1.600000000000000000e+01,1.000000000000000000e+00
9.694718360900878906e+00,-2.798486709594726562e+00,1.600000000000000000e+01,1.000000000000000000e+00
9.498693466186523438e+00,-3.158433437347412109e+00,1.600000000000000000e+01,1.000000000000000000e+00
8.980140686035156250e+00,-2.076652288436889648e+00,1.600000000000000000e+01,1.000000000000000000e+00
9.295636177062988281e+00,-2.073173046112060547e+00,1.600000000000000000e+01,1.000000000000000000e+00
9.620405197143554688e+00,-2.364188909530639648e+00,1.600000000000000000e+01,1.000000000000000000e+00
9.528289794921875000e+00,-2.348331928253173828e+00,1.600000000000000000e+01,1.000000000000000000e+00
8.956974983215332031e+00,-2.464279413223266602e+00,1.600000000000000000e+01,1.000000000000000000e+00
9.509312629699707031e+00,-3.174478292465209961e+00,1.600000000000000000e+01,1.000000000000000000e+00
1.017500686645507812e+01,5.217353820800781250e+00,1.700000000000000000e+01,1.000000000000000000e+00
1.019904994964599609e+01,5.254140853881835938e+00,1.700000000000000000e+01,1.000000000000000000e+00
9.351893424987792969e+00,-2.692111253738403320e+00,1.600000000000000000e+01,1.000000000000000000e+00
9.465547561645507812e+00,-2.640121698379516602e+00,1.600000000000000000e+01,1.000000000000000000e+00
8.928601264953613281e+00,-2.620400667190551758e+00,1.600000000000000000e+01,1.000000000000000000e+00
9.747662544250488281e+00,-2.406808614730834961e+00,1.600000000000000000e+01,1.000000000000000000e+00
9.790930747985839844e+00,-2.312437057495117188e+00,1.600000000000000000e+01,1.000000000000000000e+00
1.025966262817382812e+01,5.316581249237060547e+00,1.700000000000000000e+01,1.000000000000000000e+00
8.901092529296875000e+00,-2.526117324829101562e+00,1.600000000000000000e+01,1.000000000000000000e+00
8.947017669677734375e+00,-2.056280136108398438e+00,1.600000000000000000e+01,1.000000000000000000e+00
9.319407463073730469e+00,-2.836923360824584961e+00,1.600000000000000000e+01,1.000000000000000000e+00
9.465282440185546875e+00,-3.220951557159423828e+00,1.600000000000000000e+01,1.000000000000000000e+00
8.927156448364257812e+00,-2.700682640075683594e+00,1.600000000000000000e+01,1.000000000000000000e+00
9.482950210571289062e+00,-2.245790958404541016e+00,1.600000000000000000e+01,1.000000000000000000e+00
9.721030235290527344e+00,-2.230899810791015625e+00,1.600000000000000000e+01,1.000000000000000000e+00
9.465250968933105469e+00,-3.238258361816406250e+00,1.600000000000000000e+01,1.000000000000000000e+00
9.443727493286132812e+00,-2.444664239883422852e+00,1.600000000000000000e+01,1.000000000000000000e+00
1.012831878662109375e+01,5.141716480255126953e+00,9.000000000000000000e+00,1.000000000000000000e+00
9.445701599121093750e+00,-3.232815504074096680e+00,9.000000000000000000e+00,1.000000000000000000e+00
9.324985504150390625e+00,-3.098964452743530273e+00,1.600000000000000000e+01,1.000000000000000000e+00
9.448155403137207031e+00,-2.349094390869140625e+00,1.600000000000000000e+01,1.000000000000000000e+00
9.711380004882812500e+00,-2.282044172286987305e+00,1.600000000000000000e+01,1.000000000000000000e+00
8.991654396057128906e+00,-2.034230470657348633e+00,1.600000000000000000e+01,1.000000000000000000e+00
9.501421928405761719e+00,-2.263040065765380859e+00,1.600000000000000000e+01,1.000000000000000000e+00
9.391732215881347656e+00,-3.223216533660888672e+00,1.600000000000000000e+01,1.000000000000000000e+00
9.377060890197753906e+00,-3.172681808471679688e+00,1.600000000000000000e+01,1.000000000000000000e+00
9.689892768859863281e+00,-2.389002799987792969e+00,1.600000000000000000e+01,1.000000000000000000e+00
9.751458168029785156e+00,-2.346544265747070312e+00,1.600000000000000000e+01,1.000000000000000000e+00
8.980659484863281250e+00,-2.047955751419067383e+00,1.600000000000000000e+01,1.000000000000000000e+00
8.886915206909179688e+00,-2.361824512481689453e+00,1.600000000000000000e+01,1.000000000000000000e+00
9.254266738891601562e+00,-2.704519748687744141e+00,1.600000000000000000e+01,1.000000000000000000e+00
9.699861526489257812e+00,-2.716922283172607422e+00,1.600000000000000000e+01,1.000000000000000000e+00
9.470426559448242188e+00,-2.210649013519287109e+00,1.600000000000000000e+01,1.000000000000000000e+00
9.332434654235839844e+00,-2.050628662109375000e+00,1.600000000000000000e+01,1.000000000000000000e+00
9.354751586914062500e+00,-2.050283193588256836e+00,1.600000000000000000e+01,1.000000000000000000e+00
9.399080276489257812e+00,-2.056714534759521484e+00,1.600000000000000000e+01,1.000000000000000000e+00
9.544456481933593750e+00,-3.138406753540039062e+00,1.600000000000000000e+01,1.000000000000000000e+00
9.102049827575683594e+00,-2.019553661346435547e+00,1.600000000000000000e+01,1.000000000000000000e+00
1.027008152008056641e+01,5.330436706542968750e+00,1.700000000000000000e+01,1.000000000000000000e+00
9.434920310974121094e+00,-3.233029127120971680e+00,1.600000000000000000e+01,1.000000000000000000e+00
1.020062160491943359e+01,5.245475769042968750e+00,1.700000000000000000e+01,1.000000000000000000e+00
9.060252189636230469e+00,-2.018321514129638672e+00,1.600000000000000000e+01,1.000000000000000000e+00
9.666204452514648438e+00,-2.924254655838012695e+00,1.600000000000000000e+01,1.000000000000000000e+00
9.476465225219726562e+00,-3.163040161132812500e+00,1.600000000000000000e+01,1.000000000000000000e+00
9.429845809936523438e+00,-2.726910114288330078e+00,1.600000000000000000e+01,1.000000000000000000e+00
9.461120605468750000e+00,-2.975266456604003906e+00,1.600000000000000000e+01,1.000000000000000000e+00
8.955050468444824219e+00,-2.770605802536010742e+00,1.600000000000000000e+01,1.000000000000000000e+00
9.339468002319335938e+00,-2.638446331024169922e+00,1.600000000000000000e+01,1.000000000000000000e+00
9.520184516906738281e+00,-3.163677692413330078e+00,1.600000000000000000e+01,1.000000000000000000e+00
9.729196548461914062e+00,-2.225500345230102539e+00,1.600000000000000000e+01,1.000000000000000000e+00
9.641365051269531250e+00,-2.795804977416992188e+00,1.600000000000000000e+01,1.000000000000000000e+00
8.940357208251953125e+00,-2.757854938507080078e+00,1.600000000000000000e+01,1.000000000000000000e+00
9.781268119812011719e+00,-2.345029592514038086e+00,1.600000000000000000e+01,1.000000000000000000e+00
9.770241737365722656e+00,-2.383156538009643555e+00,1.600000000000000000e+01,1.000000000000000000e+00
9.154172897338867188e+00,-2.961008787155151367e+00,1.600000000000000000e+01,1.000000000000000000e+00
8.883824348449707031e+00,-2.516323089599609375e+00,1.600000000000000000e+01,1.000000000000000000e+00
9.728007316589355469e+00,-2.512186050415039062e+00,1.600000000000000000e+01,1.000000000000000000e+00
9.293019294738769531e+00,-2.558279275894165039e+00,1.600000000000000000e+01,1.000000000000000000e+00
9.715247154235839844e+00,-2.838418722152709961e+00,1.600000000000000000e+01,1.000000000000000000e+00
9.367848396301269531e+00,-2.060579776763916016e+00,1.600000000000000000e+01,1.000000000000000000e+00
9.478126525878906250e+00,-3.172662258148193359e+00,1.600000000000000000e+01,1.000000000000000000e+00
9.606402397155761719e+00,-3.058065891265869141e+00,1.600000000000000000e+01,1.000000000000000000e+00
9.067823410034179688e+00,-2.014950990676879883e+00,1.600000000000000000e+01,1.000000000000000000e+00
9.094220161437988281e+00,-2.016903638839721680e+00,1.600000000000000000e+01,1.000000000000000000e+00
9.645035743713378906e+00,-2.664519786834716797e+00,9.000000000000000000e+00,1.000000000000000000e+00
9.772589683532714844e+00,-2.415049076080322266e+00,1.600000000000000000e+01,1.000000000000000000e+00
9.408307075500488281e+00,-2.162445306777954102e+00,1.600000000000000000e+01,1.000000000000000000e+00
9.165144920349121094e+00,-2.835956573486328125e+00,1.600000000000000000e+01,1.000000000000000000e+00
9.319949150085449219e+00,-2.077477216720581055e+00,1.600000000000000000e+01,1.000000000000000000e+00
9.465799331665039062e+00,-2.071079254150390625e+00,9.000000000000000000e+00,1.000000000000000000e+00
8.903048515319824219e+00,-2.308390140533447266e+00,1.600000000000000000e+01,1.000000000000000000e+00
9.342026710510253906e+00,-3.035691022872924805e+00,1.600000000000000000e+01,1.000000000000000000e+00
9.525448799133300781e+00,-3.104256629943847656e+00,1.600000000000000000e+01,1.000000000000000000e+00
9.388807296752929688e+00,-3.072255611419677734e+00,1.600000000000000000e+01,1.000000000000000000e+00
9.667800903320312500e+00,-2.968140840530395508e+00,1.600000000000000000e+01,1.000000000000000000e+00
1.027621650695800781e+01,5.337292194366455078e+00,1.700000000000000000e+01,1.000000000000000000e+00
9.407451629638671875e+00,-2.821124792098999023e+00,1.600000000000000000e+01,1.000000000000000000e+00
9.451063156127929688e+00,-2.557044982910156250e+00,1.600000000000000000e+01,1.000000000000000000e+00
9.637836456298828125e+00,-2.992152690887451172e+00,1.600000000000000000e+01,1.000000000000000000e+00
9.537559509277343750e+00,-3.144635438919067383e+00,1.600000000000000000e+01,1.000000000000000000e+00
9.482892036437988281e+00,-3.226787567138671875e+00,1.600000000000000000e+01,1.000000000000000000e+00
9.576667785644531250e+00,-2.985394477844238281e+00,1.600000000000000000e+01,1.000000000000000000e+00
9.398817062377929688e+00,-2.374896764755249023e+00,1.600000000000000000e+01,1.000000000000000000e+00
8.973539352416992188e+00,-2.736258268356323242e+00,1.600000000000000000e+01,1.000000000000000000e+00
9.630418777465820312e+00,-3.028017282485961914e+00,1.600000000000000000e+01,1.000000000000000000e+00
9.242904663085937500e+00,-2.070060491561889648e+00,1.600000000000000000e+01,1.000000000000000000e+00
9.460627555847167969e+00,-3.261173009872436523e+00,1.600000000000000000e+01,1.000000000000000000e+00
1.030024337768554688e+01,5.357864379882812500e+00,9.000000000000000000e+00,1.000000000000000000e+00
8.890565872192382812e+00,-2.361117362976074219e+00,1.600000000000000000e+01,1.000000000000000000e+00
9.662892341613769531e+00,-2.832630157470703125e+00,1.600000000000000000e+01,1.000000000000000000e+00
9.470269203186035156e+00,-2.116096973419189453e+00,1.600000000000000000e+01,1.000000000000000000e+00
9.745725631713867188e+00,-2.487048625946044922e+00,1.600000000000000000e+01,1.000000000000000000e+00
9.336944580078125000e+00,-3.137396335601806641e+00,1.600000000000000000e+01,1.000000000000000000e+00
9.518268585205078125e+00,-2.113277196884155273e+00,1.600000000000000000e+01,1.000000000000000000e+00
1.031396007537841797e+01,5.366548061370849609e+00,9.000000000000000000e+00,1.000000000000000000e+00
8.947753906250000000e+00,-2.091605663299560547e+00,1.600000000000000000e+01,1.000000000000000000e+00
8.938455581665039062e+00,-2.002660274505615234e+00,9.000000000000000000e+00,1.000000000000000000e+00
9.727305412292480469e+00,-2.658452272415161133e+00,1.600000000000000000e+01,1.000000000000000000e+00
9.355575561523437500e+00,-2.110936164855957031e+00,1.600000000000000000e+01,1.000000000000000000e+00
9.451340675354003906e+00,-2.164503574371337891e+00,1.600000000000000000e+01,1.000000000000000000e+00
9.422378540039062500e+00,-2.393630504608154297e+00,1.600000000000000000e+01,1.000000000000000000e+00
9.128228187561035156e+00,-2.021723031997680664e+00,1.600000000000000000e+01,1.000000000000000000e+00
9.743902206420898438e+00,-2.497207403182983398e+00,1.600000000000000000e+01,1.000000000000000000e+00
1.017853069305419922e+01,5.214049339294433594e+00,1.700000000000000000e+01,1.000000000000000000e+00
9.254415512084960938e+00,-2.083088397979736328e+00,1.600000000000000000e+01,1.000000000000000000e+00
9.635421752929687500e+00,-2.190498352050781250e+00,1.600000000000000000e+01,1.000000000000000000e+00
9.715662002563476562e+00,-2.692097902297973633e+00,1.600000000000000000e+01,1.000000000000000000e+00
8.977053642272949219e+00,-2.819450139999389648e+00,1.600000000000000000e+01,1.000000000000000000e+00
9.705545425415039062e+00,-2.258154869079589844e+00,1.600000000000000000e+01,1.000000000000000000e+00
9.674200057983398438e+00,-2.912137508392333984e+00,1.600000000000000000e+01,1.000000000000000000e+00
9.445876121520996094e+00,-3.233036518096923828e+00,1.600000000000000000e+01,1.000000000000000000e+00
8.936837196350097656e+00,-2.105651855468750000e+00,1.600000000000000000e+01,1.000000000000000000e+00
9.386877059936523438e+00,-2.910152435302734375e+00,1.600000000000000000e+01,1.000000000000000000e+00
9.410105705261230469e+00,-2.193219184875488281e+00,1.600000000000000000e+01,1.000000000000000000e+00
9.636243820190429688e+00,-2.399878263473510742e+00,1.600000000000000000e+01,1.000000000000000000e+00
8.873837471008300781e+00,-2.383745670318603516e+00,1.600000000000000000e+01,1.000000000000000000e+00
9.268468856811523438e+00,-2.132024765014648438e+00,1.600000000000000000e+01,1.000000000000000000e+00
1.051654243469238281e+01,5.546270370483398438e+00,9.000000000000000000e+00,1.000000000000000000e+00
9.659496307373046875e+00,-2.801433801651000977e+00,1.600000000000000000e+01,1.000000000000000000e+00
9.313597679138183594e+00,-2.683175325393676758e+00,1.600000000000000000e+01,1.000000000000000000e+00
9.490724563598632812e+00,-2.244507312774658203e+00,1.600000000000000000e+01,1.000000000000000000e+00
9.760934829711914062e+00,-2.253252983093261719e+00,1.600000000000000000e+01,1.000000000000000000e+00
9.335036277770996094e+00,-2.700574636459350586e+00,1.600000000000000000e+01,1.000000000000000000e+00
9.619952201843261719e+00,-2.385084629058837891e+00,1.600000000000000000e+01,1.000000000000000000e+00
9.523053169250488281e+00,-3.194199085235595703e+00,1.600000000000000000e+01,1.000000000000000000e+00
9.642858505249023438e+00,-2.991693973541259766e+00,1.600000000000000000e+01,1.000000000000000000e+00
9.773517608642578125e+00,-2.267129421234130859e+00,1.600000000000000000e+01,1.000000000000000000e+00
8.862837791442871094e+00,-2.405019760131835938e+00,1.600000000000000000e+01,1.000000000000000000e+00
1.018010997772216797e+01,5.220654010772705078e+00,1.700000000000000000e+01,1.000000000000000000e+00
9.358842849731445312e+00,-2.684895038604736328e+00,1.600000000000000000e+01,1.000000000000000000e+00
1.023443889617919922e+01,5.290820121765136719e+00,1.700000000000000000e+01,1.000000000000000000e+00
1.023734760284423828e+01,5.292348384857177734e+00,1.700000000000000000e+01,1.000000000000000000e+00
9.458215713500976562e+00,-3.227310180664062500e+00,1.600000000000000000e+01,1.000000000000000000e+00
9.478257179260253906e+00,-2.155089139938354492e+00,1.600000000000000000e+01,1.000000000000000000e+00
9.725527763366699219e+00,-2.782759904861450195e+00,1.600000000000000000e+01,1.000000000000000000e+00
8.899427413940429688e+00,-2.598380327224731445e+00,1.600000000000000000e+01,1.000000000000000000e+00
9.557456016540527344e+00,-2.676802396774291992e+00,1.600000000000000000e+01,1.000000000000000000e+00
9.722769737243652344e+00,-2.372783899307250977e+00,1.600000000000000000e+01,1.000000000000000000e+00
9.483100891113281250e+00,-3.189675569534301758e+00,1.600000000000000000e+01,1.000000000000000000e+00
9.386835098266601562e+00,-2.904616355895996094e+00,1.600000000000000000e+01,1.000000000000000000e+00
9.025301933288574219e+00,-2.862602949142456055e+00,1.600000000000000000e+01,1.000000000000000000e+00
9.307257652282714844e+00,-3.046939134597778320e+00,1.600000000000000000e+01,1.000000000000000000e+00
9.248591423034667969e+00,-2.155514717102050781e+00,1.600000000000000000e+01,1.000000000000000000e+00
9.319696426391601562e+00,-2.633761644363403320e+00,1.600000000000000000e+01,1.000000000000000000e+00
1.013520145416259766e+01,5.118604660034179688e+00,1.600000000000000000e+01,1.000000000000000000e+00
9.475390434265136719e+00,-2.240419387817382812e+00,1.600000000000000000e+01,1.000000000000000000e+00
1.027241897583007812e+01,5.331910610198974609e+00,1.700000000000000000e+01,1.000000000000000000e+00
9.447761535644531250e+00,-2.184482097625732422e+00,1.600000000000000000e+01,1.000000000000000000e+00
9.375709533691406250e+00,-3.032351016998291016e+00,1.600000000000000000e+01,1.000000000000000000e+00
8.965699195861816406e+00,-2.616694688796997070e+00,1.600000000000000000e+01,1.000000000000000000e+00
9.368414878845214844e+00,-3.108378887176513672e+00,1.600000000000000000e+01,1.000000000000000000e+00
8.966166496276855469e+00,-2.775050163269042969e+00,1.600000000000000000e+01,1.000000000000000000e+00
9.738107681274414062e+00,-2.485013723373413086e+00,1.600000000000000000e+01,1.000000000000000000e+00
8.924831390380859375e+00,-2.725374221801757812e+00,1.600000000000000000e+01,1.000000000000000000e+00
9.267886161804199219e+00,-3.037574529647827148e+00,1.600000000000000000e+01,1.000000000000000000e+00
9.563254356384277344e+00,-2.316513538360595703e+00,1.600000000000000000e+01,1.000000000000000000e+00
8.904364585876464844e+00,-2.344605445861816406e+00,1.600000000000000000e+01,1.000000000000000000e+00
9.491536140441894531e+00,-2.601656436920166016e+00,1.600000000000000000e+01,1.000000000000000000e+00
9.024514198303222656e+00,-2.019940137863159180e+00,1.600000000000000000e+01,1.000000000000000000e+00
9.417928695678710938e+00,-2.182352781295776367e+00,1.600000000000000000e+01,1.000000000000000000e+00
8.899367332458496094e+00,-2.620145320892333984e+00,1.600000000000000000e+01,1.000000000000000000e+00
8.929726600646972656e+00,-2.441594362258911133e+00,1.600000000000000000e+01,1.000000000000000000e+00
9.179786682128906250e+00,-2.522740364074707031e+00,1.600000000000000000e+01,1.000000000000000000e+00
9.727318763732910156e+00,-2.366820573806762695e+00,1.600000000000000000e+01,1.000000000000000000e+00
9.675941467285156250e+00,-2.840293645858764648e+00,1.600000000000000000e+01,1.000000000000000000e+00
8.932572364807128906e+00,-2.699095010757446289e+00,1.600000000000000000e+01,1.000000000000000000e+00
9.271247863769531250e+00,-3.053634881973266602e+00,1.600000000000000000e+01,1.000000000000000000e+00
9.237351417541503906e+00,-2.002463817596435547e+00,1.600000000000000000e+01,1.000000000000000000e+00
8.958374977111816406e+00,-2.044521331787109375e+00,1.600000000000000000e+01,1.000000000000000000e+00
8.908426284790039062e+00,-2.638850688934326172e+00,1.600000000000000000e+01,1.000000000000000000e+00
1.019012451171875000e+01,5.238480567932128906e+00,1.700000000000000000e+01,1.000000000000000000e+00
9.351938247680664062e+00,-3.189343690872192383e+00,1.600000000000000000e+01,1.000000000000000000e+00
8.979294776916503906e+00,-2.785674095153808594e+00,1.600000000000000000e+01,1.000000000000000000e+00
9.184039115905761719e+00,-2.019137382507324219e+00,1.600000000000000000e+01,1.000000000000000000e+00
8.981119155883789062e+00,-2.071001768112182617e+00,1.600000000000000000e+01,1.000000000000000000e+00
9.591753959655761719e+00,-2.324899673461914062e+00,1.600000000000000000e+01,1.000000000000000000e+00
1.025798320770263672e+01,5.321069240570068359e+00,1.700000000000000000e+01,1.000000000000000000e+00
1.026209354400634766e+01,5.321750164031982422e+00,1.700000000000000000e+01,1.000000000000000000e+00
1.013822650909423828e+01,5.157097339630126953e+00,1.700000000000000000e+01,1.000000000000000000e+00
9.476516723632812500e+00,-2.687505722045898438e+00,1.600000000000000000e+01,1.000000000000000000e+00
9.582317352294921875e+00,-2.375597476959228516e+00,1.600000000000000000e+01,1.000000000000000000e+00
9.766005516052246094e+00,-2.367846012115478516e+00,1.600000000000000000e+01,1.000000000000000000e+00
9.424914360046386719e+00,-2.902802467346191406e+00,1.600000000000000000e+01,1.000000000000000000e+00
1.026603507995605469e+01,5.332017898559570312e+00,1.700000000000000000e+01,1.000000000000000000e+00
9.717043876647949219e+00,-2.688984155654907227e+00,1.600000000000000000e+01,1.000000000000000000e+00
1.023951435089111328e+01,5.309528827667236328e+00,1.700000000000000000e+01,1.000000000000000000e+00
9.706601142883300781e+00,-2.236440181732177734e+00,1.600000000000000000e+01,1.000000000000000000e+00
9.342553138732910156e+00,-2.713358640670776367e+00,1.600000000000000000e+01,1.000000000000000000e+00
9.456576347351074219e+00,-2.160113811492919922e+00,1.600000000000000000e+01,1.000000000000000000e+00
9.277357101440429688e+00,-2.763422489166259766e+00,1.600000000000000000e+01,1.000000000000000000e+00
9.755392074584960938e+00,-2.284104108810424805e+00,1.600000000000000000e+01,1.000000000000000000e+00
9.498675346374511719e+00,-2.109365940093994141e+00,1.600000000000000000e+01,1.000000000000000000e+00
9.300988197326660156e+00,-2.635012388229370117e+00,1.600000000000000000e+01,1.000000000000000000e+00
9.455865859985351562e+00,-3.147514104843139648e+00,1.600000000000000000e+01,1.000000000000000000e+00
9.659420013427734375e+00,-2.679415702819824219e+00,1.600000000000000000e+01,1.000000000000000000e+00
9.605796813964843750e+00,-3.080367803573608398e+00,1.600000000000000000e+01,1.000000000000000000e+00
9.338493347167968750e+00,-2.750506401062011719e+00,1.600000000000000000e+01,1.000000000000000000e+00
9.300682067871093750e+00,-2.780504941940307617e+00,1.600000000000000000e+01,1.000000000000000000e+00
9.454213142395019531e+00,-2.102657794952392578e+00,1.600000000000000000e+01,1.000000000000000000e+00
4.013347625732421875e+00,-8.813866615295410156e+00,1.400000000000000000e+01,1.000000000000000000e+00
5.564281940460205078e+00,-7.417109966278076172e+00,1.400000000000000000e+01,1.000000000000000000e+00
4.644201278686523438e+00,-8.270351409912109375e+00,1.400000000000000000e+01,1.000000000000000000e+00
6.054036140441894531e+00,-6.916357040405273438e+00,1.400000000000000000e+01,1.000000000000000000e+00
5.292782306671142578e+00,-7.680578708648681641e+00,1.400000000000000000e+01,1.000000000000000000e+00
2.294231414794921875e+01,-3.345060586929321289e+00,9.000000000000000000e+00,1.000000000000000000e+00
6.094098567962646484e+00,-6.875042438507080078e+00,1.400000000000000000e+01,1.000000000000000000e+00
6.126533985137939453e+00,-6.841970920562744141e+00,1.400000000000000000e+01,1.000000000000000000e+00
5.325056552886962891e+00,-7.652942657470703125e+00,1.400000000000000000e+01,1.000000000000000000e+00
5.674777030944824219e+00,-7.305888652801513672e+00,1.400000000000000000e+01,1.000000000000000000e+00
2.295192337036132812e+01,-3.359656572341918945e+00,9.000000000000000000e+00,1.000000000000000000e+00
4.413019657135009766e+00,-8.471850395202636719e+00,1.400000000000000000e+01,1.000000000000000000e+00
4.531467437744140625e+00,-8.368953704833984375e+00,1.400000000000000000e+01,1.000000000000000000e+00
5.718312740325927734e+00,-7.261386871337890625e+00,1.400000000000000000e+01,1.000000000000000000e+00
4.706790447235107422e+00,-8.215899467468261719e+00,1.400000000000000000e+01,1.000000000000000000e+00
5.656225681304931641e+00,-7.322679519653320312e+00,1.400000000000000000e+01,1.000000000000000000e+00
4.989432811737060547e+00,-7.969326019287109375e+00,1.400000000000000000e+01,1.000000000000000000e+00
6.150094032287597656e+00,-6.817661285400390625e+00,1.400000000000000000e+01,1.000000000000000000e+00
3.918783903121948242e+00,-8.900515556335449219e+00,1.400000000000000000e+01,1.000000000000000000e+00
4.868621826171875000e+00,-8.076424598693847656e+00,1.400000000000000000e+01,1.000000000000000000e+00
5.949234485626220703e+00,-7.023964881896972656e+00,1.400000000000000000e+01,1.000000000000000000e+00
4.683619976043701172e+00,-8.233474731445312500e+00,1.400000000000000000e+01,1.000000000000000000e+00
5.257181644439697266e+00,-7.716043949127197266e+00,1.400000000000000000e+01,1.000000000000000000e+00
6.000544071197509766e+00,-6.971287727355957031e+00,1.400000000000000000e+01,1.000000000000000000e+00
5.430697441101074219e+00,-7.549631595611572266e+00,1.400000000000000000e+01,1.000000000000000000e+00
6.121594905853271484e+00,-6.847313880920410156e+00,1.400000000000000000e+01,1.000000000000000000e+00
5.428257465362548828e+00,-7.551097393035888672e+00,1.400000000000000000e+01,1.000000000000000000e+00
5.911624908447265625e+00,-7.063290596008300781e+00,1.400000000000000000e+01,1.000000000000000000e+00
4.123951911926269531e+00,-8.716064453125000000e+00,1.400000000000000000e+01,1.000000000000000000e+00
4.328809261322021484e+00,-8.543252944946289062e+00,1.400000000000000000e+01,1.000000000000000000e+00
4.978780746459960938e+00,-7.975485801696777344e+00,1.400000000000000000e+01,1.000000000000000000e+00
5.795396804809570312e+00,-7.182563304901123047e+00,1.400000000000000000e+01,1.000000000000000000e+00
3.923772573471069336e+00,-8.895916938781738281e+00,1.400000000000000000e+01,1.000000000000000000e+00
4.054810047149658203e+00,-8.777756690979003906e+00,1.400000000000000000e+01,1.000000000000000000e+00
5.351459026336669922e+00,-7.627688884735107422e+00,1.400000000000000000e+01,1.000000000000000000e+00
4.040754318237304688e+00,-8.788208007812500000e+00,1.400000000000000000e+01,1.000000000000000000e+00
6.057755470275878906e+00,-6.911968231201171875e+00,1.400000000000000000e+01,1.000000000000000000e+00
4.948311805725097656e+00,-8.007044792175292969e+00,1.400000000000000000e+01,1.000000000000000000e+00
4.406194686889648438e+00,-8.479405403137207031e+00,1.400000000000000000e+01,1.000000000000000000e+00
6.143536567687988281e+00,-6.824629306793212891e+00,1.400000000000000000e+01,1.000000000000000000e+00
4.933839797973632812e+00,-8.021768569946289062e+00,1.400000000000000000e+01,1.000000000000000000e+00
5.853644847869873047e+00,-7.122257232666015625e+00,1.400000000000000000e+01,1.000000000000000000e+00
4.983449935913085938e+00,-7.975916385650634766e+00,1.400000000000000000e+01,1.000000000000000000e+00
3.937980413436889648e+00,-8.881381034851074219e+00,1.400000000000000000e+01,1.000000000000000000e+00
3.976897716522216797e+00,-8.846647262573242188e+00,1.400000000000000000e+01,1.000000000000000000e+00
4.719125270843505859e+00,-8.202769279479980469e+00,1.400000000000000000e+01,1.000000000000000000e+00
4.651155948638916016e+00,-8.266610145568847656e+00,1.400000000000000000e+01,1.000000000000000000e+00
5.850253582000732422e+00,-7.126755714416503906e+00,1.400000000000000000e+01,1.000000000000000000e+00
5.249718666076660156e+00,-7.726044654846191406e+00,1.400000000000000000e+01,1.000000000000000000e+00
5.847524166107177734e+00,-7.128989219665527344e+00,1.400000000000000000e+01,1.000000000000000000e+00
5.180008888244628906e+00,-7.788201332092285156e+00,1.400000000000000000e+01,1.000000000000000000e+00
3.912267684936523438e+00,-8.907152175903320312e+00,1.400000000000000000e+01,1.000000000000000000e+00
5.364728927612304688e+00,-7.614318370819091797e+00,1.400000000000000000e+01,1.000000000000000000e+00
7.937252044677734375e+00,1.343265891075134277e+00,9.000000000000000000e+00,1.000000000000000000e+00
4.992679119110107422e+00,-7.966048240661621094e+00,1.400000000000000000e+01,1.000000000000000000e+00
6.146318912506103516e+00,-6.821529865264892578e+00,1.400000000000000000e+01,1.000000000000000000e+00
5.965440273284912109e+00,-7.007643222808837891e+00,1.400000000000000000e+01,1.000000000000000000e+00
4.776005744934082031e+00,-8.156287193298339844e+00,1.400000000000000000e+01,1.000000000000000000e+00
6.110757350921630859e+00,-6.857804775238037109e+00,1.400000000000000000e+01,1.000000000000000000e+00
5.760238170623779297e+00,-7.218486785888671875e+00,1.400000000000000000e+01,1.000000000000000000e+00
4.106481552124023438e+00,-8.730494499206542969e+00,1.400000000000000000e+01,1.000000000000000000e+00
6.129531383514404297e+00,-6.839068412780761719e+00,1.400000000000000000e+01,1.000000000000000000e+00
5.000457286834716797e+00,-7.960144996643066406e+00,1.400000000000000000e+01,1.000000000000000000e+00
4.274098873138427734e+00,-8.586023330688476562e+00,1.400000000000000000e+01,1.000000000000000000e+00
5.576457023620605469e+00,-7.404721736907958984e+00,1.400000000000000000e+01,1.000000000000000000e+00
5.569562435150146484e+00,-7.410318374633789062e+00,1.400000000000000000e+01,1.000000000000000000e+00
5.071623325347900391e+00,-7.893999099731445312e+00,1.400000000000000000e+01,1.000000000000000000e+00
5.956749439239501953e+00,-7.016457080841064453e+00,1.400000000000000000e+01,1.000000000000000000e+00
6.087360382080078125e+00,-6.882167339324951172e+00,1.400000000000000000e+01,1.000000000000000000e+00
5.628914833068847656e+00,-7.351943492889404297e+00,1.400000000000000000e+01,1.000000000000000000e+00
5.589300632476806641e+00,-7.392268180847167969e+00,1.400000000000000000e+01,1.000000000000000000e+00
5.127275466918945312e+00,-7.842256546020507812e+00,1.400000000000000000e+01,1.000000000000000000e+00
4.692920207977294922e+00,-8.227105140686035156e+00,1.400000000000000000e+01,1.000000000000000000e+00
6.026290416717529297e+00,-6.945130825042724609e+00,1.400000000000000000e+01,1.000000000000000000e+00
4.217750549316406250e+00,-8.634476661682128906e+00,1.400000000000000000e+01,1.000000000000000000e+00
5.086853027343750000e+00,-7.878968238830566406e+00,1.400000000000000000e+01,1.000000000000000000e+00
3.934403896331787109e+00,-8.886114120483398438e+00,1.400000000000000000e+01,1.000000000000000000e+00
4.908127307891845703e+00,-8.036879539489746094e+00,1.400000000000000000e+01,1.000000000000000000e+00
4.915701389312744141e+00,-8.037446022033691406e+00,1.400000000000000000e+01,1.000000000000000000e+00
5.600178241729736328e+00,-7.381399631500244141e+00,1.400000000000000000e+01,1.000000000000000000e+00
5.343079090118408203e+00,-7.635612010955810547e+00,1.400000000000000000e+01,1.000000000000000000e+00
6.093936443328857422e+00,-6.875250339508056641e+00,1.400000000000000000e+01,1.000000000000000000e+00
5.631155967712402344e+00,-7.349798679351806641e+00,1.400000000000000000e+01,1.000000000000000000e+00
5.695638179779052734e+00,-7.284487247467041016e+00,1.400000000000000000e+01,1.000000000000000000e+00
4.369806766510009766e+00,-8.508253097534179688e+00,1.400000000000000000e+01,1.000000000000000000e+00
5.824337005615234375e+00,-7.152402400970458984e+00,1.400000000000000000e+01,1.000000000000000000e+00
6.157122135162353516e+00,-6.810994625091552734e+00,1.400000000000000000e+01,1.000000000000000000e+00
4.889780044555664062e+00,-8.057417869567871094e+00,1.400000000000000000e+01,1.000000000000000000e+00
5.793355464935302734e+00,-7.184782505035400391e+00,1.400000000000000000e+01,1.000000000000000000e+00
5.237415313720703125e+00,-7.737996578216552734e+00,1.400000000000000000e+01,1.000000000000000000e+00
3.960688829421997070e+00,-8.860441207885742188e+00,1.400000000000000000e+01,1.000000000000000000e+00
5.068977832794189453e+00,-7.895429611206054688e+00,1.400000000000000000e+01,1.000000000000000000e+00
4.132174015045166016e+00,-8.703578948974609375e+00,1.400000000000000000e+01,1.000000000000000000e+00
4.652577877044677734e+00,-8.263349533081054688e+00,1.400000000000000000e+01,1.000000000000000000e+00
5.097279071807861328e+00,-7.870863914489746094e+00,1.400000000000000000e+01,1.000000000000000000e+00
4.587446689605712891e+00,-8.319411277770996094e+00,1.400000000000000000e+01,1.000000000000000000e+00
5.303728103637695312e+00,-7.674276828765869141e+00,1.400000000000000000e+01,1.000000000000000000e+00
4.920650005340576172e+00,-8.033608436584472656e+00,1.400000000000000000e+01,1.000000000000000000e+00
6.162570953369140625e+00,-6.805261611938476562e+00,1.400000000000000000e+01,1.000000000000000000e+00
2.283537673950195312e+01,-3.482735395431518555e+00,9.000000000000000000e+00,1.000000000000000000e+00
5.238786697387695312e+00,-7.731806755065917969e+00,1.400000000000000000e+01,1.000000000000000000e+00
6.134114265441894531e+00,-6.833930492401123047e+00,1.400000000000000000e+01,1.000000000000000000e+00
6.090187549591064453e+00,-6.878414630889892578e+00,1.400000000000000000e+01,1.000000000000000000e+00
6.133693218231201172e+00,-6.834590435028076172e+00,1.400000000000000000e+01,1.000000000000000000e+00
4.444131851196289062e+00,-8.444462776184082031e+00,1.400000000000000000e+01,1.000000000000000000e+00
5.940898418426513672e+00,-7.032939910888671875e+00,1.400000000000000000e+01,1.000000000000000000e+00
6.129545688629150391e+00,-6.838330745697021484e+00,1.400000000000000000e+01,1.000000000000000000e+00
3.898156404495239258e+00,-8.919637680053710938e+00,1.400000000000000000e+01,1.000000000000000000e+00
5.048201560974121094e+00,-7.916845798492431641e+00,1.400000000000000000e+01,1.000000000000000000e+00
6.161484241485595703e+00,-6.805969238281250000e+00,1.400000000000000000e+01,1.000000000000000000e+00
5.935652732849121094e+00,-7.037927150726318359e+00,1.400000000000000000e+01,1.000000000000000000e+00
4.246844768524169922e+00,-8.610339164733886719e+00,1.400000000000000000e+01,1.000000000000000000e+00
3.895480871200561523e+00,-8.921360015869140625e+00,1.400000000000000000e+01,1.000000000000000000e+00
1.035027503967285156e+01,5.381035327911376953e+00,9.000000000000000000e+00,1.000000000000000000e+00
5.597620010375976562e+00,-7.383321285247802734e+00,1.400000000000000000e+01,1.000000000000000000e+00
4.845064163208007812e+00,-8.097901344299316406e+00,1.400000000000000000e+01,1.000000000000000000e+00
6.094709873199462891e+00,-6.874390125274658203e+00,1.400000000000000000e+01,1.000000000000000000e+00
5.087886810302734375e+00,-7.879399299621582031e+00,1.400000000000000000e+01,1.000000000000000000e+00
4.653521060943603516e+00,-8.262768745422363281e+00,1.400000000000000000e+01,1.000000000000000000e+00
5.346732139587402344e+00,-7.631929397583007812e+00,1.400000000000000000e+01,1.000000000000000000e+00
5.597676277160644531e+00,-7.383342742919921875e+00,1.400000000000000000e+01,1.000000000000000000e+00
4.038735389709472656e+00,-8.790121078491210938e+00,1.400000000000000000e+01,1.000000000000000000e+00
4.964370250701904297e+00,-7.994457721710205078e+00,1.400000000000000000e+01,1.000000000000000000e+00
4.202008724212646484e+00,-8.650210380554199219e+00,1.400000000000000000e+01,1.000000000000000000e+00
4.167688369750976562e+00,-8.676613807678222656e+00,1.400000000000000000e+01,1.000000000000000000e+00
5.823172569274902344e+00,-7.153314113616943359e+00,1.400000000000000000e+01,1.000000000000000000e+00
4.053050041198730469e+00,-8.779097557067871094e+00,1.400000000000000000e+01,1.000000000000000000e+00
4.113841056823730469e+00,-8.723188400268554688e+00,1.400000000000000000e+01,1.000000000000000000e+00
5.649009704589843750e+00,-7.331898689270019531e+00,1.400000000000000000e+01,1.000000000000000000e+00
4.888488769531250000e+00,-8.063210487365722656e+00,1.400000000000000000e+01,1.000000000000000000e+00
5.065200805664062500e+00,-7.891128540039062500e+00,1.400000000000000000e+01,1.000000000000000000e+00
5.160353183746337891e+00,-7.812427043914794922e+00,1.400000000000000000e+01,1.000000000000000000e+00
5.302268028259277344e+00,-7.675534248352050781e+00,1.400000000000000000e+01,1.000000000000000000e+00
5.976107597351074219e+00,-6.996280670166015625e+00,1.400000000000000000e+01,1.000000000000000000e+00
5.982601165771484375e+00,-6.990004062652587891e+00,1.400000000000000000e+01,1.000000000000000000e+00
5.320064067840576172e+00,-7.656754016876220703e+00,1.400000000000000000e+01,1.000000000000000000e+00
4.397641181945800781e+00,-8.483655929565429688e+00,1.400000000000000000e+01,1.000000000000000000e+00
4.959846019744873047e+00,-7.996113300323486328e+00,1.400000000000000000e+01,1.000000000000000000e+00
4.674871444702148438e+00,-8.243952751159667969e+00,1.400000000000000000e+01,1.000000000000000000e+00
5.333315372467041016e+00,-7.644324302673339844e+00,1.400000000000000000e+01,1.000000000000000000e+00
4.068273067474365234e+00,-8.759304046630859375e+00,1.400000000000000000e+01,1.000000000000000000e+00
5.577841281890869141e+00,-7.403824806213378906e+00,1.400000000000000000e+01,1.000000000000000000e+00
4.441524505615234375e+00,-8.446904182434082031e+00,1.400000000000000000e+01,1.000000000000000000e+00
6.015424251556396484e+00,-6.955869674682617188e+00,1.400000000000000000e+01,1.000000000000000000e+00
6.047109127044677734e+00,-6.923367500305175781e+00,1.400000000000000000e+01,1.000000000000000000e+00
4.579510688781738281e+00,-8.326826095581054688e+00,1.400000000000000000e+01,1.000000000000000000e+00
5.612198352813720703e+00,-7.369240283966064453e+00,1.400000000000000000e+01,1.000000000000000000e+00
4.084475040435791016e+00,-8.750554084777832031e+00,1.400000000000000000e+01,1.000000000000000000e+00
5.982452869415283203e+00,-6.989509582519531250e+00,1.400000000000000000e+01,1.000000000000000000e+00
5.645448207855224609e+00,-7.335701942443847656e+00,1.400000000000000000e+01,1.000000000000000000e+00
5.578120231628417969e+00,-7.403060913085937500e+00,1.400000000000000000e+01,1.000000000000000000e+00
4.230905532836914062e+00,-8.625011444091796875e+00,1.400000000000000000e+01,1.000000000000000000e+00
4.376484394073486328e+00,-8.502391815185546875e+00,1.400000000000000000e+01,1.000000000000000000e+00
5.961488723754882812e+00,-7.012289524078369141e+00,1.400000000000000000e+01,1.000000000000000000e+00
4.856247425079345703e+00,-8.087350845336914062e+00,1.400000000000000000e+01,1.000000000000000000e+00
4.949302673339843750e+00,-8.006676673889160156e+00,1.400000000000000000e+01,1.000000000000000000e+00
5.110699176788330078e+00,-7.855479240417480469e+00,1.400000000000000000e+01,1.000000000000000000e+00
1.206202220916748047e+01,-6.541993618011474609e+00,9.000000000000000000e+00,1.000000000000000000e+00
5.626560211181640625e+00,-7.354711532592773438e+00,1.400000000000000000e+01,1.000000000000000000e+00
5.718166828155517578e+00,-7.261651992797851562e+00,1.400000000000000000e+01,1.000000000000000000e+00
3.955281734466552734e+00,-8.865497589111328125e+00,1.400000000000000000e+01,1.000000000000000000e+00
5.774888992309570312e+00,-7.202929973602294922e+00,1.400000000000000000e+01,1.000000000000000000e+00
5.305090904235839844e+00,-7.670181751251220703e+00,1.400000000000000000e+01,1.000000000000000000e+00
4.539046764373779297e+00,-8.360797882080078125e+00,1.400000000000000000e+01,1.000000000000000000e+00
5.221177101135253906e+00,-7.753708362579345703e+00,1.400000000000000000e+01,1.000000000000000000e+00
5.570325851440429688e+00,-7.410723209381103516e+00,1.400000000000000000e+01,1.000000000000000000e+00
6.151245594024658203e+00,-6.816286563873291016e+00,1.400000000000000000e+01,1.000000000000000000e+00
6.118875026702880859e+00,-6.849499702453613281e+00,1.400000000000000000e+01,1.000000000000000000e+00
5.184513568878173828e+00,-7.788768768310546875e+00,1.400000000000000000e+01,1.000000000000000000e+00
6.118996143341064453e+00,-6.849285125732421875e+00,1.400000000000000000e+01,1.000000000000000000e+00
4.022224426269531250e+00,-8.805903434753417969e+00,1.400000000000000000e+01,1.000000000000000000e+00
5.848891735076904297e+00,-7.127811431884765625e+00,1.400000000000000000e+01,1.000000000000000000e+00
5.530296325683593750e+00,-7.449700355529785156e+00,1.400000000000000000e+01,1.000000000000000000e+00
5.151512145996093750e+00,-7.820539951324462891e+00,1.400000000000000000e+01,1.000000000000000000e+00
6.140247821807861328e+00,-6.827548027038574219e+00,1.400000000000000000e+01,1.000000000000000000e+00
6.021232604980468750e+00,-6.950139045715332031e+00,1.400000000000000000e+01,1.000000000000000000e+00
5.329070091247558594e+00,-7.648980617523193359e+00,1.400000000000000000e+01,1.000000000000000000e+00
5.827789306640625000e+00,-7.148639678955078125e+00,1.400000000000000000e+01,1.000000000000000000e+00
4.888259887695312500e+00,-8.051359176635742188e+00,9.000000000000000000e+00,1.000000000000000000e+00
4.518167972564697266e+00,-8.379361152648925781e+00,1.400000000000000000e+01,1.000000000000000000e+00
5.995538234710693359e+00,-6.975692272186279297e+00,1.400000000000000000e+01,1.000000000000000000e+00
5.263040065765380859e+00,-7.708676815032958984e+00,1.400000000000000000e+01,1.000000000000000000e+00
4.250478744506835938e+00,-8.609663963317871094e+00,1.400000000000000000e+01,1.000000000000000000e+00
4.213894844055175781e+00,-8.645644187927246094e+00,1.400000000000000000e+01,1.000000000000000000e+00
6.128900051116943359e+00,-6.839661598205566406e+00,1.400000000000000000e+01,1.000000000000000000e+00
5.770437717437744141e+00,-7.207983016967773438e+00,1.400000000000000000e+01,1.000000000000000000e+00
4.638234138488769531e+00,-8.275785446166992188e+00,1.400000000000000000e+01,1.000000000000000000e+00
4.604606628417968750e+00,-8.303030014038085938e+00,1.400000000000000000e+01,1.000000000000000000e+00
3.898309946060180664e+00,-8.917819023132324219e+00,1.400000000000000000e+01,1.000000000000000000e+00
4.954315185546875000e+00,-8.001911163330078125e+00,1.400000000000000000e+01,1.000000000000000000e+00
5.263615131378173828e+00,-7.709265708923339844e+00,1.400000000000000000e+01,1.000000000000000000e+00
4.040673732757568359e+00,-8.788888931274414062e+00,1.400000000000000000e+01,1.000000000000000000e+00
4.090158462524414062e+00,-8.745031356811523438e+00,1.400000000000000000e+01,1.000000000000000000e+00
3.921559572219848633e+00,-8.895897865295410156e+00,1.400000000000000000e+01,1.000000000000000000e+00
5.117623805999755859e+00,-7.851291179656982422e+00,1.400000000000000000e+01,1.000000000000000000e+00
3.941665887832641602e+00,-8.877866744995117188e+00,1.400000000000000000e+01,1.000000000000000000e+00
5.644700527191162109e+00,-7.336534500122070312e+00,1.400000000000000000e+01,1.000000000000000000e+00
3.895797014236450195e+00,-8.922401428222656250e+00,1.400000000000000000e+01,1.000000000000000000e+00
5.223927974700927734e+00,-7.747370719909667969e+00,1.400000000000000000e+01,1.000000000000000000e+00
4.938990116119384766e+00,-8.005712509155273438e+00,9.000000000000000000e+00,1.000000000000000000e+00
3.996849536895751953e+00,-8.827726364135742188e+00,1.400000000000000000e+01,1.000000000000000000e+00
4.621147155761718750e+00,-8.290531158447265625e+00,1.400000000000000000e+01,1.000000000000000000e+00
4.026647567749023438e+00,-8.801901817321777344e+00,1.400000000000000000e+01,1.000000000000000000e+00
4.651974678039550781e+00,-8.264852523803710938e+00,1.400000000000000000e+01,1.000000000000000000e+00
5.399205684661865234e+00,-7.581196784973144531e+00,1.400000000000000000e+01,1.000000000000000000e+00
5.900995731353759766e+00,-7.073584556579589844e+00,1.400000000000000000e+01,1.000000000000000000e+00
5.868875026702880859e+00,-7.107408523559570312e+00,1.400000000000000000e+01,1.000000000000000000e+00
5.951796054840087891e+00,-7.021238327026367188e+00,1.400000000000000000e+01,1.000000000000000000e+00
4.004897117614746094e+00,-8.821251869201660156e+00,1.400000000000000000e+01,1.000000000000000000e+00
4.047055721282958984e+00,-8.785001754760742188e+00,1.400000000000000000e+01,1.000000000000000000e+00
7.460901737213134766e+00,1.136639714241027832e+00,1.200000000000000000e+01,1.000000000000000000e+00
8.908441543579101562e+00,1.667956352233886719e+00,1.200000000000000000e+01,1.000000000000000000e+00
8.740520477294921875e+00,1.511719107627868652e+00,1.200000000000000000e+01,1.000000000000000000e+00
9.064155578613281250e+00,1.423025608062744141e+00,1.200000000000000000e+01,1.000000000000000000e+00
9.175860404968261719e+00,1.277428865432739258e+00,1.200000000000000000e+01,1.000000000000000000e+00
7.751957893371582031e+00,1.290016531944274902e+00,1.200000000000000000e+01,1.000000000000000000e+00
8.568551063537597656e+00,1.733733415603637695e+00,1.200000000000000000e+01,1.000000000000000000e+00
7.497165203094482422e+00,1.158756613731384277e+00,1.200000000000000000e+01,1.000000000000000000e+00
9.262763023376464844e+00,1.400753021240234375e+00,1.200000000000000000e+01,1.000000000000000000e+00
7.601168155670166016e+00,1.248655080795288086e+00,1.200000000000000000e+01,1.000000000000000000e+00
7.915874481201171875e+00,1.341815114021301270e+00,1.200000000000000000e+01,1.000000000000000000e+00
9.092521667480468750e+00,1.815833091735839844e+00,1.200000000000000000e+01,1.000000000000000000e+00
8.711028099060058594e+00,1.924876928329467773e+00,1.200000000000000000e+01,1.000000000000000000e+00
9.052482604980468750e+00,1.784902334213256836e+00,1.200000000000000000e+01,1.000000000000000000e+00
9.017663002014160156e+00,1.452910184860229492e+00,1.200000000000000000e+01,1.000000000000000000e+00
8.648252487182617188e+00,1.612764000892639160e+00,1.200000000000000000e+01,1.000000000000000000e+00
9.269118309020996094e+00,1.385735750198364258e+00,1.200000000000000000e+01,1.000000000000000000e+00
8.756766319274902344e+00,1.964707970619201660e+00,1.200000000000000000e+01,1.000000000000000000e+00
7.561408996582031250e+00,1.199556350708007812e+00,1.200000000000000000e+01,1.000000000000000000e+00
8.877613067626953125e+00,1.639520287513732910e+00,1.200000000000000000e+01,1.000000000000000000e+00
8.965394020080566406e+00,1.607404470443725586e+00,1.200000000000000000e+01,1.000000000000000000e+00
9.263433456420898438e+00,1.279097676277160645e+00,1.200000000000000000e+01,1.000000000000000000e+00
9.091448783874511719e+00,1.836752653121948242e+00,1.200000000000000000e+01,1.000000000000000000e+00
8.924929618835449219e+00,2.008693456649780273e+00,1.200000000000000000e+01,1.000000000000000000e+00
8.450541496276855469e+00,1.446972131729125977e+00,1.200000000000000000e+01,1.000000000000000000e+00
8.987702369689941406e+00,1.572380542755126953e+00,1.200000000000000000e+01,1.000000000000000000e+00
8.875359535217285156e+00,1.643850922584533691e+00,1.200000000000000000e+01,1.000000000000000000e+00
7.766066551208496094e+00,1.316836595535278320e+00,1.200000000000000000e+01,1.000000000000000000e+00
8.976003646850585938e+00,1.701465249061584473e+00,1.200000000000000000e+01,1.000000000000000000e+00
9.082038879394531250e+00,1.390652894973754883e+00,1.200000000000000000e+01,1.000000000000000000e+00
8.918753623962402344e+00,1.802827000617980957e+00,1.200000000000000000e+01,1.000000000000000000e+00
8.971613883972167969e+00,1.440478444099426270e+00,1.200000000000000000e+01,1.000000000000000000e+00
7.653792381286621094e+00,1.256713747978210449e+00,1.200000000000000000e+01,1.000000000000000000e+00
9.059494972229003906e+00,1.480672836303710938e+00,1.200000000000000000e+01,1.000000000000000000e+00
8.683234214782714844e+00,1.921815514564514160e+00,1.200000000000000000e+01,1.000000000000000000e+00
9.014257431030273438e+00,1.826251983642578125e+00,1.200000000000000000e+01,1.000000000000000000e+00
7.736150264739990234e+00,1.291563153266906738e+00,1.200000000000000000e+01,1.000000000000000000e+00
9.171975135803222656e+00,1.279114723205566406e+00,1.200000000000000000e+01,1.000000000000000000e+00
9.230954170227050781e+00,1.311187982559204102e+00,1.200000000000000000e+01,1.000000000000000000e+00
8.960268020629882812e+00,1.622667193412780762e+00,1.200000000000000000e+01,1.000000000000000000e+00
8.116347312927246094e+00,1.390658974647521973e+00,1.200000000000000000e+01,1.000000000000000000e+00
7.702915191650390625e+00,1.274937868118286133e+00,1.200000000000000000e+01,1.000000000000000000e+00
8.953939437866210938e+00,1.766246318817138672e+00,1.200000000000000000e+01,1.000000000000000000e+00
7.578776359558105469e+00,1.208886623382568359e+00,1.200000000000000000e+01,1.000000000000000000e+00
8.956296920776367188e+00,2.056370973587036133e+00,1.200000000000000000e+01,1.000000000000000000e+00
7.658916473388671875e+00,1.247260689735412598e+00,1.200000000000000000e+01,1.000000000000000000e+00
9.120517730712890625e+00,1.322749972343444824e+00,1.200000000000000000e+01,1.000000000000000000e+00
9.085110664367675781e+00,1.858809232711791992e+00,1.200000000000000000e+01,1.000000000000000000e+00
8.600311279296875000e+00,1.363402605056762695e+00,1.200000000000000000e+01,1.000000000000000000e+00
7.722206115722656250e+00,1.282225966453552246e+00,1.200000000000000000e+01,1.000000000000000000e+00
8.849884986877441406e+00,2.043395519256591797e+00,1.200000000000000000e+01,1.000000000000000000e+00
9.021241188049316406e+00,1.534177899360656738e+00,1.200000000000000000e+01,1.000000000000000000e+00
8.784965515136718750e+00,1.691664934158325195e+00,1.200000000000000000e+01,1.000000000000000000e+00
7.771537780761718750e+00,1.295607924461364746e+00,1.200000000000000000e+01,1.000000000000000000e+00
8.906446456909179688e+00,2.042415857315063477e+00,1.200000000000000000e+01,1.000000000000000000e+00
7.708714962005615234e+00,1.267726540565490723e+00,1.200000000000000000e+01,1.000000000000000000e+00
8.927382469177246094e+00,2.062894344329833984e+00,1.200000000000000000e+01,1.000000000000000000e+00
7.774443149566650391e+00,1.308380722999572754e+00,1.200000000000000000e+01,1.000000000000000000e+00
8.680494308471679688e+00,1.891849040985107422e+00,1.200000000000000000e+01,1.000000000000000000e+00
8.557278633117675781e+00,1.643708109855651855e+00,1.200000000000000000e+01,1.000000000000000000e+00
8.701138496398925781e+00,1.547783613204956055e+00,1.200000000000000000e+01,1.000000000000000000e+00
9.010114669799804688e+00,1.474496364593505859e+00,1.200000000000000000e+01,1.000000000000000000e+00
8.280011177062988281e+00,1.588831782341003418e+00,1.200000000000000000e+01,1.000000000000000000e+00
9.225821495056152344e+00,1.277154207229614258e+00,1.200000000000000000e+01,1.000000000000000000e+00
9.122448921203613281e+00,1.786820411682128906e+00,1.200000000000000000e+01,1.000000000000000000e+00
8.504179000854492188e+00,1.392005681991577148e+00,1.200000000000000000e+01,1.000000000000000000e+00
8.845880508422851562e+00,1.689594268798828125e+00,1.200000000000000000e+01,1.000000000000000000e+00
9.269775390625000000e+00,1.305890798568725586e+00,1.200000000000000000e+01,1.000000000000000000e+00
8.796634674072265625e+00,1.517767429351806641e+00,1.200000000000000000e+01,1.000000000000000000e+00
8.703045845031738281e+00,1.518774867057800293e+00,1.200000000000000000e+01,1.000000000000000000e+00
8.760075569152832031e+00,2.033575296401977539e+00,1.200000000000000000e+01,1.000000000000000000e+00
8.938996315002441406e+00,1.695913076400756836e+00,1.200000000000000000e+01,1.000000000000000000e+00
9.035242080688476562e+00,1.699555397033691406e+00,1.200000000000000000e+01,1.000000000000000000e+00
8.587549209594726562e+00,1.600266695022583008e+00,1.200000000000000000e+01,1.000000000000000000e+00
7.608169555664062500e+00,1.230357408523559570e+00,1.200000000000000000e+01,1.000000000000000000e+00
7.535898685455322266e+00,1.191097259521484375e+00,1.200000000000000000e+01,1.000000000000000000e+00
7.661025047302246094e+00,1.261788606643676758e+00,1.200000000000000000e+01,1.000000000000000000e+00
8.777572631835937500e+00,1.695664644241333008e+00,1.200000000000000000e+01,1.000000000000000000e+00
7.650704860687255859e+00,1.257143735885620117e+00,1.200000000000000000e+01,1.000000000000000000e+00
9.149027824401855469e+00,1.289023518562316895e+00,1.200000000000000000e+01,1.000000000000000000e+00
7.794024467468261719e+00,1.307681560516357422e+00,1.200000000000000000e+01,1.000000000000000000e+00
9.172241210937500000e+00,1.286780595779418945e+00,1.200000000000000000e+01,1.000000000000000000e+00
8.973218917846679688e+00,1.467395901679992676e+00,1.200000000000000000e+01,1.000000000000000000e+00
8.086091995239257812e+00,1.392627120018005371e+00,1.200000000000000000e+01,1.000000000000000000e+00
8.887722015380859375e+00,1.762019872665405273e+00,1.200000000000000000e+01,1.000000000000000000e+00
8.658687591552734375e+00,1.576183795928955078e+00,1.200000000000000000e+01,1.000000000000000000e+00
8.788755416870117188e+00,1.603097200393676758e+00,1.200000000000000000e+01,1.000000000000000000e+00
7.440456390380859375e+00,1.112324953079223633e+00,1.200000000000000000e+01,1.000000000000000000e+00
9.142360687255859375e+00,1.306994795799255371e+00,1.200000000000000000e+01,1.000000000000000000e+00
8.854055404663085938e+00,2.094077110290527344e+00,1.200000000000000000e+01,1.000000000000000000e+00
7.665171623229980469e+00,1.253395080566406250e+00,1.200000000000000000e+01,1.000000000000000000e+00
9.208211898803710938e+00,1.336376190185546875e+00,1.200000000000000000e+01,1.000000000000000000e+00
9.247982025146484375e+00,1.398290753364562988e+00,1.200000000000000000e+01,1.000000000000000000e+00
9.252066612243652344e+00,1.379200577735900879e+00,1.200000000000000000e+01,1.000000000000000000e+00
8.706635475158691406e+00,1.834072113037109375e+00,1.200000000000000000e+01,1.000000000000000000e+00
8.713221549987792969e+00,1.539630532264709473e+00,1.200000000000000000e+01,1.000000000000000000e+00
7.706698417663574219e+00,1.285255908966064453e+00,1.200000000000000000e+01,1.000000000000000000e+00
7.878194332122802734e+00,1.357143044471740723e+00,1.200000000000000000e+01,1.000000000000000000e+00
7.513393878936767578e+00,1.178553700447082520e+00,1.200000000000000000e+01,1.000000000000000000e+00
7.463153362274169922e+00,1.136683583259582520e+00,1.200000000000000000e+01,1.000000000000000000e+00
9.248414993286132812e+00,1.279474020004272461e+00,1.200000000000000000e+01,1.000000000000000000e+00
9.093671798706054688e+00,1.879868865013122559e+00,1.200000000000000000e+01,1.000000000000000000e+00
8.182370185852050781e+00,1.504463911056518555e+00,1.200000000000000000e+01,1.000000000000000000e+00
9.105123519897460938e+00,1.802530407905578613e+00,1.200000000000000000e+01,1.000000000000000000e+00
8.168735504150390625e+00,1.405862808227539062e+00,1.200000000000000000e+01,1.000000000000000000e+00
7.681720256805419922e+00,1.260581970214843750e+00,1.200000000000000000e+01,1.000000000000000000e+00
8.830116271972656250e+00,2.089671611785888672e+00,1.200000000000000000e+01,1.000000000000000000e+00
8.299410820007324219e+00,1.398323059082031250e+00,1.200000000000000000e+01,1.000000000000000000e+00
9.208694458007812500e+00,1.614924073219299316e+00,1.200000000000000000e+01,1.000000000000000000e+00
9.256916999816894531e+00,1.265065312385559082e+00,1.200000000000000000e+01,1.000000000000000000e+00
8.947003364562988281e+00,1.656633853912353516e+00,1.200000000000000000e+01,1.000000000000000000e+00
7.603863716125488281e+00,1.212765574455261230e+00,1.200000000000000000e+01,1.000000000000000000e+00
7.560027599334716797e+00,1.217973232269287109e+00,1.200000000000000000e+01,1.000000000000000000e+00
7.491444587707519531e+00,1.151891350746154785e+00,1.200000000000000000e+01,1.000000000000000000e+00
9.269504547119140625e+00,1.457050919532775879e+00,1.200000000000000000e+01,1.000000000000000000e+00
8.837463378906250000e+00,2.049145698547363281e+00,1.200000000000000000e+01,1.000000000000000000e+00
8.100094795227050781e+00,1.404843688011169434e+00,1.200000000000000000e+01,1.000000000000000000e+00
8.814617156982421875e+00,2.058270215988159180e+00,1.200000000000000000e+01,1.000000000000000000e+00
9.166215896606445312e+00,1.311993956565856934e+00,1.200000000000000000e+01,1.000000000000000000e+00
8.903997421264648438e+00,2.019538640975952148e+00,1.200000000000000000e+01,1.000000000000000000e+00
7.485294818878173828e+00,1.147995233535766602e+00,1.200000000000000000e+01,1.000000000000000000e+00
7.453995227813720703e+00,1.133502244949340820e+00,1.200000000000000000e+01,1.000000000000000000e+00
7.758015155792236328e+00,1.299413084983825684e+00,1.200000000000000000e+01,1.000000000000000000e+00
8.704712867736816406e+00,1.577616214752197266e+00,1.200000000000000000e+01,1.000000000000000000e+00
7.487412452697753906e+00,1.152618050575256348e+00,1.200000000000000000e+01,1.000000000000000000e+00
7.622881412506103516e+00,1.238433241844177246e+00,1.200000000000000000e+01,1.000000000000000000e+00
8.920269012451171875e+00,2.058959722518920898e+00,1.200000000000000000e+01,1.000000000000000000e+00
7.777891159057617188e+00,1.315816044807434082e+00,1.200000000000000000e+01,1.000000000000000000e+00
7.781916141510009766e+00,1.314327001571655273e+00,1.200000000000000000e+01,1.000000000000000000e+00
8.878389358520507812e+00,1.656372189521789551e+00,1.200000000000000000e+01,1.000000000000000000e+00
8.601976394653320312e+00,1.519812822341918945e+00,1.200000000000000000e+01,1.000000000000000000e+00
7.998935699462890625e+00,1.396087527275085449e+00,1.200000000000000000e+01,1.000000000000000000e+00
9.259957313537597656e+00,1.277131795883178711e+00,1.200000000000000000e+01,1.000000000000000000e+00
9.259560585021972656e+00,1.476586222648620605e+00,1.200000000000000000e+01,1.000000000000000000e+00
7.502293586730957031e+00,1.161846041679382324e+00,1.200000000000000000e+01,1.000000000000000000e+00
8.670590400695800781e+00,1.898058652877807617e+00,1.200000000000000000e+01,1.000000000000000000e+00
9.173310279846191406e+00,1.693288922309875488e+00,1.200000000000000000e+01,1.000000000000000000e+00
8.839743614196777344e+00,1.548426508903503418e+00,1.200000000000000000e+01,1.000000000000000000e+00
8.803408622741699219e+00,1.947411298751831055e+00,1.200000000000000000e+01,1.000000000000000000e+00
8.920248031616210938e+00,2.023475170135498047e+00,1.200000000000000000e+01,1.000000000000000000e+00
9.203558921813964844e+00,1.562264919281005859e+00,1.200000000000000000e+01,1.000000000000000000e+00
7.863060951232910156e+00,1.341728448867797852e+00,1.200000000000000000e+01,1.000000000000000000e+00
8.786919593811035156e+00,2.072848558425903320e+00,1.200000000000000000e+01,1.000000000000000000e+00
9.170749664306640625e+00,1.631231069564819336e+00,1.200000000000000000e+01,1.000000000000000000e+00
7.535857200622558594e+00,1.182420611381530762e+00,1.200000000000000000e+01,1.000000000000000000e+00
8.528769493103027344e+00,1.405542254447937012e+00,1.200000000000000000e+01,1.000000000000000000e+00
8.694771766662597656e+00,1.577995181083679199e+00,1.200000000000000000e+01,1.000000000000000000e+00
8.113993644714355469e+00,1.388689398765563965e+00,1.200000000000000000e+01,1.000000000000000000e+00
8.043310165405273438e+00,1.367607235908508301e+00,1.200000000000000000e+01,1.000000000000000000e+00
8.168639183044433594e+00,1.398890256881713867e+00,1.200000000000000000e+01,1.000000000000000000e+00
7.795598983764648438e+00,1.325530290603637695e+00,1.200000000000000000e+01,1.000000000000000000e+00
9.010336875915527344e+00,1.631804704666137695e+00,1.200000000000000000e+01,1.000000000000000000e+00
8.697211265563964844e+00,1.813750743865966797e+00,1.200000000000000000e+01,1.000000000000000000e+00
9.024857521057128906e+00,1.490513920783996582e+00,1.200000000000000000e+01,1.000000000000000000e+00
8.903317451477050781e+00,1.664132356643676758e+00,1.200000000000000000e+01,1.000000000000000000e+00
9.130220413208007812e+00,1.340039253234863281e+00,1.200000000000000000e+01,1.000000000000000000e+00
9.221265792846679688e+00,1.249284625053405762e+00,1.200000000000000000e+01,1.000000000000000000e+00
9.080768585205078125e+00,1.825188040733337402e+00,1.200000000000000000e+01,1.000000000000000000e+00
8.818203926086425781e+00,1.622356414794921875e+00,1.200000000000000000e+01,1.000000000000000000e+00
8.921436309814453125e+00,1.986927866935729980e+00,1.200000000000000000e+01,1.000000000000000000e+00
8.937299728393554688e+00,1.619758963584899902e+00,1.200000000000000000e+01,1.000000000000000000e+00
8.685847282409667969e+00,1.537641286849975586e+00,1.200000000000000000e+01,1.000000000000000000e+00
9.211016654968261719e+00,1.270666837692260742e+00,1.200000000000000000e+01,1.000000000000000000e+00
8.804609298706054688e+00,2.078868389129638672e+00,1.200000000000000000e+01,1.000000000000000000e+00
7.438549518585205078e+00,1.114937901496887207e+00,1.200000000000000000e+01,1.000000000000000000e+00
9.155976295471191406e+00,1.305714845657348633e+00,1.200000000000000000e+01,1.000000000000000000e+00
7.621337890625000000e+00,1.242492556571960449e+00,1.200000000000000000e+01,1.000000000000000000e+00
9.013579368591308594e+00,1.683693528175354004e+00,1.200000000000000000e+01,1.000000000000000000e+00
8.990408897399902344e+00,1.705531239509582520e+00,1.200000000000000000e+01,1.000000000000000000e+00
8.712206840515136719e+00,1.890266418457031250e+00,1.200000000000000000e+01,1.000000000000000000e+00
9.003410339355468750e+00,1.765123248100280762e+00,1.200000000000000000e+01,1.000000000000000000e+00
7.572358131408691406e+00,1.200888752937316895e+00,1.200000000000000000e+01,1.000000000000000000e+00
7.789615631103515625e+00,1.306046366691589355e+00,1.200000000000000000e+01,1.000000000000000000e+00
7.743608951568603516e+00,1.304878234863281250e+00,1.200000000000000000e+01,1.000000000000000000e+00
7.648600578308105469e+00,1.251398086547851562e+00,1.200000000000000000e+01,1.000000000000000000e+00
8.935146331787109375e+00,1.607300400733947754e+00,1.200000000000000000e+01,1.000000000000000000e+00
7.874098300933837891e+00,1.350357770919799805e+00,1.200000000000000000e+01,1.000000000000000000e+00
7.787917137145996094e+00,1.312390804290771484e+00,1.200000000000000000e+01,1.000000000000000000e+00
8.164092063903808594e+00,1.406443953514099121e+00,1.200000000000000000e+01,1.000000000000000000e+00
8.703450202941894531e+00,1.499125599861145020e+00,1.200000000000000000e+01,1.000000000000000000e+00
8.599516868591308594e+00,1.806250452995300293e+00,1.200000000000000000e+01,1.000000000000000000e+00
8.771511077880859375e+00,1.596019506454467773e+00,1.200000000000000000e+01,1.000000000000000000e+00
8.858451843261718750e+00,2.020768880844116211e+00,1.200000000000000000e+01,1.000000000000000000e+00
9.110089302062988281e+00,1.871026515960693359e+00,1.200000000000000000e+01,1.000000000000000000e+00
7.544461250305175781e+00,1.188530683517456055e+00,1.200000000000000000e+01,1.000000000000000000e+00
8.891369819641113281e+00,2.058069229125976562e+00,1.200000000000000000e+01,1.000000000000000000e+00
9.267439842224121094e+00,1.285189032554626465e+00,1.200000000000000000e+01,1.000000000000000000e+00
7.800211906433105469e+00,1.326259374618530273e+00,1.200000000000000000e+01,1.000000000000000000e+00
7.428084373474121094e+00,1.109936356544494629e+00,1.200000000000000000e+01,1.000000000000000000e+00
9.225757598876953125e+00,1.284516572952270508e+00,1.200000000000000000e+01,1.000000000000000000e+00
8.709157943725585938e+00,2.004877805709838867e+00,1.200000000000000000e+01,1.000000000000000000e+00
7.925107479095458984e+00,1.348617553710937500e+00,1.200000000000000000e+01,1.000000000000000000e+00
8.879636764526367188e+00,2.069450855255126953e+00,1.200000000000000000e+01,1.000000000000000000e+00
9.172882080078125000e+00,1.618323445320129395e+00,1.200000000000000000e+01,1.000000000000000000e+00
7.474413871765136719e+00,1.139435887336730957e+00,1.200000000000000000e+01,1.000000000000000000e+00
8.799066543579101562e+00,1.509872198104858398e+00,1.200000000000000000e+01,1.000000000000000000e+00
8.591382980346679688e+00,1.590056538581848145e+00,1.200000000000000000e+01,1.000000000000000000e+00
9.028699874877929688e+00,1.743861556053161621e+00,1.200000000000000000e+01,1.000000000000000000e+00
9.156928062438964844e+00,1.384635925292968750e+00,1.200000000000000000e+01,1.000000000000000000e+00
7.645150184631347656e+00,1.246530294418334961e+00,1.200000000000000000e+01,1.000000000000000000e+00
9.281826972961425781e+00,1.402552604675292969e+00,1.200000000000000000e+01,1.000000000000000000e+00
9.100073814392089844e+00,1.833404660224914551e+00,1.200000000000000000e+01,1.000000000000000000e+00
8.999364852905273438e+00,1.848597407341003418e+00,1.200000000000000000e+01,1.000000000000000000e+00
8.757271766662597656e+00,2.047180891036987305e+00,1.200000000000000000e+01,1.000000000000000000e+00
7.644300937652587891e+00,1.255204439163208008e+00,1.200000000000000000e+01,1.000000000000000000e+00
7.734429359436035156e+00,1.287129640579223633e+00,1.200000000000000000e+01,1.000000000000000000e+00
7.710440635681152344e+00,1.280815243721008301e+00,1.200000000000000000e+01,1.000000000000000000e+00
7.851956844329833984e+00,1.346282482147216797e+00,1.200000000000000000e+01,1.000000000000000000e+00
7.703118801116943359e+00,1.281544566154479980e+00,1.200000000000000000e+01,1.000000000000000000e+00
8.859308242797851562e+00,2.061633825302124023e+00,1.200000000000000000e+01,1.000000000000000000e+00
